cagr,mean_ann,vol_ann,sharpe,mdd,turnover
0.12836733856938198,0.14242205352653076,0.19124489577114284,0.74471035136521,-0.12654899257642427,0.9538461538461539
0.13958043850116963,0.16007678877395026,0.24382227985101212,0.6565306044704584,-0.10788108211093927,0.9666666666666668
0.15954618915180863,0.17327344971494368,0.19078251170504926,0.9082250158380624,-0.10782567897835837,0.9615384615384616
0.12023625202632804,0.13325925896483154,0.18978604563021217,0.7021552007278764,-0.03708638981845047,0.958974358974359
0.16750929856618257,0.2095845004462182,0.39779492728944205,0.5268656940256081,-0.11166092785937576,0.958974358974359
0.15811218056631526,0.19312311288069273,0.33937839381801643,0.5690495222988485,-0.13245447919305586,0.9538461538461539
0.18866103641516263,0.20266195641880028,0.1899079382396386,1.0671589523712683,-0.03904671349901068,0.9512820512820513
0.14247462786409448,0.17258239967869088,0.30468823304399084,0.5664229233748369,-0.13251336530732916,0.9564102564102565
0.1590775670374016,0.17466463725529108,0.2024323058417367,0.8628298557832236,-0.14037672181035765,0.9615384615384616
0.16062268011539316,0.17786989850904253,0.21363386406623133,0.8325922450847907,-0.10543693093894002,0.9641025641025641
0.1628506965358405,0.1790300233853354,0.210860650180778,0.8490442537848901,-0.06693840519368421,0.958974358974359
0.12981302459679012,0.14898432955174543,0.23169570973146916,0.643017213069743,-0.08226534252814688,0.9487179487179488
0.146799886881388,0.1641967927712668,0.22552689338289036,0.7280585934046464,-0.06958469969207814,0.9641025641025641
0.14084049633019102,0.16218990163145827,0.25476945835739384,0.6366143833611964,-0.08714064783490227,0.958974358974359
0.1084918396881176,0.12561895372916218,0.21060423826749883,0.5964692579909401,-0.11976784844953925,0.9538461538461539
0.1386448024909035,0.15745286926416188,0.23852660009340385,0.660106123185026,-0.05971056628173721,0.958974358974359
0.16327838444325615,0.18531946713661376,0.23848357951005794,0.7770743273701911,-0.14209328231091656,0.935897435897436
0.11955514699751357,0.13328170367880818,0.1944051125753045,0.6855874411594004,-0.06465422039657431,0.9435897435897437
0.11973371314928238,0.13785205569835027,0.22609789332441857,0.6097007524990603,-0.0687314965235919,0.9692307692307692
0.1703298890673901,0.19407231431724842,0.2746215209249647,0.706690115412605,-0.12199789621028478,0.9538461538461539
0.17691123438150247,0.21619638567149616,0.380227164320243,0.5685979486973388,-0.06168579065686597,0.9615384615384616
0.1193979239298566,0.14258693048414842,0.25846837485324614,0.5516610322833763,-0.13741697598543823,0.9641025641025642
0.1624034117273021,0.18389901760837837,0.2626766236002259,0.7000966248456842,-0.024481833781614726,0.9384615384615386
0.13330998133934036,0.15260844074837004,0.2379415904724613,0.6413693396154403,-0.07160130090181016,0.9564102564102565
0.13998041589591237,0.1574133486172436,0.21842472847022687,0.7206754918260108,-0.13786815568857047,0.9743589743589743
0.1427124220577476,0.15725676118748919,0.1963253925258042,0.8010006202678037,-0.028571129215661628,0.9564102564102565
0.14205537910881172,0.1612621017733873,0.22746438303945862,0.7089553960868366,-0.1206024358879213,0.958974358974359
0.16661854851943603,0.18035014148208492,0.1946187295593851,0.9266844043756521,-0.0819482791582904,0.9692307692307693
0.145517711653826,0.16920351912143736,0.2605320975985793,0.6494536399969476,-0.1623911698144398,0.958974358974359
0.14604399114182987,0.17958995707529063,0.3445804739734989,0.5211843695156755,-0.10497501803199583,0.9641025641025641
0.11756531139571602,0.13838808162793406,0.2350910127971488,0.5886574734668566,-0.154474205046907,0.958974358974359
0.1285708527895566,0.15842852980589908,0.30156403413468214,0.5253561826777493,-0.10646455722675463,0.9461538461538462
0.1303317006546354,0.14491588661587582,0.18834334032011005,0.7694240017702535,-0.26959595382232526,0.9487179487179488
0.17772536218503232,0.19808331526800724,0.23900701142947697,0.8287761688801127,-0.11902938940410901,0.958974358974359
0.11412674613913665,0.12961225503681031,0.19891776064623698,0.6515871414182958,-0.15195209382149,0.958974358974359
0.10536440278024539,0.13106473217736675,0.27160587987136936,0.48255484100505514,-0.157177832497841,0.9461538461538462
0.16420763011305994,0.18226547315256367,0.22261704105373267,0.8187399863452977,-0.13201504539614117,0.958974358974359
0.1504938005905183,0.1759625096137713,0.27493096873149236,0.640024332019223,-0.08519045994600538,0.9538461538461539
0.16482774432782898,0.1814817638540751,0.21879728754331526,0.829451616570645,-0.0771973921362219,0.9692307692307692
0.1202482946674206,0.13262237169962418,0.17531448883117695,0.7564826648602666,-0.14635296070138426,0.9666666666666668
0.1466584137162943,0.16788872776434507,0.260384951251916,0.6447712394942398,-0.06270172833491228,0.958974358974359
0.15577191415841796,0.17214260496115877,0.22081316158704367,0.7795848930558464,-0.06483650658454232,0.9743589743589745
0.15000999361314582,0.16367562711758613,0.19622580420166685,0.8341187734380338,-0.09086994368973167,0.9512820512820513
0.11810264862425113,0.13590538036862018,0.2279051582529391,0.5963242842348766,-0.16674253550660967,0.9538461538461539
0.15195241559232486,0.18513341978254544,0.33355740606355155,0.5550271599943807,-0.14036080305629572,0.9717948717948718
0.10125661178122614,0.11457984207219442,0.19539535088915794,0.5864000425332137,-0.07725958406425282,0.9794871794871796
0.11000993158343375,0.12111357325958472,0.1704851701689488,0.7104053281558894,-0.0649683537265231,0.9512820512820513
0.1206130006943773,0.1360869394202576,0.20922636188504257,0.650429220267326,-0.026595749265383106,0.9717948717948719
0.1503030640135259,0.17274012803500116,0.2501916429734466,0.6904312469514997,-0.08638871863204867,0.9743589743589743
0.12326519905143907,0.14559846188021905,0.26829409439674884,0.5426823210834841,-0.11781379290738303,0.9743589743589743
0.13971550997068527,0.16022444189236268,0.2569564399536149,0.6235470958473972,-0.03548795415686312,0.9692307692307693
0.16990876981957226,0.18734999967604957,0.22982264336344926,0.8151938248302538,-0.06851338462397716,0.9615384615384616
0.1547563306345361,0.17409235270023257,0.22206089089320996,0.7839847530106251,-0.15550440091364592,0.9615384615384616
0.16519756995439328,0.1986989064699221,0.3206428574894445,0.619689170766772,-0.12394910577446117,0.9410256410256411
0.12817872687891585,0.1476418692629291,0.23569226610076785,0.6264179631579694,-0.13205922553431648,0.958974358974359
0.15606125044039043,0.1763967817360488,0.24104911239240912,0.7317877256850821,-0.11324325143421077,0.9820512820512821
0.1491400705493069,0.1763484791190921,0.27553794624873934,0.6400152193915793,-0.2069972540762648,0.9692307692307693
0.14127469415711724,0.15834234020033305,0.21362738350950888,0.7412080679876182,-0.07539798877261905,0.9615384615384616
0.17002801637440368,0.18541344921976002,0.20722923026045786,0.8947263327027829,-0.06831855439762169,0.9564102564102565
0.1067711110904932,0.12583857207248575,0.2276422615497893,0.5527909062920756,-0.14059957055720684,0.9641025641025641
0.20870826433412737,0.24570482928398016,0.3613506080401588,0.6799624071939397,-0.03575470692518623,0.9564102564102565
0.12791546851153446,0.14743449699216327,0.2294291247858431,0.6426145639956724,-0.14469247487331405,0.9564102564102565
0.13906466919725036,0.16209972991071658,0.2680166988410645,0.6048120531730102,-0.07631233265217763,0.9487179487179488
0.16892874023083748,0.1919328735001362,0.2670163787409055,0.7188056193600572,-0.028082843990152484,0.9564102564102565
0.1184274887519503,0.13236275242288417,0.1934634948563542,0.6841743064817626,-0.17608539913671983,0.9666666666666667
0.13827200368804982,0.15465834991809307,0.21258509059012465,0.7275126843974331,-0.08282578782292627,0.9666666666666667
0.13003573384873657,0.14569657236720163,0.20644387208208634,0.7057442340030788,-0.08057146881888866,0.9564102564102565
0.13537689370475992,0.15359273163198675,0.2186707462285223,0.702392680690239,-0.12407473189506169,0.9564102564102565
0.15746018398026052,0.17039213862089247,0.1834253651096965,0.9289453425320452,-0.05604561276705111,0.9641025641025641
0.1723753225139728,0.19945896352590164,0.3012153276837102,0.6621806568068895,-0.08254135345298386,0.9641025641025641
0.1797025029545536,0.19294041707109888,0.18771095143805772,1.0278591397730292,-0.06456715358787923,0.9512820512820513
0.16347799704812926,0.17672066438246312,0.18793470473882182,0.9403301249125692,-0.08201197741091137,0.9615384615384616
0.19410702985952755,0.21623006345747683,0.24728881032661787,0.8744029427448868,-0.16822472935109134,0.9512820512820513
0.1350606253807134,0.15450577519725606,0.2394481352235233,0.6452577926866121,-0.09489804132553825,0.9666666666666667
0.12045912329209774,0.13810283180622024,0.21558087997529127,0.6406079788803574,-0.12896723586218917,0.9666666666666667
0.12124796958904427,0.13974164395724795,0.22266273850130358,0.6275933050038807,-0.14524173022516196,0.9461538461538462
0.10820092425157535,0.12287211716292519,0.20066238904736602,0.6123325738632636,-0.1058133686793501,0.9717948717948718
0.15058007959656639,0.16455230424245942,0.19232388867148867,0.8555999225012224,-0.1052113943005013,0.9717948717948719
0.1749184091145468,0.2153893424659524,0.37173984834883483,0.5794088081292658,-0.10708846742460287,0.9512820512820513
0.1053242453503791,0.1164157079887845,0.16870422909040486,0.6900580300592222,-0.10905771624901706,0.9666666666666667
0.1507114605693589,0.17144669727897122,0.24690296695763367,0.6943889714714928,-0.08185481426676122,0.9487179487179488
0.08979393445593686,0.10662916897182383,0.2205952891400917,0.4833701090693178,-0.09087715523120732,0.958974358974359
0.18957523002553933,0.20577220263240995,0.20281010398125007,1.0146052814579383,-0.1299377694758057,0.9538461538461539
0.14312839680705247,0.16117762134667207,0.22939514808938774,0.7026200104453232,-0.07837289352034071,0.9717948717948718
0.13470337091666185,0.1556095042797186,0.24956029751366582,0.6235346961437145,-0.12020414446718009,0.9410256410256411
0.1923227417512765,0.2149509530863177,0.2595550626334073,0.8281516488465188,-0.06476985242923405,0.958974358974359
0.12362375916342105,0.13913697966735195,0.20699809222485105,0.6721655169469621,-0.1187315999381745,0.9717948717948719
0.16161517093544164,0.176806964344397,0.21069950327105919,0.8391427677783352,-0.018414531745378437,0.9692307692307693
0.13634116243950056,0.15374044415578422,0.22522986040189824,0.6825935241510654,-0.08348240952166719,0.9615384615384616
0.17323557180571414,0.19037350186640528,0.22131543579687227,0.8601908004335219,0.0,0.9794871794871796
0.15890383770150818,0.18469463090616609,0.27779353063966766,0.6648629666820345,-0.11849077908054761,0.9564102564102566
0.10831338916931643,0.1252021659601112,0.20672473220131798,0.6056467681776151,-0.09590219693895108,0.9769230769230769
0.14222267982545667,0.1661133767227214,0.27003480587682943,0.6151554285135022,-0.1455289956254634,0.9538461538461539
0.10684773868440023,0.12458732604397285,0.23046958748809737,0.5405803316691716,-0.09743888313276128,0.9564102564102565
0.09895766597537103,0.12333368321196558,0.25841759481664395,0.477265038007474,-0.17670139129854467,0.9692307692307693
0.1897851613460102,0.21827020459696084,0.2994334689429327,0.728943913208846,-0.05319889409710443,0.9512820512820513
0.17888745836043118,0.20855089217133566,0.32225104821982875,0.6471690110037107,-0.0961604153663087,0.9461538461538462
0.18174291612491178,0.20563210529108958,0.2634655474025707,0.7804895452872528,-0.11925691271208017,0.9487179487179488
0.17761698692191885,0.20585759640110443,0.30995903042894807,0.6641445358640492,-0.01579825546426994,0.9435897435897437
0.1771001689916858,0.1982871806219396,0.24279890188899683,0.8166724770138903,-0.09687933149316863,0.9538461538461539
0.1547781318685666,0.17343422117919122,0.2231608849621729,0.7771712377309731,-0.1917254258097113,0.9487179487179488
0.13467904692204313,0.14295256007604729,0.14427645864558636,0.9908238767296665,-0.0676101299300903,0.9538461538461539
0.16119762405377047,0.1822634242445469,0.2526352469908615,0.7214489126734555,-0.1157704334475882,0.9692307692307692
0.14173963810525692,0.16086315492494455,0.2252552430385227,0.7141372283060867,-0.10606282579744941,0.9461538461538462
0.15275204117452446,0.18219773697316513,0.292745778648095,0.6223752834782363,-0.20221870645037798,0.9641025641025641
0.17382438237631215,0.1941483399913412,0.24462854313631158,0.7936454900242698,-0.128945117042087,0.9564102564102565
0.14737575670718184,0.1739625625434714,0.28100579870361847,0.6190710773443954,-0.09399198629113925,0.976923076923077
0.1546497223599761,0.1727284818462008,0.22181339650669799,0.7787107747614559,-0.07157076096908777,0.9692307692307693
0.17019884636350602,0.18321315530940646,0.19119575679834835,0.9582490656559861,-0.01196731730886691,0.9717948717948719
0.13593379432524677,0.15484643439961285,0.2298795022147181,0.6735982673869683,-0.13396629568034346,0.9641025641025642
0.17694518248125402,0.1988322089043614,0.26259055780074114,0.7571948152653653,-0.10037086097163805,0.958974358974359
0.14896527065097342,0.16912633569257027,0.2532513032595599,0.6678201988134723,-0.029325539886484675,0.9512820512820513
0.13466286310539965,0.15621692691651806,0.25337029111502407,0.6165558172942988,-0.19312282463109853,0.9564102564102565
0.1752132002901292,0.2082073262636433,0.33803365231828997,0.6159366821490212,-0.14174038058583904,0.9512820512820513
0.13849475099345887,0.16748718969225007,0.2955534607169707,0.5666899967469504,-0.19004685236867436,0.9487179487179488
0.08466820452878498,0.09913662340594236,0.19264314045860234,0.5146127869901815,-0.26123887523806344,0.9666666666666668
0.16646769383119175,0.18423430311781394,0.22750698642639816,0.8097962441140965,-0.07568586705571634,0.9512820512820515
0.12888005214050402,0.15320579442568044,0.2686810892043378,0.5702142822160592,-0.1333699893100344,0.9666666666666667
0.12917014786077075,0.14731169013741602,0.21949903574054458,0.6711268213111583,-0.11653601163784189,0.958974358974359
0.111352036137645,0.12501315143574385,0.18581927994828065,0.6727673870576775,-0.21279166946676809,0.9743589743589743
0.16590132634715515,0.1928444830891884,0.28179080869371015,0.6843533470206222,-0.06710444226110068,0.9512820512820513
0.15604396630987183,0.17541165677180653,0.2297695885049247,0.7634241672850752,-0.060075021190688194,0.9512820512820513
0.14434177236364598,0.16949926135595053,0.2720673965594837,0.6230046800881263,-0.10871217223248686,0.9564102564102565
0.14229045954963304,0.16163927180282983,0.2316933440457785,0.6976431389021377,-0.0692586255660721,0.958974358974359
0.1926541484233426,0.23017177205166603,0.3538456928382898,0.6504862902396732,-0.1333590239365705,0.958974358974359
0.18385374369823437,0.20338532001422963,0.22769481024439242,0.8932365203929303,-0.13431994969295213,0.9538461538461539
0.14329656851113426,0.16699593002439686,0.26549276356710405,0.629003697805828,-0.10433316298839279,0.9512820512820513
0.16873791703219587,0.19424318644223293,0.288145854865204,0.674114109790338,-0.06856708431114045,0.9435897435897437
0.14615912735090486,0.17303315142473813,0.28634755876031676,0.6042766775238099,-0.11484162041902246,0.9641025641025642
0.13023989608588327,0.1432487322452258,0.18782208798900005,0.7626830996235932,-0.11265455745979314,0.9641025641025641
0.16603694238111388,0.1838355845964151,0.2242797493773674,0.8196709025525887,-0.09134611012189331,0.9512820512820513
0.16019191398711063,0.1794420835336099,0.23346359787479265,0.7686084047665767,-0.10724516679604967,0.9666666666666667
0.16995062105533298,0.1905825027867478,0.25238716902792446,0.7551196184844939,-0.05166172956517223,0.9538461538461539
0.1413748900120697,0.1654022696767383,0.2718214851013694,0.6084959384835067,-0.10884415515609314,0.9641025641025641
0.17349495081652466,0.19495691009670166,0.2612775139920387,0.7461679618654139,-0.012530214291271657,0.958974358974359
0.17158093109295502,0.1899463904604936,0.237351938284158,0.8002731801292037,-0.02328002602528667,0.9564102564102565
0.12832881819463715,0.13957505041463739,0.17041724755019946,0.8190195090055251,-0.06494333085075144,0.9666666666666668
0.1584353578302491,0.17972804868176814,0.2587571958473697,0.6945818379782658,-0.0960568951681523,0.9564102564102565
0.13918968919246,0.15499279051289339,0.20040111127212232,0.7734128295447947,-0.18047554625239992,0.9487179487179488
0.1841770994440055,0.20984096870956676,0.2819330905455936,0.7442935070285115,-0.0701135362881502,0.9487179487179488
0.11455297935112596,0.13152606343025133,0.2081885378195445,0.6317641922450921,-0.11891219282482068,0.9615384615384616
0.13387471783330573,0.15246493358568558,0.22844760233556652,0.6673956392053962,-0.136827375754778,0.9717948717948718
0.21034734626411278,0.23148406039713348,0.2465981197470107,0.9387097542942218,-0.06189442705489401,0.9410256410256411
0.20151951188198214,0.22377810409132062,0.2594539802926013,0.8624963233901946,0.0,0.9717948717948719
0.1423431708947791,0.16816219390302264,0.2719772865330939,0.6182949909038116,-0.17358120140749045,0.9384615384615386
0.15033506708208066,0.17632409087141773,0.2765279047526821,0.6376357967530131,-0.11440567248442235,0.9487179487179488
0.12193872171134701,0.13171043656614928,0.16077978204607235,0.8191977554019007,-0.10001583956150484,0.9615384615384616
0.17536300295098917,0.20030034345918615,0.28096360206390214,0.7129049527690423,-0.11782111790304728,0.9666666666666667
0.16829284328150118,0.18720360874016945,0.22017990137690793,0.85023023250297,-0.1692658182984843,0.9692307692307692
0.15923746439897712,0.18053490651678977,0.25620829190806393,0.7046411541651888,-0.05658388331234332,0.9461538461538462
0.126637788382729,0.13663426519517158,0.16576786418265474,0.8242506222111802,-0.03889645483982318,0.9564102564102565
0.13776963890213856,0.14844945374805876,0.1774970683237883,0.8363487642356933,-0.06317172795015424,0.958974358974359
0.14794409193366365,0.1785993276679176,0.30492261295458556,0.5857201797444841,-0.17676991622592064,0.9410256410256411
0.16358039535881508,0.18215544351404597,0.2333473719882754,0.7806192200150358,-0.08577730636541248,0.9641025641025641
0.18965527382914882,0.2092050771923521,0.23658236505265262,0.8842800990081929,-0.06401871284225913,0.958974358974359
0.1770913764402069,0.1986965833032021,0.2602028671763424,0.7636218057833437,-0.07617654692975517,0.9615384615384616
0.18466812600279536,0.19889569577784738,0.20016735657437423,0.993647012088835,-0.06378195350619886,0.9512820512820513
0.1969485509727118,0.21456683929619316,0.21916405423600707,0.9790238643109632,-0.07713077142076974,0.9692307692307692
0.1663631125346683,0.1816237603711292,0.20356528189068923,0.8922138327529632,-0.07686735777771347,0.9666666666666667
0.15570752590173087,0.172443622689529,0.2234275551838448,0.7718100059217662,-0.0013595932615401152,0.9641025641025641
0.12280838638503022,0.13706849912069674,0.19351526547158404,0.7083084571476559,-0.08110427791873975,0.9641025641025641
0.14838244164007852,0.16500410295445342,0.21219762251340443,0.7775963792621201,-0.09126643772999965,0.9461538461538462
0.1420526801052877,0.15856411996544856,0.21496258039980604,0.7376359163094213,-0.06688491019261833,0.9435897435897437
0.09899880077174883,0.11096562962815427,0.18220920052063727,0.6090012431374789,-0.035333217781934434,0.9512820512820513
0.13364618962216612,0.1550321468828699,0.26019265036689915,0.5958359956142427,-0.05499691539637852,0.958974358974359
0.1255287605862605,0.14538792655677973,0.24372277792475058,0.596529909082475,-0.1340832925704264,0.958974358974359
0.15339353226283947,0.16969960755528893,0.21505547059415725,0.7890969110734141,-0.09159356138329233,0.9512820512820513
0.11001135369753112,0.12664808317468848,0.2176625891945502,0.5818550796595021,-0.13569198583056585,0.9717948717948719
0.1428171531039213,0.16949661607596322,0.27972558313295404,0.6059389140513516,-0.11982956396797406,0.9615384615384617
0.19035098691935182,0.21712635705525063,0.28123531246219796,0.7720451431021327,-0.13866634071494188,0.9641025641025641
0.14218719016745696,0.15570863720542014,0.18785077410708817,0.8288953715817814,-0.12977945309127215,0.9538461538461539
0.13841581661649904,0.15962687766235176,0.2523826668118712,0.6324795584371068,-0.12783407155732496,0.9692307692307693
0.12918172342903333,0.14940292530213983,0.242912197672577,0.6150490865984468,-0.07653801058779497,0.9641025641025641
0.15396692038518212,0.17324604398917365,0.23615685611892376,0.7336058196080087,-0.06370692641880438,0.9512820512820513
0.1734960350212582,0.194101639641201,0.235765841287341,0.8232814328884841,-0.09134427418590463,0.9461538461538462
0.17209248222301654,0.18778858148134606,0.21052314852456255,0.892009181875959,-0.04468721627424044,0.9410256410256411
0.12270224877307423,0.1423362883710044,0.23614110744565472,0.6027594683139255,-0.10969740335608247,0.9461538461538462
0.15293239178077722,0.16952918880803208,0.216920196837332,0.7815279133973941,-0.11402803488313473,0.9461538461538462
0.14262499878507828,0.17342820002189177,0.3235390302425307,0.5360348638366347,-0.1043013751022871,0.9666666666666667
0.14522451103344536,0.16114507850824197,0.2058350758243226,0.782884442133551,-0.14777243144283558,0.9641025641025641
0.1258419563723734,0.14928021421327156,0.2705720285987244,0.5517207931151806,-0.07237599271710238,0.9512820512820513
0.1957625954135951,0.2198063849353102,0.25674939187346574,0.856112582512514,-0.11422681666857226,0.9717948717948718
0.1480108946487657,0.1691307890143757,0.24910757092169747,0.6789468035378939,-0.12941239236676816,0.9512820512820513
0.18068235496154084,0.2099353064130646,0.3129134100578005,0.6709054315514504,-0.12325042905615458,0.9717948717948719
0.15536039711318894,0.17093806779055584,0.20196621210111906,0.8463696279304963,-0.118654620996824,0.9538461538461539
0.12700583177798763,0.14640444755662224,0.23664459674768598,0.6186680345493831,-0.1517902528826106,0.9692307692307692
0.17851247904823775,0.2128904573372051,0.34554708300107734,0.6160968151959233,-0.10856408977675236,0.958974358974359
0.11507705626603881,0.12944257679636828,0.19843669744292636,0.6523116866203545,-0.16410473337355225,0.9564102564102566
0.14682279756652816,0.16520380505431337,0.22256668217633363,0.7422665577744777,-0.11175087321280353,0.9641025641025641
0.17157454608312728,0.18747456934408308,0.20380483794317045,0.9198730080998325,-0.09477709309340765,0.9461538461538462
0.18199052372643432,0.20347292964617344,0.25752512871775385,0.790109029978114,-0.08786026211391451,0.9615384615384616
0.1457690857215983,0.16651690504544328,0.25127051071352113,0.6626997516445244,-0.09108427182169199,0.9512820512820513
0.11241648726609466,0.127970118552063,0.20876526288724143,0.612985689200518,-0.0811435615457663,0.9282051282051283
0.16440892832215925,0.18433483720544475,0.24982067878673045,0.7378686107998675,-0.1140052339706562,0.958974358974359
0.1607767262171882,0.1921848495981285,0.32949778006722463,0.5832659921378489,-0.1259227422640148,0.9538461538461539
0.16745424995280622,0.18183989620971333,0.20733488260231897,0.8770347465288483,0.0,0.9564102564102565
0.17741801487087727,0.20688120986635844,0.30909453441593593,0.6693137109566836,-0.040210505833652044,0.9615384615384616
0.15879514499745584,0.17598919654592832,0.23033040200100874,0.7640728059214588,-0.04863773453730991,0.9564102564102565
0.13813186125408405,0.16815544174018043,0.3122181183519771,0.5385832270970625,-0.15544511336661382,0.9512820512820513
0.14152850447705934,0.16220402331756525,0.24262469579037754,0.6685388014157718,-0.12456508178952252,0.9615384615384616
0.15020320507603757,0.1668226899174783,0.21674747756494955,0.7696638124311689,-0.09094865693143073,0.9743589743589743
0.12021494827079748,0.14307355870739039,0.263416555496394,0.5431456593067059,-0.11777900523066032,0.935897435897436
0.1156988585047154,0.13007690226024676,0.19446958419421956,0.6688804462621625,-0.09911825531518181,0.9615384615384616
0.1417140327183275,0.1636633011076046,0.24483372800866857,0.6684671366104018,-0.10360510602765616,0.9717948717948719
0.153826421193491,0.16506663722197698,0.17127050483349712,0.963777373006804,-0.05555110497101057,0.9692307692307692
0.12456061680228525,0.16088798289426023,0.3341493939675252,0.48148518536561036,-0.18706003023046514,0.9692307692307692
0.1353263000371816,0.1573476031064029,0.2511296999654772,0.6265591171734505,-0.1704262457792014,0.9487179487179488
0.14233498985053328,0.15531973572578722,0.18479029485038745,0.8405189019885454,-0.061453601741506714,0.9461538461538462
0.15626963468543353,0.1764475185880013,0.2377333510047259,0.7422076786546189,-0.10776817404508288,0.9538461538461539
0.13788864661414935,0.16133050256900636,0.2729951189666333,0.5909647878675988,-0.08518594699280668,0.9512820512820513
0.1355545010173269,0.15246505839311267,0.206926659453338,0.7368072282029642,-0.16148658737365573,0.9512820512820513
0.15798567597694557,0.1769757390670704,0.22891156073914684,0.7731183977586032,-0.119433041677792,0.9538461538461539
0.11823232045813348,0.13664272836595037,0.22705029359485318,0.6018170080404063,-0.10744994373009797,0.9666666666666667
0.13570593389658692,0.14918981796825218,0.19884734573512156,0.7502731173841433,-0.08741922395536994,0.9487179487179488
0.12496184921950082,0.14350972311155993,0.21627321254440698,0.6635575503003792,-0.13715728234550062,0.9743589743589743
0.12434383372623636,0.13801149255051468,0.18569117518340322,0.7432312947247152,-0.09741565620069015,0.9564102564102566
0.11183197356842078,0.12419985059513208,0.18079996733413134,0.6869462004138631,-0.08627201499925996,0.9487179487179488
0.14185051546778737,0.1608711410822186,0.23852739854496888,0.6744346438335469,-0.06817102563339439,0.9564102564102565
0.17508309361924024,0.202653390388494,0.296121222169253,0.6843595636406772,-0.07768467836090476,0.9743589743589745
0.11616106281058536,0.13458398680973954,0.2281846750693956,0.5898029162949256,-0.1491110600804586,0.9435897435897437
0.10425575231537687,0.12247564764743286,0.23852583103165162,0.5134691161863334,-0.11728542235548423,0.9435897435897437
0.1828312640751517,0.20649987922172405,0.2743610677375851,0.7526573683523952,-0.08211677367785497,0.9564102564102565
0.11391178407223634,0.12876717749633068,0.20170726805927844,0.6383864038973952,-0.15480171377373952,0.9564102564102566
0.13717739981590493,0.16840660881796274,0.32798723101246996,0.5134547716937187,-0.10146743519141266,0.9435897435897437
0.13268046463017358,0.14479678313663694,0.17698649408466063,0.8181233482560206,-0.09854113430010292,0.958974358974359
0.16245770356806166,0.17737430043889416,0.20071254529433602,0.8837230387307512,-0.1615904905122013,0.9435897435897437
0.19471288273062037,0.20947553115389134,0.20635446415683198,1.015124785450182,-0.02981822252272015,0.9564102564102565
0.15266896409158726,0.17554339637025515,0.2664103223379876,0.6589211515143469,-0.10314111936855652,0.958974358974359
0.1564389791979779,0.1731157924655466,0.218415045398621,0.7926001258274106,-0.12026774400714357,0.9410256410256411
0.15505158444821454,0.17192164721738434,0.21506001523304183,0.7994124199753627,-0.11609068576313442,0.9641025641025641
0.1800783946541078,0.21107472865301702,0.33035428194767225,0.6389344415594741,-0.06045561600926308,0.9769230769230769
0.16349421625186022,0.1781419582674452,0.20355203521783052,0.8751666770455386,-0.08609107716320308,0.9641025641025642
0.13978626473585876,0.1601832612729175,0.24663298950391382,0.6494802726720204,-0.1188064605531608,0.9487179487179488
0.18158690940447153,0.2048743600309629,0.2606585426235127,0.7859875144275522,-0.19553154458151634,0.9717948717948719
0.10828531157557908,0.12458090982454686,0.20926511606289616,0.5953257387968244,-0.15912849254139938,0.9538461538461539
0.14712622613367565,0.16818827641677297,0.24777467628804337,0.6787952624393725,-0.1680205507513557,0.9743589743589745
0.14141368242960173,0.15763648513502068,0.20788049505362924,0.7583033949113573,-0.12076689104542859,0.9564102564102565
0.14606605277858575,0.16690781378803998,0.24485778223184393,0.6816520686690002,-0.11482765250322857,0.9692307692307692
0.164537925621004,0.18391139152241903,0.23140146037051348,0.7947719570479171,-0.12621107364253914,0.9512820512820513
0.19329186768759055,0.20846871003041104,0.20730963787360052,1.0055910191571373,-0.05740501560421041,0.9538461538461539
0.1516904427996928,0.17161041953952721,0.24032500597569464,0.7140764184850705,-0.05520308506923399,0.9743589743589743
0.17763528850244437,0.1906942127485356,0.1917108610899889,0.9946969705541301,-0.08839188566284673,0.9487179487179488
0.12827912804343344,0.1424386125710349,0.19789201589326522,0.7197794813908026,-0.0707881418135774,0.9641025641025641
0.13810115229034836,0.1671164238001477,0.31072214657346253,0.5378323548644679,-0.08929590124046971,0.9435897435897437
0.1356084978458496,0.15372939728546106,0.23217978743785353,0.6621136102409823,-0.09033611059520141,0.9487179487179488
0.10731015929226051,0.12962787923953692,0.26293089822049137,0.4930112060501623,-0.10642940733714967,0.9564102564102565
0.14959110017652044,0.171333602650721,0.2507970436802294,0.6831563886740799,-0.14280784222759713,0.9538461538461539
0.11380573363101587,0.12777530275404492,0.19188644285861667,0.6658902049072362,-0.11169999146119092,0.9564102564102565
0.13657178870149167,0.15662315299754678,0.23632635257127063,0.6627409567044066,-0.11677674776480951,0.9512820512820513
0.10966176120074156,0.1308027140693058,0.24697795853905521,0.529612904904717,-0.16842874069314073,0.9512820512820513
0.11427946878734563,0.13038705011574656,0.21299995449716547,0.6121459059630067,-0.12467778336672075,0.9641025641025641
0.11318536192434658,0.12952377614108018,0.21035812244015598,0.6157298545860901,-0.1357888519996292,0.9666666666666667
0.14973434840817035,0.16963247124409747,0.24333968146840437,0.6971015586955259,-0.11159946229872031,0.9666666666666667
0.16030378189515448,0.17948572863971513,0.23507422505213701,0.7635278967734853,-0.11309726468834236,0.9666666666666667
0.16073276911015277,0.17187679619138008,0.1789721035955603,0.9603552326779702,-0.023329168485702878,0.9692307692307693
0.1488588666888333,0.16499793320862113,0.22057967691313723,0.7480196522075612,-0.08601172529992829,0.9794871794871794
0.12362413867683575,0.13954267388935762,0.2131168072432676,0.6547708540419015,-0.06629364632002255,0.9743589743589743
0.18902503247670155,0.2392379518660034,0.4581604213204322,0.5221707086275859,-0.07899383778910363,0.935897435897436
0.1753960435566,0.19464130961021966,0.23216941931525917,0.8383589457400473,-0.0546012813818596,0.9512820512820513
0.14588379505442917,0.16170458605081708,0.2065112572645541,0.7830303693500988,-0.13711740569190545,0.958974358974359
0.13932472875821778,0.15729249181418756,0.22790330031362896,0.690172066827157,-0.08584717692601851,0.9564102564102565
0.16038571990024497,0.17375246307876982,0.18863684619536256,0.9210950383406131,-0.09710972284994579,0.9666666666666667
0.15005857930127986,0.1703655457025915,0.23777187137179906,0.7165084108548497,-0.06993464718760434,0.9641025641025641
0.16484571172677298,0.1820200983926215,0.21700111061093494,0.8387980037529325,-0.13915733221779925,0.9435897435897437
0.14915263538406043,0.1676966062787055,0.23501354224748414,0.7135614597992416,-0.094373639698758,0.958974358974359
0.17696993108789827,0.19360758757265534,0.21467191049361817,0.9018766690410154,-0.1272601755389049,0.9692307692307693
0.15469161488682004,0.18382446632336674,0.2916169312015966,0.6303628035790821,-0.1458968297941281,0.976923076923077
0.15080152489540533,0.1741823400878377,0.2651291283110298,0.6569717224110506,-0.05959754677888296,0.9615384615384616
0.12462141005770566,0.1365607550465779,0.17887746504961613,0.7634318554810655,-0.09172660325642579,0.9435897435897437
0.12270661971672103,0.14184476421695588,0.2284373307003565,0.6209351325463309,-0.1410337297641372,0.9564102564102565
0.15860330614342866,0.1766988911016536,0.23067071060643735,0.7660222255227337,-0.11607202675695993,0.9410256410256411
0.17013235298933682,0.19169633860718518,0.2526746963169053,0.7586685228138519,-0.06779910694989477,0.9717948717948718
0.13535845241246625,0.15844679055641597,0.2527128572129801,0.6269834954336374,-0.1700819691850669,0.9641025641025641
0.15544738565370664,0.18217845268907448,0.28247777574021427,0.6449302151706906,-0.14904690777656016,0.9743589743589743
0.16705569223841388,0.180724059510799,0.19612828325887352,0.9214584276570545,-0.026898993517517233,0.9461538461538462
0.10590601572195224,0.12675623313589848,0.24250252519482807,0.5227006730509784,-0.1426845469093394,0.9538461538461539
0.16002604277670374,0.18240742688548037,0.2590845680091431,0.7040458962381859,-0.09467772799840524,0.9717948717948718
0.16122299490808878,0.18057817096721338,0.23052585965545933,0.7833315153323924,-0.0958174247693665,0.9512820512820513
0.14402972841273387,0.155866112023593,0.17926195752509072,0.8694879503465028,-0.02043519312858455,0.9538461538461539
0.11735708631277264,0.13583478035771288,0.22363433397457286,0.6073968068479022,-0.12539617063858433,0.9717948717948718
0.15912185191564854,0.18620504587124298,0.29637723509392955,0.6282704061674299,-0.12371089954927894,0.9435897435897437
0.13366621960278913,0.15243220994523923,0.23232022207027153,0.6561297530919714,-0.131429316169566,0.958974358974359
0.15055240511786905,0.16588950652147944,0.2079840732163162,0.7976067780389327,-0.05526231427687511,0.9615384615384616
0.1363006618510767,0.16389356294658855,0.31031148987307866,0.5281582161640972,-0.1380996208690919,0.958974358974359
0.15071626004548344,0.17208589330144214,0.24468494558131407,0.7032957948949675,-0.09714441123863649,0.9564102564102565
0.14010117977071568,0.15767495508388274,0.2150926332606971,0.7330560451727659,-0.09664186372194716,0.9512820512820513
0.14110438815333337,0.15754700189882315,0.2118044647825226,0.7438322986278398,-0.144505179075606,0.9538461538461539
0.1298457415031149,0.16740822770631264,0.36984647310869573,0.4526424878387642,-0.14470573683962307,0.9615384615384616
0.1495197062863758,0.16246148091508653,0.19194254637076988,0.8464068232233638,-0.08281396443841393,0.9641025641025641
0.1802826786361471,0.19514461034424463,0.19476022539532706,1.001973631670108,-0.06979492246483865,0.9538461538461539
0.15395578898615625,0.19093987445170924,0.3363168848752307,0.5677379966294155,-0.18132635682314957,0.9641025641025641
0.13145178751036446,0.1523249425212519,0.24553419135537347,0.6203817956285553,-0.09245911956944397,0.9615384615384616
0.1434662354059273,0.15621076635606684,0.19408641555458056,0.8048516219422764,-0.02234432584440582,0.9615384615384616
0.12221907962952949,0.13240818374692762,0.16885506094362016,0.7841528883231876,-0.03810223784779232,0.976923076923077
0.19451897526022877,0.2224402661996279,0.3082347019339486,0.7216587386299369,-0.03928627827945219,0.9615384615384617
0.1418377497108112,0.15622866923095943,0.19688735568621976,0.7934926480496886,-0.10456083537544147,0.9333333333333335
0.15529264042764135,0.17874994000157626,0.2514865963532853,0.710773228448607,-0.1568222854245972,0.9512820512820513
0.12253380600161679,0.13772442939798477,0.20418676705205294,0.6745022284567292,-0.11746720746111416,0.9615384615384616
0.2091797356901648,0.24664393482450664,0.32314705718120046,0.7632560140759824,-0.13726460148276087,0.9717948717948718
0.18434836657127707,0.20598425314725863,0.25631570447472446,0.8036349297027601,-0.10024072470416057,0.9512820512820513
0.16411162730857387,0.18967486938499584,0.2580433714517744,0.7350503456758782,-0.1453896314296922,0.958974358974359
0.1697062040040349,0.18450708343061692,0.20524330302522048,0.898967618972418,-0.03701375033669818,0.9512820512820513
0.14345051712010903,0.15604146726433601,0.1832374343304803,0.8515807254914155,-0.09837550111131366,0.9666666666666668
0.1713673221579164,0.18611721154715952,0.19931107474030302,0.9338026589323511,-0.07909990956664725,0.9743589743589743
0.1336216151098697,0.15363576909055693,0.22614264146579924,0.6793754954604264,-0.12558755996582616,0.9564102564102565
0.12484815077262867,0.13569406264137265,0.16452933330863537,0.8247408526650288,-0.1258713095753129,0.9641025641025641
0.1461622383078376,0.16171875690452625,0.202091588720398,0.8002250758109026,-0.09732762299492637,0.9666666666666667
0.14682310379014285,0.16422314794272244,0.2174130383074051,0.7553509634069127,-0.11805198522470584,0.958974358974359
0.19252117515607559,0.21031704528091424,0.22478969997356368,0.9356169135224991,-0.023272781468759107,0.9512820512820513
0.17889719990833441,0.20584568172046205,0.2790782373187481,0.73759130664623,-0.10349463110015356,0.958974358974359
0.15222538416598597,0.16642695464542373,0.20404794977153873,0.8156266937833134,-0.06826784238379857,0.9512820512820513
0.1857665261598902,0.20674458596628228,0.23830043626774874,0.8675795529555345,-0.09331691857510116,0.9333333333333333
0.15463348927550946,0.17028152374031053,0.20564991780129394,0.828016493081424,-0.07735891303352393,0.9641025641025641
0.13581056947428305,0.15481326458135267,0.22755273053931582,0.6803401752834802,-0.07128349805002732,0.9564102564102565
0.1597396545522205,0.18639072226524925,0.28430158856260007,0.6556091480445881,-0.10496423816374623,0.9564102564102566
0.16428431530243315,0.18030565725783113,0.2142051655262933,0.8417428067844561,-0.06986846955689974,0.9512820512820512
0.14512351443589333,0.16743202046765535,0.2592314754150294,0.6458784381780678,-0.10353922277110805,0.958974358974359
0.13601170070317914,0.15539804075873273,0.2368792813385891,0.656022088046657,-0.10967612719980158,0.958974358974359
0.17906178946847984,0.210057308201798,0.31550273148404606,0.6657860209759227,-0.12163771160679315,0.9512820512820513
0.16765679079370477,0.2012414330696143,0.3332529210832944,0.6038699748390662,-0.12859037242301286,0.9717948717948718
0.10032212600159074,0.11500057274445859,0.19143037040422325,0.6007436150367574,-0.1472865958924514,0.9564102564102565
0.14799893895457306,0.17282006469042174,0.27402208358698177,0.6306793322209162,-0.07198266457262847,0.9487179487179488
0.16900502994004607,0.1921512818036513,0.26491483247545655,0.7253322889025229,-0.06724410416832094,0.9564102564102565
0.16456183355031118,0.18394023416745958,0.23981500072833414,0.7670088760453717,-0.11743772523349127,0.9461538461538462
0.1616666033887868,0.18321930991075225,0.2514395316216567,0.7286813999735092,-0.12475518382445028,0.9512820512820513
0.12326453739588494,0.14419478160757745,0.2530693376194836,0.5697836923428057,-0.07223741619177826,0.958974358974359
0.14367537079878234,0.161098856945443,0.2212433988500295,0.7281521518056425,-0.1088361556334072,0.9512820512820513
0.17940793385389608,0.2023845217885614,0.26617733562461193,0.7603371688789571,-0.1350555415937913,0.9615384615384616
0.17782740446305123,0.19869942785199665,0.24515575082039573,0.8105028219287681,-0.05402093381836759,0.9461538461538462
0.12909750069904957,0.1471280559373466,0.2209891327133125,0.6657705477681325,-0.14616956324028463,0.9871794871794872
0.19580521067080126,0.21707059647409505,0.2554533437285762,0.849746545908346,-0.06964186398856576,0.9641025641025641
0.2357478058199387,0.26316992495741104,0.2906842488189281,0.9053463544264615,-0.038715303312539584,0.9692307692307692
0.1292029470042455,0.15915486133009507,0.3095870395640977,0.5140876102377768,-0.0790773073647919,0.9641025641025641
0.18641464436900246,0.2173571010431676,0.3275124169476916,0.6636606424540008,-0.026129024202003248,0.958974358974359
0.09241557425541691,0.10646338554800301,0.19341491301367247,0.5504404179034381,-0.09267289422342506,0.9538461538461539
0.15278709780231736,0.17246472903108012,0.24370260991863554,0.7076851950361162,-0.09097848080776838,0.9564102564102565
0.12591467909513931,0.14237456156211314,0.21721629722600946,0.6554506424256699,-0.08637060240887984,0.9615384615384616
0.13670461075923646,0.15586826488793762,0.2282640796031334,0.6828418433550068,-0.1077794001474397,0.9641025641025641
0.11720158520384638,0.1277584427275218,0.17128110051218381,0.7458992401700145,-0.06399300619952586,0.9564102564102565
0.1245445629658164,0.13831906114369039,0.19172329600814544,0.7214515086252943,-0.05760173120501033,0.9641025641025642
0.17195069459172152,0.18853859521136113,0.22249009530195904,0.8474021953897785,-0.0885452723876291,0.958974358974359
0.14859391288872703,0.16759009401268793,0.23185288914293709,0.7228294399616854,-0.0852963612504859,0.9641025641025642
0.12120259257526955,0.13554245662146047,0.20163169908901685,0.6722279147269441,-0.06284102201447972,0.9512820512820513
0.10034642482917544,0.11196800433955444,0.17928134610107757,0.6245379498457562,-0.0726047396141345,0.976923076923077
0.17252893466767816,0.1893404190954351,0.22107931228705371,0.8564366205807252,-0.058042478797470376,0.958974358974359
0.17464425351657908,0.19485553176237222,0.2425037438265415,0.8035155609875814,-0.08645248481704404,0.9564102564102565
0.17910378537018268,0.20605482176346515,0.2918444872236979,0.7060432209073211,-0.06293695720218051,0.9717948717948719
0.2014823266123893,0.2316329270390208,0.3221816492109743,0.718951335702365,-0.03364416341448995,0.9615384615384616
0.11673720682218414,0.13428155070073916,0.22182245343201165,0.6053559890946582,-0.0996648718362404,0.9461538461538462
0.11383343286607683,0.12779561182908755,0.1885980186009451,0.6776084540924606,-0.17297195369032592,0.9666666666666667
0.1565510001008139,0.18439755885416487,0.29420938235278515,0.6267562148410841,-0.10039516147256355,0.9615384615384616
0.14477951387205645,0.16191118088717696,0.21561482123974182,0.7509278812848776,-0.08267567451717528,0.9538461538461539
0.14017007589556885,0.15418171030907044,0.19564384754364267,0.7880733907294315,-0.06985388506147594,0.9487179487179488
0.11384322989119378,0.13457019393403874,0.23890946776797975,0.5632685685974088,-0.16631732294834778,0.9461538461538462
0.14400040986240925,0.15823681864636827,0.19975443991738887,0.7921567035596767,-0.10678334569465531,0.9641025641025641
0.12292383679359742,0.14297758003466846,0.23793374751987664,0.6009134119266722,-0.1763276130695972,0.9461538461538462
0.18497951846991256,0.2353669064960075,0.4381093228263093,0.5372332754245449,-0.1705247235341364,0.958974358974359
0.15893571728909062,0.18030036709283165,0.25513246059567,0.7066931689988633,-0.1365163237996092,0.9692307692307693
0.13275524893427626,0.14795473601326886,0.2035808257797155,0.726761645879967,-0.09743424304015502,0.9743589743589745
0.12947947059255993,0.15073611264955275,0.24424872493292002,0.617141860990065,-0.08434921176810561,0.976923076923077
0.14803778230798348,0.16850824416191817,0.24826946842194617,0.6787312400231595,-0.10459300666599336,0.9512820512820513
0.17240614077079353,0.18301095992323738,0.16661031303163942,1.0984371651020395,-0.019221984496211153,0.9564102564102565
0.14093300749302196,0.15886157224793682,0.22834224309116138,0.6957169645763456,-0.09798098412786349,0.9512820512820513
0.12497584568305009,0.14206900477552636,0.2207199902871157,0.6436617027334995,-0.12398316585095825,0.9487179487179488
0.1463089139403566,0.17367780529263152,0.29545717465580146,0.5878273407811498,-0.15499030483300846,0.9538461538461539
0.15525276913534247,0.17945431260770084,0.2692296817539736,0.6665472820032119,-0.13636893877320655,0.9564102564102565
0.1192605572406471,0.13501910459869676,0.2050201521201353,0.6585650395946436,-0.14905413852953497,0.9666666666666668
0.128885945875729,0.1526057594834554,0.26809770731760335,0.5692169508285656,-0.18397759119789514,0.9564102564102565
0.14660460566865074,0.16956416667134563,0.2550256103064141,0.6648907396696895,-0.08423394122667538,0.9564102564102565
0.1429086167762199,0.1596380557112438,0.21892567012329325,0.7291883844472865,-0.058357387058700416,0.9615384615384616
0.15135939468295412,0.1662526815803776,0.201630772622167,0.8245402198200971,-0.0902086259263628,0.9512820512820513
0.13952616404661122,0.16391967685769335,0.2792628528621173,0.5869727218558021,-0.11401457447127061,0.9615384615384616
0.18254413482660548,0.1946886856606602,0.18187313181117715,1.07046425011688,-0.053654635933324646,0.9564102564102565
0.16941461041262085,0.19263937451742244,0.25981508721614627,0.7414479912675788,-0.08799801722697875,0.9564102564102565
0.14766102318660157,0.16898545276269664,0.2446522319428484,0.6907169880312893,-0.10458034878842404,0.9615384615384616
0.15771769015188775,0.17694720926049803,0.23390793508120233,0.7564822852164887,-0.07380857886525571,0.9641025641025642
0.11756381650607328,0.1280388806948571,0.1670799550752018,0.766332984930643,-0.056491755136320654,0.953846153846154
0.18467044000482802,0.20352407083170074,0.23121785791592506,0.8802264352163738,-0.0863520411770019,0.9615384615384616
0.1548651329400199,0.18168500133166532,0.2834627164601032,0.6409484943930435,-0.09381789234103699,0.958974358974359
0.1353612445382053,0.15822637795674951,0.2520413334641405,0.627779482761947,-0.10222158501882406,0.9666666666666667
0.15372351781133253,0.17614073432698338,0.2622710305265409,0.6715981325629427,-0.06455406047962797,0.9487179487179488
0.17268412309371595,0.18987768045071118,0.22257559359503576,0.8530929981307085,-0.09818529278132304,0.9461538461538462
0.1324549947976199,0.14980365473320859,0.2180343962397354,0.6870643224956807,-0.18016291140802032,0.9564102564102565
0.13718548801268415,0.16245189889512623,0.2702214821161942,0.6011805487221499,-0.1412112550627186,0.9512820512820513
0.12490065007196849,0.14421940153655086,0.2242136646171402,0.6432230693112087,-0.1426099416701374,0.9743589743589745
0.1562408751984854,0.17185889054131162,0.20395514190479788,0.8426308301730969,-0.07362840660405523,0.9512820512820513
0.17882587003432104,0.19679714846916466,0.2186536734552994,0.9000404400221385,-0.15104814943178635,0.9538461538461539
0.16418481666057572,0.19807621589259344,0.34114537417263147,0.580621139515613,-0.12069422375920247,0.9461538461538462
0.18535127094166493,0.20030098445588754,0.20538100095381073,0.9752654019878613,-0.12553602982521084,0.9410256410256411
0.1589674285138658,0.1769140676000127,0.22782364486885992,0.7765395365430491,-0.07166404831016238,0.9512820512820513
0.15976758099496546,0.18012443119458835,0.24757117256815658,0.7275662563055475,-0.08848924336473973,0.9384615384615386
0.15709374189373615,0.18474330737558178,0.2902821058974031,0.636426784918245,-0.11567272804462103,0.9717948717948718
0.15330200033297192,0.1678116970764248,0.19820637192590324,0.8466513737467478,-0.12981382086424198,0.9538461538461539
0.19485746136580007,0.21929851228806926,0.2787694728705693,0.7866661655233965,-0.10593050846869267,0.9717948717948719
0.16927786271093126,0.1987805247737864,0.30894859042588446,0.6434097158357907,-0.12979073208857306,0.9666666666666667
0.17818913361873245,0.19464760791670635,0.2070222102240152,0.9402257260517193,-0.11712365494649024,0.9564102564102565
0.1366996243955405,0.1499687395833888,0.19197185069231645,0.7812017180776765,-0.05837056773936644,0.9538461538461539
0.14738474974720894,0.16563724954106318,0.21999560245381086,0.7529116386580478,-0.11546698716320658,0.9564102564102565
0.15989858502551013,0.17974588042813638,0.23539039346653737,0.7636075448154969,-0.08827270700814294,0.9641025641025641
0.12521578222169683,0.1457168991500846,0.23351878508606494,0.6240050413776332,-0.21748607590182722,0.9487179487179488
0.13487242115555853,0.15024888333061873,0.21061914199762558,0.7133676545520852,-0.07463276108244443,0.9512820512820513
0.16750550028479494,0.18744222724810394,0.23958471671598808,0.7823630397522575,-0.138093250164121,0.9615384615384616
0.11339071508288256,0.1289640415190356,0.21175577755110056,0.6090225400717305,-0.13371909879677502,0.9564102564102565
0.13117150216161821,0.1521875982518774,0.23314425315428539,0.6527615250767765,-0.19708356311837982,0.9666666666666667
0.09442174897793176,0.11279656793452122,0.22729594163687744,0.49625420991775704,-0.15246027850661192,0.9820512820512821
0.13977598521942802,0.15603879916097377,0.20635607098879036,0.7561628713576839,-0.057714210590824155,0.9487179487179488
0.16377884385752584,0.19116856169765686,0.28656597827187685,0.6671013874378606,-0.15968892265279333,0.9487179487179488
0.1630064573972474,0.18912877129000222,0.2652378960325247,0.7130533536837074,-0.18601692459928276,0.9461538461538462
0.1994673271612959,0.2172539804723416,0.2267697824986677,0.9580376101194964,-0.03251356971285735,0.9512820512820513
0.12096241662234197,0.13756947956559815,0.21711977415240363,0.6336110108010408,-0.10639532068860236,0.9512820512820513
0.1766700375108079,0.20093097850037617,0.28166412596174994,0.7133708554978089,-0.054068710722941726,0.9538461538461539
0.14530066825278531,0.1607571694238683,0.2101816999776937,0.7648485545645946,-0.15645296956383814,0.9564102564102565
0.1883132264096945,0.2094978894795619,0.261416151406649,0.8013961201413106,-0.0648745903991862,0.9512820512820513
0.1922246465060644,0.22090690731512427,0.3136836891236822,0.7042345999317261,-0.08555636470199157,0.9615384615384616
0.2047670393489298,0.22462362512605752,0.24519653081130915,0.9160962611616903,-0.08734088978499022,0.9564102564102565
0.13444773840435298,0.15168858349107034,0.21633667343199342,0.7011690671057418,-0.10906276053338915,0.9615384615384616
0.1482298147013894,0.16989399239064926,0.25688215262308695,0.6613693892542547,-0.10357730566698364,0.9769230769230769
0.1820931894089337,0.21374462277980144,0.32559280978099925,0.6564783261754787,-0.11560775252634548,0.9512820512820515
0.14962343764567443,0.16754359798696342,0.23370818325890566,0.7168923041148112,-0.0865791601014183,0.958974358974359
0.1535858215711965,0.1812047281762397,0.29501246015819527,0.614227372223776,-0.16469989639726168,0.9564102564102565
0.10833346188543103,0.12199114728695988,0.19237340815022608,0.6341372669953216,-0.10984465505573804,0.9615384615384616
0.15833404771807258,0.17901538688941823,0.24035737743157176,0.7447884013478338,-0.1180132249500675,0.9641025641025641
0.1823105531314233,0.19855314811921917,0.2156575181723187,0.9206873463162435,-0.06291694156778349,0.9435897435897437
0.1737405148555946,0.19079566018805522,0.22472821388704875,0.8490062591070632,-0.04754740171827454,0.9641025641025642
0.18867088236118157,0.20449608622855026,0.22204972304558968,0.9209472699345118,-0.008234517712781941,0.9666666666666668
0.16234173928698215,0.18382767705596947,0.24622972717826808,0.7465697954612925,-0.11514527405667963,0.9487179487179488
0.14611406129469096,0.16300199027750398,0.22253520131275362,0.73247733084897,-0.04751482567820331,0.9564102564102565
0.1638889538283419,0.1891862003202331,0.27688524949989296,0.6832657234790914,-0.06764581594489427,0.9615384615384616
0.11605902265020362,0.13647512461437153,0.24498468440339372,0.5570761492569491,-0.22186056199494997,0.9435897435897437
0.1581016488759046,0.17655143033189938,0.22100216456541039,0.798867425932587,-0.18816320451966573,0.9641025641025642
0.12728040333402824,0.14178737639591146,0.1974762958645164,0.7179969412287756,-0.09907625383671703,0.9487179487179488
0.1004070602298146,0.11529693916683771,0.2025488827269955,0.5692301908287498,-0.14720276953262446,0.9666666666666668
0.13408138683952475,0.15486136206388834,0.24016766137772985,0.6448052213837656,-0.1075666293128652,0.9564102564102565
0.09795599863204707,0.1122971423624223,0.1947146043835406,0.5767268598981109,-0.09532257782509534,0.9615384615384616
0.17424554087901445,0.20739020954859674,0.32310373745047555,0.6418688040722059,-0.2224652476679987,0.9538461538461539
0.19507967846553975,0.22285776277985375,0.3128080869590623,0.7124424593569395,-0.11324753026949885,0.9641025641025642
0.16334640251966204,0.1821119407476948,0.23097422405891951,0.7884513585431058,-0.10979909354491135,0.9641025641025641
0.13604178542861667,0.14996044816148577,0.19342019236816224,0.7753091666667676,-0.059284064555002125,0.9435897435897437
0.15026662416480674,0.17161786303928386,0.25216994988848324,0.6805642905317553,-0.11134663778800236,0.958974358974359
0.11756092738371637,0.13477411502056474,0.21290543405167486,0.6330233684305744,-0.1579078608404274,0.9538461538461539
0.1275778123999245,0.14702398735610228,0.22381111196626688,0.6569110267333909,-0.17997233395454404,0.9641025641025641
0.15830645642263885,0.17632874260006506,0.23028745616165835,0.7656897407225034,-0.10459656090026914,0.9538461538461539
0.131499283855385,0.14452684801495144,0.18823448920415037,0.7678021632805259,-0.07883962658472199,0.9692307692307693
0.1210343048240865,0.14094295667160114,0.23800393375476045,0.5921875090385226,-0.09418543747422448,0.958974358974359
0.17530131796216453,0.19730034219984893,0.26497170911070483,0.7446090862380221,-0.09355687874613405,0.9641025641025642
0.18514089556530222,0.20056781068641866,0.2081654114462927,0.9635020981291398,-0.0789252568074097,0.958974358974359
0.1227284812888152,0.14063719432817332,0.2204840911887536,0.6378564256945669,-0.15645983475728475,0.9615384615384616
0.10075723831914307,0.12071597575628437,0.22897563231023293,0.5272000978371775,-0.19439506884815683,0.9641025641025641
0.12253291183276427,0.13747135935719326,0.20088194617536376,0.6843390457656409,-0.11942245992204559,0.9666666666666667
0.11306221590715704,0.12630342438625228,0.18472220114992238,0.6837479393380721,-0.14145605709145848,0.9384615384615386
0.15370654469477274,0.172662670529139,0.23154186932839046,0.745708199687442,-0.12658646661457462,0.9666666666666667
0.12247586432640545,0.14421130299109847,0.24300877193703474,0.5934407299028062,-0.14511971326181827,0.9589743589743591
0.18800406430419292,0.20732990924738662,0.23118605193143876,0.8968097664857091,-0.07213708960326082,0.9743589743589743
0.18228013857627,0.20677734608557824,0.2636196047284295,0.7843777259987629,-0.127688412672476,0.9641025641025641
0.12911110540993276,0.1456357386437255,0.21595501655061797,0.6743799749129225,-0.10335058274248687,0.9641025641025641
0.15183263255311497,0.1733154292355536,0.2435133307738455,0.7117287118729211,-0.07262403988699861,0.9666666666666668
0.1890366662448677,0.2081866488651351,0.22848922596977242,0.911144269413722,-0.08686249365480492,0.9538461538461539
0.14536266894533378,0.1657416358230742,0.24543726971681365,0.6752912302777302,-0.1387596198525527,0.935897435897436
0.1482685213700512,0.17150041860916626,0.26372706403583385,0.6502951042819924,-0.1170311118260392,0.9461538461538462
0.12390449346680321,0.15016358926862458,0.287402214541653,0.522485846214179,-0.08912680730271072,0.935897435897436
0.11388033176154311,0.13297827830585923,0.22938954266469064,0.5797050587447212,-0.1731272971942187,0.9564102564102565
0.12123349058812916,0.1390757569520721,0.2281665807284406,0.609536052598331,-0.08951252724616987,0.9564102564102565
0.15286618183793843,0.1721976206859277,0.2296532898439016,0.7498156059639848,-0.05771335455447768,0.9641025641025641
0.12394733027108362,0.15099690935993149,0.2841985556148142,0.5313078000459077,-0.11473283569281434,0.9487179487179488
0.19103316241321955,0.21372695059295974,0.25688693944279145,0.8319883877964009,-0.0816492381464724,0.9564102564102565
0.17674139175204218,0.2080771616407799,0.31790965774135993,0.6545166419891029,-0.0863377178941348,0.9641025641025642
0.08745960937733144,0.1046493259524897,0.21586658262314057,0.4847870600480403,-0.10125531135662758,0.958974358974359
0.17696985473647153,0.22525413902263391,0.43597519662574435,0.5166673259534065,-0.10718260103774746,0.9666666666666667
0.1454843880700991,0.16313558848946128,0.2206520842151123,0.739334002077322,-0.11831690882757151,0.9692307692307692
0.1330887285653306,0.14881634557535253,0.2085804758982709,0.7134720780286905,-0.09460033433567139,0.9384615384615386
0.11922430115302407,0.13225951124664073,0.18068153378866655,0.7320034785698551,-0.16574247496244232,0.9666666666666667
0.1798374800412872,0.19437919667924627,0.19958391535123474,0.9739221536824297,-0.09492523208206327,0.9615384615384616
0.09929555998948114,0.11940447232229692,0.2395327389903299,0.4984891536146855,-0.13549702075037706,0.9384615384615386
0.12433403908898777,0.14780706631223675,0.2740899661984444,0.5392647836120447,-0.067804749276964,0.9743589743589745
0.1472422112296483,0.1658665917387007,0.21940575976619547,0.7559810276423576,-0.06961660583820806,0.9487179487179488
0.15154140533157712,0.18116865590903783,0.30699862351712703,0.5901285609475402,-0.1330545564010681,0.9564102564102565
0.10003664647160115,0.1274819786694069,0.28415936252179547,0.448628465161442,-0.15443489136424715,0.9794871794871796
0.19635038173759245,0.21572096267756172,0.2348649322798692,0.9184894508666147,-0.10398936977945072,0.958974358974359
0.16041824648786251,0.1792227440258029,0.22679272321555796,0.7902490939070317,-0.15615857584108284,0.9615384615384617
0.158619812367917,0.17433400623086964,0.19893249214358838,0.8763475707378979,-0.16901313786336836,0.9461538461538462
0.18145125858922673,0.2104233297814164,0.30260273971884655,0.6953781382710691,-0.10673692324783235,0.9615384615384616
0.12956230555421255,0.1465969125162509,0.21496219631493943,0.6819660155568605,-0.16944064121705882,0.9666666666666667
0.11244344774388648,0.12957261151147692,0.2261810253371882,0.5728712712231784,-0.07376443080989414,0.958974358974359
0.14247819153018093,0.16048308782824464,0.22775613968806535,0.7046268348596098,-0.084171160009203,0.9461538461538462
0.09920301053403269,0.11837324819234399,0.23912720867950307,0.49502207986292784,-0.11480935836164641,0.958974358974359
0.16067892362671765,0.18126071194135965,0.24087983272885882,0.7524943449516251,-0.11691078846469827,0.9743589743589745
0.15305988473277488,0.1702505109973024,0.21686163188115606,0.7850651566184037,-0.09778752830955517,0.9461538461538462
0.1626381676769617,0.1837636707099492,0.241594328262913,0.7606290761510341,-0.10439801394714954,0.9717948717948719
0.12975918665457487,0.1477921581258266,0.22669358946763823,0.6519467907006024,-0.13055667309845354,0.9564102564102565
0.14973618418381696,0.16586110830590248,0.20645493630377731,0.8033768108206182,-0.13773422540923852,0.9641025641025641
0.1827316435573092,0.20709667704415052,0.27551660502809117,0.7516667716743799,-0.12946674043701645,0.9461538461538462
0.14977046236297453,0.17159829372786756,0.25900611893623643,0.662526022291051,-0.1251922958751568,0.9512820512820513
0.11460552873590202,0.12999482808669707,0.20200216018762182,0.6435318709758175,-0.08928450033349833,0.9666666666666667
0.15661343004618633,0.1741754937053072,0.21861362065131013,0.7967275469222388,-0.11682853497920442,0.958974358974359
0.15088670033369556,0.18498808388643256,0.3339952098448897,0.5538644819856628,-0.20087611617407364,0.9666666666666667
0.12829135960155735,0.14924937421993723,0.23500399236031536,0.6350929306388271,-0.22533383891760062,0.9538461538461539
0.11782037712265514,0.13318727063086114,0.20123849539499827,0.6618379369684527,-0.11822186659650957,0.9743589743589743
0.16252098008393778,0.18170238378297504,0.23773453987885512,0.7643078867528759,-0.09904176003915921,0.958974358974359
0.16684363332802232,0.19143644674889918,0.2763278048883898,0.6927874913862588,-0.07124117166748722,0.9538461538461539
0.17052403323880672,0.19716323306934322,0.2964341754318273,0.6651164049561012,-0.06288054693357037,0.9512820512820513
0.12684178744260088,0.14245786894819235,0.20474994149305345,0.6957651265215404,-0.09134959837694134,0.9743589743589743
0.1449538667847694,0.16674872412059125,0.25079012771381876,0.6648934933789391,-0.11131791767095855,0.9615384615384616
0.11953813424077331,0.14454016457541738,0.26355285089290814,0.548429524043167,-0.12609851705545327,0.9641025641025641
0.14624498910913952,0.16493951664382217,0.23523059876950084,0.701182233547108,-0.0985425467537242,0.9256410256410257
0.15907734832704334,0.17569842351891415,0.21609573981695546,0.8130582475514789,-0.09361647735680989,0.9641025641025641
0.1469692509857088,0.15700662060065723,0.16355757506662486,0.9599471044780463,0.0,0.9384615384615386
0.16803622360764559,0.19261151989627248,0.2705001906785563,0.7120568729105211,-0.0659474779302398,0.9435897435897437
0.13147771392253427,0.1506485980558054,0.23468779904901507,0.6419106517946513,-0.12439167306699883,0.9538461538461539
0.17340623307804237,0.1946794498007474,0.24487823684465718,0.7950051107409996,-0.13824641730952103,0.9461538461538462
0.1425219875230268,0.1588728547677626,0.2114386600030989,0.7513898109524253,-0.10333665019807903,0.9564102564102565
0.16191408118386508,0.18384350388223725,0.24393458009315896,0.7536590499470274,-0.12664151339004626,0.958974358974359
0.17702053901108727,0.19084428345373733,0.19543475000183255,0.9765115131876384,-0.04517070328029793,0.958974358974359
0.1299940718974384,0.15047888424882364,0.2458117615625905,0.6121712130137741,-0.09627402784289274,0.9692307692307693
0.12887409945932515,0.15256505054225702,0.2696370233718304,0.565816402489614,-0.051362599232866346,0.9692307692307693
0.15883473987535246,0.1925559184695041,0.3271394012253304,0.5886050954066321,-0.14517427138713057,0.9487179487179488
0.16512394459261603,0.1899822640161948,0.26982725070408387,0.7040884992915187,-0.1565962988450471,0.9666666666666667
0.15630277282945282,0.18314003263706322,0.2884887721060871,0.6348255126189675,-0.10377389695661576,0.9538461538461539
0.14840508807057518,0.17640125296906964,0.28261076743218694,0.6241844731248518,-0.1283243714903992,0.9564102564102565
0.09072868804390355,0.10631082221767754,0.19685042205521172,0.5400588990754612,-0.1820992625877772,0.9641025641025641
0.1378860537040798,0.15647941516570615,0.22542748165884302,0.6941452480160278,-0.14084660077434363,0.9384615384615386
0.1924403919751363,0.2113574888420459,0.22804438714213515,0.926826095089599,-0.057930598800372435,0.9435897435897437
0.1579183701021878,0.17727409033747366,0.24519644686307224,0.722988006577725,-0.047472470203444694,0.9435897435897437
0.15422963290638236,0.16939777461590008,0.2082842218462552,0.8133010417896219,-0.01491699370607702,0.9666666666666667
0.19438439940247587,0.21275102254287895,0.2302791590604945,0.9238830965462623,-0.0823816941618909,0.9564102564102565
0.1439418307655682,0.16187174807612742,0.237091512743144,0.6827395304170722,-0.06144333506749344,0.958974358974359
0.15917097666346147,0.1742149868589206,0.20631321481579232,0.8444199127742216,-0.042339833580697595,0.9461538461538462
0.15750492705307706,0.19385991371708441,0.35105401305130285,0.5522224686511527,-0.1200665802619788,0.9641025641025641
0.0997548980464722,0.11888887565041747,0.23334407910155816,0.5095002886217377,-0.21878279785058652,0.9666666666666667
0.22457868959852645,0.24886371448661904,0.2815753507489503,0.8838263499439032,-0.029880866407600903,0.976923076923077
0.1084737497881112,0.123354230904256,0.19814788985249585,0.6225361824245652,-0.11057771643289127,0.9717948717948719
0.1714496775602521,0.19785490495183958,0.288041520135209,0.6868971697516556,-0.04847601203278218,0.9615384615384616
0.1830538934015602,0.20521811707544485,0.2516891858185903,0.8153632680243944,-0.1259487027057945,0.9487179487179488
0.14042468915906525,0.16585515115392932,0.2804160171870587,0.5914610471173313,-0.10162880169140742,0.9487179487179488
0.15107373980164152,0.16687407000015356,0.20307360130125976,0.8217418164195346,-0.1480902119457569,0.9512820512820513
0.12904704603149275,0.14452246187014808,0.20235861230415791,0.7141898248092431,-0.08636033219284867,0.9769230769230769
0.15841551481440264,0.17780968100125485,0.2354572252858591,0.7551676563986657,-0.07853591475936372,0.9487179487179488
0.1634872749254319,0.19884279084915626,0.35855883061335025,0.5545611315973339,-0.10614770156005582,0.9641025641025642
0.12375740589375583,0.13870267052887636,0.20499453966215914,0.676616415039469,-0.066101384362935,0.9358974358974359
0.1258259849887886,0.14277651197874028,0.21851475106337825,0.6533953029895415,-0.1537883099892361,0.9538461538461539
0.14557364552021812,0.1743098359268434,0.2860869399668618,0.6092897353057577,-0.17818518621779622,0.9615384615384616
0.16843937784943153,0.1965168387964465,0.29845421243321074,0.6584488695746715,-0.08156107467874518,0.9615384615384616
0.09810925418943639,0.11435357599862557,0.20508454819199268,0.5575923540157297,-0.14043180913841913,0.9564102564102565
0.1441047487837419,0.16514311896827086,0.23741158198530724,0.695598410099854,-0.13979839673272665,0.9743589743589745
0.14958028771620802,0.181205901515479,0.3292142685065567,0.5504193434187985,-0.080669941269086,0.9512820512820513
0.17758397516908642,0.2017603568310122,0.2641343245205841,0.7638551225677181,-0.07754252892196023,0.9615384615384616
0.12648054533663733,0.14324544270276718,0.22087234039024398,0.6485440524136104,-0.12571358487732875,0.9666666666666667
0.15690923452295968,0.1753217048135189,0.22704846867214937,0.7721774378785957,-0.07527543106846624,0.9717948717948719
0.15913418173167782,0.1713873277895909,0.18267841754015277,0.9381914409890261,-0.044713566752450085,0.9461538461538462
0.18702658313662002,0.22057868180490112,0.3326691514917571,0.6630572171052856,-0.06335827902117341,0.9641025641025641
0.11685485395371376,0.1301791512208162,0.17985819670401457,0.7237877039045755,-0.15449035229831043,0.9512820512820513
0.13060785037748923,0.148639891168014,0.22380396335084582,0.6641521845392835,-0.10542560332246054,0.9743589743589745
0.1318471261404892,0.14933626656512475,0.22308522671801728,0.6694135186006189,-0.10889157111899417,0.9666666666666668
0.157159253451586,0.17731220838788078,0.23536525027735,0.7533491378992413,-0.16792143956180938,0.9666666666666667
0.13604990227452252,0.15630454780999395,0.24118943572051227,0.6480571893336073,-0.14526862397177853,0.9615384615384616
0.11969274630205207,0.14491202205327108,0.27375121338024233,0.529356638328347,-0.1456475551654165,0.9538461538461539
0.1668041170683423,0.1864697126810047,0.23580139244841403,0.7907913975605485,-0.0814834577149548,0.9461538461538462
0.13697413786305046,0.15789672409105246,0.24115795045060617,0.6547440123621086,-0.10886044480787715,0.958974358974359
0.17216808217301338,0.19412024447156814,0.24576061602643676,0.7898753169250129,-0.1374451053266903,0.9538461538461539
0.1595335832693987,0.18977445706486612,0.2890211289935839,0.6566110156917939,-0.1433117023418411,0.9564102564102565
0.1888685144759099,0.20768589433796666,0.22692788831064223,0.9152065701755654,-0.09394048337568228,0.9615384615384616
0.1638570891639599,0.1902637240393135,0.2786564041894699,0.6827897050948285,-0.10866327287167121,0.9615384615384616
0.16016310733834427,0.1791059252641469,0.22958987272356773,0.7801124811798436,-0.09374513223891923,0.9564102564102565
0.12835075969121768,0.14087609112740254,0.18475830148088812,0.7624885593677918,-0.09694049581358155,0.9641025641025641
0.18140523037884337,0.2002762859454533,0.22623666721664554,0.885251221251715,-0.099711544001998,0.9641025641025641
0.14148085746639283,0.1569232687152608,0.21440410415635588,0.7319042204566348,-0.040347350083358435,0.9256410256410258
0.14888855920458233,0.18304042734183015,0.3463829268480228,0.5284337452987111,-0.15577089327195315,0.9564102564102565
0.13281252226773899,0.15494212997104856,0.2597066445263624,0.5966044120804951,-0.08446122293223035,0.9461538461538462
0.16501164469538931,0.183948674906621,0.24445200250987742,0.7524940398031238,-0.07389546811298009,0.9461538461538462
0.15202684526128962,0.17829061857612977,0.2852856388578921,0.6249547621460917,-0.1023012956244842,0.9717948717948718
0.10764441131444591,0.1281043626649354,0.23839000103494842,0.5373730530172491,-0.16864134423400667,0.9641025641025641
0.13765778001121887,0.1533831559265763,0.20679836485777317,0.7417039106284351,-0.045754527247688914,0.9692307692307693
0.1574242080951329,0.18303891449036153,0.2818801232497867,0.6493502002912156,-0.07152760693777105,0.9589743589743591
0.2114649342004835,0.23863421546885538,0.29602175456119356,0.8061374266989049,-0.1262274542563584,0.9564102564102565
0.12610520863331476,0.1497687015495499,0.25783792212361034,0.5808637469462274,-0.14881949904663205,0.9564102564102565
0.17043256533661477,0.19061282270033278,0.24540957525147286,0.7767130622552544,-0.03739469511344806,0.958974358974359
0.11061033573539047,0.12627658710861597,0.21279786415812213,0.5934109705856097,-0.06091193710514431,0.9641025641025641
0.1112731047405826,0.12723333671864584,0.21422528574023167,0.5939230575840064,-0.0811097025749219,0.9666666666666667
0.14629914851591286,0.1583083193244549,0.17474785584559457,0.9059242447262673,-0.07811254485647123,0.9564102564102565
0.09641839527351337,0.1097104402992602,0.18796873038333767,0.5836632511988569,-0.05879148069028817,0.9564102564102565
0.17138928736449177,0.18950157766711287,0.2334088636953751,0.8118868095533587,-0.07113633317215795,0.9692307692307692
0.17503203798960687,0.19483333022603633,0.24218178615401825,0.8044920855531632,-0.0754929442790161,0.9641025641025641
0.14904362472162558,0.16617506815031244,0.2094989317309598,0.7932024606393496,-0.1540232696006334,0.9589743589743591
0.12107193647094339,0.1383488561340309,0.21469545816405783,0.6443958214910755,-0.1638067790444936,0.958974358974359
0.1533528075498345,0.1689157793759326,0.20425659444935873,0.8269783398244791,-0.08551775546672047,0.958974358974359
0.17057143009128306,0.1881067570373164,0.22098381862736732,0.8512241222263895,-0.1276879205914987,0.9538461538461539
0.1364806376898624,0.14892168077538637,0.17633645204910012,0.84453145702353,-0.06497586316252124,0.9615384615384616
0.15890391222246558,0.17608220299014496,0.21650871598715418,0.8132799743756838,-0.05821142681367175,0.9461538461538462
0.164321496160436,0.18598481921823326,0.24667851330788718,0.7539563001423629,-0.13413071721451364,0.9692307692307693
0.14448955757272186,0.1580438844180123,0.19094914466535184,0.8276752676477933,-0.04634104407706385,0.9692307692307692
0.14029648644716852,0.15723039987029072,0.2053386827909184,0.7657125181346718,-0.16833814925746537,0.9615384615384616
0.1202941151777408,0.13423116295081008,0.19408798743279052,0.6915995406325295,-0.07124095388859941,0.9435897435897437
0.1679351665666946,0.1951679693325762,0.3019030961523203,0.6464589857472259,-0.07152548295908323,0.9487179487179488
0.17239629849988058,0.193003245158297,0.24342990015755653,0.7928493789521271,-0.06114355765785329,0.9641025641025642
0.13364513714523207,0.15594162311765178,0.26969053241777924,0.5782243140670643,-0.07312955923887487,0.9487179487179488
0.1893692427637237,0.21111961980595825,0.2621047200413208,0.8054781301636814,-0.021574693249876042,0.9615384615384616
0.1279813674245709,0.14780132465444756,0.23317463812861178,0.6338653544856152,-0.1154478105905592,0.9410256410256411
0.11204921409805624,0.1318516133091818,0.2486541481830563,0.5302610645052025,-0.05585344018107474,0.9641025641025641
0.16417311494319065,0.18563197111012153,0.24893070054168043,0.7457174655684533,-0.16705375723995286,0.9615384615384616
0.12223756439658229,0.14057422214781207,0.22251013158339294,0.631765489272237,-0.09809142640770319,0.9666666666666668
0.1146573402804012,0.1305890388814435,0.1960392532282426,0.6661371981936832,-0.19216392445810193,0.9692307692307692
0.13750352815874778,0.1632865247779988,0.27632763475060707,0.5909163769500259,-0.13785851077533806,0.9487179487179488
0.10921850823232715,0.12820424807956693,0.23327228730598762,0.5495905645722889,-0.1073388298382697,0.9538461538461539
0.13019012132023167,0.15570106865451713,0.27857397406484996,0.5589218058764925,-0.12902826513455967,0.9564102564102565
0.1680101457824028,0.1979015546843684,0.31277851744067103,0.6327210586702365,-0.15300439564353063,0.9666666666666667
0.13224573474039691,0.1540947937887749,0.2561130833177959,0.6016670128388856,-0.10753434076131418,0.9435897435897437
0.16672966239235154,0.1867603876766812,0.23675790587670514,0.7888242928366632,-0.11602472159568689,0.9435897435897437
0.1800407585433148,0.19828383301658065,0.23187805633791383,0.8551211621664767,-0.10308794885639216,0.9615384615384616
0.18315533589656519,0.22115323009761934,0.35723230193850636,0.6190740000205481,-0.14863390110109953,0.9615384615384616
0.15085834202159365,0.17050988782662377,0.24439661423393505,0.6976769639836854,-0.0690070820153319,0.9384615384615386
0.10385026626286264,0.11838901769490276,0.19797768336489435,0.5979917316069355,-0.12766688502352297,0.9512820512820513
0.1406121992252345,0.16157700319346172,0.24443067283789593,0.6610340728416602,-0.12410411221727002,0.9615384615384616
0.11682566651083315,0.1301181169707481,0.1913073695241334,0.6801521409991146,-0.10106705193451404,0.9538461538461539
0.1497116907833831,0.17038444669296737,0.24430787942405052,0.6974169113769244,-0.13207045474956536,0.9717948717948719
0.15929503660500433,0.1780477597990153,0.22249868894785865,0.8002193659700162,-0.13929092323471925,0.9435897435897437
0.10832701403847511,0.12740776107000246,0.23223616363684746,0.5486129251998523,-0.15547935930722168,0.9641025641025641
0.1940290190426246,0.2140446799070987,0.24015185586578122,0.8912888852573615,-0.10666288437500437,0.9641025641025641
0.14953676788630155,0.17272621538388125,0.27923035958195785,0.618579640274337,-0.036798574511695104,0.9564102564102565
0.17005036909084992,0.18284254754408535,0.1841070377457222,0.9931317660795602,-0.0736136986805771,0.9666666666666667
0.1575442180245339,0.17245361965351008,0.20760421260133258,0.8306845872375286,-0.079132409019388,0.9461538461538462
0.13490266090412262,0.15122805077165724,0.21684536706732535,0.697400423245863,-0.07600126370025817,0.9641025641025641
0.1697981807199811,0.1868245556714938,0.2235469404153876,0.8357285289807256,-0.04862159931441423,0.958974358974359
0.20138637551094973,0.2272808456281191,0.28226322986921504,0.8052088319595446,-0.05957010838653809,0.9435897435897437
0.17876138530794927,0.19708623339452286,0.23003828684357333,0.8567540477665878,-0.11040472711743599,0.976923076923077
0.15386398787880862,0.17086773160946758,0.21306630995399972,0.8019462656783108,-0.16156314782617476,0.9641025641025641
0.15325698324850578,0.17648121984190085,0.2684320621092909,0.6574520884544981,-0.06620994674603187,0.9564102564102565
0.10136538051600597,0.11305070407099124,0.17057300701017394,0.6627701888625804,-0.0524429161448734,0.9538461538461539
0.1719337626673365,0.1891398524896152,0.21734907340016207,0.8702123709604651,-0.0907560645325376,0.9615384615384616
0.10459370449543304,0.12254506790475603,0.2172135899949401,0.5641685122354023,-0.1817944567351194,0.9743589743589743
0.16759346427035604,0.19126158869584695,0.2721326594897183,0.7028248246810419,-0.10404913245232794,0.9538461538461539
0.11871577312254833,0.14389637486261,0.27522210664220004,0.5228372699351552,-0.14417197584791341,0.9435897435897437
0.16480133889366622,0.19154496161099901,0.27994060099476475,0.6842343015995066,-0.1532801889043015,0.9461538461538462
0.2011394436167575,0.2326583974745628,0.33207783455800166,0.7006140526790445,-0.10847967766611732,0.9410256410256411
0.16041417168919003,0.18042990102787806,0.23763796602255516,0.7592637828365891,-0.09881072773747956,0.9717948717948718
0.1382742327502724,0.15305867719027635,0.20278062668753505,0.754799310419948,-0.0836267503735989,0.9641025641025641
0.13317694853635964,0.1473167992603235,0.19422930481909953,0.7584684473721965,-0.08341293891512047,0.9641025641025641
0.1823145678220568,0.20509905443246654,0.2570805935031511,0.7978006104531286,-0.05935549946903418,0.9461538461538462
0.16809171109052468,0.1931195401954869,0.2828066385429331,0.6828677756309787,-0.027172262932395497,0.9512820512820513
0.16070287971732333,0.17930531494054933,0.23478027490233222,0.7637154144024225,-0.04442741055138644,0.9538461538461539
0.19883352399530563,0.2182267639077323,0.24147893992291566,0.9037093006015106,-0.08186890436189831,0.9435897435897437
0.1329055032949895,0.16947142054100814,0.3655777956131888,0.4635714274078143,-0.09345948313470531,0.9435897435897437
0.16086278216657246,0.18247425897213126,0.2417138540961171,0.754918495071328,-0.10540905827843039,0.9641025641025641
0.14360335266694357,0.17040038019584675,0.308515781849047,0.5523230584010175,-0.09837315651115786,0.9538461538461539
0.1609611107943003,0.18258714589996652,0.24601460051888266,0.7421801206711396,-0.1407130127923817,0.9641025641025641
0.16036807076215376,0.18123782368075253,0.24467187274727226,0.7407382861206839,-0.1366276140160685,0.9666666666666668
0.21325070466676355,0.23393769788670465,0.2443224047995434,0.9574958877743571,-0.08145068518362375,0.958974358974359
0.13031837242810362,0.14153126599263188,0.16942730949463614,0.8353509621016121,-0.06978069947217425,0.9666666666666668
0.1433480755560783,0.16819058456388555,0.2750603264345424,0.6114679886556114,-0.15706247788907113,0.9794871794871796
0.15669730819547634,0.16985975370595482,0.186358331270291,0.9114685270474604,-0.08882438671988346,0.9564102564102565
0.15604452066055474,0.17413490706790852,0.2301040291673696,0.7567660057844919,-0.06642327585307106,0.976923076923077
0.12772190299199382,0.1461495744914237,0.2281612963003098,0.640553752372879,-0.11609538317321744,0.9487179487179488
0.13326879643471123,0.1522859628142368,0.23118311369501246,0.6587244214347746,-0.1214206437501616,0.9666666666666667
0.1425433097049258,0.16273752622629423,0.23302393141210548,0.6983725887728289,-0.15711917032439027,0.9666666666666667
0.1538736276845316,0.17551417471233438,0.26287808144060953,0.6676637844832538,-0.08411343666277848,0.958974358974359
0.1770433250039336,0.19892443569487095,0.26126598102287063,0.761386671605966,-0.041622045864260104,0.9564102564102565
0.15410733878727934,0.16286362397707885,0.14875379185667462,1.0948535962968875,-0.06711932493602113,0.9615384615384616
0.15230586516800693,0.17551790424925376,0.25974055926836126,0.6757431521039826,-0.08246522364534259,0.9666666666666667
0.1648517901581581,0.18459400695581712,0.2329460133887632,0.7924325652560043,-0.10686072742531583,0.9615384615384616
0.1412864023855147,0.16099057151204232,0.2377865776256723,0.6770380949149974,-0.09800220251372371,0.9692307692307692
0.12762866102245396,0.14687560175980763,0.22800077788017284,0.6441890379733659,-0.09272375566828028,0.9615384615384617
0.1434168902183095,0.15765411265422255,0.19352724936304777,0.8146352163486344,-0.05277202011519411,0.9666666666666667
0.132650751593953,0.14996078201985136,0.21695746601084206,0.6911989929507996,-0.12120351030880783,0.9564102564102565
0.15758622637537667,0.1874733114366305,0.31366259798651464,0.5976909986720527,-0.13458431969219975,0.9641025641025641
0.1394430986056181,0.16120692544824253,0.2473441131731128,0.6517516159174404,-0.1300081824423014,0.9666666666666668
0.17784615642046253,0.20322882215014754,0.28127765099451496,0.7225203333133303,-0.05675538207145925,0.9307692307692309
0.1260187679718363,0.14323508958120698,0.21121456801371108,0.6781496699219574,-0.13736153365678394,0.9384615384615386
0.11649309684906117,0.13318296704029628,0.2150930966457282,0.6191875477047828,-0.1399911462911927,0.9333333333333335
0.15553970815054696,0.19749162847615764,0.40891236824691857,0.48296809735259427,-0.06278326963747971,0.9666666666666667
0.1269973862567595,0.14650178551465007,0.23951014497380815,0.6116725683192705,-0.10224417568819211,0.9564102564102565
0.16192973109273257,0.19720197700421307,0.33621915890830406,0.5865280778303158,-0.11456970687062107,0.9487179487179488
0.13069124294993606,0.14802548480782396,0.21317753898818217,0.6943765535074967,-0.12187967943974698,0.9666666666666668
0.10849543538657391,0.1284461662249215,0.23005606088224553,0.5583255043676802,-0.1114306101547532,0.9589743589743591
0.12605200533063265,0.1401942850767932,0.191632329830465,0.7315795054040284,-0.16553300238553426,0.9692307692307693
0.1437026025906496,0.16661595004537286,0.26330113705519476,0.6327961660509116,-0.10808243210509827,0.9615384615384616
0.11902998394269537,0.13579868424478755,0.20802058640319984,0.6528136786499255,-0.14145931075061835,0.9564102564102565
0.15104190225703817,0.1704368749283738,0.24196178643051486,0.7043958363950948,-0.10091284375344711,0.9692307692307692
0.189262330146434,0.21103026815972759,0.2471334852940799,0.8539120787642727,-0.10206434172928192,0.9615384615384617
0.15438983826135178,0.1720627167932077,0.21617606251419916,0.7959378794861066,-0.10593235060801665,0.9512820512820513
0.1558324869274652,0.1785393341673585,0.26126411313335735,0.6833672333567927,-0.09299213120388727,0.9564102564102565
0.1310238034580251,0.14433679599964225,0.18829177667771407,0.7665592122309913,-0.10947423151291824,0.9615384615384616
0.22038685911451417,0.24846062905388666,0.31919760656351265,0.7783912659271428,-0.01643866584699527,0.9564102564102565
0.18967016800646697,0.20572825703831651,0.21316342553146395,0.9651198676573625,-0.027582609729860375,0.9615384615384616
0.16593724689927236,0.17920622395869962,0.18730108790672073,0.9567815433509255,-0.09332305279243525,0.9307692307692308
0.16699089435213543,0.1931263975000854,0.28945743807359475,0.667201363991147,-0.0639554555609313,0.9384615384615386
0.14292488684493931,0.1617037410322473,0.23452764635506618,0.6894869050424606,-0.06782994158762579,0.9666666666666667
0.18247995114576754,0.21004720039726468,0.29507948944333573,0.7118326007460446,-0.05167077509273943,0.9717948717948719
0.12491935788919495,0.14823792594988502,0.2641675766118599,0.561151099052895,-0.14784065200646757,0.958974358974359
0.15954426792331877,0.18048140673372112,0.24198199353549116,0.7458464330208527,-0.13271967555095143,0.9615384615384616
0.13624138874611247,0.15526199459326454,0.23021064083719883,0.6744344832568502,-0.08484195713487175,0.9615384615384616
0.12537686985508079,0.14039038920283312,0.21020183126300704,0.6678837589534364,-0.04300309908929567,0.958974358974359
0.13260173554535326,0.14910482174697792,0.21517145791813141,0.6929581794426909,-0.1547892622529421,0.9641025641025642
0.162627500902085,0.18646807289304537,0.2726229640075506,0.683977865077723,-0.0616250511628047,0.958974358974359
0.18344011353599066,0.20371376221013432,0.24481100075194567,0.8321266674472155,-0.05246251121140311,0.9564102564102565
0.14892697155039647,0.17328723048936015,0.2796808976171981,0.6195890815773196,-0.08155071746334752,0.9512820512820513
0.13787592053189712,0.16129413789938254,0.26472052655139056,0.6092997018426158,-0.08037458477838288,0.9666666666666667
0.15630546124177402,0.17460525168061275,0.23038267802450985,0.7578922737500122,-0.042571699205925406,0.9692307692307692
0.14656820332435383,0.16968436834567427,0.25811627568980816,0.6573950747282317,-0.10813261224623527,0.9538461538461539
0.11991069012909294,0.13902245124277107,0.2361471807151809,0.5887110353032214,-0.09203633696459046,0.9820512820512821
0.140961796201583,0.1630678586677086,0.25642373800793783,0.6359312126658908,-0.09113199031297325,0.9512820512820513
0.1715225189215024,0.1959922004522489,0.2598854101257357,0.7541485316833505,-0.1613646710856953,0.9769230769230769
0.14808178109729697,0.17023216306801428,0.25193124859038035,0.6757088055590829,-0.11582855307493012,0.9564102564102565
0.18573803072773187,0.21337398100168212,0.2925946425055247,0.729247737328797,-0.07916333420516641,0.9564102564102565
0.14321437019947192,0.16065390604493857,0.2208777059850823,0.7273432387775199,-0.12834348624073433,0.9615384615384616
0.12624514035912138,0.14031342957252263,0.19630254942100267,0.71478149410886,-0.10992552389373633,0.9641025641025641
0.16141635460963766,0.17333688590634466,0.17364955048181402,0.9981994507063114,-0.08092514167061371,0.958974358974359
0.153792341791114,0.17838369647264016,0.26452894449756426,0.6743447179719976,-0.15414376579000633,0.9512820512820513
0.16181198573253486,0.17863482621751683,0.21629733657754713,0.825876217636515,-0.07946663626835049,0.9641025641025641
0.13138230494784486,0.1503862319311954,0.2433992402310604,0.617858263601944,-0.05563911891861306,0.9435897435897437
0.13091541149643704,0.1458086944465325,0.2000167389054008,0.7289824603904459,-0.14222565200432602,0.9512820512820513
0.15950534204640987,0.19501942487018775,0.3478943317308025,0.5605708604102583,-0.11819968179783436,0.958974358974359
0.14696458783351996,0.17191475917958904,0.2724627053218017,0.6309662049950764,-0.12205824419305189,0.9512820512820513
0.17372605046376366,0.1930178656068497,0.23472427921492006,0.8223174281434993,-0.10686517774175808,0.9666666666666667
0.1627943922883497,0.17958027636371313,0.21482664710123126,0.8359311043899074,-0.08603289757352639,0.9435897435897437
0.16457220155226016,0.18342041689501412,0.23060698745076255,0.795381002642761,-0.149286080682411,0.9512820512820513
0.15575188785309968,0.1797561253133411,0.27407131322299755,0.655873550571427,-0.08800112400575122,0.9538461538461539
0.14138672062430957,0.16915686758357737,0.30546275690167435,0.5537724772058789,-0.0983638853054305,0.9538461538461539
0.16765964702889113,0.18807028955482527,0.25285219281009363,0.7437953670272369,-0.014534377797335907,0.9538461538461539
0.1315598110646763,0.1525320840995239,0.24761216192437968,0.6160120848430173,-0.12918903674079163,0.9410256410256411
0.14572102932138553,0.16946685147701637,0.2619948627411647,0.6468327268097601,-0.09964771373768266,0.9538461538461539
0.1889871498013107,0.21126034198352978,0.2673179762479886,0.7902960547162955,-0.06325326593420932,0.9666666666666667
0.14520381069871657,0.16531225635873978,0.23228921113087325,0.7116656669241593,-0.11066173016667413,0.9435897435897437
0.1692793907087189,0.2041281353092232,0.3328481603673832,0.6132770422522856,-0.13485904959184614,0.958974358974359
0.13995975060970056,0.16438529924564718,0.2769201143561594,0.5936199312492839,-0.05467341778680912,0.9615384615384616
0.13040543092642176,0.14932570949234836,0.2284039388421397,0.6537790471098405,-0.1151938147653937,0.9538461538461539
0.21335397945675338,0.2415268637650374,0.29421181184754874,0.8209285080987468,-0.1281753973322618,0.9717948717948719
0.13796638676661743,0.16608100528326092,0.27700206076983824,0.5995659556527924,-0.2018579279014231,0.9333333333333335
0.15213212016495437,0.1657221440229228,0.18981271539124103,0.8730824153763204,-0.10146224005923155,0.9384615384615386
0.14516684871974483,0.1741910554060502,0.28771971922238027,0.6054192457744507,-0.13332499655175645,0.9692307692307692
0.11162776985807832,0.1313003871547537,0.2301803629251964,0.5704239296791076,-0.19039814920363163,0.9435897435897437
0.15072916481739718,0.17157646411233987,0.24675861630687224,0.6953210659074419,-0.05021613391764024,0.9487179487179488
0.14080680073765373,0.1565366491142323,0.2157370301923365,0.7255900805470198,-0.06705851737283774,0.958974358974359
0.20336241377634123,0.22001382883044251,0.22395951913384382,0.9823821272761205,-0.02244112597302883,0.9666666666666667
0.12604804758665988,0.14391256062900326,0.22270808999940098,0.6461936817355416,-0.10080428547335862,0.958974358974359
0.07172390504144777,0.08306695613903836,0.1734587513891042,0.4788859338247042,-0.14886383586193563,0.9512820512820513
0.22002396652584788,0.262370057889226,0.4052913396579895,0.6473616192012158,-0.08649767820954035,0.9615384615384616
0.1722250913374408,0.18922448217126756,0.21491620913126624,0.8804570066452888,-0.08954738998326128,0.9410256410256411
0.16237714972747264,0.20161729647360263,0.36023528774262076,0.559682250278749,-0.1090994397505155,0.9615384615384616
0.14436226474142622,0.16580912882556792,0.2520983848739982,0.6577159504946504,-0.11465824659363533,0.9615384615384616
0.17235897026509917,0.19796660691460954,0.2648892798540921,0.7473560539092208,-0.10014899304123581,0.9538461538461539
0.139426299254092,0.15415954524832756,0.19556743784458575,0.7882679598780429,-0.09885889017561744,0.9410256410256411
0.1357363559226168,0.15453241874450147,0.22949466835330856,0.6733595157278242,-0.1518378572673954,0.9461538461538462
0.15161169024670196,0.1744080342609152,0.2666085373015582,0.6541727283985811,-0.17713279567129736,0.9692307692307692
0.1743685414041567,0.20340077212981086,0.30843293742979633,0.6594651460533709,-0.08468067464412199,0.9538461538461539
0.15375854475762774,0.17004940940982635,0.21315377842778038,0.7977780673845366,-0.09502180010193928,0.9615384615384616
0.1573223321377919,0.17561979950721293,0.22032357387495885,0.7970994497705596,-0.136191572358896,0.9743589743589745
0.1833110734840493,0.2029841520848788,0.2440486609279023,0.8317363894278652,-0.037552708760983045,0.9564102564102565
0.1125319135669336,0.1257777494325306,0.18901750792170594,0.6654290960424138,-0.12427701199313257,0.9692307692307692
0.14097468840787997,0.16049993191980305,0.2439936792627467,0.6578036464090831,-0.05699674535740218,0.9487179487179488
0.19089291914601358,0.21327366492062022,0.25528020745951097,0.8354492776508996,-0.05963656726622746,0.9717948717948719
0.15209128611400002,0.17986870394577706,0.293032334207323,0.61381862323261,-0.09528731610492247,0.9487179487179488
0.1695223813863802,0.2003084433909845,0.3164282311777361,0.6330296214261372,-0.1177162708179521,0.9487179487179488
0.1496601775968074,0.17048444472202773,0.2530920540454526,0.673606468464674,-0.11034476669881355,0.9487179487179488
0.13233892954526705,0.15103094792900146,0.22547958427480533,0.6698209437220316,-0.05956268755458061,0.9717948717948719
0.20373907720206352,0.22761644331756617,0.26237497624869516,0.8675234451543782,-0.12434710627438073,0.9692307692307693
0.15082719935946232,0.16776989420462618,0.21215582979628675,0.7907861611237353,-0.11130220109669309,0.9615384615384616
0.14681316679765688,0.16347789769947288,0.2248129438759819,0.7271729771469719,-0.07170057753808212,0.9615384615384616
0.16010591028323518,0.1913477888448461,0.3230080928680657,0.592393172399563,-0.09507047497460852,0.9641025641025642
0.14016033666170613,0.16707444500268095,0.28225289400955683,0.5919317340888769,-0.17472205617065506,0.9512820512820513
0.1349782066430969,0.15913054354772654,0.26288942353479094,0.6053136007073602,-0.11715215291818437,0.9615384615384616
0.20937580151644286,0.23085887794267132,0.2572785698439702,0.8973109500829338,-0.030055993347548604,0.958974358974359
0.17103196196353032,0.19042641934180018,0.25073043017631014,0.7594866694397444,-0.034363938199445054,0.9461538461538462
0.1293499620335048,0.14962390324025177,0.24910346510437062,0.6006496263613258,-0.1134714136662125,0.9615384615384616
0.2091232548345403,0.22253010780910235,0.19824013580892322,1.1225280234048638,-0.03679459699521448,0.958974358974359
0.13783243648865606,0.15566489688361587,0.218634654777416,0.7119863822233152,-0.058227899584290754,0.976923076923077
0.1486051787221767,0.16239278013500988,0.1891961342941633,0.8583303286869519,-0.06615873741889211,0.9666666666666667
0.18568762430513774,0.20089349152612576,0.209473311150059,0.9590409891511814,-0.04526930052438749,0.9564102564102565
0.16433053923319219,0.18863698542204385,0.28193064193346706,0.6690900433112921,-0.11432608318610038,0.9615384615384616
0.1315551974623188,0.14734073385046004,0.21058679944702863,0.699667473162402,-0.08602887613585697,0.9615384615384616
0.18557396066098608,0.21924042108358788,0.3306806694375098,0.6629973909769731,-0.07154572360468814,0.9615384615384616
0.16663807077393145,0.18517624798223414,0.2360978957945336,0.784319772775042,-0.05806468608380866,0.9615384615384616
0.12173418635943944,0.1371637046280201,0.20632216382062502,0.6648035387379382,-0.13052471647256625,0.9717948717948718
0.1506221198083253,0.16973563426277397,0.23679647277455737,0.716799673043995,-0.10020493179449064,0.9692307692307693
0.1537290444428261,0.16793891764022703,0.19290751562809652,0.8705670025007939,-0.11498993486715137,0.9538461538461539
0.14105432186821698,0.17251469407188053,0.31660675679641026,0.5448863309724429,-0.14653213543815802,0.9564102564102565
0.11966120430027316,0.13137744035661705,0.17041266121329857,0.7709370854327383,-0.1061222937546189,0.9512820512820513
0.17551225481938548,0.19938383786899164,0.27463486791489533,0.7259960812069111,-0.05330840319103647,0.9487179487179488
0.16028609450647213,0.17965977881464204,0.23467304269668612,0.7655748472433261,-0.05704453014260691,0.9564102564102565
0.1340127015162651,0.15511754014923165,0.2521354705585039,0.6152150659549473,-0.12416882770475779,0.9461538461538462
0.13830787219576668,0.1602507502015578,0.2676821548157536,0.5986605655945159,-0.06758312833815983,0.9615384615384617
0.1720941045205011,0.20082480325327062,0.28291016254569146,0.709853620832148,-0.22347690286281308,0.9384615384615386
0.10368578193763556,0.11872673788327369,0.20571994906862975,0.5771279762647887,-0.14305141167558388,0.9641025641025641
0.17182482045243552,0.1995382446200458,0.3063843343524293,0.6512677779096889,-0.10241783691860018,0.9564102564102565
0.13129464462790996,0.14842088972147344,0.22084762364974103,0.6720511059555948,-0.1147205386978255,0.9333333333333335
0.12756696683564028,0.13979372852344005,0.17915385061979608,0.7802998821393636,-0.12951764814640132,0.9538461538461539
0.14885681409078733,0.16660460878700092,0.22739869780093375,0.7326541901873495,-0.061338539876194975,0.9743589743589745
0.1342264083717275,0.15794062689655614,0.258865961244683,0.6101251247446507,-0.10319515872674434,0.9666666666666668
0.16035197920380195,0.17531291197385973,0.19869046920466124,0.8823418288537965,-0.08322067666591604,0.9333333333333333
0.15194815221982627,0.16712633909351665,0.21045137322598179,0.7941328038475525,-0.0543419878550202,0.9692307692307693
0.17965126283574828,0.19883776744179466,0.23793212173287057,0.8356911458345769,-0.08607154865328714,0.9615384615384616
0.1270988450492032,0.14469363814239383,0.21705844713381953,0.6666114129766542,-0.13751375794926357,0.9615384615384616
0.15907839816164437,0.1729875184489563,0.19292257540313773,0.8966680964499647,-0.048397315026626586,0.9564102564102565
0.1221181087488119,0.13822367927212528,0.21109429300570948,0.6547959080465844,-0.07574267885957897,0.9717948717948719
0.16710351286251557,0.18515877390180815,0.23224891688659227,0.7972427875399809,-0.08862538660653663,0.958974358974359
0.11228833386141068,0.123262163459358,0.17315965741354428,0.7118411141515497,-0.09470157589238215,0.9641025641025641
0.16170051606599123,0.1759355355588845,0.1926068286333975,0.9134439147729041,-0.0675201668602835,0.9564102564102565
0.1522090933345126,0.17549765057982067,0.2676187328415054,0.6557749105095624,-0.06857269079701622,0.9512820512820513
0.1700850788764785,0.19214476986497359,0.2615286594226157,0.7346987144322044,-0.0934314670830858,0.9512820512820513
0.12446909888393676,0.14969533222167547,0.27701193792791645,0.5403930723759238,-0.16274501341815395,0.958974358974359
0.1128295823755896,0.14106122106567423,0.28308781745783707,0.49829491898457906,-0.15585702566118498,0.9615384615384616
0.1430643669933942,0.15358959042074474,0.17034812922553996,0.901621820674021,-0.02069121182189093,0.9564102564102565
0.130230849992244,0.14504242663302952,0.19785746221014888,0.7330652329856363,-0.07683650895574601,0.9666666666666667
0.11959041119557345,0.13648557723274787,0.2154565383523628,0.6334715032390248,-0.1346321839219028,0.9666666666666667
0.1429093650375166,0.1696985509670352,0.2810128997946209,0.6038817118041908,-0.19727576216332943,0.9641025641025641
0.1847589298550778,0.22649939003905914,0.3867124654054257,0.5857049107574004,-0.1699940592136726,0.9538461538461539
0.15502893187174616,0.16871882585521433,0.19102021646701353,0.8832511499344347,-0.10711703669500561,0.9410256410256411
0.13153697505649387,0.15432713427387418,0.2637360523971468,0.5851575196912432,-0.1425444525360311,0.9512820512820515
0.19568291782663638,0.22209365852750232,0.2969799210162478,0.7478406545719013,-0.03405904894909939,0.9615384615384616
0.11263276461824168,0.12623113047066606,0.19474362794237152,0.6481913262292738,-0.08927164697711532,0.9333333333333335
0.13267187443378936,0.14764597458465392,0.2027063067961814,0.7283738573221111,-0.11186919574049048,0.9512820512820513
0.17047251149853793,0.19674252312967708,0.2683309091692699,0.7332085734691375,-0.13973543246138587,0.9410256410256411
0.18290711153168115,0.2000574864677863,0.21400072438430792,0.9348449031813462,-0.14034176008932264,0.9512820512820513
0.1651612460872114,0.1836085063885231,0.22992398221120702,0.7985617882168605,-0.11210953380561361,0.9333333333333335
0.1549229834175656,0.17373140175806243,0.230370422296155,0.754139355332345,-0.08172709377770293,0.9461538461538462
0.13912186069417087,0.16051965932219253,0.25293028710201654,0.6346399285011239,-0.05397238940675042,0.958974358974359
0.1674887024607492,0.18876584123046847,0.24944044089590545,0.7567571663699983,-0.14868194279412061,0.9615384615384616
0.14795692618017564,0.17076886004134087,0.2683226034041776,0.6364311387666051,-0.09059200822571667,0.9461538461538462
0.15110088174501057,0.1646398349430899,0.19384387571716244,0.849342463536562,-0.06645480600510512,0.9384615384615386
0.11887013293607862,0.13776947061134756,0.23487998177093017,0.586552628166112,-0.1027434101595055,0.9461538461538462
0.17451129319487602,0.20329624936517027,0.2886781624351576,0.7042314792717802,-0.18370126776199003,0.958974358974359
0.15519161124350855,0.18638601347207967,0.3203912059244622,0.5817450979476116,-0.10169864277145135,0.9641025641025641
0.10961488800307606,0.12665041855110445,0.21259151391865008,0.5957454096665792,-0.1601818329881992,0.958974358974359
0.1664044027045417,0.187099357766127,0.2507297371085177,0.7462192555370845,-0.147712650152372,0.9615384615384617
0.17839243981186836,0.19195830329793281,0.1944074360280189,0.9874020624924392,-0.05888214121538171,0.9487179487179488
0.170777820057455,0.19609662168095357,0.27627529264091194,0.7097870381620756,-0.04672271354959889,0.9564102564102565
0.16123099612519276,0.182036188127283,0.24444043391009135,0.7447057150710119,-0.09438659921107051,0.9410256410256411
0.17572252167892022,0.20834775503290423,0.30770980826010297,0.6770916930174377,-0.13788542638770507,0.9692307692307692
0.13169848940103668,0.15519957913819452,0.26150109744240485,0.5934949438305013,-0.13390915371452816,0.9692307692307692
0.15292027679073872,0.18393145272208128,0.33105725925725393,0.5555880367485132,-0.049143226824400865,0.958974358974359
0.13256764181435843,0.14288730084404125,0.16402632842503345,0.8711241799778895,-0.07447786649158106,0.9538461538461539
0.17499773302387545,0.19194059689807927,0.21986391241198533,0.8729972772358258,-0.06273377608887654,0.9692307692307692
0.1417533389237129,0.15997085707626318,0.22851531256561974,0.7000443658685955,-0.03160971241529109,0.9538461538461539
0.15815814367821956,0.17220337458989904,0.19823291317390068,0.8686921451778943,-0.09218139493447475,0.9743589743589745
0.1557181707859081,0.17473879826311506,0.22497422440996048,0.7767058591774334,-0.09843964051133314,0.9538461538461539
0.11400881837984467,0.1448704731173483,0.31172090622665555,0.46474416769471166,-0.14779913738153427,0.9333333333333335
0.13386000658199837,0.15080701059050267,0.21482531165363947,0.7019983326436281,-0.09268035571023536,0.976923076923077
0.15617839893761554,0.17581241740836553,0.23429388631875037,0.7503926806232476,-0.12565420280042927,0.9487179487179488
0.1128630146721401,0.13260140271660098,0.2389525383715524,0.5549277844892203,-0.14748022219811374,0.9615384615384616
0.11844659264253288,0.14341392369967673,0.2703742481410064,0.5304274526355153,-0.14229510677187562,0.9538461538461539
0.11763388833309185,0.13130223359073984,0.19368638079343373,0.6779115446985067,-0.02133388589928431,0.9615384615384616
0.1523097321152962,0.17854606643850404,0.29057330077579513,0.6144613629738448,-0.12788131884996645,0.958974358974359
0.15190804479377862,0.169647369760862,0.22334165644164666,0.7595867804678275,-0.07784497044511451,0.9666666666666667
0.14451055268370094,0.16143854562663748,0.21836946051115189,0.7392908571040454,-0.11349577120823429,0.9512820512820513
0.07188214585485198,0.08410311773324086,0.17800442754304197,0.47247767313486905,-0.1480070307045055,0.9512820512820513
0.1592217600692949,0.1817955325855812,0.2498652703324396,0.7275742336808422,-0.07034744907796608,0.9538461538461539
0.15223734813154532,0.1779539909431896,0.2731392995011489,0.6515136828284978,-0.16860631363994383,0.9487179487179488
0.14625041214025192,0.16126924587108907,0.20456715872663714,0.7883437736288501,-0.04893921730808659,0.958974358974359
0.18673066775392777,0.21082756978615896,0.27308032456514136,0.7720350051651838,-0.04162385291296833,0.9564102564102565
0.11771645507727935,0.13407126856916257,0.20865094489532088,0.6425624798221041,-0.08476847441605861,0.935897435897436
0.13611599345818925,0.15566004525138738,0.23247728808535917,0.6695709784528859,-0.11997074846320177,0.9615384615384616
0.15903313111457384,0.17987894062079704,0.24637489412058206,0.7301025587970817,-0.03794222144202597,0.9666666666666667
0.15001197606043992,0.16877085795266464,0.22612086677880547,0.7463745401160107,-0.14940157329291726,0.9435897435897437
0.14015014654368319,0.15872667268840002,0.2250057221339571,0.705433938226256,-0.12910415999842517,0.9615384615384616
0.12122516822675666,0.13447677087025992,0.18197985114114573,0.7389651657971636,-0.12893113759039276,0.976923076923077
0.16915815099880183,0.19842519172977882,0.2970084481686093,0.6680792851290697,-0.09942039281015014,0.9615384615384616
0.1740619550877851,0.20106511149330472,0.27623346434590623,0.7278810768615859,-0.18959244645844486,0.958974358974359
0.1655177968530277,0.18057541812104344,0.2037088244128101,0.8864388601797265,-0.04342038737453924,0.9564102564102565
0.1821517638272303,0.2076773746093347,0.2779820614883029,0.7470891232960853,-0.10775150564937841,0.9512820512820513
0.13042347429713397,0.146048308643071,0.21441350608083912,0.6811525603615998,-0.05724524092837513,0.9692307692307692
0.13994324750313658,0.17005410954032898,0.30233874013426004,0.5624621888177902,-0.13739342778895391,0.9435897435897437
0.17625417473400318,0.21734579156157816,0.3909651816692796,0.5559210941332177,-0.07093031647879289,0.9641025641025641
0.1762109229691584,0.19358216378622714,0.22875370921273402,0.846247103281729,-0.03320002675791445,0.9820512820512821
0.1511480216049661,0.16752845237749328,0.2109619691344696,0.7941168404183254,-0.09817411153339306,0.9641025641025641
0.15532488677353018,0.17703886224581786,0.2623233640518671,0.674887892223025,-0.030357242774118998,0.9692307692307692
0.18390280845208662,0.20801343108914677,0.27291007926699307,0.7622050151018546,-0.03149099915012599,0.9743589743589743
0.16458785075275384,0.18105053920742922,0.20871954219792632,0.8674345358411197,-0.14678359696745003,0.9564102564102565
0.12806732220249328,0.16539488604429303,0.37121626047102513,0.4455486024088181,-0.06827401746056605,0.9666666666666667
0.1404747720508277,0.15980846336704332,0.23585228153043636,0.6775786196769112,-0.09657925960065172,0.9615384615384616
0.13522705663884094,0.15750240269130053,0.25500832591768524,0.6176363149105223,-0.17176157932916247,0.9487179487179488
0.13276341820293514,0.14621272177459826,0.18745478395917414,0.7799892789422861,-0.14061020087565357,0.9512820512820513
0.14539322981519365,0.16961064538017712,0.26432978293626447,0.6416630146481596,-0.16532421447186596,0.9666666666666667
0.1640717536207863,0.19896669295829517,0.34830751559440803,0.571238586737775,-0.16602707180051202,0.9769230769230769
0.19164417087858632,0.22221364819810127,0.31239543408671766,0.7113216902408923,-0.07307615099992548,0.9641025641025641
0.11891616905998204,0.1391473152297789,0.2454174541131528,0.5669821477555679,-0.18488131074032266,0.9512820512820513
0.19090173320774562,0.2211691900883268,0.31108584992772736,0.7109586956131553,-0.0871729015654572,0.958974358974359
0.1793131109905748,0.20116317790679195,0.25021789159706254,0.8039520140739349,-0.12786012368792798,0.9615384615384616
0.12784731962854856,0.15778946921895703,0.3183868656912705,0.4955903845982152,-0.11451340500742502,0.9538461538461539
0.160472900096011,0.1816176727078589,0.25339776986379436,0.7167295624009694,-0.06362335740944325,0.9564102564102565
0.17903708024948162,0.20440569024914473,0.2839885814066152,0.7197672851376951,-0.06528642603821733,0.976923076923077
0.1252863325569764,0.1522804136767789,0.27962537800876447,0.5445872429790899,-0.17692052819545323,0.9538461538461539
0.1625590983694687,0.17861821417414794,0.21268595544429822,0.839821387364374,-0.09512441164309138,0.9538461538461539
0.15166213908554482,0.16585649566052538,0.1956992757562404,0.8475069466639893,-0.09594815163282355,0.9666666666666667
0.15981179485202257,0.185744890820804,0.2917634306621271,0.6366284163826669,-0.07623097392758793,0.9717948717948718
0.1390498814847434,0.15478735473407523,0.21861740918521486,0.7080284928403751,-0.050073615677554195,0.9512820512820513
0.16742720220237683,0.19217351077240022,0.2660929883162034,0.7222043391238733,-0.10636744005216581,0.9615384615384616
0.17450465398036186,0.1947646274397619,0.2416494019798236,0.8059801755934975,-0.10720206348116612,0.9487179487179488
0.18918871587749497,0.20475534737323223,0.20781013693352746,0.9853000936076936,-0.03082062696658916,0.9512820512820513
0.13133666892441598,0.1511686360430351,0.23351924604023733,0.6473497949586026,-0.10394476308314837,0.9512820512820513
0.12725891660817612,0.13726691675339647,0.16092403057982355,0.8529920376640555,-0.04157188733142958,0.9564102564102565
0.1468488904320684,0.1659538763826034,0.23363661588654333,0.7103076534167595,-0.05963667437759379,0.958974358974359
0.20621735598047253,0.24922216080267262,0.39173608985908015,0.6361991331774556,-0.20192539795623565,0.9512820512820513
0.146246921350089,0.16936961302227285,0.26430890504707644,0.6408017656162822,-0.1497788726289222,0.9512820512820513
0.1788554670367688,0.19497783667094346,0.2079241251074309,0.9377355156367818,-0.09371348482385256,0.9461538461538462
0.12701468125981874,0.14478010200305436,0.2293066689552433,0.6313819945259113,-0.12865593475020798,0.9615384615384616
0.14984877967931332,0.17436833260245593,0.26794929184617217,0.6507512350603993,-0.10157486820424366,0.9615384615384617
0.13230917739199666,0.1523740766146902,0.24429487945071737,0.6237301287578942,-0.08250865137528252,0.9487179487179488
0.17630378133707736,0.20611133010853416,0.3050867635283747,0.6755826694177923,-0.09112532011113739,0.9538461538461539
0.12925977006045364,0.1489185315654636,0.22386431006346516,0.6652178345143335,-0.15156398480872257,0.9538461538461539
0.15804159648171123,0.19484217315321445,0.34482759065159546,0.5650422948611376,-0.17969642197117675,0.958974358974359
0.12697013524816825,0.15360848279712647,0.2820953895950453,0.5445267397586154,-0.14192648274263764,0.9538461538461539
0.12627477214997285,0.14366073847011804,0.21078468517664123,0.681552069827691,-0.09306958148371858,0.9512820512820513
0.1194365060450382,0.13540167755595178,0.20768185747847728,0.6519668073075853,-0.1313090765540329,0.9615384615384616
0.15606815445436628,0.17897086303999368,0.25366856945845934,0.7055303044522505,-0.16872327811218402,0.9487179487179488
0.1567136329254244,0.17059438596924367,0.19162428147064497,0.8902545369511385,-0.1147218915289493,0.9538461538461539
0.156855556759677,0.17507101001427147,0.23490827691031105,0.7452739099572652,-0.03552671546121344,0.9564102564102565
0.18913241373818934,0.21611394919397836,0.2826875693812827,0.7644975322649885,-0.10932372021624726,0.9564102564102565
0.1563674365507972,0.17860451971217792,0.2568086353339423,0.6954770795768946,-0.049698405285723,0.9666666666666668
0.13743420599298628,0.14948461482845898,0.173479994559654,0.861682150774199,-0.12367318277123884,0.958974358974359
0.15844662869750747,0.16931768026076569,0.1705078815675349,0.9930196698485295,-0.0675754871001808,0.9538461538461539
0.1743057820448004,0.19458468988331967,0.2520387466327873,0.7720427612141064,-0.07429202829494708,0.9564102564102565
0.11638432148581046,0.13526387124814673,0.22692984312133482,0.5960603038703194,-0.13702913787541582,0.9717948717948719
0.10334291271700558,0.12012008002120224,0.21166237269077173,0.5675079537953198,-0.17588754152348274,0.9512820512820513
0.11513268128957654,0.12656924736159644,0.1806238374833907,0.7007339071357906,-0.11198354538048505,0.9512820512820513
0.20437814144239863,0.2371479995763746,0.34369840928147954,0.6899886446147527,-0.04595067693125854,0.9564102564102565
0.2077740781662265,0.2423437286692646,0.3422888751142785,0.7080093636942022,-0.027564925261129636,0.9641025641025641
0.15573057434463689,0.18110160738395484,0.2843155747393366,0.636973924309249,-0.14975003605993809,0.9564102564102565
0.1364184074787136,0.16147723067930783,0.27317585353980006,0.5911109220924666,-0.10588725017979339,0.9487179487179488
0.13210128695515677,0.15761164325523985,0.2789996459306848,0.5649170009857187,-0.12536995130586637,0.9538461538461539
0.14147547391024728,0.17112837480107704,0.3113032415447791,0.5497160066560414,-0.1719889380687104,0.9538461538461539
0.18002753426889417,0.19945791151909517,0.2438924348975436,0.8178109813159443,-0.04108647978543245,0.9384615384615386
0.1739501645269661,0.20270743036191585,0.28665665782919886,0.7071436327241937,-0.11425975183225301,0.9615384615384616
0.12707785416595896,0.1383538531429083,0.16824423457587007,0.8223393419197218,-0.10809826151310498,0.9564102564102565
0.1638165931797173,0.18644944685981657,0.25239451872167873,0.7387222504044103,-0.14105774157441187,0.9307692307692309
0.15426409985370082,0.16742094196131094,0.18979461176196744,0.8821164120891027,-0.044188313906400545,0.9384615384615386
0.1591967853029268,0.1942606531313192,0.33061308583197324,0.5875770241896834,-0.153469791411737,0.9692307692307692
0.12733262571293413,0.14896559038116908,0.25145436007001604,0.5924160167264169,-0.1480668807393022,0.9615384615384616
0.11877852224434426,0.14736490672099942,0.2975354626676845,0.4952851851666178,-0.08535651210541562,0.9538461538461539
0.1502575237099364,0.16757151788761587,0.21416645652076402,0.782435870723618,-0.091179326947054,0.9615384615384616
0.16844649600531292,0.1891148757639451,0.24395965295563912,0.7751891489956053,-0.08301723072152545,0.9666666666666668
0.13768812384522122,0.15769735768737414,0.23620868652613716,0.6676187908522343,-0.09989238395368283,0.9615384615384616
0.15947523358871685,0.18288284897564952,0.2598909351616845,0.7036907572858347,-0.09983180389682356,0.958974358974359
0.11304834585309997,0.13069087970227833,0.21768754739534035,0.6003599253425913,-0.1924284406019996,0.958974358974359
0.14550231388733992,0.16252288359098813,0.22513486254506718,0.721891233342213,-0.08592991127369176,0.9615384615384616
0.16080156100689158,0.18767676107869208,0.2913737609994,0.6441100270489989,-0.06266141413780113,0.958974358974359
0.1331837133526501,0.15411113091437234,0.24724913725035194,0.623303007760659,-0.10715549398472457,0.9538461538461539
0.14210128953447643,0.17150080267218898,0.320591002900424,0.534952014001021,-0.08134342055044808,0.958974358974359
0.12320616200998447,0.14327673274480027,0.2365670758560725,0.6056495064933292,-0.14770392848618574,0.9692307692307692
0.15220917880882068,0.18151193161563167,0.3155496809345375,0.5752245766120337,-0.06713885318554225,0.9615384615384616
0.10042385192410808,0.11415931506464215,0.19623117994120887,0.5817593060330394,-0.09449109750354268,0.935897435897436
0.1595077091594561,0.17957798556740828,0.24032127302831086,0.7472413211886292,-0.13899787130479435,0.976923076923077
0.12509876381373464,0.14229030511767488,0.2196628541225926,0.647766804660853,-0.05205211872599136,0.9564102564102565
0.1732358398414251,0.20283612130243878,0.3001450997085563,0.6757935461861432,-0.17456109607075887,0.9538461538461539
0.19085264721699535,0.21520467321677722,0.2654266936131624,0.8107876049965809,-0.05768249755003896,0.9666666666666667
0.17494971447411256,0.19232252990811197,0.22157462247923693,0.8679808533855627,-0.034728374590417,0.9564102564102565
0.17776670877708267,0.19618597882748903,0.23425736703564098,0.8374805083403861,-0.020142529078810645,0.9564102564102565
0.12919884559938843,0.14969784597957805,0.23752877153052215,0.630230371735586,-0.14308440951444268,0.9692307692307692
0.18333753187696789,0.2200968535264937,0.34857337773856445,0.6314218686303973,-0.10584993256449549,0.9846153846153847
0.1208113830904729,0.13963184522680624,0.22880046660753703,0.6102777992420693,-0.1309384166858114,0.9641025641025641
0.17209841330580966,0.19142785022101316,0.2365756851019744,0.8091611364815426,-0.11633281194494005,0.9487179487179488
0.14372288315846138,0.16144836498403634,0.22252416176105863,0.7255318420540593,-0.09747908466017541,0.9564102564102565
0.14053056506137218,0.16649982843204278,0.2791897245666448,0.5963680385819426,-0.11835978294560401,0.9461538461538462
0.18903533926092342,0.21121364826164638,0.24890082407340536,0.8485855723778385,-0.17128747249350795,0.9512820512820513
0.10500655183538399,0.1189290676269688,0.18824567992950322,0.6317758137743557,-0.11107368187594924,0.958974358974359
0.1437483461226583,0.17117703839718326,0.2821876393017901,0.6066071455883836,-0.14924888320409335,0.9717948717948718
0.17719633611776597,0.2160845102299946,0.3648444067415382,0.5922648291633875,-0.11773895797227207,0.9717948717948718
0.16540878831716932,0.1814502877843358,0.21333908110997146,0.8505253085382997,-0.0712918725833882,0.9666666666666667
0.13971099950674182,0.15355838682806186,0.19009077915542788,0.8078160735114075,-0.11289091421980879,0.958974358974359
0.12148026914689214,0.14101120732326283,0.23467963209010834,0.6008668330838346,-0.10085432372845804,0.9564102564102566
0.15387689142131045,0.18324660702679377,0.31748402231425465,0.5771837136591746,-0.10592292494736477,0.976923076923077
0.13404366331028394,0.14618627229153747,0.17939862407861698,0.8148684140825683,-0.12287294480463284,0.9461538461538462
0.1497030756614588,0.17201592531170076,0.2555725525824401,0.673061029338092,-0.09263003771586398,0.9487179487179488
0.16914143494155454,0.18709507688364618,0.21996957862034827,0.8505497808247334,-0.08432020263815088,0.9512820512820513
0.12069997979378355,0.13971056273709878,0.23668427541830767,0.590282402538906,-0.1369605949809971,0.9538461538461539
0.16790632395047433,0.19779658309180195,0.3048876045902593,0.6487524586564358,-0.14434539301798477,0.9512820512820513
0.20572879436899805,0.2202275650123782,0.20934441209089139,1.0519868326686534,-0.026024377532915755,0.9641025641025641
0.11824727322490824,0.1305771312795699,0.17605612636361564,0.7416789973549902,-0.11515571092722332,0.9615384615384616
0.11564571112946509,0.13394463418961314,0.22527195039387657,0.5945908221392754,-0.13725842781104247,0.9692307692307692
0.14656107668772966,0.1640540506857606,0.2277164202357236,0.7204313615853346,-0.09165321053162057,0.9410256410256411
0.1189566647783431,0.13544109943180405,0.2174663617590907,0.622814022068598,-0.05972553957036386,0.9435897435897437
0.18598791409331805,0.2044664517665052,0.23082534206881603,0.8858059081985354,-0.03731944904895168,0.9512820512820513
0.20766063431534487,0.22363800577560772,0.20957598895839266,1.0670974613413695,-0.06774926736226627,0.9589743589743591
0.0931586269198954,0.10707755520507897,0.19138356068433424,0.5594919167675609,-0.15591198611463353,0.9717948717948718
0.11703189947825332,0.1348222518151899,0.2324574038349556,0.579986911971681,-0.08427081380822765,0.9538461538461539
0.142901088202249,0.16311242476664026,0.23483470891460784,0.6945839715114357,-0.09554823441829707,0.9564102564102565
0.13122371164871405,0.1522357389210399,0.25282468369905964,0.6021395407034227,-0.11977558109754005,0.9641025641025641
0.16472952552463038,0.19320020327819826,0.2982939999293224,0.6476838398491924,-0.17053334332926573,0.9692307692307693
0.1645904109150007,0.18491073378824927,0.23512072410682755,0.7864501714627024,-0.06853907044113816,0.9743589743589743
0.1865987337642694,0.22268741556651564,0.3635688403367772,0.6125041281322079,-0.03553713367642242,0.9641025641025641
0.1511641919298956,0.1883927716300167,0.3661686057320819,0.5144973345089553,-0.11173208904505083,0.9538461538461539
0.14844997833471374,0.16584762724139354,0.22942931287667717,0.7228702608307943,-0.08940016519162208,0.9538461538461539
0.19966335433867788,0.21559098490561454,0.2112862813924799,1.0203737956140102,-0.051281102727074535,0.9666666666666667
0.16481123252072893,0.19035874400591782,0.27228133245154706,0.6991252110160453,-0.130097371688915,0.9538461538461539
0.1288531751713924,0.16078301910046175,0.3221261973990399,0.49913052834162613,-0.10609844868049145,0.958974358974359
0.1058286959314172,0.12105998680302751,0.20013991200917597,0.604876786382704,-0.13664043564420802,0.9641025641025641
0.19319053672645126,0.22250323611623046,0.31021087830478045,0.7172644535618841,-0.04056408977446646,0.9692307692307692
0.1397150431888612,0.1562966991127081,0.21116648293475815,0.7401586508451601,-0.08768199531246534,0.9564102564102565
0.14287678359516787,0.17038420438872154,0.3026985396212461,0.5628841308647081,-0.13395777369534745,0.9512820512820513
0.14949762441429004,0.16269079199554373,0.1813028097410569,0.8973429161296755,-0.09916326933473207,0.9615384615384617
0.12238476451928038,0.14390341230347586,0.24597394950754706,0.5850351738124226,-0.13348045490201998,0.9487179487179488
0.13738452878859908,0.15254471709647713,0.2099149792752297,0.7266976259777458,-0.08356858268329925,0.9538461538461539
0.16605350497637628,0.18434020377267854,0.22423543652487066,0.8220832827742317,-0.12382293336084171,0.9717948717948719
0.164516866185062,0.18202560108217827,0.22591334553703374,0.805731952884293,-0.10382041784931739,0.9743589743589743
0.11842622129426816,0.13473535749745102,0.2132772936637857,0.6317379369500551,-0.10667888801911074,0.9487179487179488
0.24265841184774772,0.2664547294479133,0.2686471028026376,0.991839207153725,-0.020583531779922337,0.958974358974359
0.18908392241176308,0.2076901341104727,0.23076382819125207,0.9000116514722732,-0.04925104637269773,0.9384615384615386
0.11707013148532353,0.12861925688056633,0.17577762052857343,0.731715769583186,-0.10142604846315872,0.9487179487179488
0.1379505016828011,0.1522376783423066,0.19641422626692015,0.7750847850268281,-0.10911560951049426,0.9564102564102565
0.15260026525041437,0.1715555069928733,0.23742481014893463,0.7225677336974933,-0.11095185670194008,0.9461538461538462
0.13069954574325315,0.14300764943545732,0.17860553370892687,0.8006899140567315,-0.1310181663908776,0.9487179487179488
0.14202702986659088,0.15461307388962825,0.17964200437300087,0.8606732842314337,-0.11039641914162479,0.9692307692307692
0.1290099157872846,0.1482114999185186,0.23966423146083468,0.6184130982546677,-0.10454649830550378,0.9384615384615386
0.14516356394789964,0.171264796373852,0.2734117470188823,0.6263988224398571,-0.13798582419494065,0.9487179487179488
0.20170145155549624,0.23485202678020328,0.3311549403424906,0.7091907689413062,-0.07914785394984625,0.9615384615384616
0.1783065094908971,0.20435207198254757,0.28000524762750173,0.7298151506588992,-0.10013293363808506,0.9692307692307692
0.15391605187402435,0.17853712775302968,0.268226618704664,0.6656204690467777,-0.174931034324317,0.9641025641025641
0.14088017788877383,0.1662466864295151,0.27575229761640735,0.6028841386510477,-0.049718964018961254,0.9641025641025641
0.1275430807054434,0.15340146185058584,0.270442769967401,0.5672233791610578,-0.25332572787429175,0.9692307692307692
0.13407297522823858,0.150067392380292,0.2033118889078024,0.7381142007309978,-0.1443478078883308,0.958974358974359
0.17043504478254667,0.19748809972280762,0.2789050158931521,0.7080837147742975,-0.13187409847074738,0.9307692307692309
0.16071620727701208,0.1747762897738834,0.20003842277693426,0.8737135963563308,-0.07086576908548625,0.9487179487179488
0.1339008825909429,0.148401178917138,0.21137980345784071,0.7020594043968649,-0.06194982798715509,0.9538461538461539
0.1551046280038395,0.17181819327943268,0.21946324924688987,0.7829018930005093,-0.07254667787094637,0.9666666666666667
0.16540470166655208,0.1881679864685963,0.26550291800539205,0.7087228565404122,-0.09319883719474253,0.9461538461538462
0.1281904844591928,0.14793999257823393,0.22705335655170045,0.6515648780754656,-0.17180479341669375,0.9564102564102565
0.14627514096580896,0.17356182208548754,0.27767290879467416,0.6250585368190463,-0.18876756253624005,0.9692307692307693
0.15356027488000734,0.17692140908308754,0.2516612546205018,0.7030140946800894,-0.12851291201017556,0.9410256410256411
0.13796492479018263,0.1492006388706917,0.1696252091053937,0.8795900070371525,-0.06351826964525342,0.9615384615384616
0.11718634913398995,0.1375125963775269,0.2406438564377412,0.5714361397507933,-0.11077925737635663,0.9692307692307692
0.1767571219711015,0.19844500025190553,0.2531523036504152,0.7838956920018534,-0.11245830195205231,0.935897435897436
0.1380847631843236,0.1617113480453372,0.25167552085593403,0.6425390419193976,-0.21102724173311094,0.9538461538461539
0.16625622932850503,0.1854246697454522,0.2311184859924195,0.8022926809564422,-0.12391790352329601,0.9564102564102565
0.12241289990704063,0.141176168367697,0.22018491284890865,0.6411709437356973,-0.16894967038015551,0.9512820512820513
0.13378447391821902,0.15083125595754238,0.20840929690096363,0.7237261398622614,-0.12351997290956973,0.9692307692307692
0.1485899844591494,0.17181679942285183,0.2577970959178597,0.6664807406426205,-0.09683137262946395,0.9435897435897437
0.15543890864088028,0.17536432579671293,0.24884266023064083,0.7047197037444295,-0.10391075964012109,0.9358974358974359
0.18360583742558956,0.21445756861126725,0.3085667585420392,0.6950118983151891,-0.07924441173322783,0.9487179487179488
0.1528316989671743,0.17123411804113312,0.21474275765805542,0.7973918185115091,-0.15563060090603031,0.958974358974359
0.1379590262443413,0.15358040877417706,0.211070573201432,0.7276258667645249,-0.08092383216008481,0.9641025641025641
0.16401400535780875,0.18671569250361358,0.273727773932672,0.6821218388658634,-0.06284729230548103,0.9743589743589745
0.15818956403512274,0.1824010590427856,0.2716729915627801,0.6713993098597552,-0.07388882082265846,0.9615384615384616
0.13482264211221517,0.1520037535709505,0.22358823990176174,0.6798378735739259,-0.05978310637870865,0.9564102564102565
0.1393508417750069,0.15899511708458797,0.23977482694546018,0.6631017905843528,-0.0682311823131938,0.958974358974359
0.11046830516108552,0.1327273243001347,0.2611452016699523,0.508251055165401,-0.11467567167845372,0.958974358974359
0.14838871824281163,0.1711211581166727,0.25296979387378515,0.6764489763629669,-0.14109578854345217,0.9666666666666667
0.1661460551385605,0.1912378415708534,0.2857125931356241,0.6693364106638284,-0.08201437125519262,0.9641025641025641
0.14808906097133478,0.16483989418899014,0.2131651664125708,0.7732965801267481,-0.08642560524195742,0.9487179487179488
0.12290346635325089,0.13276226090433532,0.15944678060418152,0.8326430950895826,-0.09550572067002272,0.9641025641025641
0.1419069371600159,0.16293709677843074,0.2485780032683053,0.6554767301858277,-0.043629898187388605,0.9538461538461539
0.1122227038704593,0.13557144728880255,0.27039829053230624,0.5013768652971752,-0.10695584099180644,0.9538461538461539
0.16534103167157332,0.18085540894475324,0.20435255058795898,0.8850166461069351,-0.1124664279362223,0.9641025641025641
0.1460360296208405,0.1738529779927041,0.2984493898354636,0.5825208022323315,-0.07899189531750062,0.958974358974359
0.13422285610889628,0.15132121868820744,0.21883416398739203,0.6914880927683928,-0.1275203491861947,0.9564102564102565
0.1621863131145953,0.1786472737743014,0.21763764042593448,0.8208473195384504,-0.06736871167345715,0.9666666666666668
0.16688898178662503,0.1862816090264631,0.2300568060780315,0.8097200521999746,-0.08431757509372084,0.9692307692307692
0.15282910498358926,0.17908939248565428,0.2735436829016429,0.6547012549730451,-0.08627209576211858,0.9512820512820513
0.13766042011760815,0.15522941900738868,0.21765484887162778,0.7131907228905456,-0.05956604722216208,0.9615384615384616
0.1398241752068865,0.16126455532256484,0.25088431564242447,0.6427845236543557,-0.12048088702175741,0.958974358974359
0.1835168841598538,0.20590326008090276,0.25094328144491707,0.8205171260028304,-0.11725661955808775,0.9461538461538462
0.18828238026791322,0.2125204605716435,0.27848485219584845,0.7631311322534177,-0.03645278137116892,0.9512820512820513
0.141543602300503,0.16482747867631925,0.25704062569997715,0.6412506903430476,-0.12307377316233492,0.958974358974359
0.14327013108413822,0.1623405198741379,0.23155438134874703,0.7010902533069964,-0.1330253310728211,0.9512820512820513
0.17569561878093887,0.19142731555841128,0.20081125278216977,0.9532698636468458,-0.08046247137635554,0.9461538461538462
0.18836562493125752,0.21287090346743112,0.28253437809225856,0.7534336348899829,-0.08665708911778935,0.9487179487179488
0.17289092808297024,0.20502040832760735,0.31943292242048743,0.6418261673658281,-0.11840106861099031,0.9666666666666668
0.1440196369761484,0.16234833407274882,0.23035140218641287,0.7047855256438497,-0.050074019584592566,0.9615384615384616
0.15670915334000912,0.18015351352874628,0.2623618623490625,0.686660446437367,-0.08711768148419907,0.9666666666666667
0.11341391446355154,0.1382152305241045,0.2582473159793876,0.535204906195952,-0.14785247536955437,0.9512820512820513
0.1477343033543046,0.1654041107724827,0.22449221262630392,0.7367921979895983,-0.08744766856761865,0.9538461538461539
0.1820279134873135,0.20049294746561105,0.22694547294899375,0.8834410524270385,-0.09266027595936488,0.9615384615384616
0.17832246631404303,0.21089981863671348,0.3316358910567487,0.6359378593332796,-0.14178775608987104,0.9641025641025641
0.19651519364479175,0.21678607464035968,0.23367944767513485,0.927707065371617,-0.07265488358416106,0.958974358974359
0.1504316175628213,0.16647284349783678,0.2182068650317844,0.7629129517698173,-0.04157831041510396,0.9410256410256411
0.1428647964188694,0.15715937411150147,0.19250715237235805,0.8163820002257114,-0.10380551284111283,0.9641025641025641
0.13954855885335227,0.14826181240312744,0.15262916822526817,0.9713858374980143,-0.030473620228735232,0.953846153846154
0.13519855057923347,0.1507549879716274,0.19976829486095535,0.7546492203708168,-0.14737684701543197,0.9538461538461539
0.11814471373035729,0.13069041646669505,0.1778794964127917,0.7347132137332543,-0.12614165621822693,0.9461538461538462
0.15220398879768804,0.16512937789623397,0.1890372469446814,0.8735282626315243,-0.09594222109419714,0.9641025641025641
0.13292505598293203,0.1525194506809209,0.22849055093355905,0.6675087878153474,-0.1478271078973269,0.9435897435897437
0.15549929803104967,0.17864298973548368,0.2566179943848969,0.6961436596201439,-0.15810217351935618,0.9538461538461539
0.12698166717284742,0.15115703973280997,0.2687001633745698,0.5625491173300704,-0.11867557678762086,0.9666666666666667
0.13795990113169743,0.15712301628587483,0.23494106360476613,0.6687763044701197,-0.10157242407306422,0.9461538461538462
0.152055642935369,0.16507028691236683,0.18053797280619857,0.9143244733869047,-0.10658218145260323,0.9564102564102565
0.1472268113221611,0.17003261337289652,0.2514382928958488,0.6762399291476566,-0.20450220522032736,0.9487179487179488
0.10248912204230565,0.12014741322687937,0.22034911493733647,0.5452593411189659,-0.1849768464241054,0.9435897435897437
0.1339771050404519,0.14610155292378027,0.18135990170781568,0.8055890610216626,-0.09751893349010743,0.9487179487179488
0.1389223849476482,0.15413139162853384,0.2097633974532674,0.734786876546812,-0.06388348552945378,0.958974358974359
0.13626981981777342,0.1626848924249382,0.29079802189699105,0.5594429128632994,-0.1860066856557253,0.9461538461538462
0.15818165941362072,0.18670885449790514,0.3104210879936859,0.6014696221337349,-0.11306643946991946,0.9666666666666667
0.1328990201069178,0.14815373554323613,0.2005556698080879,0.7387162660871405,-0.09889266966362331,0.9410256410256411
0.13808485446395613,0.15565126476230748,0.20848324439596475,0.746588845608545,-0.23976510747298074,0.9538461538461539
0.15807951806285536,0.17330908477564894,0.2031418606314194,0.8531431396609138,-0.09785828982857037,0.9538461538461539
0.14295901250837573,0.16005366286013073,0.21594025042376153,0.7411942078701916,-0.09906013132277436,0.9717948717948718
0.1686923464768728,0.1855054492089747,0.21540287496456365,0.8612022900784985,-0.07103968622574497,0.9435897435897437
0.12518889741847672,0.14251959602374048,0.20930363476223224,0.6809226996255557,-0.14297520913649897,0.9717948717948718
0.15460920843491222,0.17469529756364913,0.23847464688311856,0.7325529143115619,-0.10690294369738362,0.9769230769230769
0.1310062255154496,0.14848701199886924,0.22894215293915196,0.6485787352507949,-0.0563909407481773,0.9461538461538462
0.13123015190654974,0.14551402744194544,0.19814953671365917,0.734364711900508,-0.053623141255929485,0.9564102564102565
0.1662899704193852,0.18156597134900626,0.21191372739610193,0.8567919293384394,-0.07665250431577131,0.9435897435897437
0.1580738909628121,0.17676039874223082,0.24103209347357943,0.7333479794947153,0.0,0.9692307692307692
0.18286451875863374,0.208164877048458,0.29098783043785215,0.7153731368601579,-0.05886278782598875,0.9615384615384616
0.09136405872800046,0.10901816721859535,0.22043959812694378,0.49454892925278987,-0.09974179164152286,0.9538461538461539
0.1334199343525706,0.15159034294033175,0.2262738401901567,0.6699419730223246,-0.09495885745090449,0.9615384615384617
0.13371906761906782,0.1605109001764276,0.2804834533529043,0.5722651310003403,-0.2055496602390129,0.9641025641025641
0.18569608726208964,0.22798025097583105,0.4136980186577647,0.5510789046452498,-0.03292659478513282,0.9487179487179488
0.2106715757392741,0.23699095757239025,0.29636498223792557,0.7996591087881324,-0.07031341557107695,0.9743589743589743
0.15009142356833505,0.1627649433632167,0.17636521112743198,0.9228857682460491,-0.16298794749396928,0.9743589743589745
0.1449225142057382,0.16497792808904868,0.2422274555567133,0.6810868227545824,-0.12735566497969963,0.9512820512820513
0.13618205126047966,0.15570767084851825,0.23628347848517042,0.6589867046429603,-0.12253428725065041,0.9692307692307692
0.14830930283979482,0.16838371030153626,0.2383785937023686,0.7063709357719193,-0.10054034410712542,0.9743589743589743
0.14972142262109855,0.16548686954453756,0.2130422836570694,0.776779457597812,-0.10837831190315173,0.9538461538461539
0.15187486037416376,0.16728379637728047,0.20778350992125086,0.8050869698017922,-0.048371345819418377,0.9487179487179488
0.17329391379467762,0.19419909774491595,0.2606838045538975,0.7449603479481383,-0.04738843824675365,0.9615384615384616
0.09432371718668509,0.11410201149981734,0.2415972629552645,0.4722818880648706,-0.06961743587143843,0.9384615384615386
0.13197943493382036,0.14854074924731941,0.2123767621130614,0.6994209148373866,-0.12397446862218386,0.976923076923077
0.17384465351593548,0.19689655661983077,0.2576742842704271,0.7641296343456199,-0.11331355534248067,0.9589743589743591
0.1602036638735529,0.20697177218921395,0.4239168290352509,0.48823674365615516,-0.16487127851278127,0.9564102564102565
0.1433799355823051,0.16079455618578417,0.22863582654466202,0.7032780409608044,-0.11381728836885419,0.9512820512820513
0.1383224830035763,0.16145789230660387,0.2511042812373037,0.6429913958895015,-0.12890188546205383,0.9564102564102565
0.1348388858233993,0.1508022155682905,0.2029500040778328,0.7430510595627124,-0.19277400467230432,0.9538461538461539
0.12568980902176197,0.1398077121600768,0.19530559705045566,0.7158407862932806,-0.09620602626487729,0.9615384615384616
0.16489457434349197,0.18247175971195587,0.217158092686113,0.8402715158108621,-0.1570829260154042,0.9641025641025641
0.1351248086670529,0.1522122146702212,0.21612682428503968,0.704272665707962,-0.12318924348785665,0.9743589743589745
0.14478077213849527,0.15738269426991486,0.18389451876926333,0.855831350076217,-0.09047292984629707,0.9641025641025641
0.18043371940337183,0.21038991173104954,0.3081004240511567,0.6828614805675068,-0.04874353535785936,0.9717948717948718
0.13772580190777095,0.15419497543094898,0.20745934898002846,0.743253925113748,-0.10886996860412823,0.9641025641025641
0.15754345286186955,0.17236030881688008,0.20675793391872585,0.8336333486705905,-0.05854840280450324,0.9512820512820513
0.15010539808802292,0.1661946281526867,0.21175163478497888,0.7848564112454074,-0.041075067552257094,0.9615384615384616
0.13118814873375229,0.14682823649408322,0.20415796044570728,0.719189377546363,-0.177430039490042,0.9435897435897437
0.16067321719688366,0.17451776635083074,0.20013366057603613,0.8720060675876499,-0.04811804257724572,0.9564102564102565
0.17988852054554694,0.21302681428968787,0.3434278034952278,0.6202957714011879,-0.1059037902156944,0.9487179487179488
0.18102281573329582,0.20033521372832325,0.23843224811093305,0.8402186168840519,-0.025223019999683127,0.958974358974359
0.131266121523973,0.14690288773389912,0.20788448542492388,0.7066563309600713,-0.13747105482195832,0.9487179487179488
0.14776329017098289,0.16033768905703316,0.18774342055577653,0.8540256088995597,-0.05489034886118227,0.958974358974359
0.13332197009261648,0.15153586392130322,0.22491343363474287,0.67375194745991,-0.07867643741526342,0.958974358974359
0.18163486317680677,0.2020364865905996,0.24935726383003376,0.8102290003001925,-0.055017769606389266,0.958974358974359
0.19789441890761728,0.21309457264462922,0.206721650789918,1.0308285166568631,-0.11589471147398411,0.9666666666666667
0.1208557606078029,0.13618380088319257,0.20850107220260172,0.6531563576366742,-0.11587877031249005,0.9564102564102565
0.15849044760714337,0.18995726021351445,0.33326023512773834,0.5699967778655141,-0.1100295977041692,0.9538461538461539
0.19587766009230112,0.21760325927852509,0.25140897725377914,0.8655349608254854,-0.12172980753203821,0.9538461538461539
0.144632147402046,0.17377334708073117,0.3055121597228149,0.5687935538748843,-0.12447624404580993,0.958974358974359
0.1649629181515111,0.18097336589787114,0.21214662871585252,0.8530579391872656,-0.11110271336071231,0.9641025641025641
0.18638831377914733,0.20374990224239295,0.217769024060308,0.9356238938094674,-0.08255674676085067,0.9615384615384616
0.1700005720424287,0.19385796853374843,0.2669043805354866,0.726319920807646,-0.08577513131094094,0.9512820512820513
0.15815413827273916,0.16956469148381578,0.1737921314844291,0.9756753084014504,-0.03397309000909954,0.9512820512820513
0.1389625260241325,0.1565891053044457,0.22198192465703642,0.7054137653161487,-0.08526565336682301,0.9538461538461539
0.15118523034606435,0.16763419018846445,0.21697370467854588,0.772601410096308,-0.09131418873322461,0.9615384615384616
0.19290432800798762,0.22577250806318078,0.3318120887038227,0.6804227927473327,-0.1108580823281351,0.958974358974359
0.14792622587045545,0.17260493880825356,0.27262678468682866,0.6331180518690707,-0.09295406952742591,0.9538461538461539
0.12896868675986495,0.14462540024380838,0.21326093050609723,0.6781617237653076,-0.08864649030091598,0.9615384615384616
0.15893412297590537,0.18594532028476804,0.29404641679033217,0.6323672375077949,-0.17215696845447448,0.9641025641025641
0.14691156293133867,0.1865557471587696,0.3743239216070517,0.49838051054243704,-0.17719456438388337,0.9641025641025641
0.10978438048446604,0.1295435054995797,0.24126840990724915,0.536926925283671,-0.13691510567707033,0.9538461538461539
0.17235080943595915,0.18892637382310248,0.2199506609066364,0.8589488799185607,-0.05913395702943702,0.9512820512820513
0.15537239476085563,0.17734779890307353,0.2481239825271729,0.7147547653264495,-0.16075724450284834,0.9641025641025641
0.14306596417919581,0.1615917376399348,0.22515517523221468,0.7176905326438823,-0.10848448057997795,0.9487179487179488
0.11436973169711862,0.12836893630652252,0.19994337139667454,0.6420264668431892,-0.06732774240330719,0.9641025641025641
0.21629135917975684,0.2391880328502157,0.26451038602101323,0.9042670741526728,-0.07026657463984243,0.9641025641025641
0.16568393709556029,0.19503904829972202,0.3064606361631187,0.6364244711542962,-0.0807042038283523,0.9641025641025641
0.14367434830403036,0.16926349893335338,0.27036787620365516,0.6260488535474359,-0.1765557886122091,0.935897435897436
0.154237147369374,0.17449244473674108,0.24026938210372256,0.7262367065205751,-0.08749431111625638,0.9666666666666667
0.11813901712614028,0.1331450587080625,0.20049556677895167,0.6640798140681896,-0.11357770262104616,0.9615384615384616
0.17372104306489078,0.20056147382116113,0.29793480975076925,0.6731723425971486,-0.03850677031368055,0.9615384615384616
0.17170571105010368,0.18776817996848183,0.21207948575273536,0.8853670089873841,-0.05638152611619074,0.9692307692307692
0.15987441104339895,0.1813679550267378,0.2498573489994093,0.7258860135715542,-0.10886944101275475,0.9538461538461539
0.16429228712938126,0.17609754736574246,0.17674922826599745,0.9963129632494109,-0.013535908651407302,0.9487179487179488
0.14578345933746806,0.16118675157811918,0.20923304639089743,0.7703694725018903,-0.1297834973922185,0.9564102564102565
0.1469815421338614,0.15976222305914206,0.18405647333443242,0.86800654258355,-0.09117008832433937,0.9641025641025641
0.11931544783308978,0.12973395908093283,0.17249288614083325,0.7521119391266401,-0.003889108962315091,0.9615384615384616
0.10794604093747795,0.1242623096818664,0.21471787058415828,0.5787236495211143,-0.07168880897583596,0.9564102564102565
0.11318390850149118,0.1264827060718963,0.18947329385695055,0.6675489906635012,-0.07788656705953856,0.9538461538461539
0.14189756482264415,0.16487391754220473,0.26958846107735324,0.6115763148145177,-0.09324900992111762,0.9538461538461539
0.15287656226060542,0.17162356484701752,0.22983854035917342,0.7467136041623734,-0.06728042465629203,0.9512820512820513
0.1518333013908757,0.18293948611733252,0.32357707804377,0.5653660241427436,-0.10288949894983568,0.9538461538461539
0.18206661708730754,0.1989265362051302,0.21278319071806354,0.9348789983542765,-0.07880509592861651,0.9512820512820513
0.17916577620299678,0.1987350667234329,0.23790300968300107,0.8353617173159839,-0.059871100151627,0.9692307692307692
0.13748050395391975,0.15776057281327702,0.23508220052461654,0.6710868473292055,-0.1231344110751903,0.935897435897436
0.1211561376522472,0.14194782120571117,0.2434021396439464,0.583182306504599,-0.13378382560450042,0.9487179487179488
0.15934525770277874,0.16861453518095945,0.16176309694469898,1.0423547667278077,-0.01428927896285448,0.9512820512820513
0.1668878185991145,0.18659696308992865,0.23849258930235603,0.7824015145953438,-0.050050169647405496,0.9666666666666667
0.12468494498024874,0.13873178295709535,0.19204766123229844,0.7223820486378489,-0.10663435428760326,0.9564102564102565
0.15640433231274153,0.17650533860088877,0.24374961897105504,0.7241255980049288,-0.04052327515684906,0.9692307692307692
0.14305796964245965,0.1622945156690915,0.23118053203849945,0.7020250115267661,-0.07733154962921729,0.9615384615384616
0.1749710000660114,0.1982217218632704,0.26759904201855045,0.7407415227201348,-0.0793594545378733,0.9692307692307693
0.09085239133343403,0.11037831652677475,0.23307344646791348,0.47357739888215966,-0.17300034281477716,0.9538461538461539
0.10127117494346183,0.11230823186845909,0.17436690667397128,0.6440914391998213,-0.11004202700934984,0.958974358974359
0.18723410453160927,0.20446101587413087,0.21351528327871516,0.9575942889635438,-0.035056673977009956,0.9538461538461539
0.17454122109111636,0.19298483971505467,0.23029776058310863,0.837979662617741,-0.1327405281452375,0.9487179487179488
0.16186441154547948,0.18472281908630714,0.2720167803229746,0.6790861169188885,-0.08390493657364484,0.9641025641025641
0.16671570510621314,0.18066426086893145,0.19217478205396216,0.9401038936430349,-0.10223002471388265,0.9487179487179488
0.18261154954380254,0.20034813966211762,0.2231974234119133,0.8976274752615443,-0.12068361208600398,0.9769230769230769
0.14669409536136335,0.16800429992287294,0.24587485831558864,0.6832919033439108,-0.09991491925449913,0.9615384615384616
0.17611033237817098,0.19808630133361868,0.24859687023275293,0.7968173579504726,-0.11300812090963364,0.9487179487179488
0.12490633925919092,0.1509713252833065,0.27936167222514835,0.5404153120963311,-0.1556238062903733,0.9435897435897437
0.1406613186515131,0.15795068055241193,0.219710465669375,0.7189037630556001,-0.08589516547359588,0.9487179487179488
0.1799165434811547,0.20325598462926298,0.2649552992155583,0.7671331172882149,-0.03616400388870311,0.9743589743589745
0.1654323559127826,0.20542089510475608,0.34346790896231566,0.5980788590275381,-0.15817893127444616,0.9487179487179488
0.16920914872681192,0.1846463982747933,0.20160642921518568,0.9158755452074894,-0.13875701716214384,0.958974358974359
0.1611614307384588,0.18635690055442358,0.26783505133747937,0.6957898140061171,-0.17657230843966998,0.9717948717948718
0.15466841832817724,0.174106469058232,0.2436264916540225,0.7146450612829212,-0.04938272943098998,0.9512820512820513
0.19766538913236475,0.22395658704330645,0.28447598531845825,0.7872600802932346,-0.03174668533249525,0.958974358974359
0.12722505339906065,0.1490944629860215,0.2560695487412137,0.5822420655596882,-0.1253692786739692,0.958974358974359
0.14160550252571347,0.15217311817294907,0.16852669556608135,0.902961502103862,-0.0954464552106804,0.9692307692307692
0.15078318509365474,0.17597827103498484,0.2773727644343903,0.6344468296800305,-0.10723895697566654,0.9666666666666667
0.1151644118087598,0.1312719455485097,0.21247120882332143,0.6178340410237311,-0.12095624126827531,0.9487179487179488
0.14307736105514524,0.17699493560899662,0.3492485471190166,0.5067878938052689,-0.07876425509066809,0.9538461538461539
0.13728249938605308,0.16750841893983046,0.3148646343097441,0.5320013767409845,-0.14591092519377025,0.9538461538461539
0.19175015520356542,0.2053036957417896,0.19574904310518082,1.048810724614755,-0.06670128748590365,0.9615384615384616
0.11961036617725096,0.1388461206068641,0.2434585010029457,0.57030713667782,-0.09698984744561656,0.9538461538461539
0.1551267468982711,0.1797956673829044,0.26157107359334997,0.68736831222562,-0.1286409423003695,0.958974358974359
0.14408565655459937,0.16502358198462017,0.259658341882711,0.6355412300181835,-0.0886470001313816,0.9666666666666667
0.17703728976642097,0.20235429284027193,0.2698417704118577,0.7498998117727286,-0.08806695007707555,0.9692307692307693
0.17100715678091816,0.19284567874304595,0.24927543989171333,0.7736248658384445,-0.12257077701488073,0.9615384615384617
0.11945154575385963,0.13361662865669352,0.19931937774864195,0.6703644681511851,-0.11057682026546833,0.976923076923077
0.1828235275032264,0.2036311237002673,0.2445733286154672,0.8325974252917346,-0.14676540536714267,0.9743589743589743
0.16321252673139752,0.177185697979277,0.20120911955487683,0.8806047080333861,-0.02945430953710093,0.9641025641025642
0.19728881887470284,0.2210184397973969,0.26442151412814674,0.8358564942271854,-0.09542812385475707,0.9717948717948718
0.12442665092202465,0.1453291597172154,0.244211877165296,0.5950945605272452,-0.12396195400623711,0.958974358974359
0.13849859233754924,0.15158057481986972,0.19773632727257595,0.7665792973433689,-0.041940108201474646,0.9692307692307693
0.14698992899745966,0.17138053411918377,0.27598136074778035,0.6209859015653185,-0.16428128769517703,0.9666666666666667
0.17852592456637617,0.20080487233124705,0.2516502817549901,0.7979521061166671,-0.0546863533821329,0.9692307692307692
0.1554448563562636,0.18272998281059222,0.27425305931879707,0.6662823862912076,-0.05787676929689889,0.9794871794871794
0.16190770483462003,0.173834375535921,0.17945982289224038,0.9686534441767655,-0.052668030174594205,0.9564102564102565
0.15922713300095026,0.1849560198835551,0.2799257479205825,0.6607324308588748,-0.09498906485871672,0.9615384615384616
0.10814565996507541,0.12907196332248008,0.23977514528366242,0.5383041814854639,-0.2123275786385581,0.9512820512820513
0.1226127215545536,0.13973089862271537,0.21797130309865803,0.6410518111160278,-0.10031045591490384,0.9641025641025641
0.16529835918640612,0.17792926528603684,0.18154833500611026,0.9800655306480689,-0.13825196567311027,0.9512820512820513
0.1494784994422158,0.1711575575534916,0.24316771859809386,0.703866280196426,-0.09045138038333145,0.9666666666666667
0.1255285222925986,0.15184294148819616,0.29317036873658514,0.5179341355081751,-0.1626807707164054,0.9435897435897437
0.15135840116434407,0.19817340882779977,0.41139330342941305,0.48171277260910106,-0.09793256318510823,0.9512820512820513
0.12763775503689745,0.1453128385425578,0.21753855171960917,0.6679866046449326,-0.1352092759958775,0.9564102564102565
0.12451216458036152,0.13924113448000122,0.20272110501722335,0.686860573634754,-0.08750352656834137,0.9692307692307692
0.12482553686056597,0.14612244431785532,0.23769559042256,0.6147461299475021,-0.1569369046149277,0.9512820512820513
0.13255443531449362,0.15194776692151948,0.2336051349631743,0.6504470329621506,-0.0958335345091188,0.9564102564102565
0.12334381587759524,0.14070357606954426,0.2139810434866351,0.6575515932481765,-0.09619506611810202,0.9538461538461539
0.11804618671836553,0.142247330488746,0.2620686355937189,0.5427865496627757,-0.20972884832147387,0.9512820512820513
0.15120714821508652,0.16630098403365068,0.21060481700435243,0.7896352343650993,-0.04291918709129028,0.958974358974359
0.10031079574004975,0.11355576977121622,0.19728144134349038,0.5756029000898374,-0.054800871487770575,0.9717948717948718
0.15552689216645743,0.1841584799930626,0.30755617195599155,0.598779984878385,-0.1254977538223092,0.9564102564102565
0.14253110971537586,0.16186524403049773,0.23096467460568998,0.70082251455483,-0.13416528426862973,0.9538461538461539
0.15040116579919838,0.16945582212410534,0.2368742521109307,0.7153830381055828,-0.08406052454433777,0.9717948717948719
0.1531305905564453,0.1740475750541506,0.24788154781506316,0.7021401011421882,-0.08615309725078779,0.9410256410256411
0.13572667865254084,0.1546381085908026,0.23544741340637504,0.656784062112001,-0.07862597250731751,0.9538461538461539
0.1400996352634536,0.15785521305538255,0.2173100985789506,0.7264053262487129,-0.08212371907858496,0.9538461538461539
0.137493304019787,0.15665355712490278,0.23048991909032918,0.6796547013559848,-0.08553777904672266,0.9615384615384617
0.17076057748656415,0.18644914518928898,0.20762140725102202,0.898024667388296,-0.07132084420111051,0.9538461538461539
0.14430938795233272,0.16253221526526945,0.2322461914925998,0.6998272575352363,-0.08823442525243219,0.9435897435897437
0.15630832797466399,0.17552029515230164,0.24092209843260484,0.7285354738905423,-0.06551487477013984,0.9615384615384616
0.1347373230157618,0.15987223546436896,0.28035161198500813,0.5702561662920568,-0.062397274234825995,0.958974358974359
0.11928428034666338,0.1396403286279446,0.24056166232412915,0.580476237480415,-0.0926318905720811,0.958974358974359
0.16640930905175844,0.18231595696934294,0.20742970302612415,0.8789288819758936,-0.08421259071416409,0.9564102564102565
0.1729407227098947,0.19151526145030182,0.22489765014841206,0.8515663072687469,-0.14926068797346992,0.958974358974359
0.13662729790293637,0.14948644309317102,0.19072970817563226,0.7837606659342097,-0.0849380150154837,0.9512820512820513
0.1703544500377252,0.18818924802536738,0.22230005627106494,0.8465551074620331,-0.08913166016508223,0.9641025641025641
0.1188978799802829,0.13021199832555,0.17635895909393112,0.738335035512414,-0.08577604186069843,0.9641025641025641
0.14138641707779898,0.16224912338482086,0.2521002871436674,0.6435896016745035,-0.13855212952787221,0.9666666666666667
0.1824977336383602,0.20631262194723607,0.2696209657227388,0.7651950262628869,-0.11869315312361428,0.9384615384615386
0.19227249459260198,0.21551025189003536,0.256768836525586,0.839316230139792,-0.08334655271162938,0.9564102564102565
0.1870254357798391,0.22644747142502886,0.38789243863950595,0.5837893417548194,-0.020470463255382487,0.9666666666666667
0.14490705860295328,0.16547459405879164,0.24548008243349267,0.6740856220122188,-0.07109081760533065,0.9692307692307692
0.14348108879760435,0.16469999842440883,0.24493023492730312,0.6724363714152842,-0.07202814885426245,0.9564102564102565
0.13949560719573006,0.16590823671829766,0.26714507790623937,0.621041712685146,-0.12611299875694626,0.9666666666666667
0.13875575845817578,0.16062893105577944,0.2544310090625739,0.6313260779320925,-0.12643794559881372,0.9666666666666668
0.09138219590612473,0.10812882580110876,0.21986215638030918,0.49180280763767115,-0.14416684155018678,0.9615384615384616
0.13353848805389346,0.153628211982702,0.23863190450351052,0.6437873942394068,-0.13093599425480862,0.9666666666666667
0.15859298329781857,0.18862528094729458,0.2925680039227287,0.6447228624395754,-0.1809987065365919,0.958974358974359
0.1313445318847246,0.14846747021990056,0.20943224948840108,0.7089045291858124,-0.15953545375255473,0.9564102564102565
0.1675788430620162,0.18217150918831787,0.19684987024015813,0.9254337275715114,-0.10744754322630301,0.9692307692307692
0.14241534063611305,0.15444188783729193,0.1875588441257385,0.8234316465170518,-0.037636570089248256,0.9666666666666667
0.13208974408103913,0.16173433843580923,0.31103804160557846,0.519982499892735,-0.11177880500423198,0.9512820512820513
0.18729641362140703,0.20352084019294567,0.20790955479569165,0.978891231780768,-0.0526041083494605,0.9384615384615386
0.13279464192301194,0.1480020300006168,0.20024147893451336,0.7391177431775717,-0.09813898133735866,0.9461538461538462
0.17647274364552934,0.19676070869493725,0.23617039275240692,0.8331302937757086,-0.11734378414332602,0.9641025641025641
0.1577419965796827,0.17366969198378762,0.21011443677588984,0.8265481165819436,-0.09241309059087666,0.958974358974359
0.15078440693858597,0.16980753392105735,0.22796990973991127,0.7448681894675888,-0.13247572310922362,0.958974358974359
0.1696699639041821,0.18864892007754697,0.23769191285083482,0.7936699141965965,-0.06904594563307931,0.9461538461538462
0.1723108952292045,0.18878401330129277,0.21093117135543019,0.8950029153499637,-0.11540079839776296,0.9538461538461539
0.12573815089280638,0.15040356696046758,0.27749799905886174,0.541998744029014,-0.13617992813662894,0.9512820512820513
0.11563806258927456,0.1293707241750828,0.1849641722238414,0.6994366672185569,-0.16081473912108368,0.9461538461538462
0.1508003497083219,0.17332930393633278,0.2603281866528283,0.6658107451402618,-0.1093546146594756,0.9384615384615386
0.14058954846882177,0.16289743615596072,0.26795894062731884,0.607919391585149,-0.06393374906328675,0.9717948717948719
0.19363038206626704,0.20573402855737874,0.18336290036908867,1.1220046593027244,-0.030218177745461317,0.9615384615384616
0.12313034687816082,0.13863670701111655,0.20184736431818992,0.6868393227695121,-0.09210831224098925,0.958974358974359
0.1261951801874175,0.1403925232643052,0.19445832271908067,0.7219671614010563,-0.09408624191632764,0.9692307692307692
0.14875600777256248,0.17202861609406234,0.2688709041098738,0.6398186395942754,-0.08772834145239894,0.9282051282051283
0.13490196293804457,0.15011329209482863,0.2076565744020702,0.7228920756641939,-0.06518941160546621,0.9512820512820513
0.14380460679810647,0.16122793950336192,0.22517808136851825,0.7160019240038827,-0.07371572291195272,0.9641025641025641
0.12520466957061904,0.14335036212787147,0.21615055698292215,0.6631968204421396,-0.15075547892702945,0.9615384615384616
0.19407129943885537,0.22502541952216268,0.32365564590730533,0.6952618388328988,-0.062227505075553635,0.9641025641025641
0.1283409708690011,0.14504852256036543,0.2147672341361021,0.6753754740280606,-0.09683341156563541,0.9717948717948719
0.18974404906973796,0.21973381787872953,0.31085031810186176,0.7068798231267227,-0.09879232727599407,0.9717948717948719
0.12024514142503318,0.13657403976094382,0.21302023990278232,0.6411317526600907,-0.08205754621353056,0.9743589743589745
0.14650935657596054,0.16197452843611737,0.21381050124585307,0.7575611463997675,-0.09715805066740779,0.9666666666666667
0.14347094890705114,0.1644588810548911,0.2397192008802079,0.6860480113859307,-0.11493020341688898,0.9641025641025641
0.13263992975009598,0.15547822942350575,0.2559464939631758,0.6074637984526372,-0.11698383033204451,0.9487179487179488
0.13451565222769823,0.15179755094655864,0.21720723916264456,0.6988604594015985,-0.1493225708808955,0.9435897435897437
0.14712951022795973,0.16872850229634512,0.25602003843007365,0.6590441253387659,-0.09227924249330444,0.9564102564102565
0.17570824761020942,0.19357972182728153,0.22644945465459643,0.8548473747598504,-0.027624772718232826,0.958974358974359
0.15079040981471503,0.17137158807207697,0.2396076046436226,0.7152176506541367,-0.1788876742148271,0.9564102564102565
0.1933159301575631,0.21118699722006376,0.22199731086775837,0.9513043036177398,-0.07973588336229476,0.9641025641025641
0.12086207964447326,0.13762536961468633,0.20806490284580118,0.6614540354106803,-0.12268337694371856,0.9487179487179488
0.11851875036696113,0.1395278726669755,0.24598060919487827,0.5672311859201652,-0.12338474263309573,0.9615384615384616
0.1783196151977393,0.20540661882884276,0.28903172276383526,0.7106715375899355,-0.14054113770460586,0.9717948717948718
0.1602746986325112,0.17706740283686753,0.21257520867987237,0.8329635611625915,-0.07205067117644925,0.958974358974359
0.12235861634875689,0.13805568235759105,0.2075200987090241,0.6652641513589818,-0.12906623311915366,0.9538461538461539
0.13141807434420105,0.14812373183835542,0.21835903646998128,0.67834944792275,-0.11168515854530314,0.9666666666666667
0.17692953676507783,0.20004192349024583,0.2742104008209431,0.7295198245265371,-0.0819111693356428,0.9615384615384617
0.1512130992845575,0.17306267536820133,0.24712802684366406,0.7002956223888062,-0.08908044001845572,0.9564102564102566
0.1849261811523224,0.20894858222348064,0.25883270275085707,0.8072727286884105,-0.0501652997339872,0.958974358974359
0.1344514388814968,0.14980096006042334,0.20211410803769506,0.7411702305931306,-0.12115770997163011,0.9538461538461539
0.12048190970504513,0.1342639617359291,0.19709579198730381,0.6812117112301307,-0.08664144866958368,0.9615384615384616
0.17065857957065056,0.20383641125684412,0.31774507071645436,0.6415092791124407,-0.1249023906018134,0.9435897435897437
0.1359817107767669,0.15840981261995943,0.25311395529390657,0.625843851383144,-0.1327480248763766,0.9538461538461539
0.1968922660250243,0.22550765335472728,0.3170436195662042,0.7112827366255746,0.0,0.9461538461538462
0.11208259922631769,0.1333456719502189,0.24649214821047424,0.5409733044979508,-0.14900818216964118,0.9564102564102565
0.14336231153036683,0.16376554288946732,0.24208080009988608,0.6764912492931916,-0.146963902885744,0.9461538461538462
0.14314028650367505,0.16298608580861948,0.24067807906814337,0.6771953907878462,-0.1591453665443885,0.9666666666666667
0.16966011772572664,0.19362761429043088,0.26300262714825884,0.7362193160955759,-0.07854827796721797,0.9641025641025641
0.1268634528556527,0.14929914066530287,0.26129069412161454,0.571390960428975,-0.11585293645228378,0.9641025641025641
0.1786389692252075,0.19473768987975312,0.21473184912263574,0.9068877796909217,-0.05492984991520666,0.9435897435897437
0.10356889517196288,0.11557342445353229,0.17201887461961618,0.6718647864026479,-0.11344863366588342,0.9461538461538462
0.13400695681578156,0.14802659515278668,0.1959272794179575,0.7555180452284658,-0.06015907774003271,0.958974358974359
0.14835605471731128,0.176937346262438,0.30579128009739986,0.5786212942569205,-0.10307460826917791,0.976923076923077
0.09690757170130526,0.11536255164067367,0.22375056806419788,0.5155855139888368,-0.15734564949501773,0.9307692307692309
0.13369292011791467,0.15119302930739614,0.22242081430157312,0.6797611535690111,-0.10447599226116855,0.9615384615384616
0.16811142224125608,0.18605116722797937,0.23206511146186243,0.8017196814117189,-0.04870364944046812,0.9641025641025641
0.13143128861769449,0.15118364890726443,0.23533889034473138,0.6424082678634464,-0.16418733415044418,0.9307692307692309
0.11214053421097692,0.12870810797347806,0.21706326812368193,0.5929520415224773,-0.08787980195257972,0.9512820512820513
0.12712913049291852,0.1510980342892203,0.26837247471912984,0.5630161381019225,-0.13971699130707005,0.9615384615384616
0.1535150124847917,0.17094721213549616,0.22192310331998327,0.7702993044803148,-0.059538044103081944,0.9615384615384616
0.16948347391346763,0.19658630282375028,0.29546424346831307,0.6653471855549015,-0.10308047006519727,0.9641025641025641
0.17954014606851065,0.20487231662150002,0.27312695287865196,0.7500992284438625,-0.1265387307493666,0.9512820512820513
0.1353682123904838,0.1515399125152728,0.2149034449821155,0.7051534819643497,-0.0996719820859332,0.9538461538461539
0.1494395405522917,0.1684453542095984,0.2241300207332165,0.7515519503302062,-0.11920815316962308,0.9512820512820513
0.13551177185026275,0.14830822215957262,0.18704102906511974,0.7929181255089117,-0.03771012715335598,0.9717948717948719
0.14561034058702726,0.1683373457193749,0.2569616739692052,0.6551068224265567,-0.08863524968346204,0.953846153846154
0.16568283624994118,0.19042175708651074,0.2665636143495714,0.7143576498658656,-0.14057198487650302,0.9564102564102565
0.15433082029198975,0.16721922950328807,0.18447743626531532,0.9064481428655237,-0.10775810296869115,0.9564102564102565
0.1393884137015211,0.15680007704961138,0.2255866497143538,0.6950769349523009,-0.033343830123071516,0.9538461538461539
0.16334416872097468,0.1837056109480985,0.23872847506478545,0.7695169623072614,-0.11162527913100895,0.9512820512820513
0.13666103115095263,0.1517925208739945,0.20506355794703565,0.7402218238756975,-0.05737631459822723,0.9538461538461539
0.21531519692044676,0.24030620889145224,0.28091183152640364,0.8554506500694159,-0.07651425769873477,0.958974358974359
0.16150346161185958,0.18861708384210146,0.28183175347994094,0.6692541969211644,-0.11645312194235302,0.9435897435897437
0.11351757790152517,0.12689355168784683,0.19592079981472174,0.6476777953532623,-0.038867366291502115,0.9538461538461539
0.1768823585715502,0.20030682788016438,0.27617090484463463,0.7253002556255914,-0.0580850673445058,0.9538461538461539
0.16892331308811714,0.18083003565934144,0.17624326596046572,1.0260252195956503,-0.07288410654956756,0.9282051282051283
0.1275427203585935,0.14924595940549829,0.24837025104161398,0.6009011094508754,-0.13236058200446,0.9717948717948719
0.13124704594719794,0.15276217082126228,0.25224146526439806,0.6056187893657288,-0.12620381160011107,0.9717948717948718
0.16440338216158001,0.2023784992951659,0.3540901628876866,0.5715451049097856,-0.15787784793739468,0.9666666666666668
0.11190127404149641,0.12415588053375295,0.18109613594803675,0.6855799538946425,-0.07963463631321877,0.9538461538461539
0.11873924376723544,0.13680370351640556,0.2188528042939084,0.6250945879253391,-0.10089984212248226,0.9717948717948718
0.12028045279953004,0.13947354841886841,0.2337506891524383,0.5966765228568462,-0.16184251045607656,0.9743589743589743
0.16871843824188404,0.18981100791311503,0.24753624208135838,0.76680087859914,-0.102061562439135,0.9487179487179488
0.17841148883728586,0.20899612955857738,0.3117011455875516,0.6705016408092537,-0.08494797934957932,0.9538461538461539
0.15460674240169303,0.1846901494151733,0.3260021838790786,0.5665304054640289,-0.07263151920815347,0.9461538461538462
0.11015245011380537,0.12800137362057046,0.22439112720008988,0.5704386586838234,-0.07535826743184348,0.9615384615384616
0.18866021591714888,0.21190943765882345,0.272421210050471,0.7778742250633252,-0.0366087053237063,0.9743589743589743
0.15143696241098414,0.16866165357921523,0.22583534269748337,0.7468346254604848,0.0,0.9641025641025641
0.15673843403595922,0.17230946208771122,0.21106028320924042,0.8163992744996343,-0.018114529870657647,0.9538461538461539
0.21239180546389536,0.23282965223519447,0.24363092788304613,0.9556654167773118,-0.047639272225901474,0.9512820512820513
0.1662739479555766,0.19771836088541164,0.32726630284800334,0.60415129564146,-0.10947181259781869,0.976923076923077
0.14362866236151328,0.17416011674261161,0.30880441423935473,0.5639819533396303,-0.13180715572849555,0.9641025641025641
0.14575973026432454,0.16601114959267793,0.24080340428623334,0.6894053266595316,-0.1131805532302399,0.9615384615384616
0.18367562963502304,0.20621068290184574,0.24757544478636856,0.8329205793401029,-0.10658096708023801,0.9666666666666667
0.17358002414934903,0.19021555315919225,0.21651215098572477,0.8785444710294051,-0.09487375673882958,0.9512820512820513
0.16300883097956653,0.17976717539853473,0.220578277964184,0.8149813166449876,-0.05349967926622523,0.9487179487179488
0.11424350714749987,0.12099635162994708,0.13290317087307313,0.9104098181788496,-0.04348429025617717,0.9538461538461539
0.16213383381306845,0.17732920608828387,0.2009810671276167,0.882317964685128,-0.09533112844669489,0.958974358974359
0.1415127114776138,0.1607376420382037,0.23664004956822415,0.679249528266611,-0.1696764486147394,0.9461538461538462
0.10662256760716038,0.12176949284815498,0.2017596506904467,0.6035373893216239,-0.14220999483778807,0.9769230769230769
0.17909615409748536,0.19877910743112995,0.23582360699665852,0.8429143713078162,-0.09000155028574963,0.9641025641025641
0.14558352644350658,0.1639694290524368,0.23080501538538944,0.7104240294720064,-0.09514175251906776,0.9307692307692308
0.15508846167701784,0.17324056129919302,0.23210182526273868,0.7463989613312396,-0.07280014100408783,0.9512820512820513
0.11551093816589497,0.12525653296578776,0.16056633094642866,0.7800921415310806,-0.05246023824305146,0.9512820512820513
0.20798269967285377,0.23001934525573356,0.24428810303641446,0.9415904515884101,-0.07665625573383439,0.958974358974359
0.14979061852588105,0.16607339393972478,0.21267806626150268,0.7808675189642068,-0.055787478598279816,0.935897435897436
0.1582007896156945,0.17825488634975795,0.23929481948568213,0.7449174484131429,-0.08646866448724433,0.935897435897436
0.14714819065370377,0.16805786516578855,0.24759714710923922,0.6787552567867103,-0.09207327392975384,0.9692307692307692
0.18716847364893607,0.2102036747087445,0.24842334783096717,0.8461510423399164,-0.14259473199936934,0.9717948717948719
0.14392295181461146,0.16702004249948368,0.25873904128991565,0.6455154261483819,-0.10336135686947845,0.958974358974359
0.15799991094739685,0.18048399871575285,0.2549246207177466,0.707989672427856,-0.10044198087101752,0.9820512820512821
0.11823033993109267,0.13354021840531868,0.2006974264919959,0.6653808209675497,-0.10229119757250882,0.9692307692307692
0.16488626807460682,0.18254916817929281,0.22701454514336916,0.804129832579694,-0.0991743963018179,0.9615384615384616
0.17739312610652158,0.19972264642714574,0.2496524015834691,0.8000029046801307,-0.13126887358660377,0.9717948717948719
0.1404246196807155,0.15382918278119556,0.18644826286035515,0.8250502333529895,-0.0397179681866493,0.9512820512820513
0.17880313674828296,0.206591578758034,0.2982294049162994,0.692727059613775,-0.08488831858829815,0.976923076923077
0.1388461811425996,0.15917051706280902,0.24177161180334436,0.6583507297468713,-0.1246097737180143,0.9512820512820513
0.16734256543782666,0.19540625196516936,0.30848775861715655,0.633432758697161,-0.06455744468958557,0.9512820512820513
0.15046392605525338,0.1856572124634782,0.36252101936956277,0.512128132008298,-0.09668272063588113,0.9615384615384616
0.15428090333353817,0.17478021195432886,0.23984217162435634,0.7287301093490418,-0.09178941010995711,0.9512820512820513
0.19435366088038242,0.21427205623494586,0.2380118437140059,0.9002579572990255,-0.10866616612809343,0.9666666666666667
0.1349719610955029,0.15413566463771033,0.2348003493743524,0.6564541537030048,-0.12253327732089403,0.9512820512820513
0.12456187310269806,0.14533839164474321,0.24006793307577828,0.6054052691779815,-0.1031282821063263,0.9641025641025642
0.15024657350652415,0.1742090917264723,0.2659386957989998,0.6550723699801174,-0.13219296354263776,0.9564102564102565
0.16641200232338127,0.18002690737266286,0.19406833564055176,0.9276469898010767,-0.06338040187007588,0.9641025641025641
0.20249375673848502,0.2227275948830402,0.23313287263748722,0.955367608022285,-0.08058683680176804,0.9794871794871796
0.14004763327436498,0.1734499828423895,0.32325818666722766,0.5365679509331174,-0.17983456708274015,0.9410256410256411
0.16328769480639926,0.1843858837888488,0.24527202777416326,0.7517607509594367,-0.11462902190017499,0.9692307692307692
0.08919143194624124,0.1054983981362416,0.2154721150231057,0.4896150860399207,-0.160946350949687,0.958974358974359
0.13380437076070772,0.15052711223422377,0.21408779596903152,0.7031092620337779,-0.12150437426087268,0.9641025641025641
0.13628410606570052,0.1585016624780629,0.2556029482006361,0.6201088977801879,-0.09746591484813572,0.958974358974359
0.20044824974454545,0.2207476239836987,0.24243094560692224,0.9105587714103921,-0.0743735519691191,0.9692307692307692
0.14748087409431587,0.16089366221518156,0.19003345094680604,0.8466596876158332,-0.0625837908660396,0.958974358974359
0.1554860287880826,0.17298051816345214,0.21364326143409992,0.8096699001986049,-0.0588502002922483,0.9666666666666667
0.08135624343086456,0.09671758943557984,0.20253550335796786,0.4775340018517051,-0.1645398578731435,0.9666666666666667
0.11094635030647737,0.12274589449914042,0.17685761641898734,0.6940379327987057,-0.05826758199075577,0.9692307692307692
0.16977041346740251,0.1891147320847794,0.22874095735257519,0.8267637517721981,-0.051984824105208105,0.9641025641025641
0.11197419865637004,0.12466540248920065,0.19113299002304293,0.6522442958390963,-0.09582429694524985,0.9666666666666667
0.17708234524789224,0.2031665893030228,0.2895908003383048,0.701564376581301,-0.06822811277746066,0.9769230769230769
0.16209474253921075,0.1819550297108226,0.2424341540350081,0.7505338116862357,-0.05474078039693242,0.9538461538461539
0.1336563350153399,0.15369325408232548,0.2435207732802432,0.6311299525377886,-0.054519596804979975,0.9410256410256411
0.14910776127601455,0.17431454160401247,0.2807650305385732,0.6208556003916736,-0.08355246264760041,0.9564102564102565
0.13930805143765124,0.16354314977491083,0.2597631165076633,0.6295857239997585,-0.18597389586071433,0.9717948717948719
0.14570360113515823,0.16588799340697655,0.24567954632147138,0.675221018154732,-0.08952216247096834,0.9692307692307693
0.20144848511510238,0.21761753159687772,0.21562752856200398,1.0092288913579117,-0.022994121510264698,0.9641025641025641
0.09148139142207179,0.1110000855713607,0.24362720394940673,0.4556144953106785,-0.11005039332545064,0.976923076923077
0.22097969073031365,0.2466910462378187,0.2640262659130173,0.9343428214793235,-0.14073575589904663,0.9564102564102565
0.1650621676864925,0.1773901269935841,0.18704981681089528,0.9483576622420488,-0.029754990325693065,0.9666666666666667
0.1447100152338736,0.16244514781088176,0.2319883063468155,0.7002298967950186,-0.10467972940972825,0.9641025641025641
0.15818605592187862,0.17240190741596056,0.19661025970083096,0.8768713681488104,-0.09362128193274666,0.935897435897436
0.1879835933137557,0.21636630136867002,0.3069219963911722,0.7049553434186291,-0.10660244933716623,0.9487179487179488
0.14569968197183059,0.16551412781509,0.23441755719554946,0.7060654065131278,-0.133497899980081,0.9641025641025641
0.14580202648680052,0.17310748239001392,0.29037146252756035,0.5961587302112499,-0.18981213880357528,0.9564102564102565
0.16871847859778688,0.18991972434954194,0.25393140318251833,0.747917437423182,-0.10900248024661152,0.9615384615384616
0.10159402310879129,0.12727441900102596,0.27584301170864567,0.4614016436836809,-0.16964111683048366,0.9641025641025641
0.08770559631368569,0.10226813080882921,0.197599760026445,0.5175518978117309,-0.11549583962029186,0.9487179487179488
0.1601503034716516,0.1777041356659713,0.212316167173855,0.8369788228159674,-0.1531288490565229,0.9615384615384616
0.14552234585870827,0.16469703100427,0.2266716258853726,0.7265886515834009,-0.15795239342052092,0.9641025641025641
0.16783756332292477,0.18161715252752053,0.1920554993272844,0.9456493209706235,-0.060625946222047755,0.9564102564102565
0.13739404856892334,0.15691046523417998,0.23225909353754245,0.6755837321341173,-0.07587778486155716,0.9512820512820513
0.12998310521841083,0.1457393658696364,0.21225930246944066,0.6866100292147089,-0.11817591720409326,0.9615384615384616
0.11571885983490215,0.13367877643564943,0.22900361532759728,0.5837408996553067,-0.05248806414198237,0.9461538461538462
0.16289485285794303,0.19052397859984418,0.3117043707892244,0.6112329388177786,-0.045925501612590236,0.9692307692307692
0.17780457345832978,0.1976555785175889,0.25299904058478767,0.7812503085415792,-0.12324789636029776,0.9435897435897437
0.14324772271053732,0.16300561625300275,0.2411469113842029,0.6759597927974165,-0.06858405627978548,0.9564102564102565
0.16668117810470795,0.19383650261581648,0.28616307265644086,0.6773637870758084,-0.1410033190316622,0.9692307692307693
0.15866517093640375,0.20796960293611608,0.43822207233296084,0.47457582825289757,-0.08607378375030639,0.9666666666666668
0.16661693281784085,0.1881952568385894,0.2595267459040175,0.7251478308451142,-0.10246085025013418,0.9717948717948718
0.11437401652850032,0.13765858434814696,0.2639860428462424,0.5214616002571228,-0.09285308613509291,0.9641025641025641
0.13975665130351023,0.15786219550357525,0.2166182953642334,0.7287574451554862,-0.14249772279185036,0.9564102564102565
0.15952648355931598,0.17465076914817995,0.20866850667258482,0.8369771362873601,-0.06564854419883182,0.9538461538461539
0.16774814562896823,0.20269482075670925,0.3274077335514811,0.6190898991847967,-0.12278196826462995,0.9487179487179488
0.13941899171030725,0.15751483741602507,0.21954786402878143,0.7174510128478216,-0.11915176108419179,0.9641025641025641
0.10471053744987402,0.11579709631065206,0.16457232715323095,0.7036243475054894,-0.1398497836945508,0.9461538461538462
0.1697829706893088,0.19896530364708706,0.3095881800157102,0.642677325849425,-0.06459625961652204,0.9384615384615386
0.15514311936337033,0.1789892536855556,0.26600650335675047,0.6728754802115006,-0.14496022508521322,0.9615384615384616
0.13958943852503003,0.16150863459917836,0.24298755378817707,0.6646786309885342,-0.1299968716425648,0.9461538461538462
0.1424646636873066,0.16298165305672918,0.2378558283733108,0.685211937716036,-0.1672121332159726,0.9512820512820513
0.1451830153962559,0.16594685548131718,0.2330980677975727,0.7119186231325991,-0.15507235778230033,0.9512820512820513
0.18001374668108805,0.19899827115732296,0.2321300718263237,0.8572705362630075,-0.051675409077329704,0.9461538461538462
0.15007046168881333,0.17673064847297756,0.27611358777846234,0.6400650177881723,-0.11007914576169708,0.9641025641025641
0.19237943957288284,0.22487615845271655,0.3227895917368159,0.6966648374340015,-0.1478456537422037,0.9538461538461539
0.1815020705094308,0.19495627886289976,0.19089599699514337,1.021269601938587,-0.06064897863305463,0.9538461538461539
0.1662108510425755,0.18732205855844244,0.2421813909027568,0.7734783331625094,-0.10622034815985093,0.935897435897436
0.1221323553876108,0.14054611870550918,0.22124051110503445,0.635263939698569,-0.11855174315790473,0.9641025641025641
0.16476697119702433,0.18180384223968685,0.22037729102209375,0.8249663175207116,-0.1297593012799414,0.9538461538461539
0.11825811152451293,0.13461075259506086,0.2066186909036186,0.6514935895022814,-0.09366935966465761,0.9743589743589745
0.11846965750735139,0.1349745910582836,0.20925028295640144,0.6450389894402503,-0.11151403791479242,0.9512820512820513
0.15225882630098408,0.16682857992412342,0.20323384876642367,0.8208700516017843,-0.056047361930916084,0.9615384615384616
0.2034172770407947,0.2375506487127653,0.3376992278641285,0.7034385308347301,-0.145539427004314,0.9717948717948718
0.14676079116666618,0.16921218941530372,0.25744548103087184,0.6572738769301314,-0.1008029424665301,0.9564102564102565
0.131241678009957,0.14941823231789816,0.22581528335724793,0.6616834347811309,-0.07984423574109156,0.9538461538461539
0.19325546436463292,0.23525768590659868,0.3874674066486867,0.6071676788027355,-0.11826631624397965,0.976923076923077
0.13921713749882714,0.16667675289195255,0.29083643884692356,0.5730944635162439,-0.09873270342734686,0.958974358974359
0.1855466556415748,0.21062316031063907,0.2776443753959502,0.758607697383634,-0.06435443779051186,0.9512820512820513
0.16574259513499445,0.1807282173055878,0.20186057535660887,0.8953121083020376,-0.10192324606329495,0.9512820512820513
0.11425200176007722,0.1255922891193585,0.1683184639071976,0.7461587172551897,-0.1628668264917852,0.9615384615384616
0.14356842873169984,0.15945949179496788,0.2123166433800035,0.7510456517041291,-0.07242779694118728,0.9538461538461539
0.13543086854384057,0.15022259028733392,0.205373722519751,0.7314596455877498,-0.09229030198502253,0.9717948717948718
0.11562241538329121,0.12986680876121118,0.19373045984670048,0.670347909481943,-0.1038545172055273,0.9717948717948718
0.18140656641220998,0.21059119399722667,0.30798545662643245,0.6837699296063221,-0.1270168277964302,0.9410256410256411
0.12365354015772678,0.1404501114322861,0.21726841956004989,0.6464359234383242,-0.10934154799382978,0.9641025641025641
0.1737051607200164,0.19635113955366304,0.2713399391093035,0.7236352311355359,-0.09137543040949336,0.9692307692307692
0.14206162867790395,0.16026447556568588,0.22264784678208877,0.7198114775506492,-0.16218890017981136,0.9512820512820513
0.16386191103621028,0.19559520441844638,0.3086994657114419,0.6336104403927922,-0.15048803719861714,0.9564102564102565
0.1328126373118319,0.15132391267875372,0.22233939639564743,0.6805987383786749,-0.11096694102341442,0.9564102564102565
0.13942871632774745,0.15179628953712318,0.18387225263254342,0.8255529986924023,-0.019084542241686098,0.976923076923077
0.12602222308328748,0.14505861500104048,0.22491903260585286,0.6449370394333883,-0.12918862810124454,0.9538461538461539
0.1567216076935134,0.1800465422801456,0.255420753816695,0.7049017732104793,-0.12269279588019621,0.9564102564102565
0.13141611034433454,0.1511026969260742,0.23237045691684272,0.6502663846813737,-0.15626916445720507,0.9666666666666667
0.13882495312814558,0.15524791832202306,0.2117864924503859,0.7330397539795517,-0.06999978656744177,0.976923076923077
0.12487833667094539,0.14045604668659048,0.21290651372337732,0.6597076070161036,-0.11400103960715946,0.9641025641025641
0.14210776716394968,0.1643727863912638,0.25231544799100164,0.651457481894354,-0.12719526251431024,0.9410256410256411
0.14540584786402588,0.16374410832725947,0.2234661672836384,0.732746752305571,-0.09319449718209638,0.9538461538461539
0.15468044866183583,0.18004106594880537,0.2942383152892223,0.6118885834831999,-0.05958563831102026,0.935897435897436
0.16640620710508758,0.181695239259065,0.2037327853063227,0.8918311256868986,-0.12016488937505265,0.9666666666666667
0.19707794008267165,0.23204060023303882,0.3268949151951711,0.7098323939804938,-0.11242525795766345,0.9589743589743591
0.18152160593580158,0.21198243123046787,0.3219217544036872,0.6584905441483264,-0.05701646600543442,0.9487179487179488
0.1304427392781915,0.14706333480873549,0.22627143095148422,0.6499421256599908,-0.06696299817646789,0.9564102564102565
0.11269654588035083,0.13961869931652907,0.28383989368892704,0.49189244507519264,-0.22005428723164966,0.9564102564102565
0.17106180795832193,0.1982237447486446,0.2986121693213554,0.6638166997652514,-0.13707030966994416,0.9641025641025641
0.13952121335188972,0.15821058103336708,0.23178871983663327,0.6825637638659694,-0.09972340241535049,0.9564102564102565
0.1975190085772558,0.2212030707435064,0.2688256884685545,0.8228494531294814,-0.08098700895778044,0.9487179487179488
0.13376223818364252,0.15280845653081915,0.2360380500868594,0.6473890818645016,-0.06537905891499396,0.9410256410256411
0.1618286785148806,0.18311156029571798,0.24492759191132532,0.7476150762222514,-0.07247056529144569,0.9666666666666668
0.15668280603853058,0.1738887772208677,0.21847962481235025,0.7959038622947969,-0.09708176381302402,0.9564102564102565
0.1971421871313721,0.22154540479677934,0.28675826199802407,0.7725859518506425,-0.055312177030178544,0.9666666666666667
0.16629979363555103,0.19129957602658526,0.2754325444584874,0.6945423838809197,-0.08502921459376644,0.9666666666666667
0.12080187094878325,0.14338528499121778,0.25687431576307795,0.5581923773315891,-0.18950494430695441,0.958974358974359
0.12835313648810032,0.14663791243685378,0.23462516309571058,0.624988004279131,-0.13519263743428855,0.958974358974359
0.17503817770251429,0.19708270908943717,0.25600978556434667,0.7698249059307989,-0.0985500858213928,0.9564102564102565
0.15187242062926454,0.16711895251998152,0.2029785306704176,0.8233331474417737,-0.07355861896646354,0.9564102564102565
0.19197968714205516,0.21081124396345605,0.23466712532070327,0.8983416133612876,-0.08197955055310058,0.9615384615384616
0.18195762638924262,0.20654846309740618,0.2662337960317683,0.7758160916308305,-0.10084984937738584,0.9564102564102565
0.16480281886498904,0.18933114322623154,0.26912448596750965,0.7035076817539699,-0.0822901551150973,0.958974358974359
0.1632659416287472,0.1862417089822667,0.25726251507627934,0.7239364387269762,-0.0425136709911349,0.9692307692307693
0.11253290781177672,0.129234312520652,0.21871778739166958,0.590872439145634,-0.10835847611879001,0.9461538461538462
0.1438008673420137,0.17331574936917007,0.29475621346346453,0.5879969325588206,-0.1398591616837982,0.958974358974359
0.15055143643132896,0.1690755544999327,0.2367132760498045,0.7142630836825526,-0.1230295478816813,0.9384615384615386
0.1719998846500943,0.18682762708692954,0.197603778579876,0.9454658632016468,-0.13424024580837457,0.9564102564102565
0.13003482225617047,0.14888480052277436,0.23449834768326766,0.6349076741635303,-0.07220257101098315,0.9461538461538462
0.15730547682575224,0.17406694749551727,0.21679632106421348,0.8029054489534437,-0.08641457027445731,0.9692307692307693
0.1654331344595552,0.18690032523977754,0.2572851393504114,0.7264326486623358,-0.021379875162197748,0.9487179487179488
0.13525748808500193,0.15057669254450312,0.20732406705862377,0.7262866037734319,-0.06416870260306962,0.9410256410256411
0.15280325426604024,0.1714385412801934,0.22637004506602137,0.7573375763131245,-0.16654782072452257,0.9846153846153847
0.1363169678641849,0.1569369910020921,0.2443942641063999,0.6421467851380004,-0.19487369810492872,0.9666666666666667
0.17739904221167646,0.20099757088762896,0.2657465820719302,0.7563505401293347,-0.12050449863726709,0.9564102564102565
0.2041592780964765,0.25742715217699297,0.4486679135980242,0.5737587743072488,-0.17689215868502572,0.958974358974359
0.1693651770575666,0.19242650181994314,0.26322414577947517,0.7310366655388632,-0.13330306747077159,0.9410256410256411
0.1311217912234277,0.14395926800896877,0.1825336571317044,0.7886724578421016,-0.1148207288482942,0.9487179487179488
0.13784919965872033,0.14776652751396657,0.1694308371772373,0.8721347894857637,-0.0173172586925866,0.9641025641025641
0.14697312501493642,0.1655666624409878,0.22754417679737268,0.7276242564028539,-0.1138906740225003,0.9615384615384616
0.13553751741822495,0.1514110826897992,0.2128380536000288,0.711391032424752,-0.10262558223439955,0.958974358974359
0.1375882503451893,0.1524240812335574,0.20133612510802792,0.7570627534019218,-0.10575852606743219,0.9512820512820513
0.1707737128794513,0.1950568003967463,0.27172366382261137,0.7178498834171643,-0.1047299923719397,0.9487179487179488
0.1365044788146652,0.14859427128854258,0.1795263927420151,0.8277015374674023,-0.10156575479882679,0.9615384615384617
0.14911899855271904,0.16735921923771688,0.22696320920477542,0.7373847938796045,-0.08891399009017575,0.9384615384615386
0.17722012145038013,0.2003739453745525,0.25860574739096204,0.7748240222659311,-0.16055328116256928,0.9538461538461539
0.14209454341139804,0.16549498125570405,0.263356147231149,0.6284075120162216,-0.14814223464799747,0.9717948717948719
0.0987765101183895,0.11355704189189067,0.204404257008279,0.5555512568766671,-0.13958992677945192,0.9615384615384616
0.136082830100831,0.15555644816536027,0.23697808968523845,0.6564170061965438,-0.053956444236911816,0.9435897435897437
0.17001035075605353,0.191302530372121,0.2518845812751638,0.7594848775723126,-0.14989963958513886,0.9692307692307692
0.15241023424853273,0.1760986594167361,0.269822504825184,0.6526462999475493,-0.07654158227223373,0.9692307692307693
0.1722728972951768,0.18562681330916764,0.19494123781656253,0.9522193220289303,-0.09134298677445374,0.9564102564102565
0.19352711389713817,0.21018322343278034,0.2287099600114163,0.9189946228064961,-0.03959402438756854,0.9615384615384616
0.1284942077709057,0.14280469010718855,0.19180907504111466,0.7445147737487294,-0.09126762745652606,0.9846153846153847
0.15211083297496253,0.16698546172389933,0.19860987194603164,0.8407712068273947,-0.16127834692560383,0.9307692307692309
0.10864273850256412,0.12193381481844988,0.1996828913594583,0.6106372658584518,-0.06103986407874196,0.9692307692307692
0.16059882860239405,0.174920174826144,0.1972471292891513,0.8868072019934067,-0.03408905783389948,0.9461538461538462
0.14237933033928707,0.16242932103490024,0.2578819297258581,0.6298592584892282,-0.0791771093830077,0.9615384615384616
0.13041222918489637,0.147012288609097,0.20740284124592606,0.7088248537288769,-0.1904777897476928,0.958974358974359
0.16329832470055416,0.18106636405258833,0.22232089195998261,0.8144370169456677,-0.1159350878417229,0.9538461538461539
0.11687896624955751,0.1339967248087394,0.2290925732584115,0.5849020895915031,-0.03282421710392358,0.9512820512820513
0.13877008518790013,0.17862687745100328,0.37081438365029984,0.48171507181733036,-0.1808472403696223,0.9461538461538462
0.1325496147195837,0.14788902529368206,0.2010522113889167,0.7355752233314388,-0.1130708555038964,0.9461538461538462
0.15804118384802845,0.1799785039830955,0.25670174773258164,0.7011191219881667,-0.10924403759733836,0.9564102564102565
0.14940358951629418,0.17290934429054688,0.26287357828816293,0.6577661605115865,-0.10029191795543535,0.9717948717948719
0.18061893731508172,0.196515750655778,0.20988253808799137,0.9363130084380366,-0.03168698739696452,0.9615384615384616
0.15244754837196828,0.17024713999549895,0.2264775579355466,0.7517174838310015,-0.11702195912124491,0.9564102564102565
0.12810447937569536,0.14193877424051593,0.19179331620907838,0.7400611087290714,-0.08537822812122386,0.9641025641025642
0.15556190813475745,0.18066529839969772,0.28568427971041793,0.6323949591585087,-0.049143802525135394,0.958974358974359
0.19686679193608891,0.21485442414251607,0.2189301221695081,0.9813835666531241,-0.12277258527387436,0.9717948717948718
0.15938717080627263,0.17137859269267275,0.17651528102738134,0.9708994694124427,-0.07988992118731142,0.9564102564102565
0.15567161191091894,0.1678677512858048,0.17991506973499724,0.9330388584628441,-0.08339799483664567,0.9564102564102565
0.140417821516444,0.17471135676894217,0.34268458041449634,0.5098313923480856,-0.10411097820855653,0.9692307692307692
0.13847601766897188,0.16369884199010434,0.2868366015409888,0.5707041608729696,-0.11763305919734035,0.9641025641025641
0.13582963532346293,0.15301142295695216,0.21974756069205073,0.6963054446432692,-0.09496873886919055,0.9615384615384617
0.14130516108723135,0.15351946734200847,0.1799045287643029,0.8533385368143671,-0.0760725966134036,0.958974358974359
0.14516207285383675,0.16269786428800986,0.22219120017482769,0.7322426097882976,-0.1241565002077567,0.9615384615384616
0.11331523140890054,0.12769412256509316,0.2004944549785384,0.6368960307593642,-0.05018430550654551,0.9564102564102565
0.1526444812555472,0.17472226882016287,0.2518502946377222,0.6937544745440728,-0.13579224763572018,0.9692307692307692
0.12539340150840794,0.14745951150964903,0.24379577352978593,0.6048485147000838,-0.20008049164088249,0.9641025641025642
0.14491844746548033,0.1577014015760339,0.18904311792694756,0.8342086361322865,-0.0379598469974366,0.958974358974359
0.13395413340283802,0.1481279806694736,0.1987532824518177,0.7452857071952167,-0.05308767565836969,0.976923076923077
0.172380269545366,0.18698771394045502,0.19764198865950364,0.9460930605317692,-0.06541438258716104,0.9564102564102565
0.15042142540825032,0.1660336115395245,0.20473664633398136,0.8109618600896605,-0.11222655125737957,0.9384615384615386
0.17753314389796548,0.19431231813711602,0.20828191347376265,0.9329293883292157,-0.15634989800966148,0.9717948717948718
0.17059716573523254,0.19054890810942626,0.23953484291140717,0.7954955771503416,-0.08480622755526446,0.958974358974359
0.13235373314540633,0.15048982748218737,0.21736669541017944,0.6923315791235045,-0.12150595083159033,0.9666666666666668
0.14044393929831478,0.1589303385893541,0.22094599642202428,0.7193175760731352,-0.09580879332413705,0.9487179487179488
0.1311390944006683,0.15483801314522286,0.2569999446234911,0.6024826712397272,-0.18101368861697775,0.9487179487179488
0.16000064142130577,0.17898843349469298,0.23389259808881255,0.7652590759914872,-0.05582293499400459,0.9615384615384616
0.14321981481396362,0.16294454686821083,0.23182605992033842,0.7028741588594608,-0.1506078020436752,0.9564102564102565
0.17540346016202224,0.1987930387316365,0.2705064326376505,0.7348920940372767,-0.06262948104114097,0.9564102564102565
0.15617330895684933,0.1682627129639441,0.17916780413322758,0.9391347612812481,-0.02884771605589831,0.9641025641025641
0.12916128294306906,0.15390224046696294,0.26974457428461013,0.5705480485571479,-0.14086457114149675,0.9512820512820513
0.15955250710835323,0.18572033925813755,0.2856842296084024,0.6500895744672749,-0.1440531681938998,0.9384615384615386
0.17973302933147894,0.2043646890564006,0.27634114166296,0.7395376881870684,-0.09416058102075109,0.9461538461538462
0.13396508842473587,0.1553886428271182,0.24998404390274498,0.621594244181326,-0.11384436715186719,0.9538461538461539
0.17079690545049675,0.1909071749029527,0.2388215744741527,0.7993715614818304,-0.061606912874633935,0.9461538461538462
0.09221806608562289,0.10456449953209394,0.1804135436146205,0.5795823164775982,-0.08778633470968755,0.958974358974359
0.1775495580062023,0.19337003146834283,0.22226936659281873,0.8699805755175549,-0.023067717602689553,0.9307692307692309
0.14465728554804835,0.1624061039551369,0.2206989256585615,0.735871746862927,-0.169072729377306,0.9538461538461539
0.13585482645082347,0.14999518547126606,0.19964273417549996,0.7513180286311335,-0.08648865548615992,0.9512820512820513
0.12520237177846294,0.14543962254435214,0.24357357849334588,0.597107549365521,-0.06434620687194736,0.9641025641025641
0.15345224020416115,0.16680173552008834,0.1796085536380364,0.9286959453848866,-0.12027944680698222,0.9615384615384616
0.14191051796471932,0.17483037164537388,0.32402575600198313,0.5395570210298464,-0.1815227551039691,0.9307692307692309
0.15480381611023497,0.17259260451226485,0.22702939938383618,0.7602213853390167,-0.09699732803586958,0.9512820512820513
0.15424866384727598,0.16882793198301105,0.2081545938917251,0.8110699304134962,-0.012766731751745697,0.9538461538461539
0.16896487509985092,0.18585445951719742,0.21378813640248556,0.8693394434539663,-0.03713400341182038,0.9538461538461539
0.1564195683483416,0.1801133178591939,0.2644189065121378,0.6811665634466499,-0.0908959532375424,0.9692307692307692
0.13111357198358187,0.1529779631842991,0.2600222139311655,0.5883265159214291,-0.08810183933120008,0.9692307692307693
0.18138400062937077,0.2013212231417111,0.23728845698091827,0.848424005546551,-0.13278091515347146,0.9487179487179488
0.09890985681013742,0.1095990476697097,0.16215055809070156,0.6759091609688058,-0.12349429770485798,0.9692307692307693
0.17599355514769788,0.20531069227994592,0.30990093162208693,0.6625042758190702,-0.07958576541559792,0.9564102564102565
0.1435559688121264,0.16101100975578136,0.2245023911557336,0.7171906229011641,-0.06319800224139682,0.9692307692307692
0.14719300530584434,0.16353328693254152,0.21211811330668512,0.7709539010282513,-0.05281990302277806,0.9538461538461539
0.1103588567929843,0.12331543729811681,0.1888044732066741,0.6531383245519297,-0.10206683608951028,0.9487179487179488
0.13990776358291956,0.15511321464955347,0.20066467981652877,0.7729970954099954,-0.12763148346143705,0.9564102564102566
0.15472444521419626,0.17469531976333977,0.23091840414567705,0.7565240215895983,-0.15486570458824356,0.9487179487179488
0.18607078588731807,0.203023593968808,0.2230372175937174,0.9102677847184858,-0.06509905987519848,0.9615384615384616
0.07733235145038408,0.08633832897101612,0.15049485242043767,0.5736962266975923,-0.07220209900764174,0.9641025641025641
0.17759719905242433,0.20660710738227522,0.29330728273208984,0.7044049689383011,-0.12456938397542716,0.9410256410256411
0.13673928182283746,0.15416906028698385,0.22456878017782345,0.686511545215261,-0.06278199551802677,0.9487179487179488
0.15432942053111587,0.17245188439808087,0.2255478512927036,0.764591120729775,-0.09546710258169955,0.9692307692307693
0.16981825381804994,0.18674617921450812,0.2157111976440147,0.8657231578802546,-0.11832346205774513,0.9641025641025641
0.142904201628552,0.16552974660740075,0.25653964213671493,0.6452404206566513,-0.12095259969253302,0.9743589743589745
0.16241237856346658,0.1786437039927346,0.2095603091441528,0.8524691756865503,-0.09965135910118217,0.9487179487179488
0.12662154388464542,0.14384954240276066,0.22030279567144623,0.6529628548940163,-0.07587299911760748,0.9692307692307692
0.1523625323507014,0.17267288233908573,0.25232511862668044,0.6843269638745653,-0.07338828171392564,0.9666666666666667
0.14104739274069877,0.16325529745554931,0.25542315274074573,0.6391562225420234,-0.12488153726113405,0.976923076923077
0.1402275227404648,0.16035015315285367,0.24727027521885206,0.6484813146704843,-0.07354385782914263,0.9538461538461539
0.149873233336961,0.16672934325503638,0.22414552993818898,0.7438441591987766,-0.11012751230460172,0.9512820512820513
0.16080747422412411,0.17792612783952372,0.22860869451500443,0.7782999164445418,-0.05392422028472943,0.9487179487179489
0.14041358004098892,0.16148104953955295,0.2377720653939401,0.6791422250213102,-0.1499701627910377,0.958974358974359
0.149656325133394,0.1803031003087945,0.30863777274515314,0.5841899995101166,-0.18268226924539255,0.958974358974359
0.16724121970669614,0.18316553866967392,0.21390684889794603,0.8562864612019101,-0.0387371534087072,0.9410256410256411
0.12939925910397565,0.1426328485400081,0.1855587560601587,0.768666763931992,-0.1084372362641235,0.9743589743589743
0.11801813799358407,0.1407036377708348,0.26630343162965997,0.5283583351134095,-0.14535852356285328,0.9564102564102565
0.1491679400158552,0.16158920846461933,0.18307239209727097,0.8826519750654862,-0.11754805367303711,0.958974358974359
0.1781210357326397,0.19515649767857993,0.2174910436804168,0.8973082034832871,-0.09357487724801183,0.9666666666666667
0.1592723607965154,0.17679779562057066,0.23069710845730249,0.7663632925563628,-0.08481735183091033,0.9512820512820515
0.15089967386351355,0.16405603413906314,0.18941317085563966,0.8661279117918239,-0.08617505783908286,0.9641025641025641
0.1422836048411269,0.16519233416590903,0.2579611507352459,0.6403767919900909,-0.14371213949995376,0.9666666666666667
0.16616403649416434,0.18428185429587832,0.22793968943715315,0.8084676027721269,-0.04228694956025292,0.9487179487179488
0.1159394775379401,0.13760982460838217,0.25329264381977135,0.5432839364505884,-0.14836073432497632,0.9564102564102565
0.20165038490774068,0.2285117425144237,0.2898917387793949,0.7882657970060994,-0.03602169228004326,0.9512820512820513
0.20150795180187364,0.22345184836702728,0.26158081599230915,0.8542363763159034,-0.04459426328054761,0.935897435897436
0.1917390983110694,0.21897553748376156,0.28442160556918494,0.7698976913007273,-0.10752943083606714,0.9538461538461539
0.196632032784809,0.22312425469249844,0.3002518950094416,0.7431235519278976,-0.028767804420192555,0.9717948717948719
0.11982303775694869,0.13383617413323864,0.19334957006392103,0.6921979401815719,-0.09369008359116471,0.9743589743589743
0.1356144117640592,0.15032416609157,0.20405817870639692,0.7366730755147016,-0.11462130859324626,0.9384615384615386
0.15650534860211351,0.17652055237597,0.24118364398048905,0.7318927165320129,-0.050972310675874155,0.9717948717948719
0.20880279321773654,0.25554405428061466,0.4157288895945259,0.6146891897021042,-0.14098057011383924,0.958974358974359
0.14556861672150845,0.1618197449297504,0.21248702486476398,0.7615511819262355,-0.08416942819898066,0.9512820512820513
0.12104209025687429,0.1321082969250503,0.1708299758287786,0.7733320588739139,-0.1221440619513886,0.9461538461538462
0.21104692409913395,0.2326238777570694,0.2545070387505417,0.9140174625389385,-0.08128738500469124,0.9461538461538462
0.15273010746935145,0.16997765105719242,0.22207284356810864,0.7654139440289606,-0.07244610812784424,0.9641025641025641
0.1354838969771197,0.14491602259548136,0.15792241109951624,0.9176406412903689,-0.059361233941870206,0.9487179487179488
0.1794839768129468,0.20509659151145845,0.2734441988860077,0.7500491593787963,-0.08094857321574944,0.9666666666666668
0.13950037708076946,0.1572923140397468,0.2200220994851979,0.7148932512132888,-0.1587346163728044,0.958974358974359
0.1541784811655782,0.19166349805506813,0.3565718604048679,0.5375171720994604,-0.21500306376529343,0.958974358974359
0.15428020906909667,0.18066011193015433,0.2868976283800395,0.6297023539380484,-0.09890075586995706,0.9538461538461539
0.1269075619049953,0.14471993618875184,0.21191929418021263,0.6829011806055018,-0.19963845250780787,0.958974358974359
0.17747092960218502,0.19264073633958237,0.21131837475321508,0.9116137513576607,-0.09106150888032993,0.9641025641025641
0.15052366005586038,0.17517253445970962,0.27385506770787693,0.6396541642478106,-0.14156634331267037,0.958974358974359
0.12121687734909048,0.13799662030859597,0.21204700151728786,0.6507831722267731,-0.14772211706870098,0.9743589743589743
0.12874855961051646,0.14660010344813784,0.2260463443966524,0.6485400320869286,-0.06927033430476515,0.9564102564102565
0.17312266983208313,0.20887737355156663,0.3587077127113359,0.5823052199595643,-0.12897119579044158,0.9512820512820513
0.10751767095081055,0.12120936606105892,0.1888058654004726,0.6419788167277749,-0.16426939620862335,0.9564102564102565
0.13302702360499907,0.15113337509572403,0.22455317207529218,0.6730404816773167,-0.08604339283862061,0.9487179487179488
0.12243294298180629,0.13751599692752806,0.20043154517361766,0.6860995698476956,-0.17084522665549562,0.9564102564102565
0.163872293010898,0.18368488725360557,0.2353400236646035,0.780508493172353,-0.10400481154989782,0.9666666666666667
0.1597016291657143,0.1726292221093449,0.19002885762617958,0.908436877776412,-0.06237277557542342,0.9641025641025641
0.1480684923284994,0.1659856933873526,0.22319016785203413,0.7436962612860002,-0.11496651009640402,0.958974358974359
0.1336933802225777,0.1569926888989966,0.2681143121540707,0.5855438586537723,-0.08855444314545913,0.9461538461538462
0.12036750329845347,0.138770665297783,0.22309462320605292,0.6220260412534134,-0.18035827301993046,0.958974358974359
0.1456578929551393,0.16128894215386533,0.20582543609501094,0.7836200676354348,-0.09327679282369283,0.9487179487179488
0.1326673946962491,0.1464673662331824,0.18838816060648775,0.7774764919496663,-0.14490336140662696,0.958974358974359
0.14884727906399609,0.17721431662197457,0.2888428711864292,0.6135319036750411,-0.15208310636595535,0.958974358974359
0.1481786895678232,0.1622569292190982,0.1929474214037074,0.840938572999144,-0.05873428269046421,0.9641025641025641
0.17658606117417208,0.20562162273968015,0.2964209901081613,0.6936810468943199,-0.12397886828908833,0.9692307692307692
0.12643374167618893,0.13587753205901737,0.15739001146573067,0.8633173782352934,-0.0442301583353607,0.9641025641025642
0.13049202461569287,0.16711614722204707,0.35187174237715335,0.474934833053243,-0.14921537994007306,0.9564102564102565
0.15710992249264333,0.1878762607824565,0.3213379252248112,0.5846688051247496,-0.05392070734021914,0.9538461538461539
0.05960629653373939,0.0753788277817848,0.20273464268965324,0.3718102973509807,-0.16096531538280368,0.9461538461538462
0.1524907097456174,0.17085865591957455,0.23726856588561898,0.7201065816781692,-0.10851108313383906,0.9641025641025641
0.12922558171553167,0.1452679839980791,0.2089800418137775,0.6951285047953416,-0.07889176766904515,0.9384615384615386
0.1798248346098006,0.2162236823024022,0.3448504445304473,0.6270071149156125,-0.10780696546636281,0.958974358974359
0.14824460929444983,0.17563843028535278,0.2902539587506503,0.605119844157713,-0.11170090568891511,0.958974358974359
0.16506653935661864,0.18540724453909171,0.23817868407791953,0.7784376056021715,-0.13071088659689167,0.9487179487179488
0.1337384009169389,0.14724041914318667,0.1893020490399048,0.7778067902062087,-0.0785912994888408,0.9743589743589745
0.17546900361951212,0.20177729628599586,0.2704375212226902,0.7461142794599257,-0.10604232692656013,0.9410256410256411
0.09521954010675615,0.10838950202000952,0.18638439024620537,0.5815374446155704,-0.12922879876461435,0.9487179487179488
0.11544127047039998,0.13206396844379717,0.20733590845506433,0.636956566895981,-0.16629134495428743,0.9564102564102565
0.1356461642790192,0.15155079699103008,0.20605236467258095,0.7354965192068805,-0.10246350660438663,0.9666666666666667
0.08036652692977975,0.09210783623274023,0.17605927655789316,0.523163777754435,-0.10922254554736444,0.9641025641025641
0.14557741805741653,0.1592187355782995,0.19143920361788538,0.8316934701426241,-0.12875987898037777,0.9641025641025641
0.17116997515014942,0.18949392032600815,0.2227930197004302,0.8505379593166951,-0.12338485877966565,0.9615384615384616
0.16421216686518547,0.1980784324272336,0.3441412041601805,0.5755731369354947,-0.1185788467825799,0.958974358974359
0.15484935356645968,0.17900833543877723,0.26830739752627675,0.6671762951345611,-0.06610601410667127,0.9538461538461539
0.169025475038866,0.19539801397079473,0.2797475903419048,0.6984797035498365,-0.13687876906623586,0.9564102564102565
0.14829415639283372,0.17238841973189642,0.2654916756386982,0.6493176078578676,-0.09552093356770419,0.9666666666666667
0.12761160745068878,0.14896706666592757,0.25675359676371956,0.5801946634578842,-0.057405368781431876,0.9615384615384616
0.15327584722925347,0.17803583142620155,0.28021295593243367,0.6353590283995664,-0.11735042558166309,0.9410256410256411
0.14291362415159026,0.16134196400846565,0.22783579700901185,0.7081501946864123,-0.10779315360177255,0.9692307692307692
0.16075743535161857,0.17771121231117148,0.2185404623715805,0.813173040738846,-0.0802252674640378,0.9435897435897437
0.12358536435314571,0.1379255563873516,0.1953239007049571,0.7061376303133148,-0.08514525361904546,0.9461538461538462
0.13783992153939906,0.14928248860125742,0.17624151892154885,0.8470336020407778,-0.07439140531687727,0.9512820512820513
0.18092237668522415,0.19655994005842597,0.20710990259168105,0.949061042464713,-0.12594539101218805,0.9717948717948719
0.17515151510568217,0.20880991952890685,0.33165177158625747,0.6296059222906899,-0.13687758300840658,0.958974358974359
0.17294811289189083,0.19900881603971407,0.2852309089170136,0.6977112571541628,-0.047493479373704406,0.9641025641025641
0.13801217188288684,0.15306009579494712,0.2020699648842476,0.7574608917392797,-0.08886828010106662,0.9512820512820513
0.15356122280076545,0.1686963825153087,0.1962087076534118,0.8597803050275342,-0.10576552386900406,0.9461538461538462
0.17780067371843233,0.20329565056074866,0.2866632060489739,0.7091794352080797,-0.0675190850328029,0.9692307692307693
0.16271683695183836,0.19686060660375465,0.34137430030505905,0.5766708461294128,-0.13430228722750392,0.958974358974359
0.20098897603124488,0.2265360769476395,0.2853228886422577,0.7939639123437937,-0.08962844442758267,0.9717948717948719
0.1661588730900363,0.18409777159092805,0.22940061496999695,0.802516469343406,-0.09270065287076479,0.9564102564102565
0.12580632681524762,0.14557459931297842,0.24359896204546183,0.5975994236207396,-0.0677460596680205,0.9615384615384617
0.13890783267072382,0.15828732032157894,0.21929299666107108,0.7218074572906693,-0.21481802704010178,0.9564102564102565
0.2017329366303724,0.21380317236172924,0.17707593275793962,1.2074095504214866,-0.08689595099445435,0.9538461538461539
0.19594046729468273,0.22345961991399146,0.2786523492783862,0.8019297899072987,-0.12795413822742852,0.9564102564102565
0.16426207652411784,0.1739384959899603,0.16006176627412777,1.0866960926325575,-0.031772816445984065,0.9641025641025641
0.1408463567328544,0.1634991515782743,0.250856397269996,0.6517639309086491,-0.13445170870707202,0.9512820512820513
0.09697332524334956,0.11519530030605181,0.23573157765218522,0.4886714858202789,-0.10037369442344735,0.9538461538461539
0.13476956227737658,0.15230799532717046,0.22933045969033078,0.6641420225330503,-0.05575500043668191,0.9717948717948718
0.0980744061254033,0.11202484827751133,0.1892448593511134,0.5919571536137066,-0.11226153658567384,0.9461538461538462
0.1605686924395875,0.1862554648103362,0.27973181469960895,0.6658358292579173,-0.12904829803168427,0.9435897435897437
0.15074356420120472,0.16462668087851182,0.19392136704228252,0.848935232818448,-0.13121434738685145,0.9410256410256411
0.15645731879056668,0.1763476770582626,0.23384777150689695,0.7541131391669538,-0.1207647063748194,0.9743589743589743
0.15759460021464,0.1854452747933466,0.2842043347141476,0.6525068485667795,-0.23005485814458781,0.9487179487179488
0.13727113167744975,0.1646503269152922,0.28473023843714307,0.5782677941726246,-0.13275490192895545,0.9512820512820513
0.15249091491638223,0.16708353824923267,0.20127519532343657,0.8301248347107051,-0.05684594631692197,0.9641025641025641
0.2214462148539731,0.2363160576259793,0.20685220042137023,1.1424391770771083,-0.03710008252129959,0.9717948717948718
0.11451506658597932,0.13006731612115524,0.21099368934368168,0.6164512148479107,-0.08328719431551534,0.9615384615384617
0.09544608993975134,0.11579467154041265,0.24244844723528858,0.47760533367342034,-0.13976471960379855,0.958974358974359
0.1434731234080988,0.15517993190481824,0.17609214256076508,0.8812427950967173,-0.054773644239731856,0.9384615384615386
0.15673633549617216,0.1743681991924249,0.22300573897197892,0.7819000533180654,-0.09542379710623006,0.9410256410256411
0.19496087954921748,0.21887716456040437,0.2636820906287664,0.8300797526236162,-0.10120859176962771,0.958974358974359
0.13363737324165137,0.15067192279169586,0.21308334591756414,0.7071032329762014,-0.11262326038993165,0.9512820512820513
0.1482638480202152,0.16452004267520745,0.20683240506629785,0.7954268221291164,-0.13303130303832444,0.9564102564102565
0.15287754335659898,0.17420167505796552,0.23452347003835178,0.7427899434946882,-0.14301232545244458,0.9461538461538462
0.1489733544356826,0.1710838235302479,0.25936592638682227,0.6596233588335382,-0.11557070331194108,0.958974358974359
0.1760082947693018,0.20202543785892277,0.29554374050471177,0.6835720408556646,-0.05092191409635527,0.958974358974359
0.11383618527057848,0.13831726537366604,0.270737177476465,0.5108912882335485,-0.16259957340312525,0.9717948717948718
0.12993452998543975,0.14638523523850563,0.21129046466708842,0.6928151512618036,-0.11548399549660515,0.9538461538461539
0.17109592897046677,0.189711404026974,0.2368257231145314,0.8010591144072116,-0.024345973893347694,0.9743589743589743
0.16088930614944497,0.1762554729365493,0.2084616646164397,0.845505447060742,-0.0652010350250013,0.9538461538461539
0.1503235167573458,0.1726390236745607,0.25364561263079916,0.6806308293053354,-0.12569402716529243,0.958974358974359
0.1877836888522093,0.2213284880945154,0.3350383856710791,0.6606063590331487,-0.127663507306492,0.9461538461538462
0.1547153089751656,0.17081824180923053,0.20737199070915965,0.8237286107206447,-0.11922685713709658,0.9692307692307692
0.15782191892333697,0.17413303183151987,0.22028528398654143,0.7904887184482043,-0.03212479810308411,0.9538461538461539
0.14098019977905274,0.15528662265967735,0.19405224867142004,0.8002309879058254,-0.08486649337273156,0.958974358974359
0.1885489136720382,0.2089607573453765,0.25494316404073747,0.8196366359993342,-0.059597016604137854,0.958974358974359
0.1953591364172913,0.2357545411459662,0.3971835061336941,0.5935657888739467,-0.05198542362754566,0.9487179487179488
0.11640180116085874,0.12982928636615004,0.19533791295575842,0.6646394670734234,-0.08607535228099539,0.9461538461538462
0.18121900096631083,0.20700744571698018,0.2801187012421181,0.7389990200549129,-0.06429582537390222,0.9487179487179488
0.18582888957037502,0.21981429424295088,0.3578506053671924,0.6142627424575635,-0.04185280585258566,0.9666666666666667
0.15078240745493288,0.16814509749600223,0.22370503835633676,0.7516375077264293,-0.07734604167398695,0.935897435897436
0.12617602256932647,0.14366650691697844,0.2114220458281093,0.6795247220045464,-0.1561076975348289,0.9487179487179488
0.17676809747729827,0.19457770559447754,0.22327367807527898,0.8714762406022339,-0.10563511641312484,0.9615384615384616
0.13622420044546324,0.1554153764273069,0.22872047358773342,0.6794991895104314,-0.12449845346509258,0.9487179487179488
0.11224699022174445,0.12470390114904806,0.1849133946340694,0.6743908487312578,-0.035835421375976284,0.9512820512820513
0.12436045832980724,0.14003835026098652,0.21159923685543885,0.661809335147359,-0.12450828147278825,0.9692307692307693
0.15033895513384943,0.18840695172275618,0.35895676315447067,0.524873664635979,-0.06288245372331946,0.9641025641025641
0.14639465128485063,0.16956094090860868,0.2572555892220824,0.6591147015361088,-0.11548101147755463,0.9564102564102565
0.1575770579779745,0.17866933895274675,0.24716133763398948,0.7228854668901753,-0.059958621949248614,0.9615384615384616
0.1580734394159986,0.1867864825752163,0.30015050366717194,0.6223094090901088,-0.0827088985433494,0.9615384615384616
0.18054929963563016,0.21278597601519292,0.3283047117166226,0.6481356143278866,-0.05019471608059489,0.9538461538461539
0.1692482880274404,0.18700763664622833,0.2163700959107631,0.8642952061330849,-0.14521419660233092,0.958974358974359
0.145810005862546,0.16857712969632782,0.26063375608399897,0.6467969929497449,-0.15059313357164839,0.9692307692307693
0.17663416358903605,0.1954038453997655,0.23246948475419205,0.8405569686119496,-0.049491028621927,0.9692307692307692
0.13402313149437073,0.16078929094836897,0.2836592552124652,0.5668395724579312,-0.10963564727332942,0.9666666666666668
0.1625423840057214,0.17474855278475343,0.18141934286944994,0.9632299953291263,-0.06389131187995889,0.9641025641025641
0.15121056277494715,0.18142264054757556,0.31641280513706166,0.573373256714399,-0.10744063313191066,0.9512820512820513
0.13001788445019047,0.14990350290117996,0.2440501263086182,0.6142324331830775,-0.13895439206014826,0.9512820512820513
0.15684521654832206,0.17804471582613474,0.24864683166146856,0.7160546331374201,-0.06677115027419833,0.935897435897436
0.11531721335790146,0.13143277616809326,0.2046732444629951,0.6421590497230638,-0.08767446389516698,0.9615384615384617
0.13284988108769014,0.14606350437804233,0.1825156876927839,0.8002791772283212,-0.13089818154580224,0.9564102564102565
0.1586789405781326,0.18643088230625854,0.280357900136301,0.6649745993090326,-0.17582165199035327,0.9641025641025641
0.17977210967608692,0.19876046431608294,0.23839579491366858,0.833741486036115,-0.030577338877885718,0.9641025641025641
0.18490596757519628,0.20619988821999327,0.24904478554668005,0.8279630820912888,-0.1290197496209866,0.9641025641025641
0.10420066874137102,0.12342326256570568,0.2401245264173904,0.5139969015541891,-0.13850339685018376,0.9717948717948718
0.12475363017997654,0.14670120515042745,0.24111674614830314,0.6084239584926892,-0.201764376505422,0.958974358974359
0.113924650957268,0.1330700890095455,0.22453369567825712,0.5926508651967618,-0.12134631638065407,0.9666666666666668
0.15392299642535257,0.1736650301936678,0.250029383877249,0.6945784831391179,-0.023870922897732738,0.9512820512820513
0.11630704100577005,0.12864950775109923,0.18272316391056898,0.7040678641820407,-0.06342122385782056,0.9641025641025641
0.1582503515460163,0.17495452012706406,0.218641928188509,0.8001874186556822,-0.07812795478617562,0.9666666666666667
0.10901091965126808,0.13810166406653993,0.2976494363845929,0.4639742165951853,-0.2015769235422029,0.9538461538461539
0.1792138143847568,0.20583036672124572,0.28120817913724483,0.7319501422495587,-0.11647303993272295,0.9410256410256411
0.1416468932340358,0.16497114730496976,0.2660134998879379,0.6201608090358809,-0.08187672726938688,0.9717948717948718
0.1650089544299409,0.1842927576214682,0.2408386193094903,0.765212647995803,-0.05888847622575466,0.9538461538461539
0.13285496482264447,0.1645884299199938,0.3093994657451902,0.5319609376945165,-0.19881400647447844,0.9487179487179488
0.16390586110299288,0.18401223324975616,0.24674880138850294,0.7457472223341469,-0.08981609638890875,0.9487179487179488
0.14966292131104653,0.17160349729068172,0.26260212477510486,0.653473377024823,-0.06983026950916937,0.9615384615384616
0.21847840690451292,0.23833558423978024,0.24288470956973815,0.981270433457847,-0.06350113211500197,0.9538461538461539
0.1595756386008269,0.1804576902063091,0.23828178084286727,0.7573289471313389,-0.13975286249762875,0.9666666666666667
0.13952302320922105,0.1591073914634127,0.22113921937063363,0.7194897038898633,-0.1944835909626459,0.9692307692307692
0.1853601452441742,0.20943311362866326,0.27256458240652626,0.7683797791317462,-0.07398200626633955,0.958974358974359
0.14640124541322952,0.16648409869994002,0.24370571342611713,0.6831358048994286,-0.1637887756547457,0.958974358974359
0.15001616600034495,0.17141730523686483,0.2624014629092004,0.6532635273309466,-0.03675494893952569,0.9615384615384616
0.14645543153839813,0.16167300717655197,0.2029377815235568,0.7966629277347508,-0.06718051157433114,0.9564102564102565
0.13458551522774376,0.15637973778285405,0.2555019360182949,0.6120491305070059,-0.09036654196940141,0.9564102564102565
0.1519665853562744,0.17581922652259907,0.26396960263617203,0.6660586096533616,-0.09307069341208518,0.9615384615384616
0.12750371607095157,0.14828053321682835,0.2445361483466866,0.6063746984621937,-0.15842925998156077,0.9615384615384616
0.1996273172850047,0.2361713508457198,0.36242968568352163,0.6516335724550658,-0.07882118407867134,0.9487179487179488
0.14317087534621575,0.1650430390927993,0.25093584642580286,0.6577100938091741,-0.20020122134207918,0.9512820512820513
0.17136691384674285,0.19297519830220367,0.2503663032289914,0.7707714489265899,-0.048026135023624406,0.9538461538461539
0.11556906761920405,0.1405584752398418,0.27426610686813274,0.5124894098103867,-0.11309959773320244,0.9461538461538462
0.14549385441098273,0.16677271432330815,0.2420622357704262,0.688966264367965,-0.1285616989078059,0.9487179487179488
0.1996457056157357,0.2303734853909732,0.3253845529568802,0.7080037552412705,-0.05523593808939986,0.9487179487179488
0.11821979477221944,0.13804308248201594,0.22343768252816573,0.6178146896265572,-0.15240062726937942,0.9538461538461539
0.1196537102730546,0.14193839540333017,0.24613850291108202,0.5766606756952839,-0.17572080105712862,0.9794871794871796
0.15303707315241954,0.17740221774005663,0.26510602323733523,0.6691746025749024,-0.12388455498323714,0.958974358974359
0.12855455904335544,0.14526319508456023,0.21392153324162094,0.6790489619410487,-0.06917741784554032,0.958974358974359
0.14492822025926078,0.15922545385795853,0.20331000865106588,0.7831658407492954,-0.06734845342564366,0.9692307692307693
0.17811897270952692,0.20630450206069756,0.3012852823293232,0.6847480250800771,-0.12060507107850427,0.9615384615384616
0.15962407780645171,0.17359953500467254,0.19596421830244815,0.885873638098266,-0.06310228301066922,0.9564102564102565
0.15401574499475368,0.17322320764463914,0.23134589652218315,0.7487628276476873,-0.07249582076230321,0.9641025641025641
0.11637495137995968,0.14243374058546368,0.2878108634408378,0.4948866032457537,-0.12296330628894436,0.9641025641025641
0.1466307050184119,0.16402004855213653,0.22691510136813794,0.7228256187587841,-0.10725616259894799,0.9615384615384616
0.18301680102426787,0.20777035087000492,0.2649555201485893,0.7841706817562644,-0.10241725576733685,0.9538461538461539
0.13527337680360585,0.16112063545386554,0.2846556976073408,0.5660193588540717,-0.13617352013024098,0.9615384615384616
0.14809421286064395,0.16654335211684382,0.24085670981398385,0.6914623729829532,-0.10484978656814015,0.9666666666666668
0.18045909639498525,0.1999618895033046,0.24014819779873406,0.8326603794499043,-0.09434684641347846,0.976923076923077
0.1698156965370916,0.19127474449430013,0.2647950418129134,0.7223501738731277,-0.06952189259852926,0.9538461538461539
0.1530997374817724,0.1746529547661517,0.2504517327816127,0.6973517524769711,-0.061505031696086454,0.958974358974359
0.15028769298486444,0.16992592975113882,0.2467411401108437,0.6886809782705993,-0.08700949888571796,0.9794871794871796
0.1398156586214525,0.15631389790901767,0.2181072427908029,0.7166836640035188,-0.06728231799658702,0.958974358974359
0.16155379385988522,0.18416547007571663,0.25699536936078593,0.7166100717448095,-0.08267000826730442,0.9384615384615386
0.1505256628080902,0.16916311122909672,0.23575655757186004,0.7175330051107265,-0.09209301663167446,0.9564102564102565
0.14601384507968906,0.16945384812807296,0.260464665898602,0.6505828632972457,-0.15463124419801133,0.9564102564102565
0.13730654515216956,0.15073547263957304,0.18917883661296495,0.7967882419530786,-0.10100781320567653,0.958974358974359
0.1147762439998361,0.12801696287074946,0.1897445165825285,0.6746806979007959,-0.048811515851406195,0.9615384615384616
0.14666666586077337,0.16989514392538121,0.24639937266201048,0.6895112681899105,-0.15543204215112771,0.9641025641025642
0.09123697634471495,0.1036279181916676,0.1776788136483224,0.5832317093065307,-0.14415386992612933,0.9435897435897437
0.13172101155269278,0.14795379341591297,0.2158168850852481,0.6855524458036308,-0.1032844690332525,0.9641025641025642
0.11952220978526418,0.13420137152763376,0.19547888745481132,0.6865261679917068,-0.14623974631694092,0.9641025641025641
0.16932485488650295,0.19520419265898958,0.2696011291905371,0.7240481271168251,-0.1517480132160648,0.9410256410256411
0.10011002853347772,0.11894063413162557,0.2388041931958361,0.49806761154351237,-0.08087527017986496,0.9743589743589745
0.15876553454739506,0.1770917814511696,0.22148792574287127,0.7995550134717418,-0.12579876406903634,0.9743589743589743
0.1435074617001555,0.1692973790472214,0.28143221173924154,0.60155650982867,-0.06601652312110262,0.958974358974359
0.14817703330198606,0.16420249323929476,0.2114132258100368,0.7766897866022688,-0.060740141197833886,0.9564102564102565
0.14551614821116576,0.1630066310283032,0.2165330923773385,0.7528023972624096,-0.08432086575223241,0.9538461538461539
0.14973764535376466,0.17306325108026374,0.2591958197798119,0.6676930639825975,-0.12153413553851711,0.9666666666666667
0.12784691505966084,0.14764747040214407,0.24506058272218312,0.6024937538385233,-0.024442512851754583,0.9615384615384616
0.14201116261387492,0.1615591166665926,0.23580079695367917,0.6851508508613283,-0.07147040204897204,0.9794871794871796
0.15842507193891486,0.17962731478874924,0.2495909176393334,0.7196869040255555,-0.07346006809160299,0.958974358974359
0.1802613125807131,0.19958924275477405,0.2343530255792178,0.8516606186819097,-0.06347211054397006,0.9615384615384616
0.1651758490523354,0.1878862443990193,0.26125509927328483,0.7191677594873723,-0.14311930657366623,0.9461538461538462
0.13874622659611946,0.1628175476755873,0.25930976853461396,0.6278882149164141,-0.12118087810434985,0.976923076923077
0.11435678637835411,0.14485038367040284,0.3038688658450088,0.47668715012180674,-0.28746998818256575,0.9564102564102565
0.12705665926924392,0.14729808201131436,0.23243624721880246,0.633713905528066,-0.043453105149247606,0.9487179487179488
0.12773189068001378,0.15962498934065114,0.31946642142626697,0.4996612433569726,-0.16868890411378523,0.9692307692307692
0.15993383293604846,0.18048504476018917,0.24250463987927368,0.7442539856146266,-0.10253010858259248,0.9538461538461539
0.15913495125400967,0.1883184896343569,0.31733131904333195,0.5934443855150705,-0.09609974543995559,0.9435897435897437
0.17068994087037237,0.18764444699931218,0.2141263253725502,0.8763259102907445,-0.0661715607020733,0.9512820512820513
0.13668992637222832,0.15265650994168328,0.2089501299529187,0.7305882507758207,-0.11413007961447097,0.958974358974359
0.10821673164457901,0.1273582502889957,0.23606765807027494,0.5394989357291902,-0.1907600532760112,0.958974358974359
0.13141661774328495,0.1490052420193913,0.2185592657852531,0.6817612672884682,-0.14161300091698747,0.9743589743589743
0.15811752525413292,0.1743876378230352,0.21280842213991782,0.8194583469463365,-0.11361607317183697,0.9564102564102565
0.15400897870872887,0.17722953343377612,0.2500292939458441,0.7088350754298562,-0.16964029976323258,0.9564102564102565
0.1618112690403095,0.2006745314083324,0.3559859029849201,0.5637148261369023,-0.11328073385683357,0.9538461538461539
0.14384940643570387,0.16510706634568795,0.24511810944902024,0.6735816734096792,-0.11031533000201388,0.9615384615384616
0.14091677289439275,0.16006944205110077,0.23398436902679168,0.6841031420896859,-0.12064002418001452,0.9692307692307693
0.13749527383315363,0.1636967658019398,0.2707054655321432,0.6047043249760418,-0.0913537884320268,0.9333333333333335
0.15041970928530102,0.16488656979270383,0.20780517216050712,0.7934671119030027,-0.06220273494397366,0.9564102564102565
0.14394082493700533,0.15925518610832978,0.21021899874906377,0.7575679984016622,-0.038756468842092606,0.9564102564102565
0.14133158392539613,0.1616612207873507,0.24578754030738073,0.6577274852304472,-0.09775264986005971,0.9512820512820513
0.10888767185204173,0.13287391207742708,0.2782648879262796,0.47750872583187426,-0.08126747771678533,0.9666666666666668
0.14512343125016858,0.16544407294577648,0.23561512740414817,0.7021793327471372,-0.11020569618081477,0.9717948717948719
0.10952330334642513,0.12602903784627068,0.20612222221114895,0.6114286780644551,-0.19533797294927835,0.9435897435897437
0.1664541460531037,0.18395873337082455,0.22725884474094754,0.8094678716708219,-0.09501362839965655,0.9820512820512821
0.14993696869648887,0.17463812573122187,0.28249266665610395,0.6182041034849936,-0.030369639058713704,0.9538461538461539
0.1436042621975664,0.15777927339625689,0.20075852636437047,0.7859156781709605,-0.03505546666860038,0.9641025641025641
0.20405858448901548,0.21901651943377476,0.20657947647390554,1.0602046397452276,0.0,0.9641025641025641
0.11954734342599393,0.1404619568248627,0.23580996811194063,0.5956574183419779,-0.14073495501369737,0.9615384615384617
0.1509892832645976,0.16331502301712097,0.17812922785573368,0.916834508199796,-0.04851714989423428,0.9564102564102565
0.1382284375142564,0.1603563935879524,0.25614792290952926,0.626030427131708,-0.15741493684161179,0.9589743589743591
0.1968795387436304,0.220729651828252,0.269939029058524,0.8177018810436515,-0.06153434772200217,0.9512820512820513
0.14022106284321278,0.1597448473072313,0.24205397137221635,0.6599554900984668,-0.05708982757710179,0.9512820512820513
0.1345466953233332,0.1512897653998317,0.20797789981859308,0.7274319316225083,-0.15577510808454775,0.9564102564102565
0.13058837122259614,0.14575046784580467,0.20438250467758584,0.7131259501674401,-0.06182184881919561,0.9512820512820513
0.13104949908919705,0.1540214996706311,0.24877396016187636,0.6191222729678374,-0.16136695231277476,0.9512820512820513
0.18009843033994466,0.20482041060491935,0.2770202967932606,0.7393696887047095,-0.06419694328114645,0.9615384615384616
0.1376534884657865,0.15814123503397018,0.24546904578640694,0.6442410468795956,-0.09626463310580424,0.9641025641025641
0.15922882711666486,0.18838570335190766,0.31040224543467704,0.6069083137207933,-0.12269812035755412,0.9564102564102565
0.14786432306886632,0.16852379177042873,0.24610563579826808,0.6847620178376048,-0.055173909265882726,0.9564102564102565
0.18464387344069078,0.2063853700654028,0.24467253357547777,0.8435167080236902,-0.1376975612157605,0.9564102564102565
0.08715215934373033,0.10140673338850432,0.19762571739859913,0.5131251879732488,-0.1503379832905507,0.9564102564102565
0.15317977264592453,0.17186420832785174,0.22598809217993848,0.7605011691988103,-0.08481639340560332,0.9538461538461539
0.14849341593762144,0.16981023643506346,0.24789752877580798,0.6850017314558847,-0.12689838468334647,0.9743589743589745
0.1680078114338157,0.19331417943046292,0.27082469798723025,0.7137981907380468,-0.1115181102756424,0.9769230769230769
0.09848683481056408,0.1124200072529719,0.19776997028841706,0.5684382067157345,-0.09729391586540492,0.9641025641025641
0.1460587776961304,0.16427789311474478,0.22284922166088902,0.7371705940473394,-0.12714041050129454,0.9692307692307693
0.18902462133934672,0.2071160814450183,0.21985384271893138,0.9420625943290996,-0.07901839730599503,0.9666666666666668
0.14059558254871973,0.1674514997913336,0.2825990297148132,0.5925409579796451,-0.13967624628458597,0.958974358974359
0.13365787074259505,0.1515151167355671,0.2129420046373974,0.7115323113143909,-0.21817183449824162,0.9666666666666667
0.14277045118707066,0.16485966485997308,0.24917973330883966,0.6616094441984246,-0.17857597259246105,0.9564102564102565
0.16380061195005124,0.18021117584855256,0.21896561305885812,0.8230113090867454,-0.06773827731218063,0.9615384615384616
0.17265804729694922,0.1883592870740293,0.20761184121440104,0.9072665892862556,-0.03314140439750701,0.9487179487179488
0.17288009799761483,0.19521996410158385,0.24572621906517303,0.7944612701252136,-0.13825211359933143,0.9692307692307692
0.20802248057646278,0.22712800378570178,0.2403071979867789,0.945156889550174,-0.04702012908386566,0.9615384615384616
0.16630229343156677,0.18847792009545455,0.27048683901107223,0.696809947517407,-0.0254745344437306,0.9538461538461539
0.16020589005325814,0.17777823318073174,0.2183559738399878,0.8141670230236449,-0.117716640744021,0.9641025641025641
0.14816262590669949,0.16476228505566312,0.21784415495015136,0.7563309885150015,-0.048775708379868776,0.9666666666666667
0.11982624902813566,0.1396643403577046,0.23511702521626296,0.5940205318149121,-0.10803079739199795,0.9615384615384616
0.19815075056238585,0.2110437600226245,0.1922338862819633,1.0978488970101317,0.0,0.9717948717948718
0.09546538882993993,0.1121965679153768,0.21536918983861586,0.520949946459147,-0.1265139867415337,0.9615384615384617
0.14614804792980718,0.1669358533495883,0.24813707539108407,0.672756592647366,-0.05266383004441422,0.958974358974359
0.16705945589630766,0.18334969625911487,0.2182412223154038,0.8401240348358046,-0.028725670156079408,0.9717948717948718
0.12891653208992881,0.15487597769919767,0.2774407659691564,0.5582307890413463,-0.1697651569354628,0.9615384615384616
0.12488869712501649,0.14337426702963776,0.2288028702613319,0.6266279215198651,-0.10473310093042798,0.9717948717948718
0.18107057653818281,0.19683445836257643,0.21036638573348454,0.9356744789633271,-0.11158698295819525,0.9666666666666667
0.16964232448747918,0.19567636274151765,0.2873276917134605,0.6810215944541024,-0.1357205330651693,0.9666666666666668
0.12237055743716896,0.14158295330011444,0.22842960067246998,0.6198100109762956,-0.16926169838718963,0.9564102564102565
0.06809201085341732,0.08703483529104288,0.23433574078563388,0.3714108441130232,-0.13300760192583105,0.9641025641025641
0.13125278127923834,0.14988036333937052,0.22314302922609014,0.6716784470444319,-0.09621758916070944,0.958974358974359
0.15971876595815537,0.17992276455527476,0.23137721633571923,0.7776166011705056,-0.150767686849283,0.9512820512820513
0.15130919838209533,0.17275971901968196,0.2594449880067478,0.6658818902109171,-0.05955130257911645,0.9538461538461539
0.18340023419010043,0.20477418437167533,0.25278609905838845,0.8100690074907032,-0.09033982787751438,0.9666666666666668
0.16262537593772985,0.17790102121482637,0.20470757261361008,0.8690495370711974,-0.07330044089194443,0.9615384615384616
0.17449868818835435,0.19170855179145727,0.22232408819576613,0.8622932105433824,-0.03388998949176314,0.9641025641025642
0.1758605153181001,0.1957179196801217,0.2412728476917197,0.8111891642701351,-0.11371543460754663,0.958974358974359
0.13797471878818102,0.15716646168946122,0.23273219191760883,0.6753103659381201,-0.0965863701468066,0.9564102564102565
0.1503149922996736,0.17554186595186683,0.2774469011682635,0.632704366899401,-0.1256149400329759,0.9435897435897437
0.14468344189151772,0.16815153344632366,0.24711749218088916,0.6804517639052331,-0.1873838013894259,0.9641025641025641
0.1638772251032825,0.17485299092075682,0.1724112396094644,1.014162367353911,-0.03027080071145971,0.9461538461538462
0.15972739180627626,0.17590302227242963,0.20426787813657585,0.8611389312754247,-0.1452510140190496,0.9564102564102565
0.18494026061601376,0.2120580359973463,0.28394267534321715,0.7468339718255457,-0.16120796678036164,0.9692307692307692
0.15194063601051155,0.16433511534914266,0.18281888410853184,0.8988957358014714,-0.048537812743219555,0.9615384615384616
0.17479614085876838,0.19367776486840033,0.223241569032064,0.8675703441261092,-0.0883018540778776,0.9538461538461539
0.14479612675657316,0.16553164016621094,0.23892351286739477,0.6928227288290494,-0.10426347548864057,0.9692307692307692
0.11146380180421489,0.12874835330213105,0.2175990699443394,0.5916769466664731,-0.1472865258501388,0.9512820512820513
0.12357492783491719,0.14243802621377802,0.23976587628979262,0.5940713016293467,-0.08868606416526714,0.958974358974359
0.15693497143939328,0.17159901230799493,0.1985715003818357,0.8641673753686957,-0.06036436716828686,0.9564102564102565
0.11620916661588088,0.13622014086446418,0.2399166150424141,0.5677811886449893,-0.1220869653437594,0.9564102564102566
0.13224857987986072,0.14384060242816035,0.1725142555702495,0.8337896596005485,-0.07761575242589158,0.9538461538461539
0.14514314600029277,0.1619102134774437,0.2200537640262816,0.7357757055139776,-0.09350185903953734,0.976923076923077
0.15233129654839805,0.17195221404835248,0.24715169237518173,0.6957355314699817,-0.11320980310220541,0.9743589743589743
0.16433563575978827,0.1903398866861791,0.29198331335000305,0.6518861797352677,-0.02480365050345279,0.9641025641025641
0.1585754503159511,0.1756661312763466,0.2192185661841504,0.8013287119521691,-0.05094707559393641,0.9333333333333335
0.1590070300268669,0.17911140762215405,0.26158855581940255,0.6847065884098168,-0.028789453983606217,0.9384615384615386
0.11848448564921155,0.13264703999807612,0.20308779580171044,0.6531512121367903,-0.08787713314667289,0.9615384615384616
0.1791850004787776,0.20753480991024584,0.3119972731409362,0.665181486430805,-0.10679611029128977,0.9538461538461539
0.1406653778566742,0.17197470468894152,0.3111837062901349,0.5526468809668311,-0.17294616818260244,0.9717948717948718
0.16033963405660723,0.17721295286326044,0.2152996084204739,0.8230992808736032,-0.14772751913858173,0.9538461538461539
0.17537678119692424,0.19614371689412682,0.24680294262526317,0.7947381615783427,-0.08675292415521785,0.9743589743589743
0.18976249903259013,0.20309904400635762,0.200580336428721,1.012557101171937,-0.07738682366721794,0.935897435897436
0.12675076057775492,0.14076082487323208,0.1950798872315345,0.7215547787669533,-0.08664802100935409,0.9487179487179488
0.13276029274776557,0.1497436065788717,0.22083087279838626,0.6780918115357192,-0.08797983484151028,0.9743589743589743
0.1592176821510638,0.1859106631695568,0.28303800523323486,0.6568399286744507,-0.08384997383597093,0.9743589743589743
0.14862685356883554,0.16467737455054654,0.211509775988826,0.7785804404579691,-0.046048278195469194,0.958974358974359
0.11878872431629572,0.1310125222546959,0.1807521177419912,0.7248187401140467,-0.06645461988275225,0.9743589743589745
0.16178203042306438,0.19122468201728776,0.29704822744754206,0.6437496148703918,-0.08588329843305509,0.9410256410256411
0.1663027505086936,0.18570152700971826,0.23081751242105766,0.8045382911456096,-0.0745755395031138,0.9641025641025641
0.1418689835635425,0.15823902455063252,0.20888672896724844,0.7575350781400908,-0.08530316872187882,0.9615384615384617
0.16850623429395295,0.1847618796232409,0.2177189416472432,0.8486256557438138,-0.10775679284045192,0.958974358974359
0.1235855486040427,0.15112300018982391,0.29956196435370525,0.5044799346134168,-0.08471659431421108,0.9538461538461539
0.16122817389569466,0.18160549118919406,0.24723989068113866,0.7345315138624121,-0.11380093707769245,0.9564102564102565
0.18474476154494246,0.20791420423100476,0.27117465361138426,0.7667169533070116,-0.056572868238475627,0.9615384615384616
0.17275484834169985,0.18714245838274418,0.1991345801725095,0.9397788079831408,-0.07721327562841551,0.9384615384615386
0.15906724841809727,0.16790906468016395,0.1555154686493177,1.0796936545186602,-0.016151416373016758,0.9615384615384616
0.11785796538964965,0.13209255733750197,0.18887361971841565,0.6993700736737806,-0.20194275637166692,0.9512820512820513
0.1510028620113668,0.16824308738122534,0.21223654822212465,0.7927149625763034,-0.09505071191734227,0.9487179487179488
0.1605729791114361,0.1772248062996157,0.2239259614795311,0.7914437661834745,-0.049470918626626115,0.9589743589743591
0.13089938197730722,0.1438760983800717,0.18821139479865728,0.7644388297211542,-0.10496685886293644,0.9794871794871796
0.16568640109571509,0.18531528643607523,0.24203274180186457,0.7656620548792527,-0.07140454291712617,0.9641025641025641
0.14256529080972657,0.17680789656072893,0.3298844317100458,0.5359692048642521,-0.1794124739479459,0.9743589743589743
0.1624118030467847,0.17627063468393084,0.19483252777630894,0.9047289828642506,-0.020955900267251026,0.958974358974359
0.1562192585532649,0.17203820308728707,0.2093928731585313,0.8216048640635298,-0.0522998407132933,0.958974358974359
0.18226644197037856,0.20542328333511062,0.25884958914898354,0.7936009634416578,-0.142494180494118,0.9461538461538462
0.1586844151217488,0.17962678637566645,0.24168334712682266,0.743231954171041,-0.05102761618931939,0.9615384615384616
0.12400118430457852,0.14462574078076212,0.24443868354057602,0.5916647016991267,-0.09901681712062149,0.9666666666666667
0.16065308561371694,0.1868320391671973,0.27480002286918276,0.6798836376230499,-0.10416476639172645,0.9666666666666667
0.14620604654344427,0.1628180371382904,0.2125431085321695,0.766047124570247,-0.07906974299061453,0.9692307692307692
0.13530368471295162,0.15197237186993648,0.20914841259602918,0.7266245532710383,-0.16436024207549216,0.9512820512820513
0.10521645482320774,0.1187483300245247,0.19849167880624816,0.5982534418505141,-0.08312426454412025,0.9692307692307693
0.15608843982916998,0.18112320567638127,0.28249413578407756,0.6411574002188192,-0.08260200852506117,0.9538461538461539
0.13416018136510344,0.15588686364721335,0.26241419318627013,0.5940489032030359,-0.07000455462123167,0.9487179487179488
0.14285136659534414,0.15821248851226052,0.19402183067289075,0.8154365308458374,-0.06497652859500114,0.9512820512820513
0.1420007797809404,0.15931349456100977,0.21534129175751543,0.7398186072943426,-0.09455455106592159,0.9333333333333335
0.16096323882914065,0.18823772197584562,0.29911479114173384,0.6293159935599782,-0.06137318296538774,0.958974358974359
0.13257160479951957,0.15267295325163927,0.23692072941875733,0.644405213618053,-0.08362748171912893,0.9641025641025641
0.16096869422129578,0.17629810080077493,0.19776861836907125,0.8914361755401025,-0.10736668233946456,0.958974358974359
0.13690577179909047,0.16043322892388345,0.25411341871741466,0.6313449708151473,-0.20145477058432548,0.9717948717948719
0.1438440649784165,0.15729578831756913,0.19057201978361457,0.8253876329598174,-0.07724329563451815,0.9461538461538462
0.16627082930168857,0.1921251108327977,0.2882694389306776,0.666477554975918,-0.13398541827121702,0.935897435897436
0.08946459018262676,0.10912556758997227,0.23601695962604943,0.4623632461110984,-0.23806102981126098,0.9487179487179488
0.17197799852524454,0.19491931274783167,0.25205473362692626,0.7733213732710038,-0.11533528574640317,0.976923076923077
0.1956353108932496,0.2175927380363558,0.26709142401809716,0.8146751204621698,0.0,0.9641025641025641
0.13688119046328429,0.15992129104185288,0.27706211589769986,0.5772037455344523,-0.053784607492298075,0.9666666666666667
0.14411143049189956,0.15864486138964223,0.19415782926715086,0.8170922696676596,-0.12720380323959735,0.9615384615384616
0.11437597161864321,0.14024015078577143,0.26626996559435384,0.5266840759630352,-0.21947911547786125,0.958974358974359
0.1299056228011548,0.14131662339206816,0.16793032467507119,0.8415193840987448,-0.09867104743786326,0.9512820512820513
0.09671689604188538,0.11719101324002389,0.2399263454261389,0.48844578961046625,-0.18210242242578967,0.9641025641025641
0.16972413079499926,0.18656955102452394,0.22334382320179796,0.8353468134910212,-0.035807426549936294,0.9820512820512821
0.1825210001844031,0.20881627006003275,0.28620586359780686,0.7296016490894593,-0.05562437921794994,0.9538461538461539
0.13341168987042162,0.15145426167925197,0.23559809685213853,0.6428501066131478,-0.07304751321404246,0.9512820512820513
0.10270608172507623,0.11486181849001297,0.1879656902813136,0.6110786405652449,-0.07767863386728457,0.958974358974359
0.1285190356822652,0.14169882465490674,0.18726863520908502,0.7566607429840043,-0.07587530283344046,0.958974358974359
0.16230999229351895,0.19454783969141085,0.3219629789747292,0.6042553100699223,-0.13678556979498957,0.9641025641025641
0.19021019809247774,0.2086913124502309,0.2277008429709004,0.9165153265458096,-0.10412932652183837,0.9641025641025641
0.12602423061514356,0.14122951635659495,0.2037866362887051,0.69302638744434,-0.09074141149301285,0.958974358974359
0.1391793443461522,0.15908268169527193,0.24428329246470534,0.6512221122050604,-0.10213323478728797,0.9641025641025641
0.13029147420838472,0.1525693147544351,0.253607202206847,0.6015969318962661,-0.13329822381597167,0.9461538461538462
0.15341331453463836,0.1805060725622549,0.2985550324416917,0.6045989949859849,-0.06914745367154129,0.9564102564102565
0.17256141922220825,0.1884831525848488,0.21350889771085313,0.8827882800467841,-0.05917239033288457,0.9743589743589745
0.15711619125396736,0.17430706483751515,0.22067268777092247,0.789889617053385,-0.08599943509553631,0.9487179487179488
0.14047755146950203,0.1596231603899192,0.2321183053059291,0.6876801904078087,-0.11588804070234227,0.9692307692307692
0.14977319348308682,0.1757590340560713,0.28036328191129606,0.6268974769373672,-0.09626471199131803,0.9641025641025641
0.16215702862171777,0.18093941504172734,0.23748812518075108,0.7618882624300277,-0.08522813590849143,0.9538461538461539
0.10447443781232679,0.12641342848135714,0.24757103405479458,0.510614777548565,-0.09051114624875001,0.9538461538461539
0.16088265176065097,0.19036064822624113,0.31688059401469626,0.6007330578830353,-0.05939645126223958,0.9615384615384616
0.16098637055084697,0.18921114335779585,0.2889408841731055,0.6548437888922594,-0.1807862579095576,0.9743589743589745
0.17763263373543126,0.2003117778884354,0.2571032167521141,0.7791103527170796,-0.11283525441753761,0.9538461538461539
0.13940990990477453,0.1605736851358545,0.2477880005434603,0.6480284952607742,-0.12530065714448413,0.9743589743589745
0.17736840450570046,0.20480214571449215,0.29829086045702213,0.6865853864939322,-0.09801107978481716,0.9461538461538462
0.14151649111605558,0.15404234465115194,0.18349417359018233,0.8394944735149553,-0.06672019884941449,0.9512820512820513
0.15683584698781639,0.17594241848011843,0.22740890677489084,0.7736830583081848,-0.06727690985185664,0.9538461538461539
0.14245935451153113,0.16312212427965736,0.24810416939243507,0.6574743370057654,-0.12092707273424619,0.9615384615384616
0.1644106014533715,0.185945859348881,0.24883720061233164,0.7472590870308403,-0.1275506045289294,0.9538461538461539
0.1446150399292836,0.1636729066776234,0.24215800491202927,0.6758930258658277,-0.07052317571849775,0.9820512820512821
0.1209265236414021,0.1464276711515192,0.2838593888431518,0.5158457916374528,-0.1350185370206325,0.958974358974359
0.1843232443835201,0.20421273820777563,0.23463488069885938,0.8703426259536883,-0.07269683953140871,0.9564102564102565
0.14141716301861207,0.15701302049449342,0.20353246091887847,0.7714396995232804,-0.10209690313269504,0.958974358974359
0.16048918346089436,0.18560791295719645,0.28328562867516777,0.6551970667386928,-0.055921469817265534,0.9743589743589745
0.17140107237815827,0.18922068109738394,0.22375845919450146,0.845647050746378,-0.10362706626963969,0.9666666666666668
0.17034417422845194,0.193171465245147,0.26743833505758846,0.7223028261956188,-0.11869723440032931,0.9461538461538462
0.12765169443339874,0.14408794508442188,0.21638787275567983,0.6658780977393743,-0.13591188231801066,0.9564102564102565
0.140422338469661,0.15819620356063419,0.224928177963253,0.7033187437568584,-0.060467148295721085,0.9538461538461539
0.13817904822410165,0.16723900965847624,0.3065689456402843,0.5455184291715828,-0.1494595339964495,0.9692307692307692
0.14035024482160918,0.1619109805649525,0.25332845806346893,0.6391345915206547,-0.1064688855769933,0.9692307692307692
