symbol,period,balance_identity,gross_profit_decomposes,cf_sums_to_net,cf_internal_roll,total_liabilities_identity,net_income_parent_identity,issuance_nonneg
A32,2017,True,True,True,True,True,True,True
A32,2018,True,True,True,True,True,True,True
A32,2019,True,True,True,True,True,True,True
A32,2020,True,True,True,True,True,True,True
A32,2021,True,True,True,True,True,True,True
A32,2022,True,True,True,True,True,True,True
A32,2023,True,True,True,True,True,True,True
A32,2024,True,True,True,True,True,True,True
A32,2025,True,True,True,True,True,True,True
AAA,2009,True,True,True,True,True,True,True
AAA,2010,True,True,True,True,True,True,True
AAA,2011,True,True,True,True,True,True,True
AAA,2012,True,True,True,True,True,True,True
AAA,2013,True,True,True,True,True,True,True
AAA,2014,True,True,True,True,True,True,True
AAA,2015,True,True,True,True,True,True,True
AAA,2016,True,True,True,True,True,True,True
AAA,2017,True,True,True,True,True,True,True
AAA,2018,True,True,True,True,True,True,True
AAA,2019,True,True,True,True,True,True,True
AAA,2020,True,True,True,True,True,True,True
AAA,2021,True,True,True,True,True,True,True
AAA,2022,True,True,True,True,True,True,True
AAA,2023,True,True,True,True,True,True,True
AAA,2024,True,True,True,True,True,True,True
AAA,2025,True,True,True,True,True,True,True
AAH,2019,True,True,True,True,True,True,True
AAH,2020,True,True,True,True,True,True,True
AAH,2021,True,True,True,True,True,True,True
AAH,2022,True,True,True,True,True,True,True
AAH,2023,True,True,True,True,True,True,True
AAH,2024,True,True,True,True,True,True,True
AAH,2025,True,True,True,True,True,True,True
AAM,2009,True,True,True,True,True,True,True
AAM,2010,True,True,True,True,True,True,True
AAM,2011,True,True,True,True,True,True,True
AAM,2012,True,True,True,True,True,True,True
AAM,2013,True,True,True,True,True,True,True
AAM,2014,True,True,True,True,True,True,True
AAM,2015,True,True,True,True,True,True,True
AAM,2016,True,True,True,True,True,True,True
AAM,2017,True,True,True,True,True,True,True
AAM,2018,True,True,True,True,True,True,True
AAM,2019,True,True,True,True,True,True,True
AAM,2020,True,True,True,True,True,True,True
AAM,2021,True,True,True,True,True,True,True
AAM,2022,True,True,True,True,True,True,True
AAM,2023,True,True,True,True,True,True,True
AAM,2024,True,True,True,True,True,True,True
AAM,2025,True,True,True,True,True,True,True
AAT,2019,True,True,True,True,True,True,True
AAT,2020,True,True,True,True,True,True,True
AAT,2022,True,True,True,True,True,True,True
AAT,2024,True,True,True,True,True,True,True
AAT,2025,True,True,True,True,True,True,True
AAV,2015,True,True,True,True,True,True,True
AAV,2016,True,True,True,True,True,True,True
AAV,2017,True,True,True,True,True,True,True
AAV,2019,True,True,True,True,True,True,True
AAV,2020,True,True,True,True,True,True,True
AAV,2021,True,True,True,True,True,True,True
AAV,2022,True,True,True,True,True,True,True
AAV,2023,True,True,True,True,True,True,True
AAV,2024,True,True,True,True,True,True,True
AAV,2025,True,True,True,True,True,True,True
ABC,2010,True,True,True,True,True,True,True
ABC,2011,True,True,True,True,True,True,True
ABC,2012,True,True,True,True,True,True,True
ABC,2013,True,True,True,True,True,True,True
ABC,2014,True,True,True,True,True,True,True
ABC,2015,True,True,True,True,True,True,True
ABC,2016,True,True,True,True,True,True,True
ABC,2017,True,True,True,True,True,True,True
ABC,2018,True,True,True,True,True,True,True
ABC,2019,True,True,True,True,True,True,True
ABC,2020,True,True,True,True,True,True,True
ABC,2021,True,True,True,True,True,True,True
ABC,2022,True,True,True,True,True,True,True
ABC,2023,True,True,True,True,True,True,True
ABC,2024,True,True,True,True,True,True,True
ABC,2025,True,True,True,True,True,True,True
ABR,2018,True,True,True,True,True,True,True
ABR,2019,True,True,True,True,True,True,True
ABR,2020,True,True,True,True,True,True,True
ABR,2021,True,True,True,True,True,True,True
ABR,2022,True,True,True,True,True,True,True
ABR,2023,True,True,True,True,True,True,True
ABR,2024,True,True,True,True,True,True,True
ABR,2025,True,True,True,True,True,True,True
ABS,2018,True,True,True,True,True,True,True
ABS,2019,True,True,True,True,True,True,True
ABS,2022,True,True,True,True,True,True,True
ABS,2023,True,True,True,True,True,True,True
ABS,2024,True,True,True,True,True,True,True
ABS,2025,True,True,True,True,True,True,True
ABT,2011,True,True,True,True,True,True,True
ABT,2012,True,True,True,True,True,True,True
ABT,2014,True,True,True,True,True,True,True
ABT,2015,True,True,True,True,True,True,True
ABT,2016,True,True,True,True,True,True,True
ABT,2017,True,True,True,True,True,True,True
ABT,2018,True,True,True,True,True,True,True
ABT,2019,True,True,True,True,True,True,True
ABT,2020,True,True,True,True,True,True,True
ABT,2021,True,True,True,True,True,True,True
ABT,2022,True,True,True,True,True,True,True
ABT,2023,True,True,True,True,True,True,True
ABT,2024,True,True,True,True,True,True,True
ABT,2025,True,True,True,True,True,True,True
AC4,2015,True,True,True,True,True,True,True
AC4,2016,True,True,True,True,True,True,True
AC4,2017,True,True,True,True,True,True,True
AC4,2018,True,True,True,True,True,True,True
AC4,2019,True,True,True,True,True,True,True
AC4,2020,True,True,True,True,True,True,True
AC4,2021,True,True,True,True,True,True,True
ACC,2009,True,True,True,True,True,True,True
ACC,2010,True,True,True,True,True,True,True
ACC,2011,True,True,True,True,True,True,True
ACC,2012,True,True,True,True,True,True,True
ACC,2013,True,True,True,True,True,True,True
ACC,2014,True,True,True,True,True,True,True
ACC,2015,True,True,True,True,True,True,True
ACC,2016,True,True,True,True,True,True,True
ACC,2017,True,True,True,True,True,True,True
ACC,2018,True,True,True,True,True,True,True
ACC,2019,True,True,True,True,True,True,True
ACC,2020,True,True,True,True,True,True,True
ACC,2021,True,True,True,True,True,True,True
ACC,2022,True,True,True,True,True,True,True
ACC,2023,True,True,True,True,True,True,True
ACC,2024,True,True,True,True,True,True,True
ACC,2025,True,True,True,True,True,True,True
ACE,2010,True,True,True,True,True,True,True
ACE,2011,True,True,True,True,True,True,True
ACE,2012,True,True,True,True,True,True,True
ACE,2013,True,True,True,True,True,True,True
ACE,2014,True,True,True,True,True,True,True
ACE,2015,True,True,True,True,True,True,True
ACE,2016,True,True,True,True,True,True,True
ACE,2017,True,True,True,True,True,True,True
ACE,2018,True,True,True,True,True,True,True
ACE,2019,True,True,True,True,True,True,True
ACE,2020,True,True,True,True,True,True,True
ACE,2021,True,True,True,True,True,True,True
ACE,2022,True,True,True,True,True,True,True
ACE,2023,True,True,True,True,True,True,True
ACE,2024,True,True,True,True,True,True,True
ACE,2025,True,True,True,True,True,True,True
ACG,2018,True,True,True,True,True,True,True
ACG,2019,True,True,True,True,True,True,True
ACG,2020,True,True,True,True,True,True,True
ACG,2021,True,True,True,True,True,True,True
ACG,2022,True,True,True,True,True,True,True
ACG,2023,True,True,True,True,True,True,True
ACG,2024,True,True,True,True,True,True,True
ACG,2025,True,True,True,True,True,True,True
ACL,2009,True,True,True,True,True,True,True
ACL,2010,True,True,True,True,True,True,True
ACL,2011,True,True,True,True,True,True,True
ACL,2012,True,True,True,True,True,True,True
ACL,2013,True,True,True,True,True,True,True
ACL,2014,True,True,True,True,True,True,True
ACL,2015,True,True,True,True,True,True,True
ACL,2016,True,True,True,True,True,True,True
ACL,2017,True,True,True,True,True,True,True
ACL,2018,True,True,True,True,True,True,True
ACL,2019,True,True,True,True,True,True,True
ACL,2020,True,True,True,True,True,True,True
ACL,2021,True,True,True,True,True,True,True
ACL,2022,True,True,True,True,True,True,True
ACL,2023,True,True,True,True,True,True,True
ACL,2024,True,True,True,True,True,True,True
ACL,2025,True,True,True,True,True,True,True
ACM,2014,True,True,True,True,True,True,True
ACM,2016,True,True,True,True,True,True,True
ACM,2017,True,True,True,True,True,True,True
ACM,2018,True,True,True,True,True,True,True
ACM,2019,True,True,True,True,True,True,True
ACM,2020,True,True,True,True,True,True,True
ACM,2022,True,True,True,True,True,True,True
ACS,2016,True,True,True,True,True,True,True
ACS,2017,True,True,True,True,True,True,True
ACS,2018,True,True,True,True,True,True,True
ACS,2019,True,True,True,True,True,True,True
ACS,2020,True,True,True,True,True,True,True
ACS,2021,True,True,True,True,True,True,True
ACS,2022,True,True,True,True,True,True,True
ACS,2023,True,True,True,True,True,True,True
ACS,2024,True,True,True,True,True,True,True
ACV,2011,True,True,True,True,True,True,True
ACV,2012,True,True,True,True,True,True,True
ACV,2013,True,True,True,True,True,True,True
ACV,2014,True,True,True,True,True,True,True
ACV,2015,True,True,True,True,True,True,True
ACV,2016,True,True,True,True,True,True,True
ACV,2017,True,True,True,True,True,True,True
ACV,2018,True,True,True,True,True,True,True
ACV,2019,True,True,True,True,True,True,True
ACV,2020,True,True,True,True,True,True,True
ACV,2021,True,True,True,True,True,True,True
ACV,2022,True,True,True,True,True,True,True
ACV,2023,True,True,True,True,True,True,True
ACV,2024,True,True,True,True,True,True,True
ACV,2025,True,True,True,True,True,True,True
ADC,2009,True,True,True,True,True,True,True
ADC,2010,True,True,True,True,True,True,True
ADC,2011,True,True,True,True,True,True,True
ADC,2012,True,True,True,True,True,True,True
ADC,2015,True,True,True,True,True,True,True
ADC,2017,True,True,True,True,True,True,True
ADC,2018,True,True,True,True,True,True,True
ADC,2019,True,True,True,True,True,True,True
ADC,2020,True,True,True,True,True,True,True
ADC,2021,True,True,True,True,True,True,True
ADC,2022,True,True,True,True,True,True,True
ADC,2023,True,True,True,True,True,True,True
ADC,2024,True,True,True,True,True,True,True
ADC,2025,True,True,True,True,True,True,True
ADG,2017,True,True,True,True,True,True,True
ADG,2018,True,True,True,True,True,True,True
ADG,2019,True,True,True,True,True,True,True
ADG,2020,True,True,True,True,True,True,True
ADG,2021,True,True,True,True,True,True,True
ADG,2022,True,True,True,True,True,True,True
ADG,2023,True,True,True,True,True,True,True
ADG,2024,True,True,True,True,True,True,True
ADG,2025,True,True,True,True,True,True,True
ADP,2011,True,True,True,True,True,True,True
ADP,2012,True,True,True,True,True,True,True
ADP,2013,True,True,True,True,True,True,True
ADP,2014,True,True,True,True,True,True,True
ADP,2017,True,True,True,True,True,True,True
ADP,2018,True,True,True,True,True,True,True
ADP,2019,True,True,True,True,True,True,True
ADP,2020,True,True,True,True,True,True,True
ADP,2022,True,True,True,True,True,True,True
ADP,2023,True,True,True,True,True,True,True
ADP,2024,True,True,True,True,True,True,True
ADP,2025,True,True,True,True,True,True,True
ADS,2013,True,True,True,True,True,True,True
ADS,2014,True,True,True,True,True,True,True
ADS,2015,True,True,True,True,True,True,True
ADS,2016,True,True,True,True,True,True,True
ADS,2017,True,True,True,True,True,True,True
ADS,2018,True,True,True,True,True,True,True
ADS,2019,True,True,True,True,True,True,True
ADS,2020,True,True,True,True,True,True,True
ADS,2021,True,True,True,True,True,True,True
ADS,2022,True,True,True,True,True,True,True
ADS,2023,True,True,True,True,True,True,True
ADS,2024,True,True,True,True,True,True,True
ADS,2025,True,True,True,True,True,True,True
AFC,2016,True,True,True,True,True,True,True
AFC,2017,True,True,True,True,True,True,True
AFC,2018,True,True,True,True,True,True,True
AFC,2019,True,True,True,True,True,True,True
AFX,2011,True,True,True,True,True,True,True
AFX,2012,True,True,True,True,True,True,True
AFX,2013,True,True,True,True,True,True,True
AFX,2014,True,True,True,True,True,True,True
AFX,2015,True,True,True,True,True,True,True
AFX,2016,True,True,True,True,True,True,True
AFX,2017,True,True,True,True,True,True,True
AFX,2018,True,True,True,True,True,True,True
AFX,2019,True,True,True,True,True,True,True
AFX,2020,True,True,True,True,True,True,True
AFX,2021,True,True,True,True,True,True,True
AFX,2022,True,True,True,True,True,True,True
AFX,2023,True,True,True,True,True,True,True
AFX,2024,True,True,True,True,True,True,True
AFX,2025,True,True,True,True,True,True,True
AG1,2016,True,True,True,True,True,True,True
AG1,2017,True,True,True,True,True,True,True
AG1,2018,True,True,True,True,True,True,True
AG1,2019,True,True,True,True,True,True,True
AG1,2020,True,True,True,True,True,True,True
AG1,2021,True,True,True,True,True,True,True
AG1,2022,True,True,True,True,True,True,True
AG1,2023,True,True,True,True,True,True,True
AG1,2024,True,True,True,True,True,True,True
AG1,2025,True,True,True,True,True,True,True
AGD,2009,True,True,True,True,True,True,True
AGD,2010,True,True,True,True,True,True,True
AGD,2011,True,True,True,True,True,True,True
AGD,2012,True,True,True,True,True,True,True
AGE,2019,True,True,True,True,True,True,True
AGE,2020,True,True,True,True,True,True,True
AGE,2021,True,True,True,True,True,True,True
AGE,2022,True,True,True,True,True,True,True
AGF,2009,True,True,True,True,True,True,True
AGF,2010,True,True,True,True,True,True,True
AGF,2011,True,True,True,True,True,True,True
AGF,2012,True,True,True,True,True,True,True
AGF,2013,True,True,True,True,True,True,True
AGF,2014,True,True,True,True,True,True,True
AGF,2017,True,True,True,True,True,True,True
AGF,2018,True,True,True,True,True,True,True
AGF,2019,True,True,True,True,True,True,True
AGF,2020,True,True,True,True,True,True,True
AGF,2021,True,True,True,True,True,True,True
AGF,2022,True,True,True,True,True,True,True
AGF,2023,True,True,True,True,True,True,True
AGF,2024,True,True,True,True,True,True,True
AGF,2025,True,True,True,True,True,True,True
AGG,2017,True,True,True,True,True,True,True
AGG,2018,True,True,True,True,True,True,True
AGG,2019,True,True,True,True,True,True,True
AGG,2020,True,True,True,True,True,True,True
AGG,2021,True,True,True,True,True,True,True
AGG,2022,True,True,True,True,True,True,True
AGG,2023,True,True,True,True,True,True,True
AGG,2024,True,True,True,True,True,True,True
AGG,2025,True,True,True,True,True,True,True
AGM,2009,True,True,True,True,True,True,True
AGM,2010,True,True,True,True,True,True,True
AGM,2011,True,True,True,True,True,True,True
AGM,2012,True,True,True,True,True,True,True
AGM,2013,True,True,True,True,True,True,True
AGM,2014,True,True,True,True,True,True,True
AGM,2015,True,True,True,True,True,True,True
AGM,2016,True,True,True,True,True,True,True
AGM,2017,True,True,True,True,True,True,True
AGM,2018,True,True,True,True,True,True,True
AGM,2019,True,True,True,True,True,True,True
AGM,2020,True,True,True,True,True,True,True
AGM,2021,True,True,True,True,True,True,True
AGM,2022,True,True,True,True,True,True,True
AGM,2023,True,True,True,True,True,True,True
AGM,2024,True,True,True,True,True,True,True
AGM,2025,True,True,True,True,True,True,True
AGP,2011,True,True,True,True,True,True,True
AGP,2013,True,True,True,True,True,True,True
AGP,2016,True,True,True,True,True,True,True
AGP,2020,True,True,True,True,True,True,True
AGP,2021,True,True,True,True,True,True,True
AGP,2022,True,True,True,True,True,True,True
AGP,2023,True,True,True,True,True,True,True
AGP,2024,True,True,True,True,True,True,True
AGP,2025,True,True,True,True,True,True,True
AGX,2011,True,True,True,True,True,True,True
AGX,2012,True,True,True,True,True,True,True
AGX,2013,True,True,True,True,True,True,True
AGX,2014,True,True,True,True,True,True,True
AGX,2016,True,True,True,True,True,True,True
AGX,2017,True,True,True,True,True,True,True
AGX,2018,True,True,True,True,True,True,True
AGX,2019,True,True,True,True,True,True,True
AGX,2020,True,True,True,True,True,True,True
AGX,2021,True,True,True,True,True,True,True
AGX,2022,True,True,True,True,True,True,True
AGX,2023,True,True,True,True,True,True,True
AGX,2024,True,True,True,True,True,True,True
AGX,2025,True,True,True,True,True,True,True
AIG,2018,True,True,True,True,True,True,True
AIG,2019,True,True,True,True,True,True,True
AIG,2020,True,True,True,True,True,True,True
AIG,2021,True,True,True,True,True,True,True
AIG,2022,True,True,True,True,True,True,True
AIG,2023,True,True,True,True,True,True,True
AIG,2024,True,True,True,True,True,True,True
AIG,2025,True,True,True,True,True,True,True
ALP,2009,True,True,True,True,True,True,True
ALP,2010,True,True,True,True,True,True,True
ALP,2011,True,True,True,True,True,True,True
ALP,2012,True,True,True,True,True,True,True
ALP,2013,True,True,True,True,True,True,True
ALT,2009,True,True,True,True,True,True,True
ALT,2010,True,True,True,True,True,True,True
ALT,2011,True,True,True,True,True,True,True
ALT,2012,True,True,True,True,True,True,True
ALT,2013,True,True,True,True,True,True,True
ALT,2014,True,True,True,True,True,True,True
ALT,2015,True,True,True,True,True,True,True
ALT,2016,True,True,True,True,True,True,True
ALT,2017,True,True,True,True,True,True,True
ALT,2018,True,True,True,True,True,True,True
ALT,2019,True,True,True,True,True,True,True
ALT,2020,True,True,True,True,True,True,True
ALT,2021,True,True,True,True,True,True,True
ALT,2022,True,True,True,True,True,True,True
ALT,2023,True,True,True,True,True,True,True
ALT,2024,True,True,True,True,True,True,True
ALT,2025,True,True,True,True,True,True,True
ALV,2011,True,True,True,True,True,True,True
ALV,2013,True,True,True,True,True,True,True
ALV,2015,True,True,True,True,True,True,True
ALV,2016,True,True,True,True,True,True,True
ALV,2017,True,True,True,True,True,True,True
ALV,2018,True,True,True,True,True,True,True
ALV,2019,True,True,True,True,True,True,True
ALV,2020,True,True,True,True,True,True,True
ALV,2021,True,True,True,True,True,True,True
ALV,2022,True,True,True,True,True,True,True
ALV,2023,True,True,True,True,True,True,True
ALV,2024,True,True,True,True,True,True,True
ALV,2025,True,True,True,True,True,True,True
AMC,2009,True,True,True,True,True,True,True
AMC,2010,True,True,True,True,True,True,True
AMC,2011,True,True,True,True,True,True,True
AMC,2012,True,True,True,True,True,True,True
AMC,2013,True,True,True,True,True,True,True
AMC,2014,True,True,True,True,True,True,True
AMC,2015,True,True,True,True,True,True,True
AMC,2016,True,True,True,True,True,True,True
AMC,2017,True,True,True,True,True,True,True
AMC,2018,True,True,True,True,True,True,True
AMC,2019,True,True,True,True,True,True,True
AMC,2020,True,True,True,True,True,True,True
AMC,2021,True,True,True,True,True,True,True
AMC,2022,True,True,True,True,True,True,True
AMC,2023,True,True,True,True,True,True,True
AMC,2024,True,True,True,True,True,True,True
AMD,2012,True,True,True,True,True,True,True
AMD,2015,True,True,True,True,True,True,True
AMD,2016,True,True,True,True,True,True,True
AMD,2017,True,True,True,True,True,True,True
AMD,2018,True,True,True,True,True,True,True
AMD,2019,True,True,True,True,True,True,True
AMD,2020,True,True,True,True,True,True,True
AMD,2021,True,True,True,True,True,True,True
AME,2010,True,True,True,True,True,True,True
AME,2011,True,True,True,True,True,True,True
AME,2012,True,True,True,True,True,True,True
AME,2013,True,True,True,True,True,True,True
AME,2014,True,True,True,True,True,True,True
AME,2015,True,True,True,True,True,True,True
AME,2016,True,True,True,True,True,True,True
AME,2017,True,True,True,True,True,True,True
AME,2018,True,True,True,True,True,True,True
AME,2019,True,True,True,True,True,True,True
AME,2020,True,True,True,True,True,True,True
AME,2021,True,True,True,True,True,True,True
AME,2022,True,True,True,True,True,True,True
AME,2023,True,True,True,True,True,True,True
AME,2024,True,True,True,True,True,True,True
AME,2025,True,True,True,True,True,True,True
AMP,2012,True,True,True,True,True,True,True
AMP,2013,True,True,True,True,True,True,True
AMP,2014,True,True,True,True,True,True,True
AMP,2015,True,True,True,True,True,True,True
AMP,2016,True,True,True,True,True,True,True
AMP,2017,True,True,True,True,True,True,True
AMP,2018,True,True,True,True,True,True,True
AMP,2019,True,True,True,True,True,True,True
AMP,2020,True,True,True,True,True,True,True
AMP,2021,True,True,True,True,True,True,True
AMP,2022,True,True,True,True,True,True,True
AMP,2023,True,True,True,True,True,True,True
AMP,2024,True,True,True,True,True,True,True
AMP,2025,True,True,True,True,True,True,True
AMS,2012,True,True,True,True,True,True,True
AMS,2013,True,True,True,True,True,True,True
AMS,2014,True,True,True,True,True,True,True
AMS,2016,True,True,True,True,True,True,True
AMS,2017,True,True,True,True,True,True,True
AMS,2018,True,True,True,True,True,True,True
AMS,2019,True,True,True,True,True,True,True
AMS,2020,True,True,True,True,True,True,True
AMS,2021,True,True,True,True,True,True,True
AMS,2022,True,True,True,True,True,True,True
AMS,2023,True,True,True,True,True,True,True
AMS,2024,True,True,True,True,True,True,True
AMS,2025,True,True,True,True,True,True,True
AMV,2010,True,True,True,True,True,True,True
AMV,2011,True,True,True,True,True,True,True
AMV,2012,True,True,True,True,True,True,True
AMV,2013,True,True,True,True,True,True,True
AMV,2014,True,True,True,True,True,True,True
AMV,2015,True,True,True,True,True,True,True
AMV,2016,True,True,True,True,True,True,True
AMV,2017,True,True,True,True,True,True,True
AMV,2018,True,True,True,True,True,True,True
AMV,2019,True,True,True,True,True,True,True
AMV,2020,True,True,True,True,True,True,True
AMV,2021,True,True,True,True,True,True,True
AMV,2022,True,True,True,True,True,True,True
AMV,2023,True,True,True,True,True,True,True
AMV,2024,True,True,True,True,True,True,True
AMV,2025,True,True,True,True,True,True,True
ANI,2009,True,True,True,True,True,True,True
ANI,2010,True,True,True,True,True,True,True
ANI,2011,True,True,True,True,True,True,True
ANI,2012,True,True,True,True,True,True,True
ANI,2013,True,True,True,True,True,True,True
ANI,2014,True,True,True,True,True,True,True
ANI,2015,True,True,True,True,True,True,True
ANI,2016,True,True,True,True,True,True,True
ANI,2017,True,True,True,True,True,True,True
ANI,2018,True,True,True,True,True,True,True
ANI,2019,True,True,True,True,True,True,True
ANI,2020,True,True,True,True,True,True,True
ANI,2021,True,True,True,True,True,True,True
ANI,2022,True,True,True,True,True,True,True
ANI,2023,True,True,True,True,True,True,True
ANI,2024,True,True,True,True,True,True,True
ANI,2025,True,True,True,True,True,True,True
ANT,2011,True,True,True,True,True,True,True
ANT,2012,True,True,True,True,True,True,True
ANT,2013,True,True,True,True,True,True,True
ANT,2014,True,True,True,True,True,True,True
ANT,2015,True,True,True,True,True,True,True
ANT,2016,True,True,True,True,True,True,True
ANT,2017,True,True,True,True,True,True,True
ANT,2018,True,True,True,True,True,True,True
ANT,2019,True,True,True,True,True,True,True
ANT,2020,True,True,True,True,True,True,True
ANT,2021,True,True,True,True,True,True,True
ANT,2022,True,True,True,True,True,True,True
ANT,2023,True,True,True,True,True,True,True
ANT,2024,True,True,True,True,True,True,True
ANT,2025,True,True,True,True,True,True,True
ANV,2009,True,True,True,True,True,True,True
ANV,2010,True,True,True,True,True,True,True
ANV,2011,True,True,True,True,True,True,True
ANV,2012,True,True,True,True,True,True,True
ANV,2013,True,True,True,True,True,True,True
ANV,2014,True,True,True,True,True,True,True
ANV,2015,True,True,True,True,True,True,True
ANV,2016,True,True,True,True,True,True,True
ANV,2017,True,True,True,True,True,True,True
ANV,2018,True,True,True,True,True,True,True
ANV,2019,True,True,True,True,True,True,True
ANV,2020,True,True,True,True,True,True,True
ANV,2021,True,True,True,True,True,True,True
ANV,2022,True,True,True,True,True,True,True
ANV,2023,True,True,True,True,True,True,True
ANV,2024,True,True,True,True,True,True,True
ANV,2025,True,True,True,True,True,True,True
APC,2009,True,True,True,True,True,True,True
APC,2010,True,True,True,True,True,True,True
APC,2011,True,True,True,True,True,True,True
APC,2012,True,True,True,True,True,True,True
APC,2013,True,True,True,True,True,True,True
APC,2014,True,True,True,True,True,True,True
APC,2015,True,True,True,True,True,True,True
APC,2016,True,True,True,True,True,True,True
APC,2017,True,True,True,True,True,True,True
APC,2018,True,True,True,True,True,True,True
APC,2019,True,True,True,True,True,True,True
APC,2020,True,True,True,True,True,True,True
APC,2021,True,True,True,True,True,True,True
APC,2022,True,True,True,True,True,True,True
APC,2023,True,True,True,True,True,True,True
APC,2024,True,True,True,True,True,True,True
APC,2025,True,True,True,True,True,True,True
APF,2015,True,True,True,True,True,True,True
APF,2016,True,True,True,True,True,True,True
APF,2017,True,True,True,True,True,True,True
APF,2018,True,True,True,True,True,True,True
APF,2019,True,True,True,True,True,True,True
APF,2020,True,True,True,True,True,True,True
APF,2021,True,True,True,True,True,True,True
APF,2022,True,True,True,True,True,True,True
APF,2023,True,True,True,True,True,True,True
APF,2024,True,True,True,True,True,True,True
APF,2025,True,True,True,True,True,True,True
APH,2018,True,True,True,True,True,True,True
APH,2019,True,True,True,True,True,True,True
APH,2020,True,True,True,True,True,True,True
APH,2021,True,True,True,True,True,True,True
APH,2022,True,True,True,True,True,True,True
APH,2023,True,True,True,True,True,True,True
APH,2024,True,True,True,True,True,True,True
APH,2025,True,True,True,True,True,True,True
API,2009,True,True,True,True,True,True,True
API,2010,True,True,True,True,True,True,True
API,2011,True,True,True,True,True,True,True
API,2012,True,True,True,True,True,True,True
API,2013,True,True,True,True,True,True,True
API,2014,True,True,True,True,True,True,True
API,2015,True,True,True,True,True,True,True
API,2016,True,True,True,True,True,True,True
API,2017,True,True,True,True,True,True,True
API,2018,True,True,True,True,True,True,True
API,2019,True,True,True,True,True,True,True
API,2020,True,True,True,True,True,True,True
API,2021,True,True,True,True,True,True,True
API,2022,True,True,True,True,True,True,True
API,2023,True,True,True,True,True,True,True
API,2024,True,True,True,True,True,True,True
API,2025,True,True,True,True,True,True,True
APL,2014,True,True,True,True,True,True,True
APL,2015,True,True,True,True,True,True,True
APL,2016,True,True,True,True,True,True,True
APL,2017,True,True,True,True,True,True,True
APL,2018,True,True,True,True,True,True,True
APL,2019,True,True,True,True,True,True,True
APL,2020,True,True,True,True,True,True,True
APL,2021,True,True,True,True,True,True,True
APL,2022,True,True,True,True,True,True,True
APL,2023,True,True,True,True,True,True,True
APL,2024,True,True,True,True,True,True,True
APL,2025,True,True,True,True,True,True,True
APP,2013,True,True,True,True,True,True,True
APP,2014,True,True,True,True,True,True,True
APP,2015,True,True,True,True,True,True,True
APP,2020,True,True,True,True,True,True,True
APP,2021,True,True,True,True,True,True,True
APP,2022,True,True,True,True,True,True,True
APP,2023,True,True,True,True,True,True,True
APP,2024,True,True,True,True,True,True,True
APP,2025,True,True,True,True,True,True,True
APT,2017,True,True,True,True,True,True,True
APT,2018,True,True,True,True,True,True,True
APT,2019,True,True,True,True,True,True,True
APT,2025,True,True,True,True,True,True,True
AQN,2017,True,True,True,True,True,True,True
AQN,2018,True,True,True,True,True,True,True
AQN,2019,True,True,True,True,True,True,True
AQN,2020,True,True,True,True,True,True,True
ARM,2009,True,True,True,True,True,True,True
ARM,2010,True,True,True,True,True,True,True
ARM,2011,True,True,True,True,True,True,True
ARM,2012,True,True,True,True,True,True,True
ARM,2013,True,True,True,True,True,True,True
ARM,2014,True,True,True,True,True,True,True
ARM,2015,True,True,True,True,True,True,True
ARM,2016,True,True,True,True,True,True,True
ARM,2017,True,True,True,True,True,True,True
ARM,2018,True,True,True,True,True,True,True
ARM,2019,True,True,True,True,True,True,True
ARM,2020,True,True,True,True,True,True,True
ARM,2021,True,True,True,True,True,True,True
ARM,2022,True,True,True,True,True,True,True
ARM,2023,True,True,True,True,True,True,True
ARM,2024,True,True,True,True,True,True,True
ARM,2025,True,True,True,True,True,True,True
ASA,2010,True,True,True,True,True,True,True
ASA,2011,True,True,True,True,True,True,True
ASA,2012,True,True,True,True,True,True,True
ASA,2013,True,True,True,True,True,True,True
ASA,2014,True,True,True,True,True,True,True
ASA,2015,True,True,True,True,True,True,True
ASA,2016,True,True,True,True,True,True,True
ASA,2017,True,True,True,True,True,True,True
ASA,2018,True,True,True,True,True,True,True
ASA,2019,True,True,True,True,True,True,True
ASA,2020,True,True,True,True,True,True,True
ASD,2014,True,True,True,True,True,True,True
ASD,2015,True,True,True,True,True,True,True
ASD,2016,True,True,True,True,True,True,True
ASD,2017,True,True,True,True,True,True,True
ASD,2018,True,True,True,True,True,True,True
ASD,2019,True,True,True,True,True,True,True
ASD,2020,True,True,True,True,True,True,True
ASG,2017,True,True,True,True,True,True,True
ASG,2018,True,True,True,True,True,True,True
ASG,2019,True,True,True,True,True,True,True
ASG,2020,True,True,True,True,True,True,True
ASG,2021,True,True,True,True,True,True,True
ASG,2022,True,True,True,True,True,True,True
ASG,2023,True,True,True,True,True,True,True
ASG,2024,True,True,True,True,True,True,True
ASM,2009,True,True,True,True,True,True,True
ASM,2010,True,True,True,True,True,True,True
ASM,2011,True,True,True,True,True,True,True
ASM,2012,True,True,True,True,True,True,True
ASM,2013,True,True,True,True,True,True,True
ASM,2014,True,True,True,True,True,True,True
ASM,2015,True,True,True,True,True,True,True
ASM,2016,True,True,True,True,True,True,True
ASM,2017,True,True,True,True,True,True,True
ASM,2018,True,True,True,True,True,True,True
ASM,2019,True,True,True,True,True,True,True
ASM,2020,True,True,True,True,True,True,True
ASM,2021,True,True,True,True,True,True,True
ASM,2022,True,True,True,True,True,True,True
ASM,2023,True,True,True,True,True,True,True
ASM,2024,True,True,True,True,True,True,True
ASM,2025,True,True,True,True,True,True,True
ASP,2009,True,True,True,True,True,True,True
ASP,2010,True,True,True,True,True,True,True
ASP,2011,True,True,True,True,True,True,True
ASP,2012,True,True,True,True,True,True,True
ASP,2013,True,True,True,True,True,True,True
ASP,2014,True,True,True,True,True,True,True
ASP,2015,True,True,True,True,True,True,True
ASP,2016,True,True,True,True,True,True,True
ASP,2017,True,True,True,True,True,True,True
ASP,2018,True,True,True,True,True,True,True
ASP,2019,True,True,True,True,True,True,True
ASP,2020,True,True,True,True,True,True,True
ASP,2021,True,True,True,True,True,True,True
ASP,2022,True,True,True,True,True,True,True
ASP,2023,True,True,True,True,True,True,True
ASP,2024,True,True,True,True,True,True,True
ASP,2025,True,True,True,True,True,True,True
AST,2015,True,True,True,True,True,True,True
AST,2016,True,True,True,True,True,True,True
AST,2017,True,True,True,True,True,True,True
AST,2018,True,True,True,True,True,True,True
AST,2019,True,True,True,True,True,True,True
AST,2020,True,True,True,True,True,True,True
AST,2021,True,True,True,True,True,True,True
AST,2022,True,True,True,True,True,True,True
AST,2023,True,True,True,True,True,True,True
AST,2024,True,True,True,True,True,True,True
AST,2025,True,True,True,True,True,True,True
ATA,2009,True,True,True,True,True,True,True
ATA,2010,True,True,True,True,True,True,True
ATA,2011,True,True,True,True,True,True,True
ATA,2012,True,True,True,True,True,True,True
ATA,2013,True,True,True,True,True,True,True
ATA,2014,True,True,True,True,True,True,True
ATA,2015,True,True,True,True,True,True,True
ATA,2016,True,True,True,True,True,True,True
ATA,2017,True,True,True,True,True,True,True
ATA,2018,True,True,True,True,True,True,True
ATA,2019,True,True,True,True,True,True,True
ATA,2020,True,True,True,True,True,True,True
ATA,2021,True,True,True,True,True,True,True
ATA,2022,True,True,True,True,True,True,True
ATA,2023,True,True,True,True,True,True,True
ATA,2024,True,True,True,True,True,True,True
ATB,2017,True,True,True,True,True,True,True
ATB,2018,True,True,True,True,True,True,True
ATB,2019,True,True,True,True,True,True,True
ATB,2020,True,True,True,True,True,True,True
ATB,2021,True,True,True,True,True,True,True
ATB,2022,True,True,True,True,True,True,True
ATD,2017,True,True,True,True,True,True,True
ATD,2018,True,True,True,True,True,True,True
ATD,2019,True,True,True,True,True,True,True
ATD,2020,True,True,True,True,True,True,True
ATG,2013,True,True,True,True,True,True,True
ATG,2014,True,True,True,True,True,True,True
ATG,2015,True,True,True,True,True,True,True
ATG,2017,True,True,True,True,True,True,True
ATG,2018,True,True,True,True,True,True,True
ATG,2019,True,True,True,True,True,True,True
ATG,2020,True,True,True,True,True,True,True
ATG,2021,True,True,True,True,True,True,True
ATG,2022,True,True,True,True,True,True,True
ATG,2023,True,True,True,True,True,True,True
ATG,2024,True,True,True,True,True,True,True
ATS,2015,True,True,True,True,True,True,True
ATS,2016,True,True,True,True,True,True,True
ATS,2017,True,True,True,True,True,True,True
ATS,2018,True,True,True,True,True,True,True
ATS,2019,True,True,True,True,True,True,True
ATS,2021,True,True,True,True,True,True,True
ATS,2022,True,True,True,True,True,True,True
ATS,2023,True,True,True,True,True,True,True
ATS,2025,True,True,True,True,True,True,True
AUM,2010,True,True,True,True,True,True,True
AUM,2011,True,True,True,True,True,True,True
AUM,2012,True,True,True,True,True,True,True
AUM,2013,True,True,True,True,True,True,True
AUM,2014,True,True,True,True,True,True,True
AUM,2015,True,True,True,True,True,True,True
AUM,2016,True,True,True,True,True,True,True
AUM,2017,True,True,True,True,True,True,True
AUM,2018,True,True,True,True,True,True,True
AUM,2019,True,True,True,True,True,True,True
AVC,2014,True,True,True,True,True,True,True
AVC,2015,True,True,True,True,True,True,True
AVC,2016,True,True,True,True,True,True,True
AVC,2017,True,True,True,True,True,True,True
AVC,2018,True,True,True,True,True,True,True
AVC,2019,True,True,True,True,True,True,True
AVC,2020,True,True,True,True,True,True,True
AVC,2021,True,True,True,True,True,True,True
AVC,2022,True,True,True,True,True,True,True
AVC,2023,True,True,True,True,True,True,True
AVC,2024,True,True,True,True,True,True,True
AVC,2025,True,True,True,True,True,True,True
AVF,2009,True,True,True,True,True,True,True
AVF,2010,True,True,True,True,True,True,True
AVF,2011,True,True,True,True,True,True,True
AVF,2012,True,True,True,True,True,True,True
AVF,2013,True,True,True,True,True,True,True
AVF,2014,True,True,True,True,True,True,True
AVF,2015,True,True,True,True,True,True,True
AVF,2016,True,True,True,True,True,True,True
AVF,2017,True,True,True,True,True,True,True
AVF,2018,True,True,True,True,True,True,True
AVF,2019,True,True,True,True,True,True,True
AVG,2021,True,True,True,True,True,True,True
AVG,2022,True,True,True,True,True,True,True
AVG,2023,True,True,True,True,True,True,True
AVG,2024,True,True,True,True,True,True,True
AVG,2025,True,True,True,True,True,True,True
B82,2011,True,True,True,True,True,True,True
B82,2012,True,True,True,True,True,True,True
B82,2013,True,True,True,True,True,True,True
B82,2014,True,True,True,True,True,True,True
B82,2015,True,True,True,True,True,True,True
B82,2017,True,True,True,True,True,True,True
BAF,2018,True,True,True,True,True,True,True
BAF,2019,True,True,True,True,True,True,True
BAF,2020,True,True,True,True,True,True,True
BAF,2021,True,True,True,True,True,True,True
BAF,2022,True,True,True,True,True,True,True
BAF,2023,True,True,True,True,True,True,True
BAF,2024,True,True,True,True,True,True,True
BAF,2025,True,True,True,True,True,True,True
BAL,2014,True,True,True,True,True,True,True
BAL,2015,True,True,True,True,True,True,True
BAL,2016,True,True,True,True,True,True,True
BAL,2017,True,True,True,True,True,True,True
BAL,2018,True,True,True,True,True,True,True
BAL,2019,True,True,True,True,True,True,True
BAL,2020,True,True,True,True,True,True,True
BAL,2021,True,True,True,True,True,True,True
BAL,2022,True,True,True,True,True,True,True
BAL,2023,True,True,True,True,True,True,True
BAL,2024,True,True,True,True,True,True,True
BAL,2025,True,True,True,True,True,True,True
BAM,2013,True,True,True,True,True,True,True
BAM,2014,True,True,True,True,True,True,True
BAM,2015,True,True,True,True,True,True,True
BAX,2010,True,True,True,True,True,True,True
BAX,2011,True,True,True,True,True,True,True
BAX,2012,True,True,True,True,True,True,True
BAX,2013,True,True,True,True,True,True,True
BAX,2014,True,True,True,True,True,True,True
BAX,2015,True,True,True,True,True,True,True
BAX,2016,True,True,True,True,True,True,True
BAX,2017,True,True,True,True,True,True,True
BAX,2018,True,True,True,True,True,True,True
BAX,2019,True,True,True,True,True,True,True
BAX,2020,True,True,True,True,True,True,True
BAX,2021,True,True,True,True,True,True,True
BAX,2022,True,True,True,True,True,True,True
BAX,2023,True,True,True,True,True,True,True
BAX,2024,True,True,True,True,True,True,True
BAX,2025,True,True,True,True,True,True,True
BBC,2009,True,True,True,True,True,True,True
BBC,2010,True,True,True,True,True,True,True
BBC,2011,True,True,True,True,True,True,True
BBC,2012,True,True,True,True,True,True,True
BBC,2013,True,True,True,True,True,True,True
BBC,2014,True,True,True,True,True,True,True
BBC,2015,True,True,True,True,True,True,True
BBC,2016,True,True,True,True,True,True,True
BBC,2017,True,True,True,True,True,True,True
BBC,2018,True,True,True,True,True,True,True
BBC,2019,True,True,True,True,True,True,True
BBC,2020,True,True,True,True,True,True,True
BBC,2021,True,True,True,True,True,True,True
BBC,2022,True,True,True,True,True,True,True
BBC,2023,True,True,True,True,True,True,True
BBC,2024,True,True,True,True,True,True,True
BBH,2020,True,True,True,True,True,True,True
BBH,2021,True,True,True,True,True,True,True
BBH,2022,True,True,True,True,True,True,True
BBH,2023,True,True,True,True,True,True,True
BBH,2024,True,True,True,True,True,True,True
BBH,2025,True,True,True,True,True,True,True
BBM,2013,True,True,True,True,True,True,True
BBM,2016,True,True,True,True,True,True,True
BBM,2017,True,True,True,True,True,True,True
BBM,2018,True,True,True,True,True,True,True
BBM,2019,True,True,True,True,True,True,True
BBM,2020,True,True,True,True,True,True,True
BBM,2021,True,True,True,True,True,True,True
BBM,2022,True,True,True,True,True,True,True
BBM,2023,True,True,True,True,True,True,True
BBM,2024,True,True,True,True,True,True,True
BBM,2025,True,True,True,True,True,True,True
BBS,2011,True,True,True,True,True,True,True
BBS,2012,True,True,True,True,True,True,True
BBS,2013,True,True,True,True,True,True,True
BBS,2015,True,True,True,True,True,True,True
BBS,2017,True,True,True,True,True,True,True
BBS,2018,True,True,True,True,True,True,True
BBS,2019,True,True,True,True,True,True,True
BBS,2020,True,True,True,True,True,True,True
BBS,2021,True,True,True,True,True,True,True
BBS,2022,True,True,True,True,True,True,True
BBS,2023,True,True,True,True,True,True,True
BBS,2024,True,True,True,True,True,True,True
BBS,2025,True,True,True,True,True,True,True
BBT,2012,True,True,True,True,True,True,True
BBT,2013,True,True,True,True,True,True,True
BBT,2014,True,True,True,True,True,True,True
BBT,2015,True,True,True,True,True,True,True
BBT,2016,True,True,True,True,True,True,True
BBT,2017,True,True,True,True,True,True,True
BBT,2018,True,True,True,True,True,True,True
BBT,2019,True,True,True,True,True,True,True
BBT,2020,True,True,True,True,True,True,True
BBT,2021,True,True,True,True,True,True,True
BBT,2022,True,True,True,True,True,True,True
BBT,2023,True,True,True,True,True,True,True
BBT,2024,True,True,True,True,True,True,True
BBT,2025,True,True,True,True,True,True,True
BCA,2019,True,True,True,True,True,True,True
BCA,2020,True,True,True,True,True,True,True
BCA,2021,True,True,True,True,True,True,True
BCA,2022,True,True,True,True,True,True,True
BCA,2023,True,True,True,True,True,True,True
BCA,2024,True,True,True,True,True,True,True
BCA,2025,True,True,True,True,True,True,True
BCB,2018,True,True,True,True,True,True,True
BCB,2019,True,True,True,True,True,True,True
BCB,2020,True,True,True,True,True,True,True
BCB,2021,True,True,True,True,True,True,True
BCB,2022,True,True,True,True,True,True,True
BCB,2023,True,True,True,True,True,True,True
BCB,2024,True,True,True,True,True,True,True
BCB,2025,True,True,True,True,True,True,True
BCC,2009,True,True,True,True,True,True,True
BCC,2010,True,True,True,True,True,True,True
BCC,2011,True,True,True,True,True,True,True
BCC,2012,True,True,True,True,True,True,True
BCC,2013,True,True,True,True,True,True,True
BCC,2014,True,True,True,True,True,True,True
BCC,2015,True,True,True,True,True,True,True
BCC,2016,True,True,True,True,True,True,True
BCC,2017,True,True,True,True,True,True,True
BCC,2018,True,True,True,True,True,True,True
BCC,2019,True,True,True,True,True,True,True
BCC,2020,True,True,True,True,True,True,True
BCC,2021,True,True,True,True,True,True,True
BCC,2022,True,True,True,True,True,True,True
BCC,2023,True,True,True,True,True,True,True
BCC,2024,True,True,True,True,True,True,True
BCC,2025,True,True,True,True,True,True,True
BCE,2009,True,True,True,True,True,True,True
BCE,2010,True,True,True,True,True,True,True
BCE,2011,True,True,True,True,True,True,True
BCE,2012,True,True,True,True,True,True,True
BCE,2013,True,True,True,True,True,True,True
BCE,2014,True,True,True,True,True,True,True
BCE,2015,True,True,True,True,True,True,True
BCE,2016,True,True,True,True,True,True,True
BCE,2017,True,True,True,True,True,True,True
BCE,2018,True,True,True,True,True,True,True
BCE,2019,True,True,True,True,True,True,True
BCE,2020,True,True,True,True,True,True,True
BCE,2021,True,True,True,True,True,True,True
BCE,2022,True,True,True,True,True,True,True
BCE,2023,True,True,True,True,True,True,True
BCE,2024,True,True,True,True,True,True,True
BCE,2025,True,True,True,True,True,True,True
BCF,2015,True,True,True,True,True,True,True
BCF,2016,True,True,True,True,True,True,True
BCF,2017,True,True,True,True,True,True,True
BCF,2018,True,True,True,True,True,True,True
BCF,2019,True,True,True,True,True,True,True
BCF,2020,True,True,True,True,True,True,True
BCF,2021,True,True,True,True,True,True,True
BCF,2022,True,True,True,True,True,True,True
BCF,2023,True,True,True,True,True,True,True
BCF,2024,True,True,True,True,True,True,True
BCF,2025,True,True,True,True,True,True,True
BCG,2012,True,True,True,True,True,True,True
BCG,2013,True,True,True,True,True,True,True
BCG,2014,True,True,True,True,True,True,True
BCG,2015,True,True,True,True,True,True,True
BCG,2016,True,True,True,True,True,True,True
BCG,2017,True,True,True,True,True,True,True
BCG,2018,True,True,True,True,True,True,True
BCG,2019,True,True,True,True,True,True,True
BCG,2020,True,True,True,True,True,True,True
BCG,2021,True,True,True,True,True,True,True
BCG,2022,True,True,True,True,True,True,True
BCG,2023,True,True,True,True,True,True,True
BCI,2009,True,True,True,True,True,True,True
BCI,2010,True,True,True,True,True,True,True
BCI,2011,True,True,True,True,True,True,True
BCI,2012,True,True,True,True,True,True,True
BCI,2013,True,True,True,True,True,True,True
BCI,2014,True,True,True,True,True,True,True
BCI,2015,True,True,True,True,True,True,True
BCI,2016,True,True,True,True,True,True,True
BCI,2017,True,True,True,True,True,True,True
BCM,2015,True,True,True,True,True,True,True
BCM,2016,True,True,True,True,True,True,True
BCM,2017,True,True,True,True,True,True,True
BCM,2018,True,True,True,True,True,True,True
BCM,2019,True,True,True,True,True,True,True
BCM,2020,True,True,True,True,True,True,True
BCM,2021,True,True,True,True,True,True,True
BCM,2022,True,True,True,True,True,True,True
BCM,2023,True,True,True,True,True,True,True
BCM,2024,True,True,True,True,True,True,True
BCM,2025,True,True,True,True,True,True,True
BCO,2021,True,True,True,True,True,True,True
BCO,2022,True,True,True,True,True,True,True
BCO,2023,True,True,True,True,True,True,True
BCP,2009,True,True,True,True,True,True,True
BCP,2010,True,True,True,True,True,True,True
BCP,2011,True,True,True,True,True,True,True
BCP,2012,True,True,True,True,True,True,True
BCP,2013,True,True,True,True,True,True,True
BCP,2014,True,True,True,True,True,True,True
BCP,2015,True,True,True,True,True,True,True
BCP,2016,True,True,True,True,True,True,True
BCP,2017,True,True,True,True,True,True,True
BCP,2018,True,True,True,True,True,True,True
BCP,2019,True,True,True,True,True,True,True
BCP,2020,True,True,True,True,True,True,True
BCP,2021,True,True,True,True,True,True,True
BCP,2022,True,True,True,True,True,True,True
BCP,2023,True,True,True,True,True,True,True
BCP,2024,True,True,True,True,True,True,True
BCP,2025,True,True,True,True,True,True,True
BCR,2020,True,True,True,True,True,True,True
BCR,2021,True,True,True,True,True,True,True
BCR,2022,True,True,True,True,True,True,True
BCR,2023,True,True,True,True,True,True,True
BCR,2024,True,True,True,True,True,True,True
BCV,2019,True,True,True,True,True,True,True
BCV,2020,True,True,True,True,True,True,True
BCV,2021,True,True,True,True,True,True,True
BCV,2022,True,True,True,True,True,True,True
BCV,2023,True,True,True,True,True,True,True
BCV,2024,True,True,True,True,True,True,True
BCV,2025,True,True,True,True,True,True,True
BDB,2010,True,True,True,True,True,True,True
BDB,2011,True,True,True,True,True,True,True
BDB,2012,True,True,True,True,True,True,True
BDB,2013,True,True,True,True,True,True,True
BDB,2014,True,True,True,True,True,True,True
BDB,2015,True,True,True,True,True,True,True
BDB,2016,True,True,True,True,True,True,True
BDB,2017,True,True,True,True,True,True,True
BDB,2018,True,True,True,True,True,True,True
BDB,2019,True,True,True,True,True,True,True
BDB,2020,True,True,True,True,True,True,True
BDB,2021,True,True,True,True,True,True,True
BDB,2022,True,True,True,True,True,True,True
BDB,2023,True,True,True,True,True,True,True
BDB,2024,True,True,True,True,True,True,True
BDC,2016,True,True,True,True,True,True,True
BDC,2017,True,True,True,True,True,True,True
BDC,2018,True,True,True,True,True,True,True
BDF,2012,True,True,True,True,True,True,True
BDF,2013,True,True,True,True,True,True,True
BDF,2014,True,True,True,True,True,True,True
BDF,2015,True,True,True,True,True,True,True
BDF,2016,True,True,True,True,True,True,True
BDF,2017,True,True,True,True,True,True,True
BDF,2018,True,True,True,True,True,True,True
BDF,2019,True,True,True,True,True,True,True
BDF,2020,True,True,True,True,True,True,True
BDF,2021,True,True,True,True,True,True,True
BDG,2016,True,True,True,True,True,True,True
BDG,2017,True,True,True,True,True,True,True
BDG,2018,True,True,True,True,True,True,True
BDG,2019,True,True,True,True,True,True,True
BDG,2020,True,True,True,True,True,True,True
BDG,2021,True,True,True,True,True,True,True
BDG,2022,True,True,True,True,True,True,True
BDG,2023,True,True,True,True,True,True,True
BDG,2024,True,True,True,True,True,True,True
BDG,2025,True,True,True,True,True,True,True
BDP,2016,True,True,True,True,True,True,True
BDP,2018,True,True,True,True,True,True,True
BDP,2019,True,True,True,True,True,True,True
BDT,2015,True,True,True,True,True,True,True
BDT,2016,True,True,True,True,True,True,True
BDT,2018,True,True,True,True,True,True,True
BDT,2019,True,True,True,True,True,True,True
BDT,2020,True,True,True,True,True,True,True
BDT,2021,True,True,True,True,True,True,True
BDT,2022,True,True,True,True,True,True,True
BDT,2023,True,True,True,True,True,True,True
BDT,2024,True,True,True,True,True,True,True
BDT,2025,True,True,True,True,True,True,True
BDW,2016,True,True,True,True,True,True,True
BDW,2017,True,True,True,True,True,True,True
BDW,2018,True,True,True,True,True,True,True
BDW,2019,True,True,True,True,True,True,True
BDW,2020,True,True,True,True,True,True,True
BDW,2021,True,True,True,True,True,True,True
BDW,2022,True,True,True,True,True,True,True
BDW,2023,True,True,True,True,True,True,True
BDW,2024,True,True,True,True,True,True,True
BDW,2025,True,True,True,True,True,True,True
BED,2009,True,True,True,True,True,True,True
BED,2010,True,True,True,True,True,True,True
BED,2011,True,True,True,True,True,True,True
BED,2013,True,True,True,True,True,True,True
BED,2014,True,True,True,True,True,True,True
BED,2015,True,True,True,True,True,True,True
BED,2016,True,True,True,True,True,True,True
BED,2017,True,True,True,True,True,True,True
BED,2018,True,True,True,True,True,True,True
BED,2019,True,True,True,True,True,True,True
BED,2020,True,True,True,True,True,True,True
BED,2021,True,True,True,True,True,True,True
BED,2022,True,True,True,True,True,True,True
BED,2023,True,True,True,True,True,True,True
BED,2024,True,True,True,True,True,True,True
BED,2025,True,True,True,True,True,True,True
BEL,2012,True,True,True,True,True,True,True
BEL,2013,True,True,True,True,True,True,True
BEL,2014,True,True,True,True,True,True,True
BEL,2015,True,True,True,True,True,True,True
BEL,2016,True,True,True,True,True,True,True
BEL,2017,True,True,True,True,True,True,True
BEL,2018,True,True,True,True,True,True,True
BEL,2019,True,True,True,True,True,True,True
BEL,2020,True,True,True,True,True,True,True
BEL,2021,True,True,True,True,True,True,True
BEL,2022,True,True,True,True,True,True,True
BEL,2023,True,True,True,True,True,True,True
BEL,2024,True,True,True,True,True,True,True
BEL,2025,True,True,True,True,True,True,True
BFC,2011,True,True,True,True,True,True,True
BFC,2012,True,True,True,True,True,True,True
BFC,2013,True,True,True,True,True,True,True
BFC,2014,True,True,True,True,True,True,True
BFC,2015,True,True,True,True,True,True,True
BFC,2016,True,True,True,True,True,True,True
BFC,2017,True,True,True,True,True,True,True
BFC,2018,True,True,True,True,True,True,True
BFC,2019,True,True,True,True,True,True,True
BFC,2020,True,True,True,True,True,True,True
BFC,2021,True,True,True,True,True,True,True
BFC,2022,True,True,True,True,True,True,True
BFC,2023,True,True,True,True,True,True,True
BFC,2024,True,True,True,True,True,True,True
BFC,2025,True,True,True,True,True,True,True
BGE,2022,True,True,True,True,True,True,True
BGE,2023,True,True,True,True,True,True,True
BGE,2024,True,True,True,True,True,True,True
BGE,2025,True,True,True,True,True,True,True
BGM,2009,True,True,True,True,True,True,True
BGM,2010,True,True,True,True,True,True,True
BGM,2011,True,True,True,True,True,True,True
BGM,2012,True,True,True,True,True,True,True
BGM,2013,True,True,True,True,True,True,True
BGM,2014,True,True,True,True,True,True,True
BGM,2015,True,True,True,True,True,True,True
BGW,2014,True,True,True,True,True,True,True
BGW,2016,True,True,True,True,True,True,True
BGW,2017,True,True,True,True,True,True,True
BGW,2018,True,True,True,True,True,True,True
BGW,2019,True,True,True,True,True,True,True
BGW,2020,True,True,True,True,True,True,True
BGW,2021,True,True,True,True,True,True,True
BGW,2022,True,True,True,True,True,True,True
BGW,2023,True,True,True,True,True,True,True
BGW,2024,True,True,True,True,True,True,True
BGW,2025,True,True,True,True,True,True,True
BHA,2016,True,True,True,True,True,True,True
BHA,2017,True,True,True,True,True,True,True
BHA,2018,True,True,True,True,True,True,True
BHA,2019,True,True,True,True,True,True,True
BHA,2020,True,True,True,True,True,True,True
BHA,2021,True,True,True,True,True,True,True
BHA,2022,True,True,True,True,True,True,True
BHA,2023,True,True,True,True,True,True,True
BHA,2024,True,True,True,True,True,True,True
BHA,2025,True,True,True,True,True,True,True
BHC,2009,True,True,True,True,True,True,True
BHC,2010,True,True,True,True,True,True,True
BHC,2011,True,True,True,True,True,True,True
BHC,2012,True,True,True,True,True,True,True
BHC,2013,True,True,True,True,True,True,True
BHC,2015,True,True,True,True,True,True,True
BHC,2016,True,True,True,True,True,True,True
BHC,2017,True,True,True,True,True,True,True
BHC,2018,True,True,True,True,True,True,True
BHC,2019,True,True,True,True,True,True,True
BHC,2020,True,True,True,True,True,True,True
BHC,2021,True,True,True,True,True,True,True
BHC,2022,True,True,True,True,True,True,True
BHC,2023,True,True,True,True,True,True,True
BHC,2024,True,True,True,True,True,True,True
BHC,2025,True,True,True,True,True,True,True
BHG,2017,True,True,True,True,True,True,True
BHG,2019,True,True,True,True,True,True,True
BHG,2020,True,True,True,True,True,True,True
BHG,2021,True,True,True,True,True,True,True
BHG,2022,True,True,True,True,True,True,True
BHG,2023,True,True,True,True,True,True,True
BHG,2024,True,True,True,True,True,True,True
BHG,2025,True,True,True,True,True,True,True
BHH,2024,True,True,True,True,True,True,True
BHH,2025,True,True,True,True,True,True,True
BHK,2017,True,True,True,True,True,True,True
BHK,2018,True,True,True,True,True,True,True
BHK,2019,True,True,True,True,True,True,True
BHK,2020,True,True,True,True,True,True,True
BHK,2021,True,True,True,True,True,True,True
BHK,2022,True,True,True,True,True,True,True
BHK,2023,True,True,True,True,True,True,True
BHK,2024,True,True,True,True,True,True,True
BHK,2025,True,True,True,True,True,True,True
BHN,2009,True,True,True,True,True,True,True
BHN,2010,True,True,True,True,True,True,True
BHN,2011,True,True,True,True,True,True,True
BHN,2012,True,True,True,True,True,True,True
BHN,2013,True,True,True,True,True,True,True
BHN,2014,True,True,True,True,True,True,True
BHN,2015,True,True,True,True,True,True,True
BHN,2016,True,True,True,True,True,True,True
BHN,2017,True,True,True,True,True,True,True
BHN,2018,True,True,True,True,True,True,True
BHN,2019,True,True,True,True,True,True,True
BHN,2020,True,True,True,True,True,True,True
BHN,2021,True,True,True,True,True,True,True
BHN,2022,True,True,True,True,True,True,True
BHN,2023,True,True,True,True,True,True,True
BHN,2024,True,True,True,True,True,True,True
BHN,2025,True,True,True,True,True,True,True
BHP,2009,True,True,True,True,True,True,True
BHP,2010,True,True,True,True,True,True,True
BHP,2011,True,True,True,True,True,True,True
BHP,2012,True,True,True,True,True,True,True
BHP,2013,True,True,True,True,True,True,True
BHP,2014,True,True,True,True,True,True,True
BHP,2015,True,True,True,True,True,True,True
BHP,2016,True,True,True,True,True,True,True
BHP,2017,True,True,True,True,True,True,True
BHP,2018,True,True,True,True,True,True,True
BHP,2019,True,True,True,True,True,True,True
BHP,2020,True,True,True,True,True,True,True
BHP,2021,True,True,True,True,True,True,True
BHP,2022,True,True,True,True,True,True,True
BHP,2023,True,True,True,True,True,True,True
BHP,2024,True,True,True,True,True,True,True
BHP,2025,True,True,True,True,True,True,True
BHS,2010,True,True,True,True,True,True,True
BHS,2012,True,True,True,True,True,True,True
BHS,2013,True,True,True,True,True,True,True
BHS,2014,True,True,True,True,True,True,True
BHS,2015,True,True,True,True,True,True,True
BHS,2016,True,True,True,True,True,True,True
BHT,2009,True,True,True,True,True,True,True
BHT,2010,True,True,True,True,True,True,True
BHT,2011,True,True,True,True,True,True,True
BHT,2012,True,True,True,True,True,True,True
BHT,2013,True,True,True,True,True,True,True
BHT,2014,True,True,True,True,True,True,True
BHT,2015,True,True,True,True,True,True,True
BHT,2016,True,True,True,True,True,True,True
BHT,2017,True,True,True,True,True,True,True
BHT,2018,True,True,True,True,True,True,True
BHT,2019,True,True,True,True,True,True,True
BHT,2020,True,True,True,True,True,True,True
BHT,2021,True,True,True,True,True,True,True
BHT,2022,True,True,True,True,True,True,True
BHV,2009,True,True,True,True,True,True,True
BHV,2010,True,True,True,True,True,True,True
BHV,2011,True,True,True,True,True,True,True
BHV,2012,True,True,True,True,True,True,True
BHV,2013,True,True,True,True,True,True,True
BHV,2014,True,True,True,True,True,True,True
BHV,2015,True,True,True,True,True,True,True
BHV,2016,True,True,True,True,True,True,True
BHV,2017,True,True,True,True,True,True,True
BHV,2018,True,True,True,True,True,True,True
BHV,2019,True,True,True,True,True,True,True
BIG,2019,True,True,True,True,True,True,True
BIG,2020,True,True,True,True,True,True,True
BIG,2021,True,True,True,True,True,True,True
BIG,2022,True,True,True,True,True,True,True
BIG,2023,True,True,True,True,True,True,True
BIG,2024,True,True,True,True,True,True,True
BIG,2025,True,True,True,True,True,True,True
BII,2012,True,True,True,True,True,True,True
BII,2013,True,True,True,True,True,True,True
BII,2014,True,True,True,True,True,True,True
BII,2015,True,True,True,True,True,True,True
BII,2016,True,True,True,True,True,True,True
BII,2017,True,True,True,True,True,True,True
BII,2018,True,True,True,True,True,True,True
BII,2019,True,True,True,True,True,True,True
BII,2020,True,True,True,True,True,True,True
BII,2021,True,True,True,True,True,True,True
BII,2022,True,True,True,True,True,True,True
BII,2023,True,True,True,True,True,True,True
BIO,2016,True,True,True,True,True,True,True
BIO,2017,True,True,True,True,True,True,True
BIO,2018,True,True,True,True,True,True,True
BIO,2019,True,True,True,True,True,True,True
BIO,2020,True,True,True,True,True,True,True
BIO,2021,True,True,True,True,True,True,True
BIO,2022,True,True,True,True,True,True,True
BIO,2023,True,True,True,True,True,True,True
BIO,2024,True,True,True,True,True,True,True
BIO,2025,True,True,True,True,True,True,True
BKC,2009,True,True,True,True,True,True,True
BKC,2010,True,True,True,True,True,True,True
BKC,2011,True,True,True,True,True,True,True
BKC,2012,True,True,True,True,True,True,True
BKC,2013,True,True,True,True,True,True,True
BKC,2014,True,True,True,True,True,True,True
BKC,2015,True,True,True,True,True,True,True
BKC,2016,True,True,True,True,True,True,True
BKC,2017,True,True,True,True,True,True,True
BKC,2018,True,True,True,True,True,True,True
BKC,2019,True,True,True,True,True,True,True
BKC,2020,True,True,True,True,True,True,True
BKC,2021,True,True,True,True,True,True,True
BKC,2022,True,True,True,True,True,True,True
BKC,2023,True,True,True,True,True,True,True
BKC,2024,True,True,True,True,True,True,True
BKC,2025,True,True,True,True,True,True,True
BKG,2018,True,True,True,True,True,True,True
BKG,2019,True,True,True,True,True,True,True
BKG,2020,True,True,True,True,True,True,True
BKG,2021,True,True,True,True,True,True,True
BKG,2022,True,True,True,True,True,True,True
BKG,2023,True,True,True,True,True,True,True
BKG,2024,True,True,True,True,True,True,True
BKG,2025,True,True,True,True,True,True,True
BKH,2018,True,True,True,True,True,True,True
BKH,2019,True,True,True,True,True,True,True
BKH,2020,True,True,True,True,True,True,True
BKH,2021,True,True,True,True,True,True,True
BKH,2022,True,True,True,True,True,True,True
BLF,2009,True,True,True,True,True,True,True
BLF,2010,True,True,True,True,True,True,True
BLF,2011,True,True,True,True,True,True,True
BLF,2012,True,True,True,True,True,True,True
BLF,2013,True,True,True,True,True,True,True
BLF,2014,True,True,True,True,True,True,True
BLF,2015,True,True,True,True,True,True,True
BLF,2017,True,True,True,True,True,True,True
BLF,2018,True,True,True,True,True,True,True
BLF,2020,True,True,True,True,True,True,True
BLF,2021,True,True,True,True,True,True,True
BLF,2022,True,True,True,True,True,True,True
BLF,2023,True,True,True,True,True,True,True
BLF,2024,True,True,True,True,True,True,True
BLF,2025,True,True,True,True,True,True,True
BLN,2015,True,True,True,True,True,True,True
BLN,2016,True,True,True,True,True,True,True
BLN,2017,True,True,True,True,True,True,True
BLN,2018,True,True,True,True,True,True,True
BLN,2019,True,True,True,True,True,True,True
BLN,2020,True,True,True,True,True,True,True
BLN,2021,True,True,True,True,True,True,True
BLN,2022,True,True,True,True,True,True,True
BLN,2023,True,True,True,True,True,True,True
BLN,2024,True,True,True,True,True,True,True
BLN,2025,True,True,True,True,True,True,True
BLT,2014,True,True,True,True,True,True,True
BLT,2015,True,True,True,True,True,True,True
BLT,2016,True,True,True,True,True,True,True
BLT,2017,True,True,True,True,True,True,True
BLT,2018,True,True,True,True,True,True,True
BLT,2019,True,True,True,True,True,True,True
BLT,2020,True,True,True,True,True,True,True
BLT,2021,True,True,True,True,True,True,True
BLT,2022,True,True,True,True,True,True,True
BLT,2023,True,True,True,True,True,True,True
BLT,2024,True,True,True,True,True,True,True
BLT,2025,True,True,True,True,True,True,True
BLW,2016,True,True,True,True,True,True,True
BLW,2017,True,True,True,True,True,True,True
BLW,2018,True,True,True,True,True,True,True
BLW,2019,True,True,True,True,True,True,True
BLW,2020,True,True,True,True,True,True,True
BLW,2021,True,True,True,True,True,True,True
BLW,2022,True,True,True,True,True,True,True
BLW,2023,True,True,True,True,True,True,True
BM9,2018,True,True,True,True,True,True,True
BM9,2019,True,True,True,True,True,True,True
BM9,2020,True,True,True,True,True,True,True
BMC,2009,True,True,True,True,True,True,True
BMC,2010,True,True,True,True,True,True,True
BMC,2011,True,True,True,True,True,True,True
BMC,2012,True,True,True,True,True,True,True
BMC,2013,True,True,True,True,True,True,True
BMC,2014,True,True,True,True,True,True,True
BMC,2015,True,True,True,True,True,True,True
BMC,2016,True,True,True,True,True,True,True
BMC,2017,True,True,True,True,True,True,True
BMC,2018,True,True,True,True,True,True,True
BMC,2019,True,True,True,True,True,True,True
BMC,2020,True,True,True,True,True,True,True
BMC,2021,True,True,True,True,True,True,True
BMC,2022,True,True,True,True,True,True,True
BMC,2023,True,True,True,True,True,True,True
BMC,2024,True,True,True,True,True,True,True
BMC,2025,True,True,True,True,True,True,True
BMD,2016,True,True,True,True,True,True,True
BMD,2017,True,True,True,True,True,True,True
BMD,2018,True,True,True,True,True,True,True
BMD,2019,True,True,True,True,True,True,True
BMD,2020,True,True,True,True,True,True,True
BMD,2021,True,True,True,True,True,True,True
BMD,2022,True,True,True,True,True,True,True
BMD,2023,True,True,True,True,True,True,True
BMD,2024,True,True,True,True,True,True,True
BMD,2025,True,True,True,True,True,True,True
BMF,2016,True,True,True,True,True,True,True
BMF,2017,True,True,True,True,True,True,True
BMF,2018,True,True,True,True,True,True,True
BMF,2019,True,True,True,True,True,True,True
BMF,2020,True,True,True,True,True,True,True
BMF,2021,True,True,True,True,True,True,True
BMF,2022,True,True,True,True,True,True,True
BMF,2023,True,True,True,True,True,True,True
BMF,2024,True,True,True,True,True,True,True
BMF,2025,True,True,True,True,True,True,True
BMG,2016,True,True,True,True,True,True,True
BMG,2017,True,True,True,True,True,True,True
BMG,2018,True,True,True,True,True,True,True
BMG,2019,True,True,True,True,True,True,True
BMG,2020,True,True,True,True,True,True,True
BMG,2021,True,True,True,True,True,True,True
BMG,2022,True,True,True,True,True,True,True
BMG,2023,True,True,True,True,True,True,True
BMG,2024,True,True,True,True,True,True,True
BMG,2025,True,True,True,True,True,True,True
BMJ,2009,True,True,True,True,True,True,True
BMJ,2010,True,True,True,True,True,True,True
BMJ,2011,True,True,True,True,True,True,True
BMJ,2012,True,True,True,True,True,True,True
BMJ,2013,True,True,True,True,True,True,True
BMJ,2014,True,True,True,True,True,True,True
BMJ,2015,True,True,True,True,True,True,True
BMJ,2016,True,True,True,True,True,True,True
BMJ,2017,True,True,True,True,True,True,True
BMJ,2018,True,True,True,True,True,True,True
BMJ,2019,True,True,True,True,True,True,True
BMJ,2020,True,True,True,True,True,True,True
BMJ,2021,True,True,True,True,True,True,True
BMJ,2022,True,True,True,True,True,True,True
BMJ,2023,True,True,True,True,True,True,True
BMJ,2024,True,True,True,True,True,True,True
BMJ,2025,True,True,True,True,True,True,True
BMN,2015,True,True,True,True,True,True,True
BMN,2016,True,True,True,True,True,True,True
BMN,2017,True,True,True,True,True,True,True
BMN,2018,True,True,True,True,True,True,True
BMN,2019,True,True,True,True,True,True,True
BMN,2020,True,True,True,True,True,True,True
BMN,2021,True,True,True,True,True,True,True
BMN,2022,True,True,True,True,True,True,True
BMN,2023,True,True,True,True,True,True,True
BMN,2024,True,True,True,True,True,True,True
BMP,2009,True,True,True,True,True,True,True
BMP,2010,True,True,True,True,True,True,True
BMP,2011,True,True,True,True,True,True,True
BMP,2012,True,True,True,True,True,True,True
BMP,2013,True,True,True,True,True,True,True
BMP,2014,True,True,True,True,True,True,True
BMP,2015,True,True,True,True,True,True,True
BMP,2016,True,True,True,True,True,True,True
BMP,2017,True,True,True,True,True,True,True
BMP,2018,True,True,True,True,True,True,True
BMP,2019,True,True,True,True,True,True,True
BMP,2020,True,True,True,True,True,True,True
BMP,2021,True,True,True,True,True,True,True
BMP,2022,True,True,True,True,True,True,True
BMP,2023,True,True,True,True,True,True,True
BMP,2024,True,True,True,True,True,True,True
BMP,2025,True,True,True,True,True,True,True
BMV,2016,True,True,True,True,True,True,True
BMV,2017,True,True,True,True,True,True,True
BMV,2018,True,True,True,True,True,True,True
BMV,2019,True,True,True,True,True,True,True
BMV,2020,True,True,True,True,True,True,True
BMV,2021,True,True,True,True,True,True,True
BMV,2022,True,True,True,True,True,True,True
BMV,2023,True,True,True,True,True,True,True
BMV,2024,True,True,True,True,True,True,True
BMV,2025,True,True,True,True,True,True,True
BNA,2018,True,True,True,True,True,True,True
BNA,2019,True,True,True,True,True,True,True
BNA,2020,True,True,True,True,True,True,True
BNA,2021,True,True,True,True,True,True,True
BNA,2022,True,True,True,True,True,True,True
BNA,2023,True,True,True,True,True,True,True
BNA,2024,True,True,True,True,True,True,True
BNA,2025,True,True,True,True,True,True,True
BNW,2015,True,True,True,True,True,True,True
BNW,2017,True,True,True,True,True,True,True
BNW,2018,True,True,True,True,True,True,True
BNW,2019,True,True,True,True,True,True,True
BNW,2020,True,True,True,True,True,True,True
BNW,2021,True,True,True,True,True,True,True
BNW,2022,True,True,True,True,True,True,True
BNW,2023,True,True,True,True,True,True,True
BNW,2024,True,True,True,True,True,True,True
BNW,2025,True,True,True,True,True,True,True
BOT,2021,True,True,True,True,True,True,True
BOT,2022,True,True,True,True,True,True,True
BOT,2023,True,True,True,True,True,True,True
BOT,2024,True,True,True,True,True,True,True
BOT,2025,True,True,True,True,True,True,True
BPC,2010,True,True,True,True,True,True,True
BPC,2011,True,True,True,True,True,True,True
BPC,2012,True,True,True,True,True,True,True
BPC,2013,True,True,True,True,True,True,True
BPC,2014,True,True,True,True,True,True,True
BPC,2015,True,True,True,True,True,True,True
BPC,2016,True,True,True,True,True,True,True
BPC,2017,True,True,True,True,True,True,True
BPC,2018,True,True,True,True,True,True,True
BPC,2019,True,True,True,True,True,True,True
BPC,2020,True,True,True,True,True,True,True
BPC,2021,True,True,True,True,True,True,True
BPC,2022,True,True,True,True,True,True,True
BPC,2023,True,True,True,True,True,True,True
BPC,2024,True,True,True,True,True,True,True
BPC,2025,True,True,True,True,True,True,True
BPW,2019,True,True,True,True,True,True,True
BPW,2020,True,True,True,True,True,True,True
BPW,2021,True,True,True,True,True,True,True
BQB,2015,True,True,True,True,True,True,True
BQB,2016,True,True,True,True,True,True,True
BQB,2017,True,True,True,True,True,True,True
BQB,2018,True,True,True,True,True,True,True
BQB,2019,True,True,True,True,True,True,True
BQB,2020,True,True,True,True,True,True,True
BQB,2021,True,True,True,True,True,True,True
BQB,2022,True,True,True,True,True,True,True
BQB,2023,True,True,True,True,True,True,True
BQB,2024,True,True,True,True,True,True,True
BQB,2025,True,True,True,True,True,True,True
BRC,2009,True,True,True,True,True,True,True
BRC,2010,True,True,True,True,True,True,True
BRC,2011,True,True,True,True,True,True,True
BRC,2012,True,True,True,True,True,True,True
BRC,2013,True,True,True,True,True,True,True
BRC,2014,True,True,True,True,True,True,True
BRC,2015,True,True,True,True,True,True,True
BRC,2016,True,True,True,True,True,True,True
BRC,2017,True,True,True,True,True,True,True
BRC,2018,True,True,True,True,True,True,True
BRC,2019,True,True,True,True,True,True,True
BRC,2020,True,True,True,True,True,True,True
BRC,2021,True,True,True,True,True,True,True
BRC,2022,True,True,True,True,True,True,True
BRC,2023,True,True,True,True,True,True,True
BRC,2024,True,True,True,True,True,True,True
BRC,2025,True,True,True,True,True,True,True
BRR,2017,True,True,True,True,True,True,True
BRR,2018,True,True,True,True,True,True,True
BRR,2019,True,True,True,True,True,True,True
BRR,2020,True,True,True,True,True,True,True
BRR,2021,True,True,True,True,True,True,True
BRR,2022,True,True,True,True,True,True,True
BRR,2023,True,True,True,True,True,True,True
BRR,2024,True,True,True,True,True,True,True
BRR,2025,True,True,True,True,True,True,True
BRS,2014,True,True,True,True,True,True,True
BRS,2015,True,True,True,True,True,True,True
BRS,2016,True,True,True,True,True,True,True
BRS,2017,True,True,True,True,True,True,True
BRS,2018,True,True,True,True,True,True,True
BRS,2019,True,True,True,True,True,True,True
BRS,2020,True,True,True,True,True,True,True
BRS,2021,True,True,True,True,True,True,True
BRS,2022,True,True,True,True,True,True,True
BRS,2023,True,True,True,True,True,True,True
BRS,2024,True,True,True,True,True,True,True
BRS,2025,True,True,True,True,True,True,True
BSA,2014,True,True,True,True,True,True,True
BSA,2015,True,True,True,True,True,True,True
BSA,2016,True,True,True,True,True,True,True
BSA,2017,True,True,True,True,True,True,True
BSA,2018,True,True,True,True,True,True,True
BSA,2019,True,True,True,True,True,True,True
BSA,2020,True,True,True,True,True,True,True
BSA,2021,True,True,True,True,True,True,True
BSA,2022,True,True,True,True,True,True,True
BSA,2023,True,True,True,True,True,True,True
BSA,2024,True,True,True,True,True,True,True
BSA,2025,True,True,True,True,True,True,True
BSC,2010,True,True,True,True,True,True,True
BSC,2011,True,True,True,True,True,True,True
BSC,2012,True,True,True,True,True,True,True
BSC,2013,True,True,True,True,True,True,True
BSC,2014,True,True,True,True,True,True,True
BSC,2015,True,True,True,True,True,True,True
BSC,2016,True,True,True,True,True,True,True
BSC,2017,True,True,True,True,True,True,True
BSC,2018,True,True,True,True,True,True,True
BSC,2019,True,True,True,True,True,True,True
BSC,2020,True,True,True,True,True,True,True
BSC,2021,True,True,True,True,True,True,True
BSC,2022,True,True,True,True,True,True,True
BSC,2023,True,True,True,True,True,True,True
BSC,2024,True,True,True,True,True,True,True
BSD,2013,True,True,True,True,True,True,True
BSD,2014,True,True,True,True,True,True,True
BSD,2015,True,True,True,True,True,True,True
BSD,2016,True,True,True,True,True,True,True
BSD,2017,True,True,True,True,True,True,True
BSD,2018,True,True,True,True,True,True,True
BSD,2019,True,True,True,True,True,True,True
BSD,2020,True,True,True,True,True,True,True
BSD,2021,True,True,True,True,True,True,True
BSD,2022,True,True,True,True,True,True,True
BSD,2023,True,True,True,True,True,True,True
BSD,2024,True,True,True,True,True,True,True
BSD,2025,True,True,True,True,True,True,True
BSG,2014,True,True,True,True,True,True,True
BSG,2015,True,True,True,True,True,True,True
BSG,2016,True,True,True,True,True,True,True
BSG,2017,True,True,True,True,True,True,True
BSG,2018,True,True,True,True,True,True,True
BSG,2019,True,True,True,True,True,True,True
BSG,2020,True,True,True,True,True,True,True
BSG,2021,True,True,True,True,True,True,True
BSG,2022,True,True,True,True,True,True,True
BSG,2023,True,True,True,True,True,True,True
BSG,2024,True,True,True,True,True,True,True
BSG,2025,True,True,True,True,True,True,True
BSH,2016,True,True,True,True,True,True,True
BSH,2017,True,True,True,True,True,True,True
BSH,2018,True,True,True,True,True,True,True
BSH,2019,True,True,True,True,True,True,True
BSH,2020,True,True,True,True,True,True,True
BSH,2021,True,True,True,True,True,True,True
BSH,2022,True,True,True,True,True,True,True
BSH,2023,True,True,True,True,True,True,True
BSH,2024,True,True,True,True,True,True,True
BSH,2025,True,True,True,True,True,True,True
BSL,2015,True,True,True,True,True,True,True
BSL,2016,True,True,True,True,True,True,True
BSL,2017,True,True,True,True,True,True,True
BSL,2018,True,True,True,True,True,True,True
BSL,2019,True,True,True,True,True,True,True
BSL,2020,True,True,True,True,True,True,True
BSL,2021,True,True,True,True,True,True,True
BSL,2022,True,True,True,True,True,True,True
BSL,2023,True,True,True,True,True,True,True
BSL,2024,True,True,True,True,True,True,True
BSL,2025,True,True,True,True,True,True,True
BSP,2014,True,True,True,True,True,True,True
BSP,2015,True,True,True,True,True,True,True
BSP,2016,True,True,True,True,True,True,True
BSP,2017,True,True,True,True,True,True,True
BSP,2018,True,True,True,True,True,True,True
BSP,2019,True,True,True,True,True,True,True
BSP,2020,True,True,True,True,True,True,True
BSP,2021,True,True,True,True,True,True,True
BSP,2022,True,True,True,True,True,True,True
BSP,2023,True,True,True,True,True,True,True
BSP,2024,True,True,True,True,True,True,True
BSP,2025,True,True,True,True,True,True,True
BSQ,2012,True,True,True,True,True,True,True
BSQ,2013,True,True,True,True,True,True,True
BSQ,2014,True,True,True,True,True,True,True
BSQ,2015,True,True,True,True,True,True,True
BSQ,2016,True,True,True,True,True,True,True
BSQ,2017,True,True,True,True,True,True,True
BSQ,2018,True,True,True,True,True,True,True
BSQ,2019,True,True,True,True,True,True,True
BSQ,2020,True,True,True,True,True,True,True
BSQ,2021,True,True,True,True,True,True,True
BSQ,2022,True,True,True,True,True,True,True
BSQ,2023,True,True,True,True,True,True,True
BSQ,2024,True,True,True,True,True,True,True
BSQ,2025,True,True,True,True,True,True,True
BSR,2013,True,True,True,True,True,True,True
BSR,2014,True,True,True,True,True,True,True
BSR,2015,True,True,True,True,True,True,True
BSR,2016,True,True,True,True,True,True,True
BSR,2017,True,True,True,True,True,True,True
BSR,2018,True,True,True,True,True,True,True
BSR,2019,True,True,True,True,True,True,True
BSR,2020,True,True,True,True,True,True,True
BSR,2021,True,True,True,True,True,True,True
BSR,2022,True,True,True,True,True,True,True
BSR,2023,True,True,True,True,True,True,True
BSR,2024,True,True,True,True,True,True,True
BSR,2025,True,True,True,True,True,True,True
BST,2010,True,True,True,True,True,True,True
BST,2011,True,True,True,True,True,True,True
BST,2012,True,True,True,True,True,True,True
BST,2013,True,True,True,True,True,True,True
BST,2014,True,True,True,True,True,True,True
BST,2015,True,True,True,True,True,True,True
BST,2016,True,True,True,True,True,True,True
BST,2017,True,True,True,True,True,True,True
BST,2018,True,True,True,True,True,True,True
BST,2019,True,True,True,True,True,True,True
BST,2020,True,True,True,True,True,True,True
BST,2021,True,True,True,True,True,True,True
BST,2022,True,True,True,True,True,True,True
BST,2023,True,True,True,True,True,True,True
BST,2024,True,True,True,True,True,True,True
BT1,2012,True,True,True,True,True,True,True
BT1,2013,True,True,True,True,True,True,True
BT1,2014,True,True,True,True,True,True,True
BT1,2015,True,True,True,True,True,True,True
BT1,2016,True,True,True,True,True,True,True
BT1,2017,True,True,True,True,True,True,True
BT1,2018,True,True,True,True,True,True,True
BT1,2019,True,True,True,True,True,True,True
BT1,2020,True,True,True,True,True,True,True
BT1,2021,True,True,True,True,True,True,True
BT1,2022,True,True,True,True,True,True,True
BT1,2024,True,True,True,True,True,True,True
BT1,2025,True,True,True,True,True,True,True
BT6,2009,True,True,True,True,True,True,True
BT6,2010,True,True,True,True,True,True,True
BT6,2011,True,True,True,True,True,True,True
BT6,2012,True,True,True,True,True,True,True
BT6,2013,True,True,True,True,True,True,True
BT6,2014,True,True,True,True,True,True,True
BT6,2015,True,True,True,True,True,True,True
BT6,2016,True,True,True,True,True,True,True
BT6,2017,True,True,True,True,True,True,True
BT6,2018,True,True,True,True,True,True,True
BT6,2019,True,True,True,True,True,True,True
BT6,2020,True,True,True,True,True,True,True
BT6,2021,True,True,True,True,True,True,True
BT6,2022,True,True,True,True,True,True,True
BT6,2023,True,True,True,True,True,True,True
BT6,2024,True,True,True,True,True,True,True
BT6,2025,True,True,True,True,True,True,True
BTB,2009,True,True,True,True,True,True,True
BTB,2010,True,True,True,True,True,True,True
BTB,2011,True,True,True,True,True,True,True
BTB,2012,True,True,True,True,True,True,True
BTB,2013,True,True,True,True,True,True,True
BTB,2014,True,True,True,True,True,True,True
BTB,2015,True,True,True,True,True,True,True
BTB,2016,True,True,True,True,True,True,True
BTB,2017,True,True,True,True,True,True,True
BTB,2018,True,True,True,True,True,True,True
BTB,2019,True,True,True,True,True,True,True
BTB,2020,True,True,True,True,True,True,True
BTB,2021,True,True,True,True,True,True,True
BTB,2022,True,True,True,True,True,True,True
BTB,2023,True,True,True,True,True,True,True
BTB,2024,True,True,True,True,True,True,True
BTB,2025,True,True,True,True,True,True,True
BTC,2011,True,True,True,True,True,True,True
BTC,2012,True,True,True,True,True,True,True
BTC,2014,True,True,True,True,True,True,True
BTC,2015,True,True,True,True,True,True,True
BTC,2016,True,True,True,True,True,True,True
BTC,2018,True,True,True,True,True,True,True
BTD,2014,True,True,True,True,True,True,True
BTD,2015,True,True,True,True,True,True,True
BTD,2016,True,True,True,True,True,True,True
BTD,2017,True,True,True,True,True,True,True
BTD,2018,True,True,True,True,True,True,True
BTD,2019,True,True,True,True,True,True,True
BTD,2020,True,True,True,True,True,True,True
BTD,2021,True,True,True,True,True,True,True
BTD,2022,True,True,True,True,True,True,True
BTD,2023,True,True,True,True,True,True,True
BTD,2024,True,True,True,True,True,True,True
BTD,2025,True,True,True,True,True,True,True
BTG,2010,True,True,True,True,True,True,True
BTG,2011,True,True,True,True,True,True,True
BTG,2012,True,True,True,True,True,True,True
BTG,2013,True,True,True,True,True,True,True
BTG,2014,True,True,True,True,True,True,True
BTG,2015,True,True,True,True,True,True,True
BTG,2016,True,True,True,True,True,True,True
BTG,2017,True,True,True,True,True,True,True
BTG,2018,True,True,True,True,True,True,True
BTG,2019,True,True,True,True,True,True,True
BTG,2023,True,True,True,True,True,True,True
BTG,2024,True,True,True,True,True,True,True
BTG,2025,True,True,True,True,True,True,True
BTH,2011,True,True,True,True,True,True,True
BTH,2012,True,True,True,True,True,True,True
BTH,2013,True,True,True,True,True,True,True
BTH,2014,True,True,True,True,True,True,True
BTH,2015,True,True,True,True,True,True,True
BTH,2016,True,True,True,True,True,True,True
BTH,2017,True,True,True,True,True,True,True
BTH,2019,True,True,True,True,True,True,True
BTH,2022,True,True,True,True,True,True,True
BTH,2023,True,True,True,True,True,True,True
BTH,2024,True,True,True,True,True,True,True
BTH,2025,True,True,True,True,True,True,True
BTN,2017,True,True,True,True,True,True,True
BTN,2019,True,True,True,True,True,True,True
BTN,2020,True,True,True,True,True,True,True
BTN,2021,True,True,True,True,True,True,True
BTN,2022,True,True,True,True,True,True,True
BTN,2023,True,True,True,True,True,True,True
BTN,2024,True,True,True,True,True,True,True
BTN,2025,True,True,True,True,True,True,True
BTP,2009,True,True,True,True,True,True,True
BTP,2010,True,True,True,True,True,True,True
BTP,2011,True,True,True,True,True,True,True
BTP,2012,True,True,True,True,True,True,True
BTP,2013,True,True,True,True,True,True,True
BTP,2014,True,True,True,True,True,True,True
BTP,2015,True,True,True,True,True,True,True
BTP,2016,True,True,True,True,True,True,True
BTP,2017,True,True,True,True,True,True,True
BTP,2018,True,True,True,True,True,True,True
BTP,2019,True,True,True,True,True,True,True
BTP,2020,True,True,True,True,True,True,True
BTP,2021,True,True,True,True,True,True,True
BTP,2022,True,True,True,True,True,True,True
BTP,2023,True,True,True,True,True,True,True
BTP,2024,True,True,True,True,True,True,True
BTP,2025,True,True,True,True,True,True,True
BTR,2015,True,True,True,True,True,True,True
BTR,2016,True,True,True,True,True,True,True
BTR,2017,True,True,True,True,True,True,True
BTR,2018,True,True,True,True,True,True,True
BTR,2019,True,True,True,True,True,True,True
BTR,2020,True,True,True,True,True,True,True
BTR,2021,True,True,True,True,True,True,True
BTS,2009,True,True,True,True,True,True,True
BTS,2010,True,True,True,True,True,True,True
BTS,2011,True,True,True,True,True,True,True
BTS,2012,True,True,True,True,True,True,True
BTS,2013,True,True,True,True,True,True,True
BTS,2014,True,True,True,True,True,True,True
BTS,2015,True,True,True,True,True,True,True
BTS,2016,True,True,True,True,True,True,True
BTS,2017,True,True,True,True,True,True,True
BTS,2018,True,True,True,True,True,True,True
BTS,2019,True,True,True,True,True,True,True
BTS,2020,True,True,True,True,True,True,True
BTS,2021,True,True,True,True,True,True,True
BTS,2022,True,True,True,True,True,True,True
BTS,2023,True,True,True,True,True,True,True
BTS,2024,True,True,True,True,True,True,True
BTS,2025,True,True,True,True,True,True,True
BTT,2009,True,True,True,True,True,True,True
BTT,2010,True,True,True,True,True,True,True
BTT,2011,True,True,True,True,True,True,True
BTT,2012,True,True,True,True,True,True,True
BTT,2013,True,True,True,True,True,True,True
BTT,2014,True,True,True,True,True,True,True
BTT,2015,True,True,True,True,True,True,True
BTT,2016,True,True,True,True,True,True,True
BTT,2017,True,True,True,True,True,True,True
BTT,2018,True,True,True,True,True,True,True
BTT,2019,True,True,True,True,True,True,True
BTT,2020,True,True,True,True,True,True,True
BTT,2021,True,True,True,True,True,True,True
BTT,2022,True,True,True,True,True,True,True
BTT,2023,True,True,True,True,True,True,True
BTT,2024,True,True,True,True,True,True,True
BTT,2025,True,True,True,True,True,True,True
BTU,2013,True,True,True,True,True,True,True
BTU,2014,True,True,True,True,True,True,True
BTU,2015,True,True,True,True,True,True,True
BTU,2016,True,True,True,True,True,True,True
BTU,2017,True,True,True,True,True,True,True
BTU,2018,True,True,True,True,True,True,True
BTU,2019,True,True,True,True,True,True,True
BTU,2020,True,True,True,True,True,True,True
BTU,2021,True,True,True,True,True,True,True
BTU,2022,True,True,True,True,True,True,True
BTU,2023,True,True,True,True,True,True,True
BTU,2024,True,True,True,True,True,True,True
BTU,2025,True,True,True,True,True,True,True
BTV,2015,True,True,True,True,True,True,True
BTV,2016,True,True,True,True,True,True,True
BTV,2017,True,True,True,True,True,True,True
BTV,2018,True,True,True,True,True,True,True
BTV,2019,True,True,True,True,True,True,True
BTV,2020,True,True,True,True,True,True,True
BTV,2021,True,True,True,True,True,True,True
BTV,2022,True,True,True,True,True,True,True
BTV,2023,True,True,True,True,True,True,True
BTV,2024,True,True,True,True,True,True,True
BTV,2025,True,True,True,True,True,True,True
BTW,2009,True,True,True,True,True,True,True
BTW,2010,True,True,True,True,True,True,True
BTW,2011,True,True,True,True,True,True,True
BTW,2012,True,True,True,True,True,True,True
BTW,2013,True,True,True,True,True,True,True
BTW,2014,True,True,True,True,True,True,True
BTW,2015,True,True,True,True,True,True,True
BTW,2016,True,True,True,True,True,True,True
BTW,2017,True,True,True,True,True,True,True
BTW,2018,True,True,True,True,True,True,True
BTW,2019,True,True,True,True,True,True,True
BTW,2020,True,True,True,True,True,True,True
BTW,2021,True,True,True,True,True,True,True
BTW,2022,True,True,True,True,True,True,True
BTW,2023,True,True,True,True,True,True,True
BTW,2024,True,True,True,True,True,True,True
BTW,2025,True,True,True,True,True,True,True
BUD,2019,True,True,True,True,True,True,True
BUD,2020,True,True,True,True,True,True,True
BVG,2011,True,True,True,True,True,True,True
BVG,2012,True,True,True,True,True,True,True
BVG,2013,True,True,True,True,True,True,True
BVG,2014,True,True,True,True,True,True,True
BVG,2015,True,True,True,True,True,True,True
BVG,2016,True,True,True,True,True,True,True
BVG,2017,True,True,True,True,True,True,True
BVG,2018,True,True,True,True,True,True,True
BVG,2019,True,True,True,True,True,True,True
BVG,2020,True,True,True,True,True,True,True
BVG,2021,True,True,True,True,True,True,True
BVG,2022,True,True,True,True,True,True,True
BVG,2023,True,True,True,True,True,True,True
BVG,2024,True,True,True,True,True,True,True
BVG,2025,True,True,True,True,True,True,True
BVL,2019,True,True,True,True,True,True,True
BVL,2020,True,True,True,True,True,True,True
BVL,2021,True,True,True,True,True,True,True
BVL,2022,True,True,True,True,True,True,True
BVL,2023,True,True,True,True,True,True,True
BVL,2024,True,True,True,True,True,True,True
BVL,2025,True,True,True,True,True,True,True
BVN,2010,True,True,True,True,True,True,True
BVN,2011,True,True,True,True,True,True,True
BVN,2012,True,True,True,True,True,True,True
BVN,2013,True,True,True,True,True,True,True
BVN,2014,True,True,True,True,True,True,True
BVN,2015,True,True,True,True,True,True,True
BVN,2016,True,True,True,True,True,True,True
BVN,2017,True,True,True,True,True,True,True
BVN,2018,True,True,True,True,True,True,True
BVN,2019,True,True,True,True,True,True,True
BVN,2020,True,True,True,True,True,True,True
BVN,2021,True,True,True,True,True,True,True
BVN,2022,True,True,True,True,True,True,True
BVN,2023,True,True,True,True,True,True,True
BVN,2024,True,True,True,True,True,True,True
BVN,2025,True,True,True,True,True,True,True
BWA,2010,True,True,True,True,True,True,True
BWA,2011,True,True,True,True,True,True,True
BWA,2012,True,True,True,True,True,True,True
BWA,2013,True,True,True,True,True,True,True
BWA,2014,True,True,True,True,True,True,True
BWA,2015,True,True,True,True,True,True,True
BWA,2016,True,True,True,True,True,True,True
BWA,2017,True,True,True,True,True,True,True
BWA,2018,True,True,True,True,True,True,True
BWA,2019,True,True,True,True,True,True,True
BWA,2020,True,True,True,True,True,True,True
BWA,2021,True,True,True,True,True,True,True
BWA,2022,True,True,True,True,True,True,True
BWA,2023,True,True,True,True,True,True,True
BWA,2024,True,True,True,True,True,True,True
BWA,2025,True,True,True,True,True,True,True
BWE,2015,True,True,True,True,True,True,True
BWE,2016,True,True,True,True,True,True,True
BWE,2017,True,True,True,True,True,True,True
BWE,2018,True,True,True,True,True,True,True
BWE,2019,True,True,True,True,True,True,True
BWE,2020,True,True,True,True,True,True,True
BWE,2021,True,True,True,True,True,True,True
BWE,2022,True,True,True,True,True,True,True
BWE,2023,True,True,True,True,True,True,True
BWE,2024,True,True,True,True,True,True,True
BWE,2025,True,True,True,True,True,True,True
BWS,2010,True,True,True,True,True,True,True
BWS,2011,True,True,True,True,True,True,True
BWS,2012,True,True,True,True,True,True,True
BWS,2013,True,True,True,True,True,True,True
BWS,2014,True,True,True,True,True,True,True
BWS,2015,True,True,True,True,True,True,True
BWS,2017,True,True,True,True,True,True,True
BWS,2018,True,True,True,True,True,True,True
BWS,2019,True,True,True,True,True,True,True
BWS,2020,True,True,True,True,True,True,True
BWS,2021,True,True,True,True,True,True,True
BWS,2022,True,True,True,True,True,True,True
BWS,2023,True,True,True,True,True,True,True
BWS,2024,True,True,True,True,True,True,True
BWS,2025,True,True,True,True,True,True,True
BXD,2012,True,True,True,True,True,True,True
BXH,2009,True,True,True,True,True,True,True
BXH,2011,True,True,True,True,True,True,True
BXH,2012,True,True,True,True,True,True,True
BXH,2013,True,True,True,True,True,True,True
BXH,2014,True,True,True,True,True,True,True
BXH,2015,True,True,True,True,True,True,True
BXH,2016,True,True,True,True,True,True,True
BXH,2017,True,True,True,True,True,True,True
BXH,2018,True,True,True,True,True,True,True
BXH,2019,True,True,True,True,True,True,True
BXH,2020,True,True,True,True,True,True,True
BXH,2021,True,True,True,True,True,True,True
BXH,2022,True,True,True,True,True,True,True
BXH,2023,True,True,True,True,True,True,True
BXH,2024,True,True,True,True,True,True,True
BXH,2025,True,True,True,True,True,True,True
BXT,2021,True,True,True,True,True,True,True
C12,2013,True,True,True,True,True,True,True
C12,2014,True,True,True,True,True,True,True
C12,2015,True,True,True,True,True,True,True
C12,2016,True,True,True,True,True,True,True
C12,2017,True,True,True,True,True,True,True
C12,2018,True,True,True,True,True,True,True
C21,2009,True,True,True,True,True,True,True
C21,2010,True,True,True,True,True,True,True
C21,2011,True,True,True,True,True,True,True
C21,2012,True,True,True,True,True,True,True
C21,2013,True,True,True,True,True,True,True
C21,2014,True,True,True,True,True,True,True
C21,2015,True,True,True,True,True,True,True
C21,2016,True,True,True,True,True,True,True
C21,2017,True,True,True,True,True,True,True
C21,2018,True,True,True,True,True,True,True
C21,2019,True,True,True,True,True,True,True
C21,2020,True,True,True,True,True,True,True
C21,2021,True,True,True,True,True,True,True
C21,2022,True,True,True,True,True,True,True
C21,2023,True,True,True,True,True,True,True
C21,2024,True,True,True,True,True,True,True
C22,2018,True,True,True,True,True,True,True
C22,2019,True,True,True,True,True,True,True
C22,2020,True,True,True,True,True,True,True
C22,2021,True,True,True,True,True,True,True
C22,2022,True,True,True,True,True,True,True
C22,2023,True,True,True,True,True,True,True
C22,2024,True,True,True,True,True,True,True
C22,2025,True,True,True,True,True,True,True
C32,2010,True,True,True,True,True,True,True
C32,2011,True,True,True,True,True,True,True
C32,2012,True,True,True,True,True,True,True
C32,2013,True,True,True,True,True,True,True
C32,2014,True,True,True,True,True,True,True
C32,2015,True,True,True,True,True,True,True
C32,2016,True,True,True,True,True,True,True
C32,2019,True,True,True,True,True,True,True
C32,2020,True,True,True,True,True,True,True
C32,2021,True,True,True,True,True,True,True
C32,2022,True,True,True,True,True,True,True
C32,2023,True,True,True,True,True,True,True
C32,2024,True,True,True,True,True,True,True
C32,2025,True,True,True,True,True,True,True
C36,2016,True,True,True,True,True,True,True
C36,2017,True,True,True,True,True,True,True
C36,2018,True,True,True,True,True,True,True
C36,2019,True,True,True,True,True,True,True
C36,2020,True,True,True,True,True,True,True
C47,2011,True,True,True,True,True,True,True
C47,2012,True,True,True,True,True,True,True
C47,2013,True,True,True,True,True,True,True
C47,2017,True,True,True,True,True,True,True
C47,2018,True,True,True,True,True,True,True
C47,2019,True,True,True,True,True,True,True
C47,2020,True,True,True,True,True,True,True
C47,2021,True,True,True,True,True,True,True
C47,2022,True,True,True,True,True,True,True
C47,2023,True,True,True,True,True,True,True
C47,2024,True,True,True,True,True,True,True
C47,2025,True,True,True,True,True,True,True
C4G,2015,True,True,True,True,True,True,True
C4G,2016,True,True,True,True,True,True,True
C4G,2017,True,True,True,True,True,True,True
C4G,2018,True,True,True,True,True,True,True
C4G,2019,True,True,True,True,True,True,True
C4G,2020,True,True,True,True,True,True,True
C4G,2021,True,True,True,True,True,True,True
C4G,2022,True,True,True,True,True,True,True
C4G,2023,True,True,True,True,True,True,True
C4G,2024,True,True,True,True,True,True,True
C4G,2025,True,True,True,True,True,True,True
C69,2015,True,True,True,True,True,True,True
C69,2017,True,True,True,True,True,True,True
C69,2018,True,True,True,True,True,True,True
C69,2019,True,True,True,True,True,True,True
C69,2020,True,True,True,True,True,True,True
C69,2021,True,True,True,True,True,True,True
C69,2022,True,True,True,True,True,True,True
C69,2023,True,True,True,True,True,True,True
C69,2024,True,True,True,True,True,True,True
C69,2025,True,True,True,True,True,True,True
C71,2010,True,True,True,True,True,True,True
C71,2012,True,True,True,True,True,True,True
C71,2013,True,True,True,True,True,True,True
C71,2015,True,True,True,True,True,True,True
C71,2016,True,True,True,True,True,True,True
C71,2017,True,True,True,True,True,True,True
C71,2018,True,True,True,True,True,True,True
C71,2019,True,True,True,True,True,True,True
C71,2020,True,True,True,True,True,True,True
C92,2011,True,True,True,True,True,True,True
C92,2012,True,True,True,True,True,True,True
C92,2015,True,True,True,True,True,True,True
C92,2016,True,True,True,True,True,True,True
C92,2017,True,True,True,True,True,True,True
C92,2018,True,True,True,True,True,True,True
C92,2019,True,True,True,True,True,True,True
C92,2020,True,True,True,True,True,True,True
C92,2021,True,True,True,True,True,True,True
C92,2022,True,True,True,True,True,True,True
C92,2023,True,True,True,True,True,True,True
C92,2024,True,True,True,True,True,True,True
CAB,2016,True,True,True,True,True,True,True
CAB,2018,True,True,True,True,True,True,True
CAB,2019,True,True,True,True,True,True,True
CAB,2020,True,True,True,True,True,True,True
CAB,2021,True,True,True,True,True,True,True
CAB,2022,True,True,True,True,True,True,True
CAB,2023,True,True,True,True,True,True,True
CAD,2011,True,True,True,True,True,True,True
CAD,2013,True,True,True,True,True,True,True
CAD,2014,True,True,True,True,True,True,True
CAD,2015,True,True,True,True,True,True,True
CAD,2016,True,True,True,True,True,True,True
CAD,2017,True,True,True,True,True,True,True
CAD,2018,True,True,True,True,True,True,True
CAD,2019,True,True,True,True,True,True,True
CAD,2020,True,True,True,True,True,True,True
CAD,2021,True,True,True,True,True,True,True
CAD,2022,True,True,True,True,True,True,True
CAD,2023,True,True,True,True,True,True,True
CAD,2024,True,True,True,True,True,True,True
CAG,2014,True,True,True,True,True,True,True
CAG,2015,True,True,True,True,True,True,True
CAG,2016,True,True,True,True,True,True,True
CAG,2017,True,True,True,True,True,True,True
CAG,2018,True,True,True,True,True,True,True
CAG,2019,True,True,True,True,True,True,True
CAG,2020,True,True,True,True,True,True,True
CAG,2021,True,True,True,True,True,True,True
CAG,2022,True,True,True,True,True,True,True
CAG,2023,True,True,True,True,True,True,True
CAG,2024,True,True,True,True,True,True,True
CAG,2025,True,True,True,True,True,True,True
CAM,2021,True,True,True,True,True,True,True
CAN,2009,True,True,True,True,True,True,True
CAN,2010,True,True,True,True,True,True,True
CAN,2011,True,True,True,True,True,True,True
CAN,2012,True,True,True,True,True,True,True
CAN,2013,True,True,True,True,True,True,True
CAN,2014,True,True,True,True,True,True,True
CAN,2015,True,True,True,True,True,True,True
CAN,2016,True,True,True,True,True,True,True
CAN,2017,True,True,True,True,True,True,True
CAN,2018,True,True,True,True,True,True,True
CAN,2019,True,True,True,True,True,True,True
CAN,2020,True,True,True,True,True,True,True
CAN,2021,True,True,True,True,True,True,True
CAN,2022,True,True,True,True,True,True,True
CAN,2023,True,True,True,True,True,True,True
CAN,2024,True,True,True,True,True,True,True
CAN,2025,True,True,True,True,True,True,True
CAP,2009,True,True,True,True,True,True,True
CAP,2010,True,True,True,True,True,True,True
CAP,2011,True,True,True,True,True,True,True
CAP,2012,True,True,True,True,True,True,True
CAP,2013,True,True,True,True,True,True,True
CAP,2014,True,True,True,True,True,True,True
CAP,2015,True,True,True,True,True,True,True
CAP,2016,True,True,True,True,True,True,True
CAP,2017,True,True,True,True,True,True,True
CAP,2018,True,True,True,True,True,True,True
CAP,2019,True,True,True,True,True,True,True
CAP,2020,True,True,True,True,True,True,True
CAP,2021,True,True,True,True,True,True,True
CAP,2022,True,True,True,True,True,True,True
CAP,2023,True,True,True,True,True,True,True
CAP,2024,True,True,True,True,True,True,True
CAP,2025,True,True,True,True,True,True,True
CAR,2021,True,True,True,True,True,True,True
CAR,2022,True,True,True,True,True,True,True
CAR,2023,True,True,True,True,True,True,True
CAR,2024,True,True,True,True,True,True,True
CAR,2025,True,True,True,True,True,True,True
CAT,2009,True,True,True,True,True,True,True
CAT,2010,True,True,True,True,True,True,True
CAT,2011,True,True,True,True,True,True,True
CAT,2012,True,True,True,True,True,True,True
CAT,2013,True,True,True,True,True,True,True
CAT,2014,True,True,True,True,True,True,True
CAT,2015,True,True,True,True,True,True,True
CAT,2016,True,True,True,True,True,True,True
CAT,2017,True,True,True,True,True,True,True
CAT,2018,True,True,True,True,True,True,True
CAT,2019,True,True,True,True,True,True,True
CAT,2020,True,True,True,True,True,True,True
CAT,2021,True,True,True,True,True,True,True
CAT,2022,True,True,True,True,True,True,True
CAT,2023,True,True,True,True,True,True,True
CAT,2024,True,True,True,True,True,True,True
CAT,2025,True,True,True,True,True,True,True
CAV,2009,True,True,True,True,True,True,True
CAV,2010,True,True,True,True,True,True,True
CAV,2011,True,True,True,True,True,True,True
CAV,2012,True,True,True,True,True,True,True
CAV,2013,True,True,True,True,True,True,True
CAV,2014,True,True,True,True,True,True,True
CAV,2015,True,True,True,True,True,True,True
CAV,2016,True,True,True,True,True,True,True
CAV,2017,True,True,True,True,True,True,True
CAV,2018,True,True,True,True,True,True,True
CAV,2019,True,True,True,True,True,True,True
CAV,2020,True,True,True,True,True,True,True
CAV,2021,True,True,True,True,True,True,True
CAV,2022,True,True,True,True,True,True,True
CAV,2023,True,True,True,True,True,True,True
CAV,2024,True,True,True,True,True,True,True
CBC,2018,True,True,True,True,True,True,True
CBI,2015,True,True,True,True,True,True,True
CBI,2016,True,True,True,True,True,True,True
CBI,2017,True,True,True,True,True,True,True
CBI,2018,True,True,True,True,True,True,True
CBI,2019,True,True,True,True,True,True,True
CBI,2020,True,True,True,True,True,True,True
CBI,2021,True,True,True,True,True,True,True
CBI,2022,True,True,True,True,True,True,True
CBI,2023,True,True,True,True,True,True,True
CBI,2024,True,True,True,True,True,True,True
CBI,2025,True,True,True,True,True,True,True
CBS,2020,True,True,True,True,True,True,True
CBS,2021,True,True,True,True,True,True,True
CBS,2023,True,True,True,True,True,True,True
CC1,2013,True,True,True,True,True,True,True
CC1,2014,True,True,True,True,True,True,True
CC1,2015,True,True,True,True,True,True,True
CC1,2016,True,True,True,True,True,True,True
CC1,2017,True,True,True,True,True,True,True
CC1,2018,True,True,True,True,True,True,True
CC1,2019,True,True,True,True,True,True,True
CC1,2020,True,True,True,True,True,True,True
CC1,2021,True,True,True,True,True,True,True
CC1,2022,True,True,True,True,True,True,True
CC1,2023,True,True,True,True,True,True,True
CC1,2024,True,True,True,True,True,True,True
CC1,2025,True,True,True,True,True,True,True
CC4,2014,True,True,True,True,True,True,True
CC4,2015,True,True,True,True,True,True,True
CC4,2016,True,True,True,True,True,True,True
CC4,2017,True,True,True,True,True,True,True
CC4,2018,True,True,True,True,True,True,True
CC4,2019,True,True,True,True,True,True,True
CC4,2020,True,True,True,True,True,True,True
CC4,2021,True,True,True,True,True,True,True
CC4,2023,True,True,True,True,True,True,True
CC4,2024,True,True,True,True,True,True,True
CCA,2016,True,True,True,True,True,True,True
CCA,2017,True,True,True,True,True,True,True
CCA,2018,True,True,True,True,True,True,True
CCA,2019,True,True,True,True,True,True,True
CCA,2020,True,True,True,True,True,True,True
CCA,2021,True,True,True,True,True,True,True
CCA,2022,True,True,True,True,True,True,True
CCA,2023,True,True,True,True,True,True,True
CCA,2024,True,True,True,True,True,True,True
CCC,2024,True,True,True,True,True,True,True
CCC,2025,True,True,True,True,True,True,True
CCH,2009,True,True,True,True,True,True,True
CCH,2010,True,True,True,True,True,True,True
CCH,2011,True,True,True,True,True,True,True
CCH,2012,True,True,True,True,True,True,True
CCH,2013,True,True,True,True,True,True,True
CCH,2014,True,True,True,True,True,True,True
CCH,2015,True,True,True,True,True,True,True
CCH,2016,True,True,True,True,True,True,True
CCH,2017,True,True,True,True,True,True,True
CCH,2018,True,True,True,True,True,True,True
CCH,2019,True,True,True,True,True,True,True
CCH,2020,True,True,True,True,True,True,True
CCH,2021,True,True,True,True,True,True,True
CCI,2010,True,True,True,True,True,True,True
CCI,2011,True,True,True,True,True,True,True
CCI,2013,True,True,True,True,True,True,True
CCI,2014,True,True,True,True,True,True,True
CCI,2015,True,True,True,True,True,True,True
CCI,2017,True,True,True,True,True,True,True
CCI,2018,True,True,True,True,True,True,True
CCI,2019,True,True,True,True,True,True,True
CCI,2020,True,True,True,True,True,True,True
CCI,2021,True,True,True,True,True,True,True
CCI,2022,True,True,True,True,True,True,True
CCI,2023,True,True,True,True,True,True,True
CCI,2024,True,True,True,True,True,True,True
CCI,2025,True,True,True,True,True,True,True
CCL,2011,True,True,True,True,True,True,True
CCL,2012,True,True,True,True,True,True,True
CCL,2013,True,True,True,True,True,True,True
CCL,2014,True,True,True,True,True,True,True
CCL,2017,True,True,True,True,True,True,True
CCL,2019,True,True,True,True,True,True,True
CCL,2020,True,True,True,True,True,True,True
CCL,2021,True,True,True,True,True,True,True
CCL,2024,True,True,True,True,True,True,True
CCL,2025,True,True,True,True,True,True,True
CCM,2010,True,True,True,True,True,True,True
CCM,2012,True,True,True,True,True,True,True
CCM,2013,True,True,True,True,True,True,True
CCM,2014,True,True,True,True,True,True,True
CCM,2015,True,True,True,True,True,True,True
CCM,2016,True,True,True,True,True,True,True
CCM,2018,True,True,True,True,True,True,True
CCM,2019,True,True,True,True,True,True,True
CCM,2020,True,True,True,True,True,True,True
CCM,2021,True,True,True,True,True,True,True
CCM,2022,True,True,True,True,True,True,True
CCM,2023,True,True,True,True,True,True,True
CCM,2024,True,True,True,True,True,True,True
CCM,2025,True,True,True,True,True,True,True
CCP,2010,True,True,True,True,True,True,True
CCP,2011,True,True,True,True,True,True,True
CCP,2012,True,True,True,True,True,True,True
CCP,2013,True,True,True,True,True,True,True
CCP,2014,True,True,True,True,True,True,True
CCP,2015,True,True,True,True,True,True,True
CCP,2016,True,True,True,True,True,True,True
CCP,2017,True,True,True,True,True,True,True
CCP,2018,True,True,True,True,True,True,True
CCP,2019,True,True,True,True,True,True,True
CCP,2020,True,True,True,True,True,True,True
CCP,2021,True,True,True,True,True,True,True
CCP,2022,True,True,True,True,True,True,True
CCP,2023,True,True,True,True,True,True,True
CCP,2024,True,True,True,True,True,True,True
CCP,2025,True,True,True,True,True,True,True
CCR,2013,True,True,True,True,True,True,True
CCR,2014,True,True,True,True,True,True,True
CCR,2016,True,True,True,True,True,True,True
CCR,2017,True,True,True,True,True,True,True
CCR,2018,True,True,True,True,True,True,True
CCR,2019,True,True,True,True,True,True,True
CCR,2020,True,True,True,True,True,True,True
CCR,2021,True,True,True,True,True,True,True
CCR,2022,True,True,True,True,True,True,True
CCR,2023,True,True,True,True,True,True,True
CCR,2024,True,True,True,True,True,True,True
CCR,2025,True,True,True,True,True,True,True
CCT,2016,True,True,True,True,True,True,True
CCT,2017,True,True,True,True,True,True,True
CCT,2018,True,True,True,True,True,True,True
CCT,2019,True,True,True,True,True,True,True
CCT,2020,True,True,True,True,True,True,True
CCT,2021,True,True,True,True,True,True,True
CCT,2022,True,True,True,True,True,True,True
CCT,2023,True,True,True,True,True,True,True
CCT,2024,True,True,True,True,True,True,True
CCT,2025,True,True,True,True,True,True,True
CCV,2014,True,True,True,True,True,True,True
CCV,2015,True,True,True,True,True,True,True
CCV,2016,True,True,True,True,True,True,True
CCV,2017,True,True,True,True,True,True,True
CCV,2018,True,True,True,True,True,True,True
CCV,2019,True,True,True,True,True,True,True
CCV,2020,True,True,True,True,True,True,True
CCV,2021,True,True,True,True,True,True,True
CCV,2023,True,True,True,True,True,True,True
CCV,2024,True,True,True,True,True,True,True
CCV,2025,True,True,True,True,True,True,True
CDC,2009,True,True,True,True,True,True,True
CDC,2011,True,True,True,True,True,True,True
CDC,2012,True,True,True,True,True,True,True
CDC,2013,True,True,True,True,True,True,True
CDC,2014,True,True,True,True,True,True,True
CDC,2015,True,True,True,True,True,True,True
CDC,2016,True,True,True,True,True,True,True
CDC,2017,True,True,True,True,True,True,True
CDC,2018,True,True,True,True,True,True,True
CDC,2019,True,True,True,True,True,True,True
CDC,2020,True,True,True,True,True,True,True
CDC,2021,True,True,True,True,True,True,True
CDC,2022,True,True,True,True,True,True,True
CDC,2023,True,True,True,True,True,True,True
CDC,2024,True,True,True,True,True,True,True
CDC,2025,True,True,True,True,True,True,True
CDG,2014,True,True,True,True,True,True,True
CDG,2015,True,True,True,True,True,True,True
CDG,2016,True,True,True,True,True,True,True
CDG,2017,True,True,True,True,True,True,True
CDG,2018,True,True,True,True,True,True,True
CDG,2019,True,True,True,True,True,True,True
CDG,2020,True,True,True,True,True,True,True
CDG,2021,True,True,True,True,True,True,True
CDG,2022,True,True,True,True,True,True,True
CDG,2023,True,True,True,True,True,True,True
CDG,2024,True,True,True,True,True,True,True
CDG,2025,True,True,True,True,True,True,True
CDH,2015,True,True,True,True,True,True,True
CDH,2016,True,True,True,True,True,True,True
CDH,2017,True,True,True,True,True,True,True
CDH,2018,True,True,True,True,True,True,True
CDH,2019,True,True,True,True,True,True,True
CDH,2020,True,True,True,True,True,True,True
CDH,2021,True,True,True,True,True,True,True
CDH,2022,True,True,True,True,True,True,True
CDH,2023,True,True,True,True,True,True,True
CDH,2024,True,True,True,True,True,True,True
CDN,2015,True,True,True,True,True,True,True
CDN,2016,True,True,True,True,True,True,True
CDN,2017,True,True,True,True,True,True,True
CDN,2018,True,True,True,True,True,True,True
CDN,2019,True,True,True,True,True,True,True
CDN,2020,True,True,True,True,True,True,True
CDN,2021,True,True,True,True,True,True,True
CDN,2022,True,True,True,True,True,True,True
CDN,2023,True,True,True,True,True,True,True
CDN,2024,True,True,True,True,True,True,True
CDN,2025,True,True,True,True,True,True,True
CDO,2011,True,True,True,True,True,True,True
CDO,2012,True,True,True,True,True,True,True
CDO,2013,True,True,True,True,True,True,True
CDO,2014,True,True,True,True,True,True,True
CDO,2015,True,True,True,True,True,True,True
CDO,2016,True,True,True,True,True,True,True
CDO,2017,True,True,True,True,True,True,True
CDO,2018,True,True,True,True,True,True,True
CDO,2019,True,True,True,True,True,True,True
CDO,2020,True,True,True,True,True,True,True
CDO,2021,True,True,True,True,True,True,True
CDO,2022,True,True,True,True,True,True,True
CDO,2023,True,True,True,True,True,True,True
CDO,2024,True,True,True,True,True,True,True
CDO,2025,True,True,True,True,True,True,True
CDP,2016,True,True,True,True,True,True,True
CDP,2017,True,True,True,True,True,True,True
CDP,2018,True,True,True,True,True,True,True
CDP,2019,True,True,True,True,True,True,True
CDP,2020,True,True,True,True,True,True,True
CDP,2021,True,True,True,True,True,True,True
CDP,2022,True,True,True,True,True,True,True
CDP,2023,True,True,True,True,True,True,True
CDP,2024,True,True,True,True,True,True,True
CDP,2025,True,True,True,True,True,True,True
CDR,2015,True,True,True,True,True,True,True
CDR,2016,True,True,True,True,True,True,True
CDR,2017,True,True,True,True,True,True,True
CDR,2018,True,True,True,True,True,True,True
CDR,2019,True,True,True,True,True,True,True
CDR,2020,True,True,True,True,True,True,True
CDR,2021,True,True,True,True,True,True,True
CDR,2022,True,True,True,True,True,True,True
CDR,2023,True,True,True,True,True,True,True
CDR,2024,True,True,True,True,True,True,True
CDR,2025,True,True,True,True,True,True,True
CE1,2015,True,True,True,True,True,True,True
CE1,2017,True,True,True,True,True,True,True
CE1,2018,True,True,True,True,True,True,True
CE1,2019,True,True,True,True,True,True,True
CE1,2020,True,True,True,True,True,True,True
CE1,2021,True,True,True,True,True,True,True
CE1,2022,True,True,True,True,True,True,True
CE1,2023,True,True,True,True,True,True,True
CEC,2011,True,True,True,True,True,True,True
CEC,2012,True,True,True,True,True,True,True
CEC,2013,True,True,True,True,True,True,True
CEC,2014,True,True,True,True,True,True,True
CEC,2015,True,True,True,True,True,True,True
CEC,2016,True,True,True,True,True,True,True
CEC,2017,True,True,True,True,True,True,True
CEC,2018,True,True,True,True,True,True,True
CEC,2019,True,True,True,True,True,True,True
CEC,2020,True,True,True,True,True,True,True
CEE,2016,True,True,True,True,True,True,True
CEE,2017,True,True,True,True,True,True,True
CEE,2018,True,True,True,True,True,True,True
CEE,2019,True,True,True,True,True,True,True
CEE,2020,True,True,True,True,True,True,True
CEE,2021,True,True,True,True,True,True,True
CEG,2013,True,True,True,True,True,True,True
CEG,2014,True,True,True,True,True,True,True
CEG,2015,True,True,True,True,True,True,True
CEG,2016,True,True,True,True,True,True,True
CEG,2017,True,True,True,True,True,True,True
CEG,2018,True,True,True,True,True,True,True
CEG,2019,True,True,True,True,True,True,True
CEG,2020,True,True,True,True,True,True,True
CEG,2021,True,True,True,True,True,True,True
CEG,2022,True,True,True,True,True,True,True
CEG,2023,True,True,True,True,True,True,True
CEN,2016,True,True,True,True,True,True,True
CEN,2017,True,True,True,True,True,True,True
CEN,2018,True,True,True,True,True,True,True
CEN,2019,True,True,True,True,True,True,True
CEN,2020,True,True,True,True,True,True,True
CEN,2021,True,True,True,True,True,True,True
CEN,2022,True,True,True,True,True,True,True
CEN,2023,True,True,True,True,True,True,True
CEN,2024,True,True,True,True,True,True,True
CEN,2025,True,True,True,True,True,True,True
CEO,2013,True,True,True,True,True,True,True
CEO,2014,True,True,True,True,True,True,True
CEO,2016,True,True,True,True,True,True,True
CEO,2017,True,True,True,True,True,True,True
CEO,2018,True,True,True,True,True,True,True
CEO,2019,True,True,True,True,True,True,True
CEO,2020,True,True,True,True,True,True,True
CEO,2021,True,True,True,True,True,True,True
CEO,2022,True,True,True,True,True,True,True
CEO,2023,True,True,True,True,True,True,True
CEO,2024,True,True,True,True,True,True,True
CEO,2025,True,True,True,True,True,True,True
CER,2010,True,True,True,True,True,True,True
CER,2016,True,True,True,True,True,True,True
CER,2017,True,True,True,True,True,True,True
CER,2018,True,True,True,True,True,True,True
CET,2015,True,True,True,True,True,True,True
CET,2016,True,True,True,True,True,True,True
CET,2017,True,True,True,True,True,True,True
CET,2018,True,True,True,True,True,True,True
CET,2019,True,True,True,True,True,True,True
CET,2020,True,True,True,True,True,True,True
CET,2021,True,True,True,True,True,True,True
CET,2022,True,True,True,True,True,True,True
CET,2023,True,True,True,True,True,True,True
CET,2024,True,True,True,True,True,True,True
CET,2025,True,True,True,True,True,True,True
CFC,2010,True,True,True,True,True,True,True
CFC,2012,True,True,True,True,True,True,True
CFC,2013,True,True,True,True,True,True,True
CFC,2014,True,True,True,True,True,True,True
CFC,2015,True,True,True,True,True,True,True
CFC,2016,True,True,True,True,True,True,True
CFC,2017,True,True,True,True,True,True,True
CFC,2018,True,True,True,True,True,True,True
CFC,2019,True,True,True,True,True,True,True
CFC,2020,True,True,True,True,True,True,True
CFM,2019,True,True,True,True,True,True,True
CFM,2020,True,True,True,True,True,True,True
CFM,2021,True,True,True,True,True,True,True
CFM,2022,True,True,True,True,True,True,True
CFM,2023,True,True,True,True,True,True,True
CFM,2024,True,True,True,True,True,True,True
CFM,2025,True,True,True,True,True,True,True
CFV,2016,True,True,True,True,True,True,True
CFV,2017,True,True,True,True,True,True,True
CFV,2020,True,True,True,True,True,True,True
CFV,2021,True,True,True,True,True,True,True
CFV,2022,True,True,True,True,True,True,True
CFV,2023,True,True,True,True,True,True,True
CFV,2024,True,True,True,True,True,True,True
CFV,2025,True,True,True,True,True,True,True
CGL,2016,True,True,True,True,True,True,True
CGL,2017,True,True,True,True,True,True,True
CGL,2018,True,True,True,True,True,True,True
CGL,2019,True,True,True,True,True,True,True
CGL,2020,True,True,True,True,True,True,True
CGL,2021,True,True,True,True,True,True,True
CGP,2012,True,True,True,True,True,True,True
CGP,2013,True,True,True,True,True,True,True
CGP,2014,True,True,True,True,True,True,True
CGP,2015,True,True,True,True,True,True,True
CGP,2016,True,True,True,True,True,True,True
CGP,2017,True,True,True,True,True,True,True
CGP,2018,True,True,True,True,True,True,True
CGV,2015,True,True,True,True,True,True,True
CGV,2016,True,True,True,True,True,True,True
CGV,2017,True,True,True,True,True,True,True
CGV,2018,True,True,True,True,True,True,True
CGV,2019,True,True,True,True,True,True,True
CGV,2020,True,True,True,True,True,True,True
CGV,2021,True,True,True,True,True,True,True
CGV,2022,True,True,True,True,True,True,True
CGV,2023,True,True,True,True,True,True,True
CGV,2024,True,True,True,True,True,True,True
CGV,2025,True,True,True,True,True,True,True
CH5,2010,True,True,True,True,True,True,True
CH5,2012,True,True,True,True,True,True,True
CH5,2013,True,True,True,True,True,True,True
CH5,2017,True,True,True,True,True,True,True
CH5,2018,True,True,True,True,True,True,True
CH5,2019,True,True,True,True,True,True,True
CH5,2020,True,True,True,True,True,True,True
CH5,2021,True,True,True,True,True,True,True
CH5,2022,True,True,True,True,True,True,True
CH5,2023,True,True,True,True,True,True,True
CH5,2024,True,True,True,True,True,True,True
CH5,2025,True,True,True,True,True,True,True
CHC,2010,True,True,True,True,True,True,True
CHC,2011,True,True,True,True,True,True,True
CHC,2012,True,True,True,True,True,True,True
CHC,2014,True,True,True,True,True,True,True
CHC,2015,True,True,True,True,True,True,True
CHC,2016,True,True,True,True,True,True,True
CHC,2017,True,True,True,True,True,True,True
CHC,2018,True,True,True,True,True,True,True
CHC,2019,True,True,True,True,True,True,True
CHC,2020,True,True,True,True,True,True,True
CHC,2021,True,True,True,True,True,True,True
CHC,2022,True,True,True,True,True,True,True
CHC,2023,True,True,True,True,True,True,True
CHC,2024,True,True,True,True,True,True,True
CHC,2025,True,True,True,True,True,True,True
CHP,2011,True,True,True,True,True,True,True
CHP,2012,True,True,True,True,True,True,True
CHP,2013,True,True,True,True,True,True,True
CHP,2014,True,True,True,True,True,True,True
CHP,2015,True,True,True,True,True,True,True
CHP,2016,True,True,True,True,True,True,True
CHP,2017,True,True,True,True,True,True,True
CHP,2018,True,True,True,True,True,True,True
CHP,2019,True,True,True,True,True,True,True
CHP,2020,True,True,True,True,True,True,True
CHP,2021,True,True,True,True,True,True,True
CHP,2022,True,True,True,True,True,True,True
CHP,2023,True,True,True,True,True,True,True
CHP,2024,True,True,True,True,True,True,True
CHP,2025,True,True,True,True,True,True,True
CHS,2013,True,True,True,True,True,True,True
CHS,2014,True,True,True,True,True,True,True
CHS,2017,True,True,True,True,True,True,True
CHS,2018,True,True,True,True,True,True,True
CHS,2019,True,True,True,True,True,True,True
CHS,2020,True,True,True,True,True,True,True
CHS,2021,True,True,True,True,True,True,True
CHS,2022,True,True,True,True,True,True,True
CHS,2023,True,True,True,True,True,True,True
CHS,2024,True,True,True,True,True,True,True
CHS,2025,True,True,True,True,True,True,True
CI5,2010,True,True,True,True,True,True,True
CI5,2011,True,True,True,True,True,True,True
CI5,2012,True,True,True,True,True,True,True
CI5,2013,True,True,True,True,True,True,True
CI5,2014,True,True,True,True,True,True,True
CI5,2015,True,True,True,True,True,True,True
CI5,2016,True,True,True,True,True,True,True
CI5,2017,True,True,True,True,True,True,True
CI5,2018,True,True,True,True,True,True,True
CI5,2019,True,True,True,True,True,True,True
CI5,2020,True,True,True,True,True,True,True
CI5,2021,True,True,True,True,True,True,True
CI5,2022,True,True,True,True,True,True,True
CI5,2023,True,True,True,True,True,True,True
CI5,2024,True,True,True,True,True,True,True
CI5,2025,True,True,True,True,True,True,True
CIA,2013,True,True,True,True,True,True,True
CIA,2014,True,True,True,True,True,True,True
CIA,2015,True,True,True,True,True,True,True
CIA,2017,True,True,True,True,True,True,True
CIA,2018,True,True,True,True,True,True,True
CIA,2019,True,True,True,True,True,True,True
CIA,2020,True,True,True,True,True,True,True
CIA,2021,True,True,True,True,True,True,True
CIA,2022,True,True,True,True,True,True,True
CIA,2023,True,True,True,True,True,True,True
CIA,2024,True,True,True,True,True,True,True
CIA,2025,True,True,True,True,True,True,True
CIC,2011,True,True,True,True,True,True,True
CID,2010,True,True,True,True,True,True,True
CID,2011,True,True,True,True,True,True,True
CID,2012,True,True,True,True,True,True,True
CID,2013,True,True,True,True,True,True,True
CID,2014,True,True,True,True,True,True,True
CID,2015,True,True,True,True,True,True,True
CID,2016,True,True,True,True,True,True,True
CID,2017,True,True,True,True,True,True,True
CID,2018,True,True,True,True,True,True,True
CID,2024,True,True,True,True,True,True,True
CID,2025,True,True,True,True,True,True,True
CIG,2012,True,True,True,True,True,True,True
CIG,2013,True,True,True,True,True,True,True
CIG,2014,True,True,True,True,True,True,True
CIG,2015,True,True,True,True,True,True,True
CIG,2016,True,True,True,True,True,True,True
CIG,2017,True,True,True,True,True,True,True
CIG,2018,True,True,True,True,True,True,True
CIG,2019,True,True,True,True,True,True,True
CIG,2020,True,True,True,True,True,True,True
CIG,2021,True,True,True,True,True,True,True
CIG,2022,True,True,True,True,True,True,True
CIG,2023,True,True,True,True,True,True,True
CIG,2024,True,True,True,True,True,True,True
CIG,2025,True,True,True,True,True,True,True
CII,2011,True,True,True,True,True,True,True
CII,2016,True,True,True,True,True,True,True
CII,2017,True,True,True,True,True,True,True
CII,2018,True,True,True,True,True,True,True
CII,2019,True,True,True,True,True,True,True
CII,2020,True,True,True,True,True,True,True
CII,2021,True,True,True,True,True,True,True
CII,2022,True,True,True,True,True,True,True
CII,2023,True,True,True,True,True,True,True
CII,2024,True,True,True,True,True,True,True
CII,2025,True,True,True,True,True,True,True
CIP,2015,True,True,True,True,True,True,True
CIP,2016,True,True,True,True,True,True,True
CIP,2017,True,True,True,True,True,True,True
CIP,2018,True,True,True,True,True,True,True
CIP,2019,True,True,True,True,True,True,True
CIP,2020,True,True,True,True,True,True,True
CIP,2021,True,True,True,True,True,True,True
CIP,2022,True,True,True,True,True,True,True
CIP,2023,True,True,True,True,True,True,True
CIP,2024,True,True,True,True,True,True,True
CIP,2025,True,True,True,True,True,True,True
CJC,2010,True,True,True,True,True,True,True
CJC,2011,True,True,True,True,True,True,True
CJC,2012,True,True,True,True,True,True,True
CJC,2013,True,True,True,True,True,True,True
CJC,2014,True,True,True,True,True,True,True
CJC,2015,True,True,True,True,True,True,True
CJC,2016,True,True,True,True,True,True,True
CJC,2018,True,True,True,True,True,True,True
CJC,2019,True,True,True,True,True,True,True
CJC,2020,True,True,True,True,True,True,True
CJC,2021,True,True,True,True,True,True,True
CJC,2022,True,True,True,True,True,True,True
CJC,2024,True,True,True,True,True,True,True
CJC,2025,True,True,True,True,True,True,True
CK8,2018,True,True,True,True,True,True,True
CK8,2019,True,True,True,True,True,True,True
CK8,2020,True,True,True,True,True,True,True
CK8,2021,True,True,True,True,True,True,True
CK8,2022,True,True,True,True,True,True,True
CK8,2023,True,True,True,True,True,True,True
CK8,2024,True,True,True,True,True,True,True
CK8,2025,True,True,True,True,True,True,True
CKA,2016,True,True,True,True,True,True,True
CKA,2017,True,True,True,True,True,True,True
CKA,2018,True,True,True,True,True,True,True
CKA,2019,True,True,True,True,True,True,True
CKA,2020,True,True,True,True,True,True,True
CKA,2021,True,True,True,True,True,True,True
CKA,2022,True,True,True,True,True,True,True
CKA,2023,True,True,True,True,True,True,True
CKA,2024,True,True,True,True,True,True,True
CKA,2025,True,True,True,True,True,True,True
CKD,2015,True,True,True,True,True,True,True
CKD,2016,True,True,True,True,True,True,True
CKD,2017,True,True,True,True,True,True,True
CKD,2018,True,True,True,True,True,True,True
CKD,2019,True,True,True,True,True,True,True
CKD,2020,True,True,True,True,True,True,True
CKD,2021,True,True,True,True,True,True,True
CKD,2022,True,True,True,True,True,True,True
CKD,2023,True,True,True,True,True,True,True
CKD,2024,True,True,True,True,True,True,True
CKD,2025,True,True,True,True,True,True,True
CKG,2009,True,True,True,True,True,True,True
CKG,2010,True,True,True,True,True,True,True
CKG,2011,True,True,True,True,True,True,True
CKG,2012,True,True,True,True,True,True,True
CKG,2013,True,True,True,True,True,True,True
CKG,2014,True,True,True,True,True,True,True
CKG,2015,True,True,True,True,True,True,True
CKG,2016,True,True,True,True,True,True,True
CKG,2017,True,True,True,True,True,True,True
CKG,2019,True,True,True,True,True,True,True
CKG,2020,True,True,True,True,True,True,True
CKG,2021,True,True,True,True,True,True,True
CKG,2022,True,True,True,True,True,True,True
CKG,2023,True,True,True,True,True,True,True
CKG,2024,True,True,True,True,True,True,True
CKG,2025,True,True,True,True,True,True,True
CKH,2011,True,True,True,True,True,True,True
CKH,2012,True,True,True,True,True,True,True
CKH,2013,True,True,True,True,True,True,True
CKH,2014,True,True,True,True,True,True,True
CKH,2015,True,True,True,True,True,True,True
CKH,2016,True,True,True,True,True,True,True
CKH,2017,True,True,True,True,True,True,True
CKH,2018,True,True,True,True,True,True,True
CKH,2019,True,True,True,True,True,True,True
CKH,2020,True,True,True,True,True,True,True
CKH,2021,True,True,True,True,True,True,True
CKV,2010,True,True,True,True,True,True,True
CKV,2011,True,True,True,True,True,True,True
CKV,2012,True,True,True,True,True,True,True
CKV,2013,True,True,True,True,True,True,True
CKV,2014,True,True,True,True,True,True,True
CKV,2015,True,True,True,True,True,True,True
CKV,2016,True,True,True,True,True,True,True
CKV,2017,True,True,True,True,True,True,True
CKV,2018,True,True,True,True,True,True,True
CKV,2019,True,True,True,True,True,True,True
CKV,2020,True,True,True,True,True,True,True
CKV,2021,True,True,True,True,True,True,True
CKV,2022,True,True,True,True,True,True,True
CKV,2023,True,True,True,True,True,True,True
CKV,2024,True,True,True,True,True,True,True
CKV,2025,True,True,True,True,True,True,True
CLC,2009,True,True,True,True,True,True,True
CLC,2010,True,True,True,True,True,True,True
CLC,2011,True,True,True,True,True,True,True
CLC,2012,True,True,True,True,True,True,True
CLC,2013,True,True,True,True,True,True,True
CLC,2014,True,True,True,True,True,True,True
CLC,2015,True,True,True,True,True,True,True
CLC,2016,True,True,True,True,True,True,True
CLC,2018,True,True,True,True,True,True,True
CLC,2019,True,True,True,True,True,True,True
CLC,2020,True,True,True,True,True,True,True
CLC,2021,True,True,True,True,True,True,True
CLC,2022,True,True,True,True,True,True,True
CLC,2023,True,True,True,True,True,True,True
CLC,2024,True,True,True,True,True,True,True
CLC,2025,True,True,True,True,True,True,True
CLG,2009,True,True,True,True,True,True,True
CLG,2010,True,True,True,True,True,True,True
CLG,2011,True,True,True,True,True,True,True
CLG,2012,True,True,True,True,True,True,True
CLG,2013,True,True,True,True,True,True,True
CLG,2014,True,True,True,True,True,True,True
CLG,2015,True,True,True,True,True,True,True
CLG,2016,True,True,True,True,True,True,True
CLG,2017,True,True,True,True,True,True,True
CLG,2018,True,True,True,True,True,True,True
CLG,2019,True,True,True,True,True,True,True
CLH,2009,True,True,True,True,True,True,True
CLH,2010,True,True,True,True,True,True,True
CLH,2011,True,True,True,True,True,True,True
CLH,2012,True,True,True,True,True,True,True
CLH,2013,True,True,True,True,True,True,True
CLH,2014,True,True,True,True,True,True,True
CLH,2015,True,True,True,True,True,True,True
CLH,2016,True,True,True,True,True,True,True
CLH,2017,True,True,True,True,True,True,True
CLH,2018,True,True,True,True,True,True,True
CLH,2019,True,True,True,True,True,True,True
CLH,2020,True,True,True,True,True,True,True
CLH,2021,True,True,True,True,True,True,True
CLH,2022,True,True,True,True,True,True,True
CLH,2023,True,True,True,True,True,True,True
CLH,2024,True,True,True,True,True,True,True
CLH,2025,True,True,True,True,True,True,True
CLL,2009,True,True,True,True,True,True,True
CLL,2010,True,True,True,True,True,True,True
CLL,2011,True,True,True,True,True,True,True
CLL,2012,True,True,True,True,True,True,True
CLL,2013,True,True,True,True,True,True,True
CLL,2014,True,True,True,True,True,True,True
CLL,2015,True,True,True,True,True,True,True
CLL,2016,True,True,True,True,True,True,True
CLL,2017,True,True,True,True,True,True,True
CLL,2018,True,True,True,True,True,True,True
CLL,2019,True,True,True,True,True,True,True
CLL,2020,True,True,True,True,True,True,True
CLL,2021,True,True,True,True,True,True,True
CLL,2022,True,True,True,True,True,True,True
CLL,2023,True,True,True,True,True,True,True
CLL,2024,True,True,True,True,True,True,True
CLL,2025,True,True,True,True,True,True,True
CLM,2009,True,True,True,True,True,True,True
CLM,2010,True,True,True,True,True,True,True
CLM,2011,True,True,True,True,True,True,True
CLM,2012,True,True,True,True,True,True,True
CLM,2013,True,True,True,True,True,True,True
CLM,2014,True,True,True,True,True,True,True
CLM,2015,True,True,True,True,True,True,True
CLM,2016,True,True,True,True,True,True,True
CLM,2017,True,True,True,True,True,True,True
CLM,2018,True,True,True,True,True,True,True
CLM,2019,True,True,True,True,True,True,True
CLM,2020,True,True,True,True,True,True,True
CLM,2021,True,True,True,True,True,True,True
CLM,2022,True,True,True,True,True,True,True
CLM,2023,True,True,True,True,True,True,True
CLM,2024,True,True,True,True,True,True,True
CLM,2025,True,True,True,True,True,True,True
CLP,2011,True,True,True,True,True,True,True
CLP,2012,True,True,True,True,True,True,True
CLP,2013,True,True,True,True,True,True,True
CLP,2019,True,True,True,True,True,True,True
CLP,2020,True,True,True,True,True,True,True
CLP,2021,True,True,True,True,True,True,True
CLW,2009,True,True,True,True,True,True,True
CLW,2010,True,True,True,True,True,True,True
CLW,2011,True,True,True,True,True,True,True
CLW,2012,True,True,True,True,True,True,True
CLW,2013,True,True,True,True,True,True,True
CLW,2014,True,True,True,True,True,True,True
CLW,2015,True,True,True,True,True,True,True
CLW,2016,True,True,True,True,True,True,True
CLW,2017,True,True,True,True,True,True,True
CLW,2018,True,True,True,True,True,True,True
CLW,2019,True,True,True,True,True,True,True
CLW,2020,True,True,True,True,True,True,True
CLW,2021,True,True,True,True,True,True,True
CLW,2022,True,True,True,True,True,True,True
CLW,2023,True,True,True,True,True,True,True
CLW,2024,True,True,True,True,True,True,True
CLW,2025,True,True,True,True,True,True,True
CLX,2017,True,True,True,True,True,True,True
CLX,2018,True,True,True,True,True,True,True
CLX,2019,True,True,True,True,True,True,True
CLX,2020,True,True,True,True,True,True,True
CLX,2021,True,True,True,True,True,True,True
CLX,2022,True,True,True,True,True,True,True
CLX,2023,True,True,True,True,True,True,True
CLX,2024,True,True,True,True,True,True,True
CLX,2025,True,True,True,True,True,True,True
CMC,2010,True,True,True,True,True,True,True
CMC,2012,True,True,True,True,True,True,True
CMC,2013,True,True,True,True,True,True,True
CMC,2014,True,True,True,True,True,True,True
CMC,2015,True,True,True,True,True,True,True
CMC,2016,True,True,True,True,True,True,True
CMC,2017,True,True,True,True,True,True,True
CMC,2018,True,True,True,True,True,True,True
CMC,2019,True,True,True,True,True,True,True
CMC,2020,True,True,True,True,True,True,True
CMC,2021,True,True,True,True,True,True,True
CMC,2022,True,True,True,True,True,True,True
CMC,2023,True,True,True,True,True,True,True
CMC,2024,True,True,True,True,True,True,True
CMD,2016,True,True,True,True,True,True,True
CMD,2017,True,True,True,True,True,True,True
CMD,2018,True,True,True,True,True,True,True
CMD,2019,True,True,True,True,True,True,True
CMD,2020,True,True,True,True,True,True,True
CMD,2021,True,True,True,True,True,True,True
CMD,2022,True,True,True,True,True,True,True
CMD,2023,True,True,True,True,True,True,True
CMD,2024,True,True,True,True,True,True,True
CMD,2025,True,True,True,True,True,True,True
CMF,2013,True,True,True,True,True,True,True
CMF,2014,True,True,True,True,True,True,True
CMF,2015,True,True,True,True,True,True,True
CMF,2016,True,True,True,True,True,True,True
CMF,2017,True,True,True,True,True,True,True
CMF,2018,True,True,True,True,True,True,True
CMF,2019,True,True,True,True,True,True,True
CMF,2020,True,True,True,True,True,True,True
CMF,2021,True,True,True,True,True,True,True
CMF,2022,True,True,True,True,True,True,True
CMF,2023,True,True,True,True,True,True,True
CMF,2024,True,True,True,True,True,True,True
CMF,2025,True,True,True,True,True,True,True
CMG,2014,True,True,True,True,True,True,True
CMG,2017,True,True,True,True,True,True,True
CMG,2018,True,True,True,True,True,True,True
CMG,2023,True,True,True,True,True,True,True
CMG,2025,True,True,True,True,True,True,True
CMI,2009,True,True,True,True,True,True,True
CMI,2010,True,True,True,True,True,True,True
CMI,2011,True,True,True,True,True,True,True
CMI,2012,True,True,True,True,True,True,True
CMI,2013,True,True,True,True,True,True,True
CMI,2014,True,True,True,True,True,True,True
CMI,2015,True,True,True,True,True,True,True
CMI,2016,True,True,True,True,True,True,True
CMI,2017,True,True,True,True,True,True,True
CMI,2018,True,True,True,True,True,True,True
CMI,2019,True,True,True,True,True,True,True
CMI,2020,True,True,True,True,True,True,True
CMI,2021,True,True,True,True,True,True,True
CMI,2022,True,True,True,True,True,True,True
CMI,2023,True,True,True,True,True,True,True
CMI,2024,True,True,True,True,True,True,True
CMI,2025,True,True,True,True,True,True,True
CMK,2011,True,True,True,True,True,True,True
CMK,2012,True,True,True,True,True,True,True
CMK,2013,True,True,True,True,True,True,True
CMK,2014,True,True,True,True,True,True,True
CMK,2015,True,True,True,True,True,True,True
CMK,2016,True,True,True,True,True,True,True
CMK,2017,True,True,True,True,True,True,True
CMK,2018,True,True,True,True,True,True,True
CMK,2019,True,True,True,True,True,True,True
CMK,2020,True,True,True,True,True,True,True
CMK,2021,True,True,True,True,True,True,True
CMK,2022,True,True,True,True,True,True,True
CMK,2023,True,True,True,True,True,True,True
CMK,2024,True,True,True,True,True,True,True
CMK,2025,True,True,True,True,True,True,True
CMM,2020,True,True,True,True,True,True,True
CMM,2022,True,True,True,True,True,True,True
CMM,2023,True,True,True,True,True,True,True
CMM,2024,True,True,True,True,True,True,True
CMM,2025,True,True,True,True,True,True,True
CMN,2013,True,True,True,True,True,True,True
CMN,2014,True,True,True,True,True,True,True
CMN,2015,True,True,True,True,True,True,True
CMN,2016,True,True,True,True,True,True,True
CMN,2017,True,True,True,True,True,True,True
CMN,2018,True,True,True,True,True,True,True
CMN,2019,True,True,True,True,True,True,True
CMN,2020,True,True,True,True,True,True,True
CMN,2021,True,True,True,True,True,True,True
CMN,2022,True,True,True,True,True,True,True
CMN,2023,True,True,True,True,True,True,True
CMN,2024,True,True,True,True,True,True,True
CMP,2015,True,True,True,True,True,True,True
CMP,2016,True,True,True,True,True,True,True
CMP,2017,True,True,True,True,True,True,True
CMP,2018,True,True,True,True,True,True,True
CMP,2019,True,True,True,True,True,True,True
CMP,2020,True,True,True,True,True,True,True
CMP,2021,True,True,True,True,True,True,True
CMP,2022,True,True,True,True,True,True,True
CMP,2023,True,True,True,True,True,True,True
CMP,2024,True,True,True,True,True,True,True
CMP,2025,True,True,True,True,True,True,True
CMS,2009,True,True,True,True,True,True,True
CMS,2010,True,True,True,True,True,True,True
CMS,2012,True,True,True,True,True,True,True
CMS,2013,True,True,True,True,True,True,True
CMS,2014,True,True,True,True,True,True,True
CMS,2015,True,True,True,True,True,True,True
CMS,2016,True,True,True,True,True,True,True
CMS,2017,True,True,True,True,True,True,True
CMS,2018,True,True,True,True,True,True,True
CMS,2019,True,True,True,True,True,True,True
CMS,2020,True,True,True,True,True,True,True
CMS,2021,True,True,True,True,True,True,True
CMS,2022,True,True,True,True,True,True,True
CMS,2023,True,True,True,True,True,True,True
CMS,2024,True,True,True,True,True,True,True
CMS,2025,True,True,True,True,True,True,True
CMT,2010,True,True,True,True,True,True,True
CMT,2011,True,True,True,True,True,True,True
CMT,2012,True,True,True,True,True,True,True
CMT,2013,True,True,True,True,True,True,True
CMT,2014,True,True,True,True,True,True,True
CMT,2015,True,True,True,True,True,True,True
CMT,2016,True,True,True,True,True,True,True
CMT,2017,True,True,True,True,True,True,True
CMT,2018,True,True,True,True,True,True,True
CMT,2019,True,True,True,True,True,True,True
CMT,2020,True,True,True,True,True,True,True
CMT,2021,True,True,True,True,True,True,True
CMT,2022,True,True,True,True,True,True,True
CMT,2023,True,True,True,True,True,True,True
CMT,2024,True,True,True,True,True,True,True
CMT,2025,True,True,True,True,True,True,True
CMV,2009,True,True,True,True,True,True,True
CMV,2010,True,True,True,True,True,True,True
CMV,2011,True,True,True,True,True,True,True
CMV,2012,True,True,True,True,True,True,True
CMV,2013,True,True,True,True,True,True,True
CMV,2014,True,True,True,True,True,True,True
CMV,2015,True,True,True,True,True,True,True
CMV,2016,True,True,True,True,True,True,True
CMV,2017,True,True,True,True,True,True,True
CMV,2018,True,True,True,True,True,True,True
CMV,2019,True,True,True,True,True,True,True
CMV,2020,True,True,True,True,True,True,True
CMV,2021,True,True,True,True,True,True,True
CMV,2022,True,True,True,True,True,True,True
CMV,2023,True,True,True,True,True,True,True
CMV,2024,True,True,True,True,True,True,True
CMV,2025,True,True,True,True,True,True,True
CMW,2017,True,True,True,True,True,True,True
CMW,2018,True,True,True,True,True,True,True
CMW,2019,True,True,True,True,True,True,True
CMW,2020,True,True,True,True,True,True,True
CMW,2021,True,True,True,True,True,True,True
CMW,2023,True,True,True,True,True,True,True
CMW,2024,True,True,True,True,True,True,True
CMW,2025,True,True,True,True,True,True,True
CMX,2009,True,True,True,True,True,True,True
CMX,2010,True,True,True,True,True,True,True
CMX,2011,True,True,True,True,True,True,True
CMX,2012,True,True,True,True,True,True,True
CMX,2013,True,True,True,True,True,True,True
CMX,2014,True,True,True,True,True,True,True
CMX,2015,True,True,True,True,True,True,True
CMX,2016,True,True,True,True,True,True,True
CMX,2017,True,True,True,True,True,True,True
CMX,2018,True,True,True,True,True,True,True
CMX,2019,True,True,True,True,True,True,True
CMX,2020,True,True,True,True,True,True,True
CMX,2021,True,True,True,True,True,True,True
CMX,2022,True,True,True,True,True,True,True
CMX,2023,True,True,True,True,True,True,True
CMX,2024,True,True,True,True,True,True,True
CMX,2025,True,True,True,True,True,True,True
CNA,2018,True,True,True,True,True,True,True
CNA,2019,True,True,True,True,True,True,True
CNA,2020,True,True,True,True,True,True,True
CNA,2021,True,True,True,True,True,True,True
CNA,2022,True,True,True,True,True,True,True
CNA,2023,True,True,True,True,True,True,True
CNA,2024,True,True,True,True,True,True,True
CNA,2025,True,True,True,True,True,True,True
CNC,2010,True,True,True,True,True,True,True
CNC,2012,True,True,True,True,True,True,True
CNC,2013,True,True,True,True,True,True,True
CNC,2014,True,True,True,True,True,True,True
CNC,2015,True,True,True,True,True,True,True
CNC,2016,True,True,True,True,True,True,True
CNC,2017,True,True,True,True,True,True,True
CNC,2018,True,True,True,True,True,True,True
CNC,2019,True,True,True,True,True,True,True
CNC,2020,True,True,True,True,True,True,True
CNC,2021,True,True,True,True,True,True,True
CNC,2022,True,True,True,True,True,True,True
CNC,2023,True,True,True,True,True,True,True
CNC,2024,True,True,True,True,True,True,True
CNC,2025,True,True,True,True,True,True,True
CNG,2009,True,True,True,True,True,True,True
CNG,2010,True,True,True,True,True,True,True
CNG,2011,True,True,True,True,True,True,True
CNG,2012,True,True,True,True,True,True,True
CNG,2013,True,True,True,True,True,True,True
CNG,2014,True,True,True,True,True,True,True
CNG,2015,True,True,True,True,True,True,True
CNG,2016,True,True,True,True,True,True,True
CNG,2017,True,True,True,True,True,True,True
CNG,2018,True,True,True,True,True,True,True
CNG,2019,True,True,True,True,True,True,True
CNG,2020,True,True,True,True,True,True,True
CNG,2021,True,True,True,True,True,True,True
CNG,2022,True,True,True,True,True,True,True
CNG,2023,True,True,True,True,True,True,True
CNG,2024,True,True,True,True,True,True,True
CNG,2025,True,True,True,True,True,True,True
CNH,2012,True,True,True,True,True,True,True
CNH,2014,True,True,True,True,True,True,True
CNH,2015,True,True,True,True,True,True,True
CNH,2016,True,True,True,True,True,True,True
CNH,2017,True,True,True,True,True,True,True
CNH,2018,True,True,True,True,True,True,True
CNH,2019,True,True,True,True,True,True,True
CNH,2020,True,True,True,True,True,True,True
CNH,2021,True,True,True,True,True,True,True
CNN,2012,True,True,True,True,True,True,True
CNN,2013,True,True,True,True,True,True,True
CNN,2015,True,True,True,True,True,True,True
CNN,2017,True,True,True,True,True,True,True
CNN,2018,True,True,True,True,True,True,True
CNN,2019,True,True,True,True,True,True,True
CNN,2020,True,True,True,True,True,True,True
CNN,2021,True,True,True,True,True,True,True
CNN,2022,True,True,True,True,True,True,True
CNN,2023,True,True,True,True,True,True,True
CNN,2024,True,True,True,True,True,True,True
CNN,2025,True,True,True,True,True,True,True
CNT,2009,True,True,True,True,True,True,True
CNT,2010,True,True,True,True,True,True,True
CNT,2011,True,True,True,True,True,True,True
CNT,2012,True,True,True,True,True,True,True
CNT,2013,True,True,True,True,True,True,True
CNT,2014,True,True,True,True,True,True,True
CNT,2015,True,True,True,True,True,True,True
CNT,2016,True,True,True,True,True,True,True
CNT,2017,True,True,True,True,True,True,True
CNT,2018,True,True,True,True,True,True,True
CNT,2019,True,True,True,True,True,True,True
CNT,2020,True,True,True,True,True,True,True
CNT,2021,True,True,True,True,True,True,True
CNT,2023,True,True,True,True,True,True,True
CNT,2024,True,True,True,True,True,True,True
CNT,2025,True,True,True,True,True,True,True
COM,2009,True,True,True,True,True,True,True
COM,2010,True,True,True,True,True,True,True
COM,2011,True,True,True,True,True,True,True
COM,2012,True,True,True,True,True,True,True
COM,2013,True,True,True,True,True,True,True
COM,2014,True,True,True,True,True,True,True
COM,2015,True,True,True,True,True,True,True
COM,2016,True,True,True,True,True,True,True
COM,2017,True,True,True,True,True,True,True
COM,2018,True,True,True,True,True,True,True
COM,2019,True,True,True,True,True,True,True
COM,2020,True,True,True,True,True,True,True
COM,2021,True,True,True,True,True,True,True
COM,2022,True,True,True,True,True,True,True
COM,2023,True,True,True,True,True,True,True
COM,2024,True,True,True,True,True,True,True
COM,2025,True,True,True,True,True,True,True
CPA,2017,True,True,True,True,True,True,True
CPA,2018,True,True,True,True,True,True,True
CPA,2019,True,True,True,True,True,True,True
CPA,2020,True,True,True,True,True,True,True
CPA,2021,True,True,True,True,True,True,True
CPA,2022,True,True,True,True,True,True,True
CPA,2023,True,True,True,True,True,True,True
CPA,2024,True,True,True,True,True,True,True
CPA,2025,True,True,True,True,True,True,True
CPC,2012,True,True,True,True,True,True,True
CPC,2013,True,True,True,True,True,True,True
CPC,2014,True,True,True,True,True,True,True
CPC,2015,True,True,True,True,True,True,True
CPC,2016,True,True,True,True,True,True,True
CPC,2017,True,True,True,True,True,True,True
CPC,2018,True,True,True,True,True,True,True
CPC,2019,True,True,True,True,True,True,True
CPC,2020,True,True,True,True,True,True,True
CPC,2021,True,True,True,True,True,True,True
CPC,2022,True,True,True,True,True,True,True
CPC,2023,True,True,True,True,True,True,True
CPC,2024,True,True,True,True,True,True,True
CPC,2025,True,True,True,True,True,True,True
CPH,2015,True,True,True,True,True,True,True
CPH,2016,True,True,True,True,True,True,True
CPH,2017,True,True,True,True,True,True,True
CPH,2018,True,True,True,True,True,True,True
CPH,2019,True,True,True,True,True,True,True
CPH,2020,True,True,True,True,True,True,True
CPH,2021,True,True,True,True,True,True,True
CPH,2022,True,True,True,True,True,True,True
CPH,2023,True,True,True,True,True,True,True
CPH,2024,True,True,True,True,True,True,True
CPI,2015,True,True,True,True,True,True,True
CPI,2016,True,True,True,True,True,True,True
CPI,2017,True,True,True,True,True,True,True
CPI,2018,True,True,True,True,True,True,True
CPI,2019,True,True,True,True,True,True,True
CPI,2020,True,True,True,True,True,True,True
CPI,2021,True,True,True,True,True,True,True
CPI,2022,True,True,True,True,True,True,True
CPI,2023,True,True,True,True,True,True,True
CPI,2024,True,True,True,True,True,True,True
CPI,2025,True,True,True,True,True,True,True
CPW,2016,True,True,True,True,True,True,True
CPW,2017,True,True,True,True,True,True,True
CPW,2018,True,True,True,True,True,True,True
CPW,2019,True,True,True,True,True,True,True
CPW,2020,True,True,True,True,True,True,True
CPW,2021,True,True,True,True,True,True,True
CQN,2016,True,True,True,True,True,True,True
CQN,2017,True,True,True,True,True,True,True
CQN,2018,True,True,True,True,True,True,True
CQN,2019,True,True,True,True,True,True,True
CQN,2021,True,True,True,True,True,True,True
CQN,2022,True,True,True,True,True,True,True
CQN,2023,True,True,True,True,True,True,True
CQN,2024,True,True,True,True,True,True,True
CQN,2025,True,True,True,True,True,True,True
CQT,2014,True,True,True,True,True,True,True
CQT,2015,True,True,True,True,True,True,True
CQT,2016,True,True,True,True,True,True,True
CQT,2017,True,True,True,True,True,True,True
CQT,2018,True,True,True,True,True,True,True
CQT,2019,True,True,True,True,True,True,True
CQT,2020,True,True,True,True,True,True,True
CQT,2022,True,True,True,True,True,True,True
CQT,2023,True,True,True,True,True,True,True
CQT,2024,True,True,True,True,True,True,True
CQT,2025,True,True,True,True,True,True,True
CRC,2015,True,True,True,True,True,True,True
CRC,2016,True,True,True,True,True,True,True
CRC,2017,True,True,True,True,True,True,True
CRC,2018,True,True,True,True,True,True,True
CRC,2019,True,True,True,True,True,True,True
CRC,2020,True,True,True,True,True,True,True
CRC,2021,True,True,True,True,True,True,True
CRC,2022,True,True,True,True,True,True,True
CRC,2023,True,True,True,True,True,True,True
CRC,2024,True,True,True,True,True,True,True
CRC,2025,True,True,True,True,True,True,True
CRE,2016,True,True,True,True,True,True,True
CRE,2017,True,True,True,True,True,True,True
CRE,2018,True,True,True,True,True,True,True
CRE,2019,True,True,True,True,True,True,True
CRE,2020,True,True,True,True,True,True,True
CRE,2021,True,True,True,True,True,True,True
CRE,2022,True,True,True,True,True,True,True
CRE,2023,True,True,True,True,True,True,True
CRE,2024,True,True,True,True,True,True,True
CRE,2025,True,True,True,True,True,True,True
CRV,2024,True,True,True,True,True,True,True
CRV,2025,True,True,True,True,True,True,True
CSC,2009,True,True,True,True,True,True,True
CSC,2010,True,True,True,True,True,True,True
CSC,2011,True,True,True,True,True,True,True
CSC,2012,True,True,True,True,True,True,True
CSC,2013,True,True,True,True,True,True,True
CSC,2014,True,True,True,True,True,True,True
CSC,2015,True,True,True,True,True,True,True
CSC,2016,True,True,True,True,True,True,True
CSC,2017,True,True,True,True,True,True,True
CSC,2018,True,True,True,True,True,True,True
CSC,2019,True,True,True,True,True,True,True
CSC,2020,True,True,True,True,True,True,True
CSC,2021,True,True,True,True,True,True,True
CSC,2022,True,True,True,True,True,True,True
CSC,2023,True,True,True,True,True,True,True
CSC,2024,True,True,True,True,True,True,True
CSC,2025,True,True,True,True,True,True,True
CSG,2009,True,True,True,True,True,True,True
CSG,2010,True,True,True,True,True,True,True
CSG,2011,True,True,True,True,True,True,True
CSM,2009,True,True,True,True,True,True,True
CSM,2010,True,True,True,True,True,True,True
CSM,2011,True,True,True,True,True,True,True
CSM,2012,True,True,True,True,True,True,True
CSM,2013,True,True,True,True,True,True,True
CSM,2014,True,True,True,True,True,True,True
CSM,2015,True,True,True,True,True,True,True
CSM,2016,True,True,True,True,True,True,True
CSM,2017,True,True,True,True,True,True,True
CSM,2018,True,True,True,True,True,True,True
CSM,2019,True,True,True,True,True,True,True
CSM,2020,True,True,True,True,True,True,True
CSM,2021,True,True,True,True,True,True,True
CSM,2022,True,True,True,True,True,True,True
CSM,2023,True,True,True,True,True,True,True
CSM,2024,True,True,True,True,True,True,True
CSM,2025,True,True,True,True,True,True,True
CST,2018,True,True,True,True,True,True,True
CST,2019,True,True,True,True,True,True,True
CST,2020,True,True,True,True,True,True,True
CST,2021,True,True,True,True,True,True,True
CST,2022,True,True,True,True,True,True,True
CST,2023,True,True,True,True,True,True,True
CST,2024,True,True,True,True,True,True,True
CST,2025,True,True,True,True,True,True,True
CSV,2012,True,True,True,True,True,True,True
CSV,2013,True,True,True,True,True,True,True
CSV,2014,True,True,True,True,True,True,True
CSV,2015,True,True,True,True,True,True,True
CSV,2016,True,True,True,True,True,True,True
CSV,2017,True,True,True,True,True,True,True
CSV,2018,True,True,True,True,True,True,True
CSV,2019,True,True,True,True,True,True,True
CSV,2020,True,True,True,True,True,True,True
CSV,2021,True,True,True,True,True,True,True
CSV,2022,True,True,True,True,True,True,True
CSV,2023,True,True,True,True,True,True,True
CSV,2024,True,True,True,True,True,True,True
CSV,2025,True,True,True,True,True,True,True
CT3,2009,True,True,True,True,True,True,True
CT3,2010,True,True,True,True,True,True,True
CT3,2011,True,True,True,True,True,True,True
CT3,2012,True,True,True,True,True,True,True
CT3,2013,True,True,True,True,True,True,True
CT3,2014,True,True,True,True,True,True,True
CT3,2015,True,True,True,True,True,True,True
CT3,2016,True,True,True,True,True,True,True
CT3,2017,True,True,True,True,True,True,True
CT3,2018,True,True,True,True,True,True,True
CT3,2019,True,True,True,True,True,True,True
CT3,2020,True,True,True,True,True,True,True
CT3,2021,True,True,True,True,True,True,True
CT3,2022,True,True,True,True,True,True,True
CT3,2023,True,True,True,True,True,True,True
CT3,2024,True,True,True,True,True,True,True
CT3,2025,True,True,True,True,True,True,True
CT5,2018,True,True,True,True,True,True,True
CT5,2019,True,True,True,True,True,True,True
CT5,2020,True,True,True,True,True,True,True
CT6,2010,True,True,True,True,True,True,True
CT6,2011,True,True,True,True,True,True,True
CT6,2012,True,True,True,True,True,True,True
CT6,2013,True,True,True,True,True,True,True
CT6,2014,True,True,True,True,True,True,True
CT6,2015,True,True,True,True,True,True,True
CT6,2016,True,True,True,True,True,True,True
CT6,2017,True,True,True,True,True,True,True
CT6,2018,True,True,True,True,True,True,True
CT6,2019,True,True,True,True,True,True,True
CT6,2020,True,True,True,True,True,True,True
CT6,2021,True,True,True,True,True,True,True
CT6,2022,True,True,True,True,True,True,True
CT6,2023,True,True,True,True,True,True,True
CT6,2024,True,True,True,True,True,True,True
CT6,2025,True,True,True,True,True,True,True
CTA,2009,True,True,True,True,True,True,True
CTA,2010,True,True,True,True,True,True,True
CTA,2011,True,True,True,True,True,True,True
CTA,2012,True,True,True,True,True,True,True
CTA,2013,True,True,True,True,True,True,True
CTA,2014,True,True,True,True,True,True,True
CTA,2015,True,True,True,True,True,True,True
CTA,2016,True,True,True,True,True,True,True
CTA,2017,True,True,True,True,True,True,True
CTB,2010,True,True,True,True,True,True,True
CTB,2012,True,True,True,True,True,True,True
CTB,2013,True,True,True,True,True,True,True
CTB,2014,True,True,True,True,True,True,True
CTB,2015,True,True,True,True,True,True,True
CTB,2016,True,True,True,True,True,True,True
CTB,2017,True,True,True,True,True,True,True
CTB,2018,True,True,True,True,True,True,True
CTB,2019,True,True,True,True,True,True,True
CTB,2020,True,True,True,True,True,True,True
CTB,2021,True,True,True,True,True,True,True
CTB,2022,True,True,True,True,True,True,True
CTB,2023,True,True,True,True,True,True,True
CTB,2024,True,True,True,True,True,True,True
CTB,2025,True,True,True,True,True,True,True
CTC,2012,True,True,True,True,True,True,True
CTC,2013,True,True,True,True,True,True,True
CTC,2014,True,True,True,True,True,True,True
CTC,2015,True,True,True,True,True,True,True
CTC,2016,True,True,True,True,True,True,True
CTC,2017,True,True,True,True,True,True,True
CTC,2018,True,True,True,True,True,True,True
CTC,2019,True,True,True,True,True,True,True
CTC,2020,True,True,True,True,True,True,True
CTC,2021,True,True,True,True,True,True,True
CTC,2022,True,True,True,True,True,True,True
CTC,2023,True,True,True,True,True,True,True
CTD,2009,True,True,True,True,True,True,True
CTD,2011,True,True,True,True,True,True,True
CTD,2012,True,True,True,True,True,True,True
CTD,2013,True,True,True,True,True,True,True
CTD,2014,True,True,True,True,True,True,True
CTD,2015,True,True,True,True,True,True,True
CTD,2016,True,True,True,True,True,True,True
CTD,2017,True,True,True,True,True,True,True
CTD,2018,True,True,True,True,True,True,True
CTD,2019,True,True,True,True,True,True,True
CTD,2020,True,True,True,True,True,True,True
CTD,2021,True,True,True,True,True,True,True
CTD,2022,True,True,True,True,True,True,True
CTD,2023,True,True,True,True,True,True,True
CTD,2024,True,True,True,True,True,True,True
CTD,2025,True,True,True,True,True,True,True
CTF,2014,True,True,True,True,True,True,True
CTF,2015,True,True,True,True,True,True,True
CTF,2016,True,True,True,True,True,True,True
CTF,2017,True,True,True,True,True,True,True
CTF,2018,True,True,True,True,True,True,True
CTF,2019,True,True,True,True,True,True,True
CTF,2020,True,True,True,True,True,True,True
CTF,2021,True,True,True,True,True,True,True
CTF,2022,True,True,True,True,True,True,True
CTF,2023,True,True,True,True,True,True,True
CTF,2024,True,True,True,True,True,True,True
CTF,2025,True,True,True,True,True,True,True
CTI,2009,True,True,True,True,True,True,True
CTI,2010,True,True,True,True,True,True,True
CTI,2011,True,True,True,True,True,True,True
CTI,2012,True,True,True,True,True,True,True
CTI,2013,True,True,True,True,True,True,True
CTI,2014,True,True,True,True,True,True,True
CTI,2015,True,True,True,True,True,True,True
CTI,2016,True,True,True,True,True,True,True
CTI,2017,True,True,True,True,True,True,True
CTI,2018,True,True,True,True,True,True,True
CTI,2019,True,True,True,True,True,True,True
CTI,2020,True,True,True,True,True,True,True
CTI,2021,True,True,True,True,True,True,True
CTI,2022,True,True,True,True,True,True,True
CTI,2023,True,True,True,True,True,True,True
CTI,2024,True,True,True,True,True,True,True
CTI,2025,True,True,True,True,True,True,True
CTM,2009,True,True,True,True,True,True,True
CTM,2010,True,True,True,True,True,True,True
CTM,2011,True,True,True,True,True,True,True
CTM,2012,True,True,True,True,True,True,True
CTM,2013,True,True,True,True,True,True,True
CTM,2014,True,True,True,True,True,True,True
CTN,2009,True,True,True,True,True,True,True
CTN,2010,True,True,True,True,True,True,True
CTN,2011,True,True,True,True,True,True,True
CTN,2012,True,True,True,True,True,True,True
CTN,2013,True,True,True,True,True,True,True
CTN,2014,True,True,True,True,True,True,True
CTN,2015,True,True,True,True,True,True,True
CTN,2016,True,True,True,True,True,True,True
CTP,2014,True,True,True,True,True,True,True
CTP,2015,True,True,True,True,True,True,True
CTP,2016,True,True,True,True,True,True,True
CTP,2017,True,True,True,True,True,True,True
CTP,2018,True,True,True,True,True,True,True
CTP,2019,True,True,True,True,True,True,True
CTP,2020,True,True,True,True,True,True,True
CTP,2021,True,True,True,True,True,True,True
CTP,2022,True,True,True,True,True,True,True
CTP,2023,True,True,True,True,True,True,True
CTP,2024,True,True,True,True,True,True,True
CTP,2025,True,True,True,True,True,True,True
CTR,2014,True,True,True,True,True,True,True
CTR,2015,True,True,True,True,True,True,True
CTR,2016,True,True,True,True,True,True,True
CTR,2017,True,True,True,True,True,True,True
CTR,2018,True,True,True,True,True,True,True
CTR,2019,True,True,True,True,True,True,True
CTR,2020,True,True,True,True,True,True,True
CTR,2021,True,True,True,True,True,True,True
CTR,2022,True,True,True,True,True,True,True
CTR,2023,True,True,True,True,True,True,True
CTR,2024,True,True,True,True,True,True,True
CTR,2025,True,True,True,True,True,True,True
CTT,2009,True,True,True,True,True,True,True
CTT,2012,True,True,True,True,True,True,True
CTT,2013,True,True,True,True,True,True,True
CTT,2014,True,True,True,True,True,True,True
CTT,2015,True,True,True,True,True,True,True
CTT,2016,True,True,True,True,True,True,True
CTT,2017,True,True,True,True,True,True,True
CTT,2018,True,True,True,True,True,True,True
CTT,2019,True,True,True,True,True,True,True
CTT,2020,True,True,True,True,True,True,True
CTT,2021,True,True,True,True,True,True,True
CTT,2022,True,True,True,True,True,True,True
CTT,2023,True,True,True,True,True,True,True
CTT,2024,True,True,True,True,True,True,True
CTT,2025,True,True,True,True,True,True,True
CTV,2009,True,True,True,True,True,True,True
CTV,2010,True,True,True,True,True,True,True
CTV,2011,True,True,True,True,True,True,True
CTV,2012,True,True,True,True,True,True,True
CTW,2013,True,True,True,True,True,True,True
CTW,2015,True,True,True,True,True,True,True
CTW,2016,True,True,True,True,True,True,True
CTW,2017,True,True,True,True,True,True,True
CTW,2018,True,True,True,True,True,True,True
CTW,2019,True,True,True,True,True,True,True
CTW,2020,True,True,True,True,True,True,True
CTW,2021,True,True,True,True,True,True,True
CTW,2022,True,True,True,True,True,True,True
CTW,2023,True,True,True,True,True,True,True
CTW,2024,True,True,True,True,True,True,True
CTW,2025,True,True,True,True,True,True,True
CTX,2009,True,True,True,True,True,True,True
CTX,2010,True,True,True,True,True,True,True
CTX,2011,True,True,True,True,True,True,True
CTX,2012,True,True,True,True,True,True,True
CTX,2013,True,True,True,True,True,True,True
CTX,2014,True,True,True,True,True,True,True
CTX,2015,True,True,True,True,True,True,True
CTX,2016,True,True,True,True,True,True,True
CTX,2017,True,True,True,True,True,True,True
CTX,2018,True,True,True,True,True,True,True
CTX,2019,True,True,True,True,True,True,True
CTX,2021,True,True,True,True,True,True,True
CTX,2022,True,True,True,True,True,True,True
CTX,2023,True,True,True,True,True,True,True
CTX,2025,True,True,True,True,True,True,True
CVC,2014,True,True,True,True,True,True,True
CVC,2015,True,True,True,True,True,True,True
CVC,2016,True,True,True,True,True,True,True
CVC,2017,True,True,True,True,True,True,True
CVC,2018,True,True,True,True,True,True,True
CVC,2019,True,True,True,True,True,True,True
CVH,2014,True,True,True,True,True,True,True
CVH,2015,True,True,True,True,True,True,True
CVH,2016,True,True,True,True,True,True,True
CVH,2017,True,True,True,True,True,True,True
CVH,2018,True,True,True,True,True,True,True
CVH,2019,True,True,True,True,True,True,True
CVH,2020,True,True,True,True,True,True,True
CVH,2021,True,True,True,True,True,True,True
CVN,2010,True,True,True,True,True,True,True
CVN,2012,True,True,True,True,True,True,True
CVN,2013,True,True,True,True,True,True,True
CVN,2014,True,True,True,True,True,True,True
CVN,2015,True,True,True,True,True,True,True
CVN,2016,True,True,True,True,True,True,True
CVN,2018,True,True,True,True,True,True,True
CVN,2019,True,True,True,True,True,True,True
CVN,2020,True,True,True,True,True,True,True
CVN,2021,True,True,True,True,True,True,True
CVN,2022,True,True,True,True,True,True,True
CVN,2023,True,True,True,True,True,True,True
CVN,2024,True,True,True,True,True,True,True
CVN,2025,True,True,True,True,True,True,True
CVP,2021,True,True,True,True,True,True,True
CVP,2022,True,True,True,True,True,True,True
CVT,2009,True,True,True,True,True,True,True
CVT,2011,True,True,True,True,True,True,True
CVT,2012,True,True,True,True,True,True,True
CVT,2013,True,True,True,True,True,True,True
CVT,2014,True,True,True,True,True,True,True
CVT,2015,True,True,True,True,True,True,True
CVT,2016,True,True,True,True,True,True,True
CVT,2017,True,True,True,True,True,True,True
CVT,2018,True,True,True,True,True,True,True
CVT,2019,True,True,True,True,True,True,True
CVT,2020,True,True,True,True,True,True,True
CVT,2021,True,True,True,True,True,True,True
CVT,2022,True,True,True,True,True,True,True
CVT,2023,True,True,True,True,True,True,True
CVT,2024,True,True,True,True,True,True,True
CVT,2025,True,True,True,True,True,True,True
CX8,2010,True,True,True,True,True,True,True
CX8,2011,True,True,True,True,True,True,True
CX8,2012,True,True,True,True,True,True,True
CX8,2013,True,True,True,True,True,True,True
CX8,2014,True,True,True,True,True,True,True
CX8,2015,True,True,True,True,True,True,True
CX8,2016,True,True,True,True,True,True,True
CX8,2018,True,True,True,True,True,True,True
CX8,2019,True,True,True,True,True,True,True
CX8,2020,True,True,True,True,True,True,True
CX8,2021,True,True,True,True,True,True,True
CX8,2022,True,True,True,True,True,True,True
CX8,2024,True,True,True,True,True,True,True
CX8,2025,True,True,True,True,True,True,True
CXH,2013,True,True,True,True,True,True,True
CXH,2014,True,True,True,True,True,True,True
CXH,2015,True,True,True,True,True,True,True
CXH,2016,True,True,True,True,True,True,True
CXH,2017,True,True,True,True,True,True,True
CXH,2018,True,True,True,True,True,True,True
CXH,2019,True,True,True,True,True,True,True
CXH,2020,True,True,True,True,True,True,True
CYC,2009,True,True,True,True,True,True,True
CYC,2010,True,True,True,True,True,True,True
CYC,2011,True,True,True,True,True,True,True
CYC,2012,True,True,True,True,True,True,True
CYC,2013,True,True,True,True,True,True,True
CYC,2014,True,True,True,True,True,True,True
CYC,2015,True,True,True,True,True,True,True
CYC,2016,True,True,True,True,True,True,True
CYC,2017,True,True,True,True,True,True,True
CYC,2018,True,True,True,True,True,True,True
CYC,2019,True,True,True,True,True,True,True
CYC,2020,True,True,True,True,True,True,True
CYC,2021,True,True,True,True,True,True,True
CYC,2022,True,True,True,True,True,True,True
CYC,2023,True,True,True,True,True,True,True
CYC,2024,True,True,True,True,True,True,True
CYC,2025,True,True,True,True,True,True,True
CZC,2009,True,True,True,True,True,True,True
CZC,2010,True,True,True,True,True,True,True
CZC,2011,True,True,True,True,True,True,True
CZC,2012,True,True,True,True,True,True,True
CZC,2013,True,True,True,True,True,True,True
CZC,2014,True,True,True,True,True,True,True
CZC,2015,True,True,True,True,True,True,True
CZC,2016,True,True,True,True,True,True,True
CZC,2017,True,True,True,True,True,True,True
D11,2009,True,True,True,True,True,True,True
D11,2010,True,True,True,True,True,True,True
D11,2011,True,True,True,True,True,True,True
D11,2012,True,True,True,True,True,True,True
D11,2013,True,True,True,True,True,True,True
D11,2014,True,True,True,True,True,True,True
D11,2015,True,True,True,True,True,True,True
D11,2016,True,True,True,True,True,True,True
D11,2017,True,True,True,True,True,True,True
D11,2018,True,True,True,True,True,True,True
D11,2019,True,True,True,True,True,True,True
D11,2020,True,True,True,True,True,True,True
D11,2021,True,True,True,True,True,True,True
D11,2022,True,True,True,True,True,True,True
D11,2023,True,True,True,True,True,True,True
D11,2024,True,True,True,True,True,True,True
D11,2025,True,True,True,True,True,True,True
D17,2022,True,True,True,True,True,True,True
D17,2023,True,True,True,True,True,True,True
D26,2009,True,True,True,True,True,True,True
D26,2010,True,True,True,True,True,True,True
D26,2011,True,True,True,True,True,True,True
D26,2012,True,True,True,True,True,True,True
D26,2013,True,True,True,True,True,True,True
D26,2014,True,True,True,True,True,True,True
D26,2015,True,True,True,True,True,True,True
D26,2016,True,True,True,True,True,True,True
D2D,2009,True,True,True,True,True,True,True
D2D,2010,True,True,True,True,True,True,True
D2D,2011,True,True,True,True,True,True,True
D2D,2012,True,True,True,True,True,True,True
D2D,2013,True,True,True,True,True,True,True
D2D,2014,True,True,True,True,True,True,True
D2D,2015,True,True,True,True,True,True,True
D2D,2016,True,True,True,True,True,True,True
D2D,2017,True,True,True,True,True,True,True
D2D,2018,True,True,True,True,True,True,True
D2D,2019,True,True,True,True,True,True,True
D2D,2020,True,True,True,True,True,True,True
D2D,2021,True,True,True,True,True,True,True
D2D,2022,True,True,True,True,True,True,True
D2D,2023,True,True,True,True,True,True,True
D2D,2024,True,True,True,True,True,True,True
D2D,2025,True,True,True,True,True,True,True
DAC,2009,True,True,True,True,True,True,True
DAC,2010,True,True,True,True,True,True,True
DAC,2011,True,True,True,True,True,True,True
DAC,2012,True,True,True,True,True,True,True
DAC,2013,True,True,True,True,True,True,True
DAC,2014,True,True,True,True,True,True,True
DAC,2015,True,True,True,True,True,True,True
DAC,2016,True,True,True,True,True,True,True
DAC,2017,True,True,True,True,True,True,True
DAC,2018,True,True,True,True,True,True,True
DAC,2019,True,True,True,True,True,True,True
DAC,2020,True,True,True,True,True,True,True
DAC,2021,True,True,True,True,True,True,True
DAC,2022,True,True,True,True,True,True,True
DAC,2023,True,True,True,True,True,True,True
DAC,2024,True,True,True,True,True,True,True
DAC,2025,True,True,True,True,True,True,True
DAD,2010,True,True,True,True,True,True,True
DAD,2011,True,True,True,True,True,True,True
DAD,2012,True,True,True,True,True,True,True
DAD,2013,True,True,True,True,True,True,True
DAD,2014,True,True,True,True,True,True,True
DAD,2015,True,True,True,True,True,True,True
DAD,2016,True,True,True,True,True,True,True
DAD,2017,True,True,True,True,True,True,True
DAD,2018,True,True,True,True,True,True,True
DAD,2019,True,True,True,True,True,True,True
DAD,2020,True,True,True,True,True,True,True
DAD,2021,True,True,True,True,True,True,True
DAD,2022,True,True,True,True,True,True,True
DAD,2023,True,True,True,True,True,True,True
DAD,2024,True,True,True,True,True,True,True
DAD,2025,True,True,True,True,True,True,True
DAE,2010,True,True,True,True,True,True,True
DAE,2011,True,True,True,True,True,True,True
DAE,2012,True,True,True,True,True,True,True
DAE,2013,True,True,True,True,True,True,True
DAE,2014,True,True,True,True,True,True,True
DAE,2015,True,True,True,True,True,True,True
DAE,2016,True,True,True,True,True,True,True
DAE,2017,True,True,True,True,True,True,True
DAE,2018,True,True,True,True,True,True,True
DAE,2020,True,True,True,True,True,True,True
DAE,2021,True,True,True,True,True,True,True
DAE,2022,True,True,True,True,True,True,True
DAE,2024,True,True,True,True,True,True,True
DAE,2025,True,True,True,True,True,True,True
DAG,2010,True,True,True,True,True,True,True
DAG,2013,True,True,True,True,True,True,True
DAG,2014,True,True,True,True,True,True,True
DAG,2015,True,True,True,True,True,True,True
DAG,2016,True,True,True,True,True,True,True
DAG,2017,True,True,True,True,True,True,True
DAG,2018,True,True,True,True,True,True,True
DAG,2019,True,True,True,True,True,True,True
DAG,2020,True,True,True,True,True,True,True
DAG,2021,True,True,True,True,True,True,True
DAG,2022,True,True,True,True,True,True,True
DAG,2023,True,True,True,True,True,True,True
DAH,2015,True,True,True,True,True,True,True
DAH,2017,True,True,True,True,True,True,True
DAH,2018,True,True,True,True,True,True,True
DAH,2019,True,True,True,True,True,True,True
DAH,2020,True,True,True,True,True,True,True
DAH,2021,True,True,True,True,True,True,True
DAH,2022,True,True,True,True,True,True,True
DAH,2023,True,True,True,True,True,True,True
DAH,2024,True,True,True,True,True,True,True
DAH,2025,True,True,True,True,True,True,True
DAN,2018,True,True,True,True,True,True,True
DAN,2019,True,True,True,True,True,True,True
DAN,2020,True,True,True,True,True,True,True
DAN,2021,True,True,True,True,True,True,True
DAN,2022,True,True,True,True,True,True,True
DAN,2023,True,True,True,True,True,True,True
DAN,2024,True,True,True,True,True,True,True
DAN,2025,True,True,True,True,True,True,True
DAP,2011,True,True,True,True,True,True,True
DAP,2012,True,True,True,True,True,True,True
DAP,2013,True,True,True,True,True,True,True
DAP,2014,True,True,True,True,True,True,True
DAP,2015,True,True,True,True,True,True,True
DAP,2016,True,True,True,True,True,True,True
DAP,2017,True,True,True,True,True,True,True
DAP,2018,True,True,True,True,True,True,True
DAP,2019,True,True,True,True,True,True,True
DAP,2020,True,True,True,True,True,True,True
DAR,2014,True,True,True,True,True,True,True
DAR,2015,True,True,True,True,True,True,True
DAR,2016,True,True,True,True,True,True,True
DAR,2017,True,True,True,True,True,True,True
DAR,2018,True,True,True,True,True,True,True
DAR,2019,True,True,True,True,True,True,True
DAR,2020,True,True,True,True,True,True,True
DAR,2021,True,True,True,True,True,True,True
DAS,2010,True,True,True,True,True,True,True
DAS,2011,True,True,True,True,True,True,True
DAS,2012,True,True,True,True,True,True,True
DAS,2013,True,True,True,True,True,True,True
DAS,2014,True,True,True,True,True,True,True
DAS,2015,True,True,True,True,True,True,True
DAS,2016,True,True,True,True,True,True,True
DAS,2017,True,True,True,True,True,True,True
DAS,2018,True,True,True,True,True,True,True
DAS,2019,True,True,True,True,True,True,True
DAS,2020,True,True,True,True,True,True,True
DAS,2021,True,True,True,True,True,True,True
DAS,2022,True,True,True,True,True,True,True
DAS,2023,True,True,True,True,True,True,True
DAS,2024,True,True,True,True,True,True,True
DAS,2025,True,True,True,True,True,True,True
DAT,2012,True,True,True,True,True,True,True
DAT,2013,True,True,True,True,True,True,True
DAT,2014,True,True,True,True,True,True,True
DAT,2015,True,True,True,True,True,True,True
DAT,2016,True,True,True,True,True,True,True
DAT,2017,True,True,True,True,True,True,True
DAT,2018,True,True,True,True,True,True,True
DAT,2019,True,True,True,True,True,True,True
DAT,2020,True,True,True,True,True,True,True
DAT,2021,True,True,True,True,True,True,True
DAT,2022,True,True,True,True,True,True,True
DAT,2023,True,True,True,True,True,True,True
DAT,2024,True,True,True,True,True,True,True
DAT,2025,True,True,True,True,True,True,True
DBC,2009,True,True,True,True,True,True,True
DBC,2010,True,True,True,True,True,True,True
DBC,2011,True,True,True,True,True,True,True
DBC,2012,True,True,True,True,True,True,True
DBC,2013,True,True,True,True,True,True,True
DBC,2014,True,True,True,True,True,True,True
DBC,2015,True,True,True,True,True,True,True
DBC,2016,True,True,True,True,True,True,True
DBC,2017,True,True,True,True,True,True,True
DBC,2018,True,True,True,True,True,True,True
DBC,2019,True,True,True,True,True,True,True
DBC,2020,True,True,True,True,True,True,True
DBC,2021,True,True,True,True,True,True,True
DBC,2022,True,True,True,True,True,True,True
DBC,2023,True,True,True,True,True,True,True
DBC,2024,True,True,True,True,True,True,True
DBC,2025,True,True,True,True,True,True,True
DBD,2013,True,True,True,True,True,True,True
DBD,2015,True,True,True,True,True,True,True
DBD,2016,True,True,True,True,True,True,True
DBD,2017,True,True,True,True,True,True,True
DBD,2018,True,True,True,True,True,True,True
DBD,2019,True,True,True,True,True,True,True
DBD,2020,True,True,True,True,True,True,True
DBD,2021,True,True,True,True,True,True,True
DBD,2022,True,True,True,True,True,True,True
DBD,2023,True,True,True,True,True,True,True
DBD,2024,True,True,True,True,True,True,True
DBD,2025,True,True,True,True,True,True,True
DBH,2015,True,True,True,True,True,True,True
DBH,2016,True,True,True,True,True,True,True
DBH,2017,True,True,True,True,True,True,True
DBH,2018,True,True,True,True,True,True,True
DBH,2019,True,True,True,True,True,True,True
DBH,2020,True,True,True,True,True,True,True
DBH,2021,True,True,True,True,True,True,True
DBM,2009,True,True,True,True,True,True,True
DBM,2010,True,True,True,True,True,True,True
DBM,2012,True,True,True,True,True,True,True
DBM,2013,True,True,True,True,True,True,True
DBM,2014,True,True,True,True,True,True,True
DBM,2015,True,True,True,True,True,True,True
DBM,2016,True,True,True,True,True,True,True
DBM,2017,True,True,True,True,True,True,True
DBM,2018,True,True,True,True,True,True,True
DBM,2019,True,True,True,True,True,True,True
DBM,2020,True,True,True,True,True,True,True
DBM,2021,True,True,True,True,True,True,True
DBM,2022,True,True,True,True,True,True,True
DBM,2023,True,True,True,True,True,True,True
DBM,2024,True,True,True,True,True,True,True
DBM,2025,True,True,True,True,True,True,True
DBT,2009,True,True,True,True,True,True,True
DBT,2010,True,True,True,True,True,True,True
DBT,2011,True,True,True,True,True,True,True
DBT,2012,True,True,True,True,True,True,True
DBT,2013,True,True,True,True,True,True,True
DBT,2014,True,True,True,True,True,True,True
DBT,2015,True,True,True,True,True,True,True
DBT,2016,True,True,True,True,True,True,True
DBT,2017,True,True,True,True,True,True,True
DBT,2018,True,True,True,True,True,True,True
DBT,2019,True,True,True,True,True,True,True
DBT,2020,True,True,True,True,True,True,True
DBT,2021,True,True,True,True,True,True,True
DBT,2022,True,True,True,True,True,True,True
DBT,2023,True,True,True,True,True,True,True
DBT,2024,True,True,True,True,True,True,True
DBT,2025,True,True,True,True,True,True,True
DBW,2012,True,True,True,True,True,True,True
DBW,2017,True,True,True,True,True,True,True
DBW,2022,True,True,True,True,True,True,True
DC1,2010,True,True,True,True,True,True,True
DC1,2011,True,True,True,True,True,True,True
DC1,2012,True,True,True,True,True,True,True
DC1,2013,True,True,True,True,True,True,True
DC1,2014,True,True,True,True,True,True,True
DC1,2015,True,True,True,True,True,True,True
DC1,2016,True,True,True,True,True,True,True
DC1,2017,True,True,True,True,True,True,True
DC1,2018,True,True,True,True,True,True,True
DC1,2019,True,True,True,True,True,True,True
DC1,2020,True,True,True,True,True,True,True
DC1,2021,True,True,True,True,True,True,True
DC1,2022,True,True,True,True,True,True,True
DC1,2023,True,True,True,True,True,True,True
DC1,2024,True,True,True,True,True,True,True
DC1,2025,True,True,True,True,True,True,True
DC2,2012,True,True,True,True,True,True,True
DC2,2013,True,True,True,True,True,True,True
DC2,2014,True,True,True,True,True,True,True
DC2,2015,True,True,True,True,True,True,True
DC2,2016,True,True,True,True,True,True,True
DC2,2017,True,True,True,True,True,True,True
DC2,2018,True,True,True,True,True,True,True
DC2,2019,True,True,True,True,True,True,True
DC2,2020,True,True,True,True,True,True,True
DC4,2011,True,True,True,True,True,True,True
DC4,2012,True,True,True,True,True,True,True
DC4,2013,True,True,True,True,True,True,True
DC4,2016,True,True,True,True,True,True,True
DC4,2019,True,True,True,True,True,True,True
DC4,2020,True,True,True,True,True,True,True
DC4,2021,True,True,True,True,True,True,True
DC4,2022,True,True,True,True,True,True,True
DC4,2023,True,True,True,True,True,True,True
DC4,2024,True,True,True,True,True,True,True
DC4,2025,True,True,True,True,True,True,True
DCD,2010,True,True,True,True,True,True,True
DCD,2012,True,True,True,True,True,True,True
DCD,2013,True,True,True,True,True,True,True
DCD,2014,True,True,True,True,True,True,True
DCD,2015,True,True,True,True,True,True,True
DCD,2016,True,True,True,True,True,True,True
DCD,2017,True,True,True,True,True,True,True
DCD,2018,True,True,True,True,True,True,True
DCD,2019,True,True,True,True,True,True,True
DCF,2010,True,True,True,True,True,True,True
DCF,2011,True,True,True,True,True,True,True
DCF,2012,True,True,True,True,True,True,True
DCF,2013,True,True,True,True,True,True,True
DCF,2014,True,True,True,True,True,True,True
DCF,2015,True,True,True,True,True,True,True
DCF,2016,True,True,True,True,True,True,True
DCF,2017,True,True,True,True,True,True,True
DCF,2018,True,True,True,True,True,True,True
DCF,2019,True,True,True,True,True,True,True
DCF,2020,True,True,True,True,True,True,True
DCF,2021,True,True,True,True,True,True,True
DCF,2022,True,True,True,True,True,True,True
DCF,2023,True,True,True,True,True,True,True
DCF,2024,True,True,True,True,True,True,True
DCF,2025,True,True,True,True,True,True,True
DCG,2015,True,True,True,True,True,True,True
DCG,2016,True,True,True,True,True,True,True
DCG,2017,True,True,True,True,True,True,True
DCG,2018,True,True,True,True,True,True,True
DCG,2019,True,True,True,True,True,True,True
DCG,2020,True,True,True,True,True,True,True
DCG,2021,True,True,True,True,True,True,True
DCG,2022,True,True,True,True,True,True,True
DCG,2024,True,True,True,True,True,True,True
DCG,2025,True,True,True,True,True,True,True
DCH,2017,True,True,True,True,True,True,True
DCH,2018,True,True,True,True,True,True,True
DCH,2019,True,True,True,True,True,True,True
DCH,2020,True,True,True,True,True,True,True
DCH,2021,True,True,True,True,True,True,True
DCH,2023,True,True,True,True,True,True,True
DCH,2024,True,True,True,True,True,True,True
DCH,2025,True,True,True,True,True,True,True
DCI,2013,True,True,True,True,True,True,True
DCI,2014,True,True,True,True,True,True,True
DCI,2015,True,True,True,True,True,True,True
DCI,2016,True,True,True,True,True,True,True
DCI,2017,True,True,True,True,True,True,True
DCI,2018,True,True,True,True,True,True,True
DCI,2019,True,True,True,True,True,True,True
DCI,2020,True,True,True,True,True,True,True
DCL,2011,True,True,True,True,True,True,True
DCL,2012,True,True,True,True,True,True,True
DCL,2013,True,True,True,True,True,True,True
DCL,2014,True,True,True,True,True,True,True
DCL,2015,True,True,True,True,True,True,True
DCL,2016,True,True,True,True,True,True,True
DCL,2017,True,True,True,True,True,True,True
DCL,2018,True,True,True,True,True,True,True
DCL,2019,True,True,True,True,True,True,True
DCL,2020,True,True,True,True,True,True,True
DCL,2021,True,True,True,True,True,True,True
DCL,2022,True,True,True,True,True,True,True
DCL,2023,True,True,True,True,True,True,True
DCL,2024,True,True,True,True,True,True,True
DCL,2025,True,True,True,True,True,True,True
DCM,2012,True,True,True,True,True,True,True
DCM,2013,True,True,True,True,True,True,True
DCM,2014,True,True,True,True,True,True,True
DCM,2015,True,True,True,True,True,True,True
DCM,2016,True,True,True,True,True,True,True
DCM,2017,True,True,True,True,True,True,True
DCM,2018,True,True,True,True,True,True,True
DCM,2019,True,True,True,True,True,True,True
DCM,2020,True,True,True,True,True,True,True
DCM,2021,True,True,True,True,True,True,True
DCM,2022,True,True,True,True,True,True,True
DCM,2023,True,True,True,True,True,True,True
DCM,2024,True,True,True,True,True,True,True
DCM,2025,True,True,True,True,True,True,True
DCR,2016,True,True,True,True,True,True,True
DCR,2017,True,True,True,True,True,True,True
DCR,2018,True,True,True,True,True,True,True
DCR,2019,True,True,True,True,True,True,True
DCR,2020,True,True,True,True,True,True,True
DCR,2021,True,True,True,True,True,True,True
DCR,2022,True,True,True,True,True,True,True
DCR,2023,True,True,True,True,True,True,True
DCR,2024,True,True,True,True,True,True,True
DCR,2025,True,True,True,True,True,True,True
DCS,2009,True,True,True,True,True,True,True
DCS,2010,True,True,True,True,True,True,True
DCS,2012,True,True,True,True,True,True,True
DCS,2013,True,True,True,True,True,True,True
DCS,2014,True,True,True,True,True,True,True
DCS,2015,True,True,True,True,True,True,True
DCS,2016,True,True,True,True,True,True,True
DCS,2017,True,True,True,True,True,True,True
DCS,2018,True,True,True,True,True,True,True
DCS,2019,True,True,True,True,True,True,True
DCS,2020,True,True,True,True,True,True,True
DCS,2021,True,True,True,True,True,True,True
DCS,2024,True,True,True,True,True,True,True
DCS,2025,True,True,True,True,True,True,True
DCT,2009,True,True,True,True,True,True,True
DCT,2010,True,True,True,True,True,True,True
DCT,2011,True,True,True,True,True,True,True
DCT,2012,True,True,True,True,True,True,True
DCT,2013,True,True,True,True,True,True,True
DCT,2014,True,True,True,True,True,True,True
DCT,2015,True,True,True,True,True,True,True
DCT,2016,True,True,True,True,True,True,True
DCT,2017,True,True,True,True,True,True,True
DCT,2018,True,True,True,True,True,True,True
DCT,2019,True,True,True,True,True,True,True
DCT,2020,True,True,True,True,True,True,True
DCT,2021,True,True,True,True,True,True,True
DCT,2022,True,True,True,True,True,True,True
DCT,2023,True,True,True,True,True,True,True
DCT,2024,True,True,True,True,True,True,True
DCT,2025,True,True,True,True,True,True,True
DDB,2019,True,True,True,True,True,True,True
DDB,2020,True,True,True,True,True,True,True
DDB,2021,True,True,True,True,True,True,True
DDB,2022,True,True,True,True,True,True,True
DDB,2023,True,True,True,True,True,True,True
DDB,2024,True,True,True,True,True,True,True
DDB,2025,True,True,True,True,True,True,True
DDG,2017,True,True,True,True,True,True,True
DDG,2018,True,True,True,True,True,True,True
DDG,2019,True,True,True,True,True,True,True
DDG,2020,True,True,True,True,True,True,True
DDG,2021,True,True,True,True,True,True,True
DDG,2022,True,True,True,True,True,True,True
DDG,2023,True,True,True,True,True,True,True
DDG,2024,True,True,True,True,True,True,True
DDG,2025,True,True,True,True,True,True,True
DDH,2015,True,True,True,True,True,True,True
DDH,2016,True,True,True,True,True,True,True
DDH,2017,True,True,True,True,True,True,True
DDH,2018,True,True,True,True,True,True,True
DDH,2019,True,True,True,True,True,True,True
DDH,2020,True,True,True,True,True,True,True
DDH,2021,True,True,True,True,True,True,True
DDH,2022,True,True,True,True,True,True,True
DDH,2023,True,True,True,True,True,True,True
DDH,2024,True,True,True,True,True,True,True
DDH,2025,True,True,True,True,True,True,True
DDM,2010,True,True,True,True,True,True,True
DDM,2011,True,True,True,True,True,True,True
DDM,2012,True,True,True,True,True,True,True
DDM,2013,True,True,True,True,True,True,True
DDM,2014,True,True,True,True,True,True,True
DDM,2015,True,True,True,True,True,True,True
DDM,2016,True,True,True,True,True,True,True
DDM,2017,True,True,True,True,True,True,True
DDM,2018,True,True,True,True,True,True,True
DDM,2019,True,True,True,True,True,True,True
DDM,2020,True,True,True,True,True,True,True
DDM,2021,True,True,True,True,True,True,True
DDM,2022,True,True,True,True,True,True,True
DDM,2023,True,True,True,True,True,True,True
DDM,2024,True,True,True,True,True,True,True
DDM,2025,True,True,True,True,True,True,True
DDN,2010,True,True,True,True,True,True,True
DDN,2011,True,True,True,True,True,True,True
DDN,2012,True,True,True,True,True,True,True
DDN,2013,True,True,True,True,True,True,True
DDN,2015,True,True,True,True,True,True,True
DDN,2016,True,True,True,True,True,True,True
DDN,2017,True,True,True,True,True,True,True
DDN,2018,True,True,True,True,True,True,True
DDN,2019,True,True,True,True,True,True,True
DDN,2020,True,True,True,True,True,True,True
DDN,2021,True,True,True,True,True,True,True
DDN,2022,True,True,True,True,True,True,True
DDN,2023,True,True,True,True,True,True,True
DDN,2024,True,True,True,True,True,True,True
DDN,2025,True,True,True,True,True,True,True
DDV,2011,True,True,True,True,True,True,True
DDV,2013,True,True,True,True,True,True,True
DDV,2014,True,True,True,True,True,True,True
DDV,2015,True,True,True,True,True,True,True
DDV,2016,True,True,True,True,True,True,True
DDV,2017,True,True,True,True,True,True,True
DDV,2018,True,True,True,True,True,True,True
DDV,2019,True,True,True,True,True,True,True
DDV,2020,True,True,True,True,True,True,True
DDV,2021,True,True,True,True,True,True,True
DDV,2022,True,True,True,True,True,True,True
DDV,2023,True,True,True,True,True,True,True
DDV,2024,True,True,True,True,True,True,True
DDV,2025,True,True,True,True,True,True,True
DFC,2015,True,True,True,True,True,True,True
DFC,2016,True,True,True,True,True,True,True
DFC,2017,True,True,True,True,True,True,True
DFC,2018,True,True,True,True,True,True,True
DFC,2019,True,True,True,True,True,True,True
DFC,2020,True,True,True,True,True,True,True
DFC,2021,True,True,True,True,True,True,True
DFC,2022,True,True,True,True,True,True,True
DFC,2024,True,True,True,True,True,True,True
DFC,2025,True,True,True,True,True,True,True
DFF,2018,True,True,True,True,True,True,True
DFF,2020,True,True,True,True,True,True,True
DFF,2021,True,True,True,True,True,True,True
DFF,2022,True,True,True,True,True,True,True
DFF,2023,True,True,True,True,True,True,True
DFF,2024,True,True,True,True,True,True,True
DFF,2025,True,True,True,True,True,True,True
DFS,2017,True,True,True,True,True,True,True
DFS,2018,True,True,True,True,True,True,True
DFS,2019,True,True,True,True,True,True,True
DFS,2020,True,True,True,True,True,True,True
DFS,2021,True,True,True,True,True,True,True
DFS,2024,True,True,True,True,True,True,True
DGC,2009,True,True,True,True,True,True,True
DGC,2010,True,True,True,True,True,True,True
DGC,2011,True,True,True,True,True,True,True
DGC,2012,True,True,True,True,True,True,True
DGC,2013,True,True,True,True,True,True,True
DGC,2014,True,True,True,True,True,True,True
DGC,2015,True,True,True,True,True,True,True
DGC,2016,True,True,True,True,True,True,True
DGC,2017,True,True,True,True,True,True,True
DGC,2019,True,True,True,True,True,True,True
DGC,2020,True,True,True,True,True,True,True
DGC,2021,True,True,True,True,True,True,True
DGC,2022,True,True,True,True,True,True,True
DGC,2023,True,True,True,True,True,True,True
DGC,2024,True,True,True,True,True,True,True
DGC,2025,True,True,True,True,True,True,True
DGL,2013,True,True,True,True,True,True,True
DGL,2015,True,True,True,True,True,True,True
DGL,2016,True,True,True,True,True,True,True
DGL,2017,True,True,True,True,True,True,True
DGT,2009,True,True,True,True,True,True,True
DGT,2010,True,True,True,True,True,True,True
DGT,2011,True,True,True,True,True,True,True
DGT,2012,True,True,True,True,True,True,True
DGT,2013,True,True,True,True,True,True,True
DGT,2014,True,True,True,True,True,True,True
DGT,2015,True,True,True,True,True,True,True
DGT,2016,True,True,True,True,True,True,True
DGT,2017,True,True,True,True,True,True,True
DGT,2018,True,True,True,True,True,True,True
DGT,2019,True,True,True,True,True,True,True
DGT,2020,True,True,True,True,True,True,True
DGT,2021,True,True,True,True,True,True,True
DGT,2022,True,True,True,True,True,True,True
DGT,2023,True,True,True,True,True,True,True
DGT,2024,True,True,True,True,True,True,True
DGT,2025,True,True,True,True,True,True,True
DGW,2012,True,True,True,True,True,True,True
DGW,2013,True,True,True,True,True,True,True
DGW,2014,True,True,True,True,True,True,True
DGW,2015,True,True,True,True,True,True,True
DGW,2016,True,True,True,True,True,True,True
DGW,2017,True,True,True,True,True,True,True
DGW,2018,True,True,True,True,True,True,True
DGW,2019,True,True,True,True,True,True,True
DGW,2020,True,True,True,True,True,True,True
DGW,2021,True,True,True,True,True,True,True
DGW,2022,True,True,True,True,True,True,True
DGW,2023,True,True,True,True,True,True,True
DGW,2024,True,True,True,True,True,True,True
DGW,2025,True,True,True,True,True,True,True
DHA,2009,True,True,True,True,True,True,True
DHA,2011,True,True,True,True,True,True,True
DHA,2012,True,True,True,True,True,True,True
DHA,2013,True,True,True,True,True,True,True
DHA,2014,True,True,True,True,True,True,True
DHA,2015,True,True,True,True,True,True,True
DHA,2016,True,True,True,True,True,True,True
DHA,2017,True,True,True,True,True,True,True
DHA,2018,True,True,True,True,True,True,True
DHA,2019,True,True,True,True,True,True,True
DHA,2020,True,True,True,True,True,True,True
DHA,2021,True,True,True,True,True,True,True
DHA,2022,True,True,True,True,True,True,True
DHA,2023,True,True,True,True,True,True,True
DHA,2024,True,True,True,True,True,True,True
DHA,2025,True,True,True,True,True,True,True
DHB,2016,True,True,True,True,True,True,True
DHB,2017,True,True,True,True,True,True,True
DHB,2018,True,True,True,True,True,True,True
DHB,2019,True,True,True,True,True,True,True
DHB,2020,True,True,True,True,True,True,True
DHB,2021,True,True,True,True,True,True,True
DHB,2022,True,True,True,True,True,True,True
DHB,2023,True,True,True,True,True,True,True
DHB,2024,True,True,True,True,True,True,True
DHB,2025,True,True,True,True,True,True,True
DHC,2011,True,True,True,True,True,True,True
DHC,2012,True,True,True,True,True,True,True
DHC,2013,True,True,True,True,True,True,True
DHC,2014,True,True,True,True,True,True,True
DHC,2015,True,True,True,True,True,True,True
DHC,2016,True,True,True,True,True,True,True
DHC,2017,True,True,True,True,True,True,True
DHC,2018,True,True,True,True,True,True,True
DHC,2019,True,True,True,True,True,True,True
DHC,2020,True,True,True,True,True,True,True
DHC,2021,True,True,True,True,True,True,True
DHC,2022,True,True,True,True,True,True,True
DHC,2023,True,True,True,True,True,True,True
DHC,2024,True,True,True,True,True,True,True
DHC,2025,True,True,True,True,True,True,True
DHD,2011,True,True,True,True,True,True,True
DHD,2012,True,True,True,True,True,True,True
DHD,2013,True,True,True,True,True,True,True
DHD,2016,True,True,True,True,True,True,True
DHD,2017,True,True,True,True,True,True,True
DHD,2018,True,True,True,True,True,True,True
DHD,2019,True,True,True,True,True,True,True
DHD,2020,True,True,True,True,True,True,True
DHD,2021,True,True,True,True,True,True,True
DHD,2022,True,True,True,True,True,True,True
DHD,2023,True,True,True,True,True,True,True
DHD,2024,True,True,True,True,True,True,True
DHD,2025,True,True,True,True,True,True,True
DHG,2009,True,True,True,True,True,True,True
DHG,2010,True,True,True,True,True,True,True
DHG,2011,True,True,True,True,True,True,True
DHG,2012,True,True,True,True,True,True,True
DHG,2013,True,True,True,True,True,True,True
DHG,2014,True,True,True,True,True,True,True
DHG,2015,True,True,True,True,True,True,True
DHG,2016,True,True,True,True,True,True,True
DHG,2017,True,True,True,True,True,True,True
DHG,2018,True,True,True,True,True,True,True
DHG,2019,True,True,True,True,True,True,True
DHG,2020,True,True,True,True,True,True,True
DHG,2021,True,True,True,True,True,True,True
DHG,2022,True,True,True,True,True,True,True
DHG,2023,True,True,True,True,True,True,True
DHG,2024,True,True,True,True,True,True,True
DHG,2025,True,True,True,True,True,True,True
DHI,2010,True,True,True,True,True,True,True
DHI,2012,True,True,True,True,True,True,True
DHL,2011,True,True,True,True,True,True,True
DHL,2012,True,True,True,True,True,True,True
DHM,2009,True,True,True,True,True,True,True
DHM,2010,True,True,True,True,True,True,True
DHM,2011,True,True,True,True,True,True,True
DHM,2012,True,True,True,True,True,True,True
DHM,2013,True,True,True,True,True,True,True
DHM,2014,True,True,True,True,True,True,True
DHM,2015,True,True,True,True,True,True,True
DHM,2016,True,True,True,True,True,True,True
DHM,2017,True,True,True,True,True,True,True
DHM,2018,True,True,True,True,True,True,True
DHM,2019,True,True,True,True,True,True,True
DHM,2020,True,True,True,True,True,True,True
DHM,2021,True,True,True,True,True,True,True
DHM,2022,True,True,True,True,True,True,True
DHM,2023,True,True,True,True,True,True,True
DHM,2024,True,True,True,True,True,True,True
DHM,2025,True,True,True,True,True,True,True
DHN,2017,True,True,True,True,True,True,True
DHN,2018,True,True,True,True,True,True,True
DHN,2019,True,True,True,True,True,True,True
DHN,2020,True,True,True,True,True,True,True
DHN,2022,True,True,True,True,True,True,True
DHN,2023,True,True,True,True,True,True,True
DHN,2024,True,True,True,True,True,True,True
DHN,2025,True,True,True,True,True,True,True
DHP,2009,True,True,True,True,True,True,True
DHP,2010,True,True,True,True,True,True,True
DHP,2011,True,True,True,True,True,True,True
DHP,2012,True,True,True,True,True,True,True
DHP,2013,True,True,True,True,True,True,True
DHP,2014,True,True,True,True,True,True,True
DHP,2015,True,True,True,True,True,True,True
DHP,2016,True,True,True,True,True,True,True
DHP,2017,True,True,True,True,True,True,True
DHP,2018,True,True,True,True,True,True,True
DHP,2019,True,True,True,True,True,True,True
DHP,2020,True,True,True,True,True,True,True
DHP,2021,True,True,True,True,True,True,True
DHP,2022,True,True,True,True,True,True,True
DHP,2023,True,True,True,True,True,True,True
DHP,2024,True,True,True,True,True,True,True
DHP,2025,True,True,True,True,True,True,True
DHT,2010,True,True,True,True,True,True,True
DHT,2012,True,True,True,True,True,True,True
DHT,2013,True,True,True,True,True,True,True
DHT,2014,True,True,True,True,True,True,True
DHT,2015,True,True,True,True,True,True,True
DHT,2016,True,True,True,True,True,True,True
DHT,2017,True,True,True,True,True,True,True
DHT,2018,True,True,True,True,True,True,True
DHT,2019,True,True,True,True,True,True,True
DHT,2020,True,True,True,True,True,True,True
DHT,2021,True,True,True,True,True,True,True
DHT,2022,True,True,True,True,True,True,True
DHT,2023,True,True,True,True,True,True,True
DHT,2024,True,True,True,True,True,True,True
DHT,2025,True,True,True,True,True,True,True
DIC,2014,True,True,True,True,True,True,True
DIC,2015,True,True,True,True,True,True,True
DIC,2016,True,True,True,True,True,True,True
DIC,2017,True,True,True,True,True,True,True
DIC,2018,True,True,True,True,True,True,True
DIC,2019,True,True,True,True,True,True,True
DIC,2020,True,True,True,True,True,True,True
DIC,2021,True,True,True,True,True,True,True
DIC,2022,True,True,True,True,True,True,True
DIC,2023,True,True,True,True,True,True,True
DIC,2024,True,True,True,True,True,True,True
DIC,2025,True,True,True,True,True,True,True
DID,2011,True,True,True,True,True,True,True
DID,2012,True,True,True,True,True,True,True
DID,2013,True,True,True,True,True,True,True
DID,2014,True,True,True,True,True,True,True
DID,2015,True,True,True,True,True,True,True
DID,2016,True,True,True,True,True,True,True
DID,2018,True,True,True,True,True,True,True
DID,2020,True,True,True,True,True,True,True
DID,2021,True,True,True,True,True,True,True
DID,2023,True,True,True,True,True,True,True
DID,2024,True,True,True,True,True,True,True
DID,2025,True,True,True,True,True,True,True
DIG,2012,True,True,True,True,True,True,True
DIG,2016,True,True,True,True,True,True,True
DIG,2017,True,True,True,True,True,True,True
DIG,2018,True,True,True,True,True,True,True
DIG,2019,True,True,True,True,True,True,True
DIG,2021,True,True,True,True,True,True,True
DIG,2022,True,True,True,True,True,True,True
DIG,2023,True,True,True,True,True,True,True
DIG,2024,True,True,True,True,True,True,True
DIG,2025,True,True,True,True,True,True,True
DIH,2011,True,True,True,True,True,True,True
DIH,2012,True,True,True,True,True,True,True
DIH,2013,True,True,True,True,True,True,True
DIH,2014,True,True,True,True,True,True,True
DIH,2015,True,True,True,True,True,True,True
DIH,2016,True,True,True,True,True,True,True
DIH,2017,True,True,True,True,True,True,True
DIH,2019,True,True,True,True,True,True,True
DIH,2020,True,True,True,True,True,True,True
DIH,2021,True,True,True,True,True,True,True
DIH,2022,True,True,True,True,True,True,True
DIH,2023,True,True,True,True,True,True,True
DIH,2025,True,True,True,True,True,True,True
DKC,2019,True,True,True,True,True,True,True
DKC,2020,True,True,True,True,True,True,True
DKC,2021,True,True,True,True,True,True,True
DKC,2022,True,True,True,True,True,True,True
DKC,2023,True,True,True,True,True,True,True
DKC,2024,True,True,True,True,True,True,True
DKC,2025,True,True,True,True,True,True,True
DKG,2024,True,True,True,True,True,True,True
DKG,2025,True,True,True,True,True,True,True
DKP,2018,True,True,True,True,True,True,True
DKP,2019,True,True,True,True,True,True,True
DKW,2023,True,True,True,True,True,True,True
DKW,2024,True,True,True,True,True,True,True
DL1,2015,True,True,True,True,True,True,True
DL1,2017,True,True,True,True,True,True,True
DL1,2019,True,True,True,True,True,True,True
DL1,2020,True,True,True,True,True,True,True
DL1,2021,True,True,True,True,True,True,True
DL1,2022,True,True,True,True,True,True,True
DL1,2023,True,True,True,True,True,True,True
DL1,2024,True,True,True,True,True,True,True
DLC,2010,True,True,True,True,True,True,True
DLC,2011,True,True,True,True,True,True,True
DLC,2012,True,True,True,True,True,True,True
DLC,2013,True,True,True,True,True,True,True
DLC,2014,True,True,True,True,True,True,True
DLC,2015,True,True,True,True,True,True,True
DLD,2010,True,True,True,True,True,True,True
DLD,2011,True,True,True,True,True,True,True
DLD,2012,True,True,True,True,True,True,True
DLD,2013,True,True,True,True,True,True,True
DLD,2014,True,True,True,True,True,True,True
DLD,2015,True,True,True,True,True,True,True
DLD,2016,True,True,True,True,True,True,True
DLD,2017,True,True,True,True,True,True,True
DLD,2018,True,True,True,True,True,True,True
DLD,2019,True,True,True,True,True,True,True
DLD,2020,True,True,True,True,True,True,True
DLD,2021,True,True,True,True,True,True,True
DLD,2022,True,True,True,True,True,True,True
DLD,2023,True,True,True,True,True,True,True
DLD,2024,True,True,True,True,True,True,True
DLD,2025,True,True,True,True,True,True,True
DLG,2010,True,True,True,True,True,True,True
DLG,2015,True,True,True,True,True,True,True
DLG,2016,True,True,True,True,True,True,True
DLG,2017,True,True,True,True,True,True,True
DLG,2018,True,True,True,True,True,True,True
DLG,2019,True,True,True,True,True,True,True
DLG,2020,True,True,True,True,True,True,True
DLG,2021,True,True,True,True,True,True,True
DLG,2022,True,True,True,True,True,True,True
DLG,2023,True,True,True,True,True,True,True
DLG,2024,True,True,True,True,True,True,True
DLG,2025,True,True,True,True,True,True,True
DLM,2021,True,True,True,True,True,True,True
DLM,2022,True,True,True,True,True,True,True
DLR,2010,True,True,True,True,True,True,True
DLR,2011,True,True,True,True,True,True,True
DLR,2012,True,True,True,True,True,True,True
DLR,2013,True,True,True,True,True,True,True
DLR,2014,True,True,True,True,True,True,True
DLR,2015,True,True,True,True,True,True,True
DLR,2016,True,True,True,True,True,True,True
DLR,2017,True,True,True,True,True,True,True
DLR,2018,True,True,True,True,True,True,True
DLR,2019,True,True,True,True,True,True,True
DLR,2020,True,True,True,True,True,True,True
DLR,2021,True,True,True,True,True,True,True
DLR,2022,True,True,True,True,True,True,True
DLR,2023,True,True,True,True,True,True,True
DLR,2024,True,True,True,True,True,True,True
DLR,2025,True,True,True,True,True,True,True
DLT,2009,True,True,True,True,True,True,True
DLT,2010,True,True,True,True,True,True,True
DLT,2011,True,True,True,True,True,True,True
DLT,2012,True,True,True,True,True,True,True
DLT,2013,True,True,True,True,True,True,True
DLT,2014,True,True,True,True,True,True,True
DLT,2015,True,True,True,True,True,True,True
DLT,2016,True,True,True,True,True,True,True
DLT,2017,True,True,True,True,True,True,True
DLT,2018,True,True,True,True,True,True,True
DLT,2019,True,True,True,True,True,True,True
DLT,2020,True,True,True,True,True,True,True
DLT,2021,True,True,True,True,True,True,True
DLT,2022,True,True,True,True,True,True,True
DLT,2023,True,True,True,True,True,True,True
DLT,2024,True,True,True,True,True,True,True
DLT,2025,True,True,True,True,True,True,True
DM7,2018,True,True,True,True,True,True,True
DM7,2019,True,True,True,True,True,True,True
DM7,2020,True,True,True,True,True,True,True
DM7,2021,True,True,True,True,True,True,True
DM7,2022,True,True,True,True,True,True,True
DM7,2023,True,True,True,True,True,True,True
DM7,2024,True,True,True,True,True,True,True
DM7,2025,True,True,True,True,True,True,True
DMC,2009,True,True,True,True,True,True,True
DMC,2010,True,True,True,True,True,True,True
DMC,2011,True,True,True,True,True,True,True
DMC,2012,True,True,True,True,True,True,True
DMC,2013,True,True,True,True,True,True,True
DMC,2014,True,True,True,True,True,True,True
DMC,2015,True,True,True,True,True,True,True
DMC,2016,True,True,True,True,True,True,True
DMC,2017,True,True,True,True,True,True,True
DMC,2018,True,True,True,True,True,True,True
DMC,2019,True,True,True,True,True,True,True
DMC,2020,True,True,True,True,True,True,True
DMC,2021,True,True,True,True,True,True,True
DMC,2022,True,True,True,True,True,True,True
DMC,2023,True,True,True,True,True,True,True
DMC,2024,True,True,True,True,True,True,True
DMC,2025,True,True,True,True,True,True,True
DMN,2019,True,True,True,True,True,True,True
DMN,2020,True,True,True,True,True,True,True
DMN,2021,True,True,True,True,True,True,True
DMN,2022,True,True,True,True,True,True,True
DMN,2023,True,True,True,True,True,True,True
DMN,2024,True,True,True,True,True,True,True
DMN,2025,True,True,True,True,True,True,True
DMS,2019,True,True,True,True,True,True,True
DMS,2020,True,True,True,True,True,True,True
DMS,2021,True,True,True,True,True,True,True
DMS,2022,True,True,True,True,True,True,True
DMS,2023,True,True,True,True,True,True,True
DMS,2024,True,True,True,True,True,True,True
DMS,2025,True,True,True,True,True,True,True
DNA,2012,True,True,True,True,True,True,True
DNA,2013,True,True,True,True,True,True,True
DNA,2014,True,True,True,True,True,True,True
DNA,2015,True,True,True,True,True,True,True
DNA,2016,True,True,True,True,True,True,True
DNA,2017,True,True,True,True,True,True,True
DNA,2018,True,True,True,True,True,True,True
DNA,2019,True,True,True,True,True,True,True
DNA,2020,True,True,True,True,True,True,True
DNA,2021,True,True,True,True,True,True,True
DNA,2022,True,True,True,True,True,True,True
DNA,2023,True,True,True,True,True,True,True
DNA,2024,True,True,True,True,True,True,True
DNA,2025,True,True,True,True,True,True,True
DNB,2016,True,True,True,True,True,True,True
DNB,2017,True,True,True,True,True,True,True
DNB,2018,True,True,True,True,True,True,True
DNB,2019,True,True,True,True,True,True,True
DNB,2020,True,True,True,True,True,True,True
DNC,2009,True,True,True,True,True,True,True
DNC,2010,True,True,True,True,True,True,True
DNC,2011,True,True,True,True,True,True,True
DNC,2012,True,True,True,True,True,True,True
DNC,2013,True,True,True,True,True,True,True
DNC,2014,True,True,True,True,True,True,True
DNC,2015,True,True,True,True,True,True,True
DNC,2016,True,True,True,True,True,True,True
DNC,2017,True,True,True,True,True,True,True
DNC,2018,True,True,True,True,True,True,True
DNC,2019,True,True,True,True,True,True,True
DNC,2020,True,True,True,True,True,True,True
DNC,2021,True,True,True,True,True,True,True
DNC,2022,True,True,True,True,True,True,True
DNC,2023,True,True,True,True,True,True,True
DNC,2024,True,True,True,True,True,True,True
DNC,2025,True,True,True,True,True,True,True
DND,2013,True,True,True,True,True,True,True
DND,2014,True,True,True,True,True,True,True
DND,2015,True,True,True,True,True,True,True
DND,2016,True,True,True,True,True,True,True
DND,2017,True,True,True,True,True,True,True
DND,2018,True,True,True,True,True,True,True
DND,2019,True,True,True,True,True,True,True
DND,2020,True,True,True,True,True,True,True
DND,2021,True,True,True,True,True,True,True
DND,2022,True,True,True,True,True,True,True
DND,2023,True,True,True,True,True,True,True
DND,2024,True,True,True,True,True,True,True
DND,2025,True,True,True,True,True,True,True
DNE,2016,True,True,True,True,True,True,True
DNE,2017,True,True,True,True,True,True,True
DNE,2018,True,True,True,True,True,True,True
DNE,2019,True,True,True,True,True,True,True
DNE,2020,True,True,True,True,True,True,True
DNE,2021,True,True,True,True,True,True,True
DNE,2022,True,True,True,True,True,True,True
DNE,2023,True,True,True,True,True,True,True
DNE,2024,True,True,True,True,True,True,True
DNE,2025,True,True,True,True,True,True,True
DNH,2015,True,True,True,True,True,True,True
DNH,2016,True,True,True,True,True,True,True
DNH,2017,True,True,True,True,True,True,True
DNH,2018,True,True,True,True,True,True,True
DNH,2019,True,True,True,True,True,True,True
DNH,2020,True,True,True,True,True,True,True
DNH,2021,True,True,True,True,True,True,True
DNH,2022,True,True,True,True,True,True,True
DNH,2023,True,True,True,True,True,True,True
DNH,2024,True,True,True,True,True,True,True
DNH,2025,True,True,True,True,True,True,True
DNL,2012,True,True,True,True,True,True,True
DNL,2013,True,True,True,True,True,True,True
DNL,2015,True,True,True,True,True,True,True
DNL,2016,True,True,True,True,True,True,True
DNL,2017,True,True,True,True,True,True,True
DNL,2018,True,True,True,True,True,True,True
DNL,2019,True,True,True,True,True,True,True
DNL,2020,True,True,True,True,True,True,True
DNL,2021,True,True,True,True,True,True,True
DNL,2022,True,True,True,True,True,True,True
DNL,2023,True,True,True,True,True,True,True
DNL,2024,True,True,True,True,True,True,True
DNL,2025,True,True,True,True,True,True,True
DNM,2010,True,True,True,True,True,True,True
DNM,2011,True,True,True,True,True,True,True
DNM,2012,True,True,True,True,True,True,True
DNM,2013,True,True,True,True,True,True,True
DNM,2014,True,True,True,True,True,True,True
DNM,2015,True,True,True,True,True,True,True
DNM,2016,True,True,True,True,True,True,True
DNM,2017,True,True,True,True,True,True,True
DNM,2018,True,True,True,True,True,True,True
DNM,2019,True,True,True,True,True,True,True
DNM,2020,True,True,True,True,True,True,True
DNM,2021,True,True,True,True,True,True,True
DNM,2022,True,True,True,True,True,True,True
DNM,2023,True,True,True,True,True,True,True
DNM,2024,True,True,True,True,True,True,True
DNM,2025,True,True,True,True,True,True,True
DNN,2015,True,True,True,True,True,True,True
DNN,2016,True,True,True,True,True,True,True
DNN,2017,True,True,True,True,True,True,True
DNN,2018,True,True,True,True,True,True,True
DNN,2019,True,True,True,True,True,True,True
DNN,2020,True,True,True,True,True,True,True
DNN,2021,True,True,True,True,True,True,True
DNN,2022,True,True,True,True,True,True,True
DNN,2023,True,True,True,True,True,True,True
DNN,2024,True,True,True,True,True,True,True
DNN,2025,True,True,True,True,True,True,True
DNP,2009,True,True,True,True,True,True,True
DNP,2010,True,True,True,True,True,True,True
DNP,2011,True,True,True,True,True,True,True
DNP,2012,True,True,True,True,True,True,True
DNP,2013,True,True,True,True,True,True,True
DNP,2014,True,True,True,True,True,True,True
DNP,2015,True,True,True,True,True,True,True
DNP,2016,True,True,True,True,True,True,True
DNP,2017,True,True,True,True,True,True,True
DNP,2018,True,True,True,True,True,True,True
DNP,2019,True,True,True,True,True,True,True
DNP,2020,True,True,True,True,True,True,True
DNP,2021,True,True,True,True,True,True,True
DNP,2022,True,True,True,True,True,True,True
DNP,2023,True,True,True,True,True,True,True
DNP,2024,True,True,True,True,True,True,True
DNP,2025,True,True,True,True,True,True,True
DNR,2011,True,True,True,True,True,True,True
DNR,2012,True,True,True,True,True,True,True
DNR,2013,True,True,True,True,True,True,True
DNR,2014,True,True,True,True,True,True,True
DNR,2015,True,True,True,True,True,True,True
DNR,2016,True,True,True,True,True,True,True
DNR,2017,True,True,True,True,True,True,True
DNR,2018,True,True,True,True,True,True,True
DNR,2019,True,True,True,True,True,True,True
DNR,2020,True,True,True,True,True,True,True
DNR,2021,True,True,True,True,True,True,True
DNS,2009,True,True,True,True,True,True,True
DNS,2011,True,True,True,True,True,True,True
DNS,2012,True,True,True,True,True,True,True
DNS,2013,True,True,True,True,True,True,True
DNS,2014,True,True,True,True,True,True,True
DNS,2015,True,True,True,True,True,True,True
DNS,2016,True,True,True,True,True,True,True
DNS,2017,True,True,True,True,True,True,True
DNS,2018,True,True,True,True,True,True,True
DNS,2019,True,True,True,True,True,True,True
DNS,2020,True,True,True,True,True,True,True
DNS,2021,True,True,True,True,True,True,True
DNT,2009,True,True,True,True,True,True,True
DNT,2010,True,True,True,True,True,True,True
DNT,2011,True,True,True,True,True,True,True
DNT,2012,True,True,True,True,True,True,True
DNT,2013,True,True,True,True,True,True,True
DNT,2014,True,True,True,True,True,True,True
DNT,2015,True,True,True,True,True,True,True
DNT,2016,True,True,True,True,True,True,True
DNT,2017,True,True,True,True,True,True,True
DNT,2018,True,True,True,True,True,True,True
DNT,2019,True,True,True,True,True,True,True
DNT,2020,True,True,True,True,True,True,True
DNT,2021,True,True,True,True,True,True,True
DNT,2022,True,True,True,True,True,True,True
DNT,2023,True,True,True,True,True,True,True
DNT,2024,True,True,True,True,True,True,True
DNT,2025,True,True,True,True,True,True,True
DNW,2013,True,True,True,True,True,True,True
DNW,2014,True,True,True,True,True,True,True
DNW,2015,True,True,True,True,True,True,True
DNW,2016,True,True,True,True,True,True,True
DNW,2017,True,True,True,True,True,True,True
DNW,2018,True,True,True,True,True,True,True
DNW,2019,True,True,True,True,True,True,True
DNW,2020,True,True,True,True,True,True,True
DNW,2021,True,True,True,True,True,True,True
DNW,2022,True,True,True,True,True,True,True
DNW,2023,True,True,True,True,True,True,True
DNW,2024,True,True,True,True,True,True,True
DNW,2025,True,True,True,True,True,True,True
DNY,2009,True,True,True,True,True,True,True
DNY,2010,True,True,True,True,True,True,True
DNY,2011,True,True,True,True,True,True,True
DNY,2012,True,True,True,True,True,True,True
DNY,2013,True,True,True,True,True,True,True
DNY,2014,True,True,True,True,True,True,True
DNY,2015,True,True,True,True,True,True,True
DNY,2016,True,True,True,True,True,True,True
DNY,2017,True,True,True,True,True,True,True
DNY,2018,True,True,True,True,True,True,True
DNY,2019,True,True,True,True,True,True,True
DOC,2014,True,True,True,True,True,True,True
DOC,2015,True,True,True,True,True,True,True
DOC,2016,True,True,True,True,True,True,True
DOC,2017,True,True,True,True,True,True,True
DOC,2018,True,True,True,True,True,True,True
DOC,2019,True,True,True,True,True,True,True
DOC,2020,True,True,True,True,True,True,True
DOC,2021,True,True,True,True,True,True,True
DOC,2022,True,True,True,True,True,True,True
DOC,2023,True,True,True,True,True,True,True
DOC,2024,True,True,True,True,True,True,True
DOC,2025,True,True,True,True,True,True,True
DOP,2012,True,True,True,True,True,True,True
DOP,2013,True,True,True,True,True,True,True
DOP,2014,True,True,True,True,True,True,True
DOP,2015,True,True,True,True,True,True,True
DOP,2016,True,True,True,True,True,True,True
DOP,2017,True,True,True,True,True,True,True
DOP,2018,True,True,True,True,True,True,True
DOP,2019,True,True,True,True,True,True,True
DOP,2020,True,True,True,True,True,True,True
DOP,2021,True,True,True,True,True,True,True
DOP,2022,True,True,True,True,True,True,True
DOP,2023,True,True,True,True,True,True,True
DOP,2024,True,True,True,True,True,True,True
DOP,2025,True,True,True,True,True,True,True
DP1,2016,True,True,True,True,True,True,True
DP1,2017,True,True,True,True,True,True,True
DP1,2018,True,True,True,True,True,True,True
DP1,2019,True,True,True,True,True,True,True
DP1,2020,True,True,True,True,True,True,True
DP1,2021,True,True,True,True,True,True,True
DP1,2022,True,True,True,True,True,True,True
DP1,2023,True,True,True,True,True,True,True
DP1,2024,True,True,True,True,True,True,True
DP1,2025,True,True,True,True,True,True,True
DP2,2018,True,True,True,True,True,True,True
DP2,2019,True,True,True,True,True,True,True
DP2,2020,True,True,True,True,True,True,True
DP2,2021,True,True,True,True,True,True,True
DP2,2022,True,True,True,True,True,True,True
DP2,2023,True,True,True,True,True,True,True
DP2,2024,True,True,True,True,True,True,True
DP2,2025,True,True,True,True,True,True,True
DP3,2011,True,True,True,True,True,True,True
DP3,2012,True,True,True,True,True,True,True
DP3,2014,True,True,True,True,True,True,True
DP3,2015,True,True,True,True,True,True,True
DP3,2017,True,True,True,True,True,True,True
DP3,2018,True,True,True,True,True,True,True
DP3,2020,True,True,True,True,True,True,True
DP3,2021,True,True,True,True,True,True,True
DP3,2022,True,True,True,True,True,True,True
DP3,2024,True,True,True,True,True,True,True
DP3,2025,True,True,True,True,True,True,True
DPC,2010,True,True,True,True,True,True,True
DPC,2011,True,True,True,True,True,True,True
DPC,2012,True,True,True,True,True,True,True
DPC,2013,True,True,True,True,True,True,True
DPC,2014,True,True,True,True,True,True,True
DPC,2015,True,True,True,True,True,True,True
DPC,2016,True,True,True,True,True,True,True
DPC,2017,True,True,True,True,True,True,True
DPC,2018,True,True,True,True,True,True,True
DPC,2019,True,True,True,True,True,True,True
DPC,2020,True,True,True,True,True,True,True
DPC,2021,True,True,True,True,True,True,True
DPC,2022,True,True,True,True,True,True,True
DPC,2023,True,True,True,True,True,True,True
DPC,2024,True,True,True,True,True,True,True
DPC,2025,True,True,True,True,True,True,True
DPD,2020,True,True,True,True,True,True,True
DPD,2021,True,True,True,True,True,True,True
DPD,2022,True,True,True,True,True,True,True
DPG,2012,True,True,True,True,True,True,True
DPG,2013,True,True,True,True,True,True,True
DPG,2014,True,True,True,True,True,True,True
DPG,2015,True,True,True,True,True,True,True
DPG,2016,True,True,True,True,True,True,True
DPG,2017,True,True,True,True,True,True,True
DPG,2018,True,True,True,True,True,True,True
DPG,2019,True,True,True,True,True,True,True
DPG,2020,True,True,True,True,True,True,True
DPG,2021,True,True,True,True,True,True,True
DPG,2022,True,True,True,True,True,True,True
DPG,2023,True,True,True,True,True,True,True
DPG,2024,True,True,True,True,True,True,True
DPG,2025,True,True,True,True,True,True,True
DPH,2012,True,True,True,True,True,True,True
DPH,2013,True,True,True,True,True,True,True
DPH,2014,True,True,True,True,True,True,True
DPH,2015,True,True,True,True,True,True,True
DPH,2016,True,True,True,True,True,True,True
DPH,2017,True,True,True,True,True,True,True
DPH,2018,True,True,True,True,True,True,True
DPH,2019,True,True,True,True,True,True,True
DPH,2020,True,True,True,True,True,True,True
DPH,2021,True,True,True,True,True,True,True
DPH,2022,True,True,True,True,True,True,True
DPH,2023,True,True,True,True,True,True,True
DPH,2024,True,True,True,True,True,True,True
DPH,2025,True,True,True,True,True,True,True
DPM,2009,True,True,True,True,True,True,True
DPM,2010,True,True,True,True,True,True,True
DPM,2011,True,True,True,True,True,True,True
DPM,2012,True,True,True,True,True,True,True
DPM,2013,True,True,True,True,True,True,True
DPM,2014,True,True,True,True,True,True,True
DPM,2015,True,True,True,True,True,True,True
DPM,2016,True,True,True,True,True,True,True
DPM,2017,True,True,True,True,True,True,True
DPM,2018,True,True,True,True,True,True,True
DPM,2019,True,True,True,True,True,True,True
DPM,2020,True,True,True,True,True,True,True
DPM,2021,True,True,True,True,True,True,True
DPM,2022,True,True,True,True,True,True,True
DPM,2023,True,True,True,True,True,True,True
DPM,2024,True,True,True,True,True,True,True
DPM,2025,True,True,True,True,True,True,True
DPP,2010,True,True,True,True,True,True,True
DPP,2011,True,True,True,True,True,True,True
DPP,2012,True,True,True,True,True,True,True
DPP,2013,True,True,True,True,True,True,True
DPP,2014,True,True,True,True,True,True,True
DPP,2015,True,True,True,True,True,True,True
DPP,2016,True,True,True,True,True,True,True
DPP,2017,True,True,True,True,True,True,True
DPP,2019,True,True,True,True,True,True,True
DPP,2020,True,True,True,True,True,True,True
DPP,2021,True,True,True,True,True,True,True
DPP,2022,True,True,True,True,True,True,True
DPP,2023,True,True,True,True,True,True,True
DPP,2024,True,True,True,True,True,True,True
DPP,2025,True,True,True,True,True,True,True
DPR,2011,True,True,True,True,True,True,True
DPR,2012,True,True,True,True,True,True,True
DPR,2013,True,True,True,True,True,True,True
DPR,2014,True,True,True,True,True,True,True
DPR,2015,True,True,True,True,True,True,True
DPR,2016,True,True,True,True,True,True,True
DPR,2017,True,True,True,True,True,True,True
DPR,2018,True,True,True,True,True,True,True
DPR,2019,True,True,True,True,True,True,True
DPR,2020,True,True,True,True,True,True,True
DPR,2021,True,True,True,True,True,True,True
DPR,2022,True,True,True,True,True,True,True
DPR,2023,True,True,True,True,True,True,True
DPR,2024,True,True,True,True,True,True,True
DPR,2025,True,True,True,True,True,True,True
DPS,2015,True,True,True,True,True,True,True
DPS,2017,True,True,True,True,True,True,True
DQC,2009,True,True,True,True,True,True,True
DQC,2010,True,True,True,True,True,True,True
DQC,2011,True,True,True,True,True,True,True
DQC,2012,True,True,True,True,True,True,True
DQC,2014,True,True,True,True,True,True,True
DQC,2015,True,True,True,True,True,True,True
DQC,2016,True,True,True,True,True,True,True
DQC,2017,True,True,True,True,True,True,True
DQC,2018,True,True,True,True,True,True,True
DQC,2019,True,True,True,True,True,True,True
DQC,2020,True,True,True,True,True,True,True
DQC,2021,True,True,True,True,True,True,True
DQC,2022,True,True,True,True,True,True,True
DQC,2023,True,True,True,True,True,True,True
DQC,2024,True,True,True,True,True,True,True
DQC,2025,True,True,True,True,True,True,True
DRC,2014,True,True,True,True,True,True,True
DRC,2017,True,True,True,True,True,True,True
DRC,2018,True,True,True,True,True,True,True
DRC,2019,True,True,True,True,True,True,True
DRC,2020,True,True,True,True,True,True,True
DRC,2021,True,True,True,True,True,True,True
DRC,2022,True,True,True,True,True,True,True
DRC,2023,True,True,True,True,True,True,True
DRC,2024,True,True,True,True,True,True,True
DRG,2018,True,True,True,True,True,True,True
DRG,2019,True,True,True,True,True,True,True
DRG,2020,True,True,True,True,True,True,True
DRG,2021,True,True,True,True,True,True,True
DRG,2022,True,True,True,True,True,True,True
DRG,2023,True,True,True,True,True,True,True
DRG,2024,True,True,True,True,True,True,True
DRG,2025,True,True,True,True,True,True,True
DRH,2009,True,True,True,True,True,True,True
DRH,2010,True,True,True,True,True,True,True
DRH,2011,True,True,True,True,True,True,True
DRH,2012,True,True,True,True,True,True,True
DRH,2013,True,True,True,True,True,True,True
DRH,2014,True,True,True,True,True,True,True
DRH,2015,True,True,True,True,True,True,True
DRH,2016,True,True,True,True,True,True,True
DRH,2017,True,True,True,True,True,True,True
DRH,2018,True,True,True,True,True,True,True
DRH,2019,True,True,True,True,True,True,True
DRH,2020,True,True,True,True,True,True,True
DRH,2021,True,True,True,True,True,True,True
DRH,2022,True,True,True,True,True,True,True
DRH,2024,True,True,True,True,True,True,True
DRH,2025,True,True,True,True,True,True,True
DRI,2015,True,True,True,True,True,True,True
DRI,2016,True,True,True,True,True,True,True
DRI,2017,True,True,True,True,True,True,True
DRI,2018,True,True,True,True,True,True,True
DRI,2019,True,True,True,True,True,True,True
DRI,2020,True,True,True,True,True,True,True
DRI,2021,True,True,True,True,True,True,True
DRI,2022,True,True,True,True,True,True,True
DRI,2023,True,True,True,True,True,True,True
DRI,2024,True,True,True,True,True,True,True
DRI,2025,True,True,True,True,True,True,True
DRL,2010,True,True,True,True,True,True,True
DRL,2011,True,True,True,True,True,True,True
DRL,2012,True,True,True,True,True,True,True
DRL,2013,True,True,True,True,True,True,True
DRL,2014,True,True,True,True,True,True,True
DRL,2015,True,True,True,True,True,True,True
DRL,2016,True,True,True,True,True,True,True
DRL,2017,True,True,True,True,True,True,True
DRL,2018,True,True,True,True,True,True,True
DRL,2019,True,True,True,True,True,True,True
DRL,2020,True,True,True,True,True,True,True
DRL,2021,True,True,True,True,True,True,True
DRL,2022,True,True,True,True,True,True,True
DRL,2023,True,True,True,True,True,True,True
DRL,2024,True,True,True,True,True,True,True
DRL,2025,True,True,True,True,True,True,True
DS3,2017,True,True,True,True,True,True,True
DS3,2018,True,True,True,True,True,True,True
DS3,2019,True,True,True,True,True,True,True
DS3,2020,True,True,True,True,True,True,True
DS3,2021,True,True,True,True,True,True,True
DS3,2022,True,True,True,True,True,True,True
DS3,2023,True,True,True,True,True,True,True
DS3,2024,True,True,True,True,True,True,True
DS3,2025,True,True,True,True,True,True,True
DSD,2018,True,True,True,True,True,True,True
DSD,2019,True,True,True,True,True,True,True
DSD,2020,True,True,True,True,True,True,True
DSD,2021,True,True,True,True,True,True,True
DSD,2022,True,True,True,True,True,True,True
DSD,2023,True,True,True,True,True,True,True
DSD,2024,True,True,True,True,True,True,True
DSG,2009,True,True,True,True,True,True,True
DSG,2010,True,True,True,True,True,True,True
DSG,2013,True,True,True,True,True,True,True
DSG,2014,True,True,True,True,True,True,True
DSG,2015,True,True,True,True,True,True,True
DSG,2016,True,True,True,True,True,True,True
DSG,2017,True,True,True,True,True,True,True
DSG,2018,True,True,True,True,True,True,True
DSG,2019,True,True,True,True,True,True,True
DSG,2020,True,True,True,True,True,True,True
DSG,2021,True,True,True,True,True,True,True
DSG,2022,True,True,True,True,True,True,True
DSG,2023,True,True,True,True,True,True,True
DSG,2024,True,True,True,True,True,True,True
DSH,2023,True,True,True,True,True,True,True
DSH,2024,True,True,True,True,True,True,True
DSH,2025,True,True,True,True,True,True,True
DSN,2010,True,True,True,True,True,True,True
DSN,2011,True,True,True,True,True,True,True
DSN,2012,True,True,True,True,True,True,True
DSN,2013,True,True,True,True,True,True,True
DSN,2014,True,True,True,True,True,True,True
DSN,2015,True,True,True,True,True,True,True
DSN,2017,True,True,True,True,True,True,True
DSN,2018,True,True,True,True,True,True,True
DSN,2019,True,True,True,True,True,True,True
DSN,2020,True,True,True,True,True,True,True
DSN,2021,True,True,True,True,True,True,True
DSN,2022,True,True,True,True,True,True,True
DSN,2023,True,True,True,True,True,True,True
DSN,2024,True,True,True,True,True,True,True
DSN,2025,True,True,True,True,True,True,True
DSP,2017,True,True,True,True,True,True,True
DSP,2018,True,True,True,True,True,True,True
DSP,2019,True,True,True,True,True,True,True
DSP,2020,True,True,True,True,True,True,True
DSP,2021,True,True,True,True,True,True,True
DSP,2022,True,True,True,True,True,True,True
DSP,2023,True,True,True,True,True,True,True
DSP,2024,True,True,True,True,True,True,True
DSP,2025,True,True,True,True,True,True,True
DSS,2017,True,True,True,True,True,True,True
DSS,2018,True,True,True,True,True,True,True
DSS,2019,True,True,True,True,True,True,True
DSS,2020,True,True,True,True,True,True,True
DSS,2021,True,True,True,True,True,True,True
DST,2010,True,True,True,True,True,True,True
DST,2011,True,True,True,True,True,True,True
DST,2012,True,True,True,True,True,True,True
DST,2013,True,True,True,True,True,True,True
DST,2014,True,True,True,True,True,True,True
DST,2016,True,True,True,True,True,True,True
DST,2017,True,True,True,True,True,True,True
DST,2018,True,True,True,True,True,True,True
DST,2019,True,True,True,True,True,True,True
DST,2020,True,True,True,True,True,True,True
DST,2021,True,True,True,True,True,True,True
DST,2022,True,True,True,True,True,True,True
DST,2023,True,True,True,True,True,True,True
DST,2024,True,True,True,True,True,True,True
DST,2025,True,True,True,True,True,True,True
DSV,2016,True,True,True,True,True,True,True
DSV,2017,True,True,True,True,True,True,True
DSV,2018,True,True,True,True,True,True,True
DSV,2019,True,True,True,True,True,True,True
DSV,2020,True,True,True,True,True,True,True
DSV,2021,True,True,True,True,True,True,True
DSV,2022,True,True,True,True,True,True,True
DSV,2023,True,True,True,True,True,True,True
DT4,2015,True,True,True,True,True,True,True
DT4,2016,True,True,True,True,True,True,True
DT4,2017,True,True,True,True,True,True,True
DT4,2018,True,True,True,True,True,True,True
DT4,2019,True,True,True,True,True,True,True
DT4,2020,True,True,True,True,True,True,True
DT4,2021,True,True,True,True,True,True,True
DTA,2010,True,True,True,True,True,True,True
DTA,2011,True,True,True,True,True,True,True
DTA,2012,True,True,True,True,True,True,True
DTA,2013,True,True,True,True,True,True,True
DTA,2014,True,True,True,True,True,True,True
DTA,2015,True,True,True,True,True,True,True
DTA,2016,True,True,True,True,True,True,True
DTA,2017,True,True,True,True,True,True,True
DTA,2018,True,True,True,True,True,True,True
DTA,2019,True,True,True,True,True,True,True
DTA,2020,True,True,True,True,True,True,True
DTA,2021,True,True,True,True,True,True,True
DTA,2022,True,True,True,True,True,True,True
DTA,2023,True,True,True,True,True,True,True
DTA,2024,True,True,True,True,True,True,True
DTB,2017,True,True,True,True,True,True,True
DTB,2018,True,True,True,True,True,True,True
DTB,2019,True,True,True,True,True,True,True
DTB,2020,True,True,True,True,True,True,True
DTB,2021,True,True,True,True,True,True,True
DTB,2022,True,True,True,True,True,True,True
DTB,2023,True,True,True,True,True,True,True
DTB,2024,True,True,True,True,True,True,True
DTC,2009,True,True,True,True,True,True,True
DTC,2010,True,True,True,True,True,True,True
DTC,2011,True,True,True,True,True,True,True
DTC,2012,True,True,True,True,True,True,True
DTC,2013,True,True,True,True,True,True,True
DTC,2014,True,True,True,True,True,True,True
DTC,2015,True,True,True,True,True,True,True
DTC,2016,True,True,True,True,True,True,True
DTC,2017,True,True,True,True,True,True,True
DTC,2018,True,True,True,True,True,True,True
DTC,2019,True,True,True,True,True,True,True
DTC,2020,True,True,True,True,True,True,True
DTC,2021,True,True,True,True,True,True,True
DTC,2022,True,True,True,True,True,True,True
DTC,2023,True,True,True,True,True,True,True
DTC,2024,True,True,True,True,True,True,True
DTC,2025,True,True,True,True,True,True,True
DTD,2017,True,True,True,True,True,True,True
DTD,2018,True,True,True,True,True,True,True
DTD,2019,True,True,True,True,True,True,True
DTD,2020,True,True,True,True,True,True,True
DTD,2021,True,True,True,True,True,True,True
DTD,2022,True,True,True,True,True,True,True
DTD,2023,True,True,True,True,True,True,True
DTD,2024,True,True,True,True,True,True,True
DTD,2025,True,True,True,True,True,True,True
DTE,2020,True,True,True,True,True,True,True
DTE,2021,True,True,True,True,True,True,True
DTE,2022,True,True,True,True,True,True,True
DTG,2011,True,True,True,True,True,True,True
DTG,2012,True,True,True,True,True,True,True
DTG,2013,True,True,True,True,True,True,True
DTG,2014,True,True,True,True,True,True,True
DTG,2015,True,True,True,True,True,True,True
DTG,2016,True,True,True,True,True,True,True
DTG,2017,True,True,True,True,True,True,True
DTG,2018,True,True,True,True,True,True,True
DTG,2019,True,True,True,True,True,True,True
DTG,2020,True,True,True,True,True,True,True
DTG,2021,True,True,True,True,True,True,True
DTG,2022,True,True,True,True,True,True,True
DTG,2023,True,True,True,True,True,True,True
DTG,2024,True,True,True,True,True,True,True
DTG,2025,True,True,True,True,True,True,True
DTH,2011,True,True,True,True,True,True,True
DTH,2012,True,True,True,True,True,True,True
DTH,2013,True,True,True,True,True,True,True
DTH,2014,True,True,True,True,True,True,True
DTH,2015,True,True,True,True,True,True,True
DTH,2017,True,True,True,True,True,True,True
DTH,2018,True,True,True,True,True,True,True
DTH,2019,True,True,True,True,True,True,True
DTH,2020,True,True,True,True,True,True,True
DTH,2021,True,True,True,True,True,True,True
DTH,2022,True,True,True,True,True,True,True
DTH,2023,True,True,True,True,True,True,True
DTH,2024,True,True,True,True,True,True,True
DTH,2025,True,True,True,True,True,True,True
DTI,2016,True,True,True,True,True,True,True
DTI,2017,True,True,True,True,True,True,True
DTI,2018,True,True,True,True,True,True,True
DTI,2019,True,True,True,True,True,True,True
DTI,2020,True,True,True,True,True,True,True
DTI,2021,True,True,True,True,True,True,True
DTI,2022,True,True,True,True,True,True,True
DTI,2023,True,True,True,True,True,True,True
DTI,2024,True,True,True,True,True,True,True
DTI,2025,True,True,True,True,True,True,True
DTK,2014,True,True,True,True,True,True,True
DTK,2015,True,True,True,True,True,True,True
DTK,2016,True,True,True,True,True,True,True
DTK,2017,True,True,True,True,True,True,True
DTK,2018,True,True,True,True,True,True,True
DTK,2019,True,True,True,True,True,True,True
DTK,2020,True,True,True,True,True,True,True
DTK,2021,True,True,True,True,True,True,True
DTK,2022,True,True,True,True,True,True,True
DTK,2023,True,True,True,True,True,True,True
DTK,2024,True,True,True,True,True,True,True
DTK,2025,True,True,True,True,True,True,True
DTL,2009,True,True,True,True,True,True,True
DTL,2010,True,True,True,True,True,True,True
DTL,2011,True,True,True,True,True,True,True
DTL,2012,True,True,True,True,True,True,True
DTL,2013,True,True,True,True,True,True,True
DTL,2014,True,True,True,True,True,True,True
DTL,2015,True,True,True,True,True,True,True
DTL,2016,True,True,True,True,True,True,True
DTL,2018,True,True,True,True,True,True,True
DTL,2019,True,True,True,True,True,True,True
DTL,2020,True,True,True,True,True,True,True
DTL,2021,True,True,True,True,True,True,True
DTL,2022,True,True,True,True,True,True,True
DTL,2023,True,True,True,True,True,True,True
DTL,2024,True,True,True,True,True,True,True
DTL,2025,True,True,True,True,True,True,True
DTN,2010,True,True,True,True,True,True,True
DTN,2012,True,True,True,True,True,True,True
DTN,2013,True,True,True,True,True,True,True
DTN,2015,True,True,True,True,True,True,True
DTN,2016,True,True,True,True,True,True,True
DTN,2017,True,True,True,True,True,True,True
DTN,2018,True,True,True,True,True,True,True
DTN,2019,True,True,True,True,True,True,True
DTN,2020,True,True,True,True,True,True,True
DTN,2021,True,True,True,True,True,True,True
DTP,2019,True,True,True,True,True,True,True
DTP,2020,True,True,True,True,True,True,True
DTP,2021,True,True,True,True,True,True,True
DTP,2023,True,True,True,True,True,True,True
DTP,2024,True,True,True,True,True,True,True
DTP,2025,True,True,True,True,True,True,True
DTT,2010,True,True,True,True,True,True,True
DTT,2011,True,True,True,True,True,True,True
DTT,2012,True,True,True,True,True,True,True
DTT,2013,True,True,True,True,True,True,True
DTT,2014,True,True,True,True,True,True,True
DTT,2015,True,True,True,True,True,True,True
DTT,2016,True,True,True,True,True,True,True
DTT,2017,True,True,True,True,True,True,True
DTT,2018,True,True,True,True,True,True,True
DTT,2019,True,True,True,True,True,True,True
DTT,2020,True,True,True,True,True,True,True
DTT,2021,True,True,True,True,True,True,True
DTT,2022,True,True,True,True,True,True,True
DTT,2023,True,True,True,True,True,True,True
DTT,2024,True,True,True,True,True,True,True
DTT,2025,True,True,True,True,True,True,True
DTV,2010,True,True,True,True,True,True,True
DTV,2011,True,True,True,True,True,True,True
DTV,2012,True,True,True,True,True,True,True
DTV,2013,True,True,True,True,True,True,True
DTV,2014,True,True,True,True,True,True,True
DTV,2015,True,True,True,True,True,True,True
DTV,2016,True,True,True,True,True,True,True
DTV,2017,True,True,True,True,True,True,True
DTV,2018,True,True,True,True,True,True,True
DTV,2019,True,True,True,True,True,True,True
DTV,2020,True,True,True,True,True,True,True
DTV,2021,True,True,True,True,True,True,True
DTV,2022,True,True,True,True,True,True,True
DTV,2023,True,True,True,True,True,True,True
DUS,2017,True,True,True,True,True,True,True
DUS,2018,True,True,True,True,True,True,True
DUS,2019,True,True,True,True,True,True,True
DUS,2020,True,True,True,True,True,True,True
DUS,2021,True,True,True,True,True,True,True
DUS,2022,True,True,True,True,True,True,True
DUS,2023,True,True,True,True,True,True,True
DUS,2024,True,True,True,True,True,True,True
DUS,2025,True,True,True,True,True,True,True
DVC,2013,True,True,True,True,True,True,True
DVC,2014,True,True,True,True,True,True,True
DVC,2015,True,True,True,True,True,True,True
DVC,2016,True,True,True,True,True,True,True
DVC,2017,True,True,True,True,True,True,True
DVC,2018,True,True,True,True,True,True,True
DVC,2019,True,True,True,True,True,True,True
DVC,2020,True,True,True,True,True,True,True
DVC,2021,True,True,True,True,True,True,True
DVC,2022,True,True,True,True,True,True,True
DVC,2023,True,True,True,True,True,True,True
DVC,2024,True,True,True,True,True,True,True
DVC,2025,True,True,True,True,True,True,True
DVG,2018,True,True,True,True,True,True,True
DVG,2019,True,True,True,True,True,True,True
DVG,2020,True,True,True,True,True,True,True
DVG,2021,True,True,True,True,True,True,True
DVG,2022,True,True,True,True,True,True,True
DVG,2023,True,True,True,True,True,True,True
DVG,2024,True,True,True,True,True,True,True
DVG,2025,True,True,True,True,True,True,True
DVH,2011,True,True,True,True,True,True,True
DVH,2012,True,True,True,True,True,True,True
DVH,2013,True,True,True,True,True,True,True
DVH,2014,True,True,True,True,True,True,True
DVH,2015,True,True,True,True,True,True,True
DVH,2016,True,True,True,True,True,True,True
DVM,2023,True,True,True,True,True,True,True
DVN,2014,True,True,True,True,True,True,True
DVN,2015,True,True,True,True,True,True,True
DVN,2016,True,True,True,True,True,True,True
DVN,2017,True,True,True,True,True,True,True
DVN,2018,True,True,True,True,True,True,True
DVN,2019,True,True,True,True,True,True,True
DVN,2020,True,True,True,True,True,True,True
DVN,2021,True,True,True,True,True,True,True
DVN,2023,True,True,True,True,True,True,True
DVN,2024,True,True,True,True,True,True,True
DVN,2025,True,True,True,True,True,True,True
DVP,2010,True,True,True,True,True,True,True
DVP,2011,True,True,True,True,True,True,True
DVP,2012,True,True,True,True,True,True,True
DVP,2014,True,True,True,True,True,True,True
DVP,2015,True,True,True,True,True,True,True
DVP,2016,True,True,True,True,True,True,True
DVP,2017,True,True,True,True,True,True,True
DVP,2018,True,True,True,True,True,True,True
DVP,2019,True,True,True,True,True,True,True
DVP,2020,True,True,True,True,True,True,True
DVP,2021,True,True,True,True,True,True,True
DVP,2022,True,True,True,True,True,True,True
DVP,2023,True,True,True,True,True,True,True
DVP,2024,True,True,True,True,True,True,True
DVP,2025,True,True,True,True,True,True,True
DVT,2022,True,True,True,True,True,True,True
DVT,2023,True,True,True,True,True,True,True
DVT,2024,True,True,True,True,True,True,True
DVW,2013,True,True,True,True,True,True,True
DVW,2014,True,True,True,True,True,True,True
DVW,2015,True,True,True,True,True,True,True
DVW,2016,True,True,True,True,True,True,True
DVW,2017,True,True,True,True,True,True,True
DVW,2018,True,True,True,True,True,True,True
DVW,2019,True,True,True,True,True,True,True
DVW,2020,True,True,True,True,True,True,True
DVW,2021,True,True,True,True,True,True,True
DVW,2022,True,True,True,True,True,True,True
DVW,2023,True,True,True,True,True,True,True
DVW,2024,True,True,True,True,True,True,True
DVW,2025,True,True,True,True,True,True,True
DWC,2019,True,True,True,True,True,True,True
DWC,2020,True,True,True,True,True,True,True
DWC,2021,True,True,True,True,True,True,True
DWC,2022,True,True,True,True,True,True,True
DWC,2023,True,True,True,True,True,True,True
DWC,2024,True,True,True,True,True,True,True
DWC,2025,True,True,True,True,True,True,True
DWS,2018,True,True,True,True,True,True,True
DWS,2020,True,True,True,True,True,True,True
DWS,2021,True,True,True,True,True,True,True
DWS,2022,True,True,True,True,True,True,True
DWS,2023,True,True,True,True,True,True,True
DWS,2024,True,True,True,True,True,True,True
DWS,2025,True,True,True,True,True,True,True
DX2,2017,True,True,True,True,True,True,True
DX2,2018,True,True,True,True,True,True,True
DX2,2019,True,True,True,True,True,True,True
DX2,2020,True,True,True,True,True,True,True
DXD,2018,True,True,True,True,True,True,True
DXD,2019,True,True,True,True,True,True,True
DXD,2020,True,True,True,True,True,True,True
DXG,2009,True,True,True,True,True,True,True
DXG,2010,True,True,True,True,True,True,True
DXG,2011,True,True,True,True,True,True,True
DXG,2012,True,True,True,True,True,True,True
DXG,2013,True,True,True,True,True,True,True
DXG,2014,True,True,True,True,True,True,True
DXG,2015,True,True,True,True,True,True,True
DXG,2016,True,True,True,True,True,True,True
DXG,2017,True,True,True,True,True,True,True
DXG,2018,True,True,True,True,True,True,True
DXG,2019,True,True,True,True,True,True,True
DXG,2020,True,True,True,True,True,True,True
DXG,2021,True,True,True,True,True,True,True
DXG,2022,True,True,True,True,True,True,True
DXG,2023,True,True,True,True,True,True,True
DXG,2024,True,True,True,True,True,True,True
DXG,2025,True,True,True,True,True,True,True
DXL,2011,True,True,True,True,True,True,True
DXL,2012,True,True,True,True,True,True,True
DXL,2013,True,True,True,True,True,True,True
DXL,2014,True,True,True,True,True,True,True
DXL,2015,True,True,True,True,True,True,True
DXL,2016,True,True,True,True,True,True,True
DXL,2017,True,True,True,True,True,True,True
DXL,2019,True,True,True,True,True,True,True
DXL,2020,True,True,True,True,True,True,True
DXL,2021,True,True,True,True,True,True,True
DXL,2022,True,True,True,True,True,True,True
DXL,2023,True,True,True,True,True,True,True
DXL,2024,True,True,True,True,True,True,True
DXP,2009,True,True,True,True,True,True,True
DXP,2010,True,True,True,True,True,True,True
DXP,2011,True,True,True,True,True,True,True
DXP,2012,True,True,True,True,True,True,True
DXP,2013,True,True,True,True,True,True,True
DXP,2014,True,True,True,True,True,True,True
DXP,2015,True,True,True,True,True,True,True
DXP,2016,True,True,True,True,True,True,True
DXP,2017,True,True,True,True,True,True,True
DXP,2018,True,True,True,True,True,True,True
DXP,2019,True,True,True,True,True,True,True
DXP,2020,True,True,True,True,True,True,True
DXP,2021,True,True,True,True,True,True,True
DXP,2022,True,True,True,True,True,True,True
DXP,2023,True,True,True,True,True,True,True
DXP,2024,True,True,True,True,True,True,True
DXP,2025,True,True,True,True,True,True,True
DXS,2018,True,True,True,True,True,True,True
DXS,2019,True,True,True,True,True,True,True
DXS,2020,True,True,True,True,True,True,True
DXS,2021,True,True,True,True,True,True,True
DXS,2022,True,True,True,True,True,True,True
DXS,2023,True,True,True,True,True,True,True
DXS,2024,True,True,True,True,True,True,True
DXS,2025,True,True,True,True,True,True,True
DXV,2010,True,True,True,True,True,True,True
DXV,2011,True,True,True,True,True,True,True
DXV,2012,True,True,True,True,True,True,True
DXV,2013,True,True,True,True,True,True,True
DXV,2014,True,True,True,True,True,True,True
DXV,2015,True,True,True,True,True,True,True
DXV,2016,True,True,True,True,True,True,True
DXV,2017,True,True,True,True,True,True,True
DXV,2018,True,True,True,True,True,True,True
DXV,2019,True,True,True,True,True,True,True
DXV,2020,True,True,True,True,True,True,True
DXV,2021,True,True,True,True,True,True,True
DXV,2022,True,True,True,True,True,True,True
DXV,2023,True,True,True,True,True,True,True
DXV,2024,True,True,True,True,True,True,True
DXV,2025,True,True,True,True,True,True,True
DZM,2009,True,True,True,True,True,True,True
DZM,2010,True,True,True,True,True,True,True
DZM,2011,True,True,True,True,True,True,True
DZM,2012,True,True,True,True,True,True,True
DZM,2013,True,True,True,True,True,True,True
DZM,2014,True,True,True,True,True,True,True
DZM,2015,True,True,True,True,True,True,True
DZM,2016,True,True,True,True,True,True,True
DZM,2017,True,True,True,True,True,True,True
DZM,2018,True,True,True,True,True,True,True
DZM,2019,True,True,True,True,True,True,True
DZM,2020,True,True,True,True,True,True,True
DZM,2021,True,True,True,True,True,True,True
DZM,2023,True,True,True,True,True,True,True
E12,2018,True,True,True,True,True,True,True
E12,2019,True,True,True,True,True,True,True
E12,2020,True,True,True,True,True,True,True
E12,2021,True,True,True,True,True,True,True
E12,2022,True,True,True,True,True,True,True
E12,2023,True,True,True,True,True,True,True
E12,2024,True,True,True,True,True,True,True
E12,2025,True,True,True,True,True,True,True
E29,2018,True,True,True,True,True,True,True
E29,2019,True,True,True,True,True,True,True
E29,2020,True,True,True,True,True,True,True
E29,2021,True,True,True,True,True,True,True
E29,2022,True,True,True,True,True,True,True
E29,2023,True,True,True,True,True,True,True
E29,2024,True,True,True,True,True,True,True
E29,2025,True,True,True,True,True,True,True
EAD,2014,True,True,True,True,True,True,True
EAD,2015,True,True,True,True,True,True,True
EAD,2016,True,True,True,True,True,True,True
EAD,2017,True,True,True,True,True,True,True
EAD,2018,True,True,True,True,True,True,True
EAD,2019,True,True,True,True,True,True,True
EAD,2020,True,True,True,True,True,True,True
EAD,2021,True,True,True,True,True,True,True
EBA,2019,True,True,True,True,True,True,True
EBA,2020,True,True,True,True,True,True,True
EBS,2011,True,True,True,True,True,True,True
EBS,2012,True,True,True,True,True,True,True
EBS,2013,True,True,True,True,True,True,True
EBS,2014,True,True,True,True,True,True,True
EBS,2015,True,True,True,True,True,True,True
EBS,2016,True,True,True,True,True,True,True
EBS,2017,True,True,True,True,True,True,True
EBS,2018,True,True,True,True,True,True,True
EBS,2019,True,True,True,True,True,True,True
EBS,2020,True,True,True,True,True,True,True
EBS,2021,True,True,True,True,True,True,True
EBS,2022,True,True,True,True,True,True,True
EBS,2023,True,True,True,True,True,True,True
EBS,2024,True,True,True,True,True,True,True
EBS,2025,True,True,True,True,True,True,True
ECI,2010,True,True,True,True,True,True,True
ECI,2011,True,True,True,True,True,True,True
ECI,2012,True,True,True,True,True,True,True
ECI,2013,True,True,True,True,True,True,True
ECI,2014,True,True,True,True,True,True,True
ECI,2015,True,True,True,True,True,True,True
ECI,2016,True,True,True,True,True,True,True
ECI,2017,True,True,True,True,True,True,True
ECI,2018,True,True,True,True,True,True,True
ECI,2019,True,True,True,True,True,True,True
ECI,2020,True,True,True,True,True,True,True
ECI,2021,True,True,True,True,True,True,True
ECI,2022,True,True,True,True,True,True,True
ECI,2023,True,True,True,True,True,True,True
ECI,2024,True,True,True,True,True,True,True
ECO,2022,True,True,True,True,True,True,True
ECO,2023,True,True,True,True,True,True,True
ECO,2024,True,True,True,True,True,True,True
ECO,2025,True,True,True,True,True,True,True
EGL,2017,True,True,True,True,True,True,True
EGL,2018,True,True,True,True,True,True,True
EGL,2021,True,True,True,True,True,True,True
EGL,2022,True,True,True,True,True,True,True
EGL,2023,True,True,True,True,True,True,True
EGL,2024,True,True,True,True,True,True,True
EGL,2025,True,True,True,True,True,True,True
EIC,2009,True,True,True,True,True,True,True
EIC,2010,True,True,True,True,True,True,True
EIC,2011,True,True,True,True,True,True,True
EIC,2012,True,True,True,True,True,True,True
EIC,2013,True,True,True,True,True,True,True
EIC,2014,True,True,True,True,True,True,True
EIC,2015,True,True,True,True,True,True,True
EIC,2016,True,True,True,True,True,True,True
EIC,2017,True,True,True,True,True,True,True
EIC,2018,True,True,True,True,True,True,True
EIC,2019,True,True,True,True,True,True,True
EIC,2020,True,True,True,True,True,True,True
EIC,2021,True,True,True,True,True,True,True
EIC,2022,True,True,True,True,True,True,True
EIC,2023,True,True,True,True,True,True,True
EIC,2024,True,True,True,True,True,True,True
EIC,2025,True,True,True,True,True,True,True
EID,2011,True,True,True,True,True,True,True
EID,2012,True,True,True,True,True,True,True
EID,2013,True,True,True,True,True,True,True
EID,2014,True,True,True,True,True,True,True
EID,2015,True,True,True,True,True,True,True
EID,2016,True,True,True,True,True,True,True
EID,2017,True,True,True,True,True,True,True
EID,2018,True,True,True,True,True,True,True
EID,2019,True,True,True,True,True,True,True
EID,2020,True,True,True,True,True,True,True
EID,2021,True,True,True,True,True,True,True
EID,2022,True,True,True,True,True,True,True
EID,2023,True,True,True,True,True,True,True
EID,2024,True,True,True,True,True,True,True
EIN,2013,True,True,True,True,True,True,True
EIN,2014,True,True,True,True,True,True,True
EIN,2015,True,True,True,True,True,True,True
EIN,2016,True,True,True,True,True,True,True
EIN,2017,True,True,True,True,True,True,True
EIN,2018,True,True,True,True,True,True,True
EIN,2019,True,True,True,True,True,True,True
EIN,2020,True,True,True,True,True,True,True
EIN,2021,True,True,True,True,True,True,True
EIN,2022,True,True,True,True,True,True,True
EIN,2023,True,True,True,True,True,True,True
EIN,2024,True,True,True,True,True,True,True
EIN,2025,True,True,True,True,True,True,True
ELC,2009,True,True,True,True,True,True,True
ELC,2010,True,True,True,True,True,True,True
ELC,2011,True,True,True,True,True,True,True
ELC,2017,True,True,True,True,True,True,True
ELC,2018,True,True,True,True,True,True,True
ELC,2019,True,True,True,True,True,True,True
ELC,2020,True,True,True,True,True,True,True
ELC,2021,True,True,True,True,True,True,True
ELC,2022,True,True,True,True,True,True,True
ELC,2023,True,True,True,True,True,True,True
ELC,2024,True,True,True,True,True,True,True
ELC,2025,True,True,True,True,True,True,True
EMC,2009,True,True,True,True,True,True,True
EMC,2010,True,True,True,True,True,True,True
EMC,2011,True,True,True,True,True,True,True
EMC,2012,True,True,True,True,True,True,True
EMC,2013,True,True,True,True,True,True,True
EMC,2014,True,True,True,True,True,True,True
EMC,2015,True,True,True,True,True,True,True
EMC,2016,True,True,True,True,True,True,True
EMC,2017,True,True,True,True,True,True,True
EMC,2018,True,True,True,True,True,True,True
EMC,2019,True,True,True,True,True,True,True
EMC,2020,True,True,True,True,True,True,True
EMC,2021,True,True,True,True,True,True,True
EMC,2022,True,True,True,True,True,True,True
EME,2015,True,True,True,True,True,True,True
EME,2016,True,True,True,True,True,True,True
EME,2017,True,True,True,True,True,True,True
EME,2018,True,True,True,True,True,True,True
EME,2019,True,True,True,True,True,True,True
EME,2020,True,True,True,True,True,True,True
EME,2021,True,True,True,True,True,True,True
EME,2022,True,True,True,True,True,True,True
EME,2023,True,True,True,True,True,True,True
EME,2024,True,True,True,True,True,True,True
EME,2025,True,True,True,True,True,True,True
EMG,2011,True,True,True,True,True,True,True
EMG,2012,True,True,True,True,True,True,True
EMG,2013,True,True,True,True,True,True,True
EMG,2014,True,True,True,True,True,True,True
EMG,2015,True,True,True,True,True,True,True
EMG,2016,True,True,True,True,True,True,True
EMG,2017,True,True,True,True,True,True,True
EMG,2018,True,True,True,True,True,True,True
EMG,2019,True,True,True,True,True,True,True
EMG,2020,True,True,True,True,True,True,True
EMG,2021,True,True,True,True,True,True,True
EMG,2022,True,True,True,True,True,True,True
EMG,2023,True,True,True,True,True,True,True
EMG,2024,True,True,True,True,True,True,True
EMG,2025,True,True,True,True,True,True,True
EMS,2016,True,True,True,True,True,True,True
EMS,2017,True,True,True,True,True,True,True
EMS,2018,True,True,True,True,True,True,True
EMS,2019,True,True,True,True,True,True,True
EMS,2020,True,True,True,True,True,True,True
EMS,2021,True,True,True,True,True,True,True
EMS,2022,True,True,True,True,True,True,True
EMS,2023,True,True,True,True,True,True,True
EMS,2024,True,True,True,True,True,True,True
EMS,2025,True,True,True,True,True,True,True
EPC,2020,True,True,True,True,True,True,True
EPC,2021,True,True,True,True,True,True,True
EPC,2022,True,True,True,True,True,True,True
EPC,2023,True,True,True,True,True,True,True
EPC,2024,True,True,True,True,True,True,True
EPH,2017,True,True,True,True,True,True,True
EPH,2018,True,True,True,True,True,True,True
EPH,2019,True,True,True,True,True,True,True
EPH,2020,True,True,True,True,True,True,True
EPH,2021,True,True,True,True,True,True,True
EPH,2022,True,True,True,True,True,True,True
EPH,2023,True,True,True,True,True,True,True
EPH,2024,True,True,True,True,True,True,True
EVE,2009,True,True,True,True,True,True,True
EVE,2010,True,True,True,True,True,True,True
EVE,2011,True,True,True,True,True,True,True
EVE,2012,True,True,True,True,True,True,True
EVE,2013,True,True,True,True,True,True,True
EVE,2014,True,True,True,True,True,True,True
EVE,2015,True,True,True,True,True,True,True
EVE,2016,True,True,True,True,True,True,True
EVE,2017,True,True,True,True,True,True,True
EVE,2018,True,True,True,True,True,True,True
EVE,2019,True,True,True,True,True,True,True
EVE,2020,True,True,True,True,True,True,True
EVE,2021,True,True,True,True,True,True,True
EVE,2022,True,True,True,True,True,True,True
EVE,2023,True,True,True,True,True,True,True
EVE,2024,True,True,True,True,True,True,True
EVE,2025,True,True,True,True,True,True,True
EVG,2017,True,True,True,True,True,True,True
EVG,2018,True,True,True,True,True,True,True
EVG,2019,True,True,True,True,True,True,True
EVG,2020,True,True,True,True,True,True,True
EVG,2021,True,True,True,True,True,True,True
EVG,2022,True,True,True,True,True,True,True
EVG,2023,True,True,True,True,True,True,True
EVG,2024,True,True,True,True,True,True,True
EVG,2025,True,True,True,True,True,True,True
FBA,2009,True,True,True,True,True,True,True
FBA,2010,True,True,True,True,True,True,True
FBA,2011,True,True,True,True,True,True,True
FBA,2012,True,True,True,True,True,True,True
FBC,2017,True,True,True,True,True,True,True
FBC,2018,True,True,True,True,True,True,True
FBC,2019,True,True,True,True,True,True,True
FBC,2020,True,True,True,True,True,True,True
FBC,2021,True,True,True,True,True,True,True
FBC,2022,True,True,True,True,True,True,True
FBC,2023,True,True,True,True,True,True,True
FBC,2024,True,True,True,True,True,True,True
FBC,2025,True,True,True,True,True,True,True
FCC,2012,True,True,True,True,True,True,True
FCC,2013,True,True,True,True,True,True,True
FCC,2014,True,True,True,True,True,True,True
FCC,2015,True,True,True,True,True,True,True
FCC,2016,True,True,True,True,True,True,True
FCC,2017,True,True,True,True,True,True,True
FCC,2018,True,True,True,True,True,True,True
FCC,2019,True,True,True,True,True,True,True
FCM,2010,True,True,True,True,True,True,True
FCM,2011,True,True,True,True,True,True,True
FCM,2012,True,True,True,True,True,True,True
FCM,2013,True,True,True,True,True,True,True
FCM,2014,True,True,True,True,True,True,True
FCM,2015,True,True,True,True,True,True,True
FCM,2016,True,True,True,True,True,True,True
FCM,2017,True,True,True,True,True,True,True
FCM,2018,True,True,True,True,True,True,True
FCM,2019,True,True,True,True,True,True,True
FCM,2020,True,True,True,True,True,True,True
FCM,2021,True,True,True,True,True,True,True
FCM,2022,True,True,True,True,True,True,True
FCM,2023,True,True,True,True,True,True,True
FCM,2024,True,True,True,True,True,True,True
FCM,2025,True,True,True,True,True,True,True
FCN,2009,True,True,True,True,True,True,True
FCN,2010,True,True,True,True,True,True,True
FCN,2011,True,True,True,True,True,True,True
FCN,2012,True,True,True,True,True,True,True
FCN,2013,True,True,True,True,True,True,True
FCN,2014,True,True,True,True,True,True,True
FCN,2015,True,True,True,True,True,True,True
FCN,2016,True,True,True,True,True,True,True
FCN,2017,True,True,True,True,True,True,True
FCN,2018,True,True,True,True,True,True,True
FCN,2020,True,True,True,True,True,True,True
FCN,2021,True,True,True,True,True,True,True
FCN,2022,True,True,True,True,True,True,True
FCN,2023,True,True,True,True,True,True,True
FCN,2024,True,True,True,True,True,True,True
FCN,2025,True,True,True,True,True,True,True
FCS,2015,True,True,True,True,True,True,True
FCS,2018,True,True,True,True,True,True,True
FCS,2019,True,True,True,True,True,True,True
FCS,2025,True,True,True,True,True,True,True
FDC,2009,True,True,True,True,True,True,True
FDC,2010,True,True,True,True,True,True,True
FDC,2011,True,True,True,True,True,True,True
FDC,2012,True,True,True,True,True,True,True
FDC,2013,True,True,True,True,True,True,True
FDC,2014,True,True,True,True,True,True,True
FDC,2015,True,True,True,True,True,True,True
FDC,2016,True,True,True,True,True,True,True
FDC,2017,True,True,True,True,True,True,True
FDC,2018,True,True,True,True,True,True,True
FDC,2019,True,True,True,True,True,True,True
FDC,2020,True,True,True,True,True,True,True
FDC,2021,True,True,True,True,True,True,True
FDC,2022,True,True,True,True,True,True,True
FDC,2023,True,True,True,True,True,True,True
FDC,2024,True,True,True,True,True,True,True
FDC,2025,True,True,True,True,True,True,True
FDG,2009,True,True,True,True,True,True,True
FDG,2010,True,True,True,True,True,True,True
FDG,2011,True,True,True,True,True,True,True
FDG,2012,True,True,True,True,True,True,True
FDG,2013,True,True,True,True,True,True,True
FDG,2014,True,True,True,True,True,True,True
FDG,2015,True,True,True,True,True,True,True
FDG,2016,True,True,True,True,True,True,True
FDG,2017,True,True,True,True,True,True,True
FDG,2018,True,True,True,True,True,True,True
FDT,2009,True,True,True,True,True,True,True
FDT,2010,True,True,True,True,True,True,True
FDT,2011,True,True,True,True,True,True,True
FDT,2012,True,True,True,True,True,True,True
FDT,2013,True,True,True,True,True,True,True
FDT,2014,True,True,True,True,True,True,True
FDT,2015,True,True,True,True,True,True,True
FDT,2016,True,True,True,True,True,True,True
FDT,2017,True,True,True,True,True,True,True
FDT,2018,True,True,True,True,True,True,True
FGL,2019,True,True,True,True,True,True,True
FGL,2020,True,True,True,True,True,True,True
FGL,2021,True,True,True,True,True,True,True
FGL,2022,True,True,True,True,True,True,True
FGL,2023,True,True,True,True,True,True,True
FGL,2024,True,True,True,True,True,True,True
FGL,2025,True,True,True,True,True,True,True
FHN,2015,True,True,True,True,True,True,True
FHN,2016,True,True,True,True,True,True,True
FHN,2017,True,True,True,True,True,True,True
FHN,2018,True,True,True,True,True,True,True
FHN,2019,True,True,True,True,True,True,True
FHN,2020,True,True,True,True,True,True,True
FHN,2021,True,True,True,True,True,True,True
FHN,2022,True,True,True,True,True,True,True
FHN,2023,True,True,True,True,True,True,True
FHN,2024,True,True,True,True,True,True,True
FHN,2025,True,True,True,True,True,True,True
FHS,2017,True,True,True,True,True,True,True
FHS,2018,True,True,True,True,True,True,True
FHS,2019,True,True,True,True,True,True,True
FHS,2020,True,True,True,True,True,True,True
FHS,2021,True,True,True,True,True,True,True
FHS,2022,True,True,True,True,True,True,True
FHS,2023,True,True,True,True,True,True,True
FHS,2024,True,True,True,True,True,True,True
FHS,2025,True,True,True,True,True,True,True
FIC,2015,True,True,True,True,True,True,True
FIC,2016,True,True,True,True,True,True,True
FIC,2017,True,True,True,True,True,True,True
FIC,2018,True,True,True,True,True,True,True
FIC,2019,True,True,True,True,True,True,True
FIC,2020,True,True,True,True,True,True,True
FIC,2021,True,True,True,True,True,True,True
FIC,2022,True,True,True,True,True,True,True
FIC,2023,True,True,True,True,True,True,True
FIC,2024,True,True,True,True,True,True,True
FIC,2025,True,True,True,True,True,True,True
FID,2012,True,True,True,True,True,True,True
FID,2013,True,True,True,True,True,True,True
FID,2014,True,True,True,True,True,True,True
FID,2015,True,True,True,True,True,True,True
FID,2016,True,True,True,True,True,True,True
FID,2017,True,True,True,True,True,True,True
FID,2018,True,True,True,True,True,True,True
FID,2019,True,True,True,True,True,True,True
FID,2020,True,True,True,True,True,True,True
FID,2021,True,True,True,True,True,True,True
FID,2022,True,True,True,True,True,True,True
FID,2023,True,True,True,True,True,True,True
FID,2024,True,True,True,True,True,True,True
FID,2025,True,True,True,True,True,True,True
FIR,2016,True,True,True,True,True,True,True
FIR,2018,True,True,True,True,True,True,True
FIR,2019,True,True,True,True,True,True,True
FIR,2020,True,True,True,True,True,True,True
FIR,2021,True,True,True,True,True,True,True
FIR,2022,True,True,True,True,True,True,True
FIR,2023,True,True,True,True,True,True,True
FIR,2024,True,True,True,True,True,True,True
FIR,2025,True,True,True,True,True,True,True
FIT,2012,True,True,True,True,True,True,True
FIT,2013,True,True,True,True,True,True,True
FIT,2014,True,True,True,True,True,True,True
FIT,2015,True,True,True,True,True,True,True
FIT,2016,True,True,True,True,True,True,True
FIT,2017,True,True,True,True,True,True,True
FIT,2018,True,True,True,True,True,True,True
FIT,2019,True,True,True,True,True,True,True
FIT,2020,True,True,True,True,True,True,True
FIT,2021,True,True,True,True,True,True,True
FIT,2022,True,True,True,True,True,True,True
FIT,2023,True,True,True,True,True,True,True
FIT,2024,True,True,True,True,True,True,True
FIT,2025,True,True,True,True,True,True,True
FLC,2009,True,True,True,True,True,True,True
FLC,2010,True,True,True,True,True,True,True
FLC,2011,True,True,True,True,True,True,True
FLC,2012,True,True,True,True,True,True,True
FLC,2013,True,True,True,True,True,True,True
FLC,2014,True,True,True,True,True,True,True
FLC,2015,True,True,True,True,True,True,True
FLC,2016,True,True,True,True,True,True,True
FLC,2017,True,True,True,True,True,True,True
FLC,2018,True,True,True,True,True,True,True
FLC,2019,True,True,True,True,True,True,True
FLC,2020,True,True,True,True,True,True,True
FLC,2021,True,True,True,True,True,True,True
FMC,2009,True,True,True,True,True,True,True
FMC,2010,True,True,True,True,True,True,True
FMC,2011,True,True,True,True,True,True,True
FMC,2012,True,True,True,True,True,True,True
FMC,2013,True,True,True,True,True,True,True
FMC,2014,True,True,True,True,True,True,True
FMC,2015,True,True,True,True,True,True,True
FMC,2016,True,True,True,True,True,True,True
FMC,2017,True,True,True,True,True,True,True
FMC,2018,True,True,True,True,True,True,True
FMC,2019,True,True,True,True,True,True,True
FMC,2020,True,True,True,True,True,True,True
FMC,2021,True,True,True,True,True,True,True
FMC,2023,True,True,True,True,True,True,True
FMC,2024,True,True,True,True,True,True,True
FMC,2025,True,True,True,True,True,True,True
FOC,2015,True,True,True,True,True,True,True
FOC,2016,True,True,True,True,True,True,True
FOC,2017,True,True,True,True,True,True,True
FOC,2018,True,True,True,True,True,True,True
FOC,2019,True,True,True,True,True,True,True
FOC,2020,True,True,True,True,True,True,True
FOC,2021,True,True,True,True,True,True,True
FOC,2022,True,True,True,True,True,True,True
FOC,2023,True,True,True,True,True,True,True
FOC,2024,True,True,True,True,True,True,True
FOC,2025,True,True,True,True,True,True,True
FOX,2009,True,True,True,True,True,True,True
FOX,2010,True,True,True,True,True,True,True
FOX,2011,True,True,True,True,True,True,True
FOX,2012,True,True,True,True,True,True,True
FOX,2013,True,True,True,True,True,True,True
FOX,2014,True,True,True,True,True,True,True
FOX,2015,True,True,True,True,True,True,True
FOX,2016,True,True,True,True,True,True,True
FOX,2017,True,True,True,True,True,True,True
FOX,2018,True,True,True,True,True,True,True
FOX,2019,True,True,True,True,True,True,True
FOX,2020,True,True,True,True,True,True,True
FOX,2021,True,True,True,True,True,True,True
FOX,2022,True,True,True,True,True,True,True
FOX,2023,True,True,True,True,True,True,True
FOX,2024,True,True,True,True,True,True,True
FOX,2025,True,True,True,True,True,True,True
FPT,2009,True,True,True,True,True,True,True
FPT,2010,True,True,True,True,True,True,True
FPT,2011,True,True,True,True,True,True,True
FPT,2012,True,True,True,True,True,True,True
FPT,2013,True,True,True,True,True,True,True
FPT,2014,True,True,True,True,True,True,True
FPT,2015,True,True,True,True,True,True,True
FPT,2016,True,True,True,True,True,True,True
FPT,2017,True,True,True,True,True,True,True
FPT,2018,True,True,True,True,True,True,True
FPT,2019,True,True,True,True,True,True,True
FPT,2020,True,True,True,True,True,True,True
FPT,2021,True,True,True,True,True,True,True
FPT,2022,True,True,True,True,True,True,True
FPT,2023,True,True,True,True,True,True,True
FPT,2024,True,True,True,True,True,True,True
FPT,2025,True,True,True,True,True,True,True
FRC,2017,True,True,True,True,True,True,True
FRC,2018,True,True,True,True,True,True,True
FRC,2019,True,True,True,True,True,True,True
FRC,2020,True,True,True,True,True,True,True
FRC,2021,True,True,True,True,True,True,True
FRC,2022,True,True,True,True,True,True,True
FRC,2023,True,True,True,True,True,True,True
FRC,2024,True,True,True,True,True,True,True
FRC,2025,True,True,True,True,True,True,True
FRM,2014,True,True,True,True,True,True,True
FRM,2015,True,True,True,True,True,True,True
FRM,2017,True,True,True,True,True,True,True
FRM,2018,True,True,True,True,True,True,True
FRM,2019,True,True,True,True,True,True,True
FRM,2020,True,True,True,True,True,True,True
FRM,2021,True,True,True,True,True,True,True
FRM,2023,True,True,True,True,True,True,True
FRM,2024,True,True,True,True,True,True,True
FRM,2025,True,True,True,True,True,True,True
FRT,2016,True,True,True,True,True,True,True
FRT,2017,True,True,True,True,True,True,True
FRT,2018,True,True,True,True,True,True,True
FRT,2019,True,True,True,True,True,True,True
FRT,2020,True,True,True,True,True,True,True
FRT,2021,True,True,True,True,True,True,True
FRT,2022,True,True,True,True,True,True,True
FRT,2023,True,True,True,True,True,True,True
FRT,2024,True,True,True,True,True,True,True
FRT,2025,True,True,True,True,True,True,True
FSO,2014,True,True,True,True,True,True,True
FSO,2015,True,True,True,True,True,True,True
FSO,2016,True,True,True,True,True,True,True
FSO,2017,True,True,True,True,True,True,True
FSO,2018,True,True,True,True,True,True,True
FSO,2019,True,True,True,True,True,True,True
FSO,2020,True,True,True,True,True,True,True
FSO,2021,True,True,True,True,True,True,True
FSO,2022,True,True,True,True,True,True,True
FSO,2023,True,True,True,True,True,True,True
FSO,2024,True,True,True,True,True,True,True
FSO,2025,True,True,True,True,True,True,True
FT1,2015,True,True,True,True,True,True,True
FT1,2016,True,True,True,True,True,True,True
FT1,2017,True,True,True,True,True,True,True
FT1,2018,True,True,True,True,True,True,True
FT1,2019,True,True,True,True,True,True,True
FT1,2020,True,True,True,True,True,True,True
FT1,2021,True,True,True,True,True,True,True
FT1,2022,True,True,True,True,True,True,True
FT1,2023,True,True,True,True,True,True,True
FT1,2024,True,True,True,True,True,True,True
FT1,2025,True,True,True,True,True,True,True
FTI,2017,True,True,True,True,True,True,True
FTI,2018,True,True,True,True,True,True,True
FTI,2019,True,True,True,True,True,True,True
FTM,2013,True,True,True,True,True,True,True
FTM,2014,True,True,True,True,True,True,True
FTM,2015,True,True,True,True,True,True,True
FTM,2017,True,True,True,True,True,True,True
FTM,2018,True,True,True,True,True,True,True
FTM,2019,True,True,True,True,True,True,True
FTM,2020,True,True,True,True,True,True,True
FTM,2021,True,True,True,True,True,True,True
FTM,2023,True,True,True,True,True,True,True
FTM,2024,True,True,True,True,True,True,True
FTM,2025,True,True,True,True,True,True,True
G20,2015,True,True,True,True,True,True,True
G20,2017,True,True,True,True,True,True,True
G20,2018,True,True,True,True,True,True,True
G20,2021,True,True,True,True,True,True,True
G20,2023,True,True,True,True,True,True,True
G36,2015,True,True,True,True,True,True,True
G36,2016,True,True,True,True,True,True,True
G36,2017,True,True,True,True,True,True,True
G36,2018,True,True,True,True,True,True,True
G36,2019,True,True,True,True,True,True,True
G36,2021,True,True,True,True,True,True,True
G36,2022,True,True,True,True,True,True,True
G36,2023,True,True,True,True,True,True,True
G36,2024,True,True,True,True,True,True,True
G36,2025,True,True,True,True,True,True,True
GAB,2017,True,True,True,True,True,True,True
GAB,2019,True,True,True,True,True,True,True
GAB,2020,True,True,True,True,True,True,True
GAB,2021,True,True,True,True,True,True,True
GAB,2023,True,True,True,True,True,True,True
GAS,2009,True,True,True,True,True,True,True
GAS,2010,True,True,True,True,True,True,True
GAS,2011,True,True,True,True,True,True,True
GAS,2012,True,True,True,True,True,True,True
GAS,2013,True,True,True,True,True,True,True
GAS,2014,True,True,True,True,True,True,True
GAS,2015,True,True,True,True,True,True,True
GAS,2016,True,True,True,True,True,True,True
GAS,2017,True,True,True,True,True,True,True
GAS,2018,True,True,True,True,True,True,True
GAS,2019,True,True,True,True,True,True,True
GAS,2020,True,True,True,True,True,True,True
GAS,2021,True,True,True,True,True,True,True
GAS,2022,True,True,True,True,True,True,True
GAS,2023,True,True,True,True,True,True,True
GAS,2024,True,True,True,True,True,True,True
GAS,2025,True,True,True,True,True,True,True
GCB,2010,True,True,True,True,True,True,True
GCB,2011,True,True,True,True,True,True,True
GCB,2012,True,True,True,True,True,True,True
GCB,2013,True,True,True,True,True,True,True
GCB,2014,True,True,True,True,True,True,True
GCB,2015,True,True,True,True,True,True,True
GCB,2017,True,True,True,True,True,True,True
GCB,2018,True,True,True,True,True,True,True
GCB,2019,True,True,True,True,True,True,True
GCB,2020,True,True,True,True,True,True,True
GCB,2021,True,True,True,True,True,True,True
GCB,2022,True,True,True,True,True,True,True
GCB,2023,True,True,True,True,True,True,True
GCB,2024,True,True,True,True,True,True,True
GCB,2025,True,True,True,True,True,True,True
GCF,2020,True,True,True,True,True,True,True
GCF,2021,True,True,True,True,True,True,True
GCF,2022,True,True,True,True,True,True,True
GCF,2023,True,True,True,True,True,True,True
GCF,2024,True,True,True,True,True,True,True
GCF,2025,True,True,True,True,True,True,True
GDA,2020,True,True,True,True,True,True,True
GDA,2021,True,True,True,True,True,True,True
GDA,2022,True,True,True,True,True,True,True
GDA,2023,True,True,True,True,True,True,True
GDA,2024,True,True,True,True,True,True,True
GDA,2025,True,True,True,True,True,True,True
GDT,2009,True,True,True,True,True,True,True
GDT,2010,True,True,True,True,True,True,True
GDT,2011,True,True,True,True,True,True,True
GDT,2012,True,True,True,True,True,True,True
GDT,2013,True,True,True,True,True,True,True
GDT,2014,True,True,True,True,True,True,True
GDT,2015,True,True,True,True,True,True,True
GDT,2016,True,True,True,True,True,True,True
GDT,2017,True,True,True,True,True,True,True
GDT,2018,True,True,True,True,True,True,True
GDT,2019,True,True,True,True,True,True,True
GDT,2020,True,True,True,True,True,True,True
GDT,2021,True,True,True,True,True,True,True
GDT,2022,True,True,True,True,True,True,True
GDT,2023,True,True,True,True,True,True,True
GDT,2024,True,True,True,True,True,True,True
GDT,2025,True,True,True,True,True,True,True
GDW,2009,True,True,True,True,True,True,True
GDW,2010,True,True,True,True,True,True,True
GDW,2011,True,True,True,True,True,True,True
GDW,2012,True,True,True,True,True,True,True
GDW,2013,True,True,True,True,True,True,True
GDW,2014,True,True,True,True,True,True,True
GDW,2015,True,True,True,True,True,True,True
GDW,2016,True,True,True,True,True,True,True
GDW,2017,True,True,True,True,True,True,True
GDW,2018,True,True,True,True,True,True,True
GDW,2019,True,True,True,True,True,True,True
GDW,2020,True,True,True,True,True,True,True
GDW,2021,True,True,True,True,True,True,True
GDW,2022,True,True,True,True,True,True,True
GDW,2023,True,True,True,True,True,True,True
GDW,2024,True,True,True,True,True,True,True
GDW,2025,True,True,True,True,True,True,True
GE2,2019,True,True,True,True,True,True,True
GE2,2020,True,True,True,True,True,True,True
GE2,2021,True,True,True,True,True,True,True
GEE,2019,True,True,True,True,True,True,True
GEE,2020,True,True,True,True,True,True,True
GEE,2021,True,True,True,True,True,True,True
GEE,2022,True,True,True,True,True,True,True
GEE,2023,True,True,True,True,True,True,True
GEE,2024,True,True,True,True,True,True,True
GEE,2025,True,True,True,True,True,True,True
GEG,2011,True,True,True,True,True,True,True
GEG,2013,True,True,True,True,True,True,True
GEG,2015,True,True,True,True,True,True,True
GEG,2016,True,True,True,True,True,True,True
GEG,2017,True,True,True,True,True,True,True
GEG,2018,True,True,True,True,True,True,True
GEG,2019,True,True,True,True,True,True,True
GEG,2020,True,True,True,True,True,True,True
GEG,2021,True,True,True,True,True,True,True
GEG,2022,True,True,True,True,True,True,True
GEG,2023,True,True,True,True,True,True,True
GEG,2024,True,True,True,True,True,True,True
GEG,2025,True,True,True,True,True,True,True
GER,2010,True,True,True,True,True,True,True
GER,2011,True,True,True,True,True,True,True
GER,2012,True,True,True,True,True,True,True
GER,2013,True,True,True,True,True,True,True
GER,2014,True,True,True,True,True,True,True
GER,2015,True,True,True,True,True,True,True
GER,2016,True,True,True,True,True,True,True
GER,2017,True,True,True,True,True,True,True
GER,2018,True,True,True,True,True,True,True
GER,2019,True,True,True,True,True,True,True
GER,2020,True,True,True,True,True,True,True
GER,2021,True,True,True,True,True,True,True
GER,2022,True,True,True,True,True,True,True
GER,2023,True,True,True,True,True,True,True
GER,2024,True,True,True,True,True,True,True
GER,2025,True,True,True,True,True,True,True
GEX,2011,True,True,True,True,True,True,True
GEX,2012,True,True,True,True,True,True,True
GEX,2013,True,True,True,True,True,True,True
GEX,2014,True,True,True,True,True,True,True
GEX,2015,True,True,True,True,True,True,True
GEX,2016,True,True,True,True,True,True,True
GEX,2017,True,True,True,True,True,True,True
GEX,2018,True,True,True,True,True,True,True
GEX,2019,True,True,True,True,True,True,True
GEX,2020,True,True,True,True,True,True,True
GEX,2021,True,True,True,True,True,True,True
GEX,2022,True,True,True,True,True,True,True
GEX,2023,True,True,True,True,True,True,True
GEX,2024,True,True,True,True,True,True,True
GEX,2025,True,True,True,True,True,True,True
GFC,2009,True,True,True,True,True,True,True
GFC,2010,True,True,True,True,True,True,True
GFC,2011,True,True,True,True,True,True,True
GFC,2012,True,True,True,True,True,True,True
GGG,2009,True,True,True,True,True,True,True
GGG,2010,True,True,True,True,True,True,True
GGG,2011,True,True,True,True,True,True,True
GGG,2012,True,True,True,True,True,True,True
GGG,2013,True,True,True,True,True,True,True
GGG,2014,True,True,True,True,True,True,True
GGG,2015,True,True,True,True,True,True,True
GGG,2016,True,True,True,True,True,True,True
GGG,2017,True,True,True,True,True,True,True
GGG,2018,True,True,True,True,True,True,True
GGG,2019,True,True,True,True,True,True,True
GGG,2020,True,True,True,True,True,True,True
GGG,2021,True,True,True,True,True,True,True
GGG,2022,True,True,True,True,True,True,True
GGG,2023,True,True,True,True,True,True,True
GGG,2024,True,True,True,True,True,True,True
GGG,2025,True,True,True,True,True,True,True
GGS,2013,True,True,True,True,True,True,True
GGS,2015,True,True,True,True,True,True,True
GGS,2017,True,True,True,True,True,True,True
GGS,2019,True,True,True,True,True,True,True
GGS,2020,True,True,True,True,True,True,True
GGS,2021,True,True,True,True,True,True,True
GH3,2019,True,True,True,True,True,True,True
GH3,2020,True,True,True,True,True,True,True
GH3,2021,True,True,True,True,True,True,True
GH3,2022,True,True,True,True,True,True,True
GH3,2023,True,True,True,True,True,True,True
GH3,2024,True,True,True,True,True,True,True
GH3,2025,True,True,True,True,True,True,True
GHC,2010,True,True,True,True,True,True,True
GHC,2011,True,True,True,True,True,True,True
GHC,2012,True,True,True,True,True,True,True
GHC,2013,True,True,True,True,True,True,True
GHC,2015,True,True,True,True,True,True,True
GHC,2016,True,True,True,True,True,True,True
GHC,2017,True,True,True,True,True,True,True
GHC,2018,True,True,True,True,True,True,True
GHC,2019,True,True,True,True,True,True,True
GHC,2020,True,True,True,True,True,True,True
GHC,2021,True,True,True,True,True,True,True
GHC,2022,True,True,True,True,True,True,True
GHC,2023,True,True,True,True,True,True,True
GHC,2024,True,True,True,True,True,True,True
GHC,2025,True,True,True,True,True,True,True
GIC,2018,True,True,True,True,True,True,True
GIC,2019,True,True,True,True,True,True,True
GIC,2020,True,True,True,True,True,True,True
GIC,2021,True,True,True,True,True,True,True
GIC,2022,True,True,True,True,True,True,True
GIC,2023,True,True,True,True,True,True,True
GIC,2024,True,True,True,True,True,True,True
GIC,2025,True,True,True,True,True,True,True
GIL,2009,True,True,True,True,True,True,True
GIL,2010,True,True,True,True,True,True,True
GIL,2011,True,True,True,True,True,True,True
GIL,2012,True,True,True,True,True,True,True
GIL,2013,True,True,True,True,True,True,True
GIL,2014,True,True,True,True,True,True,True
GIL,2015,True,True,True,True,True,True,True
GIL,2016,True,True,True,True,True,True,True
GIL,2017,True,True,True,True,True,True,True
GIL,2018,True,True,True,True,True,True,True
GIL,2019,True,True,True,True,True,True,True
GIL,2020,True,True,True,True,True,True,True
GIL,2021,True,True,True,True,True,True,True
GIL,2022,True,True,True,True,True,True,True
GIL,2023,True,True,True,True,True,True,True
GIL,2024,True,True,True,True,True,True,True
GIL,2025,True,True,True,True,True,True,True
GKM,2016,True,True,True,True,True,True,True
GKM,2017,True,True,True,True,True,True,True
GKM,2018,True,True,True,True,True,True,True
GKM,2019,True,True,True,True,True,True,True
GKM,2020,True,True,True,True,True,True,True
GKM,2021,True,True,True,True,True,True,True
GKM,2023,True,True,True,True,True,True,True
GKM,2024,True,True,True,True,True,True,True
GKM,2025,True,True,True,True,True,True,True
GLC,2016,True,True,True,True,True,True,True
GLC,2017,True,True,True,True,True,True,True
GLC,2018,True,True,True,True,True,True,True
GLC,2019,True,True,True,True,True,True,True
GLC,2020,True,True,True,True,True,True,True
GLC,2021,True,True,True,True,True,True,True
GLC,2022,True,True,True,True,True,True,True
GLC,2023,True,True,True,True,True,True,True
GLC,2024,True,True,True,True,True,True,True
GLC,2025,True,True,True,True,True,True,True
GLT,2009,True,True,True,True,True,True,True
GLT,2010,True,True,True,True,True,True,True
GLT,2011,True,True,True,True,True,True,True
GLT,2014,True,True,True,True,True,True,True
GLT,2015,True,True,True,True,True,True,True
GLT,2016,True,True,True,True,True,True,True
GLT,2017,True,True,True,True,True,True,True
GLT,2018,True,True,True,True,True,True,True
GLT,2019,True,True,True,True,True,True,True
GLT,2020,True,True,True,True,True,True,True
GLT,2021,True,True,True,True,True,True,True
GLT,2022,True,True,True,True,True,True,True
GLT,2023,True,True,True,True,True,True,True
GLW,2017,True,True,True,True,True,True,True
GLW,2018,True,True,True,True,True,True,True
GLW,2019,True,True,True,True,True,True,True
GLW,2020,True,True,True,True,True,True,True
GLW,2021,True,True,True,True,True,True,True
GLW,2022,True,True,True,True,True,True,True
GLW,2023,True,True,True,True,True,True,True
GLW,2024,True,True,True,True,True,True,True
GLW,2025,True,True,True,True,True,True,True
GMA,2018,True,True,True,True,True,True,True
GMA,2019,True,True,True,True,True,True,True
GMA,2020,True,True,True,True,True,True,True
GMA,2021,True,True,True,True,True,True,True
GMA,2022,True,True,True,True,True,True,True
GMA,2023,True,True,True,True,True,True,True
GMA,2024,True,True,True,True,True,True,True
GMA,2025,True,True,True,True,True,True,True
GMC,2009,True,True,True,True,True,True,True
GMC,2010,True,True,True,True,True,True,True
GMC,2011,True,True,True,True,True,True,True
GMC,2012,True,True,True,True,True,True,True
GMC,2013,True,True,True,True,True,True,True
GMC,2014,True,True,True,True,True,True,True
GMC,2015,True,True,True,True,True,True,True
GMC,2016,True,True,True,True,True,True,True
GMC,2017,True,True,True,True,True,True,True
GMC,2018,True,True,True,True,True,True,True
GMC,2019,True,True,True,True,True,True,True
GMC,2020,True,True,True,True,True,True,True
GMC,2021,True,True,True,True,True,True,True
GMC,2022,True,True,True,True,True,True,True
GMC,2023,True,True,True,True,True,True,True
GMC,2024,True,True,True,True,True,True,True
GMC,2025,True,True,True,True,True,True,True
GMD,2009,True,True,True,True,True,True,True
GMD,2010,True,True,True,True,True,True,True
GMD,2011,True,True,True,True,True,True,True
GMD,2012,True,True,True,True,True,True,True
GMD,2013,True,True,True,True,True,True,True
GMD,2014,True,True,True,True,True,True,True
GMD,2015,True,True,True,True,True,True,True
GMD,2016,True,True,True,True,True,True,True
GMD,2017,True,True,True,True,True,True,True
GMD,2018,True,True,True,True,True,True,True
GMD,2019,True,True,True,True,True,True,True
GMD,2020,True,True,True,True,True,True,True
GMD,2021,True,True,True,True,True,True,True
GMD,2022,True,True,True,True,True,True,True
GMD,2023,True,True,True,True,True,True,True
GMD,2024,True,True,True,True,True,True,True
GMD,2025,True,True,True,True,True,True,True
GMH,2018,True,True,True,True,True,True,True
GMH,2019,True,True,True,True,True,True,True
GMH,2020,True,True,True,True,True,True,True
GMH,2021,True,True,True,True,True,True,True
GMH,2022,True,True,True,True,True,True,True
GMH,2023,True,True,True,True,True,True,True
GMH,2024,True,True,True,True,True,True,True
GMH,2025,True,True,True,True,True,True,True
GMX,2009,True,True,True,True,True,True,True
GMX,2010,True,True,True,True,True,True,True
GMX,2011,True,True,True,True,True,True,True
GMX,2012,True,True,True,True,True,True,True
GMX,2013,True,True,True,True,True,True,True
GMX,2014,True,True,True,True,True,True,True
GMX,2015,True,True,True,True,True,True,True
GMX,2016,True,True,True,True,True,True,True
GMX,2017,True,True,True,True,True,True,True
GMX,2018,True,True,True,True,True,True,True
GMX,2019,True,True,True,True,True,True,True
GMX,2020,True,True,True,True,True,True,True
GMX,2021,True,True,True,True,True,True,True
GMX,2022,True,True,True,True,True,True,True
GMX,2023,True,True,True,True,True,True,True
GMX,2024,True,True,True,True,True,True,True
GMX,2025,True,True,True,True,True,True,True
GND,2014,True,True,True,True,True,True,True
GND,2015,True,True,True,True,True,True,True
GND,2016,True,True,True,True,True,True,True
GND,2017,True,True,True,True,True,True,True
GND,2019,True,True,True,True,True,True,True
GND,2020,True,True,True,True,True,True,True
GND,2021,True,True,True,True,True,True,True
GND,2022,True,True,True,True,True,True,True
GND,2023,True,True,True,True,True,True,True
GND,2024,True,True,True,True,True,True,True
GND,2025,True,True,True,True,True,True,True
GPC,2018,True,True,True,True,True,True,True
GPC,2019,True,True,True,True,True,True,True
GPC,2021,True,True,True,True,True,True,True
GPC,2022,True,True,True,True,True,True,True
GPC,2023,True,True,True,True,True,True,True
GPC,2024,True,True,True,True,True,True,True
GPC,2025,True,True,True,True,True,True,True
GSM,2013,True,True,True,True,True,True,True
GSM,2014,True,True,True,True,True,True,True
GSM,2015,True,True,True,True,True,True,True
GSM,2016,True,True,True,True,True,True,True
GSM,2017,True,True,True,True,True,True,True
GSM,2018,True,True,True,True,True,True,True
GSM,2019,True,True,True,True,True,True,True
GSM,2020,True,True,True,True,True,True,True
GSM,2021,True,True,True,True,True,True,True
GSM,2022,True,True,True,True,True,True,True
GSM,2023,True,True,True,True,True,True,True
GSM,2024,True,True,True,True,True,True,True
GSM,2025,True,True,True,True,True,True,True
GSP,2009,True,True,True,True,True,True,True
GSP,2011,True,True,True,True,True,True,True
GSP,2012,True,True,True,True,True,True,True
GSP,2013,True,True,True,True,True,True,True
GSP,2014,True,True,True,True,True,True,True
GSP,2015,True,True,True,True,True,True,True
GSP,2016,True,True,True,True,True,True,True
GSP,2017,True,True,True,True,True,True,True
GSP,2018,True,True,True,True,True,True,True
GSP,2019,True,True,True,True,True,True,True
GSP,2020,True,True,True,True,True,True,True
GSP,2021,True,True,True,True,True,True,True
GSP,2022,True,True,True,True,True,True,True
GSP,2023,True,True,True,True,True,True,True
GSP,2024,True,True,True,True,True,True,True
GSP,2025,True,True,True,True,True,True,True
GTA,2010,True,True,True,True,True,True,True
GTA,2011,True,True,True,True,True,True,True
GTA,2012,True,True,True,True,True,True,True
GTA,2013,True,True,True,True,True,True,True
GTA,2014,True,True,True,True,True,True,True
GTA,2015,True,True,True,True,True,True,True
GTA,2016,True,True,True,True,True,True,True
GTA,2017,True,True,True,True,True,True,True
GTA,2018,True,True,True,True,True,True,True
GTA,2019,True,True,True,True,True,True,True
GTA,2020,True,True,True,True,True,True,True
GTA,2021,True,True,True,True,True,True,True
GTA,2022,True,True,True,True,True,True,True
GTA,2023,True,True,True,True,True,True,True
GTA,2025,True,True,True,True,True,True,True
GTC,2012,True,True,True,True,True,True,True
GTC,2013,True,True,True,True,True,True,True
GTC,2014,True,True,True,True,True,True,True
GTC,2015,True,True,True,True,True,True,True
GTC,2016,True,True,True,True,True,True,True
GTC,2017,True,True,True,True,True,True,True
GTD,2016,True,True,True,True,True,True,True
GTD,2017,True,True,True,True,True,True,True
GTD,2018,True,True,True,True,True,True,True
GTD,2019,True,True,True,True,True,True,True
GTD,2020,True,True,True,True,True,True,True
GTD,2021,True,True,True,True,True,True,True
GTD,2022,True,True,True,True,True,True,True
GTD,2023,True,True,True,True,True,True,True
GTD,2024,True,True,True,True,True,True,True
GTD,2025,True,True,True,True,True,True,True
GTH,2012,True,True,True,True,True,True,True
GTH,2013,True,True,True,True,True,True,True
GTH,2014,True,True,True,True,True,True,True
GTH,2015,True,True,True,True,True,True,True
GTH,2016,True,True,True,True,True,True,True
GTH,2017,True,True,True,True,True,True,True
GTH,2018,True,True,True,True,True,True,True
GTH,2019,True,True,True,True,True,True,True
GTH,2020,True,True,True,True,True,True,True
GTH,2021,True,True,True,True,True,True,True
GTH,2022,True,True,True,True,True,True,True
GTK,2018,True,True,True,True,True,True,True
GTK,2019,True,True,True,True,True,True,True
GTN,2012,True,True,True,True,True,True,True
GTN,2013,True,True,True,True,True,True,True
GTN,2014,True,True,True,True,True,True,True
GTN,2015,True,True,True,True,True,True,True
GTN,2016,True,True,True,True,True,True,True
GTN,2017,True,True,True,True,True,True,True
GTN,2018,True,True,True,True,True,True,True
GTN,2019,True,True,True,True,True,True,True
GTN,2020,True,True,True,True,True,True,True
GTN,2021,True,True,True,True,True,True,True
GTS,2014,True,True,True,True,True,True,True
GTS,2016,True,True,True,True,True,True,True
GTS,2017,True,True,True,True,True,True,True
GTS,2018,True,True,True,True,True,True,True
GTS,2019,True,True,True,True,True,True,True
GTS,2020,True,True,True,True,True,True,True
GTS,2021,True,True,True,True,True,True,True
GTS,2022,True,True,True,True,True,True,True
GTS,2023,True,True,True,True,True,True,True
GTS,2024,True,True,True,True,True,True,True
GTS,2025,True,True,True,True,True,True,True
GTT,2009,True,True,True,True,True,True,True
GTT,2010,True,True,True,True,True,True,True
GTT,2011,True,True,True,True,True,True,True
GTT,2012,True,True,True,True,True,True,True
GTT,2013,True,True,True,True,True,True,True
GTT,2014,True,True,True,True,True,True,True
GTT,2015,True,True,True,True,True,True,True
GTT,2016,True,True,True,True,True,True,True
GTT,2017,True,True,True,True,True,True,True
GTT,2018,True,True,True,True,True,True,True
GTT,2019,True,True,True,True,True,True,True
GVR,2014,True,True,True,True,True,True,True
GVR,2015,True,True,True,True,True,True,True
GVR,2016,True,True,True,True,True,True,True
GVR,2017,True,True,True,True,True,True,True
GVR,2018,True,True,True,True,True,True,True
GVR,2019,True,True,True,True,True,True,True
GVR,2020,True,True,True,True,True,True,True
GVR,2021,True,True,True,True,True,True,True
GVR,2022,True,True,True,True,True,True,True
GVR,2023,True,True,True,True,True,True,True
GVR,2024,True,True,True,True,True,True,True
GVR,2025,True,True,True,True,True,True,True
GVT,2010,True,True,True,True,True,True,True
GVT,2011,True,True,True,True,True,True,True
GVT,2012,True,True,True,True,True,True,True
GVT,2013,True,True,True,True,True,True,True
GVT,2014,True,True,True,True,True,True,True
GVT,2015,True,True,True,True,True,True,True
GVT,2016,True,True,True,True,True,True,True
GVT,2017,True,True,True,True,True,True,True
GVT,2018,True,True,True,True,True,True,True
GVT,2019,True,True,True,True,True,True,True
GVT,2020,True,True,True,True,True,True,True
GVT,2021,True,True,True,True,True,True,True
GVT,2022,True,True,True,True,True,True,True
GVT,2023,True,True,True,True,True,True,True
GVT,2024,True,True,True,True,True,True,True
GVT,2025,True,True,True,True,True,True,True
H11,2010,True,True,True,True,True,True,True
H11,2011,True,True,True,True,True,True,True
H11,2012,True,True,True,True,True,True,True
H11,2013,True,True,True,True,True,True,True
H11,2014,True,True,True,True,True,True,True
H11,2015,True,True,True,True,True,True,True
H11,2016,True,True,True,True,True,True,True
H11,2017,True,True,True,True,True,True,True
H11,2018,True,True,True,True,True,True,True
H11,2019,True,True,True,True,True,True,True
H11,2020,True,True,True,True,True,True,True
H11,2021,True,True,True,True,True,True,True
H11,2022,True,True,True,True,True,True,True
H11,2023,True,True,True,True,True,True,True
H11,2024,True,True,True,True,True,True,True
H11,2025,True,True,True,True,True,True,True
HAB,2016,True,True,True,True,True,True,True
HAB,2017,True,True,True,True,True,True,True
HAB,2018,True,True,True,True,True,True,True
HAB,2020,True,True,True,True,True,True,True
HAB,2021,True,True,True,True,True,True,True
HAD,2009,True,True,True,True,True,True,True
HAD,2010,True,True,True,True,True,True,True
HAD,2011,True,True,True,True,True,True,True
HAD,2012,True,True,True,True,True,True,True
HAD,2013,True,True,True,True,True,True,True
HAD,2014,True,True,True,True,True,True,True
HAD,2015,True,True,True,True,True,True,True
HAD,2016,True,True,True,True,True,True,True
HAD,2017,True,True,True,True,True,True,True
HAD,2018,True,True,True,True,True,True,True
HAD,2019,True,True,True,True,True,True,True
HAD,2020,True,True,True,True,True,True,True
HAD,2021,True,True,True,True,True,True,True
HAD,2022,True,True,True,True,True,True,True
HAD,2023,True,True,True,True,True,True,True
HAD,2024,True,True,True,True,True,True,True
HAD,2025,True,True,True,True,True,True,True
HAF,2017,True,True,True,True,True,True,True
HAF,2018,True,True,True,True,True,True,True
HAF,2019,True,True,True,True,True,True,True
HAF,2020,True,True,True,True,True,True,True
HAF,2021,True,True,True,True,True,True,True
HAF,2022,True,True,True,True,True,True,True
HAF,2023,True,True,True,True,True,True,True
HAF,2024,True,True,True,True,True,True,True
HAF,2025,True,True,True,True,True,True,True
HAG,2009,True,True,True,True,True,True,True
HAG,2010,True,True,True,True,True,True,True
HAG,2011,True,True,True,True,True,True,True
HAG,2012,True,True,True,True,True,True,True
HAG,2013,True,True,True,True,True,True,True
HAG,2014,True,True,True,True,True,True,True
HAG,2015,True,True,True,True,True,True,True
HAG,2016,True,True,True,True,True,True,True
HAG,2017,True,True,True,True,True,True,True
HAG,2018,True,True,True,True,True,True,True
HAG,2019,True,True,True,True,True,True,True
HAG,2020,True,True,True,True,True,True,True
HAG,2021,True,True,True,True,True,True,True
HAG,2022,True,True,True,True,True,True,True
HAG,2023,True,True,True,True,True,True,True
HAG,2024,True,True,True,True,True,True,True
HAG,2025,True,True,True,True,True,True,True
HAH,2011,True,True,True,True,True,True,True
HAH,2012,True,True,True,True,True,True,True
HAH,2013,True,True,True,True,True,True,True
HAH,2014,True,True,True,True,True,True,True
HAH,2015,True,True,True,True,True,True,True
HAH,2016,True,True,True,True,True,True,True
HAH,2017,True,True,True,True,True,True,True
HAH,2018,True,True,True,True,True,True,True
HAH,2019,True,True,True,True,True,True,True
HAH,2020,True,True,True,True,True,True,True
HAH,2021,True,True,True,True,True,True,True
HAH,2022,True,True,True,True,True,True,True
HAH,2023,True,True,True,True,True,True,True
HAH,2024,True,True,True,True,True,True,True
HAH,2025,True,True,True,True,True,True,True
HAI,2016,True,True,True,True,True,True,True
HAI,2018,True,True,True,True,True,True,True
HAI,2019,True,True,True,True,True,True,True
HAI,2020,True,True,True,True,True,True,True
HAI,2021,True,True,True,True,True,True,True
HAI,2022,True,True,True,True,True,True,True
HAI,2024,True,True,True,True,True,True,True
HAM,2015,True,True,True,True,True,True,True
HAM,2016,True,True,True,True,True,True,True
HAM,2017,True,True,True,True,True,True,True
HAM,2018,True,True,True,True,True,True,True
HAM,2019,True,True,True,True,True,True,True
HAM,2020,True,True,True,True,True,True,True
HAM,2021,True,True,True,True,True,True,True
HAM,2022,True,True,True,True,True,True,True
HAM,2023,True,True,True,True,True,True,True
HAM,2024,True,True,True,True,True,True,True
HAM,2025,True,True,True,True,True,True,True
HAN,2015,True,True,True,True,True,True,True
HAN,2016,True,True,True,True,True,True,True
HAN,2017,True,True,True,True,True,True,True
HAN,2018,True,True,True,True,True,True,True
HAN,2019,True,True,True,True,True,True,True
HAN,2020,True,True,True,True,True,True,True
HAN,2021,True,True,True,True,True,True,True
HAN,2022,True,True,True,True,True,True,True
HAN,2023,True,True,True,True,True,True,True
HAN,2024,True,True,True,True,True,True,True
HAN,2025,True,True,True,True,True,True,True
HAP,2009,True,True,True,True,True,True,True
HAP,2010,True,True,True,True,True,True,True
HAP,2011,True,True,True,True,True,True,True
HAP,2012,True,True,True,True,True,True,True
HAP,2013,True,True,True,True,True,True,True
HAP,2014,True,True,True,True,True,True,True
HAP,2015,True,True,True,True,True,True,True
HAP,2016,True,True,True,True,True,True,True
HAP,2017,True,True,True,True,True,True,True
HAP,2018,True,True,True,True,True,True,True
HAP,2019,True,True,True,True,True,True,True
HAP,2020,True,True,True,True,True,True,True
HAP,2021,True,True,True,True,True,True,True
HAP,2022,True,True,True,True,True,True,True
HAP,2023,True,True,True,True,True,True,True
HAP,2024,True,True,True,True,True,True,True
HAP,2025,True,True,True,True,True,True,True
HAR,2009,True,True,True,True,True,True,True
HAR,2010,True,True,True,True,True,True,True
HAR,2011,True,True,True,True,True,True,True
HAR,2012,True,True,True,True,True,True,True
HAR,2013,True,True,True,True,True,True,True
HAR,2014,True,True,True,True,True,True,True
HAR,2015,True,True,True,True,True,True,True
HAR,2016,True,True,True,True,True,True,True
HAR,2017,True,True,True,True,True,True,True
HAR,2018,True,True,True,True,True,True,True
HAR,2019,True,True,True,True,True,True,True
HAR,2020,True,True,True,True,True,True,True
HAR,2021,True,True,True,True,True,True,True
HAR,2022,True,True,True,True,True,True,True
HAR,2023,True,True,True,True,True,True,True
HAR,2024,True,True,True,True,True,True,True
HAR,2025,True,True,True,True,True,True,True
HAS,2009,True,True,True,True,True,True,True
HAS,2010,True,True,True,True,True,True,True
HAS,2011,True,True,True,True,True,True,True
HAS,2012,True,True,True,True,True,True,True
HAS,2013,True,True,True,True,True,True,True
HAS,2014,True,True,True,True,True,True,True
HAS,2015,True,True,True,True,True,True,True
HAS,2016,True,True,True,True,True,True,True
HAS,2017,True,True,True,True,True,True,True
HAS,2018,True,True,True,True,True,True,True
HAS,2019,True,True,True,True,True,True,True
HAS,2020,True,True,True,True,True,True,True
HAS,2021,True,True,True,True,True,True,True
HAS,2022,True,True,True,True,True,True,True
HAS,2023,True,True,True,True,True,True,True
HAS,2024,True,True,True,True,True,True,True
HAS,2025,True,True,True,True,True,True,True
HAT,2010,True,True,True,True,True,True,True
HAT,2011,True,True,True,True,True,True,True
HAT,2012,True,True,True,True,True,True,True
HAT,2013,True,True,True,True,True,True,True
HAT,2014,True,True,True,True,True,True,True
HAT,2015,True,True,True,True,True,True,True
HAT,2016,True,True,True,True,True,True,True
HAT,2017,True,True,True,True,True,True,True
HAT,2018,True,True,True,True,True,True,True
HAT,2019,True,True,True,True,True,True,True
HAT,2020,True,True,True,True,True,True,True
HAT,2021,True,True,True,True,True,True,True
HAT,2022,True,True,True,True,True,True,True
HAT,2023,True,True,True,True,True,True,True
HAT,2024,True,True,True,True,True,True,True
HAT,2025,True,True,True,True,True,True,True
HAX,2009,True,True,True,True,True,True,True
HAX,2010,True,True,True,True,True,True,True
HAX,2011,True,True,True,True,True,True,True
HAX,2012,True,True,True,True,True,True,True
HAX,2013,True,True,True,True,True,True,True
HAX,2014,True,True,True,True,True,True,True
HAX,2015,True,True,True,True,True,True,True
HAX,2016,True,True,True,True,True,True,True
HAX,2017,True,True,True,True,True,True,True
HAX,2018,True,True,True,True,True,True,True
HAX,2019,True,True,True,True,True,True,True
HAX,2020,True,True,True,True,True,True,True
HAX,2021,True,True,True,True,True,True,True
HAX,2022,True,True,True,True,True,True,True
HAX,2023,True,True,True,True,True,True,True
HAX,2024,True,True,True,True,True,True,True
HAX,2025,True,True,True,True,True,True,True
HBC,2009,True,True,True,True,True,True,True
HBC,2010,True,True,True,True,True,True,True
HBC,2011,True,True,True,True,True,True,True
HBC,2012,True,True,True,True,True,True,True
HBC,2013,True,True,True,True,True,True,True
HBC,2014,True,True,True,True,True,True,True
HBC,2015,True,True,True,True,True,True,True
HBC,2016,True,True,True,True,True,True,True
HBC,2017,True,True,True,True,True,True,True
HBC,2018,True,True,True,True,True,True,True
HBC,2019,True,True,True,True,True,True,True
HBC,2020,True,True,True,True,True,True,True
HBC,2021,True,True,True,True,True,True,True
HBC,2022,True,True,True,True,True,True,True
HBC,2023,True,True,True,True,True,True,True
HBC,2024,True,True,True,True,True,True,True
HBC,2025,True,True,True,True,True,True,True
HBD,2009,True,True,True,True,True,True,True
HBD,2010,True,True,True,True,True,True,True
HBD,2011,True,True,True,True,True,True,True
HBD,2012,True,True,True,True,True,True,True
HBD,2013,True,True,True,True,True,True,True
HBD,2014,True,True,True,True,True,True,True
HBD,2015,True,True,True,True,True,True,True
HBD,2016,True,True,True,True,True,True,True
HBD,2017,True,True,True,True,True,True,True
HBD,2018,True,True,True,True,True,True,True
HBD,2019,True,True,True,True,True,True,True
HBD,2020,True,True,True,True,True,True,True
HBD,2021,True,True,True,True,True,True,True
HBD,2022,True,True,True,True,True,True,True
HBD,2023,True,True,True,True,True,True,True
HBD,2024,True,True,True,True,True,True,True
HBD,2025,True,True,True,True,True,True,True
HBE,2011,True,True,True,True,True,True,True
HBE,2012,True,True,True,True,True,True,True
HBE,2013,True,True,True,True,True,True,True
HBE,2014,True,True,True,True,True,True,True
HBE,2015,True,True,True,True,True,True,True
HBE,2016,True,True,True,True,True,True,True
HBE,2017,True,True,True,True,True,True,True
HBE,2018,True,True,True,True,True,True,True
HBE,2019,True,True,True,True,True,True,True
HBE,2020,True,True,True,True,True,True,True
HBH,2014,True,True,True,True,True,True,True
HBH,2015,True,True,True,True,True,True,True
HBH,2016,True,True,True,True,True,True,True
HBH,2017,True,True,True,True,True,True,True
HBH,2018,True,True,True,True,True,True,True
HBH,2019,True,True,True,True,True,True,True
HBH,2020,True,True,True,True,True,True,True
HBH,2021,True,True,True,True,True,True,True
HBH,2022,True,True,True,True,True,True,True
HBH,2023,True,True,True,True,True,True,True
HBH,2024,True,True,True,True,True,True,True
HBH,2025,True,True,True,True,True,True,True
HBI,2015,True,True,True,True,True,True,True
HBW,2016,True,True,True,True,True,True,True
HBW,2017,True,True,True,True,True,True,True
HBW,2018,True,True,True,True,True,True,True
HBW,2019,True,True,True,True,True,True,True
HBW,2020,True,True,True,True,True,True,True
HC3,2012,True,True,True,True,True,True,True
HC3,2013,True,True,True,True,True,True,True
HC3,2014,True,True,True,True,True,True,True
HC3,2015,True,True,True,True,True,True,True
HC3,2016,True,True,True,True,True,True,True
HC3,2017,True,True,True,True,True,True,True
HC3,2018,True,True,True,True,True,True,True
HC3,2019,True,True,True,True,True,True,True
HC3,2020,True,True,True,True,True,True,True
HC3,2021,True,True,True,True,True,True,True
HC3,2022,True,True,True,True,True,True,True
HC3,2023,True,True,True,True,True,True,True
HC3,2024,True,True,True,True,True,True,True
HC3,2025,True,True,True,True,True,True,True
HCB,2009,True,True,True,True,True,True,True
HCB,2010,True,True,True,True,True,True,True
HCB,2011,True,True,True,True,True,True,True
HCB,2012,True,True,True,True,True,True,True
HCB,2013,True,True,True,True,True,True,True
HCB,2014,True,True,True,True,True,True,True
HCB,2015,True,True,True,True,True,True,True
HCB,2016,True,True,True,True,True,True,True
HCB,2017,True,True,True,True,True,True,True
HCB,2018,True,True,True,True,True,True,True
HCB,2019,True,True,True,True,True,True,True
HCB,2020,True,True,True,True,True,True,True
HCB,2021,True,True,True,True,True,True,True
HCB,2022,True,True,True,True,True,True,True
HCB,2023,True,True,True,True,True,True,True
HCB,2024,True,True,True,True,True,True,True
HCC,2012,True,True,True,True,True,True,True
HCC,2013,True,True,True,True,True,True,True
HCC,2014,True,True,True,True,True,True,True
HCC,2015,True,True,True,True,True,True,True
HCC,2018,True,True,True,True,True,True,True
HCC,2019,True,True,True,True,True,True,True
HCC,2020,True,True,True,True,True,True,True
HCC,2021,True,True,True,True,True,True,True
HCC,2022,True,True,True,True,True,True,True
HCC,2023,True,True,True,True,True,True,True
HCC,2024,True,True,True,True,True,True,True
HCC,2025,True,True,True,True,True,True,True
HCD,2013,True,True,True,True,True,True,True
HCD,2014,True,True,True,True,True,True,True
HCD,2015,True,True,True,True,True,True,True
HCD,2016,True,True,True,True,True,True,True
HCD,2017,True,True,True,True,True,True,True
HCD,2018,True,True,True,True,True,True,True
HCD,2019,True,True,True,True,True,True,True
HCD,2020,True,True,True,True,True,True,True
HCD,2021,True,True,True,True,True,True,True
HCD,2022,True,True,True,True,True,True,True
HCD,2023,True,True,True,True,True,True,True
HCD,2024,True,True,True,True,True,True,True
HCD,2025,True,True,True,True,True,True,True
HCI,2009,True,True,True,True,True,True,True
HCI,2010,True,True,True,True,True,True,True
HCI,2011,True,True,True,True,True,True,True
HCI,2012,True,True,True,True,True,True,True
HCI,2013,True,True,True,True,True,True,True
HCI,2014,True,True,True,True,True,True,True
HCI,2015,True,True,True,True,True,True,True
HCI,2016,True,True,True,True,True,True,True
HCI,2017,True,True,True,True,True,True,True
HCI,2018,True,True,True,True,True,True,True
HCI,2019,True,True,True,True,True,True,True
HCI,2020,True,True,True,True,True,True,True
HCI,2021,True,True,True,True,True,True,True
HCI,2022,True,True,True,True,True,True,True
HCI,2023,True,True,True,True,True,True,True
HCI,2024,True,True,True,True,True,True,True
HCI,2025,True,True,True,True,True,True,True
HCS,2016,True,True,True,True,True,True,True
HCS,2017,True,True,True,True,True,True,True
HCS,2018,True,True,True,True,True,True,True
HCS,2019,True,True,True,True,True,True,True
HCS,2020,True,True,True,True,True,True,True
HCT,2009,True,True,True,True,True,True,True
HCT,2010,True,True,True,True,True,True,True
HCT,2012,True,True,True,True,True,True,True
HCT,2013,True,True,True,True,True,True,True
HCT,2014,True,True,True,True,True,True,True
HCT,2015,True,True,True,True,True,True,True
HCT,2016,True,True,True,True,True,True,True
HCT,2017,True,True,True,True,True,True,True
HCT,2018,True,True,True,True,True,True,True
HCT,2019,True,True,True,True,True,True,True
HCT,2020,True,True,True,True,True,True,True
HCT,2021,True,True,True,True,True,True,True
HCT,2022,True,True,True,True,True,True,True
HCT,2023,True,True,True,True,True,True,True
HCT,2024,True,True,True,True,True,True,True
HCT,2025,True,True,True,True,True,True,True
HD2,2013,True,True,True,True,True,True,True
HD2,2014,True,True,True,True,True,True,True
HD2,2015,True,True,True,True,True,True,True
HD2,2016,True,True,True,True,True,True,True
HD2,2017,True,True,True,True,True,True,True
HD2,2018,True,True,True,True,True,True,True
HD2,2019,True,True,True,True,True,True,True
HD2,2020,True,True,True,True,True,True,True
HD2,2021,True,True,True,True,True,True,True
HD2,2022,True,True,True,True,True,True,True
HD2,2023,True,True,True,True,True,True,True
HD2,2024,True,True,True,True,True,True,True
HD2,2025,True,True,True,True,True,True,True
HD3,2018,True,True,True,True,True,True,True
HD3,2019,True,True,True,True,True,True,True
HD6,2013,True,True,True,True,True,True,True
HD6,2016,True,True,True,True,True,True,True
HD6,2017,True,True,True,True,True,True,True
HD6,2019,True,True,True,True,True,True,True
HD6,2020,True,True,True,True,True,True,True
HD6,2021,True,True,True,True,True,True,True
HD6,2023,True,True,True,True,True,True,True
HD6,2024,True,True,True,True,True,True,True
HD6,2025,True,True,True,True,True,True,True
HD8,2017,True,True,True,True,True,True,True
HD8,2018,True,True,True,True,True,True,True
HD8,2019,True,True,True,True,True,True,True
HD8,2020,True,True,True,True,True,True,True
HD8,2021,True,True,True,True,True,True,True
HD8,2022,True,True,True,True,True,True,True
HD8,2023,True,True,True,True,True,True,True
HD8,2024,True,True,True,True,True,True,True
HD8,2025,True,True,True,True,True,True,True
HDA,2011,True,True,True,True,True,True,True
HDA,2012,True,True,True,True,True,True,True
HDA,2014,True,True,True,True,True,True,True
HDA,2016,True,True,True,True,True,True,True
HDA,2017,True,True,True,True,True,True,True
HDA,2018,True,True,True,True,True,True,True
HDA,2019,True,True,True,True,True,True,True
HDA,2020,True,True,True,True,True,True,True
HDA,2021,True,True,True,True,True,True,True
HDA,2022,True,True,True,True,True,True,True
HDA,2023,True,True,True,True,True,True,True
HDA,2024,True,True,True,True,True,True,True
HDA,2025,True,True,True,True,True,True,True
HDC,2013,True,True,True,True,True,True,True
HDC,2015,True,True,True,True,True,True,True
HDC,2016,True,True,True,True,True,True,True
HDC,2017,True,True,True,True,True,True,True
HDC,2018,True,True,True,True,True,True,True
HDC,2019,True,True,True,True,True,True,True
HDC,2020,True,True,True,True,True,True,True
HDC,2021,True,True,True,True,True,True,True
HDC,2022,True,True,True,True,True,True,True
HDC,2023,True,True,True,True,True,True,True
HDC,2024,True,True,True,True,True,True,True
HDC,2025,True,True,True,True,True,True,True
HDG,2009,True,True,True,True,True,True,True
HDG,2010,True,True,True,True,True,True,True
HDG,2011,True,True,True,True,True,True,True
HDG,2012,True,True,True,True,True,True,True
HDG,2013,True,True,True,True,True,True,True
HDG,2014,True,True,True,True,True,True,True
HDG,2015,True,True,True,True,True,True,True
HDG,2016,True,True,True,True,True,True,True
HDG,2017,True,True,True,True,True,True,True
HDG,2018,True,True,True,True,True,True,True
HDG,2019,True,True,True,True,True,True,True
HDG,2020,True,True,True,True,True,True,True
HDG,2021,True,True,True,True,True,True,True
HDG,2022,True,True,True,True,True,True,True
HDG,2023,True,True,True,True,True,True,True
HDG,2024,True,True,True,True,True,True,True
HDG,2025,True,True,True,True,True,True,True
HDM,2010,True,True,True,True,True,True,True
HDM,2011,True,True,True,True,True,True,True
HDM,2013,True,True,True,True,True,True,True
HDM,2014,True,True,True,True,True,True,True
HDM,2015,True,True,True,True,True,True,True
HDM,2016,True,True,True,True,True,True,True
HDM,2017,True,True,True,True,True,True,True
HDM,2018,True,True,True,True,True,True,True
HDM,2019,True,True,True,True,True,True,True
HDM,2020,True,True,True,True,True,True,True
HDM,2021,True,True,True,True,True,True,True
HDM,2022,True,True,True,True,True,True,True
HDM,2023,True,True,True,True,True,True,True
HDM,2024,True,True,True,True,True,True,True
HDM,2025,True,True,True,True,True,True,True
HDO,2009,True,True,True,True,True,True,True
HDO,2010,True,True,True,True,True,True,True
HDO,2011,True,True,True,True,True,True,True
HDO,2012,True,True,True,True,True,True,True
HDO,2013,True,True,True,True,True,True,True
HDO,2014,True,True,True,True,True,True,True
HDO,2015,True,True,True,True,True,True,True
HDO,2016,True,True,True,True,True,True,True
HDO,2017,True,True,True,True,True,True,True
HDO,2018,True,True,True,True,True,True,True
HDO,2019,True,True,True,True,True,True,True
HDP,2013,True,True,True,True,True,True,True
HDP,2014,True,True,True,True,True,True,True
HDP,2015,True,True,True,True,True,True,True
HDP,2016,True,True,True,True,True,True,True
HDP,2017,True,True,True,True,True,True,True
HDP,2018,True,True,True,True,True,True,True
HDP,2019,True,True,True,True,True,True,True
HDP,2020,True,True,True,True,True,True,True
HDP,2021,True,True,True,True,True,True,True
HDP,2022,True,True,True,True,True,True,True
HDP,2023,True,True,True,True,True,True,True
HDP,2024,True,True,True,True,True,True,True
HDP,2025,True,True,True,True,True,True,True
HDS,2022,True,True,True,True,True,True,True
HDS,2023,True,True,True,True,True,True,True
HDW,2018,True,True,True,True,True,True,True
HDW,2019,True,True,True,True,True,True,True
HDW,2020,True,True,True,True,True,True,True
HDW,2021,True,True,True,True,True,True,True
HDW,2022,True,True,True,True,True,True,True
HDW,2023,True,True,True,True,True,True,True
HDW,2024,True,True,True,True,True,True,True
HDW,2025,True,True,True,True,True,True,True
HEC,2009,True,True,True,True,True,True,True
HEC,2010,True,True,True,True,True,True,True
HEC,2012,True,True,True,True,True,True,True
HEC,2013,True,True,True,True,True,True,True
HEC,2014,True,True,True,True,True,True,True
HEC,2015,True,True,True,True,True,True,True
HEC,2016,True,True,True,True,True,True,True
HEC,2017,True,True,True,True,True,True,True
HEC,2018,True,True,True,True,True,True,True
HEC,2019,True,True,True,True,True,True,True
HEC,2020,True,True,True,True,True,True,True
HEC,2021,True,True,True,True,True,True,True
HEC,2022,True,True,True,True,True,True,True
HEC,2023,True,True,True,True,True,True,True
HEC,2024,True,True,True,True,True,True,True
HEC,2025,True,True,True,True,True,True,True
HEJ,2011,True,True,True,True,True,True,True
HEJ,2012,True,True,True,True,True,True,True
HEJ,2013,True,True,True,True,True,True,True
HEJ,2014,True,True,True,True,True,True,True
HEJ,2015,True,True,True,True,True,True,True
HEJ,2016,True,True,True,True,True,True,True
HEJ,2017,True,True,True,True,True,True,True
HEJ,2018,True,True,True,True,True,True,True
HEJ,2019,True,True,True,True,True,True,True
HEJ,2020,True,True,True,True,True,True,True
HEJ,2021,True,True,True,True,True,True,True
HEJ,2022,True,True,True,True,True,True,True
HEJ,2023,True,True,True,True,True,True,True
HEJ,2024,True,True,True,True,True,True,True
HEJ,2025,True,True,True,True,True,True,True
HEM,2011,True,True,True,True,True,True,True
HEM,2014,True,True,True,True,True,True,True
HEM,2015,True,True,True,True,True,True,True
HEM,2016,True,True,True,True,True,True,True
HEM,2017,True,True,True,True,True,True,True
HEM,2018,True,True,True,True,True,True,True
HEM,2019,True,True,True,True,True,True,True
HEM,2020,True,True,True,True,True,True,True
HEM,2021,True,True,True,True,True,True,True
HEM,2022,True,True,True,True,True,True,True
HEM,2023,True,True,True,True,True,True,True
HEP,2016,True,True,True,True,True,True,True
HEP,2017,True,True,True,True,True,True,True
HEP,2018,True,True,True,True,True,True,True
HEP,2019,True,True,True,True,True,True,True
HEP,2020,True,True,True,True,True,True,True
HEP,2021,True,True,True,True,True,True,True
HEP,2022,True,True,True,True,True,True,True
HEP,2023,True,True,True,True,True,True,True
HEP,2024,True,True,True,True,True,True,True
HEP,2025,True,True,True,True,True,True,True
HES,2012,True,True,True,True,True,True,True
HES,2015,True,True,True,True,True,True,True
HES,2016,True,True,True,True,True,True,True
HES,2017,True,True,True,True,True,True,True
HES,2018,True,True,True,True,True,True,True
HES,2019,True,True,True,True,True,True,True
HES,2020,True,True,True,True,True,True,True
HES,2021,True,True,True,True,True,True,True
HES,2023,True,True,True,True,True,True,True
HES,2024,True,True,True,True,True,True,True
HES,2025,True,True,True,True,True,True,True
HEV,2010,True,True,True,True,True,True,True
HEV,2011,True,True,True,True,True,True,True
HEV,2012,True,True,True,True,True,True,True
HEV,2013,True,True,True,True,True,True,True
HEV,2014,True,True,True,True,True,True,True
HEV,2015,True,True,True,True,True,True,True
HEV,2016,True,True,True,True,True,True,True
HEV,2017,True,True,True,True,True,True,True
HEV,2018,True,True,True,True,True,True,True
HEV,2019,True,True,True,True,True,True,True
HEV,2020,True,True,True,True,True,True,True
HEV,2021,True,True,True,True,True,True,True
HEV,2022,True,True,True,True,True,True,True
HEV,2023,True,True,True,True,True,True,True
HFB,2015,True,True,True,True,True,True,True
HFB,2017,True,True,True,True,True,True,True
HFB,2018,True,True,True,True,True,True,True
HFB,2019,True,True,True,True,True,True,True
HFB,2020,True,True,True,True,True,True,True
HFB,2021,True,True,True,True,True,True,True
HFB,2022,True,True,True,True,True,True,True
HFB,2023,True,True,True,True,True,True,True
HFB,2024,True,True,True,True,True,True,True
HFB,2025,True,True,True,True,True,True,True
HFC,2010,True,True,True,True,True,True,True
HFC,2011,True,True,True,True,True,True,True
HFC,2012,True,True,True,True,True,True,True
HFC,2013,True,True,True,True,True,True,True
HFC,2014,True,True,True,True,True,True,True
HFC,2015,True,True,True,True,True,True,True
HFC,2016,True,True,True,True,True,True,True
HFC,2017,True,True,True,True,True,True,True
HFC,2018,True,True,True,True,True,True,True
HFC,2019,True,True,True,True,True,True,True
HFC,2020,True,True,True,True,True,True,True
HFC,2021,True,True,True,True,True,True,True
HFC,2022,True,True,True,True,True,True,True
HFC,2023,True,True,True,True,True,True,True
HFC,2024,True,True,True,True,True,True,True
HFC,2025,True,True,True,True,True,True,True
HFS,2017,True,True,True,True,True,True,True
HFS,2018,True,True,True,True,True,True,True
HFS,2019,True,True,True,True,True,True,True
HFS,2020,True,True,True,True,True,True,True
HFX,2010,True,True,True,True,True,True,True
HFX,2011,True,True,True,True,True,True,True
HFX,2012,True,True,True,True,True,True,True
HFX,2013,True,True,True,True,True,True,True
HFX,2014,True,True,True,True,True,True,True
HFX,2015,True,True,True,True,True,True,True
HFX,2016,True,True,True,True,True,True,True
HFX,2017,True,True,True,True,True,True,True
HFX,2018,True,True,True,True,True,True,True
HFX,2019,True,True,True,True,True,True,True
HFX,2020,True,True,True,True,True,True,True
HFX,2021,True,True,True,True,True,True,True
HFX,2022,True,True,True,True,True,True,True
HFX,2023,True,True,True,True,True,True,True
HFX,2024,True,True,True,True,True,True,True
HFX,2025,True,True,True,True,True,True,True
HGM,2009,True,True,True,True,True,True,True
HGM,2010,True,True,True,True,True,True,True
HGM,2011,True,True,True,True,True,True,True
HGM,2012,True,True,True,True,True,True,True
HGM,2013,True,True,True,True,True,True,True
HGM,2014,True,True,True,True,True,True,True
HGM,2015,True,True,True,True,True,True,True
HGM,2016,True,True,True,True,True,True,True
HGM,2017,True,True,True,True,True,True,True
HGM,2018,True,True,True,True,True,True,True
HGM,2019,True,True,True,True,True,True,True
HGM,2020,True,True,True,True,True,True,True
HGM,2021,True,True,True,True,True,True,True
HGM,2022,True,True,True,True,True,True,True
HGM,2023,True,True,True,True,True,True,True
HGM,2024,True,True,True,True,True,True,True
HGM,2025,True,True,True,True,True,True,True
HGT,2016,True,True,True,True,True,True,True
HGT,2017,True,True,True,True,True,True,True
HGT,2018,True,True,True,True,True,True,True
HGT,2019,True,True,True,True,True,True,True
HGT,2020,True,True,True,True,True,True,True
HGT,2021,True,True,True,True,True,True,True
HGT,2022,True,True,True,True,True,True,True
HGT,2023,True,True,True,True,True,True,True
HGT,2024,True,True,True,True,True,True,True
HGT,2025,True,True,True,True,True,True,True
HGW,2014,True,True,True,True,True,True,True
HGW,2015,True,True,True,True,True,True,True
HGW,2016,True,True,True,True,True,True,True
HGW,2017,True,True,True,True,True,True,True
HGW,2019,True,True,True,True,True,True,True
HGW,2020,True,True,True,True,True,True,True
HGW,2021,True,True,True,True,True,True,True
HGW,2022,True,True,True,True,True,True,True
HGW,2023,True,True,True,True,True,True,True
HHA,2010,True,True,True,True,True,True,True
HHA,2011,True,True,True,True,True,True,True
HHA,2013,True,True,True,True,True,True,True
HHA,2014,True,True,True,True,True,True,True
HHA,2015,True,True,True,True,True,True,True
HHA,2016,True,True,True,True,True,True,True
HHA,2017,True,True,True,True,True,True,True
HHA,2018,True,True,True,True,True,True,True
HHB,2024,True,True,True,True,True,True,True
HHB,2025,True,True,True,True,True,True,True
HHC,2009,True,True,True,True,True,True,True
HHC,2010,True,True,True,True,True,True,True
HHC,2011,True,True,True,True,True,True,True
HHC,2012,True,True,True,True,True,True,True
HHC,2013,True,True,True,True,True,True,True
HHC,2014,True,True,True,True,True,True,True
HHC,2015,True,True,True,True,True,True,True
HHC,2016,True,True,True,True,True,True,True
HHC,2017,True,True,True,True,True,True,True
HHC,2018,True,True,True,True,True,True,True
HHC,2019,True,True,True,True,True,True,True
HHC,2020,True,True,True,True,True,True,True
HHC,2021,True,True,True,True,True,True,True
HHC,2022,True,True,True,True,True,True,True
HHC,2023,True,True,True,True,True,True,True
HHC,2024,True,True,True,True,True,True,True
HHC,2025,True,True,True,True,True,True,True
HHG,2011,True,True,True,True,True,True,True
HHG,2012,True,True,True,True,True,True,True
HHG,2013,True,True,True,True,True,True,True
HHG,2014,True,True,True,True,True,True,True
HHG,2017,True,True,True,True,True,True,True
HHG,2019,True,True,True,True,True,True,True
HHG,2020,True,True,True,True,True,True,True
HHG,2021,True,True,True,True,True,True,True
HHG,2022,True,True,True,True,True,True,True
HHG,2023,True,True,True,True,True,True,True
HHG,2024,True,True,True,True,True,True,True
HHG,2025,True,True,True,True,True,True,True
HHL,2010,True,True,True,True,True,True,True
HHL,2011,True,True,True,True,True,True,True
HHL,2012,True,True,True,True,True,True,True
HHL,2013,True,True,True,True,True,True,True
HHN,2015,True,True,True,True,True,True,True
HHN,2016,True,True,True,True,True,True,True
HHN,2017,True,True,True,True,True,True,True
HHN,2018,True,True,True,True,True,True,True
HHN,2019,True,True,True,True,True,True,True
HHN,2020,True,True,True,True,True,True,True
HHN,2021,True,True,True,True,True,True,True
HHN,2022,True,True,True,True,True,True,True
HHN,2023,True,True,True,True,True,True,True
HHN,2024,True,True,True,True,True,True,True
HHN,2025,True,True,True,True,True,True,True
HHP,2018,True,True,True,True,True,True,True
HHP,2019,True,True,True,True,True,True,True
HHP,2020,True,True,True,True,True,True,True
HHP,2021,True,True,True,True,True,True,True
HHP,2022,True,True,True,True,True,True,True
HHP,2023,True,True,True,True,True,True,True
HHP,2024,True,True,True,True,True,True,True
HHP,2025,True,True,True,True,True,True,True
HHR,2017,True,True,True,True,True,True,True
HHR,2018,True,True,True,True,True,True,True
HHR,2019,True,True,True,True,True,True,True
HHR,2020,True,True,True,True,True,True,True
HHR,2021,True,True,True,True,True,True,True
HHR,2022,True,True,True,True,True,True,True
HHR,2023,True,True,True,True,True,True,True
HHS,2009,True,True,True,True,True,True,True
HHS,2010,True,True,True,True,True,True,True
HHS,2011,True,True,True,True,True,True,True
HHS,2012,True,True,True,True,True,True,True
HHS,2013,True,True,True,True,True,True,True
HHS,2014,True,True,True,True,True,True,True
HHS,2015,True,True,True,True,True,True,True
HHS,2016,True,True,True,True,True,True,True
HHS,2017,True,True,True,True,True,True,True
HHS,2018,True,True,True,True,True,True,True
HHS,2019,True,True,True,True,True,True,True
HHS,2020,True,True,True,True,True,True,True
HHS,2021,True,True,True,True,True,True,True
HHS,2022,True,True,True,True,True,True,True
HHS,2023,True,True,True,True,True,True,True
HHS,2024,True,True,True,True,True,True,True
HHS,2025,True,True,True,True,True,True,True
HHV,2014,True,True,True,True,True,True,True
HHV,2016,True,True,True,True,True,True,True
HHV,2017,True,True,True,True,True,True,True
HHV,2018,True,True,True,True,True,True,True
HHV,2019,True,True,True,True,True,True,True
HHV,2020,True,True,True,True,True,True,True
HHV,2021,True,True,True,True,True,True,True
HHV,2022,True,True,True,True,True,True,True
HHV,2023,True,True,True,True,True,True,True
HHV,2024,True,True,True,True,True,True,True
HHV,2025,True,True,True,True,True,True,True
HID,2017,True,True,True,True,True,True,True
HID,2018,True,True,True,True,True,True,True
HID,2019,True,True,True,True,True,True,True
HID,2022,True,True,True,True,True,True,True
HID,2023,True,True,True,True,True,True,True
HID,2024,True,True,True,True,True,True,True
HID,2025,True,True,True,True,True,True,True
HIG,2009,True,True,True,True,True,True,True
HIG,2010,True,True,True,True,True,True,True
HIG,2011,True,True,True,True,True,True,True
HIG,2012,True,True,True,True,True,True,True
HIG,2013,True,True,True,True,True,True,True
HIG,2014,True,True,True,True,True,True,True
HIG,2015,True,True,True,True,True,True,True
HIG,2016,True,True,True,True,True,True,True
HIG,2017,True,True,True,True,True,True,True
HIG,2018,True,True,True,True,True,True,True
HIG,2019,True,True,True,True,True,True,True
HIG,2020,True,True,True,True,True,True,True
HIG,2022,True,True,True,True,True,True,True
HIG,2023,True,True,True,True,True,True,True
HII,2014,True,True,True,True,True,True,True
HII,2015,True,True,True,True,True,True,True
HII,2016,True,True,True,True,True,True,True
HII,2017,True,True,True,True,True,True,True
HII,2018,True,True,True,True,True,True,True
HII,2019,True,True,True,True,True,True,True
HII,2020,True,True,True,True,True,True,True
HII,2021,True,True,True,True,True,True,True
HII,2022,True,True,True,True,True,True,True
HII,2023,True,True,True,True,True,True,True
HII,2024,True,True,True,True,True,True,True
HII,2025,True,True,True,True,True,True,True
HIO,2021,True,True,True,True,True,True,True
HIO,2022,True,True,True,True,True,True,True
HIO,2023,True,True,True,True,True,True,True
HIO,2024,True,True,True,True,True,True,True
HIO,2025,True,True,True,True,True,True,True
HIZ,2013,True,True,True,True,True,True,True
HIZ,2014,True,True,True,True,True,True,True
HIZ,2015,True,True,True,True,True,True,True
HIZ,2016,True,True,True,True,True,True,True
HIZ,2017,True,True,True,True,True,True,True
HIZ,2018,True,True,True,True,True,True,True
HIZ,2019,True,True,True,True,True,True,True
HIZ,2020,True,True,True,True,True,True,True
HIZ,2021,True,True,True,True,True,True,True
HJC,2009,True,True,True,True,True,True,True
HJC,2010,True,True,True,True,True,True,True
HJC,2011,True,True,True,True,True,True,True
HJC,2012,True,True,True,True,True,True,True
HJC,2013,True,True,True,True,True,True,True
HJC,2014,True,True,True,True,True,True,True
HJC,2015,True,True,True,True,True,True,True
HJC,2016,True,True,True,True,True,True,True
HJC,2017,True,True,True,True,True,True,True
HJC,2018,True,True,True,True,True,True,True
HJC,2019,True,True,True,True,True,True,True
HJC,2020,True,True,True,True,True,True,True
HJC,2021,True,True,True,True,True,True,True
HJC,2022,True,True,True,True,True,True,True
HJC,2023,True,True,True,True,True,True,True
HJC,2024,True,True,True,True,True,True,True
HJC,2025,True,True,True,True,True,True,True
HJS,2011,True,True,True,True,True,True,True
HJS,2012,True,True,True,True,True,True,True
HJS,2013,True,True,True,True,True,True,True
HJS,2014,True,True,True,True,True,True,True
HJS,2015,True,True,True,True,True,True,True
HJS,2016,True,True,True,True,True,True,True
HJS,2017,True,True,True,True,True,True,True
HJS,2018,True,True,True,True,True,True,True
HJS,2019,True,True,True,True,True,True,True
HJS,2020,True,True,True,True,True,True,True
HJS,2021,True,True,True,True,True,True,True
HJS,2022,True,True,True,True,True,True,True
HJS,2023,True,True,True,True,True,True,True
HJS,2024,True,True,True,True,True,True,True
HJS,2025,True,True,True,True,True,True,True
HKB,2016,True,True,True,True,True,True,True
HKB,2017,True,True,True,True,True,True,True
HKB,2018,True,True,True,True,True,True,True
HKB,2019,True,True,True,True,True,True,True
HKB,2020,True,True,True,True,True,True,True
HKB,2021,True,True,True,True,True,True,True
HKB,2022,True,True,True,True,True,True,True
HKB,2023,True,True,True,True,True,True,True
HKB,2024,True,True,True,True,True,True,True
HKB,2025,True,True,True,True,True,True,True
HKC,2017,True,True,True,True,True,True,True
HKC,2018,True,True,True,True,True,True,True
HKC,2019,True,True,True,True,True,True,True
HKC,2020,True,True,True,True,True,True,True
HKP,2009,True,True,True,True,True,True,True
HKP,2011,True,True,True,True,True,True,True
HKP,2012,True,True,True,True,True,True,True
HKP,2013,True,True,True,True,True,True,True
HKP,2014,True,True,True,True,True,True,True
HKP,2015,True,True,True,True,True,True,True
HKP,2016,True,True,True,True,True,True,True
HKP,2017,True,True,True,True,True,True,True
HKP,2018,True,True,True,True,True,True,True
HKP,2019,True,True,True,True,True,True,True
HKP,2020,True,True,True,True,True,True,True
HKP,2021,True,True,True,True,True,True,True
HKP,2022,True,True,True,True,True,True,True
HKT,2013,True,True,True,True,True,True,True
HKT,2016,True,True,True,True,True,True,True
HKT,2017,True,True,True,True,True,True,True
HKT,2018,True,True,True,True,True,True,True
HKT,2019,True,True,True,True,True,True,True
HKT,2020,True,True,True,True,True,True,True
HKT,2021,True,True,True,True,True,True,True
HKT,2022,True,True,True,True,True,True,True
HKT,2023,True,True,True,True,True,True,True
HKT,2024,True,True,True,True,True,True,True
HKT,2025,True,True,True,True,True,True,True
HLA,2009,True,True,True,True,True,True,True
HLA,2010,True,True,True,True,True,True,True
HLA,2016,True,True,True,True,True,True,True
HLA,2017,True,True,True,True,True,True,True
HLA,2018,True,True,True,True,True,True,True
HLA,2020,True,True,True,True,True,True,True
HLB,2010,True,True,True,True,True,True,True
HLB,2011,True,True,True,True,True,True,True
HLB,2012,True,True,True,True,True,True,True
HLB,2013,True,True,True,True,True,True,True
HLB,2014,True,True,True,True,True,True,True
HLB,2015,True,True,True,True,True,True,True
HLB,2016,True,True,True,True,True,True,True
HLB,2017,True,True,True,True,True,True,True
HLB,2018,True,True,True,True,True,True,True
HLB,2019,True,True,True,True,True,True,True
HLB,2020,True,True,True,True,True,True,True
HLB,2021,True,True,True,True,True,True,True
HLB,2022,True,True,True,True,True,True,True
HLB,2023,True,True,True,True,True,True,True
HLB,2024,True,True,True,True,True,True,True
HLB,2025,True,True,True,True,True,True,True
HLC,2009,True,True,True,True,True,True,True
HLC,2010,True,True,True,True,True,True,True
HLC,2011,True,True,True,True,True,True,True
HLC,2012,True,True,True,True,True,True,True
HLC,2013,True,True,True,True,True,True,True
HLC,2014,True,True,True,True,True,True,True
HLC,2015,True,True,True,True,True,True,True
HLC,2016,True,True,True,True,True,True,True
HLC,2017,True,True,True,True,True,True,True
HLC,2018,True,True,True,True,True,True,True
HLC,2019,True,True,True,True,True,True,True
HLC,2020,True,True,True,True,True,True,True
HLC,2021,True,True,True,True,True,True,True
HLC,2022,True,True,True,True,True,True,True
HLC,2023,True,True,True,True,True,True,True
HLC,2024,True,True,True,True,True,True,True
HLC,2025,True,True,True,True,True,True,True
HLD,2011,True,True,True,True,True,True,True
HLD,2012,True,True,True,True,True,True,True
HLD,2014,True,True,True,True,True,True,True
HLD,2015,True,True,True,True,True,True,True
HLD,2016,True,True,True,True,True,True,True
HLD,2017,True,True,True,True,True,True,True
HLD,2018,True,True,True,True,True,True,True
HLD,2019,True,True,True,True,True,True,True
HLD,2020,True,True,True,True,True,True,True
HLD,2021,True,True,True,True,True,True,True
HLD,2022,True,True,True,True,True,True,True
HLD,2023,True,True,True,True,True,True,True
HLE,2016,True,True,True,True,True,True,True
HLE,2017,True,True,True,True,True,True,True
HLE,2018,True,True,True,True,True,True,True
HLE,2019,True,True,True,True,True,True,True
HLE,2020,True,True,True,True,True,True,True
HLE,2021,True,True,True,True,True,True,True
HLG,2009,True,True,True,True,True,True,True
HLG,2010,True,True,True,True,True,True,True
HLG,2011,True,True,True,True,True,True,True
HLG,2012,True,True,True,True,True,True,True
HLG,2013,True,True,True,True,True,True,True
HLG,2014,True,True,True,True,True,True,True
HLG,2015,True,True,True,True,True,True,True
HLG,2016,True,True,True,True,True,True,True
HLG,2017,True,True,True,True,True,True,True
HLG,2018,True,True,True,True,True,True,True
HLG,2019,True,True,True,True,True,True,True
HLG,2020,True,True,True,True,True,True,True
HLG,2021,True,True,True,True,True,True,True
HLG,2022,True,True,True,True,True,True,True
HLO,2022,True,True,True,True,True,True,True
HLO,2023,True,True,True,True,True,True,True
HLO,2024,True,True,True,True,True,True,True
HLO,2025,True,True,True,True,True,True,True
HLR,2016,True,True,True,True,True,True,True
HLR,2017,True,True,True,True,True,True,True
HLR,2018,True,True,True,True,True,True,True
HLR,2019,True,True,True,True,True,True,True
HLR,2020,True,True,True,True,True,True,True
HLR,2021,True,True,True,True,True,True,True
HLR,2022,True,True,True,True,True,True,True
HLR,2023,True,True,True,True,True,True,True
HLS,2014,True,True,True,True,True,True,True
HLS,2015,True,True,True,True,True,True,True
HLS,2016,True,True,True,True,True,True,True
HLS,2019,True,True,True,True,True,True,True
HLS,2022,True,True,True,True,True,True,True
HLS,2024,True,True,True,True,True,True,True
HLS,2025,True,True,True,True,True,True,True
HLT,2017,True,True,True,True,True,True,True
HLT,2018,True,True,True,True,True,True,True
HLT,2019,True,True,True,True,True,True,True
HLT,2020,True,True,True,True,True,True,True
HLT,2021,True,True,True,True,True,True,True
HLT,2022,True,True,True,True,True,True,True
HLT,2023,True,True,True,True,True,True,True
HLT,2024,True,True,True,True,True,True,True
HLT,2025,True,True,True,True,True,True,True
HLY,2009,True,True,True,True,True,True,True
HLY,2010,True,True,True,True,True,True,True
HLY,2011,True,True,True,True,True,True,True
HLY,2012,True,True,True,True,True,True,True
HLY,2013,True,True,True,True,True,True,True
HLY,2014,True,True,True,True,True,True,True
HLY,2015,True,True,True,True,True,True,True
HLY,2016,True,True,True,True,True,True,True
HLY,2017,True,True,True,True,True,True,True
HLY,2018,True,True,True,True,True,True,True
HLY,2019,True,True,True,True,True,True,True
HLY,2020,True,True,True,True,True,True,True
HLY,2021,True,True,True,True,True,True,True
HLY,2022,True,True,True,True,True,True,True
HLY,2023,True,True,True,True,True,True,True
HLY,2024,True,True,True,True,True,True,True
HLY,2025,True,True,True,True,True,True,True
HMC,2009,True,True,True,True,True,True,True
HMC,2010,True,True,True,True,True,True,True
HMC,2011,True,True,True,True,True,True,True
HMC,2012,True,True,True,True,True,True,True
HMC,2013,True,True,True,True,True,True,True
HMC,2014,True,True,True,True,True,True,True
HMC,2015,True,True,True,True,True,True,True
HMC,2016,True,True,True,True,True,True,True
HMC,2017,True,True,True,True,True,True,True
HMC,2018,True,True,True,True,True,True,True
HMC,2019,True,True,True,True,True,True,True
HMC,2020,True,True,True,True,True,True,True
HMC,2021,True,True,True,True,True,True,True
HMC,2022,True,True,True,True,True,True,True
HMC,2023,True,True,True,True,True,True,True
HMC,2024,True,True,True,True,True,True,True
HMC,2025,True,True,True,True,True,True,True
HMD,2014,True,True,True,True,True,True,True
HMD,2015,True,True,True,True,True,True,True
HMD,2016,True,True,True,True,True,True,True
HMD,2017,True,True,True,True,True,True,True
HMD,2018,True,True,True,True,True,True,True
HMD,2022,True,True,True,True,True,True,True
HMD,2023,True,True,True,True,True,True,True
HMD,2024,True,True,True,True,True,True,True
HMD,2025,True,True,True,True,True,True,True
HMG,2009,True,True,True,True,True,True,True
HMG,2010,True,True,True,True,True,True,True
HMG,2011,True,True,True,True,True,True,True
HMG,2012,True,True,True,True,True,True,True
HMG,2013,True,True,True,True,True,True,True
HMG,2014,True,True,True,True,True,True,True
HMG,2015,True,True,True,True,True,True,True
HMG,2016,True,True,True,True,True,True,True
HMG,2017,True,True,True,True,True,True,True
HMG,2018,True,True,True,True,True,True,True
HMG,2019,True,True,True,True,True,True,True
HMG,2020,True,True,True,True,True,True,True
HMG,2021,True,True,True,True,True,True,True
HMG,2022,True,True,True,True,True,True,True
HMG,2023,True,True,True,True,True,True,True
HMG,2024,True,True,True,True,True,True,True
HMG,2025,True,True,True,True,True,True,True
HMH,2009,True,True,True,True,True,True,True
HMH,2010,True,True,True,True,True,True,True
HMH,2011,True,True,True,True,True,True,True
HMH,2012,True,True,True,True,True,True,True
HMH,2013,True,True,True,True,True,True,True
HMH,2014,True,True,True,True,True,True,True
HMH,2015,True,True,True,True,True,True,True
HMH,2016,True,True,True,True,True,True,True
HMH,2017,True,True,True,True,True,True,True
HMH,2018,True,True,True,True,True,True,True
HMH,2019,True,True,True,True,True,True,True
HMH,2020,True,True,True,True,True,True,True
HMH,2021,True,True,True,True,True,True,True
HMH,2023,True,True,True,True,True,True,True
HMH,2024,True,True,True,True,True,True,True
HMH,2025,True,True,True,True,True,True,True
HMR,2018,True,True,True,True,True,True,True
HMR,2019,True,True,True,True,True,True,True
HMR,2020,True,True,True,True,True,True,True
HMR,2021,True,True,True,True,True,True,True
HMR,2022,True,True,True,True,True,True,True
HMR,2023,True,True,True,True,True,True,True
HMR,2024,True,True,True,True,True,True,True
HMR,2025,True,True,True,True,True,True,True
HMS,2013,True,True,True,True,True,True,True
HMS,2014,True,True,True,True,True,True,True
HMS,2015,True,True,True,True,True,True,True
HMS,2016,True,True,True,True,True,True,True
HMS,2017,True,True,True,True,True,True,True
HMS,2018,True,True,True,True,True,True,True
HMS,2019,True,True,True,True,True,True,True
HMS,2020,True,True,True,True,True,True,True
HMS,2021,True,True,True,True,True,True,True
HMS,2023,True,True,True,True,True,True,True
HMS,2024,True,True,True,True,True,True,True
HMS,2025,True,True,True,True,True,True,True
HNA,2015,True,True,True,True,True,True,True
HNA,2016,True,True,True,True,True,True,True
HNA,2017,True,True,True,True,True,True,True
HNA,2018,True,True,True,True,True,True,True
HNA,2019,True,True,True,True,True,True,True
HNA,2020,True,True,True,True,True,True,True
HNA,2021,True,True,True,True,True,True,True
HNA,2022,True,True,True,True,True,True,True
HNA,2023,True,True,True,True,True,True,True
HNA,2024,True,True,True,True,True,True,True
HNA,2025,True,True,True,True,True,True,True
HNB,2014,True,True,True,True,True,True,True
HNB,2015,True,True,True,True,True,True,True
HNB,2016,True,True,True,True,True,True,True
HNB,2017,True,True,True,True,True,True,True
HNB,2018,True,True,True,True,True,True,True
HNB,2019,True,True,True,True,True,True,True
HNB,2020,True,True,True,True,True,True,True
HNB,2021,True,True,True,True,True,True,True
HNB,2022,True,True,True,True,True,True,True
HNB,2023,True,True,True,True,True,True,True
HNB,2024,True,True,True,True,True,True,True
HNB,2025,True,True,True,True,True,True,True
HND,2012,True,True,True,True,True,True,True
HND,2013,True,True,True,True,True,True,True
HND,2014,True,True,True,True,True,True,True
HND,2015,True,True,True,True,True,True,True
HND,2016,True,True,True,True,True,True,True
HND,2017,True,True,True,True,True,True,True
HND,2018,True,True,True,True,True,True,True
HND,2019,True,True,True,True,True,True,True
HND,2020,True,True,True,True,True,True,True
HND,2021,True,True,True,True,True,True,True
HND,2022,True,True,True,True,True,True,True
HND,2023,True,True,True,True,True,True,True
HND,2024,True,True,True,True,True,True,True
HND,2025,True,True,True,True,True,True,True
HNE,2019,True,True,True,True,True,True,True
HNE,2020,True,True,True,True,True,True,True
HNF,2010,True,True,True,True,True,True,True
HNF,2011,True,True,True,True,True,True,True
HNF,2012,True,True,True,True,True,True,True
HNF,2013,True,True,True,True,True,True,True
HNF,2014,True,True,True,True,True,True,True
HNF,2015,True,True,True,True,True,True,True
HNF,2016,True,True,True,True,True,True,True
HNF,2017,True,True,True,True,True,True,True
HNF,2018,True,True,True,True,True,True,True
HNF,2019,True,True,True,True,True,True,True
HNF,2020,True,True,True,True,True,True,True
HNF,2021,True,True,True,True,True,True,True
HNF,2022,True,True,True,True,True,True,True
HNF,2023,True,True,True,True,True,True,True
HNF,2024,True,True,True,True,True,True,True
HNF,2025,True,True,True,True,True,True,True
HNG,2011,True,True,True,True,True,True,True
HNG,2012,True,True,True,True,True,True,True
HNG,2013,True,True,True,True,True,True,True
HNG,2014,True,True,True,True,True,True,True
HNG,2015,True,True,True,True,True,True,True
HNG,2016,True,True,True,True,True,True,True
HNG,2017,True,True,True,True,True,True,True
HNG,2018,True,True,True,True,True,True,True
HNG,2019,True,True,True,True,True,True,True
HNG,2020,True,True,True,True,True,True,True
HNG,2021,True,True,True,True,True,True,True
HNG,2022,True,True,True,True,True,True,True
HNG,2023,True,True,True,True,True,True,True
HNG,2024,True,True,True,True,True,True,True
HNG,2025,True,True,True,True,True,True,True
HNI,2015,True,True,True,True,True,True,True
HNI,2016,True,True,True,True,True,True,True
HNI,2017,True,True,True,True,True,True,True
HNI,2018,True,True,True,True,True,True,True
HNI,2019,True,True,True,True,True,True,True
HNI,2020,True,True,True,True,True,True,True
HNI,2021,True,True,True,True,True,True,True
HNI,2022,True,True,True,True,True,True,True
HNI,2023,True,True,True,True,True,True,True
HNI,2024,True,True,True,True,True,True,True
HNI,2025,True,True,True,True,True,True,True
HNM,2009,True,True,True,True,True,True,True
HNM,2010,True,True,True,True,True,True,True
HNM,2011,True,True,True,True,True,True,True
HNM,2012,True,True,True,True,True,True,True
HNM,2013,True,True,True,True,True,True,True
HNM,2014,True,True,True,True,True,True,True
HNM,2015,True,True,True,True,True,True,True
HNM,2016,True,True,True,True,True,True,True
HNM,2017,True,True,True,True,True,True,True
HNM,2018,True,True,True,True,True,True,True
HNM,2019,True,True,True,True,True,True,True
HNM,2020,True,True,True,True,True,True,True
HNM,2021,True,True,True,True,True,True,True
HNM,2022,True,True,True,True,True,True,True
HNM,2023,True,True,True,True,True,True,True
HNM,2024,True,True,True,True,True,True,True
HNM,2025,True,True,True,True,True,True,True
HNP,2009,True,True,True,True,True,True,True
HNP,2010,True,True,True,True,True,True,True
HNP,2011,True,True,True,True,True,True,True
HNP,2012,True,True,True,True,True,True,True
HNP,2013,True,True,True,True,True,True,True
HNP,2014,True,True,True,True,True,True,True
HNP,2015,True,True,True,True,True,True,True
HNP,2016,True,True,True,True,True,True,True
HNP,2017,True,True,True,True,True,True,True
HNP,2018,True,True,True,True,True,True,True
HNP,2019,True,True,True,True,True,True,True
HNP,2020,True,True,True,True,True,True,True
HNP,2021,True,True,True,True,True,True,True
HNP,2022,True,True,True,True,True,True,True
HNP,2023,True,True,True,True,True,True,True
HNP,2024,True,True,True,True,True,True,True
HNP,2025,True,True,True,True,True,True,True
HNR,2017,True,True,True,True,True,True,True
HNR,2018,True,True,True,True,True,True,True
HNR,2019,True,True,True,True,True,True,True
HNR,2020,True,True,True,True,True,True,True
HNR,2021,True,True,True,True,True,True,True
HNR,2022,True,True,True,True,True,True,True
HNR,2023,True,True,True,True,True,True,True
HNR,2024,True,True,True,True,True,True,True
HNR,2025,True,True,True,True,True,True,True
HNT,2015,True,True,True,True,True,True,True
HNT,2016,True,True,True,True,True,True,True
HNT,2017,True,True,True,True,True,True,True
HNT,2018,True,True,True,True,True,True,True
HNT,2019,True,True,True,True,True,True,True
HNT,2020,True,True,True,True,True,True,True
HNT,2021,True,True,True,True,True,True,True
HOM,2009,True,True,True,True,True,True,True
HOM,2010,True,True,True,True,True,True,True
HOM,2011,True,True,True,True,True,True,True
HOM,2012,True,True,True,True,True,True,True
HOM,2013,True,True,True,True,True,True,True
HOM,2014,True,True,True,True,True,True,True
HOM,2015,True,True,True,True,True,True,True
HOM,2016,True,True,True,True,True,True,True
HOM,2017,True,True,True,True,True,True,True
HOM,2018,True,True,True,True,True,True,True
HOM,2019,True,True,True,True,True,True,True
HOM,2020,True,True,True,True,True,True,True
HOM,2021,True,True,True,True,True,True,True
HOM,2022,True,True,True,True,True,True,True
HOM,2023,True,True,True,True,True,True,True
HOM,2024,True,True,True,True,True,True,True
HOM,2025,True,True,True,True,True,True,True
HOT,2009,True,True,True,True,True,True,True
HOT,2010,True,True,True,True,True,True,True
HOT,2011,True,True,True,True,True,True,True
HOT,2012,True,True,True,True,True,True,True
HOT,2013,True,True,True,True,True,True,True
HOT,2014,True,True,True,True,True,True,True
HOT,2015,True,True,True,True,True,True,True
HOT,2016,True,True,True,True,True,True,True
HOT,2017,True,True,True,True,True,True,True
HOT,2018,True,True,True,True,True,True,True
HOT,2019,True,True,True,True,True,True,True
HOT,2020,True,True,True,True,True,True,True
HOT,2021,True,True,True,True,True,True,True
HOT,2022,True,True,True,True,True,True,True
HOT,2023,True,True,True,True,True,True,True
HOT,2024,True,True,True,True,True,True,True
HOT,2025,True,True,True,True,True,True,True
HPB,2009,True,True,True,True,True,True,True
HPB,2010,True,True,True,True,True,True,True
HPB,2011,True,True,True,True,True,True,True
HPB,2012,True,True,True,True,True,True,True
HPB,2013,True,True,True,True,True,True,True
HPB,2014,True,True,True,True,True,True,True
HPB,2015,True,True,True,True,True,True,True
HPB,2016,True,True,True,True,True,True,True
HPB,2017,True,True,True,True,True,True,True
HPB,2018,True,True,True,True,True,True,True
HPB,2019,True,True,True,True,True,True,True
HPB,2020,True,True,True,True,True,True,True
HPB,2021,True,True,True,True,True,True,True
HPB,2022,True,True,True,True,True,True,True
HPB,2023,True,True,True,True,True,True,True
HPB,2024,True,True,True,True,True,True,True
HPB,2025,True,True,True,True,True,True,True
HPD,2012,True,True,True,True,True,True,True
HPD,2013,True,True,True,True,True,True,True
HPD,2014,True,True,True,True,True,True,True
HPD,2015,True,True,True,True,True,True,True
HPD,2016,True,True,True,True,True,True,True
HPD,2017,True,True,True,True,True,True,True
HPD,2018,True,True,True,True,True,True,True
HPD,2019,True,True,True,True,True,True,True
HPD,2021,True,True,True,True,True,True,True
HPD,2022,True,True,True,True,True,True,True
HPD,2023,True,True,True,True,True,True,True
HPD,2024,True,True,True,True,True,True,True
HPD,2025,True,True,True,True,True,True,True
HPG,2009,True,True,True,True,True,True,True
HPG,2010,True,True,True,True,True,True,True
HPG,2011,True,True,True,True,True,True,True
HPG,2012,True,True,True,True,True,True,True
HPG,2013,True,True,True,True,True,True,True
HPG,2014,True,True,True,True,True,True,True
HPG,2015,True,True,True,True,True,True,True
HPG,2016,True,True,True,True,True,True,True
HPG,2017,True,True,True,True,True,True,True
HPG,2018,True,True,True,True,True,True,True
HPG,2019,True,True,True,True,True,True,True
HPG,2020,True,True,True,True,True,True,True
HPG,2021,True,True,True,True,True,True,True
HPG,2022,True,True,True,True,True,True,True
HPG,2023,True,True,True,True,True,True,True
HPG,2024,True,True,True,True,True,True,True
HPG,2025,True,True,True,True,True,True,True
HPH,2013,True,True,True,True,True,True,True
HPH,2014,True,True,True,True,True,True,True
HPH,2015,True,True,True,True,True,True,True
HPH,2016,True,True,True,True,True,True,True
HPH,2017,True,True,True,True,True,True,True
HPH,2018,True,True,True,True,True,True,True
HPH,2019,True,True,True,True,True,True,True
HPH,2020,True,True,True,True,True,True,True
HPH,2021,True,True,True,True,True,True,True
HPH,2022,True,True,True,True,True,True,True
HPH,2023,True,True,True,True,True,True,True
HPH,2024,True,True,True,True,True,True,True
HPH,2025,True,True,True,True,True,True,True
HPI,2009,True,True,True,True,True,True,True
HPI,2010,True,True,True,True,True,True,True
HPI,2011,True,True,True,True,True,True,True
HPI,2012,True,True,True,True,True,True,True
HPI,2013,True,True,True,True,True,True,True
HPI,2014,True,True,True,True,True,True,True
HPI,2015,True,True,True,True,True,True,True
HPI,2016,True,True,True,True,True,True,True
HPI,2017,True,True,True,True,True,True,True
HPI,2018,True,True,True,True,True,True,True
HPI,2019,True,True,True,True,True,True,True
HPI,2020,True,True,True,True,True,True,True
HPI,2021,True,True,True,True,True,True,True
HPI,2022,True,True,True,True,True,True,True
HPI,2023,True,True,True,True,True,True,True
HPI,2024,True,True,True,True,True,True,True
HPI,2025,True,True,True,True,True,True,True
HPM,2013,True,True,True,True,True,True,True
HPM,2014,True,True,True,True,True,True,True
HPM,2015,True,True,True,True,True,True,True
HPM,2016,True,True,True,True,True,True,True
HPM,2017,True,True,True,True,True,True,True
HPM,2018,True,True,True,True,True,True,True
HPM,2019,True,True,True,True,True,True,True
HPM,2020,True,True,True,True,True,True,True
HPM,2021,True,True,True,True,True,True,True
HPM,2022,True,True,True,True,True,True,True
HPM,2023,True,True,True,True,True,True,True
HPO,2024,True,True,True,True,True,True,True
HPO,2025,True,True,True,True,True,True,True
HPP,2009,True,True,True,True,True,True,True
HPP,2011,True,True,True,True,True,True,True
HPP,2012,True,True,True,True,True,True,True
HPP,2013,True,True,True,True,True,True,True
HPP,2014,True,True,True,True,True,True,True
HPP,2015,True,True,True,True,True,True,True
HPP,2016,True,True,True,True,True,True,True
HPP,2017,True,True,True,True,True,True,True
HPP,2018,True,True,True,True,True,True,True
HPP,2019,True,True,True,True,True,True,True
HPP,2020,True,True,True,True,True,True,True
HPP,2021,True,True,True,True,True,True,True
HPP,2022,True,True,True,True,True,True,True
HPP,2023,True,True,True,True,True,True,True
HPP,2024,True,True,True,True,True,True,True
HPP,2025,True,True,True,True,True,True,True
HPR,2009,True,True,True,True,True,True,True
HPR,2010,True,True,True,True,True,True,True
HPR,2011,True,True,True,True,True,True,True
HPR,2012,True,True,True,True,True,True,True
HPS,2009,True,True,True,True,True,True,True
HPS,2010,True,True,True,True,True,True,True
HPS,2011,True,True,True,True,True,True,True
HPS,2012,True,True,True,True,True,True,True
HPS,2013,True,True,True,True,True,True,True
HPS,2014,True,True,True,True,True,True,True
HPS,2015,True,True,True,True,True,True,True
HPT,2009,True,True,True,True,True,True,True
HPT,2010,True,True,True,True,True,True,True
HPT,2011,True,True,True,True,True,True,True
HPT,2012,True,True,True,True,True,True,True
HPT,2013,True,True,True,True,True,True,True
HPT,2014,True,True,True,True,True,True,True
HPT,2015,True,True,True,True,True,True,True
HPT,2016,True,True,True,True,True,True,True
HPT,2017,True,True,True,True,True,True,True
HPT,2018,True,True,True,True,True,True,True
HPT,2019,True,True,True,True,True,True,True
HPT,2020,True,True,True,True,True,True,True
HPU,2015,True,True,True,True,True,True,True
HPU,2016,True,True,True,True,True,True,True
HPU,2017,True,True,True,True,True,True,True
HPU,2018,True,True,True,True,True,True,True
HPU,2019,True,True,True,True,True,True,True
HPU,2020,True,True,True,True,True,True,True
HPW,2015,True,True,True,True,True,True,True
HPW,2016,True,True,True,True,True,True,True
HPW,2017,True,True,True,True,True,True,True
HPW,2018,True,True,True,True,True,True,True
HPW,2019,True,True,True,True,True,True,True
HPW,2021,True,True,True,True,True,True,True
HPW,2022,True,True,True,True,True,True,True
HPW,2023,True,True,True,True,True,True,True
HPW,2024,True,True,True,True,True,True,True
HPW,2025,True,True,True,True,True,True,True
HPX,2016,True,True,True,True,True,True,True
HPX,2017,True,True,True,True,True,True,True
HPX,2018,True,True,True,True,True,True,True
HPX,2019,True,True,True,True,True,True,True
HPX,2020,True,True,True,True,True,True,True
HPX,2021,True,True,True,True,True,True,True
HPX,2022,True,True,True,True,True,True,True
HPX,2023,True,True,True,True,True,True,True
HPX,2024,True,True,True,True,True,True,True
HPX,2025,True,True,True,True,True,True,True
HQC,2009,True,True,True,True,True,True,True
HQC,2010,True,True,True,True,True,True,True
HQC,2011,True,True,True,True,True,True,True
HQC,2012,True,True,True,True,True,True,True
HQC,2013,True,True,True,True,True,True,True
HQC,2014,True,True,True,True,True,True,True
HQC,2015,True,True,True,True,True,True,True
HQC,2016,True,True,True,True,True,True,True
HQC,2017,True,True,True,True,True,True,True
HQC,2018,True,True,True,True,True,True,True
HQC,2019,True,True,True,True,True,True,True
HQC,2020,True,True,True,True,True,True,True
HQC,2021,True,True,True,True,True,True,True
HQC,2022,True,True,True,True,True,True,True
HQC,2023,True,True,True,True,True,True,True
HQC,2024,True,True,True,True,True,True,True
HQC,2025,True,True,True,True,True,True,True
HRB,2015,True,True,True,True,True,True,True
HRB,2016,True,True,True,True,True,True,True
HRB,2017,True,True,True,True,True,True,True
HRB,2018,True,True,True,True,True,True,True
HRB,2019,True,True,True,True,True,True,True
HRB,2020,True,True,True,True,True,True,True
HRB,2021,True,True,True,True,True,True,True
HRB,2022,True,True,True,True,True,True,True
HRB,2023,True,True,True,True,True,True,True
HRB,2024,True,True,True,True,True,True,True
HRB,2025,True,True,True,True,True,True,True
HRC,2010,True,True,True,True,True,True,True
HRC,2011,True,True,True,True,True,True,True
HRC,2012,True,True,True,True,True,True,True
HRC,2013,True,True,True,True,True,True,True
HRC,2014,True,True,True,True,True,True,True
HRC,2017,True,True,True,True,True,True,True
HRC,2018,True,True,True,True,True,True,True
HRC,2019,True,True,True,True,True,True,True
HRC,2020,True,True,True,True,True,True,True
HRC,2021,True,True,True,True,True,True,True
HRC,2022,True,True,True,True,True,True,True
HRC,2023,True,True,True,True,True,True,True
HRC,2024,True,True,True,True,True,True,True
HRC,2025,True,True,True,True,True,True,True
HRG,2014,True,True,True,True,True,True,True
HRG,2015,True,True,True,True,True,True,True
HRG,2016,True,True,True,True,True,True,True
HRG,2017,True,True,True,True,True,True,True
HRT,2016,True,True,True,True,True,True,True
HRT,2017,True,True,True,True,True,True,True
HRT,2018,True,True,True,True,True,True,True
HRT,2019,True,True,True,True,True,True,True
HRT,2020,True,True,True,True,True,True,True
HRT,2021,True,True,True,True,True,True,True
HRT,2022,True,True,True,True,True,True,True
HRT,2023,True,True,True,True,True,True,True
HSA,2015,True,True,True,True,True,True,True
HSA,2019,True,True,True,True,True,True,True
HSA,2020,True,True,True,True,True,True,True
HSA,2021,True,True,True,True,True,True,True
HSA,2022,True,True,True,True,True,True,True
HSA,2023,True,True,True,True,True,True,True
HSA,2025,True,True,True,True,True,True,True
HSG,2012,True,True,True,True,True,True,True
HSG,2013,True,True,True,True,True,True,True
HSG,2014,True,True,True,True,True,True,True
HSG,2015,True,True,True,True,True,True,True
HSG,2016,True,True,True,True,True,True,True
HSG,2017,True,True,True,True,True,True,True
HSG,2019,True,True,True,True,True,True,True
HSG,2020,True,True,True,True,True,True,True
HSG,2021,True,True,True,True,True,True,True
HSG,2022,True,True,True,True,True,True,True
HSG,2023,True,True,True,True,True,True,True
HSG,2024,True,True,True,True,True,True,True
HSG,2025,True,True,True,True,True,True,True
HSI,2009,True,True,True,True,True,True,True
HSI,2010,True,True,True,True,True,True,True
HSI,2011,True,True,True,True,True,True,True
HSI,2012,True,True,True,True,True,True,True
HSI,2013,True,True,True,True,True,True,True
HSI,2014,True,True,True,True,True,True,True
HSI,2015,True,True,True,True,True,True,True
HSI,2016,True,True,True,True,True,True,True
HSI,2017,True,True,True,True,True,True,True
HSI,2018,True,True,True,True,True,True,True
HSI,2019,True,True,True,True,True,True,True
HSI,2020,True,True,True,True,True,True,True
HSI,2021,True,True,True,True,True,True,True
HSI,2022,True,True,True,True,True,True,True
HSL,2016,True,True,True,True,True,True,True
HSL,2017,True,True,True,True,True,True,True
HSL,2018,True,True,True,True,True,True,True
HSL,2019,True,True,True,True,True,True,True
HSL,2020,True,True,True,True,True,True,True
HSL,2021,True,True,True,True,True,True,True
HSL,2022,True,True,True,True,True,True,True
HSL,2023,True,True,True,True,True,True,True
HSL,2024,True,True,True,True,True,True,True
HSL,2025,True,True,True,True,True,True,True
HSM,2012,True,True,True,True,True,True,True
HSM,2013,True,True,True,True,True,True,True
HSM,2014,True,True,True,True,True,True,True
HSM,2015,True,True,True,True,True,True,True
HSM,2016,True,True,True,True,True,True,True
HSM,2017,True,True,True,True,True,True,True
HSM,2018,True,True,True,True,True,True,True
HSM,2019,True,True,True,True,True,True,True
HSM,2020,True,True,True,True,True,True,True
HSM,2021,True,True,True,True,True,True,True
HSM,2022,True,True,True,True,True,True,True
HSM,2023,True,True,True,True,True,True,True
HSM,2024,True,True,True,True,True,True,True
HSM,2025,True,True,True,True,True,True,True
HSP,2017,True,True,True,True,True,True,True
HSP,2018,True,True,True,True,True,True,True
HSP,2019,True,True,True,True,True,True,True
HSP,2020,True,True,True,True,True,True,True
HSP,2021,True,True,True,True,True,True,True
HSP,2022,True,True,True,True,True,True,True
HSP,2023,True,True,True,True,True,True,True
HSP,2024,True,True,True,True,True,True,True
HSP,2025,True,True,True,True,True,True,True
HST,2010,True,True,True,True,True,True,True
HST,2011,True,True,True,True,True,True,True
HST,2012,True,True,True,True,True,True,True
HST,2013,True,True,True,True,True,True,True
HST,2014,True,True,True,True,True,True,True
HST,2015,True,True,True,True,True,True,True
HST,2016,True,True,True,True,True,True,True
HST,2017,True,True,True,True,True,True,True
HST,2018,True,True,True,True,True,True,True
HST,2019,True,True,True,True,True,True,True
HSV,2019,True,True,True,True,True,True,True
HSV,2020,True,True,True,True,True,True,True
HSV,2021,True,True,True,True,True,True,True
HSV,2022,True,True,True,True,True,True,True
HSV,2023,True,True,True,True,True,True,True
HSV,2024,True,True,True,True,True,True,True
HSV,2025,True,True,True,True,True,True,True
HT1,2009,True,True,True,True,True,True,True
HT1,2010,True,True,True,True,True,True,True
HT1,2011,True,True,True,True,True,True,True
HT1,2012,True,True,True,True,True,True,True
HT1,2013,True,True,True,True,True,True,True
HT1,2014,True,True,True,True,True,True,True
HT1,2015,True,True,True,True,True,True,True
HT1,2016,True,True,True,True,True,True,True
HT1,2017,True,True,True,True,True,True,True
HT1,2018,True,True,True,True,True,True,True
HT1,2019,True,True,True,True,True,True,True
HT1,2020,True,True,True,True,True,True,True
HT1,2021,True,True,True,True,True,True,True
HT1,2022,True,True,True,True,True,True,True
HT1,2023,True,True,True,True,True,True,True
HT1,2024,True,True,True,True,True,True,True
HT1,2025,True,True,True,True,True,True,True
HTB,2010,True,True,True,True,True,True,True
HTB,2011,True,True,True,True,True,True,True
HTB,2012,True,True,True,True,True,True,True
HTC,2010,True,True,True,True,True,True,True
HTC,2012,True,True,True,True,True,True,True
HTC,2013,True,True,True,True,True,True,True
HTC,2014,True,True,True,True,True,True,True
HTC,2015,True,True,True,True,True,True,True
HTC,2018,True,True,True,True,True,True,True
HTC,2019,True,True,True,True,True,True,True
HTC,2020,True,True,True,True,True,True,True
HTC,2021,True,True,True,True,True,True,True
HTC,2023,True,True,True,True,True,True,True
HTC,2024,True,True,True,True,True,True,True
HTC,2025,True,True,True,True,True,True,True
HTE,2015,True,True,True,True,True,True,True
HTE,2016,True,True,True,True,True,True,True
HTE,2017,True,True,True,True,True,True,True
HTE,2018,True,True,True,True,True,True,True
HTE,2019,True,True,True,True,True,True,True
HTE,2020,True,True,True,True,True,True,True
HTE,2021,True,True,True,True,True,True,True
HTE,2022,True,True,True,True,True,True,True
HTE,2023,True,True,True,True,True,True,True
HTE,2024,True,True,True,True,True,True,True
HTE,2025,True,True,True,True,True,True,True
HTG,2010,True,True,True,True,True,True,True
HTG,2011,True,True,True,True,True,True,True
HTG,2012,True,True,True,True,True,True,True
HTG,2013,True,True,True,True,True,True,True
HTG,2014,True,True,True,True,True,True,True
HTG,2015,True,True,True,True,True,True,True
HTG,2016,True,True,True,True,True,True,True
HTG,2017,True,True,True,True,True,True,True
HTG,2018,True,True,True,True,True,True,True
HTG,2019,True,True,True,True,True,True,True
HTG,2020,True,True,True,True,True,True,True
HTG,2021,True,True,True,True,True,True,True
HTG,2022,True,True,True,True,True,True,True
HTG,2023,True,True,True,True,True,True,True
HTG,2024,True,True,True,True,True,True,True
HTG,2025,True,True,True,True,True,True,True
HTH,2020,True,True,True,True,True,True,True
HTH,2021,True,True,True,True,True,True,True
HTI,2010,True,True,True,True,True,True,True
HTI,2011,True,True,True,True,True,True,True
HTI,2012,True,True,True,True,True,True,True
HTI,2013,True,True,True,True,True,True,True
HTI,2014,True,True,True,True,True,True,True
HTI,2015,True,True,True,True,True,True,True
HTI,2016,True,True,True,True,True,True,True
HTI,2017,True,True,True,True,True,True,True
HTI,2018,True,True,True,True,True,True,True
HTI,2019,True,True,True,True,True,True,True
HTI,2020,True,True,True,True,True,True,True
HTI,2021,True,True,True,True,True,True,True
HTI,2022,True,True,True,True,True,True,True
HTI,2023,True,True,True,True,True,True,True
HTI,2024,True,True,True,True,True,True,True
HTI,2025,True,True,True,True,True,True,True
HTK,2019,True,True,True,True,True,True,True
HTK,2020,True,True,True,True,True,True,True
HTK,2021,True,True,True,True,True,True,True
HTL,2009,True,True,True,True,True,True,True
HTL,2010,True,True,True,True,True,True,True
HTL,2011,True,True,True,True,True,True,True
HTL,2012,True,True,True,True,True,True,True
HTL,2013,True,True,True,True,True,True,True
HTL,2014,True,True,True,True,True,True,True
HTL,2015,True,True,True,True,True,True,True
HTL,2016,True,True,True,True,True,True,True
HTL,2017,True,True,True,True,True,True,True
HTL,2018,True,True,True,True,True,True,True
HTL,2019,True,True,True,True,True,True,True
HTL,2020,True,True,True,True,True,True,True
HTL,2021,True,True,True,True,True,True,True
HTL,2022,True,True,True,True,True,True,True
HTL,2023,True,True,True,True,True,True,True
HTL,2024,True,True,True,True,True,True,True
HTL,2025,True,True,True,True,True,True,True
HTM,2018,True,True,True,True,True,True,True
HTM,2019,True,True,True,True,True,True,True
HTM,2020,True,True,True,True,True,True,True
HTM,2021,True,True,True,True,True,True,True
HTM,2022,True,True,True,True,True,True,True
HTM,2023,True,True,True,True,True,True,True
HTM,2024,True,True,True,True,True,True,True
HTM,2025,True,True,True,True,True,True,True
HTN,2016,True,True,True,True,True,True,True
HTN,2017,True,True,True,True,True,True,True
HTN,2018,True,True,True,True,True,True,True
HTN,2019,True,True,True,True,True,True,True
HTN,2020,True,True,True,True,True,True,True
HTN,2021,True,True,True,True,True,True,True
HTN,2022,True,True,True,True,True,True,True
HTN,2023,True,True,True,True,True,True,True
HTN,2024,True,True,True,True,True,True,True
HTN,2025,True,True,True,True,True,True,True
HTP,2011,True,True,True,True,True,True,True
HTP,2012,True,True,True,True,True,True,True
HTP,2013,True,True,True,True,True,True,True
HTP,2014,True,True,True,True,True,True,True
HTP,2015,True,True,True,True,True,True,True
HTP,2016,True,True,True,True,True,True,True
HTP,2017,True,True,True,True,True,True,True
HTP,2018,True,True,True,True,True,True,True
HTP,2019,True,True,True,True,True,True,True
HTP,2021,True,True,True,True,True,True,True
HTP,2022,True,True,True,True,True,True,True
HTP,2023,True,True,True,True,True,True,True
HTR,2017,True,True,True,True,True,True,True
HTR,2018,True,True,True,True,True,True,True
HTR,2019,True,True,True,True,True,True,True
HTR,2020,True,True,True,True,True,True,True
HTR,2021,True,True,True,True,True,True,True
HTR,2022,True,True,True,True,True,True,True
HTT,2016,True,True,True,True,True,True,True
HTT,2017,True,True,True,True,True,True,True
HTT,2018,True,True,True,True,True,True,True
HTT,2019,True,True,True,True,True,True,True
HTT,2020,True,True,True,True,True,True,True
HTT,2021,True,True,True,True,True,True,True
HTT,2022,True,True,True,True,True,True,True
HTT,2023,True,True,True,True,True,True,True
HTT,2024,True,True,True,True,True,True,True
HTT,2025,True,True,True,True,True,True,True
HTU,2016,True,True,True,True,True,True,True
HTU,2017,True,True,True,True,True,True,True
HTU,2018,True,True,True,True,True,True,True
HTU,2019,True,True,True,True,True,True,True
HTU,2020,True,True,True,True,True,True,True
HTV,2009,True,True,True,True,True,True,True
HTV,2010,True,True,True,True,True,True,True
HTV,2011,True,True,True,True,True,True,True
HTV,2012,True,True,True,True,True,True,True
HTV,2013,True,True,True,True,True,True,True
HTV,2014,True,True,True,True,True,True,True
HTV,2015,True,True,True,True,True,True,True
HTV,2016,True,True,True,True,True,True,True
HTV,2017,True,True,True,True,True,True,True
HTV,2018,True,True,True,True,True,True,True
HTV,2019,True,True,True,True,True,True,True
HTV,2020,True,True,True,True,True,True,True
HTV,2021,True,True,True,True,True,True,True
HTV,2022,True,True,True,True,True,True,True
HTV,2023,True,True,True,True,True,True,True
HTV,2024,True,True,True,True,True,True,True
HTV,2025,True,True,True,True,True,True,True
HTW,2017,True,True,True,True,True,True,True
HTW,2018,True,True,True,True,True,True,True
HTW,2019,True,True,True,True,True,True,True
HTW,2021,True,True,True,True,True,True,True
HU1,2011,True,True,True,True,True,True,True
HU1,2012,True,True,True,True,True,True,True
HU1,2013,True,True,True,True,True,True,True
HU1,2014,True,True,True,True,True,True,True
HU1,2015,True,True,True,True,True,True,True
HU1,2016,True,True,True,True,True,True,True
HU1,2017,True,True,True,True,True,True,True
HU1,2018,True,True,True,True,True,True,True
HU1,2019,True,True,True,True,True,True,True
HU1,2020,True,True,True,True,True,True,True
HU1,2021,True,True,True,True,True,True,True
HU1,2022,True,True,True,True,True,True,True
HU1,2023,True,True,True,True,True,True,True
HU1,2024,True,True,True,True,True,True,True
HU1,2025,True,True,True,True,True,True,True
HU3,2011,True,True,True,True,True,True,True
HU3,2012,True,True,True,True,True,True,True
HU3,2013,True,True,True,True,True,True,True
HU3,2014,True,True,True,True,True,True,True
HU3,2015,True,True,True,True,True,True,True
HU3,2016,True,True,True,True,True,True,True
HU3,2017,True,True,True,True,True,True,True
HU3,2018,True,True,True,True,True,True,True
HU3,2019,True,True,True,True,True,True,True
HU3,2020,True,True,True,True,True,True,True
HU3,2021,True,True,True,True,True,True,True
HU3,2022,True,True,True,True,True,True,True
HU3,2023,True,True,True,True,True,True,True
HU3,2024,True,True,True,True,True,True,True
HU3,2025,True,True,True,True,True,True,True
HU4,2011,True,True,True,True,True,True,True
HU4,2013,True,True,True,True,True,True,True
HU4,2014,True,True,True,True,True,True,True
HU4,2015,True,True,True,True,True,True,True
HU4,2016,True,True,True,True,True,True,True
HU4,2017,True,True,True,True,True,True,True
HU4,2018,True,True,True,True,True,True,True
HU4,2019,True,True,True,True,True,True,True
HU4,2020,True,True,True,True,True,True,True
HU4,2021,True,True,True,True,True,True,True
HU4,2022,True,True,True,True,True,True,True
HU4,2023,True,True,True,True,True,True,True
HU4,2024,True,True,True,True,True,True,True
HU4,2025,True,True,True,True,True,True,True
HU6,2011,True,True,True,True,True,True,True
HU6,2012,True,True,True,True,True,True,True
HU6,2013,True,True,True,True,True,True,True
HU6,2015,True,True,True,True,True,True,True
HU6,2016,True,True,True,True,True,True,True
HU6,2017,True,True,True,True,True,True,True
HU6,2018,True,True,True,True,True,True,True
HU6,2019,True,True,True,True,True,True,True
HU6,2020,True,True,True,True,True,True,True
HU6,2021,True,True,True,True,True,True,True
HU6,2022,True,True,True,True,True,True,True
HUB,2016,True,True,True,True,True,True,True
HUB,2017,True,True,True,True,True,True,True
HUB,2018,True,True,True,True,True,True,True
HUB,2019,True,True,True,True,True,True,True
HUB,2020,True,True,True,True,True,True,True
HUB,2021,True,True,True,True,True,True,True
HUB,2022,True,True,True,True,True,True,True
HUB,2023,True,True,True,True,True,True,True
HUB,2024,True,True,True,True,True,True,True
HUB,2025,True,True,True,True,True,True,True
HUG,2015,True,True,True,True,True,True,True
HUG,2016,True,True,True,True,True,True,True
HUG,2017,True,True,True,True,True,True,True
HUG,2018,True,True,True,True,True,True,True
HUG,2019,True,True,True,True,True,True,True
HUG,2020,True,True,True,True,True,True,True
HUG,2021,True,True,True,True,True,True,True
HUG,2022,True,True,True,True,True,True,True
HUG,2023,True,True,True,True,True,True,True
HUG,2024,True,True,True,True,True,True,True
HUG,2025,True,True,True,True,True,True,True
HUT,2009,True,True,True,True,True,True,True
HUT,2010,True,True,True,True,True,True,True
HUT,2011,True,True,True,True,True,True,True
HUT,2012,True,True,True,True,True,True,True
HUT,2013,True,True,True,True,True,True,True
HUT,2014,True,True,True,True,True,True,True
HUT,2015,True,True,True,True,True,True,True
HUT,2016,True,True,True,True,True,True,True
HUT,2017,True,True,True,True,True,True,True
HUT,2018,True,True,True,True,True,True,True
HUT,2019,True,True,True,True,True,True,True
HUT,2020,True,True,True,True,True,True,True
HUT,2021,True,True,True,True,True,True,True
HUT,2022,True,True,True,True,True,True,True
HUT,2023,True,True,True,True,True,True,True
HUT,2024,True,True,True,True,True,True,True
HUT,2025,True,True,True,True,True,True,True
HVG,2009,True,True,True,True,True,True,True
HVG,2010,True,True,True,True,True,True,True
HVG,2011,True,True,True,True,True,True,True
HVG,2012,True,True,True,True,True,True,True
HVG,2013,True,True,True,True,True,True,True
HVG,2014,True,True,True,True,True,True,True
HVG,2015,True,True,True,True,True,True,True
HVG,2016,True,True,True,True,True,True,True
HVG,2017,True,True,True,True,True,True,True
HVG,2018,True,True,True,True,True,True,True
HVG,2019,True,True,True,True,True,True,True
HVH,2017,True,True,True,True,True,True,True
HVH,2018,True,True,True,True,True,True,True
HVH,2019,True,True,True,True,True,True,True
HVH,2020,True,True,True,True,True,True,True
HVH,2021,True,True,True,True,True,True,True
HVH,2022,True,True,True,True,True,True,True
HVH,2023,True,True,True,True,True,True,True
HVH,2024,True,True,True,True,True,True,True
HVN,2013,True,True,True,True,True,True,True
HVN,2014,True,True,True,True,True,True,True
HVN,2015,True,True,True,True,True,True,True
HVN,2016,True,True,True,True,True,True,True
HVN,2017,True,True,True,True,True,True,True
HVN,2018,True,True,True,True,True,True,True
HVN,2019,True,True,True,True,True,True,True
HVN,2020,True,True,True,True,True,True,True
HVN,2021,True,True,True,True,True,True,True
HVN,2022,True,True,True,True,True,True,True
HVN,2023,True,True,True,True,True,True,True
HVN,2024,True,True,True,True,True,True,True
HVN,2025,True,True,True,True,True,True,True
HVT,2011,True,True,True,True,True,True,True
HVT,2012,True,True,True,True,True,True,True
HVT,2013,True,True,True,True,True,True,True
HVT,2014,True,True,True,True,True,True,True
HVT,2015,True,True,True,True,True,True,True
HVT,2016,True,True,True,True,True,True,True
HVT,2017,True,True,True,True,True,True,True
HVT,2018,True,True,True,True,True,True,True
HVT,2019,True,True,True,True,True,True,True
HVT,2020,True,True,True,True,True,True,True
HVT,2021,True,True,True,True,True,True,True
HVT,2022,True,True,True,True,True,True,True
HVT,2023,True,True,True,True,True,True,True
HVT,2024,True,True,True,True,True,True,True
HVT,2025,True,True,True,True,True,True,True
HVX,2009,True,True,True,True,True,True,True
HVX,2010,True,True,True,True,True,True,True
HVX,2011,True,True,True,True,True,True,True
HVX,2012,True,True,True,True,True,True,True
HVX,2013,True,True,True,True,True,True,True
HVX,2014,True,True,True,True,True,True,True
HVX,2015,True,True,True,True,True,True,True
HVX,2016,True,True,True,True,True,True,True
HVX,2017,True,True,True,True,True,True,True
HVX,2018,True,True,True,True,True,True,True
HVX,2019,True,True,True,True,True,True,True
HVX,2020,True,True,True,True,True,True,True
HVX,2021,True,True,True,True,True,True,True
HVX,2022,True,True,True,True,True,True,True
HVX,2023,True,True,True,True,True,True,True
HVX,2024,True,True,True,True,True,True,True
HVX,2025,True,True,True,True,True,True,True
HWS,2015,True,True,True,True,True,True,True
HWS,2016,True,True,True,True,True,True,True
HWS,2017,True,True,True,True,True,True,True
HWS,2018,True,True,True,True,True,True,True
HWS,2019,True,True,True,True,True,True,True
HWS,2020,True,True,True,True,True,True,True
HWS,2021,True,True,True,True,True,True,True
HWS,2022,True,True,True,True,True,True,True
HWS,2023,True,True,True,True,True,True,True
HWS,2024,True,True,True,True,True,True,True
HWS,2025,True,True,True,True,True,True,True
I10,2013,True,True,True,True,True,True,True
I10,2014,True,True,True,True,True,True,True
I10,2015,True,True,True,True,True,True,True
I10,2016,True,True,True,True,True,True,True
I10,2017,True,True,True,True,True,True,True
I10,2018,True,True,True,True,True,True,True
I10,2019,True,True,True,True,True,True,True
I10,2020,True,True,True,True,True,True,True
IBC,2017,True,True,True,True,True,True,True
IBC,2018,True,True,True,True,True,True,True
IBC,2019,True,True,True,True,True,True,True
IBC,2020,True,True,True,True,True,True,True
IBC,2021,True,True,True,True,True,True,True
IBD,2017,True,True,True,True,True,True,True
IBD,2018,True,True,True,True,True,True,True
IBD,2019,True,True,True,True,True,True,True
IBD,2020,True,True,True,True,True,True,True
IBD,2021,True,True,True,True,True,True,True
IBD,2022,True,True,True,True,True,True,True
IBD,2023,True,True,True,True,True,True,True
IBD,2024,True,True,True,True,True,True,True
IBD,2025,True,True,True,True,True,True,True
ICC,2014,True,True,True,True,True,True,True
ICC,2015,True,True,True,True,True,True,True
ICC,2016,True,True,True,True,True,True,True
ICC,2017,True,True,True,True,True,True,True
ICC,2018,True,True,True,True,True,True,True
ICC,2019,True,True,True,True,True,True,True
ICC,2020,True,True,True,True,True,True,True
ICC,2021,True,True,True,True,True,True,True
ICC,2022,True,True,True,True,True,True,True
ICC,2023,True,True,True,True,True,True,True
ICC,2024,True,True,True,True,True,True,True
ICC,2025,True,True,True,True,True,True,True
ICF,2009,True,True,True,True,True,True,True
ICF,2010,True,True,True,True,True,True,True
ICF,2011,True,True,True,True,True,True,True
ICF,2012,True,True,True,True,True,True,True
ICF,2013,True,True,True,True,True,True,True
ICF,2014,True,True,True,True,True,True,True
ICF,2015,True,True,True,True,True,True,True
ICF,2016,True,True,True,True,True,True,True
ICF,2017,True,True,True,True,True,True,True
ICF,2018,True,True,True,True,True,True,True
ICF,2019,True,True,True,True,True,True,True
ICF,2020,True,True,True,True,True,True,True
ICF,2021,True,True,True,True,True,True,True
ICF,2022,True,True,True,True,True,True,True
ICF,2023,True,True,True,True,True,True,True
ICF,2024,True,True,True,True,True,True,True
ICF,2025,True,True,True,True,True,True,True
ICG,2011,True,True,True,True,True,True,True
ICG,2012,True,True,True,True,True,True,True
ICG,2013,True,True,True,True,True,True,True
ICG,2014,True,True,True,True,True,True,True
ICG,2015,True,True,True,True,True,True,True
ICG,2016,True,True,True,True,True,True,True
ICG,2017,True,True,True,True,True,True,True
ICG,2018,True,True,True,True,True,True,True
ICG,2019,True,True,True,True,True,True,True
ICG,2020,True,True,True,True,True,True,True
ICG,2021,True,True,True,True,True,True,True
ICG,2022,True,True,True,True,True,True,True
ICG,2023,True,True,True,True,True,True,True
ICG,2024,True,True,True,True,True,True,True
ICG,2025,True,True,True,True,True,True,True
ICI,2010,True,True,True,True,True,True,True
ICI,2011,True,True,True,True,True,True,True
ICI,2012,True,True,True,True,True,True,True
ICI,2013,True,True,True,True,True,True,True
ICI,2014,True,True,True,True,True,True,True
ICI,2015,True,True,True,True,True,True,True
ICI,2016,True,True,True,True,True,True,True
ICI,2017,True,True,True,True,True,True,True
ICI,2018,True,True,True,True,True,True,True
ICI,2019,True,True,True,True,True,True,True
ICI,2020,True,True,True,True,True,True,True
ICI,2021,True,True,True,True,True,True,True
ICI,2022,True,True,True,True,True,True,True
ICI,2023,True,True,True,True,True,True,True
ICI,2024,True,True,True,True,True,True,True
ICI,2025,True,True,True,True,True,True,True
ICN,2010,True,True,True,True,True,True,True
ICN,2011,True,True,True,True,True,True,True
ICN,2012,True,True,True,True,True,True,True
ICN,2013,True,True,True,True,True,True,True
ICN,2014,True,True,True,True,True,True,True
ICN,2015,True,True,True,True,True,True,True
ICN,2016,True,True,True,True,True,True,True
ICN,2017,True,True,True,True,True,True,True
ICN,2018,True,True,True,True,True,True,True
ICN,2019,True,True,True,True,True,True,True
ICN,2020,True,True,True,True,True,True,True
ICN,2021,True,True,True,True,True,True,True
ICN,2022,True,True,True,True,True,True,True
ICN,2023,True,True,True,True,True,True,True
ICN,2024,True,True,True,True,True,True,True
ICT,2018,True,True,True,True,True,True,True
ICT,2019,True,True,True,True,True,True,True
ICT,2020,True,True,True,True,True,True,True
ICT,2021,True,True,True,True,True,True,True
ICT,2022,True,True,True,True,True,True,True
ICT,2023,True,True,True,True,True,True,True
ICT,2024,True,True,True,True,True,True,True
ICT,2025,True,True,True,True,True,True,True
IDC,2014,True,True,True,True,True,True,True
IDC,2015,True,True,True,True,True,True,True
IDC,2016,True,True,True,True,True,True,True
IDC,2017,True,True,True,True,True,True,True
IDC,2018,True,True,True,True,True,True,True
IDC,2019,True,True,True,True,True,True,True
IDC,2020,True,True,True,True,True,True,True
IDC,2021,True,True,True,True,True,True,True
IDC,2022,True,True,True,True,True,True,True
IDC,2023,True,True,True,True,True,True,True
IDC,2024,True,True,True,True,True,True,True
IDC,2025,True,True,True,True,True,True,True
IDI,2011,True,True,True,True,True,True,True
IDI,2012,True,True,True,True,True,True,True
IDI,2013,True,True,True,True,True,True,True
IDI,2015,True,True,True,True,True,True,True
IDI,2016,True,True,True,True,True,True,True
IDI,2017,True,True,True,True,True,True,True
IDI,2018,True,True,True,True,True,True,True
IDI,2019,True,True,True,True,True,True,True
IDI,2020,True,True,True,True,True,True,True
IDI,2021,True,True,True,True,True,True,True
IDI,2022,True,True,True,True,True,True,True
IDI,2023,True,True,True,True,True,True,True
IDI,2024,True,True,True,True,True,True,True
IDI,2025,True,True,True,True,True,True,True
IDJ,2009,True,True,True,True,True,True,True
IDJ,2010,True,True,True,True,True,True,True
IDJ,2011,True,True,True,True,True,True,True
IDJ,2012,True,True,True,True,True,True,True
IDJ,2013,True,True,True,True,True,True,True
IDJ,2015,True,True,True,True,True,True,True
IDJ,2016,True,True,True,True,True,True,True
IDJ,2017,True,True,True,True,True,True,True
IDJ,2018,True,True,True,True,True,True,True
IDJ,2019,True,True,True,True,True,True,True
IDJ,2020,True,True,True,True,True,True,True
IDJ,2021,True,True,True,True,True,True,True
IDJ,2022,True,True,True,True,True,True,True
IDJ,2023,True,True,True,True,True,True,True
IDJ,2024,True,True,True,True,True,True,True
IDJ,2025,True,True,True,True,True,True,True
IDN,2016,True,True,True,True,True,True,True
IDN,2017,True,True,True,True,True,True,True
IDN,2018,True,True,True,True,True,True,True
IDP,2018,True,True,True,True,True,True,True
IDP,2019,True,True,True,True,True,True,True
IDP,2020,True,True,True,True,True,True,True
IDP,2021,True,True,True,True,True,True,True
IDP,2023,True,True,True,True,True,True,True
IDP,2024,True,True,True,True,True,True,True
IDP,2025,True,True,True,True,True,True,True
IDV,2009,True,True,True,True,True,True,True
IDV,2010,True,True,True,True,True,True,True
IDV,2011,True,True,True,True,True,True,True
IDV,2018,True,True,True,True,True,True,True
IDV,2022,True,True,True,True,True,True,True
IDV,2023,True,True,True,True,True,True,True
IDV,2024,True,True,True,True,True,True,True
IDV,2025,True,True,True,True,True,True,True
IFC,2010,True,True,True,True,True,True,True
IFC,2011,True,True,True,True,True,True,True
IFC,2012,True,True,True,True,True,True,True
IFC,2013,True,True,True,True,True,True,True
IFC,2014,True,True,True,True,True,True,True
IFC,2015,True,True,True,True,True,True,True
IFC,2016,True,True,True,True,True,True,True
IFC,2017,True,True,True,True,True,True,True
IFC,2018,True,True,True,True,True,True,True
IFC,2019,True,True,True,True,True,True,True
IFC,2020,True,True,True,True,True,True,True
IFS,2009,True,True,True,True,True,True,True
IFS,2010,True,True,True,True,True,True,True
IFS,2011,True,True,True,True,True,True,True
IFS,2012,True,True,True,True,True,True,True
IFS,2013,True,True,True,True,True,True,True
IFS,2014,True,True,True,True,True,True,True
IFS,2015,True,True,True,True,True,True,True
IFS,2016,True,True,True,True,True,True,True
IFS,2017,True,True,True,True,True,True,True
IFS,2018,True,True,True,True,True,True,True
IFS,2019,True,True,True,True,True,True,True
IFS,2020,True,True,True,True,True,True,True
IFS,2021,True,True,True,True,True,True,True
IFS,2022,True,True,True,True,True,True,True
IFS,2023,True,True,True,True,True,True,True
IFS,2024,True,True,True,True,True,True,True
IFS,2025,True,True,True,True,True,True,True
IHK,2011,True,True,True,True,True,True,True
IHK,2012,True,True,True,True,True,True,True
IHK,2013,True,True,True,True,True,True,True
IHK,2014,True,True,True,True,True,True,True
IHK,2015,True,True,True,True,True,True,True
IHK,2016,True,True,True,True,True,True,True
IHK,2017,True,True,True,True,True,True,True
IHK,2018,True,True,True,True,True,True,True
IHK,2020,True,True,True,True,True,True,True
IHK,2021,True,True,True,True,True,True,True
IHK,2022,True,True,True,True,True,True,True
IHK,2023,True,True,True,True,True,True,True
IHK,2024,True,True,True,True,True,True,True
IHK,2025,True,True,True,True,True,True,True
IJC,2009,True,True,True,True,True,True,True
IJC,2010,True,True,True,True,True,True,True
IJC,2011,True,True,True,True,True,True,True
IJC,2012,True,True,True,True,True,True,True
IJC,2013,True,True,True,True,True,True,True
IJC,2014,True,True,True,True,True,True,True
IJC,2015,True,True,True,True,True,True,True
IJC,2016,True,True,True,True,True,True,True
IJC,2017,True,True,True,True,True,True,True
IJC,2018,True,True,True,True,True,True,True
IJC,2019,True,True,True,True,True,True,True
IJC,2020,True,True,True,True,True,True,True
IJC,2021,True,True,True,True,True,True,True
IJC,2022,True,True,True,True,True,True,True
IJC,2023,True,True,True,True,True,True,True
IJC,2024,True,True,True,True,True,True,True
IJC,2025,True,True,True,True,True,True,True
IKH,2016,True,True,True,True,True,True,True
IKH,2017,True,True,True,True,True,True,True
IKH,2018,True,True,True,True,True,True,True
IKH,2019,True,True,True,True,True,True,True
IKH,2020,True,True,True,True,True,True,True
ILA,2018,True,True,True,True,True,True,True
ILA,2019,True,True,True,True,True,True,True
ILA,2020,True,True,True,True,True,True,True
ILA,2021,True,True,True,True,True,True,True
ILA,2022,True,True,True,True,True,True,True
ILA,2023,True,True,True,True,True,True,True
ILA,2024,True,True,True,True,True,True,True
ILB,2016,True,True,True,True,True,True,True
ILB,2017,True,True,True,True,True,True,True
ILB,2018,True,True,True,True,True,True,True
ILB,2019,True,True,True,True,True,True,True
ILB,2020,True,True,True,True,True,True,True
ILB,2021,True,True,True,True,True,True,True
ILB,2022,True,True,True,True,True,True,True
ILB,2023,True,True,True,True,True,True,True
ILB,2024,True,True,True,True,True,True,True
ILB,2025,True,True,True,True,True,True,True
ILC,2010,True,True,True,True,True,True,True
ILC,2011,True,True,True,True,True,True,True
ILC,2013,True,True,True,True,True,True,True
ILC,2014,True,True,True,True,True,True,True
ILC,2016,True,True,True,True,True,True,True
ILC,2017,True,True,True,True,True,True,True
ILC,2018,True,True,True,True,True,True,True
ILC,2019,True,True,True,True,True,True,True
ILC,2020,True,True,True,True,True,True,True
ILC,2021,True,True,True,True,True,True,True
ILC,2022,True,True,True,True,True,True,True
ILC,2023,True,True,True,True,True,True,True
ILC,2024,True,True,True,True,True,True,True
ILC,2025,True,True,True,True,True,True,True
ILS,2015,True,True,True,True,True,True,True
ILS,2016,True,True,True,True,True,True,True
ILS,2017,True,True,True,True,True,True,True
ILS,2018,True,True,True,True,True,True,True
ILS,2019,True,True,True,True,True,True,True
ILS,2020,True,True,True,True,True,True,True
ILS,2021,True,True,True,True,True,True,True
ILS,2022,True,True,True,True,True,True,True
ILS,2023,True,True,True,True,True,True,True
ILS,2024,True,True,True,True,True,True,True
ILS,2025,True,True,True,True,True,True,True
IME,2011,True,True,True,True,True,True,True
IME,2012,True,True,True,True,True,True,True
IME,2013,True,True,True,True,True,True,True
IME,2014,True,True,True,True,True,True,True
IME,2015,True,True,True,True,True,True,True
IME,2016,True,True,True,True,True,True,True
IME,2017,True,True,True,True,True,True,True
IME,2018,True,True,True,True,True,True,True
IME,2019,True,True,True,True,True,True,True
IME,2020,True,True,True,True,True,True,True
IME,2021,True,True,True,True,True,True,True
IME,2022,True,True,True,True,True,True,True
IME,2023,True,True,True,True,True,True,True
IME,2024,True,True,True,True,True,True,True
IME,2025,True,True,True,True,True,True,True
IMP,2009,True,True,True,True,True,True,True
IMP,2010,True,True,True,True,True,True,True
IMP,2011,True,True,True,True,True,True,True
IMP,2012,True,True,True,True,True,True,True
IMP,2013,True,True,True,True,True,True,True
IMP,2014,True,True,True,True,True,True,True
IMP,2015,True,True,True,True,True,True,True
IMP,2016,True,True,True,True,True,True,True
IMP,2017,True,True,True,True,True,True,True
IMP,2018,True,True,True,True,True,True,True
IMP,2019,True,True,True,True,True,True,True
IMP,2020,True,True,True,True,True,True,True
IMP,2021,True,True,True,True,True,True,True
IMP,2022,True,True,True,True,True,True,True
IMP,2023,True,True,True,True,True,True,True
IMP,2024,True,True,True,True,True,True,True
IMP,2025,True,True,True,True,True,True,True
IN4,2010,True,True,True,True,True,True,True
IN4,2011,True,True,True,True,True,True,True
IN4,2012,True,True,True,True,True,True,True
IN4,2013,True,True,True,True,True,True,True
IN4,2014,True,True,True,True,True,True,True
IN4,2015,True,True,True,True,True,True,True
IN4,2016,True,True,True,True,True,True,True
IN4,2017,True,True,True,True,True,True,True
IN4,2018,True,True,True,True,True,True,True
IN4,2019,True,True,True,True,True,True,True
IN4,2020,True,True,True,True,True,True,True
IN4,2021,True,True,True,True,True,True,True
IN4,2022,True,True,True,True,True,True,True
IN4,2023,True,True,True,True,True,True,True
IN4,2024,True,True,True,True,True,True,True
IN4,2025,True,True,True,True,True,True,True
INC,2010,True,True,True,True,True,True,True
INC,2011,True,True,True,True,True,True,True
INC,2012,True,True,True,True,True,True,True
INC,2013,True,True,True,True,True,True,True
INC,2014,True,True,True,True,True,True,True
INC,2015,True,True,True,True,True,True,True
INC,2016,True,True,True,True,True,True,True
INC,2017,True,True,True,True,True,True,True
INC,2018,True,True,True,True,True,True,True
INC,2019,True,True,True,True,True,True,True
INC,2020,True,True,True,True,True,True,True
INC,2021,True,True,True,True,True,True,True
INC,2022,True,True,True,True,True,True,True
INC,2023,True,True,True,True,True,True,True
INC,2024,True,True,True,True,True,True,True
INC,2025,True,True,True,True,True,True,True
ING,2012,True,True,True,True,True,True,True
ING,2021,True,True,True,True,True,True,True
ING,2022,True,True,True,True,True,True,True
ING,2023,True,True,True,True,True,True,True
ING,2024,True,True,True,True,True,True,True
INN,2010,True,True,True,True,True,True,True
INN,2011,True,True,True,True,True,True,True
INN,2013,True,True,True,True,True,True,True
INN,2015,True,True,True,True,True,True,True
INN,2016,True,True,True,True,True,True,True
INN,2017,True,True,True,True,True,True,True
INN,2018,True,True,True,True,True,True,True
INN,2019,True,True,True,True,True,True,True
INN,2020,True,True,True,True,True,True,True
INN,2021,True,True,True,True,True,True,True
INN,2022,True,True,True,True,True,True,True
INN,2023,True,True,True,True,True,True,True
INN,2024,True,True,True,True,True,True,True
INN,2025,True,True,True,True,True,True,True
IPA,2009,True,True,True,True,True,True,True
IPA,2010,True,True,True,True,True,True,True
IPA,2011,True,True,True,True,True,True,True
IPA,2012,True,True,True,True,True,True,True
IPA,2013,True,True,True,True,True,True,True
IPA,2014,True,True,True,True,True,True,True
IPA,2015,True,True,True,True,True,True,True
IPA,2016,True,True,True,True,True,True,True
IPA,2017,True,True,True,True,True,True,True
IPA,2018,True,True,True,True,True,True,True
IPA,2019,True,True,True,True,True,True,True
IPA,2020,True,True,True,True,True,True,True
IPA,2021,True,True,True,True,True,True,True
IPA,2022,True,True,True,True,True,True,True
IPA,2023,True,True,True,True,True,True,True
IPA,2024,True,True,True,True,True,True,True
IPA,2025,True,True,True,True,True,True,True
IPH,2017,True,True,True,True,True,True,True
IPH,2018,True,True,True,True,True,True,True
IPH,2019,True,True,True,True,True,True,True
IPH,2020,True,True,True,True,True,True,True
IRC,2016,True,True,True,True,True,True,True
IRC,2017,True,True,True,True,True,True,True
IRC,2018,True,True,True,True,True,True,True
IRC,2019,True,True,True,True,True,True,True
IRC,2020,True,True,True,True,True,True,True
IRC,2021,True,True,True,True,True,True,True
IRC,2022,True,True,True,True,True,True,True
IRC,2023,True,True,True,True,True,True,True
IRC,2024,True,True,True,True,True,True,True
ISG,2010,True,True,True,True,True,True,True
ISG,2011,True,True,True,True,True,True,True
ISG,2012,True,True,True,True,True,True,True
ISG,2013,True,True,True,True,True,True,True
ISG,2014,True,True,True,True,True,True,True
ISG,2015,True,True,True,True,True,True,True
ISG,2016,True,True,True,True,True,True,True
ISG,2017,True,True,True,True,True,True,True
ISG,2018,True,True,True,True,True,True,True
ISG,2019,True,True,True,True,True,True,True
ISG,2020,True,True,True,True,True,True,True
ISG,2021,True,True,True,True,True,True,True
ISG,2022,True,True,True,True,True,True,True
ISG,2023,True,True,True,True,True,True,True
ISG,2024,True,True,True,True,True,True,True
ISG,2025,True,True,True,True,True,True,True
ISH,2010,True,True,True,True,True,True,True
ISH,2011,True,True,True,True,True,True,True
ISH,2012,True,True,True,True,True,True,True
ISH,2013,True,True,True,True,True,True,True
ISH,2014,True,True,True,True,True,True,True
ISH,2015,True,True,True,True,True,True,True
ISH,2016,True,True,True,True,True,True,True
ISH,2017,True,True,True,True,True,True,True
ISH,2018,True,True,True,True,True,True,True
ISH,2019,True,True,True,True,True,True,True
ISH,2020,True,True,True,True,True,True,True
ISH,2021,True,True,True,True,True,True,True
ISH,2022,True,True,True,True,True,True,True
ISH,2023,True,True,True,True,True,True,True
ISH,2024,True,True,True,True,True,True,True
ISH,2025,True,True,True,True,True,True,True
IST,2013,True,True,True,True,True,True,True
IST,2014,True,True,True,True,True,True,True
IST,2015,True,True,True,True,True,True,True
IST,2016,True,True,True,True,True,True,True
IST,2017,True,True,True,True,True,True,True
IST,2018,True,True,True,True,True,True,True
IST,2019,True,True,True,True,True,True,True
IST,2020,True,True,True,True,True,True,True
IST,2021,True,True,True,True,True,True,True
IST,2022,True,True,True,True,True,True,True
IST,2023,True,True,True,True,True,True,True
IST,2024,True,True,True,True,True,True,True
IST,2025,True,True,True,True,True,True,True
ITA,2009,True,True,True,True,True,True,True
ITA,2010,True,True,True,True,True,True,True
ITA,2011,True,True,True,True,True,True,True
ITA,2012,True,True,True,True,True,True,True
ITA,2013,True,True,True,True,True,True,True
ITA,2014,True,True,True,True,True,True,True
ITA,2015,True,True,True,True,True,True,True
ITA,2016,True,True,True,True,True,True,True
ITA,2017,True,True,True,True,True,True,True
ITA,2018,True,True,True,True,True,True,True
ITA,2019,True,True,True,True,True,True,True
ITA,2020,True,True,True,True,True,True,True
ITA,2021,True,True,True,True,True,True,True
ITA,2022,True,True,True,True,True,True,True
ITA,2023,True,True,True,True,True,True,True
ITA,2024,True,True,True,True,True,True,True
ITA,2025,True,True,True,True,True,True,True
ITC,2009,True,True,True,True,True,True,True
ITC,2010,True,True,True,True,True,True,True
ITC,2011,True,True,True,True,True,True,True
ITC,2012,True,True,True,True,True,True,True
ITC,2013,True,True,True,True,True,True,True
ITC,2014,True,True,True,True,True,True,True
ITC,2015,True,True,True,True,True,True,True
ITC,2016,True,True,True,True,True,True,True
ITC,2017,True,True,True,True,True,True,True
ITC,2018,True,True,True,True,True,True,True
ITC,2019,True,True,True,True,True,True,True
ITC,2020,True,True,True,True,True,True,True
ITC,2021,True,True,True,True,True,True,True
ITC,2022,True,True,True,True,True,True,True
ITC,2023,True,True,True,True,True,True,True
ITC,2024,True,True,True,True,True,True,True
ITC,2025,True,True,True,True,True,True,True
ITD,2009,True,True,True,True,True,True,True
ITD,2010,True,True,True,True,True,True,True
ITD,2011,True,True,True,True,True,True,True
ITD,2012,True,True,True,True,True,True,True
ITD,2017,True,True,True,True,True,True,True
ITD,2018,True,True,True,True,True,True,True
ITD,2019,True,True,True,True,True,True,True
ITD,2020,True,True,True,True,True,True,True
ITD,2021,True,True,True,True,True,True,True
ITD,2024,True,True,True,True,True,True,True
ITD,2025,True,True,True,True,True,True,True
ITQ,2010,True,True,True,True,True,True,True
ITQ,2011,True,True,True,True,True,True,True
ITQ,2012,True,True,True,True,True,True,True
ITQ,2013,True,True,True,True,True,True,True
ITQ,2016,True,True,True,True,True,True,True
ITQ,2017,True,True,True,True,True,True,True
ITQ,2018,True,True,True,True,True,True,True
ITQ,2019,True,True,True,True,True,True,True
ITQ,2020,True,True,True,True,True,True,True
ITQ,2021,True,True,True,True,True,True,True
ITQ,2023,True,True,True,True,True,True,True
ITQ,2024,True,True,True,True,True,True,True
ITQ,2025,True,True,True,True,True,True,True
ITS,2011,True,True,True,True,True,True,True
ITS,2012,True,True,True,True,True,True,True
ITS,2013,True,True,True,True,True,True,True
ITS,2014,True,True,True,True,True,True,True
ITS,2015,True,True,True,True,True,True,True
ITS,2016,True,True,True,True,True,True,True
ITS,2017,True,True,True,True,True,True,True
ITS,2018,True,True,True,True,True,True,True
ITS,2019,True,True,True,True,True,True,True
ITS,2020,True,True,True,True,True,True,True
ITS,2021,True,True,True,True,True,True,True
ITS,2022,True,True,True,True,True,True,True
ITS,2023,True,True,True,True,True,True,True
ITS,2024,True,True,True,True,True,True,True
ITS,2025,True,True,True,True,True,True,True
JOS,2015,True,True,True,True,True,True,True
JOS,2016,True,True,True,True,True,True,True
JOS,2017,True,True,True,True,True,True,True
JOS,2018,True,True,True,True,True,True,True
JOS,2019,True,True,True,True,True,True,True
JOS,2020,True,True,True,True,True,True,True
JOS,2021,True,True,True,True,True,True,True
JOS,2022,True,True,True,True,True,True,True
JOS,2023,True,True,True,True,True,True,True
JOS,2024,True,True,True,True,True,True,True
JOS,2025,True,True,True,True,True,True,True
JSC,2010,True,True,True,True,True,True,True
JSC,2011,True,True,True,True,True,True,True
JSC,2012,True,True,True,True,True,True,True
JSC,2013,True,True,True,True,True,True,True
JSC,2014,True,True,True,True,True,True,True
JVC,2009,True,True,True,True,True,True,True
JVC,2010,True,True,True,True,True,True,True
JVC,2011,True,True,True,True,True,True,True
JVC,2012,True,True,True,True,True,True,True
JVC,2013,True,True,True,True,True,True,True
JVC,2014,True,True,True,True,True,True,True
JVC,2015,True,True,True,True,True,True,True
JVC,2016,True,True,True,True,True,True,True
JVC,2017,True,True,True,True,True,True,True
JVC,2018,True,True,True,True,True,True,True
JVC,2020,True,True,True,True,True,True,True
JVC,2022,True,True,True,True,True,True,True
JVC,2023,True,True,True,True,True,True,True
JVC,2024,True,True,True,True,True,True,True
JVC,2025,True,True,True,True,True,True,True
KAC,2009,True,True,True,True,True,True,True
KAC,2010,True,True,True,True,True,True,True
KAC,2011,True,True,True,True,True,True,True
KAC,2012,True,True,True,True,True,True,True
KAC,2013,True,True,True,True,True,True,True
KAC,2014,True,True,True,True,True,True,True
KAC,2015,True,True,True,True,True,True,True
KAC,2016,True,True,True,True,True,True,True
KAC,2017,True,True,True,True,True,True,True
KAC,2018,True,True,True,True,True,True,True
KAC,2019,True,True,True,True,True,True,True
KBC,2009,True,True,True,True,True,True,True
KBC,2010,True,True,True,True,True,True,True
KBC,2011,True,True,True,True,True,True,True
KBC,2012,True,True,True,True,True,True,True
KBC,2013,True,True,True,True,True,True,True
KBC,2014,True,True,True,True,True,True,True
KBC,2015,True,True,True,True,True,True,True
KBC,2016,True,True,True,True,True,True,True
KBC,2017,True,True,True,True,True,True,True
KBC,2018,True,True,True,True,True,True,True
KBC,2019,True,True,True,True,True,True,True
KBC,2020,True,True,True,True,True,True,True
KBC,2021,True,True,True,True,True,True,True
KBC,2022,True,True,True,True,True,True,True
KBC,2023,True,True,True,True,True,True,True
KBC,2024,True,True,True,True,True,True,True
KBC,2025,True,True,True,True,True,True,True
KBE,2009,True,True,True,True,True,True,True
KBE,2010,True,True,True,True,True,True,True
KBE,2011,True,True,True,True,True,True,True
KBE,2012,True,True,True,True,True,True,True
KBE,2013,True,True,True,True,True,True,True
KBE,2014,True,True,True,True,True,True,True
KBE,2015,True,True,True,True,True,True,True
KBE,2016,True,True,True,True,True,True,True
KBE,2017,True,True,True,True,True,True,True
KBE,2018,True,True,True,True,True,True,True
KBE,2019,True,True,True,True,True,True,True
KBE,2020,True,True,True,True,True,True,True
KBT,2009,True,True,True,True,True,True,True
KBT,2010,True,True,True,True,True,True,True
KBT,2011,True,True,True,True,True,True,True
KBT,2012,True,True,True,True,True,True,True
KBT,2013,True,True,True,True,True,True,True
KCB,2011,True,True,True,True,True,True,True
KCB,2012,True,True,True,True,True,True,True
KCB,2013,True,True,True,True,True,True,True
KCB,2014,True,True,True,True,True,True,True
KCB,2015,True,True,True,True,True,True,True
KCB,2016,True,True,True,True,True,True,True
KCB,2017,True,True,True,True,True,True,True
KCB,2018,True,True,True,True,True,True,True
KCB,2019,True,True,True,True,True,True,True
KCB,2020,True,True,True,True,True,True,True
KCB,2021,True,True,True,True,True,True,True
KCB,2022,True,True,True,True,True,True,True
KCB,2023,True,True,True,True,True,True,True
KCB,2024,True,True,True,True,True,True,True
KCB,2025,True,True,True,True,True,True,True
KCE,2009,True,True,True,True,True,True,True
KCE,2010,True,True,True,True,True,True,True
KCE,2011,True,True,True,True,True,True,True
KCE,2012,True,True,True,True,True,True,True
KCE,2013,True,True,True,True,True,True,True
KCE,2014,True,True,True,True,True,True,True
KCE,2015,True,True,True,True,True,True,True
KCE,2016,True,True,True,True,True,True,True
KCE,2017,True,True,True,True,True,True,True
KCE,2018,True,True,True,True,True,True,True
KCE,2019,True,True,True,True,True,True,True
KCE,2020,True,True,True,True,True,True,True
KCE,2021,True,True,True,True,True,True,True
KCE,2022,True,True,True,True,True,True,True
KCE,2023,True,True,True,True,True,True,True
KCE,2024,True,True,True,True,True,True,True
KDC,2009,True,True,True,True,True,True,True
KDC,2010,True,True,True,True,True,True,True
KDC,2011,True,True,True,True,True,True,True
KDC,2012,True,True,True,True,True,True,True
KDC,2013,True,True,True,True,True,True,True
KDC,2014,True,True,True,True,True,True,True
KDC,2015,True,True,True,True,True,True,True
KDC,2016,True,True,True,True,True,True,True
KDC,2017,True,True,True,True,True,True,True
KDC,2018,True,True,True,True,True,True,True
KDC,2019,True,True,True,True,True,True,True
KDC,2020,True,True,True,True,True,True,True
KDC,2022,True,True,True,True,True,True,True
KDC,2023,True,True,True,True,True,True,True
KDC,2024,True,True,True,True,True,True,True
KDC,2025,True,True,True,True,True,True,True
KDF,2016,True,True,True,True,True,True,True
KDF,2017,True,True,True,True,True,True,True
KDF,2018,True,True,True,True,True,True,True
KDF,2019,True,True,True,True,True,True,True
KDH,2009,True,True,True,True,True,True,True
KDH,2010,True,True,True,True,True,True,True
KDH,2011,True,True,True,True,True,True,True
KDH,2012,True,True,True,True,True,True,True
KDH,2013,True,True,True,True,True,True,True
KDH,2014,True,True,True,True,True,True,True
KDH,2015,True,True,True,True,True,True,True
KDH,2016,True,True,True,True,True,True,True
KDH,2017,True,True,True,True,True,True,True
KDH,2018,True,True,True,True,True,True,True
KDH,2019,True,True,True,True,True,True,True
KDH,2020,True,True,True,True,True,True,True
KDH,2021,True,True,True,True,True,True,True
KDH,2022,True,True,True,True,True,True,True
KDH,2023,True,True,True,True,True,True,True
KDH,2024,True,True,True,True,True,True,True
KDH,2025,True,True,True,True,True,True,True
KDM,2017,True,True,True,True,True,True,True
KDM,2018,True,True,True,True,True,True,True
KDM,2019,True,True,True,True,True,True,True
KDM,2022,True,True,True,True,True,True,True
KDM,2023,True,True,True,True,True,True,True
KGM,2017,True,True,True,True,True,True,True
KGM,2018,True,True,True,True,True,True,True
KGM,2019,True,True,True,True,True,True,True
KGM,2020,True,True,True,True,True,True,True
KGM,2021,True,True,True,True,True,True,True
KGM,2022,True,True,True,True,True,True,True
KGM,2023,True,True,True,True,True,True,True
KGM,2024,True,True,True,True,True,True,True
KGM,2025,True,True,True,True,True,True,True
KGU,2011,True,True,True,True,True,True,True
KGU,2012,True,True,True,True,True,True,True
KGU,2013,True,True,True,True,True,True,True
KGU,2014,True,True,True,True,True,True,True
KGU,2015,True,True,True,True,True,True,True
KGU,2016,True,True,True,True,True,True,True
KGU,2017,True,True,True,True,True,True,True
KGU,2018,True,True,True,True,True,True,True
KHA,2010,True,True,True,True,True,True,True
KHA,2011,True,True,True,True,True,True,True
KHA,2012,True,True,True,True,True,True,True
KHA,2013,True,True,True,True,True,True,True
KHA,2014,True,True,True,True,True,True,True
KHA,2015,True,True,True,True,True,True,True
KHA,2016,True,True,True,True,True,True,True
KHA,2017,True,True,True,True,True,True,True
KHA,2018,True,True,True,True,True,True,True
KHA,2019,True,True,True,True,True,True,True
KHA,2020,True,True,True,True,True,True,True
KHA,2021,True,True,True,True,True,True,True
KHA,2022,True,True,True,True,True,True,True
KHB,2012,True,True,True,True,True,True,True
KHB,2013,True,True,True,True,True,True,True
KHB,2016,True,True,True,True,True,True,True
KHB,2017,True,True,True,True,True,True,True
KHB,2018,True,True,True,True,True,True,True
KHB,2019,True,True,True,True,True,True,True
KHB,2020,True,True,True,True,True,True,True
KHD,2013,True,True,True,True,True,True,True
KHD,2014,True,True,True,True,True,True,True
KHD,2016,True,True,True,True,True,True,True
KHD,2017,True,True,True,True,True,True,True
KHD,2018,True,True,True,True,True,True,True
KHD,2020,True,True,True,True,True,True,True
KHD,2021,True,True,True,True,True,True,True
KHD,2022,True,True,True,True,True,True,True
KHD,2023,True,True,True,True,True,True,True
KHD,2024,True,True,True,True,True,True,True
KHD,2025,True,True,True,True,True,True,True
KHG,2018,True,True,True,True,True,True,True
KHG,2019,True,True,True,True,True,True,True
KHG,2020,True,True,True,True,True,True,True
KHG,2021,True,True,True,True,True,True,True
KHG,2022,True,True,True,True,True,True,True
KHG,2023,True,True,True,True,True,True,True
KHG,2024,True,True,True,True,True,True,True
KHG,2025,True,True,True,True,True,True,True
KHL,2011,True,True,True,True,True,True,True
KHL,2012,True,True,True,True,True,True,True
KHL,2013,True,True,True,True,True,True,True
KHL,2015,True,True,True,True,True,True,True
KHL,2016,True,True,True,True,True,True,True
KHL,2017,True,True,True,True,True,True,True
KHL,2018,True,True,True,True,True,True,True
KHP,2009,True,True,True,True,True,True,True
KHP,2010,True,True,True,True,True,True,True
KHP,2011,True,True,True,True,True,True,True
KHP,2012,True,True,True,True,True,True,True
KHP,2013,True,True,True,True,True,True,True
KHP,2014,True,True,True,True,True,True,True
KHP,2015,True,True,True,True,True,True,True
KHP,2016,True,True,True,True,True,True,True
KHP,2017,True,True,True,True,True,True,True
KHP,2018,True,True,True,True,True,True,True
KHP,2019,True,True,True,True,True,True,True
KHP,2020,True,True,True,True,True,True,True
KHP,2021,True,True,True,True,True,True,True
KHP,2022,True,True,True,True,True,True,True
KHP,2023,True,True,True,True,True,True,True
KHP,2024,True,True,True,True,True,True,True
KHP,2025,True,True,True,True,True,True,True
KHS,2015,True,True,True,True,True,True,True
KHS,2016,True,True,True,True,True,True,True
KHS,2017,True,True,True,True,True,True,True
KHS,2018,True,True,True,True,True,True,True
KHS,2019,True,True,True,True,True,True,True
KHS,2020,True,True,True,True,True,True,True
KHS,2021,True,True,True,True,True,True,True
KHS,2022,True,True,True,True,True,True,True
KHS,2023,True,True,True,True,True,True,True
KHS,2024,True,True,True,True,True,True,True
KHS,2025,True,True,True,True,True,True,True
KHW,2014,True,True,True,True,True,True,True
KHW,2015,True,True,True,True,True,True,True
KHW,2016,True,True,True,True,True,True,True
KHW,2017,True,True,True,True,True,True,True
KHW,2018,True,True,True,True,True,True,True
KHW,2019,True,True,True,True,True,True,True
KHW,2020,True,True,True,True,True,True,True
KHW,2021,True,True,True,True,True,True,True
KHW,2022,True,True,True,True,True,True,True
KHW,2023,True,True,True,True,True,True,True
KHW,2024,True,True,True,True,True,True,True
KHW,2025,True,True,True,True,True,True,True
KIP,2010,True,True,True,True,True,True,True
KIP,2011,True,True,True,True,True,True,True
KIP,2012,True,True,True,True,True,True,True
KIP,2013,True,True,True,True,True,True,True
KIP,2014,True,True,True,True,True,True,True
KIP,2015,True,True,True,True,True,True,True
KIP,2019,True,True,True,True,True,True,True
KIP,2020,True,True,True,True,True,True,True
KIP,2021,True,True,True,True,True,True,True
KIP,2022,True,True,True,True,True,True,True
KIP,2023,True,True,True,True,True,True,True
KIP,2024,True,True,True,True,True,True,True
KIP,2025,True,True,True,True,True,True,True
KKC,2010,True,True,True,True,True,True,True
KKC,2011,True,True,True,True,True,True,True
KKC,2012,True,True,True,True,True,True,True
KKC,2013,True,True,True,True,True,True,True
KKC,2014,True,True,True,True,True,True,True
KKC,2015,True,True,True,True,True,True,True
KKC,2016,True,True,True,True,True,True,True
KKC,2017,True,True,True,True,True,True,True
KKC,2018,True,True,True,True,True,True,True
KKC,2019,True,True,True,True,True,True,True
KKC,2020,True,True,True,True,True,True,True
KKC,2021,True,True,True,True,True,True,True
KKC,2022,True,True,True,True,True,True,True
KKC,2023,True,True,True,True,True,True,True
KKC,2024,True,True,True,True,True,True,True
KKC,2025,True,True,True,True,True,True,True
KLF,2010,True,True,True,True,True,True,True
KLF,2011,True,True,True,True,True,True,True
KLF,2012,True,True,True,True,True,True,True
KLF,2013,True,True,True,True,True,True,True
KLF,2014,True,True,True,True,True,True,True
KLF,2015,True,True,True,True,True,True,True
KLF,2016,True,True,True,True,True,True,True
KLF,2017,True,True,True,True,True,True,True
KLF,2018,True,True,True,True,True,True,True
KLF,2019,True,True,True,True,True,True,True
KLF,2020,True,True,True,True,True,True,True
KLF,2021,True,True,True,True,True,True,True
KLF,2022,True,True,True,True,True,True,True
KLM,2016,True,True,True,True,True,True,True
KLM,2017,True,True,True,True,True,True,True
KLM,2018,True,True,True,True,True,True,True
KLM,2019,True,True,True,True,True,True,True
KLM,2020,True,True,True,True,True,True,True
KLM,2021,True,True,True,True,True,True,True
KLM,2022,True,True,True,True,True,True,True
KLM,2023,True,True,True,True,True,True,True
KMR,2010,True,True,True,True,True,True,True
KMR,2011,True,True,True,True,True,True,True
KMR,2012,True,True,True,True,True,True,True
KMR,2013,True,True,True,True,True,True,True
KMR,2014,True,True,True,True,True,True,True
KMR,2015,True,True,True,True,True,True,True
KMR,2016,True,True,True,True,True,True,True
KMR,2017,True,True,True,True,True,True,True
KMR,2018,True,True,True,True,True,True,True
KMR,2019,True,True,True,True,True,True,True
KMR,2020,True,True,True,True,True,True,True
KMR,2021,True,True,True,True,True,True,True
KMR,2022,True,True,True,True,True,True,True
KMR,2023,True,True,True,True,True,True,True
KMR,2024,True,True,True,True,True,True,True
KMR,2025,True,True,True,True,True,True,True
KMT,2011,True,True,True,True,True,True,True
KMT,2012,True,True,True,True,True,True,True
KMT,2013,True,True,True,True,True,True,True
KMT,2014,True,True,True,True,True,True,True
KMT,2015,True,True,True,True,True,True,True
KMT,2016,True,True,True,True,True,True,True
KMT,2017,True,True,True,True,True,True,True
KMT,2018,True,True,True,True,True,True,True
KMT,2019,True,True,True,True,True,True,True
KMT,2020,True,True,True,True,True,True,True
KMT,2021,True,True,True,True,True,True,True
KMT,2022,True,True,True,True,True,True,True
KMT,2023,True,True,True,True,True,True,True
KMT,2024,True,True,True,True,True,True,True
KMT,2025,True,True,True,True,True,True,True
KOS,2017,True,True,True,True,True,True,True
KOS,2018,True,True,True,True,True,True,True
KOS,2019,True,True,True,True,True,True,True
KOS,2020,True,True,True,True,True,True,True
KOS,2021,True,True,True,True,True,True,True
KOS,2022,True,True,True,True,True,True,True
KOS,2023,True,True,True,True,True,True,True
KOS,2024,True,True,True,True,True,True,True
KOS,2025,True,True,True,True,True,True,True
KPF,2014,True,True,True,True,True,True,True
KPF,2015,True,True,True,True,True,True,True
KPF,2016,True,True,True,True,True,True,True
KPF,2017,True,True,True,True,True,True,True
KPF,2018,True,True,True,True,True,True,True
KPF,2019,True,True,True,True,True,True,True
KPF,2020,True,True,True,True,True,True,True
KPF,2021,True,True,True,True,True,True,True
KPF,2022,True,True,True,True,True,True,True
KPF,2023,True,True,True,True,True,True,True
KPF,2024,True,True,True,True,True,True,True
KPF,2025,True,True,True,True,True,True,True
KSA,2009,True,True,True,True,True,True,True
KSA,2010,True,True,True,True,True,True,True
KSA,2011,True,True,True,True,True,True,True
KSA,2012,True,True,True,True,True,True,True
KSA,2013,True,True,True,True,True,True,True
KSA,2014,True,True,True,True,True,True,True
KSA,2015,True,True,True,True,True,True,True
KSA,2016,True,True,True,True,True,True,True
KSA,2017,True,True,True,True,True,True,True
KSB,2009,True,True,True,True,True,True,True
KSB,2010,True,True,True,True,True,True,True
KSB,2011,True,True,True,True,True,True,True
KSB,2012,True,True,True,True,True,True,True
KSB,2013,True,True,True,True,True,True,True
KSB,2014,True,True,True,True,True,True,True
KSB,2015,True,True,True,True,True,True,True
KSB,2016,True,True,True,True,True,True,True
KSB,2017,True,True,True,True,True,True,True
KSB,2018,True,True,True,True,True,True,True
KSB,2019,True,True,True,True,True,True,True
KSB,2020,True,True,True,True,True,True,True
KSB,2021,True,True,True,True,True,True,True
KSB,2022,True,True,True,True,True,True,True
KSB,2023,True,True,True,True,True,True,True
KSB,2024,True,True,True,True,True,True,True
KSB,2025,True,True,True,True,True,True,True
KSC,2009,True,True,True,True,True,True,True
KSC,2010,True,True,True,True,True,True,True
KSC,2011,True,True,True,True,True,True,True
KSC,2012,True,True,True,True,True,True,True
KSC,2013,True,True,True,True,True,True,True
KSC,2014,True,True,True,True,True,True,True
KSC,2015,True,True,True,True,True,True,True
KSC,2016,True,True,True,True,True,True,True
KSD,2010,True,True,True,True,True,True,True
KSD,2013,True,True,True,True,True,True,True
KSD,2014,True,True,True,True,True,True,True
KSD,2015,True,True,True,True,True,True,True
KSD,2016,True,True,True,True,True,True,True
KSD,2017,True,True,True,True,True,True,True
KSD,2018,True,True,True,True,True,True,True
KSD,2019,True,True,True,True,True,True,True
KSD,2022,True,True,True,True,True,True,True
KSD,2023,True,True,True,True,True,True,True
KSD,2024,True,True,True,True,True,True,True
KSD,2025,True,True,True,True,True,True,True
KSE,2015,True,True,True,True,True,True,True
KSE,2016,True,True,True,True,True,True,True
KSE,2017,True,True,True,True,True,True,True
KSE,2018,True,True,True,True,True,True,True
KSE,2019,True,True,True,True,True,True,True
KSE,2020,True,True,True,True,True,True,True
KSF,2018,True,True,True,True,True,True,True
KSF,2019,True,True,True,True,True,True,True
KSF,2020,True,True,True,True,True,True,True
KSF,2021,True,True,True,True,True,True,True
KSF,2022,True,True,True,True,True,True,True
KSF,2023,True,True,True,True,True,True,True
KSF,2024,True,True,True,True,True,True,True
KSF,2025,True,True,True,True,True,True,True
KSH,2010,True,True,True,True,True,True,True
KSH,2011,True,True,True,True,True,True,True
KSH,2012,True,True,True,True,True,True,True
KSH,2013,True,True,True,True,True,True,True
KSH,2015,True,True,True,True,True,True,True
KSH,2016,True,True,True,True,True,True,True
KSH,2017,True,True,True,True,True,True,True
KSH,2018,True,True,True,True,True,True,True
KSH,2019,True,True,True,True,True,True,True
KSH,2020,True,True,True,True,True,True,True
KSK,2013,True,True,True,True,True,True,True
KSK,2014,True,True,True,True,True,True,True
KSK,2016,True,True,True,True,True,True,True
KSK,2017,True,True,True,True,True,True,True
KSK,2018,True,True,True,True,True,True,True
KSQ,2012,True,True,True,True,True,True,True
KSQ,2013,True,True,True,True,True,True,True
KSQ,2015,True,True,True,True,True,True,True
KSQ,2017,True,True,True,True,True,True,True
KSQ,2018,True,True,True,True,True,True,True
KSQ,2019,True,True,True,True,True,True,True
KSQ,2020,True,True,True,True,True,True,True
KSQ,2021,True,True,True,True,True,True,True
KSQ,2022,True,True,True,True,True,True,True
KSQ,2023,True,True,True,True,True,True,True
KSQ,2024,True,True,True,True,True,True,True
KSQ,2025,True,True,True,True,True,True,True
KSS,2009,True,True,True,True,True,True,True
KSS,2010,True,True,True,True,True,True,True
KSS,2011,True,True,True,True,True,True,True
KSS,2012,True,True,True,True,True,True,True
KSS,2013,True,True,True,True,True,True,True
KSS,2014,True,True,True,True,True,True,True
KSS,2015,True,True,True,True,True,True,True
KST,2009,True,True,True,True,True,True,True
KST,2010,True,True,True,True,True,True,True
KST,2011,True,True,True,True,True,True,True
KST,2012,True,True,True,True,True,True,True
KST,2013,True,True,True,True,True,True,True
KST,2014,True,True,True,True,True,True,True
KST,2015,True,True,True,True,True,True,True
KST,2016,True,True,True,True,True,True,True
KST,2017,True,True,True,True,True,True,True
KST,2018,True,True,True,True,True,True,True
KST,2019,True,True,True,True,True,True,True
KST,2020,True,True,True,True,True,True,True
KST,2021,True,True,True,True,True,True,True
KST,2022,True,True,True,True,True,True,True
KST,2023,True,True,True,True,True,True,True
KST,2024,True,True,True,True,True,True,True
KST,2025,True,True,True,True,True,True,True
KSV,2013,True,True,True,True,True,True,True
KSV,2014,True,True,True,True,True,True,True
KSV,2015,True,True,True,True,True,True,True
KSV,2016,True,True,True,True,True,True,True
KSV,2017,True,True,True,True,True,True,True
KSV,2018,True,True,True,True,True,True,True
KSV,2019,True,True,True,True,True,True,True
KSV,2020,True,True,True,True,True,True,True
KSV,2021,True,True,True,True,True,True,True
KSV,2022,True,True,True,True,True,True,True
KSV,2023,True,True,True,True,True,True,True
KSV,2024,True,True,True,True,True,True,True
KSV,2025,True,True,True,True,True,True,True
KTB,2009,True,True,True,True,True,True,True
KTB,2010,True,True,True,True,True,True,True
KTB,2011,True,True,True,True,True,True,True
KTB,2012,True,True,True,True,True,True,True
KTB,2013,True,True,True,True,True,True,True
KTB,2014,True,True,True,True,True,True,True
KTC,2017,True,True,True,True,True,True,True
KTC,2018,True,True,True,True,True,True,True
KTC,2019,True,True,True,True,True,True,True
KTC,2020,True,True,True,True,True,True,True
KTC,2021,True,True,True,True,True,True,True
KTC,2022,True,True,True,True,True,True,True
KTC,2023,True,True,True,True,True,True,True
KTC,2024,True,True,True,True,True,True,True
KTC,2025,True,True,True,True,True,True,True
KTL,2012,True,True,True,True,True,True,True
KTL,2013,True,True,True,True,True,True,True
KTL,2014,True,True,True,True,True,True,True
KTL,2015,True,True,True,True,True,True,True
KTL,2016,True,True,True,True,True,True,True
KTL,2017,True,True,True,True,True,True,True
KTL,2018,True,True,True,True,True,True,True
KTL,2019,True,True,True,True,True,True,True
KTL,2020,True,True,True,True,True,True,True
KTL,2021,True,True,True,True,True,True,True
KTL,2022,True,True,True,True,True,True,True
KTL,2023,True,True,True,True,True,True,True
KTL,2024,True,True,True,True,True,True,True
KTL,2025,True,True,True,True,True,True,True
KTS,2010,True,True,True,True,True,True,True
KTS,2012,True,True,True,True,True,True,True
KTS,2014,True,True,True,True,True,True,True
KTS,2015,True,True,True,True,True,True,True
KTS,2016,True,True,True,True,True,True,True
KTS,2017,True,True,True,True,True,True,True
KTS,2018,True,True,True,True,True,True,True
KTS,2019,True,True,True,True,True,True,True
KTS,2020,True,True,True,True,True,True,True
KTS,2021,True,True,True,True,True,True,True
KTS,2022,True,True,True,True,True,True,True
KTS,2023,True,True,True,True,True,True,True
KTS,2024,True,True,True,True,True,True,True
KTS,2025,True,True,True,True,True,True,True
KTT,2009,True,True,True,True,True,True,True
KTT,2010,True,True,True,True,True,True,True
KTT,2011,True,True,True,True,True,True,True
KTT,2012,True,True,True,True,True,True,True
KTT,2013,True,True,True,True,True,True,True
KTT,2015,True,True,True,True,True,True,True
KTT,2016,True,True,True,True,True,True,True
KTT,2017,True,True,True,True,True,True,True
KTT,2018,True,True,True,True,True,True,True
KTT,2019,True,True,True,True,True,True,True
KTT,2020,True,True,True,True,True,True,True
KTT,2021,True,True,True,True,True,True,True
KTT,2022,True,True,True,True,True,True,True
KTU,2016,True,True,True,True,True,True,True
KTU,2017,True,True,True,True,True,True,True
KTU,2018,True,True,True,True,True,True,True
KTU,2019,True,True,True,True,True,True,True
KTW,2015,True,True,True,True,True,True,True
KTW,2016,True,True,True,True,True,True,True
KTW,2017,True,True,True,True,True,True,True
KTW,2019,True,True,True,True,True,True,True
KTW,2020,True,True,True,True,True,True,True
KTW,2021,True,True,True,True,True,True,True
KTW,2022,True,True,True,True,True,True,True
KTW,2023,True,True,True,True,True,True,True
KVC,2015,True,True,True,True,True,True,True
KVC,2016,True,True,True,True,True,True,True
KVC,2017,True,True,True,True,True,True,True
KVC,2018,True,True,True,True,True,True,True
KVC,2019,True,True,True,True,True,True,True
KVC,2020,True,True,True,True,True,True,True
KVC,2021,True,True,True,True,True,True,True
KVC,2022,True,True,True,True,True,True,True
KVC,2023,True,True,True,True,True,True,True
KVC,2024,True,True,True,True,True,True,True
KVC,2025,True,True,True,True,True,True,True
KWA,2022,True,True,True,True,True,True,True
KWA,2023,True,True,True,True,True,True,True
KWA,2024,True,True,True,True,True,True,True
L10,2010,True,True,True,True,True,True,True
L10,2011,True,True,True,True,True,True,True
L10,2012,True,True,True,True,True,True,True
L10,2013,True,True,True,True,True,True,True
L10,2014,True,True,True,True,True,True,True
L10,2015,True,True,True,True,True,True,True
L10,2016,True,True,True,True,True,True,True
L10,2017,True,True,True,True,True,True,True
L10,2018,True,True,True,True,True,True,True
L10,2019,True,True,True,True,True,True,True
L10,2020,True,True,True,True,True,True,True
L10,2021,True,True,True,True,True,True,True
L10,2022,True,True,True,True,True,True,True
L10,2023,True,True,True,True,True,True,True
L10,2024,True,True,True,True,True,True,True
L10,2025,True,True,True,True,True,True,True
L12,2009,True,True,True,True,True,True,True
L12,2010,True,True,True,True,True,True,True
L12,2011,True,True,True,True,True,True,True
L12,2012,True,True,True,True,True,True,True
L12,2013,True,True,True,True,True,True,True
L12,2014,True,True,True,True,True,True,True
L12,2015,True,True,True,True,True,True,True
L12,2016,True,True,True,True,True,True,True
L12,2017,True,True,True,True,True,True,True
L12,2018,True,True,True,True,True,True,True
L12,2019,True,True,True,True,True,True,True
L12,2020,True,True,True,True,True,True,True
L12,2021,True,True,True,True,True,True,True
L12,2022,True,True,True,True,True,True,True
L12,2023,True,True,True,True,True,True,True
L12,2024,True,True,True,True,True,True,True
L12,2025,True,True,True,True,True,True,True
L14,2010,True,True,True,True,True,True,True
L14,2011,True,True,True,True,True,True,True
L14,2012,True,True,True,True,True,True,True
L14,2013,True,True,True,True,True,True,True
L14,2014,True,True,True,True,True,True,True
L14,2015,True,True,True,True,True,True,True
L14,2016,True,True,True,True,True,True,True
L14,2017,True,True,True,True,True,True,True
L14,2018,True,True,True,True,True,True,True
L14,2019,True,True,True,True,True,True,True
L14,2020,True,True,True,True,True,True,True
L14,2021,True,True,True,True,True,True,True
L14,2022,True,True,True,True,True,True,True
L14,2023,True,True,True,True,True,True,True
L14,2024,True,True,True,True,True,True,True
L14,2025,True,True,True,True,True,True,True
L18,2009,True,True,True,True,True,True,True
L18,2010,True,True,True,True,True,True,True
L18,2011,True,True,True,True,True,True,True
L18,2012,True,True,True,True,True,True,True
L18,2013,True,True,True,True,True,True,True
L18,2014,True,True,True,True,True,True,True
L18,2015,True,True,True,True,True,True,True
L18,2016,True,True,True,True,True,True,True
L18,2017,True,True,True,True,True,True,True
L18,2018,True,True,True,True,True,True,True
L18,2019,True,True,True,True,True,True,True
L18,2020,True,True,True,True,True,True,True
L18,2021,True,True,True,True,True,True,True
L18,2022,True,True,True,True,True,True,True
L18,2023,True,True,True,True,True,True,True
L18,2024,True,True,True,True,True,True,True
L18,2025,True,True,True,True,True,True,True
L35,2010,True,True,True,True,True,True,True
L35,2011,True,True,True,True,True,True,True
L35,2012,True,True,True,True,True,True,True
L35,2013,True,True,True,True,True,True,True
L35,2014,True,True,True,True,True,True,True
L35,2015,True,True,True,True,True,True,True
L35,2016,True,True,True,True,True,True,True
L35,2017,True,True,True,True,True,True,True
L35,2018,True,True,True,True,True,True,True
L35,2019,True,True,True,True,True,True,True
L35,2020,True,True,True,True,True,True,True
L35,2021,True,True,True,True,True,True,True
L35,2022,True,True,True,True,True,True,True
L35,2023,True,True,True,True,True,True,True
L35,2024,True,True,True,True,True,True,True
L35,2025,True,True,True,True,True,True,True
L40,2018,True,True,True,True,True,True,True
L40,2019,True,True,True,True,True,True,True
L40,2020,True,True,True,True,True,True,True
L40,2021,True,True,True,True,True,True,True
L40,2022,True,True,True,True,True,True,True
L40,2023,True,True,True,True,True,True,True
L40,2024,True,True,True,True,True,True,True
L40,2025,True,True,True,True,True,True,True
L43,2009,True,True,True,True,True,True,True
L43,2010,True,True,True,True,True,True,True
L43,2011,True,True,True,True,True,True,True
L43,2012,True,True,True,True,True,True,True
L43,2013,True,True,True,True,True,True,True
L43,2014,True,True,True,True,True,True,True
L43,2015,True,True,True,True,True,True,True
L43,2016,True,True,True,True,True,True,True
L43,2017,True,True,True,True,True,True,True
L43,2018,True,True,True,True,True,True,True
L43,2019,True,True,True,True,True,True,True
L43,2020,True,True,True,True,True,True,True
L43,2021,True,True,True,True,True,True,True
L43,2022,True,True,True,True,True,True,True
L43,2023,True,True,True,True,True,True,True
L43,2024,True,True,True,True,True,True,True
L43,2025,True,True,True,True,True,True,True
L44,2010,True,True,True,True,True,True,True
L44,2011,True,True,True,True,True,True,True
L44,2012,True,True,True,True,True,True,True
L44,2013,True,True,True,True,True,True,True
L44,2014,True,True,True,True,True,True,True
L44,2015,True,True,True,True,True,True,True
L44,2016,True,True,True,True,True,True,True
L44,2017,True,True,True,True,True,True,True
L44,2018,True,True,True,True,True,True,True
L44,2019,True,True,True,True,True,True,True
L44,2020,True,True,True,True,True,True,True
L45,2010,True,True,True,True,True,True,True
L45,2011,True,True,True,True,True,True,True
L45,2012,True,True,True,True,True,True,True
L45,2013,True,True,True,True,True,True,True
L45,2014,True,True,True,True,True,True,True
L45,2015,True,True,True,True,True,True,True
L45,2016,True,True,True,True,True,True,True
L45,2017,True,True,True,True,True,True,True
L45,2018,True,True,True,True,True,True,True
L45,2019,True,True,True,True,True,True,True
L45,2020,True,True,True,True,True,True,True
L45,2022,True,True,True,True,True,True,True
L45,2023,True,True,True,True,True,True,True
L45,2024,True,True,True,True,True,True,True
L45,2025,True,True,True,True,True,True,True
L61,2010,True,True,True,True,True,True,True
L61,2011,True,True,True,True,True,True,True
L61,2012,True,True,True,True,True,True,True
L61,2013,True,True,True,True,True,True,True
L61,2014,True,True,True,True,True,True,True
L61,2015,True,True,True,True,True,True,True
L61,2016,True,True,True,True,True,True,True
L61,2017,True,True,True,True,True,True,True
L61,2018,True,True,True,True,True,True,True
L61,2019,True,True,True,True,True,True,True
L61,2020,True,True,True,True,True,True,True
L61,2021,True,True,True,True,True,True,True
L61,2022,True,True,True,True,True,True,True
L61,2023,True,True,True,True,True,True,True
L61,2024,True,True,True,True,True,True,True
L61,2025,True,True,True,True,True,True,True
L62,2010,True,True,True,True,True,True,True
L62,2012,True,True,True,True,True,True,True
L62,2013,True,True,True,True,True,True,True
L62,2014,True,True,True,True,True,True,True
L62,2015,True,True,True,True,True,True,True
L62,2016,True,True,True,True,True,True,True
L62,2018,True,True,True,True,True,True,True
L62,2019,True,True,True,True,True,True,True
L62,2020,True,True,True,True,True,True,True
L62,2021,True,True,True,True,True,True,True
L62,2022,True,True,True,True,True,True,True
L62,2023,True,True,True,True,True,True,True
L62,2024,True,True,True,True,True,True,True
L62,2025,True,True,True,True,True,True,True
L63,2012,True,True,True,True,True,True,True
L63,2013,True,True,True,True,True,True,True
L63,2015,True,True,True,True,True,True,True
L63,2016,True,True,True,True,True,True,True
L63,2017,True,True,True,True,True,True,True
L63,2018,True,True,True,True,True,True,True
L63,2019,True,True,True,True,True,True,True
L63,2020,True,True,True,True,True,True,True
L63,2021,True,True,True,True,True,True,True
L63,2022,True,True,True,True,True,True,True
L63,2023,True,True,True,True,True,True,True
L63,2024,True,True,True,True,True,True,True
L63,2025,True,True,True,True,True,True,True
LAF,2012,True,True,True,True,True,True,True
LAF,2013,True,True,True,True,True,True,True
LAF,2014,True,True,True,True,True,True,True
LAF,2015,True,True,True,True,True,True,True
LAF,2016,True,True,True,True,True,True,True
LAF,2017,True,True,True,True,True,True,True
LAF,2018,True,True,True,True,True,True,True
LAF,2019,True,True,True,True,True,True,True
LAF,2020,True,True,True,True,True,True,True
LAF,2021,True,True,True,True,True,True,True
LAF,2022,True,True,True,True,True,True,True
LAF,2023,True,True,True,True,True,True,True
LAF,2024,True,True,True,True,True,True,True
LAF,2025,True,True,True,True,True,True,True
LAI,2011,True,True,True,True,True,True,True
LAI,2012,True,True,True,True,True,True,True
LAI,2013,True,True,True,True,True,True,True
LAI,2014,True,True,True,True,True,True,True
LAI,2015,True,True,True,True,True,True,True
LAI,2016,True,True,True,True,True,True,True
LAI,2017,True,True,True,True,True,True,True
LAI,2018,True,True,True,True,True,True,True
LAI,2019,True,True,True,True,True,True,True
LAI,2020,True,True,True,True,True,True,True
LAI,2021,True,True,True,True,True,True,True
LAI,2022,True,True,True,True,True,True,True
LAI,2023,True,True,True,True,True,True,True
LAI,2024,True,True,True,True,True,True,True
LAI,2025,True,True,True,True,True,True,True
LAS,2009,True,True,True,True,True,True,True
LAS,2011,True,True,True,True,True,True,True
LAS,2012,True,True,True,True,True,True,True
LAS,2013,True,True,True,True,True,True,True
LAS,2014,True,True,True,True,True,True,True
LAS,2015,True,True,True,True,True,True,True
LAS,2016,True,True,True,True,True,True,True
LAS,2017,True,True,True,True,True,True,True
LAS,2018,True,True,True,True,True,True,True
LAS,2019,True,True,True,True,True,True,True
LAS,2020,True,True,True,True,True,True,True
LAS,2021,True,True,True,True,True,True,True
LAS,2022,True,True,True,True,True,True,True
LAS,2023,True,True,True,True,True,True,True
LAS,2024,True,True,True,True,True,True,True
LAS,2025,True,True,True,True,True,True,True
LAW,2014,True,True,True,True,True,True,True
LAW,2015,True,True,True,True,True,True,True
LAW,2016,True,True,True,True,True,True,True
LAW,2017,True,True,True,True,True,True,True
LAW,2018,True,True,True,True,True,True,True
LAW,2019,True,True,True,True,True,True,True
LAW,2020,True,True,True,True,True,True,True
LAW,2021,True,True,True,True,True,True,True
LAW,2022,True,True,True,True,True,True,True
LAW,2023,True,True,True,True,True,True,True
LAW,2024,True,True,True,True,True,True,True
LAW,2025,True,True,True,True,True,True,True
LBC,2015,True,True,True,True,True,True,True
LBC,2016,True,True,True,True,True,True,True
LBC,2017,True,True,True,True,True,True,True
LBC,2019,True,True,True,True,True,True,True
LBC,2020,True,True,True,True,True,True,True
LBC,2021,True,True,True,True,True,True,True
LBC,2022,True,True,True,True,True,True,True
LBC,2023,True,True,True,True,True,True,True
LBE,2010,True,True,True,True,True,True,True
LBE,2011,True,True,True,True,True,True,True
LBE,2012,True,True,True,True,True,True,True
LBE,2013,True,True,True,True,True,True,True
LBE,2014,True,True,True,True,True,True,True
LBE,2015,True,True,True,True,True,True,True
LBE,2016,True,True,True,True,True,True,True
LBE,2017,True,True,True,True,True,True,True
LBE,2018,True,True,True,True,True,True,True
LBE,2019,True,True,True,True,True,True,True
LBE,2020,True,True,True,True,True,True,True
LBE,2021,True,True,True,True,True,True,True
LBE,2022,True,True,True,True,True,True,True
LBE,2024,True,True,True,True,True,True,True
LBE,2025,True,True,True,True,True,True,True
LBM,2009,True,True,True,True,True,True,True
LBM,2010,True,True,True,True,True,True,True
LBM,2011,True,True,True,True,True,True,True
LBM,2012,True,True,True,True,True,True,True
LBM,2013,True,True,True,True,True,True,True
LBM,2014,True,True,True,True,True,True,True
LBM,2015,True,True,True,True,True,True,True
LBM,2016,True,True,True,True,True,True,True
LBM,2017,True,True,True,True,True,True,True
LBM,2018,True,True,True,True,True,True,True
LBM,2019,True,True,True,True,True,True,True
LBM,2020,True,True,True,True,True,True,True
LBM,2021,True,True,True,True,True,True,True
LBM,2022,True,True,True,True,True,True,True
LBM,2023,True,True,True,True,True,True,True
LBM,2024,True,True,True,True,True,True,True
LBM,2025,True,True,True,True,True,True,True
LCC,2012,True,True,True,True,True,True,True
LCC,2013,True,True,True,True,True,True,True
LCC,2014,True,True,True,True,True,True,True
LCC,2015,True,True,True,True,True,True,True
LCC,2016,True,True,True,True,True,True,True
LCC,2017,True,True,True,True,True,True,True
LCC,2018,True,True,True,True,True,True,True
LCC,2021,True,True,True,True,True,True,True
LCC,2022,True,True,True,True,True,True,True
LCD,2010,True,True,True,True,True,True,True
LCD,2011,True,True,True,True,True,True,True
LCD,2012,True,True,True,True,True,True,True
LCD,2014,True,True,True,True,True,True,True
LCD,2015,True,True,True,True,True,True,True
LCD,2016,True,True,True,True,True,True,True
LCD,2017,True,True,True,True,True,True,True
LCD,2018,True,True,True,True,True,True,True
LCD,2019,True,True,True,True,True,True,True
LCD,2020,True,True,True,True,True,True,True
LCD,2021,True,True,True,True,True,True,True
LCD,2022,True,True,True,True,True,True,True
LCD,2023,True,True,True,True,True,True,True
LCD,2024,True,True,True,True,True,True,True
LCD,2025,True,True,True,True,True,True,True
LCG,2012,True,True,True,True,True,True,True
LCG,2013,True,True,True,True,True,True,True
LCG,2014,True,True,True,True,True,True,True
LCG,2015,True,True,True,True,True,True,True
LCG,2016,True,True,True,True,True,True,True
LCG,2017,True,True,True,True,True,True,True
LCG,2018,True,True,True,True,True,True,True
LCG,2019,True,True,True,True,True,True,True
LCG,2020,True,True,True,True,True,True,True
LCG,2021,True,True,True,True,True,True,True
LCG,2022,True,True,True,True,True,True,True
LCG,2023,True,True,True,True,True,True,True
LCG,2024,True,True,True,True,True,True,True
LCG,2025,True,True,True,True,True,True,True
LCM,2009,True,True,True,True,True,True,True
LCM,2010,True,True,True,True,True,True,True
LCM,2011,True,True,True,True,True,True,True
LCM,2012,True,True,True,True,True,True,True
LCM,2013,True,True,True,True,True,True,True
LCM,2014,True,True,True,True,True,True,True
LCM,2015,True,True,True,True,True,True,True
LCM,2016,True,True,True,True,True,True,True
LCM,2017,True,True,True,True,True,True,True
LCM,2018,True,True,True,True,True,True,True
LCM,2019,True,True,True,True,True,True,True
LCM,2020,True,True,True,True,True,True,True
LCM,2021,True,True,True,True,True,True,True
LCM,2022,True,True,True,True,True,True,True
LCM,2023,True,True,True,True,True,True,True
LCM,2024,True,True,True,True,True,True,True
LCM,2025,True,True,True,True,True,True,True
LCS,2013,True,True,True,True,True,True,True
LCS,2014,True,True,True,True,True,True,True
LCS,2015,True,True,True,True,True,True,True
LCS,2016,True,True,True,True,True,True,True
LCS,2017,True,True,True,True,True,True,True
LCS,2018,True,True,True,True,True,True,True
LCS,2019,True,True,True,True,True,True,True
LCS,2020,True,True,True,True,True,True,True
LCS,2021,True,True,True,True,True,True,True
LCW,2014,True,True,True,True,True,True,True
LCW,2015,True,True,True,True,True,True,True
LCW,2016,True,True,True,True,True,True,True
LCW,2017,True,True,True,True,True,True,True
LCW,2018,True,True,True,True,True,True,True
LCW,2019,True,True,True,True,True,True,True
LCW,2020,True,True,True,True,True,True,True
LCW,2021,True,True,True,True,True,True,True
LCW,2022,True,True,True,True,True,True,True
LDG,2010,True,True,True,True,True,True,True
LDG,2011,True,True,True,True,True,True,True
LDG,2012,True,True,True,True,True,True,True
LDG,2013,True,True,True,True,True,True,True
LDG,2014,True,True,True,True,True,True,True
LDG,2015,True,True,True,True,True,True,True
LDG,2016,True,True,True,True,True,True,True
LDG,2017,True,True,True,True,True,True,True
LDG,2019,True,True,True,True,True,True,True
LDG,2020,True,True,True,True,True,True,True
LDG,2021,True,True,True,True,True,True,True
LDG,2022,True,True,True,True,True,True,True
LDG,2023,True,True,True,True,True,True,True
LDG,2024,True,True,True,True,True,True,True
LDG,2025,True,True,True,True,True,True,True
LDP,2009,True,True,True,True,True,True,True
LDP,2010,True,True,True,True,True,True,True
LDP,2011,True,True,True,True,True,True,True
LDP,2012,True,True,True,True,True,True,True
LDP,2013,True,True,True,True,True,True,True
LDP,2014,True,True,True,True,True,True,True
LDP,2015,True,True,True,True,True,True,True
LDP,2016,True,True,True,True,True,True,True
LDP,2017,True,True,True,True,True,True,True
LDP,2018,True,True,True,True,True,True,True
LDP,2019,True,True,True,True,True,True,True
LDP,2020,True,True,True,True,True,True,True
LDP,2021,True,True,True,True,True,True,True
LDP,2022,True,True,True,True,True,True,True
LDP,2023,True,True,True,True,True,True,True
LDP,2024,True,True,True,True,True,True,True
LDP,2025,True,True,True,True,True,True,True
LDW,2021,True,True,True,True,True,True,True
LDW,2022,True,True,True,True,True,True,True
LDW,2023,True,True,True,True,True,True,True
LDW,2024,True,True,True,True,True,True,True
LDW,2025,True,True,True,True,True,True,True
LEC,2013,True,True,True,True,True,True,True
LEC,2014,True,True,True,True,True,True,True
LEC,2015,True,True,True,True,True,True,True
LEC,2017,True,True,True,True,True,True,True
LEC,2018,True,True,True,True,True,True,True
LEC,2019,True,True,True,True,True,True,True
LEC,2020,True,True,True,True,True,True,True
LEC,2021,True,True,True,True,True,True,True
LEC,2022,True,True,True,True,True,True,True
LEC,2023,True,True,True,True,True,True,True
LEC,2024,True,True,True,True,True,True,True
LEC,2025,True,True,True,True,True,True,True
LG9,2015,True,True,True,True,True,True,True
LG9,2016,True,True,True,True,True,True,True
LG9,2017,True,True,True,True,True,True,True
LG9,2018,True,True,True,True,True,True,True
LG9,2019,True,True,True,True,True,True,True
LG9,2020,True,True,True,True,True,True,True
LG9,2021,True,True,True,True,True,True,True
LG9,2022,True,True,True,True,True,True,True
LG9,2023,True,True,True,True,True,True,True
LG9,2024,True,True,True,True,True,True,True
LG9,2025,True,True,True,True,True,True,True
LGC,2010,True,True,True,True,True,True,True
LGC,2011,True,True,True,True,True,True,True
LGC,2012,True,True,True,True,True,True,True
LGC,2016,True,True,True,True,True,True,True
LGC,2017,True,True,True,True,True,True,True
LGC,2018,True,True,True,True,True,True,True
LGC,2019,True,True,True,True,True,True,True
LGC,2020,True,True,True,True,True,True,True
LGC,2021,True,True,True,True,True,True,True
LGC,2022,True,True,True,True,True,True,True
LGC,2023,True,True,True,True,True,True,True
LGC,2024,True,True,True,True,True,True,True
LGC,2025,True,True,True,True,True,True,True
LGL,2010,True,True,True,True,True,True,True
LGL,2011,True,True,True,True,True,True,True
LGL,2012,True,True,True,True,True,True,True
LGL,2013,True,True,True,True,True,True,True
LGL,2014,True,True,True,True,True,True,True
LGL,2015,True,True,True,True,True,True,True
LGL,2016,True,True,True,True,True,True,True
LGL,2017,True,True,True,True,True,True,True
LGL,2018,True,True,True,True,True,True,True
LGL,2019,True,True,True,True,True,True,True
LGL,2020,True,True,True,True,True,True,True
LGL,2021,True,True,True,True,True,True,True
LGL,2022,True,True,True,True,True,True,True
LGL,2023,True,True,True,True,True,True,True
LGL,2024,True,True,True,True,True,True,True
LGL,2025,True,True,True,True,True,True,True
LGM,2015,True,True,True,True,True,True,True
LGM,2016,True,True,True,True,True,True,True
LGM,2017,True,True,True,True,True,True,True
LGM,2018,True,True,True,True,True,True,True
LGM,2019,True,True,True,True,True,True,True
LGM,2020,True,True,True,True,True,True,True
LGM,2021,True,True,True,True,True,True,True
LGM,2022,True,True,True,True,True,True,True
LGM,2023,True,True,True,True,True,True,True
LGM,2024,True,True,True,True,True,True,True
LHC,2009,True,True,True,True,True,True,True
LHC,2010,True,True,True,True,True,True,True
LHC,2011,True,True,True,True,True,True,True
LHC,2012,True,True,True,True,True,True,True
LHC,2013,True,True,True,True,True,True,True
LHC,2014,True,True,True,True,True,True,True
LHC,2015,True,True,True,True,True,True,True
LHC,2016,True,True,True,True,True,True,True
LHC,2017,True,True,True,True,True,True,True
LHC,2018,True,True,True,True,True,True,True
LHC,2019,True,True,True,True,True,True,True
LHC,2020,True,True,True,True,True,True,True
LHC,2021,True,True,True,True,True,True,True
LHC,2022,True,True,True,True,True,True,True
LHC,2023,True,True,True,True,True,True,True
LHC,2024,True,True,True,True,True,True,True
LHC,2025,True,True,True,True,True,True,True
LHG,2009,True,True,True,True,True,True,True
LHG,2010,True,True,True,True,True,True,True
LHG,2011,True,True,True,True,True,True,True
LHG,2012,True,True,True,True,True,True,True
LHG,2013,True,True,True,True,True,True,True
LHG,2014,True,True,True,True,True,True,True
LHG,2015,True,True,True,True,True,True,True
LHG,2016,True,True,True,True,True,True,True
LHG,2017,True,True,True,True,True,True,True
LHG,2018,True,True,True,True,True,True,True
LHG,2019,True,True,True,True,True,True,True
LHG,2020,True,True,True,True,True,True,True
LHG,2021,True,True,True,True,True,True,True
LHG,2022,True,True,True,True,True,True,True
LHG,2023,True,True,True,True,True,True,True
LHG,2024,True,True,True,True,True,True,True
LHG,2025,True,True,True,True,True,True,True
LIC,2016,True,True,True,True,True,True,True
LIC,2017,True,True,True,True,True,True,True
LIC,2018,True,True,True,True,True,True,True
LIC,2019,True,True,True,True,True,True,True
LIC,2020,True,True,True,True,True,True,True
LIC,2021,True,True,True,True,True,True,True
LIC,2022,True,True,True,True,True,True,True
LIC,2023,True,True,True,True,True,True,True
LIC,2024,True,True,True,True,True,True,True
LIC,2025,True,True,True,True,True,True,True
LIG,2009,True,True,True,True,True,True,True
LIG,2010,True,True,True,True,True,True,True
LIG,2011,True,True,True,True,True,True,True
LIG,2012,True,True,True,True,True,True,True
LIG,2013,True,True,True,True,True,True,True
LIG,2014,True,True,True,True,True,True,True
LIG,2015,True,True,True,True,True,True,True
LIG,2016,True,True,True,True,True,True,True
LIG,2017,True,True,True,True,True,True,True
LIG,2018,True,True,True,True,True,True,True
LIG,2019,True,True,True,True,True,True,True
LIG,2020,True,True,True,True,True,True,True
LIG,2021,True,True,True,True,True,True,True
LIG,2022,True,True,True,True,True,True,True
LIG,2023,True,True,True,True,True,True,True
LIG,2024,True,True,True,True,True,True,True
LIG,2025,True,True,True,True,True,True,True
LIX,2009,True,True,True,True,True,True,True
LIX,2010,True,True,True,True,True,True,True
LIX,2011,True,True,True,True,True,True,True
LIX,2012,True,True,True,True,True,True,True
LIX,2013,True,True,True,True,True,True,True
LIX,2014,True,True,True,True,True,True,True
LIX,2015,True,True,True,True,True,True,True
LIX,2016,True,True,True,True,True,True,True
LIX,2017,True,True,True,True,True,True,True
LIX,2018,True,True,True,True,True,True,True
LIX,2019,True,True,True,True,True,True,True
LIX,2020,True,True,True,True,True,True,True
LIX,2021,True,True,True,True,True,True,True
LIX,2022,True,True,True,True,True,True,True
LIX,2023,True,True,True,True,True,True,True
LIX,2024,True,True,True,True,True,True,True
LIX,2025,True,True,True,True,True,True,True
LKW,2009,True,True,True,True,True,True,True
LKW,2010,True,True,True,True,True,True,True
LKW,2011,True,True,True,True,True,True,True
LKW,2012,True,True,True,True,True,True,True
LKW,2013,True,True,True,True,True,True,True
LKW,2014,True,True,True,True,True,True,True
LKW,2015,True,True,True,True,True,True,True
LKW,2016,True,True,True,True,True,True,True
LKW,2017,True,True,True,True,True,True,True
LKW,2018,True,True,True,True,True,True,True
LKW,2019,True,True,True,True,True,True,True
LKW,2020,True,True,True,True,True,True,True
LKW,2021,True,True,True,True,True,True,True
LKW,2022,True,True,True,True,True,True,True
LKW,2023,True,True,True,True,True,True,True
LKW,2024,True,True,True,True,True,True,True
LKW,2025,True,True,True,True,True,True,True
LLM,2015,True,True,True,True,True,True,True
LLM,2016,True,True,True,True,True,True,True
LLM,2017,True,True,True,True,True,True,True
LLM,2018,True,True,True,True,True,True,True
LLM,2019,True,True,True,True,True,True,True
LLM,2020,True,True,True,True,True,True,True
LLM,2021,True,True,True,True,True,True,True
LLM,2022,True,True,True,True,True,True,True
LLM,2023,True,True,True,True,True,True,True
LLM,2024,True,True,True,True,True,True,True
LLM,2025,True,True,True,True,True,True,True
LM3,2010,True,True,True,True,True,True,True
LM3,2011,True,True,True,True,True,True,True
LM3,2012,True,True,True,True,True,True,True
LM3,2013,True,True,True,True,True,True,True
LM3,2014,True,True,True,True,True,True,True
LM3,2015,True,True,True,True,True,True,True
LM3,2016,True,True,True,True,True,True,True
LM3,2017,True,True,True,True,True,True,True
LM3,2018,True,True,True,True,True,True,True
LM3,2019,True,True,True,True,True,True,True
LM3,2020,True,True,True,True,True,True,True
LM3,2021,True,True,True,True,True,True,True
LM3,2022,True,True,True,True,True,True,True
LM3,2023,True,True,True,True,True,True,True
LM3,2024,True,True,True,True,True,True,True
LM7,2010,True,True,True,True,True,True,True
LM7,2011,True,True,True,True,True,True,True
LM7,2012,True,True,True,True,True,True,True
LM7,2013,True,True,True,True,True,True,True
LM7,2014,True,True,True,True,True,True,True
LM7,2015,True,True,True,True,True,True,True
LM7,2016,True,True,True,True,True,True,True
LM7,2017,True,True,True,True,True,True,True
LM7,2018,True,True,True,True,True,True,True
LM7,2019,True,True,True,True,True,True,True
LM7,2020,True,True,True,True,True,True,True
LM7,2021,True,True,True,True,True,True,True
LM7,2022,True,True,True,True,True,True,True
LM7,2023,True,True,True,True,True,True,True
LM7,2024,True,True,True,True,True,True,True
LM7,2025,True,True,True,True,True,True,True
LM8,2011,True,True,True,True,True,True,True
LM8,2012,True,True,True,True,True,True,True
LM8,2013,True,True,True,True,True,True,True
LM8,2014,True,True,True,True,True,True,True
LM8,2015,True,True,True,True,True,True,True
LM8,2016,True,True,True,True,True,True,True
LM8,2017,True,True,True,True,True,True,True
LM8,2018,True,True,True,True,True,True,True
LM8,2019,True,True,True,True,True,True,True
LM8,2020,True,True,True,True,True,True,True
LM8,2021,True,True,True,True,True,True,True
LM8,2022,True,True,True,True,True,True,True
LM8,2023,True,True,True,True,True,True,True
LM8,2024,True,True,True,True,True,True,True
LM8,2025,True,True,True,True,True,True,True
LMC,2017,True,True,True,True,True,True,True
LMC,2018,True,True,True,True,True,True,True
LMC,2019,True,True,True,True,True,True,True
LMC,2020,True,True,True,True,True,True,True
LMC,2021,True,True,True,True,True,True,True
LMC,2022,True,True,True,True,True,True,True
LMC,2023,True,True,True,True,True,True,True
LMC,2024,True,True,True,True,True,True,True
LMC,2025,True,True,True,True,True,True,True
LMH,2015,True,True,True,True,True,True,True
LMH,2016,True,True,True,True,True,True,True
LMH,2017,True,True,True,True,True,True,True
LMH,2018,True,True,True,True,True,True,True
LMH,2019,True,True,True,True,True,True,True
LMH,2020,True,True,True,True,True,True,True
LMH,2021,True,True,True,True,True,True,True
LMH,2022,True,True,True,True,True,True,True
LMH,2023,True,True,True,True,True,True,True
LMH,2024,True,True,True,True,True,True,True
LMI,2012,True,True,True,True,True,True,True
LMI,2013,True,True,True,True,True,True,True
LMI,2014,True,True,True,True,True,True,True
LMI,2015,True,True,True,True,True,True,True
LMI,2016,True,True,True,True,True,True,True
LMI,2017,True,True,True,True,True,True,True
LMI,2018,True,True,True,True,True,True,True
LMI,2019,True,True,True,True,True,True,True
LMI,2020,True,True,True,True,True,True,True
LMI,2021,True,True,True,True,True,True,True
LMI,2022,True,True,True,True,True,True,True
LMI,2023,True,True,True,True,True,True,True
LMI,2024,True,True,True,True,True,True,True
LMI,2025,True,True,True,True,True,True,True
LNC,2018,True,True,True,True,True,True,True
LNC,2019,True,True,True,True,True,True,True
LNC,2020,True,True,True,True,True,True,True
LNC,2021,True,True,True,True,True,True,True
LNC,2022,True,True,True,True,True,True,True
LNC,2023,True,True,True,True,True,True,True
LNC,2024,True,True,True,True,True,True,True
LNC,2025,True,True,True,True,True,True,True
LO5,2010,True,True,True,True,True,True,True
LO5,2011,True,True,True,True,True,True,True
LO5,2012,True,True,True,True,True,True,True
LO5,2013,True,True,True,True,True,True,True
LO5,2014,True,True,True,True,True,True,True
LO5,2015,True,True,True,True,True,True,True
LO5,2017,True,True,True,True,True,True,True
LO5,2018,True,True,True,True,True,True,True
LO5,2019,True,True,True,True,True,True,True
LO5,2020,True,True,True,True,True,True,True
LO5,2021,True,True,True,True,True,True,True
LO5,2022,True,True,True,True,True,True,True
LO5,2023,True,True,True,True,True,True,True
LO5,2024,True,True,True,True,True,True,True
LO5,2025,True,True,True,True,True,True,True
LPT,2019,True,True,True,True,True,True,True
LPT,2020,True,True,True,True,True,True,True
LPT,2021,True,True,True,True,True,True,True
LPT,2022,True,True,True,True,True,True,True
LPT,2023,True,True,True,True,True,True,True
LPT,2024,True,True,True,True,True,True,True
LPT,2025,True,True,True,True,True,True,True
LQN,2012,True,True,True,True,True,True,True
LQN,2014,True,True,True,True,True,True,True
LQN,2015,True,True,True,True,True,True,True
LQN,2016,True,True,True,True,True,True,True
LQN,2017,True,True,True,True,True,True,True
LQN,2018,True,True,True,True,True,True,True
LQN,2019,True,True,True,True,True,True,True
LQN,2020,True,True,True,True,True,True,True
LQN,2021,True,True,True,True,True,True,True
LQN,2022,True,True,True,True,True,True,True
LQN,2023,True,True,True,True,True,True,True
LQN,2024,True,True,True,True,True,True,True
LQN,2025,True,True,True,True,True,True,True
LSG,2018,True,True,True,True,True,True,True
LSG,2019,True,True,True,True,True,True,True
LSG,2020,True,True,True,True,True,True,True
LSG,2021,True,True,True,True,True,True,True
LSG,2022,True,True,True,True,True,True,True
LSG,2023,True,True,True,True,True,True,True
LSG,2024,True,True,True,True,True,True,True
LSG,2025,True,True,True,True,True,True,True
LSS,2009,True,True,True,True,True,True,True
LSS,2010,True,True,True,True,True,True,True
LSS,2011,True,True,True,True,True,True,True
LSS,2012,True,True,True,True,True,True,True
LSS,2013,True,True,True,True,True,True,True
LSS,2014,True,True,True,True,True,True,True
LSS,2015,True,True,True,True,True,True,True
LSS,2019,True,True,True,True,True,True,True
LSS,2021,True,True,True,True,True,True,True
LSS,2024,True,True,True,True,True,True,True
LTC,2009,True,True,True,True,True,True,True
LTC,2010,True,True,True,True,True,True,True
LTC,2012,True,True,True,True,True,True,True
LTC,2013,True,True,True,True,True,True,True
LTC,2014,True,True,True,True,True,True,True
LTC,2015,True,True,True,True,True,True,True
LTC,2016,True,True,True,True,True,True,True
LTC,2017,True,True,True,True,True,True,True
LTC,2018,True,True,True,True,True,True,True
LTC,2019,True,True,True,True,True,True,True
LTC,2020,True,True,True,True,True,True,True
LTC,2021,True,True,True,True,True,True,True
LTC,2022,True,True,True,True,True,True,True
LTC,2023,True,True,True,True,True,True,True
LTC,2024,True,True,True,True,True,True,True
LTG,2013,True,True,True,True,True,True,True
LTG,2014,True,True,True,True,True,True,True
LTG,2016,True,True,True,True,True,True,True
LTG,2017,True,True,True,True,True,True,True
LTG,2018,True,True,True,True,True,True,True
LTG,2019,True,True,True,True,True,True,True
LTG,2020,True,True,True,True,True,True,True
LTG,2021,True,True,True,True,True,True,True
LTG,2022,True,True,True,True,True,True,True
LTG,2023,True,True,True,True,True,True,True
LUT,2010,True,True,True,True,True,True,True
LUT,2012,True,True,True,True,True,True,True
LUT,2013,True,True,True,True,True,True,True
LUT,2014,True,True,True,True,True,True,True
LUT,2015,True,True,True,True,True,True,True
LUT,2016,True,True,True,True,True,True,True
LUT,2017,True,True,True,True,True,True,True
LUT,2018,True,True,True,True,True,True,True
LUT,2019,True,True,True,True,True,True,True
LUT,2020,True,True,True,True,True,True,True
LUT,2021,True,True,True,True,True,True,True
LUT,2022,True,True,True,True,True,True,True
LWS,2016,True,True,True,True,True,True,True
LWS,2017,True,True,True,True,True,True,True
LWS,2018,True,True,True,True,True,True,True
LWS,2019,True,True,True,True,True,True,True
LWS,2020,True,True,True,True,True,True,True
LWS,2021,True,True,True,True,True,True,True
LWS,2022,True,True,True,True,True,True,True
LYF,2018,True,True,True,True,True,True,True
LYF,2019,True,True,True,True,True,True,True
LYF,2020,True,True,True,True,True,True,True
LYF,2021,True,True,True,True,True,True,True
M10,2013,True,True,True,True,True,True,True
M10,2014,True,True,True,True,True,True,True
M10,2015,True,True,True,True,True,True,True
M10,2016,True,True,True,True,True,True,True
M10,2017,True,True,True,True,True,True,True
M10,2018,True,True,True,True,True,True,True
M10,2019,True,True,True,True,True,True,True
M10,2020,True,True,True,True,True,True,True
M10,2021,True,True,True,True,True,True,True
M10,2022,True,True,True,True,True,True,True
M10,2023,True,True,True,True,True,True,True
M10,2024,True,True,True,True,True,True,True
M10,2025,True,True,True,True,True,True,True
MA1,2016,True,True,True,True,True,True,True
MA1,2019,True,True,True,True,True,True,True
MA1,2020,True,True,True,True,True,True,True
MA1,2021,True,True,True,True,True,True,True
MA1,2022,True,True,True,True,True,True,True
MA1,2023,True,True,True,True,True,True,True
MA1,2024,True,True,True,True,True,True,True
MA1,2025,True,True,True,True,True,True,True
MAC,2009,True,True,True,True,True,True,True
MAC,2010,True,True,True,True,True,True,True
MAC,2011,True,True,True,True,True,True,True
MAC,2012,True,True,True,True,True,True,True
MAC,2013,True,True,True,True,True,True,True
MAC,2014,True,True,True,True,True,True,True
MAC,2015,True,True,True,True,True,True,True
MAC,2016,True,True,True,True,True,True,True
MAC,2017,True,True,True,True,True,True,True
MAC,2018,True,True,True,True,True,True,True
MAC,2019,True,True,True,True,True,True,True
MAC,2020,True,True,True,True,True,True,True
MAC,2021,True,True,True,True,True,True,True
MAC,2022,True,True,True,True,True,True,True
MAC,2023,True,True,True,True,True,True,True
MAC,2024,True,True,True,True,True,True,True
MAC,2025,True,True,True,True,True,True,True
MAS,2013,True,True,True,True,True,True,True
MAS,2014,True,True,True,True,True,True,True
MAS,2015,True,True,True,True,True,True,True
MAS,2016,True,True,True,True,True,True,True
MAS,2017,True,True,True,True,True,True,True
MAS,2018,True,True,True,True,True,True,True
MAS,2019,True,True,True,True,True,True,True
MAS,2020,True,True,True,True,True,True,True
MAS,2021,True,True,True,True,True,True,True
MAS,2022,True,True,True,True,True,True,True
MAS,2023,True,True,True,True,True,True,True
MAS,2024,True,True,True,True,True,True,True
MAS,2025,True,True,True,True,True,True,True
MAX,2010,True,True,True,True,True,True,True
MAX,2011,True,True,True,True,True,True,True
MAX,2012,True,True,True,True,True,True,True
MAX,2013,True,True,True,True,True,True,True
MBG,2013,True,True,True,True,True,True,True
MBG,2014,True,True,True,True,True,True,True
MBG,2015,True,True,True,True,True,True,True
MBG,2016,True,True,True,True,True,True,True
MBG,2017,True,True,True,True,True,True,True
MBG,2018,True,True,True,True,True,True,True
MBG,2019,True,True,True,True,True,True,True
MBG,2020,True,True,True,True,True,True,True
MBG,2021,True,True,True,True,True,True,True
MBG,2022,True,True,True,True,True,True,True
MBG,2023,True,True,True,True,True,True,True
MBG,2024,True,True,True,True,True,True,True
MBG,2025,True,True,True,True,True,True,True
MBN,2020,True,True,True,True,True,True,True
MBN,2021,True,True,True,True,True,True,True
MBN,2022,True,True,True,True,True,True,True
MBN,2023,True,True,True,True,True,True,True
MBN,2025,True,True,True,True,True,True,True
MBT,2019,True,True,True,True,True,True,True
MBT,2020,True,True,True,True,True,True,True
MBT,2021,True,True,True,True,True,True,True
MBT,2022,True,True,True,True,True,True,True
MBT,2023,True,True,True,True,True,True,True
MBT,2024,True,True,True,True,True,True,True
MBT,2025,True,True,True,True,True,True,True
MC3,2014,True,True,True,True,True,True,True
MC3,2015,True,True,True,True,True,True,True
MC3,2016,True,True,True,True,True,True,True
MC3,2017,True,True,True,True,True,True,True
MC3,2018,True,True,True,True,True,True,True
MC3,2019,True,True,True,True,True,True,True
MC3,2020,True,True,True,True,True,True,True
MC3,2021,True,True,True,True,True,True,True
MCC,2010,True,True,True,True,True,True,True
MCC,2011,True,True,True,True,True,True,True
MCC,2012,True,True,True,True,True,True,True
MCC,2013,True,True,True,True,True,True,True
MCC,2014,True,True,True,True,True,True,True
MCC,2015,True,True,True,True,True,True,True
MCC,2017,True,True,True,True,True,True,True
MCC,2018,True,True,True,True,True,True,True
MCC,2019,True,True,True,True,True,True,True
MCC,2020,True,True,True,True,True,True,True
MCC,2021,True,True,True,True,True,True,True
MCC,2022,True,True,True,True,True,True,True
MCC,2023,True,True,True,True,True,True,True
MCC,2024,True,True,True,True,True,True,True
MCC,2025,True,True,True,True,True,True,True
MCD,2022,True,True,True,True,True,True,True
MCF,2011,True,True,True,True,True,True,True
MCF,2013,True,True,True,True,True,True,True
MCF,2014,True,True,True,True,True,True,True
MCF,2015,True,True,True,True,True,True,True
MCF,2016,True,True,True,True,True,True,True
MCF,2017,True,True,True,True,True,True,True
MCF,2019,True,True,True,True,True,True,True
MCF,2020,True,True,True,True,True,True,True
MCF,2021,True,True,True,True,True,True,True
MCF,2022,True,True,True,True,True,True,True
MCF,2023,True,True,True,True,True,True,True
MCF,2024,True,True,True,True,True,True,True
MCF,2025,True,True,True,True,True,True,True
MCG,2009,True,True,True,True,True,True,True
MCG,2010,True,True,True,True,True,True,True
MCG,2011,True,True,True,True,True,True,True
MCG,2012,True,True,True,True,True,True,True
MCG,2013,True,True,True,True,True,True,True
MCG,2014,True,True,True,True,True,True,True
MCG,2015,True,True,True,True,True,True,True
MCG,2016,True,True,True,True,True,True,True
MCG,2017,True,True,True,True,True,True,True
MCG,2018,True,True,True,True,True,True,True
MCG,2019,True,True,True,True,True,True,True
MCG,2020,True,True,True,True,True,True,True
MCG,2021,True,True,True,True,True,True,True
MCG,2022,True,True,True,True,True,True,True
MCG,2023,True,True,True,True,True,True,True
MCG,2024,True,True,True,True,True,True,True
MCG,2025,True,True,True,True,True,True,True
MCH,2012,True,True,True,True,True,True,True
MCH,2013,True,True,True,True,True,True,True
MCH,2014,True,True,True,True,True,True,True
MCH,2015,True,True,True,True,True,True,True
MCH,2016,True,True,True,True,True,True,True
MCH,2017,True,True,True,True,True,True,True
MCH,2018,True,True,True,True,True,True,True
MCH,2019,True,True,True,True,True,True,True
MCH,2020,True,True,True,True,True,True,True
MCH,2021,True,True,True,True,True,True,True
MCH,2022,True,True,True,True,True,True,True
MCH,2023,True,True,True,True,True,True,True
MCH,2024,True,True,True,True,True,True,True
MCH,2025,True,True,True,True,True,True,True
MCI,2013,True,True,True,True,True,True,True
MCI,2014,True,True,True,True,True,True,True
MCI,2015,True,True,True,True,True,True,True
MCI,2016,True,True,True,True,True,True,True
MCI,2017,True,True,True,True,True,True,True
MCI,2018,True,True,True,True,True,True,True
MCI,2019,True,True,True,True,True,True,True
MCI,2020,True,True,True,True,True,True,True
MCI,2021,True,True,True,True,True,True,True
MCI,2022,True,True,True,True,True,True,True
MCL,2011,True,True,True,True,True,True,True
MCL,2012,True,True,True,True,True,True,True
MCM,2017,True,True,True,True,True,True,True
MCM,2018,True,True,True,True,True,True,True
MCM,2019,True,True,True,True,True,True,True
MCM,2020,True,True,True,True,True,True,True
MCM,2021,True,True,True,True,True,True,True
MCM,2022,True,True,True,True,True,True,True
MCM,2023,True,True,True,True,True,True,True
MCM,2024,True,True,True,True,True,True,True
MCM,2025,True,True,True,True,True,True,True
MCO,2009,True,True,True,True,True,True,True
MCO,2010,True,True,True,True,True,True,True
MCO,2011,True,True,True,True,True,True,True
MCO,2012,True,True,True,True,True,True,True
MCO,2013,True,True,True,True,True,True,True
MCO,2014,True,True,True,True,True,True,True
MCO,2015,True,True,True,True,True,True,True
MCO,2016,True,True,True,True,True,True,True
MCO,2017,True,True,True,True,True,True,True
MCO,2018,True,True,True,True,True,True,True
MCO,2019,True,True,True,True,True,True,True
MCO,2020,True,True,True,True,True,True,True
MCO,2021,True,True,True,True,True,True,True
MCO,2022,True,True,True,True,True,True,True
MCO,2023,True,True,True,True,True,True,True
MCO,2024,True,True,True,True,True,True,True
MCO,2025,True,True,True,True,True,True,True
MCP,2009,True,True,True,True,True,True,True
MCP,2010,True,True,True,True,True,True,True
MCP,2011,True,True,True,True,True,True,True
MCP,2012,True,True,True,True,True,True,True
MCP,2013,True,True,True,True,True,True,True
MCP,2014,True,True,True,True,True,True,True
MCP,2015,True,True,True,True,True,True,True
MCP,2016,True,True,True,True,True,True,True
MCP,2017,True,True,True,True,True,True,True
MCP,2018,True,True,True,True,True,True,True
MCP,2019,True,True,True,True,True,True,True
MCP,2020,True,True,True,True,True,True,True
MCP,2021,True,True,True,True,True,True,True
MCP,2022,True,True,True,True,True,True,True
MCP,2023,True,True,True,True,True,True,True
MCP,2024,True,True,True,True,True,True,True
MCP,2025,True,True,True,True,True,True,True
MCT,2014,True,True,True,True,True,True,True
MCT,2015,True,True,True,True,True,True,True
MCT,2016,True,True,True,True,True,True,True
MCT,2017,True,True,True,True,True,True,True
MCT,2018,True,True,True,True,True,True,True
MCT,2019,True,True,True,True,True,True,True
MCT,2020,True,True,True,True,True,True,True
MDA,2016,True,True,True,True,True,True,True
MDA,2018,True,True,True,True,True,True,True
MDA,2019,True,True,True,True,True,True,True
MDA,2020,True,True,True,True,True,True,True
MDA,2021,True,True,True,True,True,True,True
MDA,2022,True,True,True,True,True,True,True
MDA,2023,True,True,True,True,True,True,True
MDA,2024,True,True,True,True,True,True,True
MDA,2025,True,True,True,True,True,True,True
MDC,2009,True,True,True,True,True,True,True
MDC,2010,True,True,True,True,True,True,True
MDC,2011,True,True,True,True,True,True,True
MDC,2012,True,True,True,True,True,True,True
MDC,2013,True,True,True,True,True,True,True
MDC,2014,True,True,True,True,True,True,True
MDC,2015,True,True,True,True,True,True,True
MDC,2016,True,True,True,True,True,True,True
MDC,2017,True,True,True,True,True,True,True
MDC,2018,True,True,True,True,True,True,True
MDC,2019,True,True,True,True,True,True,True
MDC,2020,True,True,True,True,True,True,True
MDC,2021,True,True,True,True,True,True,True
MDC,2022,True,True,True,True,True,True,True
MDC,2023,True,True,True,True,True,True,True
MDC,2024,True,True,True,True,True,True,True
MDC,2025,True,True,True,True,True,True,True
MDF,2010,True,True,True,True,True,True,True
MDF,2011,True,True,True,True,True,True,True
MDF,2012,True,True,True,True,True,True,True
MDF,2013,True,True,True,True,True,True,True
MDF,2016,True,True,True,True,True,True,True
MDF,2017,True,True,True,True,True,True,True
MDF,2018,True,True,True,True,True,True,True
MDF,2019,True,True,True,True,True,True,True
MDF,2020,True,True,True,True,True,True,True
MDF,2021,True,True,True,True,True,True,True
MDF,2022,True,True,True,True,True,True,True
MDF,2023,True,True,True,True,True,True,True
MDF,2024,True,True,True,True,True,True,True
MDF,2025,True,True,True,True,True,True,True
MDG,2009,True,True,True,True,True,True,True
MDG,2010,True,True,True,True,True,True,True
MDG,2011,True,True,True,True,True,True,True
MDG,2012,True,True,True,True,True,True,True
MDG,2013,True,True,True,True,True,True,True
MDG,2014,True,True,True,True,True,True,True
MDG,2015,True,True,True,True,True,True,True
MDG,2016,True,True,True,True,True,True,True
MDG,2017,True,True,True,True,True,True,True
MDG,2018,True,True,True,True,True,True,True
MDG,2019,True,True,True,True,True,True,True
MDG,2020,True,True,True,True,True,True,True
MDG,2021,True,True,True,True,True,True,True
MDG,2022,True,True,True,True,True,True,True
MDG,2023,True,True,True,True,True,True,True
MDG,2024,True,True,True,True,True,True,True
MDG,2025,True,True,True,True,True,True,True
MDN,2015,True,True,True,True,True,True,True
MDN,2016,True,True,True,True,True,True,True
MDN,2017,True,True,True,True,True,True,True
MDN,2018,True,True,True,True,True,True,True
MDN,2019,True,True,True,True,True,True,True
MDT,2018,True,True,True,True,True,True,True
MDT,2019,True,True,True,True,True,True,True
MEC,2009,True,True,True,True,True,True,True
MEC,2011,True,True,True,True,True,True,True
MEC,2012,True,True,True,True,True,True,True
MEC,2013,True,True,True,True,True,True,True
MEC,2014,True,True,True,True,True,True,True
MEC,2015,True,True,True,True,True,True,True
MEC,2016,True,True,True,True,True,True,True
MEC,2017,True,True,True,True,True,True,True
MEC,2018,True,True,True,True,True,True,True
MEC,2019,True,True,True,True,True,True,True
MEC,2020,True,True,True,True,True,True,True
MEC,2021,True,True,True,True,True,True,True
MEC,2022,True,True,True,True,True,True,True
MEC,2023,True,True,True,True,True,True,True
MEC,2024,True,True,True,True,True,True,True
MEC,2025,True,True,True,True,True,True,True
MED,2009,True,True,True,True,True,True,True
MED,2010,True,True,True,True,True,True,True
MED,2011,True,True,True,True,True,True,True
MED,2012,True,True,True,True,True,True,True
MED,2013,True,True,True,True,True,True,True
MED,2014,True,True,True,True,True,True,True
MED,2015,True,True,True,True,True,True,True
MED,2016,True,True,True,True,True,True,True
MED,2017,True,True,True,True,True,True,True
MED,2018,True,True,True,True,True,True,True
MED,2019,True,True,True,True,True,True,True
MED,2020,True,True,True,True,True,True,True
MED,2021,True,True,True,True,True,True,True
MED,2022,True,True,True,True,True,True,True
MED,2023,True,True,True,True,True,True,True
MED,2024,True,True,True,True,True,True,True
MED,2025,True,True,True,True,True,True,True
MEF,2013,True,True,True,True,True,True,True
MEF,2014,True,True,True,True,True,True,True
MEF,2015,True,True,True,True,True,True,True
MEF,2016,True,True,True,True,True,True,True
MEF,2017,True,True,True,True,True,True,True
MEF,2018,True,True,True,True,True,True,True
MEF,2019,True,True,True,True,True,True,True
MEF,2020,True,True,True,True,True,True,True
MEF,2021,True,True,True,True,True,True,True
MEF,2022,True,True,True,True,True,True,True
MEF,2023,True,True,True,True,True,True,True
MEF,2024,True,True,True,True,True,True,True
MEF,2025,True,True,True,True,True,True,True
MEG,2016,True,True,True,True,True,True,True
MEG,2017,True,True,True,True,True,True,True
MEG,2018,True,True,True,True,True,True,True
MEG,2019,True,True,True,True,True,True,True
MEG,2020,True,True,True,True,True,True,True
MEG,2021,True,True,True,True,True,True,True
MEL,2017,True,True,True,True,True,True,True
MEL,2018,True,True,True,True,True,True,True
MEL,2019,True,True,True,True,True,True,True
MEL,2020,True,True,True,True,True,True,True
MEL,2021,True,True,True,True,True,True,True
MEL,2023,True,True,True,True,True,True,True
MEL,2024,True,True,True,True,True,True,True
MEL,2025,True,True,True,True,True,True,True
MES,2012,True,True,True,True,True,True,True
MES,2013,True,True,True,True,True,True,True
MES,2014,True,True,True,True,True,True,True
MES,2015,True,True,True,True,True,True,True
MES,2016,True,True,True,True,True,True,True
MES,2017,True,True,True,True,True,True,True
MES,2018,True,True,True,True,True,True,True
MES,2019,True,True,True,True,True,True,True
MES,2020,True,True,True,True,True,True,True
MES,2021,True,True,True,True,True,True,True
MES,2022,True,True,True,True,True,True,True
MES,2023,True,True,True,True,True,True,True
MES,2024,True,True,True,True,True,True,True
MES,2025,True,True,True,True,True,True,True
MFS,2014,True,True,True,True,True,True,True
MFS,2015,True,True,True,True,True,True,True
MFS,2016,True,True,True,True,True,True,True
MFS,2017,True,True,True,True,True,True,True
MFS,2018,True,True,True,True,True,True,True
MFS,2019,True,True,True,True,True,True,True
MFS,2020,True,True,True,True,True,True,True
MFS,2021,True,True,True,True,True,True,True
MFS,2022,True,True,True,True,True,True,True
MFS,2023,True,True,True,True,True,True,True
MFS,2024,True,True,True,True,True,True,True
MFS,2025,True,True,True,True,True,True,True
MGC,2011,True,True,True,True,True,True,True
MGC,2012,True,True,True,True,True,True,True
MGC,2013,True,True,True,True,True,True,True
MGC,2014,True,True,True,True,True,True,True
MGC,2015,True,True,True,True,True,True,True
MGC,2016,True,True,True,True,True,True,True
MGC,2017,True,True,True,True,True,True,True
MGC,2018,True,True,True,True,True,True,True
MGC,2019,True,True,True,True,True,True,True
MGC,2020,True,True,True,True,True,True,True
MGC,2021,True,True,True,True,True,True,True
MGC,2022,True,True,True,True,True,True,True
MGC,2023,True,True,True,True,True,True,True
MGC,2024,True,True,True,True,True,True,True
MGC,2025,True,True,True,True,True,True,True
MGG,2015,True,True,True,True,True,True,True
MGG,2016,True,True,True,True,True,True,True
MGG,2017,True,True,True,True,True,True,True
MGG,2018,True,True,True,True,True,True,True
MGG,2019,True,True,True,True,True,True,True
MGG,2021,True,True,True,True,True,True,True
MGG,2022,True,True,True,True,True,True,True
MGG,2023,True,True,True,True,True,True,True
MGG,2024,True,True,True,True,True,True,True
MGG,2025,True,True,True,True,True,True,True
MGR,2020,True,True,True,True,True,True,True
MGR,2021,True,True,True,True,True,True,True
MGR,2022,True,True,True,True,True,True,True
MGR,2023,True,True,True,True,True,True,True
MGR,2024,True,True,True,True,True,True,True
MGR,2025,True,True,True,True,True,True,True
MH3,2013,True,True,True,True,True,True,True
MH3,2014,True,True,True,True,True,True,True
MH3,2015,True,True,True,True,True,True,True
MH3,2016,True,True,True,True,True,True,True
MH3,2017,True,True,True,True,True,True,True
MH3,2018,True,True,True,True,True,True,True
MH3,2019,True,True,True,True,True,True,True
MH3,2020,True,True,True,True,True,True,True
MH3,2021,True,True,True,True,True,True,True
MH3,2022,True,True,True,True,True,True,True
MH3,2024,True,True,True,True,True,True,True
MH3,2025,True,True,True,True,True,True,True
MHC,2009,True,True,True,True,True,True,True
MHC,2010,True,True,True,True,True,True,True
MHC,2011,True,True,True,True,True,True,True
MHC,2012,True,True,True,True,True,True,True
MHC,2013,True,True,True,True,True,True,True
MHC,2014,True,True,True,True,True,True,True
MHC,2015,True,True,True,True,True,True,True
MHC,2016,True,True,True,True,True,True,True
MHC,2017,True,True,True,True,True,True,True
MHC,2018,True,True,True,True,True,True,True
MHC,2019,True,True,True,True,True,True,True
MHC,2020,True,True,True,True,True,True,True
MHC,2021,True,True,True,True,True,True,True
MHC,2022,True,True,True,True,True,True,True
MHC,2023,True,True,True,True,True,True,True
MHC,2024,True,True,True,True,True,True,True
MHC,2025,True,True,True,True,True,True,True
MHL,2009,True,True,True,True,True,True,True
MHL,2010,True,True,True,True,True,True,True
MHL,2013,True,True,True,True,True,True,True
MHL,2018,True,True,True,True,True,True,True
MHL,2020,True,True,True,True,True,True,True
MHL,2021,True,True,True,True,True,True,True
MHL,2022,True,True,True,True,True,True,True
MHP,2018,True,True,True,True,True,True,True
MHP,2019,True,True,True,True,True,True,True
MHP,2020,True,True,True,True,True,True,True
MIC,2010,True,True,True,True,True,True,True
MIC,2011,True,True,True,True,True,True,True
MIC,2012,True,True,True,True,True,True,True
MIC,2013,True,True,True,True,True,True,True
MIC,2014,True,True,True,True,True,True,True
MIC,2015,True,True,True,True,True,True,True
MIC,2016,True,True,True,True,True,True,True
MIC,2017,True,True,True,True,True,True,True
MIC,2018,True,True,True,True,True,True,True
MIC,2019,True,True,True,True,True,True,True
MIC,2020,True,True,True,True,True,True,True
MIC,2021,True,True,True,True,True,True,True
MIC,2022,True,True,True,True,True,True,True
MIC,2023,True,True,True,True,True,True,True
MIC,2024,True,True,True,True,True,True,True
MIC,2025,True,True,True,True,True,True,True
MIE,2017,True,True,True,True,True,True,True
MIE,2018,True,True,True,True,True,True,True
MIE,2019,True,True,True,True,True,True,True
MIE,2020,True,True,True,True,True,True,True
MIE,2021,True,True,True,True,True,True,True
MIE,2022,True,True,True,True,True,True,True
MIE,2023,True,True,True,True,True,True,True
MIE,2024,True,True,True,True,True,True,True
MIE,2025,True,True,True,True,True,True,True
MIH,2010,True,True,True,True,True,True,True
MIH,2011,True,True,True,True,True,True,True
MIH,2012,True,True,True,True,True,True,True
MIM,2012,True,True,True,True,True,True,True
MIM,2013,True,True,True,True,True,True,True
MIM,2014,True,True,True,True,True,True,True
MIM,2015,True,True,True,True,True,True,True
MIM,2016,True,True,True,True,True,True,True
MIM,2017,True,True,True,True,True,True,True
MIM,2018,True,True,True,True,True,True,True
MIM,2019,True,True,True,True,True,True,True
MIM,2020,True,True,True,True,True,True,True
MIM,2021,True,True,True,True,True,True,True
MIM,2022,True,True,True,True,True,True,True
MKP,2009,True,True,True,True,True,True,True
MKP,2010,True,True,True,True,True,True,True
MKP,2011,True,True,True,True,True,True,True
MKP,2012,True,True,True,True,True,True,True
MKP,2013,True,True,True,True,True,True,True
MKP,2014,True,True,True,True,True,True,True
MKP,2015,True,True,True,True,True,True,True
MKP,2016,True,True,True,True,True,True,True
MKP,2017,True,True,True,True,True,True,True
MKP,2018,True,True,True,True,True,True,True
MKP,2019,True,True,True,True,True,True,True
MKP,2020,True,True,True,True,True,True,True
MKP,2021,True,True,True,True,True,True,True
MKP,2022,True,True,True,True,True,True,True
MKP,2023,True,True,True,True,True,True,True
MKP,2024,True,True,True,True,True,True,True
MKP,2025,True,True,True,True,True,True,True
MKT,2016,True,True,True,True,True,True,True
MKV,2009,True,True,True,True,True,True,True
MKV,2010,True,True,True,True,True,True,True
MKV,2011,True,True,True,True,True,True,True
MKV,2012,True,True,True,True,True,True,True
MKV,2013,True,True,True,True,True,True,True
MKV,2014,True,True,True,True,True,True,True
MKV,2015,True,True,True,True,True,True,True
MKV,2016,True,True,True,True,True,True,True
MKV,2017,True,True,True,True,True,True,True
MKV,2018,True,True,True,True,True,True,True
MKV,2019,True,True,True,True,True,True,True
MKV,2020,True,True,True,True,True,True,True
MKV,2021,True,True,True,True,True,True,True
MKV,2022,True,True,True,True,True,True,True
MKV,2023,True,True,True,True,True,True,True
MKV,2024,True,True,True,True,True,True,True
MKV,2025,True,True,True,True,True,True,True
MLC,2017,True,True,True,True,True,True,True
MLC,2018,True,True,True,True,True,True,True
MLC,2019,True,True,True,True,True,True,True
MLC,2020,True,True,True,True,True,True,True
MLC,2021,True,True,True,True,True,True,True
MLC,2022,True,True,True,True,True,True,True
MLC,2023,True,True,True,True,True,True,True
MLC,2024,True,True,True,True,True,True,True
MLC,2025,True,True,True,True,True,True,True
MLN,2014,True,True,True,True,True,True,True
MLN,2015,True,True,True,True,True,True,True
MLN,2016,True,True,True,True,True,True,True
MLN,2017,True,True,True,True,True,True,True
MLS,2015,True,True,True,True,True,True,True
MLS,2017,True,True,True,True,True,True,True
MLS,2018,True,True,True,True,True,True,True
MLS,2019,True,True,True,True,True,True,True
MLS,2020,True,True,True,True,True,True,True
MLS,2021,True,True,True,True,True,True,True
MLS,2022,True,True,True,True,True,True,True
MLS,2023,True,True,True,True,True,True,True
MLS,2024,True,True,True,True,True,True,True
MLS,2025,True,True,True,True,True,True,True
MMC,2009,True,True,True,True,True,True,True
MMC,2010,True,True,True,True,True,True,True
MMC,2011,True,True,True,True,True,True,True
MMC,2012,True,True,True,True,True,True,True
MMC,2013,True,True,True,True,True,True,True
MMC,2014,True,True,True,True,True,True,True
MMC,2015,True,True,True,True,True,True,True
MMC,2016,True,True,True,True,True,True,True
MML,2017,True,True,True,True,True,True,True
MML,2018,True,True,True,True,True,True,True
MML,2019,True,True,True,True,True,True,True
MML,2020,True,True,True,True,True,True,True
MML,2021,True,True,True,True,True,True,True
MML,2022,True,True,True,True,True,True,True
MML,2023,True,True,True,True,True,True,True
MML,2024,True,True,True,True,True,True,True
MML,2025,True,True,True,True,True,True,True
MNB,2014,True,True,True,True,True,True,True
MNB,2015,True,True,True,True,True,True,True
MNB,2016,True,True,True,True,True,True,True
MNB,2017,True,True,True,True,True,True,True
MNB,2018,True,True,True,True,True,True,True
MNB,2019,True,True,True,True,True,True,True
MNB,2020,True,True,True,True,True,True,True
MNB,2021,True,True,True,True,True,True,True
MNB,2022,True,True,True,True,True,True,True
MNB,2023,True,True,True,True,True,True,True
MNB,2024,True,True,True,True,True,True,True
MNB,2025,True,True,True,True,True,True,True
MNC,2009,True,True,True,True,True,True,True
MNC,2010,True,True,True,True,True,True,True
MNC,2011,True,True,True,True,True,True,True
MNC,2012,True,True,True,True,True,True,True
MNC,2013,True,True,True,True,True,True,True
MNC,2014,True,True,True,True,True,True,True
MNC,2015,True,True,True,True,True,True,True
MNC,2016,True,True,True,True,True,True,True
MNC,2017,True,True,True,True,True,True,True
MND,2017,True,True,True,True,True,True,True
MND,2018,True,True,True,True,True,True,True
MND,2019,True,True,True,True,True,True,True
MND,2020,True,True,True,True,True,True,True
MND,2021,True,True,True,True,True,True,True
MND,2022,True,True,True,True,True,True,True
MND,2023,True,True,True,True,True,True,True
MND,2024,True,True,True,True,True,True,True
MND,2025,True,True,True,True,True,True,True
MPC,2009,True,True,True,True,True,True,True
MPC,2010,True,True,True,True,True,True,True
MPC,2011,True,True,True,True,True,True,True
MPC,2012,True,True,True,True,True,True,True
MPC,2013,True,True,True,True,True,True,True
MPC,2014,True,True,True,True,True,True,True
MPC,2015,True,True,True,True,True,True,True
MPC,2016,True,True,True,True,True,True,True
MPC,2017,True,True,True,True,True,True,True
MPC,2018,True,True,True,True,True,True,True
MPC,2019,True,True,True,True,True,True,True
MPC,2020,True,True,True,True,True,True,True
MPC,2021,True,True,True,True,True,True,True
MPC,2023,True,True,True,True,True,True,True
MPC,2024,True,True,True,True,True,True,True
MPC,2025,True,True,True,True,True,True,True
MPT,2015,True,True,True,True,True,True,True
MPT,2016,True,True,True,True,True,True,True
MPT,2017,True,True,True,True,True,True,True
MPT,2018,True,True,True,True,True,True,True
MPT,2019,True,True,True,True,True,True,True
MPT,2020,True,True,True,True,True,True,True
MPT,2021,True,True,True,True,True,True,True
MPT,2022,True,True,True,True,True,True,True
MPT,2023,True,True,True,True,True,True,True
MPT,2024,True,True,True,True,True,True,True
MPT,2025,True,True,True,True,True,True,True
MPY,2015,True,True,True,True,True,True,True
MPY,2016,True,True,True,True,True,True,True
MPY,2017,True,True,True,True,True,True,True
MPY,2018,True,True,True,True,True,True,True
MPY,2019,True,True,True,True,True,True,True
MPY,2020,True,True,True,True,True,True,True
MPY,2021,True,True,True,True,True,True,True
MPY,2022,True,True,True,True,True,True,True
MPY,2023,True,True,True,True,True,True,True
MPY,2024,True,True,True,True,True,True,True
MPY,2025,True,True,True,True,True,True,True
MQB,2015,True,True,True,True,True,True,True
MQB,2016,True,True,True,True,True,True,True
MQB,2017,True,True,True,True,True,True,True
MQB,2018,True,True,True,True,True,True,True
MQB,2019,True,True,True,True,True,True,True
MQB,2020,True,True,True,True,True,True,True
MQB,2021,True,True,True,True,True,True,True
MQB,2022,True,True,True,True,True,True,True
MQB,2023,True,True,True,True,True,True,True
MQB,2024,True,True,True,True,True,True,True
MQB,2025,True,True,True,True,True,True,True
MQN,2017,True,True,True,True,True,True,True
MQN,2018,True,True,True,True,True,True,True
MQN,2021,True,True,True,True,True,True,True
MQN,2022,True,True,True,True,True,True,True
MQN,2023,True,True,True,True,True,True,True
MQN,2024,True,True,True,True,True,True,True
MQN,2025,True,True,True,True,True,True,True
MRF,2015,True,True,True,True,True,True,True
MRF,2016,True,True,True,True,True,True,True
MRF,2017,True,True,True,True,True,True,True
MRF,2018,True,True,True,True,True,True,True
MRF,2019,True,True,True,True,True,True,True
MRF,2020,True,True,True,True,True,True,True
MRF,2021,True,True,True,True,True,True,True
MRF,2024,True,True,True,True,True,True,True
MRF,2025,True,True,True,True,True,True,True
MSC,2012,True,True,True,True,True,True,True
MSC,2013,True,True,True,True,True,True,True
MSC,2014,True,True,True,True,True,True,True
MSC,2015,True,True,True,True,True,True,True
MSC,2016,True,True,True,True,True,True,True
MSC,2017,True,True,True,True,True,True,True
MSC,2018,True,True,True,True,True,True,True
MSC,2019,True,True,True,True,True,True,True
MSH,2015,True,True,True,True,True,True,True
MSH,2016,True,True,True,True,True,True,True
MSH,2017,True,True,True,True,True,True,True
MSH,2018,True,True,True,True,True,True,True
MSH,2019,True,True,True,True,True,True,True
MSH,2020,True,True,True,True,True,True,True
MSH,2021,True,True,True,True,True,True,True
MSH,2022,True,True,True,True,True,True,True
MSH,2023,True,True,True,True,True,True,True
MSH,2024,True,True,True,True,True,True,True
MSH,2025,True,True,True,True,True,True,True
MSN,2009,True,True,True,True,True,True,True
MSN,2010,True,True,True,True,True,True,True
MSN,2011,True,True,True,True,True,True,True
MSN,2012,True,True,True,True,True,True,True
MSN,2013,True,True,True,True,True,True,True
MSN,2014,True,True,True,True,True,True,True
MSN,2015,True,True,True,True,True,True,True
MSN,2016,True,True,True,True,True,True,True
MSN,2017,True,True,True,True,True,True,True
MSN,2018,True,True,True,True,True,True,True
MSN,2019,True,True,True,True,True,True,True
MSN,2020,True,True,True,True,True,True,True
MSN,2021,True,True,True,True,True,True,True
MSN,2023,True,True,True,True,True,True,True
MSN,2024,True,True,True,True,True,True,True
MSN,2025,True,True,True,True,True,True,True
MSR,2013,True,True,True,True,True,True,True
MSR,2014,True,True,True,True,True,True,True
MSR,2015,True,True,True,True,True,True,True
MSR,2016,True,True,True,True,True,True,True
MSR,2017,True,True,True,True,True,True,True
MSR,2018,True,True,True,True,True,True,True
MSR,2019,True,True,True,True,True,True,True
MSR,2020,True,True,True,True,True,True,True
MSR,2021,True,True,True,True,True,True,True
MSR,2022,True,True,True,True,True,True,True
MSR,2023,True,True,True,True,True,True,True
MSR,2024,True,True,True,True,True,True,True
MSR,2025,True,True,True,True,True,True,True
MST,2014,True,True,True,True,True,True,True
MST,2015,True,True,True,True,True,True,True
MST,2016,True,True,True,True,True,True,True
MST,2017,True,True,True,True,True,True,True
MST,2018,True,True,True,True,True,True,True
MST,2019,True,True,True,True,True,True,True
MST,2020,True,True,True,True,True,True,True
MST,2021,True,True,True,True,True,True,True
MST,2023,True,True,True,True,True,True,True
MST,2024,True,True,True,True,True,True,True
MST,2025,True,True,True,True,True,True,True
MTA,2017,True,True,True,True,True,True,True
MTA,2018,True,True,True,True,True,True,True
MTA,2019,True,True,True,True,True,True,True
MTA,2020,True,True,True,True,True,True,True
MTA,2021,True,True,True,True,True,True,True
MTA,2022,True,True,True,True,True,True,True
MTA,2023,True,True,True,True,True,True,True
MTA,2024,True,True,True,True,True,True,True
MTA,2025,True,True,True,True,True,True,True
MTB,2018,True,True,True,True,True,True,True
MTB,2019,True,True,True,True,True,True,True
MTB,2020,True,True,True,True,True,True,True
MTB,2021,True,True,True,True,True,True,True
MTB,2022,True,True,True,True,True,True,True
MTB,2023,True,True,True,True,True,True,True
MTB,2024,True,True,True,True,True,True,True
MTB,2025,True,True,True,True,True,True,True
MTC,2010,True,True,True,True,True,True,True
MTC,2011,True,True,True,True,True,True,True
MTC,2013,True,True,True,True,True,True,True
MTC,2014,True,True,True,True,True,True,True
MTC,2015,True,True,True,True,True,True,True
MTC,2016,True,True,True,True,True,True,True
MTC,2017,True,True,True,True,True,True,True
MTC,2018,True,True,True,True,True,True,True
MTC,2019,True,True,True,True,True,True,True
MTC,2020,True,True,True,True,True,True,True
MTC,2021,True,True,True,True,True,True,True
MTC,2022,True,True,True,True,True,True,True
MTC,2023,True,True,True,True,True,True,True
MTC,2024,True,True,True,True,True,True,True
MTG,2009,True,True,True,True,True,True,True
MTG,2010,True,True,True,True,True,True,True
MTG,2011,True,True,True,True,True,True,True
MTG,2012,True,True,True,True,True,True,True
MTG,2013,True,True,True,True,True,True,True
MTG,2014,True,True,True,True,True,True,True
MTG,2015,True,True,True,True,True,True,True
MTG,2016,True,True,True,True,True,True,True
MTG,2017,True,True,True,True,True,True,True
MTG,2018,True,True,True,True,True,True,True
MTG,2019,True,True,True,True,True,True,True
MTG,2020,True,True,True,True,True,True,True
MTG,2021,True,True,True,True,True,True,True
MTG,2022,True,True,True,True,True,True,True
MTG,2023,True,True,True,True,True,True,True
MTG,2024,True,True,True,True,True,True,True
MTG,2025,True,True,True,True,True,True,True
MTH,2010,True,True,True,True,True,True,True
MTH,2011,True,True,True,True,True,True,True
MTH,2012,True,True,True,True,True,True,True
MTH,2013,True,True,True,True,True,True,True
MTH,2015,True,True,True,True,True,True,True
MTH,2017,True,True,True,True,True,True,True
MTH,2018,True,True,True,True,True,True,True
MTH,2019,True,True,True,True,True,True,True
MTH,2020,True,True,True,True,True,True,True
MTH,2021,True,True,True,True,True,True,True
MTH,2023,True,True,True,True,True,True,True
MTH,2024,True,True,True,True,True,True,True
MTH,2025,True,True,True,True,True,True,True
MTL,2014,True,True,True,True,True,True,True
MTL,2015,True,True,True,True,True,True,True
MTL,2016,True,True,True,True,True,True,True
MTL,2017,True,True,True,True,True,True,True
MTL,2018,True,True,True,True,True,True,True
MTL,2019,True,True,True,True,True,True,True
MTL,2020,True,True,True,True,True,True,True
MTL,2022,True,True,True,True,True,True,True
MTL,2023,True,True,True,True,True,True,True
MTL,2024,True,True,True,True,True,True,True
MTL,2025,True,True,True,True,True,True,True
MTM,2013,True,True,True,True,True,True,True
MTM,2014,True,True,True,True,True,True,True
MTM,2017,True,True,True,True,True,True,True
MTP,2010,True,True,True,True,True,True,True
MTP,2011,True,True,True,True,True,True,True
MTP,2013,True,True,True,True,True,True,True
MTP,2014,True,True,True,True,True,True,True
MTP,2015,True,True,True,True,True,True,True
MTP,2016,True,True,True,True,True,True,True
MTP,2017,True,True,True,True,True,True,True
MTP,2018,True,True,True,True,True,True,True
MTP,2019,True,True,True,True,True,True,True
MTP,2020,True,True,True,True,True,True,True
MTP,2021,True,True,True,True,True,True,True
MTP,2022,True,True,True,True,True,True,True
MTP,2023,True,True,True,True,True,True,True
MTP,2024,True,True,True,True,True,True,True
MTP,2025,True,True,True,True,True,True,True
MTS,2014,True,True,True,True,True,True,True
MTS,2015,True,True,True,True,True,True,True
MTS,2016,True,True,True,True,True,True,True
MTS,2017,True,True,True,True,True,True,True
MTS,2018,True,True,True,True,True,True,True
MTS,2019,True,True,True,True,True,True,True
MTS,2020,True,True,True,True,True,True,True
MTS,2021,True,True,True,True,True,True,True
MTS,2022,True,True,True,True,True,True,True
MTS,2023,True,True,True,True,True,True,True
MTS,2024,True,True,True,True,True,True,True
MTS,2025,True,True,True,True,True,True,True
MTV,2015,True,True,True,True,True,True,True
MTV,2016,True,True,True,True,True,True,True
MTV,2017,True,True,True,True,True,True,True
MTV,2018,True,True,True,True,True,True,True
MTV,2019,True,True,True,True,True,True,True
MTV,2020,True,True,True,True,True,True,True
MTV,2021,True,True,True,True,True,True,True
MTV,2022,True,True,True,True,True,True,True
MTV,2023,True,True,True,True,True,True,True
MTV,2024,True,True,True,True,True,True,True
MTV,2025,True,True,True,True,True,True,True
MTX,2019,True,True,True,True,True,True,True
MTX,2020,True,True,True,True,True,True,True
MTX,2022,True,True,True,True,True,True,True
MTX,2023,True,True,True,True,True,True,True
MTX,2024,True,True,True,True,True,True,True
MVB,2015,True,True,True,True,True,True,True
MVB,2016,True,True,True,True,True,True,True
MVB,2017,True,True,True,True,True,True,True
MVB,2018,True,True,True,True,True,True,True
MVB,2019,True,True,True,True,True,True,True
MVB,2020,True,True,True,True,True,True,True
MVB,2021,True,True,True,True,True,True,True
MVB,2022,True,True,True,True,True,True,True
MVB,2023,True,True,True,True,True,True,True
MVB,2024,True,True,True,True,True,True,True
MVB,2025,True,True,True,True,True,True,True
MVC,2014,True,True,True,True,True,True,True
MVC,2017,True,True,True,True,True,True,True
MVC,2018,True,True,True,True,True,True,True
MVC,2019,True,True,True,True,True,True,True
MVC,2020,True,True,True,True,True,True,True
MVC,2021,True,True,True,True,True,True,True
MVC,2022,True,True,True,True,True,True,True
MVC,2023,True,True,True,True,True,True,True
MVC,2024,True,True,True,True,True,True,True
MVN,2016,True,True,True,True,True,True,True
MVN,2017,True,True,True,True,True,True,True
MVN,2018,True,True,True,True,True,True,True
MVN,2019,True,True,True,True,True,True,True
MVN,2020,True,True,True,True,True,True,True
MVN,2021,True,True,True,True,True,True,True
MVN,2022,True,True,True,True,True,True,True
MVN,2023,True,True,True,True,True,True,True
MVN,2024,True,True,True,True,True,True,True
MVN,2025,True,True,True,True,True,True,True
MVY,2014,True,True,True,True,True,True,True
MVY,2015,True,True,True,True,True,True,True
MVY,2018,True,True,True,True,True,True,True
MVY,2019,True,True,True,True,True,True,True
MVY,2020,True,True,True,True,True,True,True
MWG,2009,True,True,True,True,True,True,True
MWG,2010,True,True,True,True,True,True,True
MWG,2011,True,True,True,True,True,True,True
MWG,2012,True,True,True,True,True,True,True
MWG,2013,True,True,True,True,True,True,True
MWG,2014,True,True,True,True,True,True,True
MWG,2015,True,True,True,True,True,True,True
MWG,2016,True,True,True,True,True,True,True
MWG,2017,True,True,True,True,True,True,True
MWG,2018,True,True,True,True,True,True,True
MWG,2019,True,True,True,True,True,True,True
MWG,2020,True,True,True,True,True,True,True
MWG,2021,True,True,True,True,True,True,True
MWG,2022,True,True,True,True,True,True,True
MWG,2023,True,True,True,True,True,True,True
MWG,2024,True,True,True,True,True,True,True
MWG,2025,True,True,True,True,True,True,True
MXC,2018,True,True,True,True,True,True,True
MXC,2019,True,True,True,True,True,True,True
MZG,2022,True,True,True,True,True,True,True
MZG,2023,True,True,True,True,True,True,True
MZG,2024,True,True,True,True,True,True,True
MZG,2025,True,True,True,True,True,True,True
NAC,2012,True,True,True,True,True,True,True
NAC,2013,True,True,True,True,True,True,True
NAC,2014,True,True,True,True,True,True,True
NAC,2015,True,True,True,True,True,True,True
NAC,2016,True,True,True,True,True,True,True
NAC,2017,True,True,True,True,True,True,True
NAC,2018,True,True,True,True,True,True,True
NAC,2019,True,True,True,True,True,True,True
NAC,2020,True,True,True,True,True,True,True
NAC,2021,True,True,True,True,True,True,True
NAC,2022,True,True,True,True,True,True,True
NAC,2023,True,True,True,True,True,True,True
NAC,2024,True,True,True,True,True,True,True
NAC,2025,True,True,True,True,True,True,True
NAF,2013,True,True,True,True,True,True,True
NAF,2014,True,True,True,True,True,True,True
NAF,2015,True,True,True,True,True,True,True
NAF,2016,True,True,True,True,True,True,True
NAF,2017,True,True,True,True,True,True,True
NAF,2018,True,True,True,True,True,True,True
NAF,2019,True,True,True,True,True,True,True
NAF,2020,True,True,True,True,True,True,True
NAF,2021,True,True,True,True,True,True,True
NAF,2022,True,True,True,True,True,True,True
NAF,2023,True,True,True,True,True,True,True
NAF,2024,True,True,True,True,True,True,True
NAF,2025,True,True,True,True,True,True,True
NAG,2009,True,True,True,True,True,True,True
NAG,2010,True,True,True,True,True,True,True
NAG,2011,True,True,True,True,True,True,True
NAG,2012,True,True,True,True,True,True,True
NAG,2013,True,True,True,True,True,True,True
NAG,2014,True,True,True,True,True,True,True
NAG,2015,True,True,True,True,True,True,True
NAG,2016,True,True,True,True,True,True,True
NAG,2017,True,True,True,True,True,True,True
NAG,2018,True,True,True,True,True,True,True
NAG,2019,True,True,True,True,True,True,True
NAG,2020,True,True,True,True,True,True,True
NAG,2021,True,True,True,True,True,True,True
NAG,2022,True,True,True,True,True,True,True
NAG,2023,True,True,True,True,True,True,True
NAG,2024,True,True,True,True,True,True,True
NAG,2025,True,True,True,True,True,True,True
NAP,2013,True,True,True,True,True,True,True
NAP,2014,True,True,True,True,True,True,True
NAP,2015,True,True,True,True,True,True,True
NAP,2016,True,True,True,True,True,True,True
NAP,2017,True,True,True,True,True,True,True
NAP,2018,True,True,True,True,True,True,True
NAP,2019,True,True,True,True,True,True,True
NAP,2020,True,True,True,True,True,True,True
NAP,2021,True,True,True,True,True,True,True
NAP,2022,True,True,True,True,True,True,True
NAP,2023,True,True,True,True,True,True,True
NAP,2024,True,True,True,True,True,True,True
NAP,2025,True,True,True,True,True,True,True
NAS,2011,True,True,True,True,True,True,True
NAS,2012,True,True,True,True,True,True,True
NAS,2013,True,True,True,True,True,True,True
NAS,2014,True,True,True,True,True,True,True
NAS,2015,True,True,True,True,True,True,True
NAS,2016,True,True,True,True,True,True,True
NAS,2017,True,True,True,True,True,True,True
NAS,2018,True,True,True,True,True,True,True
NAS,2019,True,True,True,True,True,True,True
NAS,2020,True,True,True,True,True,True,True
NAS,2021,True,True,True,True,True,True,True
NAS,2022,True,True,True,True,True,True,True
NAS,2023,True,True,True,True,True,True,True
NAS,2024,True,True,True,True,True,True,True
NAS,2025,True,True,True,True,True,True,True
NAU,2017,True,True,True,True,True,True,True
NAU,2018,True,True,True,True,True,True,True
NAU,2019,True,True,True,True,True,True,True
NAU,2020,True,True,True,True,True,True,True
NAU,2021,True,True,True,True,True,True,True
NAU,2022,True,True,True,True,True,True,True
NAU,2023,True,True,True,True,True,True,True
NAU,2024,True,True,True,True,True,True,True
NAU,2025,True,True,True,True,True,True,True
NAV,2009,True,True,True,True,True,True,True
NAV,2010,True,True,True,True,True,True,True
NAV,2011,True,True,True,True,True,True,True
NAV,2012,True,True,True,True,True,True,True
NAV,2013,True,True,True,True,True,True,True
NAV,2014,True,True,True,True,True,True,True
NAV,2015,True,True,True,True,True,True,True
NAV,2016,True,True,True,True,True,True,True
NAV,2017,True,True,True,True,True,True,True
NAV,2018,True,True,True,True,True,True,True
NAV,2019,True,True,True,True,True,True,True
NAV,2020,True,True,True,True,True,True,True
NAV,2021,True,True,True,True,True,True,True
NAV,2022,True,True,True,True,True,True,True
NAV,2023,True,True,True,True,True,True,True
NAV,2024,True,True,True,True,True,True,True
NAV,2025,True,True,True,True,True,True,True
NAW,2018,True,True,True,True,True,True,True
NAW,2019,True,True,True,True,True,True,True
NAW,2020,True,True,True,True,True,True,True
NAW,2021,True,True,True,True,True,True,True
NAW,2022,True,True,True,True,True,True,True
NAW,2023,True,True,True,True,True,True,True
NAW,2024,True,True,True,True,True,True,True
NAW,2025,True,True,True,True,True,True,True
NBB,2009,True,True,True,True,True,True,True
NBB,2010,True,True,True,True,True,True,True
NBB,2011,True,True,True,True,True,True,True
NBB,2012,True,True,True,True,True,True,True
NBB,2013,True,True,True,True,True,True,True
NBB,2014,True,True,True,True,True,True,True
NBB,2015,True,True,True,True,True,True,True
NBB,2016,True,True,True,True,True,True,True
NBB,2017,True,True,True,True,True,True,True
NBB,2018,True,True,True,True,True,True,True
NBB,2019,True,True,True,True,True,True,True
NBB,2020,True,True,True,True,True,True,True
NBB,2021,True,True,True,True,True,True,True
NBB,2022,True,True,True,True,True,True,True
NBB,2023,True,True,True,True,True,True,True
NBB,2024,True,True,True,True,True,True,True
NBB,2025,True,True,True,True,True,True,True
NBC,2009,True,True,True,True,True,True,True
NBC,2010,True,True,True,True,True,True,True
NBC,2011,True,True,True,True,True,True,True
NBC,2012,True,True,True,True,True,True,True
NBC,2013,True,True,True,True,True,True,True
NBC,2014,True,True,True,True,True,True,True
NBC,2015,True,True,True,True,True,True,True
NBC,2016,True,True,True,True,True,True,True
NBC,2017,True,True,True,True,True,True,True
NBC,2018,True,True,True,True,True,True,True
NBC,2019,True,True,True,True,True,True,True
NBC,2020,True,True,True,True,True,True,True
NBC,2021,True,True,True,True,True,True,True
NBC,2022,True,True,True,True,True,True,True
NBC,2023,True,True,True,True,True,True,True
NBC,2024,True,True,True,True,True,True,True
NBC,2025,True,True,True,True,True,True,True
NBE,2016,True,True,True,True,True,True,True
NBE,2017,True,True,True,True,True,True,True
NBE,2018,True,True,True,True,True,True,True
NBE,2019,True,True,True,True,True,True,True
NBE,2020,True,True,True,True,True,True,True
NBE,2021,True,True,True,True,True,True,True
NBE,2022,True,True,True,True,True,True,True
NBE,2023,True,True,True,True,True,True,True
NBE,2024,True,True,True,True,True,True,True
NBE,2025,True,True,True,True,True,True,True
NBP,2009,True,True,True,True,True,True,True
NBP,2010,True,True,True,True,True,True,True
NBP,2011,True,True,True,True,True,True,True
NBP,2012,True,True,True,True,True,True,True
NBP,2013,True,True,True,True,True,True,True
NBP,2014,True,True,True,True,True,True,True
NBP,2015,True,True,True,True,True,True,True
NBP,2016,True,True,True,True,True,True,True
NBP,2017,True,True,True,True,True,True,True
NBP,2018,True,True,True,True,True,True,True
NBP,2019,True,True,True,True,True,True,True
NBP,2020,True,True,True,True,True,True,True
NBP,2021,True,True,True,True,True,True,True
NBP,2022,True,True,True,True,True,True,True
NBP,2023,True,True,True,True,True,True,True
NBP,2024,True,True,True,True,True,True,True
NBP,2025,True,True,True,True,True,True,True
NBR,2017,True,True,True,True,True,True,True
NBR,2018,True,True,True,True,True,True,True
NBR,2019,True,True,True,True,True,True,True
NBS,2009,True,True,True,True,True,True,True
NBS,2010,True,True,True,True,True,True,True
NBS,2011,True,True,True,True,True,True,True
NBS,2012,True,True,True,True,True,True,True
NBS,2013,True,True,True,True,True,True,True
NBS,2014,True,True,True,True,True,True,True
NBS,2015,True,True,True,True,True,True,True
NBS,2016,True,True,True,True,True,True,True
NBT,2011,True,True,True,True,True,True,True
NBT,2012,True,True,True,True,True,True,True
NBT,2013,True,True,True,True,True,True,True
NBT,2016,True,True,True,True,True,True,True
NBT,2017,True,True,True,True,True,True,True
NBT,2019,True,True,True,True,True,True,True
NBT,2020,True,True,True,True,True,True,True
NBT,2021,True,True,True,True,True,True,True
NBT,2022,True,True,True,True,True,True,True
NBT,2023,True,True,True,True,True,True,True
NBT,2024,True,True,True,True,True,True,True
NBT,2025,True,True,True,True,True,True,True
NBW,2009,True,True,True,True,True,True,True
NBW,2010,True,True,True,True,True,True,True
NBW,2011,True,True,True,True,True,True,True
NBW,2012,True,True,True,True,True,True,True
NBW,2013,True,True,True,True,True,True,True
NBW,2014,True,True,True,True,True,True,True
NBW,2015,True,True,True,True,True,True,True
NBW,2016,True,True,True,True,True,True,True
NBW,2017,True,True,True,True,True,True,True
NBW,2018,True,True,True,True,True,True,True
NBW,2019,True,True,True,True,True,True,True
NBW,2020,True,True,True,True,True,True,True
NBW,2021,True,True,True,True,True,True,True
NBW,2022,True,True,True,True,True,True,True
NBW,2023,True,True,True,True,True,True,True
NBW,2024,True,True,True,True,True,True,True
NBW,2025,True,True,True,True,True,True,True
NCG,2018,True,True,True,True,True,True,True
NCG,2019,True,True,True,True,True,True,True
NCG,2020,True,True,True,True,True,True,True
NCG,2021,True,True,True,True,True,True,True
NCG,2022,True,True,True,True,True,True,True
NCG,2023,True,True,True,True,True,True,True
NCG,2024,True,True,True,True,True,True,True
NCG,2025,True,True,True,True,True,True,True
NCP,2010,True,True,True,True,True,True,True
NCP,2011,True,True,True,True,True,True,True
NCP,2012,True,True,True,True,True,True,True
NCP,2013,True,True,True,True,True,True,True
NCP,2014,True,True,True,True,True,True,True
NCP,2015,True,True,True,True,True,True,True
NCP,2016,True,True,True,True,True,True,True
NCP,2017,True,True,True,True,True,True,True
NCP,2018,True,True,True,True,True,True,True
NCP,2019,True,True,True,True,True,True,True
NCP,2020,True,True,True,True,True,True,True
NCS,2009,True,True,True,True,True,True,True
NCS,2010,True,True,True,True,True,True,True
NCS,2011,True,True,True,True,True,True,True
NCS,2012,True,True,True,True,True,True,True
NCS,2013,True,True,True,True,True,True,True
NCS,2014,True,True,True,True,True,True,True
NCS,2015,True,True,True,True,True,True,True
NCS,2016,True,True,True,True,True,True,True
NCS,2017,True,True,True,True,True,True,True
NCS,2018,True,True,True,True,True,True,True
NCS,2019,True,True,True,True,True,True,True
NCS,2020,True,True,True,True,True,True,True
NCS,2021,True,True,True,True,True,True,True
NCS,2022,True,True,True,True,True,True,True
NCS,2023,True,True,True,True,True,True,True
NCS,2024,True,True,True,True,True,True,True
NCS,2025,True,True,True,True,True,True,True
NCT,2009,True,True,True,True,True,True,True
NCT,2010,True,True,True,True,True,True,True
NCT,2011,True,True,True,True,True,True,True
NCT,2012,True,True,True,True,True,True,True
NCT,2013,True,True,True,True,True,True,True
NCT,2014,True,True,True,True,True,True,True
NCT,2015,True,True,True,True,True,True,True
NCT,2016,True,True,True,True,True,True,True
NCT,2017,True,True,True,True,True,True,True
NCT,2018,True,True,True,True,True,True,True
NCT,2019,True,True,True,True,True,True,True
NCT,2020,True,True,True,True,True,True,True
NCT,2021,True,True,True,True,True,True,True
NCT,2022,True,True,True,True,True,True,True
NCT,2023,True,True,True,True,True,True,True
NCT,2024,True,True,True,True,True,True,True
ND2,2009,True,True,True,True,True,True,True
ND2,2010,True,True,True,True,True,True,True
ND2,2011,True,True,True,True,True,True,True
ND2,2012,True,True,True,True,True,True,True
ND2,2013,True,True,True,True,True,True,True
ND2,2014,True,True,True,True,True,True,True
ND2,2015,True,True,True,True,True,True,True
ND2,2016,True,True,True,True,True,True,True
ND2,2017,True,True,True,True,True,True,True
ND2,2018,True,True,True,True,True,True,True
ND2,2019,True,True,True,True,True,True,True
ND2,2020,True,True,True,True,True,True,True
ND2,2021,True,True,True,True,True,True,True
ND2,2022,True,True,True,True,True,True,True
ND2,2023,True,True,True,True,True,True,True
ND2,2024,True,True,True,True,True,True,True
ND2,2025,True,True,True,True,True,True,True
NDC,2009,True,True,True,True,True,True,True
NDC,2010,True,True,True,True,True,True,True
NDC,2011,True,True,True,True,True,True,True
NDC,2012,True,True,True,True,True,True,True
NDC,2013,True,True,True,True,True,True,True
NDC,2014,True,True,True,True,True,True,True
NDC,2015,True,True,True,True,True,True,True
NDC,2016,True,True,True,True,True,True,True
NDC,2017,True,True,True,True,True,True,True
NDC,2018,True,True,True,True,True,True,True
NDC,2019,True,True,True,True,True,True,True
NDC,2020,True,True,True,True,True,True,True
NDC,2021,True,True,True,True,True,True,True
NDC,2022,True,True,True,True,True,True,True
NDC,2023,True,True,True,True,True,True,True
NDC,2024,True,True,True,True,True,True,True
NDC,2025,True,True,True,True,True,True,True
NDF,2012,True,True,True,True,True,True,True
NDF,2013,True,True,True,True,True,True,True
NDF,2014,True,True,True,True,True,True,True
NDF,2015,True,True,True,True,True,True,True
NDF,2016,True,True,True,True,True,True,True
NDN,2013,True,True,True,True,True,True,True
NDN,2015,True,True,True,True,True,True,True
NDN,2016,True,True,True,True,True,True,True
NDN,2017,True,True,True,True,True,True,True
NDN,2018,True,True,True,True,True,True,True
NDN,2019,True,True,True,True,True,True,True
NDN,2020,True,True,True,True,True,True,True
NDN,2022,True,True,True,True,True,True,True
NDN,2023,True,True,True,True,True,True,True
NDN,2024,True,True,True,True,True,True,True
NDN,2025,True,True,True,True,True,True,True
NDP,2011,True,True,True,True,True,True,True
NDP,2012,True,True,True,True,True,True,True
NDP,2013,True,True,True,True,True,True,True
NDP,2014,True,True,True,True,True,True,True
NDP,2015,True,True,True,True,True,True,True
NDP,2016,True,True,True,True,True,True,True
NDP,2017,True,True,True,True,True,True,True
NDP,2018,True,True,True,True,True,True,True
NDP,2019,True,True,True,True,True,True,True
NDP,2020,True,True,True,True,True,True,True
NDP,2021,True,True,True,True,True,True,True
NDP,2022,True,True,True,True,True,True,True
NDP,2023,True,True,True,True,True,True,True
NDP,2024,True,True,True,True,True,True,True
NDP,2025,True,True,True,True,True,True,True
NDT,2015,True,True,True,True,True,True,True
NDT,2016,True,True,True,True,True,True,True
NDT,2018,True,True,True,True,True,True,True
NDT,2019,True,True,True,True,True,True,True
NDT,2020,True,True,True,True,True,True,True
NDT,2021,True,True,True,True,True,True,True
NDT,2022,True,True,True,True,True,True,True
NDT,2023,True,True,True,True,True,True,True
NDT,2024,True,True,True,True,True,True,True
NDT,2025,True,True,True,True,True,True,True
NDW,2018,True,True,True,True,True,True,True
NDW,2019,True,True,True,True,True,True,True
NDW,2021,True,True,True,True,True,True,True
NDW,2022,True,True,True,True,True,True,True
NDW,2023,True,True,True,True,True,True,True
NDW,2024,True,True,True,True,True,True,True
NDW,2025,True,True,True,True,True,True,True
NDX,2013,True,True,True,True,True,True,True
NDX,2015,True,True,True,True,True,True,True
NDX,2019,True,True,True,True,True,True,True
NDX,2021,True,True,True,True,True,True,True
NDX,2022,True,True,True,True,True,True,True
NDX,2023,True,True,True,True,True,True,True
NDX,2024,True,True,True,True,True,True,True
NDX,2025,True,True,True,True,True,True,True
NED,2014,True,True,True,True,True,True,True
NED,2015,True,True,True,True,True,True,True
NED,2016,True,True,True,True,True,True,True
NED,2017,True,True,True,True,True,True,True
NED,2018,True,True,True,True,True,True,True
NED,2019,True,True,True,True,True,True,True
NED,2020,True,True,True,True,True,True,True
NED,2021,True,True,True,True,True,True,True
NED,2022,True,True,True,True,True,True,True
NED,2023,True,True,True,True,True,True,True
NED,2024,True,True,True,True,True,True,True
NEM,2020,True,True,True,True,True,True,True
NEM,2021,True,True,True,True,True,True,True
NEM,2022,True,True,True,True,True,True,True
NEM,2023,True,True,True,True,True,True,True
NEM,2024,True,True,True,True,True,True,True
NET,2009,True,True,True,True,True,True,True
NET,2010,True,True,True,True,True,True,True
NET,2011,True,True,True,True,True,True,True
NET,2012,True,True,True,True,True,True,True
NET,2013,True,True,True,True,True,True,True
NET,2014,True,True,True,True,True,True,True
NET,2015,True,True,True,True,True,True,True
NET,2016,True,True,True,True,True,True,True
NET,2017,True,True,True,True,True,True,True
NET,2018,True,True,True,True,True,True,True
NET,2019,True,True,True,True,True,True,True
NET,2020,True,True,True,True,True,True,True
NET,2021,True,True,True,True,True,True,True
NET,2022,True,True,True,True,True,True,True
NET,2023,True,True,True,True,True,True,True
NET,2024,True,True,True,True,True,True,True
NET,2025,True,True,True,True,True,True,True
NFC,2009,True,True,True,True,True,True,True
NFC,2010,True,True,True,True,True,True,True
NFC,2011,True,True,True,True,True,True,True
NFC,2012,True,True,True,True,True,True,True
NFC,2013,True,True,True,True,True,True,True
NFC,2014,True,True,True,True,True,True,True
NFC,2015,True,True,True,True,True,True,True
NFC,2016,True,True,True,True,True,True,True
NFC,2017,True,True,True,True,True,True,True
NFC,2018,True,True,True,True,True,True,True
NFC,2019,True,True,True,True,True,True,True
NFC,2020,True,True,True,True,True,True,True
NFC,2021,True,True,True,True,True,True,True
NFC,2022,True,True,True,True,True,True,True
NFC,2023,True,True,True,True,True,True,True
NFC,2024,True,True,True,True,True,True,True
NFC,2025,True,True,True,True,True,True,True
NGC,2009,True,True,True,True,True,True,True
NGC,2010,True,True,True,True,True,True,True
NGC,2011,True,True,True,True,True,True,True
NGC,2012,True,True,True,True,True,True,True
NGC,2013,True,True,True,True,True,True,True
NGC,2014,True,True,True,True,True,True,True
NGC,2015,True,True,True,True,True,True,True
NGC,2016,True,True,True,True,True,True,True
NGC,2017,True,True,True,True,True,True,True
NGC,2018,True,True,True,True,True,True,True
NGC,2019,True,True,True,True,True,True,True
NGC,2020,True,True,True,True,True,True,True
NGC,2021,True,True,True,True,True,True,True
NGC,2022,True,True,True,True,True,True,True
NHA,2009,True,True,True,True,True,True,True
NHA,2010,True,True,True,True,True,True,True
NHA,2011,True,True,True,True,True,True,True
NHA,2012,True,True,True,True,True,True,True
NHA,2013,True,True,True,True,True,True,True
NHA,2014,True,True,True,True,True,True,True
NHA,2015,True,True,True,True,True,True,True
NHA,2016,True,True,True,True,True,True,True
NHA,2017,True,True,True,True,True,True,True
NHA,2018,True,True,True,True,True,True,True
NHA,2019,True,True,True,True,True,True,True
NHA,2020,True,True,True,True,True,True,True
NHA,2021,True,True,True,True,True,True,True
NHA,2022,True,True,True,True,True,True,True
NHA,2023,True,True,True,True,True,True,True
NHA,2024,True,True,True,True,True,True,True
NHA,2025,True,True,True,True,True,True,True
NHC,2009,True,True,True,True,True,True,True
NHC,2010,True,True,True,True,True,True,True
NHC,2011,True,True,True,True,True,True,True
NHC,2012,True,True,True,True,True,True,True
NHC,2013,True,True,True,True,True,True,True
NHC,2014,True,True,True,True,True,True,True
NHC,2015,True,True,True,True,True,True,True
NHC,2016,True,True,True,True,True,True,True
NHC,2017,True,True,True,True,True,True,True
NHC,2018,True,True,True,True,True,True,True
NHC,2019,True,True,True,True,True,True,True
NHC,2020,True,True,True,True,True,True,True
NHC,2021,True,True,True,True,True,True,True
NHC,2022,True,True,True,True,True,True,True
NHC,2023,True,True,True,True,True,True,True
NHC,2024,True,True,True,True,True,True,True
NHC,2025,True,True,True,True,True,True,True
NHH,2015,True,True,True,True,True,True,True
NHH,2016,True,True,True,True,True,True,True
NHH,2017,True,True,True,True,True,True,True
NHH,2018,True,True,True,True,True,True,True
NHH,2019,True,True,True,True,True,True,True
NHH,2020,True,True,True,True,True,True,True
NHH,2021,True,True,True,True,True,True,True
NHH,2022,True,True,True,True,True,True,True
NHH,2023,True,True,True,True,True,True,True
NHH,2024,True,True,True,True,True,True,True
NHH,2025,True,True,True,True,True,True,True
NHP,2017,True,True,True,True,True,True,True
NHP,2018,True,True,True,True,True,True,True
NHP,2019,True,True,True,True,True,True,True
NHS,2011,True,True,True,True,True,True,True
NHS,2012,True,True,True,True,True,True,True
NHS,2013,True,True,True,True,True,True,True
NHS,2014,True,True,True,True,True,True,True
NHT,2014,True,True,True,True,True,True,True
NHT,2015,True,True,True,True,True,True,True
NHT,2016,True,True,True,True,True,True,True
NHT,2017,True,True,True,True,True,True,True
NHT,2018,True,True,True,True,True,True,True
NHT,2019,True,True,True,True,True,True,True
NHT,2020,True,True,True,True,True,True,True
NHT,2021,True,True,True,True,True,True,True
NHT,2022,True,True,True,True,True,True,True
NHT,2023,True,True,True,True,True,True,True
NHT,2024,True,True,True,True,True,True,True
NHT,2025,True,True,True,True,True,True,True
NHV,2014,True,True,True,True,True,True,True
NHV,2015,True,True,True,True,True,True,True
NHV,2016,True,True,True,True,True,True,True
NHV,2017,True,True,True,True,True,True,True
NHV,2018,True,True,True,True,True,True,True
NHV,2019,True,True,True,True,True,True,True
NHV,2020,True,True,True,True,True,True,True
NHV,2021,True,True,True,True,True,True,True
NHV,2025,True,True,True,True,True,True,True
NHW,2009,True,True,True,True,True,True,True
NHW,2010,True,True,True,True,True,True,True
NHW,2011,True,True,True,True,True,True,True
NHW,2012,True,True,True,True,True,True,True
NHW,2013,True,True,True,True,True,True,True
NHW,2014,True,True,True,True,True,True,True
NIS,2010,True,True,True,True,True,True,True
NIS,2011,True,True,True,True,True,True,True
NIS,2012,True,True,True,True,True,True,True
NIS,2013,True,True,True,True,True,True,True
NJC,2017,True,True,True,True,True,True,True
NJC,2018,True,True,True,True,True,True,True
NJC,2019,True,True,True,True,True,True,True
NJC,2020,True,True,True,True,True,True,True
NJC,2021,True,True,True,True,True,True,True
NJC,2022,True,True,True,True,True,True,True
NJC,2023,True,True,True,True,True,True,True
NJC,2024,True,True,True,True,True,True,True
NJC,2025,True,True,True,True,True,True,True
NKG,2009,True,True,True,True,True,True,True
NKG,2010,True,True,True,True,True,True,True
NKG,2011,True,True,True,True,True,True,True
NKG,2012,True,True,True,True,True,True,True
NKG,2013,True,True,True,True,True,True,True
NKG,2014,True,True,True,True,True,True,True
NKG,2015,True,True,True,True,True,True,True
NKG,2016,True,True,True,True,True,True,True
NKG,2017,True,True,True,True,True,True,True
NKG,2018,True,True,True,True,True,True,True
NKG,2019,True,True,True,True,True,True,True
NKG,2020,True,True,True,True,True,True,True
NKG,2021,True,True,True,True,True,True,True
NKG,2022,True,True,True,True,True,True,True
NKG,2023,True,True,True,True,True,True,True
NKG,2024,True,True,True,True,True,True,True
NKG,2025,True,True,True,True,True,True,True
NLC,2009,True,True,True,True,True,True,True
NLC,2010,True,True,True,True,True,True,True
NLC,2011,True,True,True,True,True,True,True
NLC,2012,True,True,True,True,True,True,True
NLC,2013,True,True,True,True,True,True,True
NLG,2009,True,True,True,True,True,True,True
NLG,2010,True,True,True,True,True,True,True
NLG,2011,True,True,True,True,True,True,True
NLG,2012,True,True,True,True,True,True,True
NLG,2013,True,True,True,True,True,True,True
NLG,2014,True,True,True,True,True,True,True
NLG,2015,True,True,True,True,True,True,True
NLG,2016,True,True,True,True,True,True,True
NLG,2017,True,True,True,True,True,True,True
NLG,2018,True,True,True,True,True,True,True
NLG,2019,True,True,True,True,True,True,True
NLG,2020,True,True,True,True,True,True,True
NLG,2021,True,True,True,True,True,True,True
NLG,2022,True,True,True,True,True,True,True
NLG,2023,True,True,True,True,True,True,True
NLG,2024,True,True,True,True,True,True,True
NLG,2025,True,True,True,True,True,True,True
NLS,2015,True,True,True,True,True,True,True
NLS,2016,True,True,True,True,True,True,True
NLS,2017,True,True,True,True,True,True,True
NLS,2018,True,True,True,True,True,True,True
NLS,2019,True,True,True,True,True,True,True
NLS,2020,True,True,True,True,True,True,True
NLS,2021,True,True,True,True,True,True,True
NLS,2022,True,True,True,True,True,True,True
NLS,2023,True,True,True,True,True,True,True
NLS,2024,True,True,True,True,True,True,True
NLS,2025,True,True,True,True,True,True,True
NMK,2010,True,True,True,True,True,True,True
NMK,2013,True,True,True,True,True,True,True
NMK,2016,True,True,True,True,True,True,True
NMK,2017,True,True,True,True,True,True,True
NMK,2019,True,True,True,True,True,True,True
NMK,2020,True,True,True,True,True,True,True
NNB,2010,True,True,True,True,True,True,True
NNB,2011,True,True,True,True,True,True,True
NNB,2012,True,True,True,True,True,True,True
NNB,2017,True,True,True,True,True,True,True
NNB,2018,True,True,True,True,True,True,True
NNB,2019,True,True,True,True,True,True,True
NNB,2020,True,True,True,True,True,True,True
NNC,2010,True,True,True,True,True,True,True
NNC,2011,True,True,True,True,True,True,True
NNC,2012,True,True,True,True,True,True,True
NNC,2013,True,True,True,True,True,True,True
NNC,2015,True,True,True,True,True,True,True
NNC,2018,True,True,True,True,True,True,True
NNC,2019,True,True,True,True,True,True,True
NNC,2020,True,True,True,True,True,True,True
NNC,2021,True,True,True,True,True,True,True
NNC,2022,True,True,True,True,True,True,True
NNC,2023,True,True,True,True,True,True,True
NNC,2024,True,True,True,True,True,True,True
NNC,2025,True,True,True,True,True,True,True
NNG,2009,True,True,True,True,True,True,True
NNG,2010,True,True,True,True,True,True,True
NNG,2011,True,True,True,True,True,True,True
NNG,2012,True,True,True,True,True,True,True
NNG,2013,True,True,True,True,True,True,True
NNG,2014,True,True,True,True,True,True,True
NNG,2015,True,True,True,True,True,True,True
NNG,2016,True,True,True,True,True,True,True
NNG,2017,True,True,True,True,True,True,True
NNG,2018,True,True,True,True,True,True,True
NNG,2019,True,True,True,True,True,True,True
NNG,2020,True,True,True,True,True,True,True
NNG,2021,True,True,True,True,True,True,True
NNG,2022,True,True,True,True,True,True,True
NNT,2009,True,True,True,True,True,True,True
NNT,2010,True,True,True,True,True,True,True
NNT,2011,True,True,True,True,True,True,True
NNT,2012,True,True,True,True,True,True,True
NNT,2013,True,True,True,True,True,True,True
NNT,2014,True,True,True,True,True,True,True
NNT,2015,True,True,True,True,True,True,True
NNT,2016,True,True,True,True,True,True,True
NNT,2017,True,True,True,True,True,True,True
NNT,2018,True,True,True,True,True,True,True
NNT,2019,True,True,True,True,True,True,True
NNT,2020,True,True,True,True,True,True,True
NNT,2021,True,True,True,True,True,True,True
NNT,2022,True,True,True,True,True,True,True
NNT,2023,True,True,True,True,True,True,True
NNT,2024,True,True,True,True,True,True,True
NNT,2025,True,True,True,True,True,True,True
NO1,2018,True,True,True,True,True,True,True
NO1,2019,True,True,True,True,True,True,True
NO1,2020,True,True,True,True,True,True,True
NO1,2021,True,True,True,True,True,True,True
NO1,2022,True,True,True,True,True,True,True
NO1,2023,True,True,True,True,True,True,True
NO1,2024,True,True,True,True,True,True,True
NO1,2025,True,True,True,True,True,True,True
NOS,2010,True,True,True,True,True,True,True
NOS,2013,True,True,True,True,True,True,True
NOS,2014,True,True,True,True,True,True,True
NOS,2015,True,True,True,True,True,True,True
NOS,2016,True,True,True,True,True,True,True
NOS,2017,True,True,True,True,True,True,True
NOS,2018,True,True,True,True,True,True,True
NOS,2019,True,True,True,True,True,True,True
NOS,2020,True,True,True,True,True,True,True
NOS,2021,True,True,True,True,True,True,True
NOS,2022,True,True,True,True,True,True,True
NOS,2023,True,True,True,True,True,True,True
NOS,2024,True,True,True,True,True,True,True
NOS,2025,True,True,True,True,True,True,True
NPH,2013,True,True,True,True,True,True,True
NPH,2014,True,True,True,True,True,True,True
NPH,2015,True,True,True,True,True,True,True
NPH,2016,True,True,True,True,True,True,True
NPH,2017,True,True,True,True,True,True,True
NPH,2018,True,True,True,True,True,True,True
NPS,2009,True,True,True,True,True,True,True
NPS,2010,True,True,True,True,True,True,True
NPS,2011,True,True,True,True,True,True,True
NPS,2012,True,True,True,True,True,True,True
NPS,2013,True,True,True,True,True,True,True
NPS,2014,True,True,True,True,True,True,True
NPS,2015,True,True,True,True,True,True,True
NPS,2016,True,True,True,True,True,True,True
NPS,2017,True,True,True,True,True,True,True
NPS,2018,True,True,True,True,True,True,True
NQB,2017,True,True,True,True,True,True,True
NQB,2018,True,True,True,True,True,True,True
NQB,2019,True,True,True,True,True,True,True
NQB,2020,True,True,True,True,True,True,True
NQB,2021,True,True,True,True,True,True,True
NQB,2022,True,True,True,True,True,True,True
NQB,2023,True,True,True,True,True,True,True
NQB,2024,True,True,True,True,True,True,True
NQB,2025,True,True,True,True,True,True,True
NQN,2017,True,True,True,True,True,True,True
NQN,2019,True,True,True,True,True,True,True
NQN,2020,True,True,True,True,True,True,True
NQN,2022,True,True,True,True,True,True,True
NQN,2023,True,True,True,True,True,True,True
NQN,2024,True,True,True,True,True,True,True
NQN,2025,True,True,True,True,True,True,True
NQT,2017,True,True,True,True,True,True,True
NQT,2018,True,True,True,True,True,True,True
NQT,2019,True,True,True,True,True,True,True
NQT,2020,True,True,True,True,True,True,True
NQT,2021,True,True,True,True,True,True,True
NQT,2022,True,True,True,True,True,True,True
NQT,2023,True,True,True,True,True,True,True
NQT,2024,True,True,True,True,True,True,True
NRC,2016,True,True,True,True,True,True,True
NRC,2017,True,True,True,True,True,True,True
NRC,2018,True,True,True,True,True,True,True
NRC,2019,True,True,True,True,True,True,True
NRC,2020,True,True,True,True,True,True,True
NRC,2021,True,True,True,True,True,True,True
NRC,2022,True,True,True,True,True,True,True
NRC,2023,True,True,True,True,True,True,True
NRC,2024,True,True,True,True,True,True,True
NRC,2025,True,True,True,True,True,True,True
NS2,2016,True,True,True,True,True,True,True
NS2,2017,True,True,True,True,True,True,True
NS2,2018,True,True,True,True,True,True,True
NS2,2019,True,True,True,True,True,True,True
NS2,2020,True,True,True,True,True,True,True
NS2,2021,True,True,True,True,True,True,True
NS2,2022,True,True,True,True,True,True,True
NS2,2023,True,True,True,True,True,True,True
NS2,2024,True,True,True,True,True,True,True
NS2,2025,True,True,True,True,True,True,True
NS3,2016,True,True,True,True,True,True,True
NS3,2017,True,True,True,True,True,True,True
NS3,2018,True,True,True,True,True,True,True
NS3,2019,True,True,True,True,True,True,True
NS3,2020,True,True,True,True,True,True,True
NS3,2021,True,True,True,True,True,True,True
NSC,2013,True,True,True,True,True,True,True
NSC,2015,True,True,True,True,True,True,True
NSC,2016,True,True,True,True,True,True,True
NSC,2017,True,True,True,True,True,True,True
NSC,2018,True,True,True,True,True,True,True
NSC,2019,True,True,True,True,True,True,True
NSC,2020,True,True,True,True,True,True,True
NSC,2021,True,True,True,True,True,True,True
NSC,2022,True,True,True,True,True,True,True
NSC,2023,True,True,True,True,True,True,True
NSC,2024,True,True,True,True,True,True,True
NSC,2025,True,True,True,True,True,True,True
NSG,2011,True,True,True,True,True,True,True
NSG,2012,True,True,True,True,True,True,True
NSG,2014,True,True,True,True,True,True,True
NSG,2015,True,True,True,True,True,True,True
NSG,2016,True,True,True,True,True,True,True
NSG,2017,True,True,True,True,True,True,True
NSG,2018,True,True,True,True,True,True,True
NSG,2019,True,True,True,True,True,True,True
NSG,2020,True,True,True,True,True,True,True
NSG,2021,True,True,True,True,True,True,True
NSG,2022,True,True,True,True,True,True,True
NSG,2023,True,True,True,True,True,True,True
NSG,2024,True,True,True,True,True,True,True
NSG,2025,True,True,True,True,True,True,True
NSH,2015,True,True,True,True,True,True,True
NSH,2016,True,True,True,True,True,True,True
NSH,2017,True,True,True,True,True,True,True
NSH,2018,True,True,True,True,True,True,True
NSH,2019,True,True,True,True,True,True,True
NSH,2020,True,True,True,True,True,True,True
NSH,2021,True,True,True,True,True,True,True
NSH,2022,True,True,True,True,True,True,True
NSH,2023,True,True,True,True,True,True,True
NSH,2024,True,True,True,True,True,True,True
NSH,2025,True,True,True,True,True,True,True
NSL,2018,True,True,True,True,True,True,True
NSL,2019,True,True,True,True,True,True,True
NSL,2021,True,True,True,True,True,True,True
NSL,2022,True,True,True,True,True,True,True
NSL,2023,True,True,True,True,True,True,True
NSL,2024,True,True,True,True,True,True,True
NSL,2025,True,True,True,True,True,True,True
NSN,2011,True,True,True,True,True,True,True
NSN,2012,True,True,True,True,True,True,True
NSN,2013,True,True,True,True,True,True,True
NSS,2016,True,True,True,True,True,True,True
NSS,2017,True,True,True,True,True,True,True
NSS,2018,True,True,True,True,True,True,True
NSS,2019,True,True,True,True,True,True,True
NSS,2020,True,True,True,True,True,True,True
NSS,2021,True,True,True,True,True,True,True
NSS,2022,True,True,True,True,True,True,True
NSS,2023,True,True,True,True,True,True,True
NSS,2024,True,True,True,True,True,True,True
NSS,2025,True,True,True,True,True,True,True
NST,2009,True,True,True,True,True,True,True
NST,2010,True,True,True,True,True,True,True
NST,2011,True,True,True,True,True,True,True
NST,2012,True,True,True,True,True,True,True
NST,2013,True,True,True,True,True,True,True
NST,2014,True,True,True,True,True,True,True
NST,2015,True,True,True,True,True,True,True
NST,2016,True,True,True,True,True,True,True
NST,2017,True,True,True,True,True,True,True
NST,2018,True,True,True,True,True,True,True
NST,2019,True,True,True,True,True,True,True
NST,2020,True,True,True,True,True,True,True
NST,2021,True,True,True,True,True,True,True
NST,2022,True,True,True,True,True,True,True
NST,2023,True,True,True,True,True,True,True
NST,2024,True,True,True,True,True,True,True
NST,2025,True,True,True,True,True,True,True
NT2,2009,True,True,True,True,True,True,True
NT2,2010,True,True,True,True,True,True,True
NT2,2011,True,True,True,True,True,True,True
NT2,2012,True,True,True,True,True,True,True
NT2,2013,True,True,True,True,True,True,True
NT2,2014,True,True,True,True,True,True,True
NT2,2015,True,True,True,True,True,True,True
NT2,2016,True,True,True,True,True,True,True
NT2,2017,True,True,True,True,True,True,True
NT2,2018,True,True,True,True,True,True,True
NT2,2019,True,True,True,True,True,True,True
NT2,2020,True,True,True,True,True,True,True
NT2,2021,True,True,True,True,True,True,True
NT2,2022,True,True,True,True,True,True,True
NT2,2023,True,True,True,True,True,True,True
NT2,2024,True,True,True,True,True,True,True
NT2,2025,True,True,True,True,True,True,True
NTB,2011,True,True,True,True,True,True,True
NTB,2013,True,True,True,True,True,True,True
NTB,2014,True,True,True,True,True,True,True
NTB,2015,True,True,True,True,True,True,True
NTB,2016,True,True,True,True,True,True,True
NTB,2017,True,True,True,True,True,True,True
NTB,2018,True,True,True,True,True,True,True
NTB,2019,True,True,True,True,True,True,True
NTC,2011,True,True,True,True,True,True,True
NTC,2012,True,True,True,True,True,True,True
NTC,2013,True,True,True,True,True,True,True
NTC,2014,True,True,True,True,True,True,True
NTC,2015,True,True,True,True,True,True,True
NTC,2016,True,True,True,True,True,True,True
NTC,2017,True,True,True,True,True,True,True
NTC,2018,True,True,True,True,True,True,True
NTC,2019,True,True,True,True,True,True,True
NTC,2021,True,True,True,True,True,True,True
NTC,2022,True,True,True,True,True,True,True
NTC,2023,True,True,True,True,True,True,True
NTC,2024,True,True,True,True,True,True,True
NTC,2025,True,True,True,True,True,True,True
NTF,2016,True,True,True,True,True,True,True
NTF,2017,True,True,True,True,True,True,True
NTF,2018,True,True,True,True,True,True,True
NTF,2019,True,True,True,True,True,True,True
NTF,2020,True,True,True,True,True,True,True
NTF,2021,True,True,True,True,True,True,True
NTF,2022,True,True,True,True,True,True,True
NTF,2023,True,True,True,True,True,True,True
NTF,2024,True,True,True,True,True,True,True
NTF,2025,True,True,True,True,True,True,True
NTH,2019,True,True,True,True,True,True,True
NTH,2020,True,True,True,True,True,True,True
NTH,2021,True,True,True,True,True,True,True
NTH,2022,True,True,True,True,True,True,True
NTH,2023,True,True,True,True,True,True,True
NTH,2024,True,True,True,True,True,True,True
NTH,2025,True,True,True,True,True,True,True
NTL,2009,True,True,True,True,True,True,True
NTL,2010,True,True,True,True,True,True,True
NTL,2011,True,True,True,True,True,True,True
NTL,2012,True,True,True,True,True,True,True
NTL,2013,True,True,True,True,True,True,True
NTL,2014,True,True,True,True,True,True,True
NTL,2015,True,True,True,True,True,True,True
NTL,2016,True,True,True,True,True,True,True
NTL,2017,True,True,True,True,True,True,True
NTL,2018,True,True,True,True,True,True,True
NTL,2019,True,True,True,True,True,True,True
NTL,2020,True,True,True,True,True,True,True
NTL,2021,True,True,True,True,True,True,True
NTL,2022,True,True,True,True,True,True,True
NTL,2023,True,True,True,True,True,True,True
NTL,2024,True,True,True,True,True,True,True
NTL,2025,True,True,True,True,True,True,True
NTP,2009,True,True,True,True,True,True,True
NTP,2010,True,True,True,True,True,True,True
NTP,2011,True,True,True,True,True,True,True
NTP,2012,True,True,True,True,True,True,True
NTP,2013,True,True,True,True,True,True,True
NTP,2014,True,True,True,True,True,True,True
NTP,2015,True,True,True,True,True,True,True
NTP,2016,True,True,True,True,True,True,True
NTP,2017,True,True,True,True,True,True,True
NTP,2018,True,True,True,True,True,True,True
NTP,2019,True,True,True,True,True,True,True
NTP,2020,True,True,True,True,True,True,True
NTP,2021,True,True,True,True,True,True,True
NTP,2022,True,True,True,True,True,True,True
NTP,2023,True,True,True,True,True,True,True
NTP,2024,True,True,True,True,True,True,True
NTP,2025,True,True,True,True,True,True,True
NTR,2014,True,True,True,True,True,True,True
NTR,2015,True,True,True,True,True,True,True
NTR,2016,True,True,True,True,True,True,True
NTR,2017,True,True,True,True,True,True,True
NTR,2018,True,True,True,True,True,True,True
NTR,2019,True,True,True,True,True,True,True
NTR,2020,True,True,True,True,True,True,True
NTT,2013,True,True,True,True,True,True,True
NTT,2014,True,True,True,True,True,True,True
NTT,2015,True,True,True,True,True,True,True
NTT,2016,True,True,True,True,True,True,True
NTT,2017,True,True,True,True,True,True,True
NTT,2018,True,True,True,True,True,True,True
NTT,2019,True,True,True,True,True,True,True
NTT,2020,True,True,True,True,True,True,True
NTT,2021,True,True,True,True,True,True,True
NTT,2022,True,True,True,True,True,True,True
NTT,2023,True,True,True,True,True,True,True
NTT,2024,True,True,True,True,True,True,True
NTT,2025,True,True,True,True,True,True,True
NTW,2009,True,True,True,True,True,True,True
NTW,2010,True,True,True,True,True,True,True
NTW,2011,True,True,True,True,True,True,True
NTW,2012,True,True,True,True,True,True,True
NTW,2013,True,True,True,True,True,True,True
NTW,2014,True,True,True,True,True,True,True
NTW,2015,True,True,True,True,True,True,True
NTW,2016,True,True,True,True,True,True,True
NTW,2017,True,True,True,True,True,True,True
NTW,2018,True,True,True,True,True,True,True
NTW,2019,True,True,True,True,True,True,True
NTW,2020,True,True,True,True,True,True,True
NTW,2021,True,True,True,True,True,True,True
NTW,2022,True,True,True,True,True,True,True
NTW,2023,True,True,True,True,True,True,True
NTW,2024,True,True,True,True,True,True,True
NTW,2025,True,True,True,True,True,True,True
NUE,2012,True,True,True,True,True,True,True
NUE,2013,True,True,True,True,True,True,True
NUE,2014,True,True,True,True,True,True,True
NUE,2015,True,True,True,True,True,True,True
NUE,2016,True,True,True,True,True,True,True
NUE,2017,True,True,True,True,True,True,True
NUE,2018,True,True,True,True,True,True,True
NUE,2019,True,True,True,True,True,True,True
NUE,2020,True,True,True,True,True,True,True
NUE,2021,True,True,True,True,True,True,True
NUE,2022,True,True,True,True,True,True,True
NUE,2023,True,True,True,True,True,True,True
NUE,2024,True,True,True,True,True,True,True
NUE,2025,True,True,True,True,True,True,True
NVC,2010,True,True,True,True,True,True,True
NVC,2011,True,True,True,True,True,True,True
NVC,2012,True,True,True,True,True,True,True
NVC,2013,True,True,True,True,True,True,True
NVL,2013,True,True,True,True,True,True,True
NVL,2014,True,True,True,True,True,True,True
NVL,2015,True,True,True,True,True,True,True
NVL,2016,True,True,True,True,True,True,True
NVL,2017,True,True,True,True,True,True,True
NVL,2018,True,True,True,True,True,True,True
NVL,2019,True,True,True,True,True,True,True
NVL,2020,True,True,True,True,True,True,True
NVL,2021,True,True,True,True,True,True,True
NVL,2022,True,True,True,True,True,True,True
NVL,2023,True,True,True,True,True,True,True
NVL,2024,True,True,True,True,True,True,True
NVL,2025,True,True,True,True,True,True,True
NVN,2009,True,True,True,True,True,True,True
NVN,2010,True,True,True,True,True,True,True
NVN,2011,True,True,True,True,True,True,True
NVN,2012,True,True,True,True,True,True,True
NVN,2013,True,True,True,True,True,True,True
NVN,2014,True,True,True,True,True,True,True
NVN,2023,True,True,True,True,True,True,True
NVP,2014,True,True,True,True,True,True,True
NVP,2015,True,True,True,True,True,True,True
NVP,2016,True,True,True,True,True,True,True
NVP,2017,True,True,True,True,True,True,True
NVP,2018,True,True,True,True,True,True,True
NVP,2019,True,True,True,True,True,True,True
NVP,2020,True,True,True,True,True,True,True
NVP,2021,True,True,True,True,True,True,True
NVP,2022,True,True,True,True,True,True,True
NVP,2023,True,True,True,True,True,True,True
NVP,2024,True,True,True,True,True,True,True
NVP,2025,True,True,True,True,True,True,True
NVT,2009,True,True,True,True,True,True,True
NVT,2010,True,True,True,True,True,True,True
NVT,2011,True,True,True,True,True,True,True
NVT,2012,True,True,True,True,True,True,True
NVT,2013,True,True,True,True,True,True,True
NVT,2014,True,True,True,True,True,True,True
NVT,2015,True,True,True,True,True,True,True
NVT,2016,True,True,True,True,True,True,True
NVT,2017,True,True,True,True,True,True,True
NVT,2018,True,True,True,True,True,True,True
NVT,2019,True,True,True,True,True,True,True
NVT,2020,True,True,True,True,True,True,True
NVT,2021,True,True,True,True,True,True,True
NVT,2022,True,True,True,True,True,True,True
NVT,2023,True,True,True,True,True,True,True
NVT,2024,True,True,True,True,True,True,True
NVT,2025,True,True,True,True,True,True,True
NWT,2015,True,True,True,True,True,True,True
NWT,2016,True,True,True,True,True,True,True
NWT,2017,True,True,True,True,True,True,True
NWT,2018,True,True,True,True,True,True,True
NWT,2019,True,True,True,True,True,True,True
NWT,2020,True,True,True,True,True,True,True
NWT,2021,True,True,True,True,True,True,True
NWT,2022,True,True,True,True,True,True,True
NWT,2023,True,True,True,True,True,True,True
NWT,2024,True,True,True,True,True,True,True
NWT,2025,True,True,True,True,True,True,True
NXT,2020,True,True,True,True,True,True,True
NXT,2021,True,True,True,True,True,True,True
NXT,2022,True,True,True,True,True,True,True
NXT,2023,True,True,True,True,True,True,True
NXT,2024,True,True,True,True,True,True,True
NXT,2025,True,True,True,True,True,True,True
OCH,2009,True,True,True,True,True,True,True
OCH,2010,True,True,True,True,True,True,True
OCH,2011,True,True,True,True,True,True,True
OCH,2012,True,True,True,True,True,True,True
OCH,2013,True,True,True,True,True,True,True
OCH,2014,True,True,True,True,True,True,True
OCH,2015,True,True,True,True,True,True,True
OCH,2016,True,True,True,True,True,True,True
OCH,2017,True,True,True,True,True,True,True
OCH,2018,True,True,True,True,True,True,True
OCH,2019,True,True,True,True,True,True,True
OCH,2020,True,True,True,True,True,True,True
OCH,2021,True,True,True,True,True,True,True
OCH,2022,True,True,True,True,True,True,True
OCH,2023,True,True,True,True,True,True,True
OCH,2024,True,True,True,True,True,True,True
OCH,2025,True,True,True,True,True,True,True
ODE,2020,True,True,True,True,True,True,True
ODE,2021,True,True,True,True,True,True,True
ODE,2022,True,True,True,True,True,True,True
ODE,2023,True,True,True,True,True,True,True
ODE,2024,True,True,True,True,True,True,True
ODE,2025,True,True,True,True,True,True,True
OGC,2009,True,True,True,True,True,True,True
OGC,2010,True,True,True,True,True,True,True
OGC,2011,True,True,True,True,True,True,True
OGC,2012,True,True,True,True,True,True,True
OGC,2013,True,True,True,True,True,True,True
OGC,2014,True,True,True,True,True,True,True
OGC,2015,True,True,True,True,True,True,True
OGC,2016,True,True,True,True,True,True,True
OGC,2017,True,True,True,True,True,True,True
OGC,2018,True,True,True,True,True,True,True
OGC,2019,True,True,True,True,True,True,True
OGC,2020,True,True,True,True,True,True,True
OGC,2021,True,True,True,True,True,True,True
OGC,2022,True,True,True,True,True,True,True
OGC,2023,True,True,True,True,True,True,True
OGC,2024,True,True,True,True,True,True,True
OGC,2025,True,True,True,True,True,True,True
OIL,2014,True,True,True,True,True,True,True
OIL,2015,True,True,True,True,True,True,True
OIL,2016,True,True,True,True,True,True,True
OIL,2018,True,True,True,True,True,True,True
OIL,2019,True,True,True,True,True,True,True
OIL,2020,True,True,True,True,True,True,True
OIL,2021,True,True,True,True,True,True,True
OIL,2022,True,True,True,True,True,True,True
OIL,2023,True,True,True,True,True,True,True
OIL,2024,True,True,True,True,True,True,True
OIL,2025,True,True,True,True,True,True,True
ONE,2009,True,True,True,True,True,True,True
ONE,2010,True,True,True,True,True,True,True
ONE,2011,True,True,True,True,True,True,True
ONE,2012,True,True,True,True,True,True,True
ONE,2013,True,True,True,True,True,True,True
ONE,2014,True,True,True,True,True,True,True
ONE,2015,True,True,True,True,True,True,True
ONE,2016,True,True,True,True,True,True,True
ONE,2017,True,True,True,True,True,True,True
ONE,2018,True,True,True,True,True,True,True
ONE,2019,True,True,True,True,True,True,True
ONE,2020,True,True,True,True,True,True,True
ONE,2021,True,True,True,True,True,True,True
ONE,2022,True,True,True,True,True,True,True
ONE,2023,True,True,True,True,True,True,True
ONE,2024,True,True,True,True,True,True,True
ONE,2025,True,True,True,True,True,True,True
ONW,2015,True,True,True,True,True,True,True
ONW,2016,True,True,True,True,True,True,True
ONW,2017,True,True,True,True,True,True,True
ONW,2018,True,True,True,True,True,True,True
ONW,2019,True,True,True,True,True,True,True
ONW,2020,True,True,True,True,True,True,True
ONW,2021,True,True,True,True,True,True,True
ONW,2022,True,True,True,True,True,True,True
ONW,2023,True,True,True,True,True,True,True
ONW,2024,True,True,True,True,True,True,True
ONW,2025,True,True,True,True,True,True,True
OPC,2009,True,True,True,True,True,True,True
OPC,2011,True,True,True,True,True,True,True
OPC,2012,True,True,True,True,True,True,True
OPC,2013,True,True,True,True,True,True,True
OPC,2014,True,True,True,True,True,True,True
OPC,2015,True,True,True,True,True,True,True
OPC,2016,True,True,True,True,True,True,True
OPC,2017,True,True,True,True,True,True,True
OPC,2018,True,True,True,True,True,True,True
OPC,2019,True,True,True,True,True,True,True
OPC,2020,True,True,True,True,True,True,True
OPC,2021,True,True,True,True,True,True,True
OPC,2022,True,True,True,True,True,True,True
OPC,2023,True,True,True,True,True,True,True
OPC,2024,True,True,True,True,True,True,True
OPC,2025,True,True,True,True,True,True,True
PAC,2009,True,True,True,True,True,True,True
PAC,2010,True,True,True,True,True,True,True
PAC,2011,True,True,True,True,True,True,True
PAC,2012,True,True,True,True,True,True,True
PAC,2013,True,True,True,True,True,True,True
PAC,2014,True,True,True,True,True,True,True
PAC,2015,True,True,True,True,True,True,True
PAC,2016,True,True,True,True,True,True,True
PAC,2017,True,True,True,True,True,True,True
PAC,2018,True,True,True,True,True,True,True
PAC,2019,True,True,True,True,True,True,True
PAC,2020,True,True,True,True,True,True,True
PAC,2021,True,True,True,True,True,True,True
PAC,2022,True,True,True,True,True,True,True
PAC,2023,True,True,True,True,True,True,True
PAC,2024,True,True,True,True,True,True,True
PAC,2025,True,True,True,True,True,True,True
PAI,2014,True,True,True,True,True,True,True
PAI,2015,True,True,True,True,True,True,True
PAI,2016,True,True,True,True,True,True,True
PAI,2017,True,True,True,True,True,True,True
PAI,2018,True,True,True,True,True,True,True
PAI,2019,True,True,True,True,True,True,True
PAI,2020,True,True,True,True,True,True,True
PAI,2021,True,True,True,True,True,True,True
PAI,2022,True,True,True,True,True,True,True
PAI,2023,True,True,True,True,True,True,True
PAI,2024,True,True,True,True,True,True,True
PAI,2025,True,True,True,True,True,True,True
PAN,2009,True,True,True,True,True,True,True
PAN,2010,True,True,True,True,True,True,True
PAN,2011,True,True,True,True,True,True,True
PAN,2012,True,True,True,True,True,True,True
PAN,2013,True,True,True,True,True,True,True
PAN,2014,True,True,True,True,True,True,True
PAN,2015,True,True,True,True,True,True,True
PAN,2016,True,True,True,True,True,True,True
PAN,2017,True,True,True,True,True,True,True
PAN,2018,True,True,True,True,True,True,True
PAN,2019,True,True,True,True,True,True,True
PAN,2020,True,True,True,True,True,True,True
PAN,2021,True,True,True,True,True,True,True
PAN,2022,True,True,True,True,True,True,True
PAN,2023,True,True,True,True,True,True,True
PAN,2024,True,True,True,True,True,True,True
PAN,2025,True,True,True,True,True,True,True
PAP,2018,True,True,True,True,True,True,True
PAP,2019,True,True,True,True,True,True,True
PAP,2020,True,True,True,True,True,True,True
PAP,2021,True,True,True,True,True,True,True
PAP,2022,True,True,True,True,True,True,True
PAP,2024,True,True,True,True,True,True,True
PAP,2025,True,True,True,True,True,True,True
PAS,2018,True,True,True,True,True,True,True
PAS,2019,True,True,True,True,True,True,True
PAS,2020,True,True,True,True,True,True,True
PAS,2021,True,True,True,True,True,True,True
PAS,2022,True,True,True,True,True,True,True
PAS,2023,True,True,True,True,True,True,True
PAS,2024,True,True,True,True,True,True,True
PAS,2025,True,True,True,True,True,True,True
PAT,2018,True,True,True,True,True,True,True
PAT,2019,True,True,True,True,True,True,True
PAT,2020,True,True,True,True,True,True,True
PAT,2021,True,True,True,True,True,True,True
PAT,2022,True,True,True,True,True,True,True
PAT,2023,True,True,True,True,True,True,True
PAT,2024,True,True,True,True,True,True,True
PAT,2025,True,True,True,True,True,True,True
PBC,2016,True,True,True,True,True,True,True
PBC,2017,True,True,True,True,True,True,True
PBC,2018,True,True,True,True,True,True,True
PBC,2019,True,True,True,True,True,True,True
PBC,2020,True,True,True,True,True,True,True
PBC,2021,True,True,True,True,True,True,True
PBC,2022,True,True,True,True,True,True,True
PBC,2023,True,True,True,True,True,True,True
PBC,2024,True,True,True,True,True,True,True
PBC,2025,True,True,True,True,True,True,True
PBK,2015,True,True,True,True,True,True,True
PBK,2016,True,True,True,True,True,True,True
PBK,2017,True,True,True,True,True,True,True
PBK,2018,True,True,True,True,True,True,True
PBK,2019,True,True,True,True,True,True,True
PBP,2011,True,True,True,True,True,True,True
PBP,2012,True,True,True,True,True,True,True
PBP,2013,True,True,True,True,True,True,True
PBP,2014,True,True,True,True,True,True,True
PBP,2015,True,True,True,True,True,True,True
PBP,2016,True,True,True,True,True,True,True
PBP,2017,True,True,True,True,True,True,True
PBP,2018,True,True,True,True,True,True,True
PBP,2019,True,True,True,True,True,True,True
PBP,2020,True,True,True,True,True,True,True
PBP,2021,True,True,True,True,True,True,True
PBP,2022,True,True,True,True,True,True,True
PBP,2023,True,True,True,True,True,True,True
PBP,2024,True,True,True,True,True,True,True
PBP,2025,True,True,True,True,True,True,True
PBT,2015,True,True,True,True,True,True,True
PBT,2016,True,True,True,True,True,True,True
PBT,2017,True,True,True,True,True,True,True
PBT,2018,True,True,True,True,True,True,True
PBT,2019,True,True,True,True,True,True,True
PBT,2020,True,True,True,True,True,True,True
PBT,2021,True,True,True,True,True,True,True
PBT,2022,True,True,True,True,True,True,True
PBT,2023,True,True,True,True,True,True,True
PBT,2024,True,True,True,True,True,True,True
PBT,2025,True,True,True,True,True,True,True
PC1,2009,True,True,True,True,True,True,True
PC1,2010,True,True,True,True,True,True,True
PC1,2011,True,True,True,True,True,True,True
PC1,2012,True,True,True,True,True,True,True
PC1,2013,True,True,True,True,True,True,True
PC1,2014,True,True,True,True,True,True,True
PC1,2015,True,True,True,True,True,True,True
PC1,2016,True,True,True,True,True,True,True
PC1,2017,True,True,True,True,True,True,True
PC1,2018,True,True,True,True,True,True,True
PC1,2019,True,True,True,True,True,True,True
PC1,2020,True,True,True,True,True,True,True
PC1,2021,True,True,True,True,True,True,True
PC1,2022,True,True,True,True,True,True,True
PC1,2023,True,True,True,True,True,True,True
PC1,2024,True,True,True,True,True,True,True
PC1,2025,True,True,True,True,True,True,True
PCC,2014,True,True,True,True,True,True,True
PCC,2015,True,True,True,True,True,True,True
PCC,2016,True,True,True,True,True,True,True
PCC,2017,True,True,True,True,True,True,True
PCC,2018,True,True,True,True,True,True,True
PCC,2019,True,True,True,True,True,True,True
PCC,2020,True,True,True,True,True,True,True
PCC,2021,True,True,True,True,True,True,True
PCC,2022,True,True,True,True,True,True,True
PCC,2023,True,True,True,True,True,True,True
PCC,2024,True,True,True,True,True,True,True
PCC,2025,True,True,True,True,True,True,True
PCE,2011,True,True,True,True,True,True,True
PCE,2012,True,True,True,True,True,True,True
PCE,2013,True,True,True,True,True,True,True
PCE,2014,True,True,True,True,True,True,True
PCE,2015,True,True,True,True,True,True,True
PCE,2016,True,True,True,True,True,True,True
PCE,2017,True,True,True,True,True,True,True
PCE,2018,True,True,True,True,True,True,True
PCE,2019,True,True,True,True,True,True,True
PCE,2020,True,True,True,True,True,True,True
PCE,2021,True,True,True,True,True,True,True
PCE,2022,True,True,True,True,True,True,True
PCE,2023,True,True,True,True,True,True,True
PCE,2024,True,True,True,True,True,True,True
PCE,2025,True,True,True,True,True,True,True
PCF,2011,True,True,True,True,True,True,True
PCF,2012,True,True,True,True,True,True,True
PCF,2013,True,True,True,True,True,True,True
PCF,2014,True,True,True,True,True,True,True
PCF,2015,True,True,True,True,True,True,True
PCF,2016,True,True,True,True,True,True,True
PCF,2017,True,True,True,True,True,True,True
PCF,2018,True,True,True,True,True,True,True
PCF,2019,True,True,True,True,True,True,True
PCF,2020,True,True,True,True,True,True,True
PCF,2021,True,True,True,True,True,True,True
PCF,2022,True,True,True,True,True,True,True
PCF,2023,True,True,True,True,True,True,True
PCF,2024,True,True,True,True,True,True,True
PCF,2025,True,True,True,True,True,True,True
PCG,2011,True,True,True,True,True,True,True
PCG,2012,True,True,True,True,True,True,True
PCG,2013,True,True,True,True,True,True,True
PCG,2014,True,True,True,True,True,True,True
PCG,2015,True,True,True,True,True,True,True
PCG,2016,True,True,True,True,True,True,True
PCG,2017,True,True,True,True,True,True,True
PCG,2018,True,True,True,True,True,True,True
PCG,2019,True,True,True,True,True,True,True
PCG,2020,True,True,True,True,True,True,True
PCG,2021,True,True,True,True,True,True,True
PCG,2022,True,True,True,True,True,True,True
PCG,2023,True,True,True,True,True,True,True
PCG,2024,True,True,True,True,True,True,True
PCG,2025,True,True,True,True,True,True,True
PCH,2020,True,True,True,True,True,True,True
PCH,2021,True,True,True,True,True,True,True
PCH,2022,True,True,True,True,True,True,True
PCH,2023,True,True,True,True,True,True,True
PCH,2024,True,True,True,True,True,True,True
PCH,2025,True,True,True,True,True,True,True
PCM,2015,True,True,True,True,True,True,True
PCM,2016,True,True,True,True,True,True,True
PCM,2017,True,True,True,True,True,True,True
PCM,2018,True,True,True,True,True,True,True
PCM,2019,True,True,True,True,True,True,True
PCM,2020,True,True,True,True,True,True,True
PCM,2021,True,True,True,True,True,True,True
PCM,2022,True,True,True,True,True,True,True
PCM,2023,True,True,True,True,True,True,True
PCM,2024,True,True,True,True,True,True,True
PCM,2025,True,True,True,True,True,True,True
PCN,2012,True,True,True,True,True,True,True
PCN,2013,True,True,True,True,True,True,True
PCN,2014,True,True,True,True,True,True,True
PCN,2015,True,True,True,True,True,True,True
PCN,2016,True,True,True,True,True,True,True
PCN,2017,True,True,True,True,True,True,True
PCN,2018,True,True,True,True,True,True,True
PCN,2019,True,True,True,True,True,True,True
PCN,2020,True,True,True,True,True,True,True
PCN,2021,True,True,True,True,True,True,True
PCN,2022,True,True,True,True,True,True,True
PCN,2023,True,True,True,True,True,True,True
PCT,2009,True,True,True,True,True,True,True
PCT,2010,True,True,True,True,True,True,True
PCT,2011,True,True,True,True,True,True,True
PCT,2012,True,True,True,True,True,True,True
PCT,2013,True,True,True,True,True,True,True
PCT,2014,True,True,True,True,True,True,True
PCT,2015,True,True,True,True,True,True,True
PCT,2016,True,True,True,True,True,True,True
PCT,2017,True,True,True,True,True,True,True
PCT,2018,True,True,True,True,True,True,True
PCT,2019,True,True,True,True,True,True,True
PCT,2020,True,True,True,True,True,True,True
PCT,2021,True,True,True,True,True,True,True
PCT,2022,True,True,True,True,True,True,True
PCT,2023,True,True,True,True,True,True,True
PCT,2024,True,True,True,True,True,True,True
PCT,2025,True,True,True,True,True,True,True
PDB,2011,True,True,True,True,True,True,True
PDB,2012,True,True,True,True,True,True,True
PDB,2013,True,True,True,True,True,True,True
PDB,2015,True,True,True,True,True,True,True
PDB,2016,True,True,True,True,True,True,True
PDB,2017,True,True,True,True,True,True,True
PDB,2018,True,True,True,True,True,True,True
PDB,2019,True,True,True,True,True,True,True
PDB,2020,True,True,True,True,True,True,True
PDB,2021,True,True,True,True,True,True,True
PDB,2022,True,True,True,True,True,True,True
PDB,2023,True,True,True,True,True,True,True
PDB,2024,True,True,True,True,True,True,True
PDB,2025,True,True,True,True,True,True,True
PDC,2009,True,True,True,True,True,True,True
PDC,2010,True,True,True,True,True,True,True
PDC,2011,True,True,True,True,True,True,True
PDC,2012,True,True,True,True,True,True,True
PDC,2013,True,True,True,True,True,True,True
PDC,2014,True,True,True,True,True,True,True
PDC,2015,True,True,True,True,True,True,True
PDC,2016,True,True,True,True,True,True,True
PDC,2017,True,True,True,True,True,True,True
PDC,2018,True,True,True,True,True,True,True
PDC,2019,True,True,True,True,True,True,True
PDC,2020,True,True,True,True,True,True,True
PDC,2021,True,True,True,True,True,True,True
PDC,2022,True,True,True,True,True,True,True
PDC,2023,True,True,True,True,True,True,True
PDC,2024,True,True,True,True,True,True,True
PDC,2025,True,True,True,True,True,True,True
PDN,2009,True,True,True,True,True,True,True
PDN,2010,True,True,True,True,True,True,True
PDN,2011,True,True,True,True,True,True,True
PDN,2012,True,True,True,True,True,True,True
PDN,2013,True,True,True,True,True,True,True
PDN,2014,True,True,True,True,True,True,True
PDN,2015,True,True,True,True,True,True,True
PDN,2016,True,True,True,True,True,True,True
PDN,2017,True,True,True,True,True,True,True
PDN,2018,True,True,True,True,True,True,True
PDN,2019,True,True,True,True,True,True,True
PDN,2020,True,True,True,True,True,True,True
PDN,2021,True,True,True,True,True,True,True
PDN,2022,True,True,True,True,True,True,True
PDN,2023,True,True,True,True,True,True,True
PDN,2024,True,True,True,True,True,True,True
PDN,2025,True,True,True,True,True,True,True
PDR,2009,True,True,True,True,True,True,True
PDR,2010,True,True,True,True,True,True,True
PDR,2011,True,True,True,True,True,True,True
PDR,2012,True,True,True,True,True,True,True
PDR,2013,True,True,True,True,True,True,True
PDR,2014,True,True,True,True,True,True,True
PDR,2015,True,True,True,True,True,True,True
PDR,2016,True,True,True,True,True,True,True
PDR,2017,True,True,True,True,True,True,True
PDR,2018,True,True,True,True,True,True,True
PDR,2019,True,True,True,True,True,True,True
PDR,2020,True,True,True,True,True,True,True
PDR,2021,True,True,True,True,True,True,True
PDR,2022,True,True,True,True,True,True,True
PDR,2023,True,True,True,True,True,True,True
PDR,2024,True,True,True,True,True,True,True
PDR,2025,True,True,True,True,True,True,True
PDT,2019,True,True,True,True,True,True,True
PDT,2020,True,True,True,True,True,True,True
PDT,2021,True,True,True,True,True,True,True
PDV,2012,True,True,True,True,True,True,True
PDV,2013,True,True,True,True,True,True,True
PDV,2014,True,True,True,True,True,True,True
PDV,2015,True,True,True,True,True,True,True
PDV,2016,True,True,True,True,True,True,True
PDV,2017,True,True,True,True,True,True,True
PDV,2018,True,True,True,True,True,True,True
PDV,2019,True,True,True,True,True,True,True
PDV,2020,True,True,True,True,True,True,True
PDV,2021,True,True,True,True,True,True,True
PDV,2022,True,True,True,True,True,True,True
PDV,2023,True,True,True,True,True,True,True
PDV,2024,True,True,True,True,True,True,True
PDV,2025,True,True,True,True,True,True,True
PEC,2009,True,True,True,True,True,True,True
PEC,2010,True,True,True,True,True,True,True
PEC,2011,True,True,True,True,True,True,True
PEC,2012,True,True,True,True,True,True,True
PEC,2013,True,True,True,True,True,True,True
PEC,2014,True,True,True,True,True,True,True
PEC,2015,True,True,True,True,True,True,True
PEC,2016,True,True,True,True,True,True,True
PEC,2017,True,True,True,True,True,True,True
PEC,2018,True,True,True,True,True,True,True
PEC,2019,True,True,True,True,True,True,True
PEC,2020,True,True,True,True,True,True,True
PEC,2021,True,True,True,True,True,True,True
PEC,2022,True,True,True,True,True,True,True
PEC,2023,True,True,True,True,True,True,True
PEC,2024,True,True,True,True,True,True,True
PEG,2015,True,True,True,True,True,True,True
PEG,2016,True,True,True,True,True,True,True
PEG,2017,True,True,True,True,True,True,True
PEG,2018,True,True,True,True,True,True,True
PEG,2019,True,True,True,True,True,True,True
PEG,2020,True,True,True,True,True,True,True
PEG,2021,True,True,True,True,True,True,True
PEG,2022,True,True,True,True,True,True,True
PEG,2023,True,True,True,True,True,True,True
PEG,2024,True,True,True,True,True,True,True
PEG,2025,True,True,True,True,True,True,True
PEN,2009,True,True,True,True,True,True,True
PEN,2010,True,True,True,True,True,True,True
PEN,2011,True,True,True,True,True,True,True
PEN,2012,True,True,True,True,True,True,True
PEN,2013,True,True,True,True,True,True,True
PEN,2014,True,True,True,True,True,True,True
PEN,2015,True,True,True,True,True,True,True
PEN,2016,True,True,True,True,True,True,True
PEN,2017,True,True,True,True,True,True,True
PEN,2018,True,True,True,True,True,True,True
PEN,2019,True,True,True,True,True,True,True
PEN,2020,True,True,True,True,True,True,True
PEN,2021,True,True,True,True,True,True,True
PEN,2022,True,True,True,True,True,True,True
PEN,2023,True,True,True,True,True,True,True
PEN,2024,True,True,True,True,True,True,True
PEN,2025,True,True,True,True,True,True,True
PEQ,2009,True,True,True,True,True,True,True
PEQ,2010,True,True,True,True,True,True,True
PEQ,2011,True,True,True,True,True,True,True
PEQ,2013,True,True,True,True,True,True,True
PEQ,2014,True,True,True,True,True,True,True
PEQ,2015,True,True,True,True,True,True,True
PEQ,2016,True,True,True,True,True,True,True
PEQ,2017,True,True,True,True,True,True,True
PEQ,2018,True,True,True,True,True,True,True
PEQ,2019,True,True,True,True,True,True,True
PEQ,2020,True,True,True,True,True,True,True
PEQ,2021,True,True,True,True,True,True,True
PEQ,2022,True,True,True,True,True,True,True
PEQ,2023,True,True,True,True,True,True,True
PEQ,2024,True,True,True,True,True,True,True
PET,2009,True,True,True,True,True,True,True
PET,2010,True,True,True,True,True,True,True
PET,2011,True,True,True,True,True,True,True
PET,2012,True,True,True,True,True,True,True
PET,2013,True,True,True,True,True,True,True
PET,2014,True,True,True,True,True,True,True
PET,2015,True,True,True,True,True,True,True
PET,2016,True,True,True,True,True,True,True
PET,2017,True,True,True,True,True,True,True
PET,2018,True,True,True,True,True,True,True
PET,2019,True,True,True,True,True,True,True
PET,2020,True,True,True,True,True,True,True
PET,2021,True,True,True,True,True,True,True
PET,2022,True,True,True,True,True,True,True
PET,2023,True,True,True,True,True,True,True
PET,2024,True,True,True,True,True,True,True
PET,2025,True,True,True,True,True,True,True
PFL,2010,True,True,True,True,True,True,True
PFL,2011,True,True,True,True,True,True,True
PFL,2012,True,True,True,True,True,True,True
PFL,2013,True,True,True,True,True,True,True
PFL,2014,True,True,True,True,True,True,True
PFL,2015,True,True,True,True,True,True,True
PFL,2016,True,True,True,True,True,True,True
PFL,2017,True,True,True,True,True,True,True
PFL,2018,True,True,True,True,True,True,True
PFL,2019,True,True,True,True,True,True,True
PFL,2020,True,True,True,True,True,True,True
PFL,2021,True,True,True,True,True,True,True
PFL,2022,True,True,True,True,True,True,True
PFL,2023,True,True,True,True,True,True,True
PFL,2024,True,True,True,True,True,True,True
PFV,2009,True,True,True,True,True,True,True
PFV,2010,True,True,True,True,True,True,True
PFV,2011,True,True,True,True,True,True,True
PFV,2012,True,True,True,True,True,True,True
PGC,2009,True,True,True,True,True,True,True
PGC,2010,True,True,True,True,True,True,True
PGC,2011,True,True,True,True,True,True,True
PGC,2012,True,True,True,True,True,True,True
PGC,2013,True,True,True,True,True,True,True
PGC,2014,True,True,True,True,True,True,True
PGC,2015,True,True,True,True,True,True,True
PGC,2016,True,True,True,True,True,True,True
PGC,2017,True,True,True,True,True,True,True
PGC,2018,True,True,True,True,True,True,True
PGC,2019,True,True,True,True,True,True,True
PGC,2020,True,True,True,True,True,True,True
PGC,2021,True,True,True,True,True,True,True
PGC,2022,True,True,True,True,True,True,True
PGC,2023,True,True,True,True,True,True,True
PGC,2024,True,True,True,True,True,True,True
PGC,2025,True,True,True,True,True,True,True
PGD,2009,True,True,True,True,True,True,True
PGD,2010,True,True,True,True,True,True,True
PGD,2011,True,True,True,True,True,True,True
PGD,2012,True,True,True,True,True,True,True
PGD,2013,True,True,True,True,True,True,True
PGD,2014,True,True,True,True,True,True,True
PGD,2015,True,True,True,True,True,True,True
PGD,2016,True,True,True,True,True,True,True
PGD,2017,True,True,True,True,True,True,True
PGD,2018,True,True,True,True,True,True,True
PGD,2019,True,True,True,True,True,True,True
PGD,2020,True,True,True,True,True,True,True
PGD,2021,True,True,True,True,True,True,True
PGD,2022,True,True,True,True,True,True,True
PGD,2023,True,True,True,True,True,True,True
PGD,2024,True,True,True,True,True,True,True
PGD,2025,True,True,True,True,True,True,True
PGN,2017,True,True,True,True,True,True,True
PGN,2018,True,True,True,True,True,True,True
PGN,2019,True,True,True,True,True,True,True
PGN,2020,True,True,True,True,True,True,True
PGN,2021,True,True,True,True,True,True,True
PGN,2022,True,True,True,True,True,True,True
PGN,2023,True,True,True,True,True,True,True
PGN,2024,True,True,True,True,True,True,True
PGN,2025,True,True,True,True,True,True,True
PGS,2009,True,True,True,True,True,True,True
PGS,2010,True,True,True,True,True,True,True
PGS,2011,True,True,True,True,True,True,True
PGS,2012,True,True,True,True,True,True,True
PGS,2013,True,True,True,True,True,True,True
PGS,2014,True,True,True,True,True,True,True
PGS,2015,True,True,True,True,True,True,True
PGS,2016,True,True,True,True,True,True,True
PGS,2017,True,True,True,True,True,True,True
PGS,2018,True,True,True,True,True,True,True
PGS,2019,True,True,True,True,True,True,True
PGS,2020,True,True,True,True,True,True,True
PGS,2021,True,True,True,True,True,True,True
PGS,2022,True,True,True,True,True,True,True
PGS,2023,True,True,True,True,True,True,True
PGS,2024,True,True,True,True,True,True,True
PGS,2025,True,True,True,True,True,True,True
PGT,2009,True,True,True,True,True,True,True
PGT,2010,True,True,True,True,True,True,True
PGT,2012,True,True,True,True,True,True,True
PGT,2013,True,True,True,True,True,True,True
PGT,2014,True,True,True,True,True,True,True
PGT,2015,True,True,True,True,True,True,True
PGT,2016,True,True,True,True,True,True,True
PGT,2017,True,True,True,True,True,True,True
PGT,2018,True,True,True,True,True,True,True
PGT,2019,True,True,True,True,True,True,True
PGT,2020,True,True,True,True,True,True,True
PGT,2021,True,True,True,True,True,True,True
PGT,2022,True,True,True,True,True,True,True
PGT,2023,True,True,True,True,True,True,True
PGT,2024,True,True,True,True,True,True,True
PGT,2025,True,True,True,True,True,True,True
PGV,2013,True,True,True,True,True,True,True
PGV,2014,True,True,True,True,True,True,True
PGV,2015,True,True,True,True,True,True,True
PGV,2016,True,True,True,True,True,True,True
PGV,2017,True,True,True,True,True,True,True
PGV,2018,True,True,True,True,True,True,True
PGV,2019,True,True,True,True,True,True,True
PGV,2020,True,True,True,True,True,True,True
PGV,2021,True,True,True,True,True,True,True
PGV,2022,True,True,True,True,True,True,True
PGV,2023,True,True,True,True,True,True,True
PGV,2024,True,True,True,True,True,True,True
PGV,2025,True,True,True,True,True,True,True
PHC,2012,True,True,True,True,True,True,True
PHC,2013,True,True,True,True,True,True,True
PHC,2014,True,True,True,True,True,True,True
PHC,2015,True,True,True,True,True,True,True
PHC,2016,True,True,True,True,True,True,True
PHC,2017,True,True,True,True,True,True,True
PHC,2018,True,True,True,True,True,True,True
PHC,2019,True,True,True,True,True,True,True
PHC,2020,True,True,True,True,True,True,True
PHC,2021,True,True,True,True,True,True,True
PHC,2022,True,True,True,True,True,True,True
PHC,2023,True,True,True,True,True,True,True
PHC,2024,True,True,True,True,True,True,True
PHC,2025,True,True,True,True,True,True,True
PHH,2011,True,True,True,True,True,True,True
PHH,2012,True,True,True,True,True,True,True
PHH,2013,True,True,True,True,True,True,True
PHH,2014,True,True,True,True,True,True,True
PHH,2015,True,True,True,True,True,True,True
PHH,2016,True,True,True,True,True,True,True
PHH,2017,True,True,True,True,True,True,True
PHH,2018,True,True,True,True,True,True,True
PHH,2019,True,True,True,True,True,True,True
PHH,2020,True,True,True,True,True,True,True
PHH,2021,True,True,True,True,True,True,True
PHH,2022,True,True,True,True,True,True,True
PHH,2023,True,True,True,True,True,True,True
PHH,2024,True,True,True,True,True,True,True
PHH,2025,True,True,True,True,True,True,True
PHN,2013,True,True,True,True,True,True,True
PHN,2014,True,True,True,True,True,True,True
PHN,2015,True,True,True,True,True,True,True
PHN,2016,True,True,True,True,True,True,True
PHN,2018,True,True,True,True,True,True,True
PHN,2019,True,True,True,True,True,True,True
PHN,2020,True,True,True,True,True,True,True
PHN,2021,True,True,True,True,True,True,True
PHN,2022,True,True,True,True,True,True,True
PHN,2023,True,True,True,True,True,True,True
PHN,2024,True,True,True,True,True,True,True
PHN,2025,True,True,True,True,True,True,True
PHP,2015,True,True,True,True,True,True,True
PHP,2016,True,True,True,True,True,True,True
PHP,2017,True,True,True,True,True,True,True
PHP,2018,True,True,True,True,True,True,True
PHP,2019,True,True,True,True,True,True,True
PHP,2020,True,True,True,True,True,True,True
PHP,2021,True,True,True,True,True,True,True
PHP,2022,True,True,True,True,True,True,True
PHP,2023,True,True,True,True,True,True,True
PHP,2024,True,True,True,True,True,True,True
PHP,2025,True,True,True,True,True,True,True
PHR,2010,True,True,True,True,True,True,True
PHR,2011,True,True,True,True,True,True,True
PHR,2012,True,True,True,True,True,True,True
PHR,2013,True,True,True,True,True,True,True
PHR,2014,True,True,True,True,True,True,True
PHR,2015,True,True,True,True,True,True,True
PHR,2016,True,True,True,True,True,True,True
PHR,2017,True,True,True,True,True,True,True
PHR,2018,True,True,True,True,True,True,True
PHR,2019,True,True,True,True,True,True,True
PHR,2020,True,True,True,True,True,True,True
PHR,2021,True,True,True,True,True,True,True
PHR,2022,True,True,True,True,True,True,True
PHR,2023,True,True,True,True,True,True,True
PHR,2024,True,True,True,True,True,True,True
PHR,2025,True,True,True,True,True,True,True
PHT,2010,True,True,True,True,True,True,True
PHT,2011,True,True,True,True,True,True,True
PIA,2009,True,True,True,True,True,True,True
PIA,2010,True,True,True,True,True,True,True
PIA,2011,True,True,True,True,True,True,True
PIA,2012,True,True,True,True,True,True,True
PIA,2013,True,True,True,True,True,True,True
PIA,2014,True,True,True,True,True,True,True
PIA,2015,True,True,True,True,True,True,True
PIA,2016,True,True,True,True,True,True,True
PIA,2017,True,True,True,True,True,True,True
PIA,2018,True,True,True,True,True,True,True
PIA,2019,True,True,True,True,True,True,True
PIA,2020,True,True,True,True,True,True,True
PIA,2021,True,True,True,True,True,True,True
PIA,2022,True,True,True,True,True,True,True
PIA,2023,True,True,True,True,True,True,True
PIA,2024,True,True,True,True,True,True,True
PIA,2025,True,True,True,True,True,True,True
PIC,2009,True,True,True,True,True,True,True
PIC,2010,True,True,True,True,True,True,True
PIC,2011,True,True,True,True,True,True,True
PIC,2012,True,True,True,True,True,True,True
PIC,2013,True,True,True,True,True,True,True
PIC,2014,True,True,True,True,True,True,True
PIC,2015,True,True,True,True,True,True,True
PIC,2016,True,True,True,True,True,True,True
PIC,2017,True,True,True,True,True,True,True
PIC,2018,True,True,True,True,True,True,True
PIC,2019,True,True,True,True,True,True,True
PIC,2020,True,True,True,True,True,True,True
PIC,2021,True,True,True,True,True,True,True
PIC,2022,True,True,True,True,True,True,True
PIC,2023,True,True,True,True,True,True,True
PIC,2024,True,True,True,True,True,True,True
PIC,2025,True,True,True,True,True,True,True
PID,2012,True,True,True,True,True,True,True
PID,2013,True,True,True,True,True,True,True
PID,2014,True,True,True,True,True,True,True
PID,2015,True,True,True,True,True,True,True
PID,2016,True,True,True,True,True,True,True
PID,2017,True,True,True,True,True,True,True
PID,2018,True,True,True,True,True,True,True
PIS,2014,True,True,True,True,True,True,True
PIS,2015,True,True,True,True,True,True,True
PIS,2016,True,True,True,True,True,True,True
PIS,2017,True,True,True,True,True,True,True
PIS,2018,True,True,True,True,True,True,True
PIS,2019,True,True,True,True,True,True,True
PIS,2020,True,True,True,True,True,True,True
PIS,2021,True,True,True,True,True,True,True
PIS,2022,True,True,True,True,True,True,True
PIS,2023,True,True,True,True,True,True,True
PIS,2024,True,True,True,True,True,True,True
PIS,2025,True,True,True,True,True,True,True
PIT,2009,True,True,True,True,True,True,True
PIT,2010,True,True,True,True,True,True,True
PIT,2011,True,True,True,True,True,True,True
PIT,2012,True,True,True,True,True,True,True
PIT,2013,True,True,True,True,True,True,True
PIT,2014,True,True,True,True,True,True,True
PIT,2015,True,True,True,True,True,True,True
PIT,2016,True,True,True,True,True,True,True
PIT,2017,True,True,True,True,True,True,True
PIT,2018,True,True,True,True,True,True,True
PIT,2019,True,True,True,True,True,True,True
PIT,2020,True,True,True,True,True,True,True
PIT,2021,True,True,True,True,True,True,True
PIT,2022,True,True,True,True,True,True,True
PIT,2023,True,True,True,True,True,True,True
PIT,2024,True,True,True,True,True,True,True
PIT,2025,True,True,True,True,True,True,True
PIV,2010,True,True,True,True,True,True,True
PIV,2011,True,True,True,True,True,True,True
PIV,2012,True,True,True,True,True,True,True
PIV,2013,True,True,True,True,True,True,True
PIV,2014,True,True,True,True,True,True,True
PIV,2015,True,True,True,True,True,True,True
PIV,2018,True,True,True,True,True,True,True
PIV,2019,True,True,True,True,True,True,True
PIV,2020,True,True,True,True,True,True,True
PIV,2021,True,True,True,True,True,True,True
PIV,2022,True,True,True,True,True,True,True
PIV,2024,True,True,True,True,True,True,True
PIV,2025,True,True,True,True,True,True,True
PJC,2009,True,True,True,True,True,True,True
PJC,2010,True,True,True,True,True,True,True
PJC,2011,True,True,True,True,True,True,True
PJC,2012,True,True,True,True,True,True,True
PJC,2013,True,True,True,True,True,True,True
PJC,2014,True,True,True,True,True,True,True
PJC,2015,True,True,True,True,True,True,True
PJC,2016,True,True,True,True,True,True,True
PJC,2017,True,True,True,True,True,True,True
PJC,2018,True,True,True,True,True,True,True
PJC,2019,True,True,True,True,True,True,True
PJC,2020,True,True,True,True,True,True,True
PJC,2021,True,True,True,True,True,True,True
PJC,2022,True,True,True,True,True,True,True
PJC,2023,True,True,True,True,True,True,True
PJC,2024,True,True,True,True,True,True,True
PJC,2025,True,True,True,True,True,True,True
PJS,2009,True,True,True,True,True,True,True
PJS,2010,True,True,True,True,True,True,True
PJS,2011,True,True,True,True,True,True,True
PJS,2012,True,True,True,True,True,True,True
PJS,2013,True,True,True,True,True,True,True
PJS,2014,True,True,True,True,True,True,True
PJS,2015,True,True,True,True,True,True,True
PJS,2016,True,True,True,True,True,True,True
PJS,2017,True,True,True,True,True,True,True
PJS,2018,True,True,True,True,True,True,True
PJS,2019,True,True,True,True,True,True,True
PJS,2020,True,True,True,True,True,True,True
PJS,2021,True,True,True,True,True,True,True
PJS,2022,True,True,True,True,True,True,True
PJS,2023,True,True,True,True,True,True,True
PJS,2024,True,True,True,True,True,True,True
PJS,2025,True,True,True,True,True,True,True
PJT,2009,True,True,True,True,True,True,True
PJT,2010,True,True,True,True,True,True,True
PJT,2011,True,True,True,True,True,True,True
PJT,2012,True,True,True,True,True,True,True
PJT,2013,True,True,True,True,True,True,True
PJT,2014,True,True,True,True,True,True,True
PJT,2015,True,True,True,True,True,True,True
PJT,2016,True,True,True,True,True,True,True
PJT,2017,True,True,True,True,True,True,True
PJT,2018,True,True,True,True,True,True,True
PJT,2019,True,True,True,True,True,True,True
PJT,2020,True,True,True,True,True,True,True
PJT,2021,True,True,True,True,True,True,True
PJT,2022,True,True,True,True,True,True,True
PJT,2023,True,True,True,True,True,True,True
PJT,2024,True,True,True,True,True,True,True
PJT,2025,True,True,True,True,True,True,True
PKR,2015,True,True,True,True,True,True,True
PKR,2017,True,True,True,True,True,True,True
PKR,2018,True,True,True,True,True,True,True
PKR,2019,True,True,True,True,True,True,True
PKR,2020,True,True,True,True,True,True,True
PLA,2015,True,True,True,True,True,True,True
PLA,2016,True,True,True,True,True,True,True
PLA,2017,True,True,True,True,True,True,True
PLA,2018,True,True,True,True,True,True,True
PLA,2019,True,True,True,True,True,True,True
PLA,2020,True,True,True,True,True,True,True
PLA,2021,True,True,True,True,True,True,True
PLA,2022,True,True,True,True,True,True,True
PLA,2023,True,True,True,True,True,True,True
PLA,2024,True,True,True,True,True,True,True
PLA,2025,True,True,True,True,True,True,True
PLC,2009,True,True,True,True,True,True,True
PLC,2010,True,True,True,True,True,True,True
PLC,2011,True,True,True,True,True,True,True
PLC,2012,True,True,True,True,True,True,True
PLC,2013,True,True,True,True,True,True,True
PLC,2014,True,True,True,True,True,True,True
PLC,2015,True,True,True,True,True,True,True
PLC,2016,True,True,True,True,True,True,True
PLC,2017,True,True,True,True,True,True,True
PLC,2018,True,True,True,True,True,True,True
PLC,2019,True,True,True,True,True,True,True
PLC,2020,True,True,True,True,True,True,True
PLC,2021,True,True,True,True,True,True,True
PLC,2022,True,True,True,True,True,True,True
PLC,2023,True,True,True,True,True,True,True
PLC,2024,True,True,True,True,True,True,True
PLC,2025,True,True,True,True,True,True,True
PLE,2019,True,True,True,True,True,True,True
PLE,2020,True,True,True,True,True,True,True
PLE,2021,True,True,True,True,True,True,True
PLE,2022,True,True,True,True,True,True,True
PLE,2023,True,True,True,True,True,True,True
PLE,2024,True,True,True,True,True,True,True
PLE,2025,True,True,True,True,True,True,True
PLP,2016,True,True,True,True,True,True,True
PLP,2018,True,True,True,True,True,True,True
PLP,2019,True,True,True,True,True,True,True
PLP,2021,True,True,True,True,True,True,True
PLP,2022,True,True,True,True,True,True,True
PLP,2023,True,True,True,True,True,True,True
PLP,2024,True,True,True,True,True,True,True
PLP,2025,True,True,True,True,True,True,True
PLX,2011,True,True,True,True,True,True,True
PLX,2012,True,True,True,True,True,True,True
PLX,2013,True,True,True,True,True,True,True
PLX,2014,True,True,True,True,True,True,True
PLX,2015,True,True,True,True,True,True,True
PLX,2016,True,True,True,True,True,True,True
PLX,2017,True,True,True,True,True,True,True
PLX,2018,True,True,True,True,True,True,True
PLX,2019,True,True,True,True,True,True,True
PLX,2020,True,True,True,True,True,True,True
PLX,2021,True,True,True,True,True,True,True
PLX,2022,True,True,True,True,True,True,True
PLX,2023,True,True,True,True,True,True,True
PLX,2024,True,True,True,True,True,True,True
PLX,2025,True,True,True,True,True,True,True
PMB,2012,True,True,True,True,True,True,True
PMB,2013,True,True,True,True,True,True,True
PMB,2014,True,True,True,True,True,True,True
PMB,2015,True,True,True,True,True,True,True
PMB,2016,True,True,True,True,True,True,True
PMB,2017,True,True,True,True,True,True,True
PMB,2018,True,True,True,True,True,True,True
PMB,2019,True,True,True,True,True,True,True
PMB,2020,True,True,True,True,True,True,True
PMB,2021,True,True,True,True,True,True,True
PMB,2022,True,True,True,True,True,True,True
PMB,2023,True,True,True,True,True,True,True
PMB,2024,True,True,True,True,True,True,True
PMB,2025,True,True,True,True,True,True,True
PMC,2009,True,True,True,True,True,True,True
PMC,2010,True,True,True,True,True,True,True
PMC,2011,True,True,True,True,True,True,True
PMC,2012,True,True,True,True,True,True,True
PMC,2013,True,True,True,True,True,True,True
PMC,2014,True,True,True,True,True,True,True
PMC,2015,True,True,True,True,True,True,True
PMC,2016,True,True,True,True,True,True,True
PMC,2017,True,True,True,True,True,True,True
PMC,2018,True,True,True,True,True,True,True
PMC,2019,True,True,True,True,True,True,True
PMC,2020,True,True,True,True,True,True,True
PMC,2021,True,True,True,True,True,True,True
PMC,2022,True,True,True,True,True,True,True
PMC,2023,True,True,True,True,True,True,True
PMC,2024,True,True,True,True,True,True,True
PMC,2025,True,True,True,True,True,True,True
PME,2013,True,True,True,True,True,True,True
PME,2014,True,True,True,True,True,True,True
PME,2015,True,True,True,True,True,True,True
PME,2016,True,True,True,True,True,True,True
PME,2017,True,True,True,True,True,True,True
PME,2018,True,True,True,True,True,True,True
PME,2019,True,True,True,True,True,True,True
PME,2020,True,True,True,True,True,True,True
PMG,2014,True,True,True,True,True,True,True
PMG,2015,True,True,True,True,True,True,True
PMG,2016,True,True,True,True,True,True,True
PMG,2017,True,True,True,True,True,True,True
PMG,2018,True,True,True,True,True,True,True
PMG,2019,True,True,True,True,True,True,True
PMG,2020,True,True,True,True,True,True,True
PMG,2021,True,True,True,True,True,True,True
PMG,2022,True,True,True,True,True,True,True
PMG,2023,True,True,True,True,True,True,True
PMG,2024,True,True,True,True,True,True,True
PMG,2025,True,True,True,True,True,True,True
PMJ,2013,True,True,True,True,True,True,True
PMJ,2014,True,True,True,True,True,True,True
PMJ,2015,True,True,True,True,True,True,True
PMJ,2016,True,True,True,True,True,True,True
PMJ,2017,True,True,True,True,True,True,True
PMJ,2018,True,True,True,True,True,True,True
PMJ,2019,True,True,True,True,True,True,True
PMJ,2020,True,True,True,True,True,True,True
PMJ,2021,True,True,True,True,True,True,True
PMJ,2022,True,True,True,True,True,True,True
PMJ,2023,True,True,True,True,True,True,True
PMJ,2024,True,True,True,True,True,True,True
PMJ,2025,True,True,True,True,True,True,True
PMP,2011,True,True,True,True,True,True,True
PMP,2012,True,True,True,True,True,True,True
PMP,2013,True,True,True,True,True,True,True
PMP,2014,True,True,True,True,True,True,True
PMP,2015,True,True,True,True,True,True,True
PMP,2016,True,True,True,True,True,True,True
PMP,2017,True,True,True,True,True,True,True
PMP,2018,True,True,True,True,True,True,True
PMP,2019,True,True,True,True,True,True,True
PMP,2020,True,True,True,True,True,True,True
PMP,2021,True,True,True,True,True,True,True
PMP,2022,True,True,True,True,True,True,True
PMP,2023,True,True,True,True,True,True,True
PMP,2024,True,True,True,True,True,True,True
PMP,2025,True,True,True,True,True,True,True
PMS,2009,True,True,True,True,True,True,True
PMS,2010,True,True,True,True,True,True,True
PMS,2011,True,True,True,True,True,True,True
PMS,2012,True,True,True,True,True,True,True
PMS,2013,True,True,True,True,True,True,True
PMS,2014,True,True,True,True,True,True,True
PMS,2015,True,True,True,True,True,True,True
PMS,2016,True,True,True,True,True,True,True
PMS,2017,True,True,True,True,True,True,True
PMS,2018,True,True,True,True,True,True,True
PMS,2019,True,True,True,True,True,True,True
PMS,2020,True,True,True,True,True,True,True
PMS,2021,True,True,True,True,True,True,True
PMS,2022,True,True,True,True,True,True,True
PMS,2023,True,True,True,True,True,True,True
PMS,2024,True,True,True,True,True,True,True
PMS,2025,True,True,True,True,True,True,True
PMT,2009,True,True,True,True,True,True,True
PMT,2010,True,True,True,True,True,True,True
PMT,2011,True,True,True,True,True,True,True
PMT,2012,True,True,True,True,True,True,True
PMT,2013,True,True,True,True,True,True,True
PMT,2014,True,True,True,True,True,True,True
PMT,2015,True,True,True,True,True,True,True
PMT,2016,True,True,True,True,True,True,True
PMT,2017,True,True,True,True,True,True,True
PMT,2018,True,True,True,True,True,True,True
PMT,2019,True,True,True,True,True,True,True
PMT,2020,True,True,True,True,True,True,True
PMT,2021,True,True,True,True,True,True,True
PMT,2022,True,True,True,True,True,True,True
PMT,2023,True,True,True,True,True,True,True
PMT,2024,True,True,True,True,True,True,True
PMT,2025,True,True,True,True,True,True,True
PMW,2017,True,True,True,True,True,True,True
PMW,2018,True,True,True,True,True,True,True
PMW,2019,True,True,True,True,True,True,True
PMW,2020,True,True,True,True,True,True,True
PMW,2021,True,True,True,True,True,True,True
PMW,2022,True,True,True,True,True,True,True
PMW,2023,True,True,True,True,True,True,True
PMW,2024,True,True,True,True,True,True,True
PMW,2025,True,True,True,True,True,True,True
PNC,2010,True,True,True,True,True,True,True
PNC,2011,True,True,True,True,True,True,True
PNC,2012,True,True,True,True,True,True,True
PNC,2014,True,True,True,True,True,True,True
PNC,2015,True,True,True,True,True,True,True
PNC,2016,True,True,True,True,True,True,True
PNC,2017,True,True,True,True,True,True,True
PNC,2018,True,True,True,True,True,True,True
PNC,2019,True,True,True,True,True,True,True
PNC,2020,True,True,True,True,True,True,True
PNC,2021,True,True,True,True,True,True,True
PNC,2022,True,True,True,True,True,True,True
PNC,2023,True,True,True,True,True,True,True
PNC,2024,True,True,True,True,True,True,True
PNC,2025,True,True,True,True,True,True,True
PND,2014,True,True,True,True,True,True,True
PND,2015,True,True,True,True,True,True,True
PND,2016,True,True,True,True,True,True,True
PND,2017,True,True,True,True,True,True,True
PND,2018,True,True,True,True,True,True,True
PND,2019,True,True,True,True,True,True,True
PND,2020,True,True,True,True,True,True,True
PND,2021,True,True,True,True,True,True,True
PND,2022,True,True,True,True,True,True,True
PND,2023,True,True,True,True,True,True,True
PND,2024,True,True,True,True,True,True,True
PND,2025,True,True,True,True,True,True,True
PNG,2011,True,True,True,True,True,True,True
PNG,2012,True,True,True,True,True,True,True
PNG,2014,True,True,True,True,True,True,True
PNG,2016,True,True,True,True,True,True,True
PNG,2017,True,True,True,True,True,True,True
PNG,2018,True,True,True,True,True,True,True
PNG,2019,True,True,True,True,True,True,True
PNG,2020,True,True,True,True,True,True,True
PNG,2021,True,True,True,True,True,True,True
PNG,2022,True,True,True,True,True,True,True
PNG,2023,True,True,True,True,True,True,True
PNG,2024,True,True,True,True,True,True,True
PNG,2025,True,True,True,True,True,True,True
PNJ,2009,True,True,True,True,True,True,True
PNJ,2010,True,True,True,True,True,True,True
PNJ,2011,True,True,True,True,True,True,True
PNJ,2012,True,True,True,True,True,True,True
PNJ,2013,True,True,True,True,True,True,True
PNJ,2014,True,True,True,True,True,True,True
PNJ,2015,True,True,True,True,True,True,True
PNJ,2016,True,True,True,True,True,True,True
PNJ,2017,True,True,True,True,True,True,True
PNJ,2018,True,True,True,True,True,True,True
PNJ,2019,True,True,True,True,True,True,True
PNJ,2020,True,True,True,True,True,True,True
PNJ,2021,True,True,True,True,True,True,True
PNJ,2022,True,True,True,True,True,True,True
PNJ,2023,True,True,True,True,True,True,True
PNJ,2024,True,True,True,True,True,True,True
PNJ,2025,True,True,True,True,True,True,True
PNP,2016,True,True,True,True,True,True,True
PNP,2017,True,True,True,True,True,True,True
PNP,2018,True,True,True,True,True,True,True
PNP,2019,True,True,True,True,True,True,True
PNP,2020,True,True,True,True,True,True,True
PNP,2021,True,True,True,True,True,True,True
PNP,2022,True,True,True,True,True,True,True
PNP,2023,True,True,True,True,True,True,True
PNP,2024,True,True,True,True,True,True,True
PNP,2025,True,True,True,True,True,True,True
PNT,2015,True,True,True,True,True,True,True
PNT,2016,True,True,True,True,True,True,True
PNT,2017,True,True,True,True,True,True,True
PNT,2018,True,True,True,True,True,True,True
PNT,2019,True,True,True,True,True,True,True
PNT,2020,True,True,True,True,True,True,True
PNT,2021,True,True,True,True,True,True,True
PNT,2022,True,True,True,True,True,True,True
PNT,2023,True,True,True,True,True,True,True
PNT,2024,True,True,True,True,True,True,True
PNT,2025,True,True,True,True,True,True,True
POB,2015,True,True,True,True,True,True,True
POB,2016,True,True,True,True,True,True,True
POB,2017,True,True,True,True,True,True,True
POB,2018,True,True,True,True,True,True,True
POB,2019,True,True,True,True,True,True,True
POB,2020,True,True,True,True,True,True,True
POB,2021,True,True,True,True,True,True,True
POB,2022,True,True,True,True,True,True,True
POB,2023,True,True,True,True,True,True,True
POB,2024,True,True,True,True,True,True,True
POB,2025,True,True,True,True,True,True,True
POM,2009,True,True,True,True,True,True,True
POM,2010,True,True,True,True,True,True,True
POM,2011,True,True,True,True,True,True,True
POM,2012,True,True,True,True,True,True,True
POM,2013,True,True,True,True,True,True,True
POM,2014,True,True,True,True,True,True,True
POM,2015,True,True,True,True,True,True,True
POM,2016,True,True,True,True,True,True,True
POM,2017,True,True,True,True,True,True,True
POM,2018,True,True,True,True,True,True,True
POM,2019,True,True,True,True,True,True,True
POM,2020,True,True,True,True,True,True,True
POM,2021,True,True,True,True,True,True,True
POM,2022,True,True,True,True,True,True,True
POM,2023,True,True,True,True,True,True,True
POM,2024,True,True,True,True,True,True,True
POM,2025,True,True,True,True,True,True,True
POS,2012,True,True,True,True,True,True,True
POS,2013,True,True,True,True,True,True,True
POS,2014,True,True,True,True,True,True,True
POS,2015,True,True,True,True,True,True,True
POS,2016,True,True,True,True,True,True,True
POS,2017,True,True,True,True,True,True,True
POS,2018,True,True,True,True,True,True,True
POS,2019,True,True,True,True,True,True,True
POS,2020,True,True,True,True,True,True,True
POS,2021,True,True,True,True,True,True,True
POS,2022,True,True,True,True,True,True,True
POS,2023,True,True,True,True,True,True,True
POS,2024,True,True,True,True,True,True,True
POS,2025,True,True,True,True,True,True,True
POT,2010,True,True,True,True,True,True,True
POT,2011,True,True,True,True,True,True,True
POT,2012,True,True,True,True,True,True,True
POT,2013,True,True,True,True,True,True,True
POT,2014,True,True,True,True,True,True,True
POT,2015,True,True,True,True,True,True,True
POT,2016,True,True,True,True,True,True,True
POT,2017,True,True,True,True,True,True,True
POT,2018,True,True,True,True,True,True,True
POT,2019,True,True,True,True,True,True,True
POT,2020,True,True,True,True,True,True,True
POT,2021,True,True,True,True,True,True,True
POT,2022,True,True,True,True,True,True,True
POT,2023,True,True,True,True,True,True,True
POT,2024,True,True,True,True,True,True,True
POT,2025,True,True,True,True,True,True,True
POV,2009,True,True,True,True,True,True,True
POV,2010,True,True,True,True,True,True,True
POV,2011,True,True,True,True,True,True,True
POV,2012,True,True,True,True,True,True,True
POV,2013,True,True,True,True,True,True,True
POV,2014,True,True,True,True,True,True,True
POV,2015,True,True,True,True,True,True,True
POV,2016,True,True,True,True,True,True,True
POV,2017,True,True,True,True,True,True,True
POV,2018,True,True,True,True,True,True,True
POV,2019,True,True,True,True,True,True,True
POV,2020,True,True,True,True,True,True,True
POV,2021,True,True,True,True,True,True,True
POV,2022,True,True,True,True,True,True,True
POV,2023,True,True,True,True,True,True,True
POV,2024,True,True,True,True,True,True,True
POV,2025,True,True,True,True,True,True,True
POW,2015,True,True,True,True,True,True,True
POW,2016,True,True,True,True,True,True,True
POW,2017,True,True,True,True,True,True,True
POW,2018,True,True,True,True,True,True,True
POW,2019,True,True,True,True,True,True,True
POW,2020,True,True,True,True,True,True,True
POW,2021,True,True,True,True,True,True,True
POW,2022,True,True,True,True,True,True,True
POW,2023,True,True,True,True,True,True,True
POW,2024,True,True,True,True,True,True,True
POW,2025,True,True,True,True,True,True,True
PPC,2009,True,True,True,True,True,True,True
PPC,2010,True,True,True,True,True,True,True
PPC,2011,True,True,True,True,True,True,True
PPC,2012,True,True,True,True,True,True,True
PPC,2013,True,True,True,True,True,True,True
PPC,2014,True,True,True,True,True,True,True
PPC,2015,True,True,True,True,True,True,True
PPC,2016,True,True,True,True,True,True,True
PPC,2017,True,True,True,True,True,True,True
PPC,2018,True,True,True,True,True,True,True
PPC,2019,True,True,True,True,True,True,True
PPC,2020,True,True,True,True,True,True,True
PPC,2021,True,True,True,True,True,True,True
PPC,2022,True,True,True,True,True,True,True
PPC,2023,True,True,True,True,True,True,True
PPC,2024,True,True,True,True,True,True,True
PPC,2025,True,True,True,True,True,True,True
PPE,2010,True,True,True,True,True,True,True
PPE,2011,True,True,True,True,True,True,True
PPE,2012,True,True,True,True,True,True,True
PPE,2013,True,True,True,True,True,True,True
PPE,2014,True,True,True,True,True,True,True
PPE,2015,True,True,True,True,True,True,True
PPE,2016,True,True,True,True,True,True,True
PPE,2017,True,True,True,True,True,True,True
PPE,2018,True,True,True,True,True,True,True
PPE,2019,True,True,True,True,True,True,True
PPE,2020,True,True,True,True,True,True,True
PPE,2021,True,True,True,True,True,True,True
PPE,2022,True,True,True,True,True,True,True
PPE,2023,True,True,True,True,True,True,True
PPE,2024,True,True,True,True,True,True,True
PPE,2025,True,True,True,True,True,True,True
PPG,2009,True,True,True,True,True,True,True
PPG,2010,True,True,True,True,True,True,True
PPG,2012,True,True,True,True,True,True,True
PPG,2013,True,True,True,True,True,True,True
PPG,2014,True,True,True,True,True,True,True
PPG,2015,True,True,True,True,True,True,True
PPH,2013,True,True,True,True,True,True,True
PPH,2014,True,True,True,True,True,True,True
PPH,2015,True,True,True,True,True,True,True
PPH,2016,True,True,True,True,True,True,True
PPH,2017,True,True,True,True,True,True,True
PPH,2018,True,True,True,True,True,True,True
PPH,2019,True,True,True,True,True,True,True
PPH,2020,True,True,True,True,True,True,True
PPH,2021,True,True,True,True,True,True,True
PPH,2022,True,True,True,True,True,True,True
PPH,2023,True,True,True,True,True,True,True
PPH,2024,True,True,True,True,True,True,True
PPH,2025,True,True,True,True,True,True,True
PPI,2009,True,True,True,True,True,True,True
PPI,2010,True,True,True,True,True,True,True
PPI,2011,True,True,True,True,True,True,True
PPI,2012,True,True,True,True,True,True,True
PPI,2013,True,True,True,True,True,True,True
PPI,2014,True,True,True,True,True,True,True
PPI,2015,True,True,True,True,True,True,True
PPI,2016,True,True,True,True,True,True,True
PPI,2017,True,True,True,True,True,True,True
PPI,2018,True,True,True,True,True,True,True
PPI,2019,True,True,True,True,True,True,True
PPI,2020,True,True,True,True,True,True,True
PPI,2021,True,True,True,True,True,True,True
PPI,2022,True,True,True,True,True,True,True
PPP,2011,True,True,True,True,True,True,True
PPP,2012,True,True,True,True,True,True,True
PPP,2013,True,True,True,True,True,True,True
PPP,2014,True,True,True,True,True,True,True
PPP,2015,True,True,True,True,True,True,True
PPP,2016,True,True,True,True,True,True,True
PPP,2017,True,True,True,True,True,True,True
PPP,2018,True,True,True,True,True,True,True
PPP,2019,True,True,True,True,True,True,True
PPP,2020,True,True,True,True,True,True,True
PPP,2021,True,True,True,True,True,True,True
PPP,2022,True,True,True,True,True,True,True
PPP,2023,True,True,True,True,True,True,True
PPP,2024,True,True,True,True,True,True,True
PPP,2025,True,True,True,True,True,True,True
PPS,2009,True,True,True,True,True,True,True
PPS,2010,True,True,True,True,True,True,True
PPS,2011,True,True,True,True,True,True,True
PPS,2012,True,True,True,True,True,True,True
PPS,2013,True,True,True,True,True,True,True
PPS,2014,True,True,True,True,True,True,True
PPS,2015,True,True,True,True,True,True,True
PPS,2016,True,True,True,True,True,True,True
PPS,2017,True,True,True,True,True,True,True
PPS,2018,True,True,True,True,True,True,True
PPS,2019,True,True,True,True,True,True,True
PPS,2020,True,True,True,True,True,True,True
PPS,2021,True,True,True,True,True,True,True
PPS,2022,True,True,True,True,True,True,True
PPS,2023,True,True,True,True,True,True,True
PPS,2024,True,True,True,True,True,True,True
PPS,2025,True,True,True,True,True,True,True
PPT,2019,True,True,True,True,True,True,True
PPT,2020,True,True,True,True,True,True,True
PPT,2021,True,True,True,True,True,True,True
PPT,2022,True,True,True,True,True,True,True
PPT,2024,True,True,True,True,True,True,True
PPT,2025,True,True,True,True,True,True,True
PPY,2010,True,True,True,True,True,True,True
PPY,2011,True,True,True,True,True,True,True
PPY,2012,True,True,True,True,True,True,True
PPY,2013,True,True,True,True,True,True,True
PPY,2014,True,True,True,True,True,True,True
PPY,2015,True,True,True,True,True,True,True
PPY,2016,True,True,True,True,True,True,True
PPY,2017,True,True,True,True,True,True,True
PPY,2018,True,True,True,True,True,True,True
PPY,2019,True,True,True,True,True,True,True
PPY,2020,True,True,True,True,True,True,True
PPY,2021,True,True,True,True,True,True,True
PPY,2022,True,True,True,True,True,True,True
PPY,2023,True,True,True,True,True,True,True
PPY,2024,True,True,True,True,True,True,True
PPY,2025,True,True,True,True,True,True,True
PQN,2017,True,True,True,True,True,True,True
PQN,2018,True,True,True,True,True,True,True
PQN,2019,True,True,True,True,True,True,True
PQN,2020,True,True,True,True,True,True,True
PQN,2021,True,True,True,True,True,True,True
PQN,2022,True,True,True,True,True,True,True
PQN,2023,True,True,True,True,True,True,True
PQN,2024,True,True,True,True,True,True,True
PRC,2010,True,True,True,True,True,True,True
PRC,2011,True,True,True,True,True,True,True
PRC,2012,True,True,True,True,True,True,True
PRC,2013,True,True,True,True,True,True,True
PRC,2014,True,True,True,True,True,True,True
PRC,2015,True,True,True,True,True,True,True
PRC,2016,True,True,True,True,True,True,True
PRC,2017,True,True,True,True,True,True,True
PRC,2018,True,True,True,True,True,True,True
PRC,2019,True,True,True,True,True,True,True
PRC,2020,True,True,True,True,True,True,True
PRC,2021,True,True,True,True,True,True,True
PRC,2022,True,True,True,True,True,True,True
PRC,2023,True,True,True,True,True,True,True
PRC,2024,True,True,True,True,True,True,True
PRO,2012,True,True,True,True,True,True,True
PRO,2013,True,True,True,True,True,True,True
PRO,2014,True,True,True,True,True,True,True
PRO,2015,True,True,True,True,True,True,True
PRO,2016,True,True,True,True,True,True,True
PRO,2017,True,True,True,True,True,True,True
PRO,2018,True,True,True,True,True,True,True
PRO,2019,True,True,True,True,True,True,True
PRO,2020,True,True,True,True,True,True,True
PRO,2021,True,True,True,True,True,True,True
PRO,2022,True,True,True,True,True,True,True
PRO,2023,True,True,True,True,True,True,True
PRO,2024,True,True,True,True,True,True,True
PRO,2025,True,True,True,True,True,True,True
PRT,2018,True,True,True,True,True,True,True
PRT,2019,True,True,True,True,True,True,True
PRT,2020,True,True,True,True,True,True,True
PRT,2021,True,True,True,True,True,True,True
PRT,2022,True,True,True,True,True,True,True
PRT,2023,True,True,True,True,True,True,True
PRT,2024,True,True,True,True,True,True,True
PRT,2025,True,True,True,True,True,True,True
PSB,2009,True,True,True,True,True,True,True
PSB,2010,True,True,True,True,True,True,True
PSB,2011,True,True,True,True,True,True,True
PSB,2012,True,True,True,True,True,True,True
PSB,2013,True,True,True,True,True,True,True
PSB,2014,True,True,True,True,True,True,True
PSB,2015,True,True,True,True,True,True,True
PSB,2016,True,True,True,True,True,True,True
PSB,2017,True,True,True,True,True,True,True
PSB,2018,True,True,True,True,True,True,True
PSB,2019,True,True,True,True,True,True,True
PSB,2020,True,True,True,True,True,True,True
PSB,2021,True,True,True,True,True,True,True
PSB,2022,True,True,True,True,True,True,True
PSB,2023,True,True,True,True,True,True,True
PSB,2024,True,True,True,True,True,True,True
PSB,2025,True,True,True,True,True,True,True
PSC,2009,True,True,True,True,True,True,True
PSC,2010,True,True,True,True,True,True,True
PSC,2011,True,True,True,True,True,True,True
PSC,2012,True,True,True,True,True,True,True
PSC,2013,True,True,True,True,True,True,True
PSC,2014,True,True,True,True,True,True,True
PSC,2015,True,True,True,True,True,True,True
PSC,2016,True,True,True,True,True,True,True
PSC,2017,True,True,True,True,True,True,True
PSC,2018,True,True,True,True,True,True,True
PSC,2019,True,True,True,True,True,True,True
PSC,2020,True,True,True,True,True,True,True
PSC,2021,True,True,True,True,True,True,True
PSC,2022,True,True,True,True,True,True,True
PSC,2023,True,True,True,True,True,True,True
PSC,2024,True,True,True,True,True,True,True
PSC,2025,True,True,True,True,True,True,True
PSD,2010,True,True,True,True,True,True,True
PSD,2011,True,True,True,True,True,True,True
PSD,2012,True,True,True,True,True,True,True
PSD,2013,True,True,True,True,True,True,True
PSD,2014,True,True,True,True,True,True,True
PSD,2015,True,True,True,True,True,True,True
PSD,2016,True,True,True,True,True,True,True
PSD,2017,True,True,True,True,True,True,True
PSD,2018,True,True,True,True,True,True,True
PSD,2019,True,True,True,True,True,True,True
PSD,2020,True,True,True,True,True,True,True
PSD,2021,True,True,True,True,True,True,True
PSD,2022,True,True,True,True,True,True,True
PSD,2023,True,True,True,True,True,True,True
PSD,2024,True,True,True,True,True,True,True
PSD,2025,True,True,True,True,True,True,True
PSE,2009,True,True,True,True,True,True,True
PSE,2010,True,True,True,True,True,True,True
PSE,2011,True,True,True,True,True,True,True
PSE,2012,True,True,True,True,True,True,True
PSE,2013,True,True,True,True,True,True,True
PSE,2014,True,True,True,True,True,True,True
PSE,2015,True,True,True,True,True,True,True
PSE,2016,True,True,True,True,True,True,True
PSE,2017,True,True,True,True,True,True,True
PSE,2018,True,True,True,True,True,True,True
PSE,2019,True,True,True,True,True,True,True
PSE,2020,True,True,True,True,True,True,True
PSE,2021,True,True,True,True,True,True,True
PSE,2022,True,True,True,True,True,True,True
PSE,2023,True,True,True,True,True,True,True
PSE,2024,True,True,True,True,True,True,True
PSE,2025,True,True,True,True,True,True,True
PSG,2009,True,True,True,True,True,True,True
PSG,2010,True,True,True,True,True,True,True
PSG,2011,True,True,True,True,True,True,True
PSG,2012,True,True,True,True,True,True,True
PSG,2013,True,True,True,True,True,True,True
PSG,2015,True,True,True,True,True,True,True
PSG,2016,True,True,True,True,True,True,True
PSG,2017,True,True,True,True,True,True,True
PSG,2018,True,True,True,True,True,True,True
PSG,2019,True,True,True,True,True,True,True
PSG,2020,True,True,True,True,True,True,True
PSH,2018,True,True,True,True,True,True,True
PSH,2019,True,True,True,True,True,True,True
PSH,2020,True,True,True,True,True,True,True
PSH,2021,True,True,True,True,True,True,True
PSH,2022,True,True,True,True,True,True,True
PSH,2023,True,True,True,True,True,True,True
PSH,2024,True,True,True,True,True,True,True
PSH,2025,True,True,True,True,True,True,True
PSL,2009,True,True,True,True,True,True,True
PSL,2010,True,True,True,True,True,True,True
PSL,2011,True,True,True,True,True,True,True
PSL,2012,True,True,True,True,True,True,True
PSL,2013,True,True,True,True,True,True,True
PSL,2014,True,True,True,True,True,True,True
PSL,2015,True,True,True,True,True,True,True
PSL,2016,True,True,True,True,True,True,True
PSL,2017,True,True,True,True,True,True,True
PSL,2018,True,True,True,True,True,True,True
PSL,2019,True,True,True,True,True,True,True
PSL,2020,True,True,True,True,True,True,True
PSL,2021,True,True,True,True,True,True,True
PSL,2022,True,True,True,True,True,True,True
PSL,2023,True,True,True,True,True,True,True
PSL,2024,True,True,True,True,True,True,True
PSL,2025,True,True,True,True,True,True,True
PSN,2012,True,True,True,True,True,True,True
PSN,2013,True,True,True,True,True,True,True
PSN,2014,True,True,True,True,True,True,True
PSN,2015,True,True,True,True,True,True,True
PSN,2016,True,True,True,True,True,True,True
PSN,2017,True,True,True,True,True,True,True
PSN,2018,True,True,True,True,True,True,True
PSN,2019,True,True,True,True,True,True,True
PSN,2020,True,True,True,True,True,True,True
PSN,2021,True,True,True,True,True,True,True
PSN,2022,True,True,True,True,True,True,True
PSN,2023,True,True,True,True,True,True,True
PSN,2024,True,True,True,True,True,True,True
PSN,2025,True,True,True,True,True,True,True
PSP,2009,True,True,True,True,True,True,True
PSP,2010,True,True,True,True,True,True,True
PSP,2011,True,True,True,True,True,True,True
PSP,2012,True,True,True,True,True,True,True
PSP,2013,True,True,True,True,True,True,True
PSP,2014,True,True,True,True,True,True,True
PSP,2015,True,True,True,True,True,True,True
PSP,2016,True,True,True,True,True,True,True
PSP,2017,True,True,True,True,True,True,True
PSP,2018,True,True,True,True,True,True,True
PSP,2019,True,True,True,True,True,True,True
PSP,2020,True,True,True,True,True,True,True
PSP,2021,True,True,True,True,True,True,True
PSP,2022,True,True,True,True,True,True,True
PSP,2023,True,True,True,True,True,True,True
PSP,2024,True,True,True,True,True,True,True
PSP,2025,True,True,True,True,True,True,True
PSW,2011,True,True,True,True,True,True,True
PSW,2012,True,True,True,True,True,True,True
PSW,2013,True,True,True,True,True,True,True
PSW,2014,True,True,True,True,True,True,True
PSW,2015,True,True,True,True,True,True,True
PSW,2016,True,True,True,True,True,True,True
PSW,2017,True,True,True,True,True,True,True
PSW,2018,True,True,True,True,True,True,True
PSW,2019,True,True,True,True,True,True,True
PSW,2020,True,True,True,True,True,True,True
PSW,2021,True,True,True,True,True,True,True
PSW,2022,True,True,True,True,True,True,True
PSW,2023,True,True,True,True,True,True,True
PSW,2024,True,True,True,True,True,True,True
PSW,2025,True,True,True,True,True,True,True
PTB,2010,True,True,True,True,True,True,True
PTB,2011,True,True,True,True,True,True,True
PTB,2012,True,True,True,True,True,True,True
PTB,2013,True,True,True,True,True,True,True
PTB,2014,True,True,True,True,True,True,True
PTB,2015,True,True,True,True,True,True,True
PTB,2016,True,True,True,True,True,True,True
PTB,2017,True,True,True,True,True,True,True
PTB,2018,True,True,True,True,True,True,True
PTB,2019,True,True,True,True,True,True,True
PTB,2020,True,True,True,True,True,True,True
PTB,2021,True,True,True,True,True,True,True
PTB,2022,True,True,True,True,True,True,True
PTB,2023,True,True,True,True,True,True,True
PTB,2024,True,True,True,True,True,True,True
PTB,2025,True,True,True,True,True,True,True
PTC,2009,True,True,True,True,True,True,True
PTC,2010,True,True,True,True,True,True,True
PTC,2011,True,True,True,True,True,True,True
PTC,2012,True,True,True,True,True,True,True
PTC,2013,True,True,True,True,True,True,True
PTC,2014,True,True,True,True,True,True,True
PTC,2015,True,True,True,True,True,True,True
PTC,2016,True,True,True,True,True,True,True
PTC,2017,True,True,True,True,True,True,True
PTC,2018,True,True,True,True,True,True,True
PTC,2019,True,True,True,True,True,True,True
PTC,2020,True,True,True,True,True,True,True
PTC,2021,True,True,True,True,True,True,True
PTC,2022,True,True,True,True,True,True,True
PTC,2023,True,True,True,True,True,True,True
PTC,2024,True,True,True,True,True,True,True
PTC,2025,True,True,True,True,True,True,True
PTD,2009,True,True,True,True,True,True,True
PTD,2010,True,True,True,True,True,True,True
PTD,2011,True,True,True,True,True,True,True
PTD,2012,True,True,True,True,True,True,True
PTD,2013,True,True,True,True,True,True,True
PTD,2014,True,True,True,True,True,True,True
PTD,2015,True,True,True,True,True,True,True
PTD,2016,True,True,True,True,True,True,True
PTD,2017,True,True,True,True,True,True,True
PTD,2018,True,True,True,True,True,True,True
PTD,2019,True,True,True,True,True,True,True
PTD,2020,True,True,True,True,True,True,True
PTD,2021,True,True,True,True,True,True,True
PTD,2022,True,True,True,True,True,True,True
PTD,2023,True,True,True,True,True,True,True
PTD,2024,True,True,True,True,True,True,True
PTD,2025,True,True,True,True,True,True,True
PTE,2009,True,True,True,True,True,True,True
PTE,2010,True,True,True,True,True,True,True
PTE,2011,True,True,True,True,True,True,True
PTE,2012,True,True,True,True,True,True,True
PTE,2013,True,True,True,True,True,True,True
PTE,2014,True,True,True,True,True,True,True
PTE,2015,True,True,True,True,True,True,True
PTE,2016,True,True,True,True,True,True,True
PTE,2017,True,True,True,True,True,True,True
PTE,2018,True,True,True,True,True,True,True
PTE,2019,True,True,True,True,True,True,True
PTE,2020,True,True,True,True,True,True,True
PTE,2021,True,True,True,True,True,True,True
PTE,2022,True,True,True,True,True,True,True
PTE,2023,True,True,True,True,True,True,True
PTE,2024,True,True,True,True,True,True,True
PTE,2025,True,True,True,True,True,True,True
PTG,2009,True,True,True,True,True,True,True
PTG,2010,True,True,True,True,True,True,True
PTG,2011,True,True,True,True,True,True,True
PTG,2012,True,True,True,True,True,True,True
PTG,2013,True,True,True,True,True,True,True
PTG,2014,True,True,True,True,True,True,True
PTG,2015,True,True,True,True,True,True,True
PTG,2016,True,True,True,True,True,True,True
PTG,2017,True,True,True,True,True,True,True
PTG,2018,True,True,True,True,True,True,True
PTG,2019,True,True,True,True,True,True,True
PTG,2020,True,True,True,True,True,True,True
PTG,2021,True,True,True,True,True,True,True
PTG,2022,True,True,True,True,True,True,True
PTG,2023,True,True,True,True,True,True,True
PTG,2024,True,True,True,True,True,True,True
PTG,2025,True,True,True,True,True,True,True
PTH,2009,True,True,True,True,True,True,True
PTH,2010,True,True,True,True,True,True,True
PTH,2011,True,True,True,True,True,True,True
PTH,2012,True,True,True,True,True,True,True
PTH,2013,True,True,True,True,True,True,True
PTH,2014,True,True,True,True,True,True,True
PTH,2015,True,True,True,True,True,True,True
PTH,2016,True,True,True,True,True,True,True
PTH,2017,True,True,True,True,True,True,True
PTH,2018,True,True,True,True,True,True,True
PTH,2019,True,True,True,True,True,True,True
PTH,2020,True,True,True,True,True,True,True
PTH,2021,True,True,True,True,True,True,True
PTH,2022,True,True,True,True,True,True,True
PTH,2023,True,True,True,True,True,True,True
PTH,2024,True,True,True,True,True,True,True
PTH,2025,True,True,True,True,True,True,True
PTK,2011,True,True,True,True,True,True,True
PTK,2013,True,True,True,True,True,True,True
PTK,2014,True,True,True,True,True,True,True
PTL,2009,True,True,True,True,True,True,True
PTL,2010,True,True,True,True,True,True,True
PTL,2011,True,True,True,True,True,True,True
PTL,2012,True,True,True,True,True,True,True
PTL,2013,True,True,True,True,True,True,True
PTL,2014,True,True,True,True,True,True,True
PTL,2015,True,True,True,True,True,True,True
PTL,2016,True,True,True,True,True,True,True
PTL,2017,True,True,True,True,True,True,True
PTL,2018,True,True,True,True,True,True,True
PTL,2019,True,True,True,True,True,True,True
PTL,2020,True,True,True,True,True,True,True
PTL,2021,True,True,True,True,True,True,True
PTL,2022,True,True,True,True,True,True,True
PTL,2023,True,True,True,True,True,True,True
PTL,2024,True,True,True,True,True,True,True
PTL,2025,True,True,True,True,True,True,True
PTM,2012,True,True,True,True,True,True,True
PTM,2013,True,True,True,True,True,True,True
PTM,2014,True,True,True,True,True,True,True
PTM,2015,True,True,True,True,True,True,True
PTM,2016,True,True,True,True,True,True,True
PTM,2017,True,True,True,True,True,True,True
PTM,2024,True,True,True,True,True,True,True
PTM,2025,True,True,True,True,True,True,True
PTN,2019,True,True,True,True,True,True,True
PTN,2020,True,True,True,True,True,True,True
PTN,2021,True,True,True,True,True,True,True
PTN,2022,True,True,True,True,True,True,True
PTO,2014,True,True,True,True,True,True,True
PTO,2015,True,True,True,True,True,True,True
PTO,2016,True,True,True,True,True,True,True
PTO,2017,True,True,True,True,True,True,True
PTO,2018,True,True,True,True,True,True,True
PTO,2019,True,True,True,True,True,True,True
PTO,2020,True,True,True,True,True,True,True
PTO,2021,True,True,True,True,True,True,True
PTO,2022,True,True,True,True,True,True,True
PTO,2023,True,True,True,True,True,True,True
PTO,2024,True,True,True,True,True,True,True
PTO,2025,True,True,True,True,True,True,True
PTP,2010,True,True,True,True,True,True,True
PTP,2011,True,True,True,True,True,True,True
PTP,2012,True,True,True,True,True,True,True
PTP,2013,True,True,True,True,True,True,True
PTP,2014,True,True,True,True,True,True,True
PTP,2015,True,True,True,True,True,True,True
PTP,2016,True,True,True,True,True,True,True
PTP,2017,True,True,True,True,True,True,True
PTP,2018,True,True,True,True,True,True,True
PTP,2019,True,True,True,True,True,True,True
PTP,2020,True,True,True,True,True,True,True
PTP,2021,True,True,True,True,True,True,True
PTP,2022,True,True,True,True,True,True,True
PTP,2023,True,True,True,True,True,True,True
PTP,2024,True,True,True,True,True,True,True
PTP,2025,True,True,True,True,True,True,True
PTS,2009,True,True,True,True,True,True,True
PTS,2010,True,True,True,True,True,True,True
PTS,2011,True,True,True,True,True,True,True
PTS,2012,True,True,True,True,True,True,True
PTS,2013,True,True,True,True,True,True,True
PTS,2014,True,True,True,True,True,True,True
PTS,2015,True,True,True,True,True,True,True
PTS,2016,True,True,True,True,True,True,True
PTS,2017,True,True,True,True,True,True,True
PTS,2018,True,True,True,True,True,True,True
PTS,2019,True,True,True,True,True,True,True
PTS,2020,True,True,True,True,True,True,True
PTS,2021,True,True,True,True,True,True,True
PTS,2022,True,True,True,True,True,True,True
PTS,2023,True,True,True,True,True,True,True
PTS,2024,True,True,True,True,True,True,True
PTS,2025,True,True,True,True,True,True,True
PTT,2009,True,True,True,True,True,True,True
PTT,2010,True,True,True,True,True,True,True
PTT,2011,True,True,True,True,True,True,True
PTT,2012,True,True,True,True,True,True,True
PTT,2013,True,True,True,True,True,True,True
PTT,2014,True,True,True,True,True,True,True
PTT,2015,True,True,True,True,True,True,True
PTT,2016,True,True,True,True,True,True,True
PTT,2017,True,True,True,True,True,True,True
PTT,2018,True,True,True,True,True,True,True
PTT,2019,True,True,True,True,True,True,True
PTT,2021,True,True,True,True,True,True,True
PTT,2022,True,True,True,True,True,True,True
PTT,2023,True,True,True,True,True,True,True
PTT,2024,True,True,True,True,True,True,True
PTT,2025,True,True,True,True,True,True,True
PTV,2015,True,True,True,True,True,True,True
PTV,2016,True,True,True,True,True,True,True
PTV,2017,True,True,True,True,True,True,True
PTV,2018,True,True,True,True,True,True,True
PTV,2019,True,True,True,True,True,True,True
PTV,2020,True,True,True,True,True,True,True
PTV,2021,True,True,True,True,True,True,True
PTV,2022,True,True,True,True,True,True,True
PTV,2023,True,True,True,True,True,True,True
PTV,2024,True,True,True,True,True,True,True
PTV,2025,True,True,True,True,True,True,True
PTX,2016,True,True,True,True,True,True,True
PTX,2017,True,True,True,True,True,True,True
PTX,2018,True,True,True,True,True,True,True
PTX,2019,True,True,True,True,True,True,True
PTX,2020,True,True,True,True,True,True,True
PTX,2021,True,True,True,True,True,True,True
PTX,2022,True,True,True,True,True,True,True
PTX,2023,True,True,True,True,True,True,True
PTX,2024,True,True,True,True,True,True,True
PTX,2025,True,True,True,True,True,True,True
PVA,2010,True,True,True,True,True,True,True
PVA,2011,True,True,True,True,True,True,True
PVA,2012,True,True,True,True,True,True,True
PVA,2013,True,True,True,True,True,True,True
PVA,2014,True,True,True,True,True,True,True
PVA,2015,True,True,True,True,True,True,True
PVA,2016,True,True,True,True,True,True,True
PVA,2017,True,True,True,True,True,True,True
PVA,2018,True,True,True,True,True,True,True
PVA,2019,True,True,True,True,True,True,True
PVA,2020,True,True,True,True,True,True,True
PVA,2021,True,True,True,True,True,True,True
PVA,2024,True,True,True,True,True,True,True
PVB,2009,True,True,True,True,True,True,True
PVB,2010,True,True,True,True,True,True,True
PVB,2012,True,True,True,True,True,True,True
PVB,2013,True,True,True,True,True,True,True
PVB,2014,True,True,True,True,True,True,True
PVB,2015,True,True,True,True,True,True,True
PVB,2016,True,True,True,True,True,True,True
PVB,2017,True,True,True,True,True,True,True
PVB,2018,True,True,True,True,True,True,True
PVB,2019,True,True,True,True,True,True,True
PVB,2020,True,True,True,True,True,True,True
PVB,2021,True,True,True,True,True,True,True
PVB,2022,True,True,True,True,True,True,True
PVB,2023,True,True,True,True,True,True,True
PVB,2024,True,True,True,True,True,True,True
PVB,2025,True,True,True,True,True,True,True
PVC,2010,True,True,True,True,True,True,True
PVC,2011,True,True,True,True,True,True,True
PVC,2012,True,True,True,True,True,True,True
PVC,2013,True,True,True,True,True,True,True
PVC,2014,True,True,True,True,True,True,True
PVC,2015,True,True,True,True,True,True,True
PVC,2016,True,True,True,True,True,True,True
PVC,2017,True,True,True,True,True,True,True
PVC,2018,True,True,True,True,True,True,True
PVC,2019,True,True,True,True,True,True,True
PVC,2020,True,True,True,True,True,True,True
PVC,2021,True,True,True,True,True,True,True
PVC,2022,True,True,True,True,True,True,True
PVC,2023,True,True,True,True,True,True,True
PVC,2024,True,True,True,True,True,True,True
PVC,2025,True,True,True,True,True,True,True
PVD,2009,True,True,True,True,True,True,True
PVD,2010,True,True,True,True,True,True,True
PVD,2011,True,True,True,True,True,True,True
PVD,2012,True,True,True,True,True,True,True
PVD,2013,True,True,True,True,True,True,True
PVD,2014,True,True,True,True,True,True,True
PVD,2015,True,True,True,True,True,True,True
PVD,2016,True,True,True,True,True,True,True
PVD,2017,True,True,True,True,True,True,True
PVD,2018,True,True,True,True,True,True,True
PVD,2019,True,True,True,True,True,True,True
PVD,2020,True,True,True,True,True,True,True
PVD,2021,True,True,True,True,True,True,True
PVD,2022,True,True,True,True,True,True,True
PVD,2023,True,True,True,True,True,True,True
PVD,2024,True,True,True,True,True,True,True
PVD,2025,True,True,True,True,True,True,True
PVE,2009,True,True,True,True,True,True,True
PVE,2010,True,True,True,True,True,True,True
PVE,2011,True,True,True,True,True,True,True
PVE,2012,True,True,True,True,True,True,True
PVE,2013,True,True,True,True,True,True,True
PVE,2014,True,True,True,True,True,True,True
PVE,2015,True,True,True,True,True,True,True
PVE,2016,True,True,True,True,True,True,True
PVE,2017,True,True,True,True,True,True,True
PVE,2018,True,True,True,True,True,True,True
PVE,2019,True,True,True,True,True,True,True
PVE,2021,True,True,True,True,True,True,True
PVE,2022,True,True,True,True,True,True,True
PVE,2024,True,True,True,True,True,True,True
PVE,2025,True,True,True,True,True,True,True
PVG,2009,True,True,True,True,True,True,True
PVG,2010,True,True,True,True,True,True,True
PVG,2011,True,True,True,True,True,True,True
PVG,2012,True,True,True,True,True,True,True
PVG,2013,True,True,True,True,True,True,True
PVG,2014,True,True,True,True,True,True,True
PVG,2015,True,True,True,True,True,True,True
PVG,2016,True,True,True,True,True,True,True
PVG,2017,True,True,True,True,True,True,True
PVG,2018,True,True,True,True,True,True,True
PVG,2019,True,True,True,True,True,True,True
PVG,2020,True,True,True,True,True,True,True
PVG,2021,True,True,True,True,True,True,True
PVG,2022,True,True,True,True,True,True,True
PVG,2023,True,True,True,True,True,True,True
PVG,2024,True,True,True,True,True,True,True
PVG,2025,True,True,True,True,True,True,True
PVH,2010,True,True,True,True,True,True,True
PVH,2011,True,True,True,True,True,True,True
PVH,2012,True,True,True,True,True,True,True
PVH,2013,True,True,True,True,True,True,True
PVH,2014,True,True,True,True,True,True,True
PVH,2015,True,True,True,True,True,True,True
PVH,2016,True,True,True,True,True,True,True
PVH,2017,True,True,True,True,True,True,True
PVH,2018,True,True,True,True,True,True,True
PVH,2019,True,True,True,True,True,True,True
PVH,2020,True,True,True,True,True,True,True
PVH,2021,True,True,True,True,True,True,True
PVH,2022,True,True,True,True,True,True,True
PVH,2023,True,True,True,True,True,True,True
PVH,2024,True,True,True,True,True,True,True
PVH,2025,True,True,True,True,True,True,True
PVL,2010,True,True,True,True,True,True,True
PVL,2011,True,True,True,True,True,True,True
PVL,2012,True,True,True,True,True,True,True
PVL,2013,True,True,True,True,True,True,True
PVL,2014,True,True,True,True,True,True,True
PVL,2015,True,True,True,True,True,True,True
PVL,2016,True,True,True,True,True,True,True
PVL,2017,True,True,True,True,True,True,True
PVL,2018,True,True,True,True,True,True,True
PVL,2019,True,True,True,True,True,True,True
PVL,2020,True,True,True,True,True,True,True
PVL,2021,True,True,True,True,True,True,True
PVL,2022,True,True,True,True,True,True,True
PVL,2023,True,True,True,True,True,True,True
PVL,2024,True,True,True,True,True,True,True
PVL,2025,True,True,True,True,True,True,True
PVM,2011,True,True,True,True,True,True,True
PVM,2012,True,True,True,True,True,True,True
PVM,2013,True,True,True,True,True,True,True
PVM,2014,True,True,True,True,True,True,True
PVM,2015,True,True,True,True,True,True,True
PVM,2016,True,True,True,True,True,True,True
PVM,2017,True,True,True,True,True,True,True
PVM,2018,True,True,True,True,True,True,True
PVM,2019,True,True,True,True,True,True,True
PVM,2020,True,True,True,True,True,True,True
PVM,2021,True,True,True,True,True,True,True
PVM,2022,True,True,True,True,True,True,True
PVM,2023,True,True,True,True,True,True,True
PVM,2024,True,True,True,True,True,True,True
PVM,2025,True,True,True,True,True,True,True
PVO,2010,True,True,True,True,True,True,True
PVO,2012,True,True,True,True,True,True,True
PVO,2013,True,True,True,True,True,True,True
PVO,2014,True,True,True,True,True,True,True
PVO,2015,True,True,True,True,True,True,True
PVO,2016,True,True,True,True,True,True,True
PVO,2017,True,True,True,True,True,True,True
PVO,2018,True,True,True,True,True,True,True
PVO,2019,True,True,True,True,True,True,True
PVO,2020,True,True,True,True,True,True,True
PVO,2021,True,True,True,True,True,True,True
PVO,2022,True,True,True,True,True,True,True
PVO,2023,True,True,True,True,True,True,True
PVO,2024,True,True,True,True,True,True,True
PVO,2025,True,True,True,True,True,True,True
PVP,2010,True,True,True,True,True,True,True
PVP,2011,True,True,True,True,True,True,True
PVP,2012,True,True,True,True,True,True,True
PVP,2013,True,True,True,True,True,True,True
PVP,2014,True,True,True,True,True,True,True
PVP,2015,True,True,True,True,True,True,True
PVP,2016,True,True,True,True,True,True,True
PVP,2017,True,True,True,True,True,True,True
PVP,2018,True,True,True,True,True,True,True
PVP,2019,True,True,True,True,True,True,True
PVP,2020,True,True,True,True,True,True,True
PVP,2021,True,True,True,True,True,True,True
PVP,2022,True,True,True,True,True,True,True
PVP,2023,True,True,True,True,True,True,True
PVP,2024,True,True,True,True,True,True,True
PVP,2025,True,True,True,True,True,True,True
PVR,2009,True,True,True,True,True,True,True
PVR,2011,True,True,True,True,True,True,True
PVR,2012,True,True,True,True,True,True,True
PVR,2013,True,True,True,True,True,True,True
PVR,2014,True,True,True,True,True,True,True
PVR,2015,True,True,True,True,True,True,True
PVR,2016,True,True,True,True,True,True,True
PVR,2017,True,True,True,True,True,True,True
PVR,2018,True,True,True,True,True,True,True
PVR,2019,True,True,True,True,True,True,True
PVR,2020,True,True,True,True,True,True,True
PVR,2021,True,True,True,True,True,True,True
PVR,2022,True,True,True,True,True,True,True
PVR,2023,True,True,True,True,True,True,True
PVR,2024,True,True,True,True,True,True,True
PVR,2025,True,True,True,True,True,True,True
PVS,2009,True,True,True,True,True,True,True
PVS,2010,True,True,True,True,True,True,True
PVS,2011,True,True,True,True,True,True,True
PVS,2012,True,True,True,True,True,True,True
PVS,2013,True,True,True,True,True,True,True
PVS,2014,True,True,True,True,True,True,True
PVS,2015,True,True,True,True,True,True,True
PVS,2016,True,True,True,True,True,True,True
PVS,2017,True,True,True,True,True,True,True
PVS,2018,True,True,True,True,True,True,True
PVS,2019,True,True,True,True,True,True,True
PVS,2020,True,True,True,True,True,True,True
PVS,2021,True,True,True,True,True,True,True
PVS,2022,True,True,True,True,True,True,True
PVS,2023,True,True,True,True,True,True,True
PVS,2024,True,True,True,True,True,True,True
PVS,2025,True,True,True,True,True,True,True
PVT,2009,True,True,True,True,True,True,True
PVT,2010,True,True,True,True,True,True,True
PVT,2011,True,True,True,True,True,True,True
PVT,2012,True,True,True,True,True,True,True
PVT,2013,True,True,True,True,True,True,True
PVT,2014,True,True,True,True,True,True,True
PVT,2015,True,True,True,True,True,True,True
PVT,2016,True,True,True,True,True,True,True
PVT,2017,True,True,True,True,True,True,True
PVT,2018,True,True,True,True,True,True,True
PVT,2019,True,True,True,True,True,True,True
PVT,2020,True,True,True,True,True,True,True
PVT,2021,True,True,True,True,True,True,True
PVT,2022,True,True,True,True,True,True,True
PVT,2023,True,True,True,True,True,True,True
PVT,2024,True,True,True,True,True,True,True
PVT,2025,True,True,True,True,True,True,True
PVV,2009,True,True,True,True,True,True,True
PVV,2010,True,True,True,True,True,True,True
PVV,2011,True,True,True,True,True,True,True
PVV,2012,True,True,True,True,True,True,True
PVV,2013,True,True,True,True,True,True,True
PVV,2014,True,True,True,True,True,True,True
PVV,2015,True,True,True,True,True,True,True
PVV,2016,True,True,True,True,True,True,True
PVV,2017,True,True,True,True,True,True,True
PVV,2018,True,True,True,True,True,True,True
PVV,2019,True,True,True,True,True,True,True
PVV,2020,True,True,True,True,True,True,True
PVV,2021,True,True,True,True,True,True,True
PVV,2022,True,True,True,True,True,True,True
PVV,2023,True,True,True,True,True,True,True
PVV,2024,True,True,True,True,True,True,True
PVV,2025,True,True,True,True,True,True,True
PVX,2009,True,True,True,True,True,True,True
PVX,2010,True,True,True,True,True,True,True
PVX,2011,True,True,True,True,True,True,True
PVX,2012,True,True,True,True,True,True,True
PVX,2013,True,True,True,True,True,True,True
PVX,2014,True,True,True,True,True,True,True
PVX,2015,True,True,True,True,True,True,True
PVX,2016,True,True,True,True,True,True,True
PVX,2017,True,True,True,True,True,True,True
PVX,2018,True,True,True,True,True,True,True
PVX,2019,True,True,True,True,True,True,True
PVX,2020,True,True,True,True,True,True,True
PVX,2021,True,True,True,True,True,True,True
PVX,2022,True,True,True,True,True,True,True
PVX,2023,True,True,True,True,True,True,True
PVX,2024,True,True,True,True,True,True,True
PVX,2025,True,True,True,True,True,True,True
PVY,2013,True,True,True,True,True,True,True
PVY,2014,True,True,True,True,True,True,True
PVY,2015,True,True,True,True,True,True,True
PVY,2016,True,True,True,True,True,True,True
PVY,2017,True,True,True,True,True,True,True
PVY,2018,True,True,True,True,True,True,True
PVY,2019,True,True,True,True,True,True,True
PVY,2020,True,True,True,True,True,True,True
PVY,2021,True,True,True,True,True,True,True
PVY,2022,True,True,True,True,True,True,True
PVY,2023,True,True,True,True,True,True,True
PVY,2024,True,True,True,True,True,True,True
PVY,2025,True,True,True,True,True,True,True
PWA,2017,True,True,True,True,True,True,True
PWA,2018,True,True,True,True,True,True,True
PWA,2019,True,True,True,True,True,True,True
PWA,2020,True,True,True,True,True,True,True
PWA,2021,True,True,True,True,True,True,True
PWA,2022,True,True,True,True,True,True,True
PWA,2023,True,True,True,True,True,True,True
PWA,2024,True,True,True,True,True,True,True
PWA,2025,True,True,True,True,True,True,True
PWS,2015,True,True,True,True,True,True,True
PWS,2016,True,True,True,True,True,True,True
PWS,2017,True,True,True,True,True,True,True
PWS,2018,True,True,True,True,True,True,True
PWS,2019,True,True,True,True,True,True,True
PWS,2020,True,True,True,True,True,True,True
PWS,2021,True,True,True,True,True,True,True
PWS,2022,True,True,True,True,True,True,True
PWS,2023,True,True,True,True,True,True,True
PWS,2024,True,True,True,True,True,True,True
PWS,2025,True,True,True,True,True,True,True
PX1,2009,True,True,True,True,True,True,True
PX1,2010,True,True,True,True,True,True,True
PX1,2011,True,True,True,True,True,True,True
PX1,2012,True,True,True,True,True,True,True
PX1,2013,True,True,True,True,True,True,True
PX1,2014,True,True,True,True,True,True,True
PX1,2015,True,True,True,True,True,True,True
PX1,2016,True,True,True,True,True,True,True
PX1,2017,True,True,True,True,True,True,True
PXA,2009,True,True,True,True,True,True,True
PXA,2010,True,True,True,True,True,True,True
PXA,2011,True,True,True,True,True,True,True
PXA,2012,True,True,True,True,True,True,True
PXA,2013,True,True,True,True,True,True,True
PXA,2014,True,True,True,True,True,True,True
PXA,2015,True,True,True,True,True,True,True
PXA,2016,True,True,True,True,True,True,True
PXA,2017,True,True,True,True,True,True,True
PXA,2018,True,True,True,True,True,True,True
PXA,2019,True,True,True,True,True,True,True
PXA,2020,True,True,True,True,True,True,True
PXA,2021,True,True,True,True,True,True,True
PXA,2022,True,True,True,True,True,True,True
PXA,2023,True,True,True,True,True,True,True
PXA,2024,True,True,True,True,True,True,True
PXA,2025,True,True,True,True,True,True,True
PXC,2009,True,True,True,True,True,True,True
PXC,2010,True,True,True,True,True,True,True
PXC,2011,True,True,True,True,True,True,True
PXC,2012,True,True,True,True,True,True,True
PXC,2013,True,True,True,True,True,True,True
PXC,2015,True,True,True,True,True,True,True
PXC,2016,True,True,True,True,True,True,True
PXC,2017,True,True,True,True,True,True,True
PXC,2018,True,True,True,True,True,True,True
PXC,2020,True,True,True,True,True,True,True
PXC,2021,True,True,True,True,True,True,True
PXC,2022,True,True,True,True,True,True,True
PXI,2009,True,True,True,True,True,True,True
PXI,2010,True,True,True,True,True,True,True
PXI,2011,True,True,True,True,True,True,True
PXI,2012,True,True,True,True,True,True,True
PXI,2013,True,True,True,True,True,True,True
PXI,2014,True,True,True,True,True,True,True
PXI,2015,True,True,True,True,True,True,True
PXI,2016,True,True,True,True,True,True,True
PXI,2017,True,True,True,True,True,True,True
PXI,2018,True,True,True,True,True,True,True
PXI,2019,True,True,True,True,True,True,True
PXI,2020,True,True,True,True,True,True,True
PXI,2021,True,True,True,True,True,True,True
PXI,2022,True,True,True,True,True,True,True
PXI,2023,True,True,True,True,True,True,True
PXI,2024,True,True,True,True,True,True,True
PXI,2025,True,True,True,True,True,True,True
PXL,2009,True,True,True,True,True,True,True
PXL,2010,True,True,True,True,True,True,True
PXL,2011,True,True,True,True,True,True,True
PXL,2012,True,True,True,True,True,True,True
PXL,2013,True,True,True,True,True,True,True
PXL,2014,True,True,True,True,True,True,True
PXL,2015,True,True,True,True,True,True,True
PXL,2016,True,True,True,True,True,True,True
PXL,2017,True,True,True,True,True,True,True
PXL,2018,True,True,True,True,True,True,True
PXL,2019,True,True,True,True,True,True,True
PXL,2020,True,True,True,True,True,True,True
PXL,2021,True,True,True,True,True,True,True
PXL,2022,True,True,True,True,True,True,True
PXL,2023,True,True,True,True,True,True,True
PXL,2024,True,True,True,True,True,True,True
PXL,2025,True,True,True,True,True,True,True
PXM,2010,True,True,True,True,True,True,True
PXM,2011,True,True,True,True,True,True,True
PXM,2012,True,True,True,True,True,True,True
PXM,2013,True,True,True,True,True,True,True
PXM,2014,True,True,True,True,True,True,True
PXM,2015,True,True,True,True,True,True,True
PXM,2016,True,True,True,True,True,True,True
PXM,2017,True,True,True,True,True,True,True
PXM,2018,True,True,True,True,True,True,True
PXM,2019,True,True,True,True,True,True,True
PXM,2020,True,True,True,True,True,True,True
PXM,2021,True,True,True,True,True,True,True
PXM,2022,True,True,True,True,True,True,True
PXM,2023,True,True,True,True,True,True,True
PXM,2024,True,True,True,True,True,True,True
PXM,2025,True,True,True,True,True,True,True
PXS,2010,True,True,True,True,True,True,True
PXS,2011,True,True,True,True,True,True,True
PXS,2012,True,True,True,True,True,True,True
PXS,2013,True,True,True,True,True,True,True
PXS,2014,True,True,True,True,True,True,True
PXS,2015,True,True,True,True,True,True,True
PXS,2016,True,True,True,True,True,True,True
PXS,2017,True,True,True,True,True,True,True
PXS,2018,True,True,True,True,True,True,True
PXS,2019,True,True,True,True,True,True,True
PXS,2020,True,True,True,True,True,True,True
PXS,2021,True,True,True,True,True,True,True
PXS,2022,True,True,True,True,True,True,True
PXS,2023,True,True,True,True,True,True,True
PXS,2024,True,True,True,True,True,True,True
PXS,2025,True,True,True,True,True,True,True
PXT,2010,True,True,True,True,True,True,True
PXT,2011,True,True,True,True,True,True,True
PXT,2012,True,True,True,True,True,True,True
PXT,2013,True,True,True,True,True,True,True
PXT,2014,True,True,True,True,True,True,True
PXT,2015,True,True,True,True,True,True,True
PXT,2016,True,True,True,True,True,True,True
PXT,2017,True,True,True,True,True,True,True
PXT,2018,True,True,True,True,True,True,True
PXT,2019,True,True,True,True,True,True,True
PXT,2020,True,True,True,True,True,True,True
PXT,2021,True,True,True,True,True,True,True
PXT,2022,True,True,True,True,True,True,True
PXT,2023,True,True,True,True,True,True,True
PXT,2024,True,True,True,True,True,True,True
PXT,2025,True,True,True,True,True,True,True
PYU,2014,True,True,True,True,True,True,True
PYU,2017,True,True,True,True,True,True,True
PYU,2018,True,True,True,True,True,True,True
PYU,2019,True,True,True,True,True,True,True
PYU,2020,True,True,True,True,True,True,True
PYU,2021,True,True,True,True,True,True,True
QBR,2017,True,True,True,True,True,True,True
QBR,2018,True,True,True,True,True,True,True
QBR,2019,True,True,True,True,True,True,True
QBR,2020,True,True,True,True,True,True,True
QBS,2013,True,True,True,True,True,True,True
QBS,2015,True,True,True,True,True,True,True
QBS,2016,True,True,True,True,True,True,True
QBS,2018,True,True,True,True,True,True,True
QBS,2019,True,True,True,True,True,True,True
QBS,2020,True,True,True,True,True,True,True
QBS,2021,True,True,True,True,True,True,True
QBS,2022,True,True,True,True,True,True,True
QBS,2023,True,True,True,True,True,True,True
QBS,2024,True,True,True,True,True,True,True
QBS,2025,True,True,True,True,True,True,True
QCC,2010,True,True,True,True,True,True,True
QCC,2011,True,True,True,True,True,True,True
QCC,2012,True,True,True,True,True,True,True
QCC,2013,True,True,True,True,True,True,True
QCC,2014,True,True,True,True,True,True,True
QCC,2015,True,True,True,True,True,True,True
QCC,2016,True,True,True,True,True,True,True
QCC,2017,True,True,True,True,True,True,True
QCC,2018,True,True,True,True,True,True,True
QCC,2019,True,True,True,True,True,True,True
QCC,2020,True,True,True,True,True,True,True
QCC,2021,True,True,True,True,True,True,True
QCC,2022,True,True,True,True,True,True,True
QCC,2023,True,True,True,True,True,True,True
QCC,2024,True,True,True,True,True,True,True
QCC,2025,True,True,True,True,True,True,True
QCG,2009,True,True,True,True,True,True,True
QCG,2010,True,True,True,True,True,True,True
QCG,2011,True,True,True,True,True,True,True
QCG,2012,True,True,True,True,True,True,True
QCG,2013,True,True,True,True,True,True,True
QCG,2014,True,True,True,True,True,True,True
QCG,2015,True,True,True,True,True,True,True
QCG,2016,True,True,True,True,True,True,True
QCG,2017,True,True,True,True,True,True,True
QCG,2018,True,True,True,True,True,True,True
QCG,2019,True,True,True,True,True,True,True
QCG,2020,True,True,True,True,True,True,True
QCG,2021,True,True,True,True,True,True,True
QCG,2022,True,True,True,True,True,True,True
QCG,2023,True,True,True,True,True,True,True
QCG,2024,True,True,True,True,True,True,True
QCG,2025,True,True,True,True,True,True,True
QHW,2015,True,True,True,True,True,True,True
QHW,2016,True,True,True,True,True,True,True
QHW,2017,True,True,True,True,True,True,True
QHW,2018,True,True,True,True,True,True,True
QHW,2019,True,True,True,True,True,True,True
QHW,2020,True,True,True,True,True,True,True
QHW,2021,True,True,True,True,True,True,True
QHW,2022,True,True,True,True,True,True,True
QHW,2023,True,True,True,True,True,True,True
QHW,2024,True,True,True,True,True,True,True
QHW,2025,True,True,True,True,True,True,True
QLD,2016,True,True,True,True,True,True,True
QLD,2017,True,True,True,True,True,True,True
QLD,2018,True,True,True,True,True,True,True
QLD,2019,True,True,True,True,True,True,True
QLD,2020,True,True,True,True,True,True,True
QLD,2021,True,True,True,True,True,True,True
QLT,2015,True,True,True,True,True,True,True
QLT,2016,True,True,True,True,True,True,True
QLT,2017,True,True,True,True,True,True,True
QLT,2018,True,True,True,True,True,True,True
QLT,2019,True,True,True,True,True,True,True
QLT,2020,True,True,True,True,True,True,True
QLT,2021,True,True,True,True,True,True,True
QNC,2012,True,True,True,True,True,True,True
QNC,2013,True,True,True,True,True,True,True
QNC,2014,True,True,True,True,True,True,True
QNC,2015,True,True,True,True,True,True,True
QNC,2016,True,True,True,True,True,True,True
QNC,2017,True,True,True,True,True,True,True
QNC,2018,True,True,True,True,True,True,True
QNC,2019,True,True,True,True,True,True,True
QNC,2020,True,True,True,True,True,True,True
QNC,2021,True,True,True,True,True,True,True
QNC,2022,True,True,True,True,True,True,True
QNC,2023,True,True,True,True,True,True,True
QNC,2024,True,True,True,True,True,True,True
QNC,2025,True,True,True,True,True,True,True
QNP,2010,True,True,True,True,True,True,True
QNP,2012,True,True,True,True,True,True,True
QNP,2013,True,True,True,True,True,True,True
QNP,2014,True,True,True,True,True,True,True
QNP,2015,True,True,True,True,True,True,True
QNP,2016,True,True,True,True,True,True,True
QNP,2017,True,True,True,True,True,True,True
QNP,2018,True,True,True,True,True,True,True
QNP,2019,True,True,True,True,True,True,True
QNP,2020,True,True,True,True,True,True,True
QNP,2021,True,True,True,True,True,True,True
QNP,2022,True,True,True,True,True,True,True
QNP,2023,True,True,True,True,True,True,True
QNP,2024,True,True,True,True,True,True,True
QNP,2025,True,True,True,True,True,True,True
QNS,2011,True,True,True,True,True,True,True
QNS,2012,True,True,True,True,True,True,True
QNS,2013,True,True,True,True,True,True,True
QNS,2014,True,True,True,True,True,True,True
QNS,2015,True,True,True,True,True,True,True
QNS,2016,True,True,True,True,True,True,True
QNS,2019,True,True,True,True,True,True,True
QNS,2020,True,True,True,True,True,True,True
QNS,2021,True,True,True,True,True,True,True
QNS,2022,True,True,True,True,True,True,True
QNS,2023,True,True,True,True,True,True,True
QNS,2024,True,True,True,True,True,True,True
QNS,2025,True,True,True,True,True,True,True
QNT,2019,True,True,True,True,True,True,True
QNT,2022,True,True,True,True,True,True,True
QNT,2023,True,True,True,True,True,True,True
QNT,2024,True,True,True,True,True,True,True
QNT,2025,True,True,True,True,True,True,True
QNU,2017,True,True,True,True,True,True,True
QNU,2018,True,True,True,True,True,True,True
QNU,2019,True,True,True,True,True,True,True
QNU,2020,True,True,True,True,True,True,True
QNU,2021,True,True,True,True,True,True,True
QNU,2022,True,True,True,True,True,True,True
QNU,2023,True,True,True,True,True,True,True
QNU,2024,True,True,True,True,True,True,True
QNU,2025,True,True,True,True,True,True,True
QNW,2015,True,True,True,True,True,True,True
QNW,2016,True,True,True,True,True,True,True
QNW,2017,True,True,True,True,True,True,True
QNW,2018,True,True,True,True,True,True,True
QNW,2019,True,True,True,True,True,True,True
QNW,2020,True,True,True,True,True,True,True
QNW,2021,True,True,True,True,True,True,True
QNW,2022,True,True,True,True,True,True,True
QNW,2023,True,True,True,True,True,True,True
QNW,2024,True,True,True,True,True,True,True
QNW,2025,True,True,True,True,True,True,True
QPH,2012,True,True,True,True,True,True,True
QPH,2014,True,True,True,True,True,True,True
QPH,2015,True,True,True,True,True,True,True
QPH,2016,True,True,True,True,True,True,True
QPH,2017,True,True,True,True,True,True,True
QPH,2018,True,True,True,True,True,True,True
QPH,2019,True,True,True,True,True,True,True
QPH,2020,True,True,True,True,True,True,True
QPH,2021,True,True,True,True,True,True,True
QPH,2022,True,True,True,True,True,True,True
QPH,2023,True,True,True,True,True,True,True
QPH,2024,True,True,True,True,True,True,True
QPH,2025,True,True,True,True,True,True,True
QSP,2011,True,True,True,True,True,True,True
QSP,2012,True,True,True,True,True,True,True
QSP,2013,True,True,True,True,True,True,True
QSP,2014,True,True,True,True,True,True,True
QSP,2015,True,True,True,True,True,True,True
QSP,2016,True,True,True,True,True,True,True
QSP,2017,True,True,True,True,True,True,True
QSP,2018,True,True,True,True,True,True,True
QSP,2019,True,True,True,True,True,True,True
QSP,2020,True,True,True,True,True,True,True
QSP,2021,True,True,True,True,True,True,True
QSP,2022,True,True,True,True,True,True,True
QSP,2023,True,True,True,True,True,True,True
QSP,2024,True,True,True,True,True,True,True
QSP,2025,True,True,True,True,True,True,True
QST,2010,True,True,True,True,True,True,True
QST,2011,True,True,True,True,True,True,True
QST,2012,True,True,True,True,True,True,True
QST,2014,True,True,True,True,True,True,True
QST,2015,True,True,True,True,True,True,True
QST,2016,True,True,True,True,True,True,True
QST,2017,True,True,True,True,True,True,True
QST,2018,True,True,True,True,True,True,True
QST,2019,True,True,True,True,True,True,True
QST,2022,True,True,True,True,True,True,True
QST,2023,True,True,True,True,True,True,True
QST,2024,True,True,True,True,True,True,True
QST,2025,True,True,True,True,True,True,True
QTC,2010,True,True,True,True,True,True,True
QTC,2011,True,True,True,True,True,True,True
QTC,2012,True,True,True,True,True,True,True
QTC,2013,True,True,True,True,True,True,True
QTC,2015,True,True,True,True,True,True,True
QTC,2016,True,True,True,True,True,True,True
QTC,2017,True,True,True,True,True,True,True
QTC,2018,True,True,True,True,True,True,True
QTC,2019,True,True,True,True,True,True,True
QTC,2020,True,True,True,True,True,True,True
QTC,2021,True,True,True,True,True,True,True
QTC,2022,True,True,True,True,True,True,True
QTC,2023,True,True,True,True,True,True,True
QTC,2024,True,True,True,True,True,True,True
QTC,2025,True,True,True,True,True,True,True
QTP,2012,True,True,True,True,True,True,True
QTP,2013,True,True,True,True,True,True,True
QTP,2014,True,True,True,True,True,True,True
QTP,2015,True,True,True,True,True,True,True
QTP,2016,True,True,True,True,True,True,True
QTP,2017,True,True,True,True,True,True,True
QTP,2018,True,True,True,True,True,True,True
QTP,2019,True,True,True,True,True,True,True
QTP,2020,True,True,True,True,True,True,True
QTP,2021,True,True,True,True,True,True,True
QTP,2022,True,True,True,True,True,True,True
QTP,2023,True,True,True,True,True,True,True
QTP,2024,True,True,True,True,True,True,True
QTP,2025,True,True,True,True,True,True,True
RAL,2009,True,True,True,True,True,True,True
RAL,2010,True,True,True,True,True,True,True
RAL,2011,True,True,True,True,True,True,True
RAL,2012,True,True,True,True,True,True,True
RAL,2013,True,True,True,True,True,True,True
RAL,2014,True,True,True,True,True,True,True
RAL,2015,True,True,True,True,True,True,True
RAL,2016,True,True,True,True,True,True,True
RAL,2017,True,True,True,True,True,True,True
RAL,2018,True,True,True,True,True,True,True
RAL,2019,True,True,True,True,True,True,True
RAL,2020,True,True,True,True,True,True,True
RAL,2021,True,True,True,True,True,True,True
RAL,2022,True,True,True,True,True,True,True
RAL,2023,True,True,True,True,True,True,True
RAL,2024,True,True,True,True,True,True,True
RAL,2025,True,True,True,True,True,True,True
RAT,2011,True,True,True,True,True,True,True
RAT,2012,True,True,True,True,True,True,True
RAT,2013,True,True,True,True,True,True,True
RAT,2014,True,True,True,True,True,True,True
RAT,2015,True,True,True,True,True,True,True
RAT,2016,True,True,True,True,True,True,True
RAT,2017,True,True,True,True,True,True,True
RAT,2018,True,True,True,True,True,True,True
RAT,2019,True,True,True,True,True,True,True
RAT,2020,True,True,True,True,True,True,True
RAT,2021,True,True,True,True,True,True,True
RAT,2022,True,True,True,True,True,True,True
RAT,2023,True,True,True,True,True,True,True
RAT,2024,True,True,True,True,True,True,True
RAT,2025,True,True,True,True,True,True,True
RBC,2011,True,True,True,True,True,True,True
RBC,2012,True,True,True,True,True,True,True
RBC,2013,True,True,True,True,True,True,True
RBC,2014,True,True,True,True,True,True,True
RBC,2015,True,True,True,True,True,True,True
RBC,2016,True,True,True,True,True,True,True
RBC,2017,True,True,True,True,True,True,True
RBC,2018,True,True,True,True,True,True,True
RBC,2019,True,True,True,True,True,True,True
RBC,2020,True,True,True,True,True,True,True
RBC,2021,True,True,True,True,True,True,True
RBC,2022,True,True,True,True,True,True,True
RBC,2023,True,True,True,True,True,True,True
RBC,2024,True,True,True,True,True,True,True
RBC,2025,True,True,True,True,True,True,True
RCC,2011,True,True,True,True,True,True,True
RCC,2012,True,True,True,True,True,True,True
RCC,2013,True,True,True,True,True,True,True
RCC,2014,True,True,True,True,True,True,True
RCC,2015,True,True,True,True,True,True,True
RCC,2016,True,True,True,True,True,True,True
RCC,2017,True,True,True,True,True,True,True
RCC,2018,True,True,True,True,True,True,True
RCC,2019,True,True,True,True,True,True,True
RCC,2020,True,True,True,True,True,True,True
RCC,2021,True,True,True,True,True,True,True
RCC,2022,True,True,True,True,True,True,True
RCC,2023,True,True,True,True,True,True,True
RCC,2024,True,True,True,True,True,True,True
RCC,2025,True,True,True,True,True,True,True
RCD,2011,True,True,True,True,True,True,True
RCD,2012,True,True,True,True,True,True,True
RCD,2013,True,True,True,True,True,True,True
RCD,2014,True,True,True,True,True,True,True
RCD,2015,True,True,True,True,True,True,True
RCD,2016,True,True,True,True,True,True,True
RCD,2017,True,True,True,True,True,True,True
RCD,2018,True,True,True,True,True,True,True
RCD,2019,True,True,True,True,True,True,True
RCD,2020,True,True,True,True,True,True,True
RCD,2021,True,True,True,True,True,True,True
RCD,2022,True,True,True,True,True,True,True
RCL,2009,True,True,True,True,True,True,True
RCL,2010,True,True,True,True,True,True,True
RCL,2011,True,True,True,True,True,True,True
RCL,2012,True,True,True,True,True,True,True
RCL,2014,True,True,True,True,True,True,True
RCL,2015,True,True,True,True,True,True,True
RCL,2017,True,True,True,True,True,True,True
RCL,2018,True,True,True,True,True,True,True
RCL,2020,True,True,True,True,True,True,True
RCL,2021,True,True,True,True,True,True,True
RCL,2023,True,True,True,True,True,True,True
RCL,2024,True,True,True,True,True,True,True
RDP,2009,True,True,True,True,True,True,True
RDP,2010,True,True,True,True,True,True,True
RDP,2011,True,True,True,True,True,True,True
RDP,2012,True,True,True,True,True,True,True
RDP,2013,True,True,True,True,True,True,True
RDP,2014,True,True,True,True,True,True,True
RDP,2015,True,True,True,True,True,True,True
RDP,2016,True,True,True,True,True,True,True
RDP,2017,True,True,True,True,True,True,True
RDP,2018,True,True,True,True,True,True,True
RDP,2019,True,True,True,True,True,True,True
RDP,2020,True,True,True,True,True,True,True
RDP,2021,True,True,True,True,True,True,True
RDP,2022,True,True,True,True,True,True,True
RDP,2023,True,True,True,True,True,True,True
REE,2009,True,True,True,True,True,True,True
REE,2010,True,True,True,True,True,True,True
REE,2011,True,True,True,True,True,True,True
REE,2012,True,True,True,True,True,True,True
REE,2013,True,True,True,True,True,True,True
REE,2014,True,True,True,True,True,True,True
REE,2015,True,True,True,True,True,True,True
REE,2016,True,True,True,True,True,True,True
REE,2017,True,True,True,True,True,True,True
REE,2018,True,True,True,True,True,True,True
REE,2019,True,True,True,True,True,True,True
REE,2020,True,True,True,True,True,True,True
REE,2021,True,True,True,True,True,True,True
REE,2022,True,True,True,True,True,True,True
REE,2023,True,True,True,True,True,True,True
REE,2024,True,True,True,True,True,True,True
REE,2025,True,True,True,True,True,True,True
RGC,2015,True,True,True,True,True,True,True
RGC,2016,True,True,True,True,True,True,True
RGC,2017,True,True,True,True,True,True,True
RGC,2018,True,True,True,True,True,True,True
RGC,2019,True,True,True,True,True,True,True
RGC,2020,True,True,True,True,True,True,True
RGC,2021,True,True,True,True,True,True,True
RGC,2022,True,True,True,True,True,True,True
RGG,2024,True,True,True,True,True,True,True
RGG,2025,True,True,True,True,True,True,True
RHC,2010,True,True,True,True,True,True,True
RHC,2012,True,True,True,True,True,True,True
RHN,2016,True,True,True,True,True,True,True
RHN,2017,True,True,True,True,True,True,True
RHN,2018,True,True,True,True,True,True,True
RHN,2019,True,True,True,True,True,True,True
RHN,2020,True,True,True,True,True,True,True
RIC,2009,True,True,True,True,True,True,True
RIC,2010,True,True,True,True,True,True,True
RIC,2011,True,True,True,True,True,True,True
RIC,2012,True,True,True,True,True,True,True
RIC,2013,True,True,True,True,True,True,True
RIC,2014,True,True,True,True,True,True,True
RIC,2015,True,True,True,True,True,True,True
RIC,2016,True,True,True,True,True,True,True
RIC,2017,True,True,True,True,True,True,True
RIC,2018,True,True,True,True,True,True,True
RIC,2019,True,True,True,True,True,True,True
RIC,2020,True,True,True,True,True,True,True
RIC,2021,True,True,True,True,True,True,True
RIC,2022,True,True,True,True,True,True,True
RIC,2023,True,True,True,True,True,True,True
RIC,2024,True,True,True,True,True,True,True
RIC,2025,True,True,True,True,True,True,True
RLC,2016,True,True,True,True,True,True,True
RLC,2017,True,True,True,True,True,True,True
RLC,2018,True,True,True,True,True,True,True
RLC,2019,True,True,True,True,True,True,True
RLC,2020,True,True,True,True,True,True,True
ROS,2013,True,True,True,True,True,True,True
ROS,2014,True,True,True,True,True,True,True
ROS,2015,True,True,True,True,True,True,True
ROS,2016,True,True,True,True,True,True,True
ROS,2017,True,True,True,True,True,True,True
ROS,2018,True,True,True,True,True,True,True
ROS,2019,True,True,True,True,True,True,True
ROS,2020,True,True,True,True,True,True,True
ROS,2021,True,True,True,True,True,True,True
RTB,2014,True,True,True,True,True,True,True
RTB,2015,True,True,True,True,True,True,True
RTB,2016,True,True,True,True,True,True,True
RTB,2017,True,True,True,True,True,True,True
RTB,2018,True,True,True,True,True,True,True
RTB,2019,True,True,True,True,True,True,True
RTB,2020,True,True,True,True,True,True,True
RTB,2021,True,True,True,True,True,True,True
RTB,2022,True,True,True,True,True,True,True
RTB,2023,True,True,True,True,True,True,True
RTB,2024,True,True,True,True,True,True,True
RTB,2025,True,True,True,True,True,True,True
RTH,2014,True,True,True,True,True,True,True
RTH,2015,True,True,True,True,True,True,True
RTH,2017,True,True,True,True,True,True,True
RTH,2018,True,True,True,True,True,True,True
RTH,2019,True,True,True,True,True,True,True
RTH,2020,True,True,True,True,True,True,True
RTS,2014,True,True,True,True,True,True,True
RTS,2015,True,True,True,True,True,True,True
RTS,2016,True,True,True,True,True,True,True
RTS,2017,True,True,True,True,True,True,True
RTS,2018,True,True,True,True,True,True,True
RTS,2019,True,True,True,True,True,True,True
RTS,2020,True,True,True,True,True,True,True
RYG,2021,True,True,True,True,True,True,True
RYG,2022,True,True,True,True,True,True,True
RYG,2023,True,True,True,True,True,True,True
RYG,2024,True,True,True,True,True,True,True
RYG,2025,True,True,True,True,True,True,True
S12,2010,True,True,True,True,True,True,True
S12,2011,True,True,True,True,True,True,True
S12,2012,True,True,True,True,True,True,True
S12,2013,True,True,True,True,True,True,True
S12,2014,True,True,True,True,True,True,True
S12,2015,True,True,True,True,True,True,True
S12,2016,True,True,True,True,True,True,True
S12,2017,True,True,True,True,True,True,True
S12,2018,True,True,True,True,True,True,True
S12,2019,True,True,True,True,True,True,True
S12,2020,True,True,True,True,True,True,True
S12,2021,True,True,True,True,True,True,True
S12,2022,True,True,True,True,True,True,True
S12,2023,True,True,True,True,True,True,True
S12,2024,True,True,True,True,True,True,True
S12,2025,True,True,True,True,True,True,True
S27,2010,True,True,True,True,True,True,True
S27,2011,True,True,True,True,True,True,True
S27,2012,True,True,True,True,True,True,True
S27,2013,True,True,True,True,True,True,True
S27,2014,True,True,True,True,True,True,True
S27,2015,True,True,True,True,True,True,True
S27,2016,True,True,True,True,True,True,True
S27,2017,True,True,True,True,True,True,True
S33,2011,True,True,True,True,True,True,True
S33,2012,True,True,True,True,True,True,True
S33,2013,True,True,True,True,True,True,True
S33,2014,True,True,True,True,True,True,True
S33,2015,True,True,True,True,True,True,True
S4A,2013,True,True,True,True,True,True,True
S4A,2014,True,True,True,True,True,True,True
S4A,2015,True,True,True,True,True,True,True
S4A,2016,True,True,True,True,True,True,True
S4A,2017,True,True,True,True,True,True,True
S4A,2018,True,True,True,True,True,True,True
S4A,2019,True,True,True,True,True,True,True
S4A,2020,True,True,True,True,True,True,True
S4A,2021,True,True,True,True,True,True,True
S4A,2022,True,True,True,True,True,True,True
S4A,2023,True,True,True,True,True,True,True
S4A,2024,True,True,True,True,True,True,True
S4A,2025,True,True,True,True,True,True,True
S55,2010,True,True,True,True,True,True,True
S55,2011,True,True,True,True,True,True,True
S55,2012,True,True,True,True,True,True,True
S55,2013,True,True,True,True,True,True,True
S55,2014,True,True,True,True,True,True,True
S55,2015,True,True,True,True,True,True,True
S55,2016,True,True,True,True,True,True,True
S55,2017,True,True,True,True,True,True,True
S55,2018,True,True,True,True,True,True,True
S55,2019,True,True,True,True,True,True,True
S55,2020,True,True,True,True,True,True,True
S55,2021,True,True,True,True,True,True,True
S55,2022,True,True,True,True,True,True,True
S55,2023,True,True,True,True,True,True,True
S55,2024,True,True,True,True,True,True,True
S55,2025,True,True,True,True,True,True,True
S64,2010,True,True,True,True,True,True,True
S64,2011,True,True,True,True,True,True,True
S72,2017,True,True,True,True,True,True,True
S72,2018,True,True,True,True,True,True,True
S72,2019,True,True,True,True,True,True,True
S72,2020,True,True,True,True,True,True,True
S72,2021,True,True,True,True,True,True,True
S72,2022,True,True,True,True,True,True,True
S72,2023,True,True,True,True,True,True,True
S72,2024,True,True,True,True,True,True,True
S72,2025,True,True,True,True,True,True,True
S74,2011,True,True,True,True,True,True,True
S74,2012,True,True,True,True,True,True,True
S74,2013,True,True,True,True,True,True,True
S74,2014,True,True,True,True,True,True,True
S74,2015,True,True,True,True,True,True,True
S74,2016,True,True,True,True,True,True,True
S74,2017,True,True,True,True,True,True,True
S74,2018,True,True,True,True,True,True,True
S74,2019,True,True,True,True,True,True,True
S74,2020,True,True,True,True,True,True,True
S74,2021,True,True,True,True,True,True,True
S74,2022,True,True,True,True,True,True,True
S74,2023,True,True,True,True,True,True,True
S74,2024,True,True,True,True,True,True,True
S74,2025,True,True,True,True,True,True,True
S91,2011,True,True,True,True,True,True,True
S91,2012,True,True,True,True,True,True,True
S96,2010,True,True,True,True,True,True,True
S96,2011,True,True,True,True,True,True,True
S96,2012,True,True,True,True,True,True,True
S96,2013,True,True,True,True,True,True,True
S96,2014,True,True,True,True,True,True,True
S96,2015,True,True,True,True,True,True,True
S96,2016,True,True,True,True,True,True,True
S96,2017,True,True,True,True,True,True,True
S96,2018,True,True,True,True,True,True,True
S96,2019,True,True,True,True,True,True,True
S99,2013,True,True,True,True,True,True,True
S99,2014,True,True,True,True,True,True,True
S99,2015,True,True,True,True,True,True,True
S99,2016,True,True,True,True,True,True,True
S99,2017,True,True,True,True,True,True,True
S99,2018,True,True,True,True,True,True,True
S99,2019,True,True,True,True,True,True,True
S99,2020,True,True,True,True,True,True,True
S99,2021,True,True,True,True,True,True,True
S99,2022,True,True,True,True,True,True,True
S99,2023,True,True,True,True,True,True,True
S99,2024,True,True,True,True,True,True,True
S99,2025,True,True,True,True,True,True,True
SAB,2009,True,True,True,True,True,True,True
SAB,2010,True,True,True,True,True,True,True
SAB,2011,True,True,True,True,True,True,True
SAB,2012,True,True,True,True,True,True,True
SAB,2013,True,True,True,True,True,True,True
SAB,2014,True,True,True,True,True,True,True
SAB,2015,True,True,True,True,True,True,True
SAB,2016,True,True,True,True,True,True,True
SAB,2017,True,True,True,True,True,True,True
SAB,2018,True,True,True,True,True,True,True
SAB,2019,True,True,True,True,True,True,True
SAB,2020,True,True,True,True,True,True,True
SAB,2021,True,True,True,True,True,True,True
SAB,2022,True,True,True,True,True,True,True
SAB,2023,True,True,True,True,True,True,True
SAB,2024,True,True,True,True,True,True,True
SAB,2025,True,True,True,True,True,True,True
SAC,2011,True,True,True,True,True,True,True
SAC,2012,True,True,True,True,True,True,True
SAC,2013,True,True,True,True,True,True,True
SAC,2014,True,True,True,True,True,True,True
SAC,2015,True,True,True,True,True,True,True
SAC,2016,True,True,True,True,True,True,True
SAC,2017,True,True,True,True,True,True,True
SAC,2018,True,True,True,True,True,True,True
SAC,2019,True,True,True,True,True,True,True
SAC,2020,True,True,True,True,True,True,True
SAC,2021,True,True,True,True,True,True,True
SAC,2022,True,True,True,True,True,True,True
SAC,2023,True,True,True,True,True,True,True
SAC,2024,True,True,True,True,True,True,True
SAC,2025,True,True,True,True,True,True,True
SAF,2012,True,True,True,True,True,True,True
SAF,2013,True,True,True,True,True,True,True
SAF,2015,True,True,True,True,True,True,True
SAF,2017,True,True,True,True,True,True,True
SAF,2018,True,True,True,True,True,True,True
SAF,2019,True,True,True,True,True,True,True
SAF,2021,True,True,True,True,True,True,True
SAF,2023,True,True,True,True,True,True,True
SAF,2024,True,True,True,True,True,True,True
SAF,2025,True,True,True,True,True,True,True
SAL,2012,True,True,True,True,True,True,True
SAL,2016,True,True,True,True,True,True,True
SAL,2017,True,True,True,True,True,True,True
SAL,2018,True,True,True,True,True,True,True
SAL,2019,True,True,True,True,True,True,True
SAL,2020,True,True,True,True,True,True,True
SAL,2021,True,True,True,True,True,True,True
SAL,2022,True,True,True,True,True,True,True
SAL,2023,True,True,True,True,True,True,True
SAL,2024,True,True,True,True,True,True,True
SAL,2025,True,True,True,True,True,True,True
SAM,2009,True,True,True,True,True,True,True
SAM,2010,True,True,True,True,True,True,True
SAM,2011,True,True,True,True,True,True,True
SAM,2012,True,True,True,True,True,True,True
SAM,2013,True,True,True,True,True,True,True
SAM,2014,True,True,True,True,True,True,True
SAM,2015,True,True,True,True,True,True,True
SAM,2016,True,True,True,True,True,True,True
SAM,2017,True,True,True,True,True,True,True
SAM,2018,True,True,True,True,True,True,True
SAM,2019,True,True,True,True,True,True,True
SAM,2020,True,True,True,True,True,True,True
SAM,2021,True,True,True,True,True,True,True
SAM,2022,True,True,True,True,True,True,True
SAM,2023,True,True,True,True,True,True,True
SAM,2024,True,True,True,True,True,True,True
SAM,2025,True,True,True,True,True,True,True
SAP,2010,True,True,True,True,True,True,True
SAP,2011,True,True,True,True,True,True,True
SAP,2012,True,True,True,True,True,True,True
SAP,2013,True,True,True,True,True,True,True
SAP,2014,True,True,True,True,True,True,True
SAP,2015,True,True,True,True,True,True,True
SAP,2016,True,True,True,True,True,True,True
SAP,2017,True,True,True,True,True,True,True
SAP,2018,True,True,True,True,True,True,True
SAP,2019,True,True,True,True,True,True,True
SAP,2020,True,True,True,True,True,True,True
SAP,2021,True,True,True,True,True,True,True
SAP,2022,True,True,True,True,True,True,True
SAP,2023,True,True,True,True,True,True,True
SAP,2024,True,True,True,True,True,True,True
SAS,2010,True,True,True,True,True,True,True
SAS,2011,True,True,True,True,True,True,True
SAS,2012,True,True,True,True,True,True,True
SAS,2013,True,True,True,True,True,True,True
SAS,2014,True,True,True,True,True,True,True
SAS,2015,True,True,True,True,True,True,True
SAS,2016,True,True,True,True,True,True,True
SAS,2017,True,True,True,True,True,True,True
SAS,2018,True,True,True,True,True,True,True
SAS,2019,True,True,True,True,True,True,True
SAS,2020,True,True,True,True,True,True,True
SAS,2021,True,True,True,True,True,True,True
SAS,2022,True,True,True,True,True,True,True
SAS,2023,True,True,True,True,True,True,True
SAS,2024,True,True,True,True,True,True,True
SAS,2025,True,True,True,True,True,True,True
SAV,2009,True,True,True,True,True,True,True
SAV,2010,True,True,True,True,True,True,True
SAV,2011,True,True,True,True,True,True,True
SAV,2012,True,True,True,True,True,True,True
SAV,2013,True,True,True,True,True,True,True
SAV,2014,True,True,True,True,True,True,True
SAV,2015,True,True,True,True,True,True,True
SAV,2016,True,True,True,True,True,True,True
SAV,2017,True,True,True,True,True,True,True
SAV,2018,True,True,True,True,True,True,True
SAV,2019,True,True,True,True,True,True,True
SAV,2020,True,True,True,True,True,True,True
SAV,2021,True,True,True,True,True,True,True
SAV,2022,True,True,True,True,True,True,True
SAV,2023,True,True,True,True,True,True,True
SAV,2024,True,True,True,True,True,True,True
SAV,2025,True,True,True,True,True,True,True
SB1,2011,True,True,True,True,True,True,True
SB1,2012,True,True,True,True,True,True,True
SB1,2013,True,True,True,True,True,True,True
SB1,2014,True,True,True,True,True,True,True
SB1,2015,True,True,True,True,True,True,True
SB1,2016,True,True,True,True,True,True,True
SB1,2017,True,True,True,True,True,True,True
SB1,2018,True,True,True,True,True,True,True
SB1,2019,True,True,True,True,True,True,True
SB1,2020,True,True,True,True,True,True,True
SB1,2021,True,True,True,True,True,True,True
SB1,2022,True,True,True,True,True,True,True
SB1,2023,True,True,True,True,True,True,True
SB1,2024,True,True,True,True,True,True,True
SB1,2025,True,True,True,True,True,True,True
SBA,2011,True,True,True,True,True,True,True
SBA,2012,True,True,True,True,True,True,True
SBA,2014,True,True,True,True,True,True,True
SBA,2015,True,True,True,True,True,True,True
SBA,2016,True,True,True,True,True,True,True
SBA,2017,True,True,True,True,True,True,True
SBA,2018,True,True,True,True,True,True,True
SBA,2019,True,True,True,True,True,True,True
SBA,2020,True,True,True,True,True,True,True
SBA,2021,True,True,True,True,True,True,True
SBA,2022,True,True,True,True,True,True,True
SBA,2023,True,True,True,True,True,True,True
SBA,2024,True,True,True,True,True,True,True
SBA,2025,True,True,True,True,True,True,True
SBB,2019,True,True,True,True,True,True,True
SBB,2020,True,True,True,True,True,True,True
SBB,2021,True,True,True,True,True,True,True
SBB,2022,True,True,True,True,True,True,True
SBB,2023,True,True,True,True,True,True,True
SBB,2024,True,True,True,True,True,True,True
SBB,2025,True,True,True,True,True,True,True
SBC,2009,True,True,True,True,True,True,True
SBC,2010,True,True,True,True,True,True,True
SBC,2011,True,True,True,True,True,True,True
SBC,2012,True,True,True,True,True,True,True
SBC,2013,True,True,True,True,True,True,True
SBD,2011,True,True,True,True,True,True,True
SBD,2012,True,True,True,True,True,True,True
SBD,2013,True,True,True,True,True,True,True
SBD,2014,True,True,True,True,True,True,True
SBD,2016,True,True,True,True,True,True,True
SBD,2017,True,True,True,True,True,True,True
SBD,2018,True,True,True,True,True,True,True
SBG,2019,True,True,True,True,True,True,True
SBG,2020,True,True,True,True,True,True,True
SBG,2021,True,True,True,True,True,True,True
SBG,2022,True,True,True,True,True,True,True
SBG,2023,True,True,True,True,True,True,True
SBG,2024,True,True,True,True,True,True,True
SBG,2025,True,True,True,True,True,True,True
SBH,2017,True,True,True,True,True,True,True
SBH,2018,True,True,True,True,True,True,True
SBH,2019,True,True,True,True,True,True,True
SBH,2020,True,True,True,True,True,True,True
SBH,2021,True,True,True,True,True,True,True
SBH,2022,True,True,True,True,True,True,True
SBH,2023,True,True,True,True,True,True,True
SBH,2024,True,True,True,True,True,True,True
SBH,2025,True,True,True,True,True,True,True
SBL,2014,True,True,True,True,True,True,True
SBL,2015,True,True,True,True,True,True,True
SBL,2016,True,True,True,True,True,True,True
SBL,2017,True,True,True,True,True,True,True
SBL,2018,True,True,True,True,True,True,True
SBL,2019,True,True,True,True,True,True,True
SBL,2020,True,True,True,True,True,True,True
SBL,2021,True,True,True,True,True,True,True
SBL,2022,True,True,True,True,True,True,True
SBL,2023,True,True,True,True,True,True,True
SBL,2024,True,True,True,True,True,True,True
SBL,2025,True,True,True,True,True,True,True
SBM,2015,True,True,True,True,True,True,True
SBM,2016,True,True,True,True,True,True,True
SBM,2017,True,True,True,True,True,True,True
SBM,2018,True,True,True,True,True,True,True
SBM,2019,True,True,True,True,True,True,True
SBM,2020,True,True,True,True,True,True,True
SBM,2021,True,True,True,True,True,True,True
SBM,2022,True,True,True,True,True,True,True
SBM,2023,True,True,True,True,True,True,True
SBM,2024,True,True,True,True,True,True,True
SBM,2025,True,True,True,True,True,True,True
SBR,2020,True,True,True,True,True,True,True
SBR,2021,True,True,True,True,True,True,True
SBR,2022,True,True,True,True,True,True,True
SBR,2023,True,True,True,True,True,True,True
SBR,2024,True,True,True,True,True,True,True
SBR,2025,True,True,True,True,True,True,True
SBT,2009,True,True,True,True,True,True,True
SBT,2010,True,True,True,True,True,True,True
SBT,2011,True,True,True,True,True,True,True
SBT,2012,True,True,True,True,True,True,True
SBT,2013,True,True,True,True,True,True,True
SBT,2014,True,True,True,True,True,True,True
SBT,2019,True,True,True,True,True,True,True
SBT,2021,True,True,True,True,True,True,True
SBT,2023,True,True,True,True,True,True,True
SBT,2024,True,True,True,True,True,True,True
SBV,2014,True,True,True,True,True,True,True
SBV,2015,True,True,True,True,True,True,True
SBV,2016,True,True,True,True,True,True,True
SBV,2017,True,True,True,True,True,True,True
SBV,2018,True,True,True,True,True,True,True
SBV,2019,True,True,True,True,True,True,True
SBV,2020,True,True,True,True,True,True,True
SBV,2021,True,True,True,True,True,True,True
SBV,2022,True,True,True,True,True,True,True
SBV,2023,True,True,True,True,True,True,True
SBV,2024,True,True,True,True,True,True,True
SBV,2025,True,True,True,True,True,True,True
SC5,2009,True,True,True,True,True,True,True
SC5,2010,True,True,True,True,True,True,True
SC5,2011,True,True,True,True,True,True,True
SC5,2012,True,True,True,True,True,True,True
SC5,2013,True,True,True,True,True,True,True
SC5,2014,True,True,True,True,True,True,True
SC5,2015,True,True,True,True,True,True,True
SC5,2016,True,True,True,True,True,True,True
SC5,2017,True,True,True,True,True,True,True
SC5,2018,True,True,True,True,True,True,True
SC5,2019,True,True,True,True,True,True,True
SC5,2020,True,True,True,True,True,True,True
SC5,2021,True,True,True,True,True,True,True
SC5,2022,True,True,True,True,True,True,True
SC5,2023,True,True,True,True,True,True,True
SC5,2024,True,True,True,True,True,True,True
SC5,2025,True,True,True,True,True,True,True
SCC,2009,True,True,True,True,True,True,True
SCC,2010,True,True,True,True,True,True,True
SCC,2011,True,True,True,True,True,True,True
SCC,2012,True,True,True,True,True,True,True
SCC,2013,True,True,True,True,True,True,True
SCC,2014,True,True,True,True,True,True,True
SCC,2015,True,True,True,True,True,True,True
SCC,2016,True,True,True,True,True,True,True
SCC,2017,True,True,True,True,True,True,True
SCC,2018,True,True,True,True,True,True,True
SCC,2019,True,True,True,True,True,True,True
SCC,2020,True,True,True,True,True,True,True
SCC,2021,True,True,True,True,True,True,True
SCC,2022,True,True,True,True,True,True,True
SCC,2023,True,True,True,True,True,True,True
SCC,2024,True,True,True,True,True,True,True
SCC,2025,True,True,True,True,True,True,True
SCD,2009,True,True,True,True,True,True,True
SCD,2010,True,True,True,True,True,True,True
SCD,2011,True,True,True,True,True,True,True
SCD,2012,True,True,True,True,True,True,True
SCD,2013,True,True,True,True,True,True,True
SCD,2014,True,True,True,True,True,True,True
SCD,2015,True,True,True,True,True,True,True
SCD,2016,True,True,True,True,True,True,True
SCD,2017,True,True,True,True,True,True,True
SCD,2018,True,True,True,True,True,True,True
SCD,2019,True,True,True,True,True,True,True
SCD,2020,True,True,True,True,True,True,True
SCD,2021,True,True,True,True,True,True,True
SCD,2022,True,True,True,True,True,True,True
SCD,2023,True,True,True,True,True,True,True
SCD,2024,True,True,True,True,True,True,True
SCD,2025,True,True,True,True,True,True,True
SCG,2019,True,True,True,True,True,True,True
SCG,2020,True,True,True,True,True,True,True
SCG,2021,True,True,True,True,True,True,True
SCG,2022,True,True,True,True,True,True,True
SCG,2023,True,True,True,True,True,True,True
SCG,2024,True,True,True,True,True,True,True
SCG,2025,True,True,True,True,True,True,True
SCH,2014,True,True,True,True,True,True,True
SCH,2015,True,True,True,True,True,True,True
SCH,2016,True,True,True,True,True,True,True
SCH,2017,True,True,True,True,True,True,True
SCI,2013,True,True,True,True,True,True,True
SCI,2014,True,True,True,True,True,True,True
SCI,2015,True,True,True,True,True,True,True
SCI,2016,True,True,True,True,True,True,True
SCI,2017,True,True,True,True,True,True,True
SCI,2018,True,True,True,True,True,True,True
SCI,2019,True,True,True,True,True,True,True
SCI,2020,True,True,True,True,True,True,True
SCI,2021,True,True,True,True,True,True,True
SCI,2022,True,True,True,True,True,True,True
SCI,2023,True,True,True,True,True,True,True
SCI,2024,True,True,True,True,True,True,True
SCI,2025,True,True,True,True,True,True,True
SCJ,2009,True,True,True,True,True,True,True
SCJ,2010,True,True,True,True,True,True,True
SCJ,2011,True,True,True,True,True,True,True
SCJ,2012,True,True,True,True,True,True,True
SCJ,2013,True,True,True,True,True,True,True
SCJ,2014,True,True,True,True,True,True,True
SCJ,2015,True,True,True,True,True,True,True
SCJ,2016,True,True,True,True,True,True,True
SCJ,2017,True,True,True,True,True,True,True
SCJ,2018,True,True,True,True,True,True,True
SCJ,2019,True,True,True,True,True,True,True
SCJ,2020,True,True,True,True,True,True,True
SCJ,2021,True,True,True,True,True,True,True
SCJ,2022,True,True,True,True,True,True,True
SCJ,2023,True,True,True,True,True,True,True
SCJ,2024,True,True,True,True,True,True,True
SCJ,2025,True,True,True,True,True,True,True
SCL,2011,True,True,True,True,True,True,True
SCL,2012,True,True,True,True,True,True,True
SCL,2013,True,True,True,True,True,True,True
SCL,2014,True,True,True,True,True,True,True
SCL,2017,True,True,True,True,True,True,True
SCL,2018,True,True,True,True,True,True,True
SCL,2019,True,True,True,True,True,True,True
SCL,2020,True,True,True,True,True,True,True
SCL,2021,True,True,True,True,True,True,True
SCL,2022,True,True,True,True,True,True,True
SCL,2023,True,True,True,True,True,True,True
SCL,2024,True,True,True,True,True,True,True
SCL,2025,True,True,True,True,True,True,True
SCO,2010,True,True,True,True,True,True,True
SCO,2011,True,True,True,True,True,True,True
SCO,2012,True,True,True,True,True,True,True
SCO,2013,True,True,True,True,True,True,True
SCO,2014,True,True,True,True,True,True,True
SCO,2015,True,True,True,True,True,True,True
SCO,2016,True,True,True,True,True,True,True
SCO,2017,True,True,True,True,True,True,True
SCO,2018,True,True,True,True,True,True,True
SCO,2019,True,True,True,True,True,True,True
SCO,2020,True,True,True,True,True,True,True
SCO,2021,True,True,True,True,True,True,True
SCO,2022,True,True,True,True,True,True,True
SCO,2023,True,True,True,True,True,True,True
SCO,2024,True,True,True,True,True,True,True
SCO,2025,True,True,True,True,True,True,True
SCR,2009,True,True,True,True,True,True,True
SCR,2010,True,True,True,True,True,True,True
SCR,2011,True,True,True,True,True,True,True
SCR,2012,True,True,True,True,True,True,True
SCR,2013,True,True,True,True,True,True,True
SCR,2014,True,True,True,True,True,True,True
SCR,2015,True,True,True,True,True,True,True
SCR,2016,True,True,True,True,True,True,True
SCR,2017,True,True,True,True,True,True,True
SCR,2018,True,True,True,True,True,True,True
SCR,2019,True,True,True,True,True,True,True
SCR,2020,True,True,True,True,True,True,True
SCR,2021,True,True,True,True,True,True,True
SCR,2022,True,True,True,True,True,True,True
SCR,2023,True,True,True,True,True,True,True
SCR,2024,True,True,True,True,True,True,True
SCR,2025,True,True,True,True,True,True,True
SCS,2013,True,True,True,True,True,True,True
SCS,2014,True,True,True,True,True,True,True
SCS,2015,True,True,True,True,True,True,True
SCS,2016,True,True,True,True,True,True,True
SCS,2017,True,True,True,True,True,True,True
SCS,2018,True,True,True,True,True,True,True
SCS,2019,True,True,True,True,True,True,True
SCS,2020,True,True,True,True,True,True,True
SCS,2021,True,True,True,True,True,True,True
SCS,2022,True,True,True,True,True,True,True
SCS,2023,True,True,True,True,True,True,True
SCS,2024,True,True,True,True,True,True,True
SCS,2025,True,True,True,True,True,True,True
SCY,2015,True,True,True,True,True,True,True
SCY,2016,True,True,True,True,True,True,True
SCY,2017,True,True,True,True,True,True,True
SCY,2018,True,True,True,True,True,True,True
SCY,2019,True,True,True,True,True,True,True
SCY,2020,True,True,True,True,True,True,True
SCY,2021,True,True,True,True,True,True,True
SCY,2022,True,True,True,True,True,True,True
SCY,2023,True,True,True,True,True,True,True
SCY,2024,True,True,True,True,True,True,True
SD1,2011,True,True,True,True,True,True,True
SD1,2012,True,True,True,True,True,True,True
SD1,2013,True,True,True,True,True,True,True
SD1,2014,True,True,True,True,True,True,True
SD1,2015,True,True,True,True,True,True,True
SD1,2019,True,True,True,True,True,True,True
SD2,2011,True,True,True,True,True,True,True
SD2,2012,True,True,True,True,True,True,True
SD2,2013,True,True,True,True,True,True,True
SD2,2014,True,True,True,True,True,True,True
SD2,2015,True,True,True,True,True,True,True
SD2,2016,True,True,True,True,True,True,True
SD2,2017,True,True,True,True,True,True,True
SD2,2018,True,True,True,True,True,True,True
SD2,2019,True,True,True,True,True,True,True
SD2,2020,True,True,True,True,True,True,True
SD2,2021,True,True,True,True,True,True,True
SD2,2022,True,True,True,True,True,True,True
SD2,2023,True,True,True,True,True,True,True
SD2,2024,True,True,True,True,True,True,True
SD2,2025,True,True,True,True,True,True,True
SD3,2011,True,True,True,True,True,True,True
SD3,2012,True,True,True,True,True,True,True
SD3,2013,True,True,True,True,True,True,True
SD3,2014,True,True,True,True,True,True,True
SD3,2015,True,True,True,True,True,True,True
SD3,2016,True,True,True,True,True,True,True
SD3,2017,True,True,True,True,True,True,True
SD3,2018,True,True,True,True,True,True,True
SD3,2019,True,True,True,True,True,True,True
SD3,2020,True,True,True,True,True,True,True
SD3,2021,True,True,True,True,True,True,True
SD3,2022,True,True,True,True,True,True,True
SD3,2023,True,True,True,True,True,True,True
SD3,2024,True,True,True,True,True,True,True
SD3,2025,True,True,True,True,True,True,True
SD4,2011,True,True,True,True,True,True,True
SD4,2012,True,True,True,True,True,True,True
SD4,2013,True,True,True,True,True,True,True
SD4,2014,True,True,True,True,True,True,True
SD4,2015,True,True,True,True,True,True,True
SD4,2016,True,True,True,True,True,True,True
SD4,2017,True,True,True,True,True,True,True
SD4,2018,True,True,True,True,True,True,True
SD4,2019,True,True,True,True,True,True,True
SD4,2020,True,True,True,True,True,True,True
SD4,2021,True,True,True,True,True,True,True
SD4,2022,True,True,True,True,True,True,True
SD4,2023,True,True,True,True,True,True,True
SD4,2024,True,True,True,True,True,True,True
SD4,2025,True,True,True,True,True,True,True
SD5,2011,True,True,True,True,True,True,True
SD5,2012,True,True,True,True,True,True,True
SD5,2014,True,True,True,True,True,True,True
SD5,2015,True,True,True,True,True,True,True
SD5,2016,True,True,True,True,True,True,True
SD5,2017,True,True,True,True,True,True,True
SD5,2018,True,True,True,True,True,True,True
SD5,2019,True,True,True,True,True,True,True
SD5,2020,True,True,True,True,True,True,True
SD5,2021,True,True,True,True,True,True,True
SD5,2022,True,True,True,True,True,True,True
SD5,2023,True,True,True,True,True,True,True
SD5,2024,True,True,True,True,True,True,True
SD5,2025,True,True,True,True,True,True,True
SD6,2011,True,True,True,True,True,True,True
SD6,2014,True,True,True,True,True,True,True
SD6,2015,True,True,True,True,True,True,True
SD6,2016,True,True,True,True,True,True,True
SD6,2017,True,True,True,True,True,True,True
SD6,2018,True,True,True,True,True,True,True
SD6,2019,True,True,True,True,True,True,True
SD6,2020,True,True,True,True,True,True,True
SD6,2021,True,True,True,True,True,True,True
SD6,2022,True,True,True,True,True,True,True
SD6,2023,True,True,True,True,True,True,True
SD6,2024,True,True,True,True,True,True,True
SD6,2025,True,True,True,True,True,True,True
SD7,2010,True,True,True,True,True,True,True
SD7,2011,True,True,True,True,True,True,True
SD7,2012,True,True,True,True,True,True,True
SD7,2013,True,True,True,True,True,True,True
SD7,2014,True,True,True,True,True,True,True
SD7,2015,True,True,True,True,True,True,True
SD7,2016,True,True,True,True,True,True,True
SD7,2017,True,True,True,True,True,True,True
SD7,2018,True,True,True,True,True,True,True
SD7,2019,True,True,True,True,True,True,True
SD7,2020,True,True,True,True,True,True,True
SD7,2021,True,True,True,True,True,True,True
SD7,2022,True,True,True,True,True,True,True
SD7,2023,True,True,True,True,True,True,True
SD7,2024,True,True,True,True,True,True,True
SD7,2025,True,True,True,True,True,True,True
SD8,2010,True,True,True,True,True,True,True
SD8,2011,True,True,True,True,True,True,True
SD8,2012,True,True,True,True,True,True,True
SD8,2013,True,True,True,True,True,True,True
SD9,2011,True,True,True,True,True,True,True
SD9,2012,True,True,True,True,True,True,True
SD9,2013,True,True,True,True,True,True,True
SD9,2014,True,True,True,True,True,True,True
SD9,2015,True,True,True,True,True,True,True
SD9,2016,True,True,True,True,True,True,True
SD9,2017,True,True,True,True,True,True,True
SD9,2018,True,True,True,True,True,True,True
SD9,2019,True,True,True,True,True,True,True
SD9,2020,True,True,True,True,True,True,True
SD9,2021,True,True,True,True,True,True,True
SD9,2022,True,True,True,True,True,True,True
SD9,2023,True,True,True,True,True,True,True
SD9,2024,True,True,True,True,True,True,True
SD9,2025,True,True,True,True,True,True,True
SDA,2009,True,True,True,True,True,True,True
SDA,2010,True,True,True,True,True,True,True
SDA,2011,True,True,True,True,True,True,True
SDA,2012,True,True,True,True,True,True,True
SDA,2013,True,True,True,True,True,True,True
SDA,2014,True,True,True,True,True,True,True
SDA,2015,True,True,True,True,True,True,True
SDA,2016,True,True,True,True,True,True,True
SDA,2017,True,True,True,True,True,True,True
SDA,2018,True,True,True,True,True,True,True
SDA,2019,True,True,True,True,True,True,True
SDA,2020,True,True,True,True,True,True,True
SDA,2021,True,True,True,True,True,True,True
SDA,2022,True,True,True,True,True,True,True
SDA,2023,True,True,True,True,True,True,True
SDA,2024,True,True,True,True,True,True,True
SDA,2025,True,True,True,True,True,True,True
SDB,2009,True,True,True,True,True,True,True
SDB,2010,True,True,True,True,True,True,True
SDB,2011,True,True,True,True,True,True,True
SDB,2012,True,True,True,True,True,True,True
SDB,2013,True,True,True,True,True,True,True
SDB,2014,True,True,True,True,True,True,True
SDB,2015,True,True,True,True,True,True,True
SDB,2016,True,True,True,True,True,True,True
SDB,2017,True,True,True,True,True,True,True
SDC,2011,True,True,True,True,True,True,True
SDC,2013,True,True,True,True,True,True,True
SDC,2014,True,True,True,True,True,True,True
SDC,2015,True,True,True,True,True,True,True
SDC,2016,True,True,True,True,True,True,True
SDC,2017,True,True,True,True,True,True,True
SDC,2018,True,True,True,True,True,True,True
SDC,2019,True,True,True,True,True,True,True
SDC,2020,True,True,True,True,True,True,True
SDC,2021,True,True,True,True,True,True,True
SDC,2022,True,True,True,True,True,True,True
SDC,2023,True,True,True,True,True,True,True
SDC,2024,True,True,True,True,True,True,True
SDC,2025,True,True,True,True,True,True,True
SDD,2012,True,True,True,True,True,True,True
SDD,2013,True,True,True,True,True,True,True
SDD,2014,True,True,True,True,True,True,True
SDD,2015,True,True,True,True,True,True,True
SDD,2016,True,True,True,True,True,True,True
SDD,2017,True,True,True,True,True,True,True
SDD,2018,True,True,True,True,True,True,True
SDD,2019,True,True,True,True,True,True,True
SDD,2020,True,True,True,True,True,True,True
SDD,2021,True,True,True,True,True,True,True
SDD,2022,True,True,True,True,True,True,True
SDD,2023,True,True,True,True,True,True,True
SDD,2024,True,True,True,True,True,True,True
SDD,2025,True,True,True,True,True,True,True
SDE,2010,True,True,True,True,True,True,True
SDE,2012,True,True,True,True,True,True,True
SDE,2013,True,True,True,True,True,True,True
SDE,2014,True,True,True,True,True,True,True
SDE,2015,True,True,True,True,True,True,True
SDE,2016,True,True,True,True,True,True,True
SDE,2017,True,True,True,True,True,True,True
SDG,2011,True,True,True,True,True,True,True
SDG,2012,True,True,True,True,True,True,True
SDG,2013,True,True,True,True,True,True,True
SDG,2014,True,True,True,True,True,True,True
SDG,2015,True,True,True,True,True,True,True
SDG,2016,True,True,True,True,True,True,True
SDG,2017,True,True,True,True,True,True,True
SDG,2019,True,True,True,True,True,True,True
SDG,2022,True,True,True,True,True,True,True
SDG,2023,True,True,True,True,True,True,True
SDG,2024,True,True,True,True,True,True,True
SDG,2025,True,True,True,True,True,True,True
SDH,2011,True,True,True,True,True,True,True
SDH,2012,True,True,True,True,True,True,True
SDH,2013,True,True,True,True,True,True,True
SDH,2015,True,True,True,True,True,True,True
SDH,2016,True,True,True,True,True,True,True
SDH,2017,True,True,True,True,True,True,True
SDI,2009,True,True,True,True,True,True,True
SDI,2010,True,True,True,True,True,True,True
SDI,2011,True,True,True,True,True,True,True
SDI,2012,True,True,True,True,True,True,True
SDI,2013,True,True,True,True,True,True,True
SDI,2014,True,True,True,True,True,True,True
SDI,2015,True,True,True,True,True,True,True
SDI,2016,True,True,True,True,True,True,True
SDI,2017,True,True,True,True,True,True,True
SDI,2018,True,True,True,True,True,True,True
SDJ,2011,True,True,True,True,True,True,True
SDJ,2012,True,True,True,True,True,True,True
SDJ,2013,True,True,True,True,True,True,True
SDJ,2014,True,True,True,True,True,True,True
SDJ,2015,True,True,True,True,True,True,True
SDJ,2016,True,True,True,True,True,True,True
SDJ,2017,True,True,True,True,True,True,True
SDJ,2018,True,True,True,True,True,True,True
SDJ,2019,True,True,True,True,True,True,True
SDJ,2020,True,True,True,True,True,True,True
SDJ,2021,True,True,True,True,True,True,True
SDJ,2022,True,True,True,True,True,True,True
SDJ,2023,True,True,True,True,True,True,True
SDJ,2024,True,True,True,True,True,True,True
SDK,2009,True,True,True,True,True,True,True
SDK,2010,True,True,True,True,True,True,True
SDK,2011,True,True,True,True,True,True,True
SDK,2012,True,True,True,True,True,True,True
SDK,2013,True,True,True,True,True,True,True
SDK,2014,True,True,True,True,True,True,True
SDK,2015,True,True,True,True,True,True,True
SDK,2016,True,True,True,True,True,True,True
SDK,2017,True,True,True,True,True,True,True
SDK,2018,True,True,True,True,True,True,True
SDK,2019,True,True,True,True,True,True,True
SDK,2020,True,True,True,True,True,True,True
SDK,2021,True,True,True,True,True,True,True
SDK,2022,True,True,True,True,True,True,True
SDK,2023,True,True,True,True,True,True,True
SDK,2024,True,True,True,True,True,True,True
SDK,2025,True,True,True,True,True,True,True
SDN,2009,True,True,True,True,True,True,True
SDN,2010,True,True,True,True,True,True,True
SDN,2011,True,True,True,True,True,True,True
SDN,2012,True,True,True,True,True,True,True
SDN,2013,True,True,True,True,True,True,True
SDN,2014,True,True,True,True,True,True,True
SDN,2015,True,True,True,True,True,True,True
SDN,2016,True,True,True,True,True,True,True
SDN,2017,True,True,True,True,True,True,True
SDN,2018,True,True,True,True,True,True,True
SDN,2019,True,True,True,True,True,True,True
SDN,2020,True,True,True,True,True,True,True
SDN,2021,True,True,True,True,True,True,True
SDN,2022,True,True,True,True,True,True,True
SDN,2023,True,True,True,True,True,True,True
SDN,2024,True,True,True,True,True,True,True
SDN,2025,True,True,True,True,True,True,True
SDP,2012,True,True,True,True,True,True,True
SDP,2013,True,True,True,True,True,True,True
SDP,2014,True,True,True,True,True,True,True
SDP,2015,True,True,True,True,True,True,True
SDP,2016,True,True,True,True,True,True,True
SDP,2017,True,True,True,True,True,True,True
SDP,2018,True,True,True,True,True,True,True
SDP,2019,True,True,True,True,True,True,True
SDP,2020,True,True,True,True,True,True,True
SDP,2021,True,True,True,True,True,True,True
SDP,2022,True,True,True,True,True,True,True
SDP,2023,True,True,True,True,True,True,True
SDP,2024,True,True,True,True,True,True,True
SDP,2025,True,True,True,True,True,True,True
SDS,2009,True,True,True,True,True,True,True
SDS,2010,True,True,True,True,True,True,True
SDS,2011,True,True,True,True,True,True,True
SDT,2010,True,True,True,True,True,True,True
SDT,2012,True,True,True,True,True,True,True
SDT,2015,True,True,True,True,True,True,True
SDT,2016,True,True,True,True,True,True,True
SDT,2017,True,True,True,True,True,True,True
SDT,2018,True,True,True,True,True,True,True
SDT,2019,True,True,True,True,True,True,True
SDT,2020,True,True,True,True,True,True,True
SDT,2021,True,True,True,True,True,True,True
SDT,2022,True,True,True,True,True,True,True
SDT,2023,True,True,True,True,True,True,True
SDT,2024,True,True,True,True,True,True,True
SDT,2025,True,True,True,True,True,True,True
SDU,2009,True,True,True,True,True,True,True
SDU,2011,True,True,True,True,True,True,True
SDU,2012,True,True,True,True,True,True,True
SDU,2013,True,True,True,True,True,True,True
SDU,2014,True,True,True,True,True,True,True
SDU,2015,True,True,True,True,True,True,True
SDU,2016,True,True,True,True,True,True,True
SDU,2017,True,True,True,True,True,True,True
SDU,2018,True,True,True,True,True,True,True
SDU,2019,True,True,True,True,True,True,True
SDU,2020,True,True,True,True,True,True,True
SDU,2021,True,True,True,True,True,True,True
SDU,2022,True,True,True,True,True,True,True
SDU,2023,True,True,True,True,True,True,True
SDU,2024,True,True,True,True,True,True,True
SDU,2025,True,True,True,True,True,True,True
SDV,2009,True,True,True,True,True,True,True
SDV,2010,True,True,True,True,True,True,True
SDV,2011,True,True,True,True,True,True,True
SDV,2012,True,True,True,True,True,True,True
SDV,2013,True,True,True,True,True,True,True
SDV,2014,True,True,True,True,True,True,True
SDV,2015,True,True,True,True,True,True,True
SDV,2016,True,True,True,True,True,True,True
SDV,2017,True,True,True,True,True,True,True
SDV,2018,True,True,True,True,True,True,True
SDV,2019,True,True,True,True,True,True,True
SDV,2020,True,True,True,True,True,True,True
SDV,2021,True,True,True,True,True,True,True
SDV,2022,True,True,True,True,True,True,True
SDV,2023,True,True,True,True,True,True,True
SDV,2024,True,True,True,True,True,True,True
SDV,2025,True,True,True,True,True,True,True
SDX,2013,True,True,True,True,True,True,True
SDX,2014,True,True,True,True,True,True,True
SDX,2015,True,True,True,True,True,True,True
SDX,2016,True,True,True,True,True,True,True
SDX,2017,True,True,True,True,True,True,True
SDY,2011,True,True,True,True,True,True,True
SDY,2012,True,True,True,True,True,True,True
SDY,2013,True,True,True,True,True,True,True
SDY,2014,True,True,True,True,True,True,True
SDY,2015,True,True,True,True,True,True,True
SDY,2016,True,True,True,True,True,True,True
SDY,2017,True,True,True,True,True,True,True
SDY,2018,True,True,True,True,True,True,True
SDY,2019,True,True,True,True,True,True,True
SDY,2020,True,True,True,True,True,True,True
SDY,2021,True,True,True,True,True,True,True
SDY,2022,True,True,True,True,True,True,True
SDY,2023,True,True,True,True,True,True,True
SDY,2024,True,True,True,True,True,True,True
SDY,2025,True,True,True,True,True,True,True
SEA,2012,True,True,True,True,True,True,True
SEA,2013,True,True,True,True,True,True,True
SEA,2014,True,True,True,True,True,True,True
SEA,2015,True,True,True,True,True,True,True
SEA,2016,True,True,True,True,True,True,True
SEA,2017,True,True,True,True,True,True,True
SEA,2018,True,True,True,True,True,True,True
SEA,2019,True,True,True,True,True,True,True
SEA,2020,True,True,True,True,True,True,True
SEA,2021,True,True,True,True,True,True,True
SEA,2022,True,True,True,True,True,True,True
SEA,2023,True,True,True,True,True,True,True
SEA,2024,True,True,True,True,True,True,True
SEA,2025,True,True,True,True,True,True,True
SEB,2010,True,True,True,True,True,True,True
SEB,2011,True,True,True,True,True,True,True
SEB,2012,True,True,True,True,True,True,True
SEB,2013,True,True,True,True,True,True,True
SEB,2015,True,True,True,True,True,True,True
SEB,2016,True,True,True,True,True,True,True
SEB,2017,True,True,True,True,True,True,True
SEB,2018,True,True,True,True,True,True,True
SEB,2019,True,True,True,True,True,True,True
SEB,2020,True,True,True,True,True,True,True
SEB,2021,True,True,True,True,True,True,True
SEB,2022,True,True,True,True,True,True,True
SEB,2023,True,True,True,True,True,True,True
SEB,2024,True,True,True,True,True,True,True
SEB,2025,True,True,True,True,True,True,True
SEC,2012,True,True,True,True,True,True,True
SED,2010,True,True,True,True,True,True,True
SED,2011,True,True,True,True,True,True,True
SED,2012,True,True,True,True,True,True,True
SED,2013,True,True,True,True,True,True,True
SED,2014,True,True,True,True,True,True,True
SED,2016,True,True,True,True,True,True,True
SED,2017,True,True,True,True,True,True,True
SED,2018,True,True,True,True,True,True,True
SED,2019,True,True,True,True,True,True,True
SED,2020,True,True,True,True,True,True,True
SED,2021,True,True,True,True,True,True,True
SED,2022,True,True,True,True,True,True,True
SED,2023,True,True,True,True,True,True,True
SED,2024,True,True,True,True,True,True,True
SED,2025,True,True,True,True,True,True,True
SEL,2009,True,True,True,True,True,True,True
SEL,2010,True,True,True,True,True,True,True
SEL,2011,True,True,True,True,True,True,True
SEL,2012,True,True,True,True,True,True,True
SEP,2017,True,True,True,True,True,True,True
SEP,2018,True,True,True,True,True,True,True
SEP,2019,True,True,True,True,True,True,True
SEP,2020,True,True,True,True,True,True,True
SEP,2021,True,True,True,True,True,True,True
SEP,2022,True,True,True,True,True,True,True
SEP,2023,True,True,True,True,True,True,True
SEP,2024,True,True,True,True,True,True,True
SEP,2025,True,True,True,True,True,True,True
SFC,2009,True,True,True,True,True,True,True
SFC,2010,True,True,True,True,True,True,True
SFC,2011,True,True,True,True,True,True,True
SFC,2012,True,True,True,True,True,True,True
SFC,2013,True,True,True,True,True,True,True
SFC,2014,True,True,True,True,True,True,True
SFC,2015,True,True,True,True,True,True,True
SFC,2016,True,True,True,True,True,True,True
SFC,2017,True,True,True,True,True,True,True
SFC,2018,True,True,True,True,True,True,True
SFC,2019,True,True,True,True,True,True,True
SFC,2020,True,True,True,True,True,True,True
SFC,2021,True,True,True,True,True,True,True
SFC,2022,True,True,True,True,True,True,True
SFC,2024,True,True,True,True,True,True,True
SFC,2025,True,True,True,True,True,True,True
SFG,2011,True,True,True,True,True,True,True
SFG,2012,True,True,True,True,True,True,True
SFG,2013,True,True,True,True,True,True,True
SFG,2014,True,True,True,True,True,True,True
SFG,2015,True,True,True,True,True,True,True
SFG,2016,True,True,True,True,True,True,True
SFG,2017,True,True,True,True,True,True,True
SFG,2018,True,True,True,True,True,True,True
SFG,2019,True,True,True,True,True,True,True
SFG,2020,True,True,True,True,True,True,True
SFG,2021,True,True,True,True,True,True,True
SFG,2022,True,True,True,True,True,True,True
SFG,2023,True,True,True,True,True,True,True
SFG,2024,True,True,True,True,True,True,True
SFG,2025,True,True,True,True,True,True,True
SFI,2009,True,True,True,True,True,True,True
SFI,2010,True,True,True,True,True,True,True
SFI,2011,True,True,True,True,True,True,True
SFI,2012,True,True,True,True,True,True,True
SFI,2013,True,True,True,True,True,True,True
SFI,2014,True,True,True,True,True,True,True
SFI,2015,True,True,True,True,True,True,True
SFI,2016,True,True,True,True,True,True,True
SFI,2017,True,True,True,True,True,True,True
SFI,2018,True,True,True,True,True,True,True
SFI,2019,True,True,True,True,True,True,True
SFI,2020,True,True,True,True,True,True,True
SFI,2021,True,True,True,True,True,True,True
SFI,2022,True,True,True,True,True,True,True
SFI,2023,True,True,True,True,True,True,True
SFI,2024,True,True,True,True,True,True,True
SFI,2025,True,True,True,True,True,True,True
SFN,2010,True,True,True,True,True,True,True
SFN,2011,True,True,True,True,True,True,True
SFN,2012,True,True,True,True,True,True,True
SFN,2013,True,True,True,True,True,True,True
SFN,2014,True,True,True,True,True,True,True
SFN,2015,True,True,True,True,True,True,True
SFN,2016,True,True,True,True,True,True,True
SFN,2017,True,True,True,True,True,True,True
SFN,2018,True,True,True,True,True,True,True
SFN,2019,True,True,True,True,True,True,True
SFN,2020,True,True,True,True,True,True,True
SFN,2021,True,True,True,True,True,True,True
SFN,2022,True,True,True,True,True,True,True
SFN,2023,True,True,True,True,True,True,True
SFN,2024,True,True,True,True,True,True,True
SFN,2025,True,True,True,True,True,True,True
SFT,2010,True,True,True,True,True,True,True
SFT,2012,True,True,True,True,True,True,True
SFT,2013,True,True,True,True,True,True,True
SFT,2014,True,True,True,True,True,True,True
SFT,2015,True,True,True,True,True,True,True
SFT,2016,True,True,True,True,True,True,True
SGC,2010,True,True,True,True,True,True,True
SGC,2012,True,True,True,True,True,True,True
SGC,2013,True,True,True,True,True,True,True
SGC,2014,True,True,True,True,True,True,True
SGC,2015,True,True,True,True,True,True,True
SGC,2016,True,True,True,True,True,True,True
SGC,2017,True,True,True,True,True,True,True
SGC,2018,True,True,True,True,True,True,True
SGC,2019,True,True,True,True,True,True,True
SGC,2020,True,True,True,True,True,True,True
SGC,2021,True,True,True,True,True,True,True
SGC,2022,True,True,True,True,True,True,True
SGC,2023,True,True,True,True,True,True,True
SGC,2024,True,True,True,True,True,True,True
SGC,2025,True,True,True,True,True,True,True
SGD,2010,True,True,True,True,True,True,True
SGD,2011,True,True,True,True,True,True,True
SGD,2012,True,True,True,True,True,True,True
SGD,2013,True,True,True,True,True,True,True
SGD,2014,True,True,True,True,True,True,True
SGD,2015,True,True,True,True,True,True,True
SGD,2016,True,True,True,True,True,True,True
SGD,2017,True,True,True,True,True,True,True
SGD,2018,True,True,True,True,True,True,True
SGD,2019,True,True,True,True,True,True,True
SGD,2020,True,True,True,True,True,True,True
SGD,2021,True,True,True,True,True,True,True
SGD,2022,True,True,True,True,True,True,True
SGD,2023,True,True,True,True,True,True,True
SGD,2024,True,True,True,True,True,True,True
SGD,2025,True,True,True,True,True,True,True
SGH,2009,True,True,True,True,True,True,True
SGH,2010,True,True,True,True,True,True,True
SGH,2011,True,True,True,True,True,True,True
SGH,2012,True,True,True,True,True,True,True
SGH,2013,True,True,True,True,True,True,True
SGH,2014,True,True,True,True,True,True,True
SGH,2015,True,True,True,True,True,True,True
SGH,2016,True,True,True,True,True,True,True
SGH,2017,True,True,True,True,True,True,True
SGH,2018,True,True,True,True,True,True,True
SGH,2019,True,True,True,True,True,True,True
SGH,2020,True,True,True,True,True,True,True
SGH,2021,True,True,True,True,True,True,True
SGH,2022,True,True,True,True,True,True,True
SGH,2023,True,True,True,True,True,True,True
SGH,2024,True,True,True,True,True,True,True
SGH,2025,True,True,True,True,True,True,True
SGI,2018,True,True,True,True,True,True,True
SGI,2019,True,True,True,True,True,True,True
SGI,2020,True,True,True,True,True,True,True
SGI,2021,True,True,True,True,True,True,True
SGI,2022,True,True,True,True,True,True,True
SGI,2023,True,True,True,True,True,True,True
SGI,2024,True,True,True,True,True,True,True
SGI,2025,True,True,True,True,True,True,True
SGN,2014,True,True,True,True,True,True,True
SGN,2015,True,True,True,True,True,True,True
SGN,2016,True,True,True,True,True,True,True
SGN,2017,True,True,True,True,True,True,True
SGN,2018,True,True,True,True,True,True,True
SGN,2019,True,True,True,True,True,True,True
SGN,2020,True,True,True,True,True,True,True
SGN,2021,True,True,True,True,True,True,True
SGN,2022,True,True,True,True,True,True,True
SGN,2023,True,True,True,True,True,True,True
SGN,2024,True,True,True,True,True,True,True
SGN,2025,True,True,True,True,True,True,True
SGO,2016,True,True,True,True,True,True,True
SGO,2017,True,True,True,True,True,True,True
SGP,2015,True,True,True,True,True,True,True
SGP,2016,True,True,True,True,True,True,True
SGP,2017,True,True,True,True,True,True,True
SGP,2018,True,True,True,True,True,True,True
SGP,2019,True,True,True,True,True,True,True
SGP,2020,True,True,True,True,True,True,True
SGP,2021,True,True,True,True,True,True,True
SGP,2022,True,True,True,True,True,True,True
SGP,2023,True,True,True,True,True,True,True
SGP,2024,True,True,True,True,True,True,True
SGP,2025,True,True,True,True,True,True,True
SGR,2010,True,True,True,True,True,True,True
SGR,2011,True,True,True,True,True,True,True
SGR,2014,True,True,True,True,True,True,True
SGR,2015,True,True,True,True,True,True,True
SGR,2017,True,True,True,True,True,True,True
SGR,2018,True,True,True,True,True,True,True
SGR,2019,True,True,True,True,True,True,True
SGR,2020,True,True,True,True,True,True,True
SGR,2021,True,True,True,True,True,True,True
SGR,2022,True,True,True,True,True,True,True
SGR,2023,True,True,True,True,True,True,True
SGR,2024,True,True,True,True,True,True,True
SGR,2025,True,True,True,True,True,True,True
SGS,2009,True,True,True,True,True,True,True
SGS,2010,True,True,True,True,True,True,True
SGS,2011,True,True,True,True,True,True,True
SGS,2012,True,True,True,True,True,True,True
SGS,2013,True,True,True,True,True,True,True
SGS,2014,True,True,True,True,True,True,True
SGS,2015,True,True,True,True,True,True,True
SGS,2016,True,True,True,True,True,True,True
SGS,2017,True,True,True,True,True,True,True
SGS,2018,True,True,True,True,True,True,True
SGS,2019,True,True,True,True,True,True,True
SGS,2020,True,True,True,True,True,True,True
SGS,2021,True,True,True,True,True,True,True
SGS,2022,True,True,True,True,True,True,True
SGS,2023,True,True,True,True,True,True,True
SGS,2024,True,True,True,True,True,True,True
SGS,2025,True,True,True,True,True,True,True
SGT,2009,True,True,True,True,True,True,True
SGT,2010,True,True,True,True,True,True,True
SGT,2011,True,True,True,True,True,True,True
SGT,2012,True,True,True,True,True,True,True
SGT,2013,True,True,True,True,True,True,True
SGT,2014,True,True,True,True,True,True,True
SGT,2015,True,True,True,True,True,True,True
SGT,2016,True,True,True,True,True,True,True
SGT,2017,True,True,True,True,True,True,True
SGT,2018,True,True,True,True,True,True,True
SGT,2019,True,True,True,True,True,True,True
SGT,2020,True,True,True,True,True,True,True
SGT,2021,True,True,True,True,True,True,True
SGT,2022,True,True,True,True,True,True,True
SGT,2023,True,True,True,True,True,True,True
SGT,2024,True,True,True,True,True,True,True
SGT,2025,True,True,True,True,True,True,True
SHA,2010,True,True,True,True,True,True,True
SHA,2011,True,True,True,True,True,True,True
SHA,2012,True,True,True,True,True,True,True
SHA,2013,True,True,True,True,True,True,True
SHA,2014,True,True,True,True,True,True,True
SHA,2015,True,True,True,True,True,True,True
SHA,2016,True,True,True,True,True,True,True
SHA,2017,True,True,True,True,True,True,True
SHA,2018,True,True,True,True,True,True,True
SHA,2019,True,True,True,True,True,True,True
SHA,2020,True,True,True,True,True,True,True
SHA,2021,True,True,True,True,True,True,True
SHA,2022,True,True,True,True,True,True,True
SHA,2023,True,True,True,True,True,True,True
SHA,2024,True,True,True,True,True,True,True
SHA,2025,True,True,True,True,True,True,True
SHC,2009,True,True,True,True,True,True,True
SHC,2010,True,True,True,True,True,True,True
SHC,2011,True,True,True,True,True,True,True
SHC,2012,True,True,True,True,True,True,True
SHC,2013,True,True,True,True,True,True,True
SHC,2014,True,True,True,True,True,True,True
SHC,2015,True,True,True,True,True,True,True
SHC,2016,True,True,True,True,True,True,True
SHC,2017,True,True,True,True,True,True,True
SHC,2018,True,True,True,True,True,True,True
SHC,2019,True,True,True,True,True,True,True
SHC,2020,True,True,True,True,True,True,True
SHC,2021,True,True,True,True,True,True,True
SHC,2022,True,True,True,True,True,True,True
SHC,2023,True,True,True,True,True,True,True
SHC,2024,True,True,True,True,True,True,True
SHC,2025,True,True,True,True,True,True,True
SHE,2016,True,True,True,True,True,True,True
SHE,2017,True,True,True,True,True,True,True
SHE,2018,True,True,True,True,True,True,True
SHE,2019,True,True,True,True,True,True,True
SHE,2020,True,True,True,True,True,True,True
SHE,2021,True,True,True,True,True,True,True
SHE,2022,True,True,True,True,True,True,True
SHE,2023,True,True,True,True,True,True,True
SHE,2024,True,True,True,True,True,True,True
SHE,2025,True,True,True,True,True,True,True
SHG,2012,True,True,True,True,True,True,True
SHG,2013,True,True,True,True,True,True,True
SHG,2016,True,True,True,True,True,True,True
SHG,2017,True,True,True,True,True,True,True
SHG,2018,True,True,True,True,True,True,True
SHG,2019,True,True,True,True,True,True,True
SHG,2020,True,True,True,True,True,True,True
SHG,2021,True,True,True,True,True,True,True
SHG,2022,True,True,True,True,True,True,True
SHG,2023,True,True,True,True,True,True,True
SHG,2024,True,True,True,True,True,True,True
SHG,2025,True,True,True,True,True,True,True
SHI,2009,True,True,True,True,True,True,True
SHI,2010,True,True,True,True,True,True,True
SHI,2011,True,True,True,True,True,True,True
SHI,2012,True,True,True,True,True,True,True
SHI,2013,True,True,True,True,True,True,True
SHI,2014,True,True,True,True,True,True,True
SHI,2015,True,True,True,True,True,True,True
SHI,2016,True,True,True,True,True,True,True
SHI,2017,True,True,True,True,True,True,True
SHI,2018,True,True,True,True,True,True,True
SHI,2019,True,True,True,True,True,True,True
SHI,2020,True,True,True,True,True,True,True
SHI,2021,True,True,True,True,True,True,True
SHI,2022,True,True,True,True,True,True,True
SHI,2023,True,True,True,True,True,True,True
SHI,2024,True,True,True,True,True,True,True
SHI,2025,True,True,True,True,True,True,True
SHN,2011,True,True,True,True,True,True,True
SHN,2012,True,True,True,True,True,True,True
SHN,2013,True,True,True,True,True,True,True
SHN,2014,True,True,True,True,True,True,True
SHN,2015,True,True,True,True,True,True,True
SHN,2016,True,True,True,True,True,True,True
SHN,2017,True,True,True,True,True,True,True
SHN,2018,True,True,True,True,True,True,True
SHN,2019,True,True,True,True,True,True,True
SHN,2020,True,True,True,True,True,True,True
SHN,2021,True,True,True,True,True,True,True
SHN,2022,True,True,True,True,True,True,True
SHN,2023,True,True,True,True,True,True,True
SHN,2024,True,True,True,True,True,True,True
SHN,2025,True,True,True,True,True,True,True
SHP,2009,True,True,True,True,True,True,True
SHP,2010,True,True,True,True,True,True,True
SHP,2011,True,True,True,True,True,True,True
SHP,2012,True,True,True,True,True,True,True
SHP,2013,True,True,True,True,True,True,True
SHP,2014,True,True,True,True,True,True,True
SHP,2015,True,True,True,True,True,True,True
SHP,2016,True,True,True,True,True,True,True
SHP,2017,True,True,True,True,True,True,True
SHP,2018,True,True,True,True,True,True,True
SHP,2019,True,True,True,True,True,True,True
SHP,2020,True,True,True,True,True,True,True
SHP,2021,True,True,True,True,True,True,True
SHP,2022,True,True,True,True,True,True,True
SHP,2023,True,True,True,True,True,True,True
SHP,2024,True,True,True,True,True,True,True
SHP,2025,True,True,True,True,True,True,True
SHX,2014,True,True,True,True,True,True,True
SHX,2015,True,True,True,True,True,True,True
SHX,2016,True,True,True,True,True,True,True
SHX,2017,True,True,True,True,True,True,True
SHX,2018,True,True,True,True,True,True,True
SHX,2019,True,True,True,True,True,True,True
SHX,2020,True,True,True,True,True,True,True
SHX,2021,True,True,True,True,True,True,True
SHX,2022,True,True,True,True,True,True,True
SID,2014,True,True,True,True,True,True,True
SID,2015,True,True,True,True,True,True,True
SID,2016,True,True,True,True,True,True,True
SID,2017,True,True,True,True,True,True,True
SID,2018,True,True,True,True,True,True,True
SID,2019,True,True,True,True,True,True,True
SID,2020,True,True,True,True,True,True,True
SID,2021,True,True,True,True,True,True,True
SID,2022,True,True,True,True,True,True,True
SID,2023,True,True,True,True,True,True,True
SID,2024,True,True,True,True,True,True,True
SID,2025,True,True,True,True,True,True,True
SIG,2016,True,True,True,True,True,True,True
SIG,2017,True,True,True,True,True,True,True
SIG,2018,True,True,True,True,True,True,True
SIG,2019,True,True,True,True,True,True,True
SIG,2020,True,True,True,True,True,True,True
SIG,2021,True,True,True,True,True,True,True
SIG,2022,True,True,True,True,True,True,True
SIG,2023,True,True,True,True,True,True,True
SIG,2024,True,True,True,True,True,True,True
SIG,2025,True,True,True,True,True,True,True
SII,2012,True,True,True,True,True,True,True
SII,2014,True,True,True,True,True,True,True
SII,2015,True,True,True,True,True,True,True
SII,2016,True,True,True,True,True,True,True
SII,2017,True,True,True,True,True,True,True
SII,2018,True,True,True,True,True,True,True
SII,2019,True,True,True,True,True,True,True
SII,2020,True,True,True,True,True,True,True
SII,2021,True,True,True,True,True,True,True
SII,2022,True,True,True,True,True,True,True
SII,2023,True,True,True,True,True,True,True
SII,2024,True,True,True,True,True,True,True
SII,2025,True,True,True,True,True,True,True
SIP,2016,True,True,True,True,True,True,True
SIP,2017,True,True,True,True,True,True,True
SIP,2018,True,True,True,True,True,True,True
SIP,2019,True,True,True,True,True,True,True
SIP,2020,True,True,True,True,True,True,True
SIP,2021,True,True,True,True,True,True,True
SIP,2022,True,True,True,True,True,True,True
SIP,2023,True,True,True,True,True,True,True
SIP,2024,True,True,True,True,True,True,True
SIP,2025,True,True,True,True,True,True,True
SIV,2012,True,True,True,True,True,True,True
SIV,2013,True,True,True,True,True,True,True
SIV,2014,True,True,True,True,True,True,True
SIV,2015,True,True,True,True,True,True,True
SIV,2016,True,True,True,True,True,True,True
SIV,2017,True,True,True,True,True,True,True
SIV,2018,True,True,True,True,True,True,True
SIV,2019,True,True,True,True,True,True,True
SIV,2020,True,True,True,True,True,True,True
SIV,2021,True,True,True,True,True,True,True
SIV,2022,True,True,True,True,True,True,True
SIV,2023,True,True,True,True,True,True,True
SIV,2024,True,True,True,True,True,True,True
SIV,2025,True,True,True,True,True,True,True
SJ1,2009,True,True,True,True,True,True,True
SJ1,2010,True,True,True,True,True,True,True
SJ1,2011,True,True,True,True,True,True,True
SJ1,2012,True,True,True,True,True,True,True
SJ1,2013,True,True,True,True,True,True,True
SJ1,2014,True,True,True,True,True,True,True
SJ1,2015,True,True,True,True,True,True,True
SJ1,2016,True,True,True,True,True,True,True
SJ1,2017,True,True,True,True,True,True,True
SJ1,2018,True,True,True,True,True,True,True
SJ1,2019,True,True,True,True,True,True,True
SJ1,2020,True,True,True,True,True,True,True
SJ1,2024,True,True,True,True,True,True,True
SJ1,2025,True,True,True,True,True,True,True
SJC,2010,True,True,True,True,True,True,True
SJC,2012,True,True,True,True,True,True,True
SJC,2013,True,True,True,True,True,True,True
SJC,2015,True,True,True,True,True,True,True
SJC,2016,True,True,True,True,True,True,True
SJC,2017,True,True,True,True,True,True,True
SJC,2018,True,True,True,True,True,True,True
SJC,2019,True,True,True,True,True,True,True
SJC,2020,True,True,True,True,True,True,True
SJC,2021,True,True,True,True,True,True,True
SJD,2011,True,True,True,True,True,True,True
SJD,2012,True,True,True,True,True,True,True
SJD,2015,True,True,True,True,True,True,True
SJD,2016,True,True,True,True,True,True,True
SJD,2017,True,True,True,True,True,True,True
SJD,2018,True,True,True,True,True,True,True
SJD,2019,True,True,True,True,True,True,True
SJD,2020,True,True,True,True,True,True,True
SJD,2021,True,True,True,True,True,True,True
SJD,2022,True,True,True,True,True,True,True
SJD,2023,True,True,True,True,True,True,True
SJD,2024,True,True,True,True,True,True,True
SJD,2025,True,True,True,True,True,True,True
SJE,2009,True,True,True,True,True,True,True
SJE,2010,True,True,True,True,True,True,True
SJE,2011,True,True,True,True,True,True,True
SJE,2012,True,True,True,True,True,True,True
SJE,2013,True,True,True,True,True,True,True
SJE,2014,True,True,True,True,True,True,True
SJE,2015,True,True,True,True,True,True,True
SJE,2016,True,True,True,True,True,True,True
SJE,2017,True,True,True,True,True,True,True
SJE,2018,True,True,True,True,True,True,True
SJE,2019,True,True,True,True,True,True,True
SJE,2020,True,True,True,True,True,True,True
SJE,2021,True,True,True,True,True,True,True
SJE,2022,True,True,True,True,True,True,True
SJE,2023,True,True,True,True,True,True,True
SJE,2024,True,True,True,True,True,True,True
SJE,2025,True,True,True,True,True,True,True
SJF,2014,True,True,True,True,True,True,True
SJF,2015,True,True,True,True,True,True,True
SJF,2016,True,True,True,True,True,True,True
SJF,2017,True,True,True,True,True,True,True
SJF,2018,True,True,True,True,True,True,True
SJF,2019,True,True,True,True,True,True,True
SJF,2020,True,True,True,True,True,True,True
SJF,2021,True,True,True,True,True,True,True
SJF,2022,True,True,True,True,True,True,True
SJF,2023,True,True,True,True,True,True,True
SJF,2024,True,True,True,True,True,True,True
SJF,2025,True,True,True,True,True,True,True
SJG,2015,True,True,True,True,True,True,True
SJG,2016,True,True,True,True,True,True,True
SJG,2017,True,True,True,True,True,True,True
SJG,2018,True,True,True,True,True,True,True
SJG,2019,True,True,True,True,True,True,True
SJG,2020,True,True,True,True,True,True,True
SJG,2021,True,True,True,True,True,True,True
SJG,2022,True,True,True,True,True,True,True
SJG,2023,True,True,True,True,True,True,True
SJG,2024,True,True,True,True,True,True,True
SJG,2025,True,True,True,True,True,True,True
SJM,2010,True,True,True,True,True,True,True
SJM,2011,True,True,True,True,True,True,True
SJM,2012,True,True,True,True,True,True,True
SJM,2013,True,True,True,True,True,True,True
SJM,2014,True,True,True,True,True,True,True
SJM,2015,True,True,True,True,True,True,True
SJM,2016,True,True,True,True,True,True,True
SJM,2017,True,True,True,True,True,True,True
SJM,2018,True,True,True,True,True,True,True
SJM,2019,True,True,True,True,True,True,True
SJM,2020,True,True,True,True,True,True,True
SJM,2021,True,True,True,True,True,True,True
SJM,2022,True,True,True,True,True,True,True
SJM,2023,True,True,True,True,True,True,True
SJM,2024,True,True,True,True,True,True,True
SJM,2025,True,True,True,True,True,True,True
SJS,2009,True,True,True,True,True,True,True
SJS,2010,True,True,True,True,True,True,True
SJS,2011,True,True,True,True,True,True,True
SJS,2012,True,True,True,True,True,True,True
SJS,2013,True,True,True,True,True,True,True
SJS,2014,True,True,True,True,True,True,True
SJS,2015,True,True,True,True,True,True,True
SJS,2016,True,True,True,True,True,True,True
SJS,2017,True,True,True,True,True,True,True
SJS,2018,True,True,True,True,True,True,True
SJS,2019,True,True,True,True,True,True,True
SJS,2020,True,True,True,True,True,True,True
SJS,2021,True,True,True,True,True,True,True
SJS,2022,True,True,True,True,True,True,True
SJS,2023,True,True,True,True,True,True,True
SJS,2024,True,True,True,True,True,True,True
SJS,2025,True,True,True,True,True,True,True
SKG,2010,True,True,True,True,True,True,True
SKG,2011,True,True,True,True,True,True,True
SKG,2012,True,True,True,True,True,True,True
SKG,2013,True,True,True,True,True,True,True
SKG,2014,True,True,True,True,True,True,True
SKG,2015,True,True,True,True,True,True,True
SKG,2016,True,True,True,True,True,True,True
SKG,2017,True,True,True,True,True,True,True
SKG,2018,True,True,True,True,True,True,True
SKG,2019,True,True,True,True,True,True,True
SKG,2020,True,True,True,True,True,True,True
SKG,2021,True,True,True,True,True,True,True
SKG,2022,True,True,True,True,True,True,True
SKG,2023,True,True,True,True,True,True,True
SKG,2024,True,True,True,True,True,True,True
SKG,2025,True,True,True,True,True,True,True
SKH,2016,True,True,True,True,True,True,True
SKH,2018,True,True,True,True,True,True,True
SKH,2019,True,True,True,True,True,True,True
SKH,2020,True,True,True,True,True,True,True
SKH,2021,True,True,True,True,True,True,True
SKH,2022,True,True,True,True,True,True,True
SKH,2023,True,True,True,True,True,True,True
SKH,2024,True,True,True,True,True,True,True
SKH,2025,True,True,True,True,True,True,True
SKN,2018,True,True,True,True,True,True,True
SKN,2019,True,True,True,True,True,True,True
SKN,2020,True,True,True,True,True,True,True
SKN,2021,True,True,True,True,True,True,True
SKN,2022,True,True,True,True,True,True,True
SKN,2023,True,True,True,True,True,True,True
SKN,2024,True,True,True,True,True,True,True
SKN,2025,True,True,True,True,True,True,True
SKV,2015,True,True,True,True,True,True,True
SKV,2017,True,True,True,True,True,True,True
SKV,2018,True,True,True,True,True,True,True
SKV,2019,True,True,True,True,True,True,True
SKV,2020,True,True,True,True,True,True,True
SKV,2021,True,True,True,True,True,True,True
SKV,2022,True,True,True,True,True,True,True
SKV,2023,True,True,True,True,True,True,True
SKV,2024,True,True,True,True,True,True,True
SKV,2025,True,True,True,True,True,True,True
SLC,2013,True,True,True,True,True,True,True
SLC,2014,True,True,True,True,True,True,True
SLC,2016,True,True,True,True,True,True,True
SLC,2017,True,True,True,True,True,True,True
SLD,2016,True,True,True,True,True,True,True
SLD,2017,True,True,True,True,True,True,True
SLD,2020,True,True,True,True,True,True,True
SLD,2021,True,True,True,True,True,True,True
SLD,2022,True,True,True,True,True,True,True
SLD,2023,True,True,True,True,True,True,True
SLD,2024,True,True,True,True,True,True,True
SLD,2025,True,True,True,True,True,True,True
SLS,2010,True,True,True,True,True,True,True
SLS,2011,True,True,True,True,True,True,True
SLS,2012,True,True,True,True,True,True,True
SLS,2013,True,True,True,True,True,True,True
SLS,2014,True,True,True,True,True,True,True
SLS,2015,True,True,True,True,True,True,True
SLS,2019,True,True,True,True,True,True,True
SLS,2020,True,True,True,True,True,True,True
SLS,2021,True,True,True,True,True,True,True
SLS,2022,True,True,True,True,True,True,True
SLS,2025,True,True,True,True,True,True,True
SMA,2010,True,True,True,True,True,True,True
SMA,2011,True,True,True,True,True,True,True
SMA,2013,True,True,True,True,True,True,True
SMA,2014,True,True,True,True,True,True,True
SMA,2015,True,True,True,True,True,True,True
SMA,2016,True,True,True,True,True,True,True
SMA,2017,True,True,True,True,True,True,True
SMA,2019,True,True,True,True,True,True,True
SMA,2020,True,True,True,True,True,True,True
SMA,2022,True,True,True,True,True,True,True
SMA,2023,True,True,True,True,True,True,True
SMA,2024,True,True,True,True,True,True,True
SMA,2025,True,True,True,True,True,True,True
SMB,2009,True,True,True,True,True,True,True
SMB,2010,True,True,True,True,True,True,True
SMB,2011,True,True,True,True,True,True,True
SMB,2012,True,True,True,True,True,True,True
SMB,2013,True,True,True,True,True,True,True
SMB,2014,True,True,True,True,True,True,True
SMB,2015,True,True,True,True,True,True,True
SMB,2016,True,True,True,True,True,True,True
SMB,2017,True,True,True,True,True,True,True
SMB,2018,True,True,True,True,True,True,True
SMB,2019,True,True,True,True,True,True,True
SMB,2020,True,True,True,True,True,True,True
SMB,2021,True,True,True,True,True,True,True
SMB,2022,True,True,True,True,True,True,True
SMB,2023,True,True,True,True,True,True,True
SMB,2024,True,True,True,True,True,True,True
SMB,2025,True,True,True,True,True,True,True
SMC,2009,True,True,True,True,True,True,True
SMC,2010,True,True,True,True,True,True,True
SMC,2011,True,True,True,True,True,True,True
SMC,2012,True,True,True,True,True,True,True
SMC,2013,True,True,True,True,True,True,True
SMC,2014,True,True,True,True,True,True,True
SMC,2015,True,True,True,True,True,True,True
SMC,2016,True,True,True,True,True,True,True
SMC,2017,True,True,True,True,True,True,True
SMC,2018,True,True,True,True,True,True,True
SMC,2019,True,True,True,True,True,True,True
SMC,2020,True,True,True,True,True,True,True
SMC,2021,True,True,True,True,True,True,True
SMC,2022,True,True,True,True,True,True,True
SMC,2023,True,True,True,True,True,True,True
SMC,2024,True,True,True,True,True,True,True
SMC,2025,True,True,True,True,True,True,True
SMN,2012,True,True,True,True,True,True,True
SMN,2013,True,True,True,True,True,True,True
SMN,2014,True,True,True,True,True,True,True
SMN,2015,True,True,True,True,True,True,True
SMN,2016,True,True,True,True,True,True,True
SMN,2017,True,True,True,True,True,True,True
SMN,2018,True,True,True,True,True,True,True
SMN,2019,True,True,True,True,True,True,True
SMN,2020,True,True,True,True,True,True,True
SMN,2021,True,True,True,True,True,True,True
SMN,2022,True,True,True,True,True,True,True
SMN,2023,True,True,True,True,True,True,True
SMN,2024,True,True,True,True,True,True,True
SMN,2025,True,True,True,True,True,True,True
SMT,2010,True,True,True,True,True,True,True
SMT,2012,True,True,True,True,True,True,True
SMT,2014,True,True,True,True,True,True,True
SMT,2017,True,True,True,True,True,True,True
SMT,2018,True,True,True,True,True,True,True
SMT,2019,True,True,True,True,True,True,True
SMT,2020,True,True,True,True,True,True,True
SMT,2021,True,True,True,True,True,True,True
SMT,2022,True,True,True,True,True,True,True
SMT,2023,True,True,True,True,True,True,True
SMT,2024,True,True,True,True,True,True,True
SMT,2025,True,True,True,True,True,True,True
SNC,2009,True,True,True,True,True,True,True
SNC,2010,True,True,True,True,True,True,True
SNC,2011,True,True,True,True,True,True,True
SNC,2012,True,True,True,True,True,True,True
SNC,2013,True,True,True,True,True,True,True
SNC,2014,True,True,True,True,True,True,True
SNC,2015,True,True,True,True,True,True,True
SNC,2016,True,True,True,True,True,True,True
SNC,2017,True,True,True,True,True,True,True
SNC,2018,True,True,True,True,True,True,True
SNC,2019,True,True,True,True,True,True,True
SNC,2020,True,True,True,True,True,True,True
SNC,2021,True,True,True,True,True,True,True
SNC,2022,True,True,True,True,True,True,True
SNC,2023,True,True,True,True,True,True,True
SNC,2024,True,True,True,True,True,True,True
SNC,2025,True,True,True,True,True,True,True
SNG,2012,True,True,True,True,True,True,True
SNG,2013,True,True,True,True,True,True,True
SNZ,2013,True,True,True,True,True,True,True
SNZ,2014,True,True,True,True,True,True,True
SNZ,2015,True,True,True,True,True,True,True
SNZ,2016,True,True,True,True,True,True,True
SNZ,2017,True,True,True,True,True,True,True
SNZ,2018,True,True,True,True,True,True,True
SNZ,2019,True,True,True,True,True,True,True
SNZ,2020,True,True,True,True,True,True,True
SNZ,2021,True,True,True,True,True,True,True
SNZ,2022,True,True,True,True,True,True,True
SNZ,2023,True,True,True,True,True,True,True
SNZ,2024,True,True,True,True,True,True,True
SNZ,2025,True,True,True,True,True,True,True
SON,2013,True,True,True,True,True,True,True
SON,2014,True,True,True,True,True,True,True
SON,2016,True,True,True,True,True,True,True
SON,2017,True,True,True,True,True,True,True
SON,2018,True,True,True,True,True,True,True
SON,2019,True,True,True,True,True,True,True
SON,2020,True,True,True,True,True,True,True
SON,2021,True,True,True,True,True,True,True
SON,2022,True,True,True,True,True,True,True
SOV,2018,True,True,True,True,True,True,True
SOV,2019,True,True,True,True,True,True,True
SP2,2012,True,True,True,True,True,True,True
SP2,2013,True,True,True,True,True,True,True
SP2,2014,True,True,True,True,True,True,True
SP2,2015,True,True,True,True,True,True,True
SP2,2016,True,True,True,True,True,True,True
SP2,2017,True,True,True,True,True,True,True
SP2,2018,True,True,True,True,True,True,True
SP2,2019,True,True,True,True,True,True,True
SP2,2020,True,True,True,True,True,True,True
SP2,2021,True,True,True,True,True,True,True
SP2,2022,True,True,True,True,True,True,True
SP2,2023,True,True,True,True,True,True,True
SP2,2024,True,True,True,True,True,True,True
SP2,2025,True,True,True,True,True,True,True
SPA,2012,True,True,True,True,True,True,True
SPA,2013,True,True,True,True,True,True,True
SPA,2014,True,True,True,True,True,True,True
SPA,2015,True,True,True,True,True,True,True
SPA,2016,True,True,True,True,True,True,True
SPA,2017,True,True,True,True,True,True,True
SPA,2018,True,True,True,True,True,True,True
SPA,2019,True,True,True,True,True,True,True
SPA,2020,True,True,True,True,True,True,True
SPA,2021,True,True,True,True,True,True,True
SPB,2014,True,True,True,True,True,True,True
SPB,2015,True,True,True,True,True,True,True
SPB,2016,True,True,True,True,True,True,True
SPB,2017,True,True,True,True,True,True,True
SPB,2018,True,True,True,True,True,True,True
SPB,2019,True,True,True,True,True,True,True
SPB,2020,True,True,True,True,True,True,True
SPB,2021,True,True,True,True,True,True,True
SPB,2022,True,True,True,True,True,True,True
SPB,2023,True,True,True,True,True,True,True
SPB,2024,True,True,True,True,True,True,True
SPC,2010,True,True,True,True,True,True,True
SPC,2012,True,True,True,True,True,True,True
SPC,2013,True,True,True,True,True,True,True
SPC,2014,True,True,True,True,True,True,True
SPC,2015,True,True,True,True,True,True,True
SPC,2016,True,True,True,True,True,True,True
SPC,2017,True,True,True,True,True,True,True
SPC,2018,True,True,True,True,True,True,True
SPC,2019,True,True,True,True,True,True,True
SPC,2020,True,True,True,True,True,True,True
SPC,2021,True,True,True,True,True,True,True
SPC,2022,True,True,True,True,True,True,True
SPC,2023,True,True,True,True,True,True,True
SPC,2024,True,True,True,True,True,True,True
SPC,2025,True,True,True,True,True,True,True
SPD,2010,True,True,True,True,True,True,True
SPD,2011,True,True,True,True,True,True,True
SPD,2013,True,True,True,True,True,True,True
SPD,2014,True,True,True,True,True,True,True
SPD,2015,True,True,True,True,True,True,True
SPD,2017,True,True,True,True,True,True,True
SPD,2018,True,True,True,True,True,True,True
SPD,2019,True,True,True,True,True,True,True
SPD,2020,True,True,True,True,True,True,True
SPD,2021,True,True,True,True,True,True,True
SPD,2022,True,True,True,True,True,True,True
SPD,2023,True,True,True,True,True,True,True
SPD,2024,True,True,True,True,True,True,True
SPD,2025,True,True,True,True,True,True,True
SPH,2010,True,True,True,True,True,True,True
SPH,2011,True,True,True,True,True,True,True
SPH,2012,True,True,True,True,True,True,True
SPH,2013,True,True,True,True,True,True,True
SPH,2014,True,True,True,True,True,True,True
SPH,2015,True,True,True,True,True,True,True
SPH,2016,True,True,True,True,True,True,True
SPH,2017,True,True,True,True,True,True,True
SPH,2018,True,True,True,True,True,True,True
SPH,2019,True,True,True,True,True,True,True
SPH,2020,True,True,True,True,True,True,True
SPH,2021,True,True,True,True,True,True,True
SPH,2022,True,True,True,True,True,True,True
SPH,2024,True,True,True,True,True,True,True
SPH,2025,True,True,True,True,True,True,True
SPI,2012,True,True,True,True,True,True,True
SPI,2013,True,True,True,True,True,True,True
SPI,2015,True,True,True,True,True,True,True
SPI,2016,True,True,True,True,True,True,True
SPI,2017,True,True,True,True,True,True,True
SPI,2018,True,True,True,True,True,True,True
SPI,2019,True,True,True,True,True,True,True
SPI,2020,True,True,True,True,True,True,True
SPI,2021,True,True,True,True,True,True,True
SPI,2022,True,True,True,True,True,True,True
SPI,2023,True,True,True,True,True,True,True
SPM,2009,True,True,True,True,True,True,True
SPM,2010,True,True,True,True,True,True,True
SPM,2011,True,True,True,True,True,True,True
SPM,2012,True,True,True,True,True,True,True
SPM,2013,True,True,True,True,True,True,True
SPM,2014,True,True,True,True,True,True,True
SPM,2015,True,True,True,True,True,True,True
SPM,2016,True,True,True,True,True,True,True
SPM,2017,True,True,True,True,True,True,True
SPM,2018,True,True,True,True,True,True,True
SPM,2019,True,True,True,True,True,True,True
SPM,2020,True,True,True,True,True,True,True
SPM,2021,True,True,True,True,True,True,True
SPM,2022,True,True,True,True,True,True,True
SPM,2023,True,True,True,True,True,True,True
SPM,2024,True,True,True,True,True,True,True
SPM,2025,True,True,True,True,True,True,True
SPP,2012,True,True,True,True,True,True,True
SPP,2013,True,True,True,True,True,True,True
SPP,2014,True,True,True,True,True,True,True
SPP,2016,True,True,True,True,True,True,True
SPP,2019,True,True,True,True,True,True,True
SPV,2013,True,True,True,True,True,True,True
SPV,2014,True,True,True,True,True,True,True
SPV,2015,True,True,True,True,True,True,True
SPV,2016,True,True,True,True,True,True,True
SPV,2017,True,True,True,True,True,True,True
SPV,2018,True,True,True,True,True,True,True
SPV,2019,True,True,True,True,True,True,True
SPV,2020,True,True,True,True,True,True,True
SPV,2021,True,True,True,True,True,True,True
SPV,2022,True,True,True,True,True,True,True
SPV,2023,True,True,True,True,True,True,True
SPV,2024,True,True,True,True,True,True,True
SPV,2025,True,True,True,True,True,True,True
SQC,2009,True,True,True,True,True,True,True
SQC,2010,True,True,True,True,True,True,True
SQC,2011,True,True,True,True,True,True,True
SQC,2012,True,True,True,True,True,True,True
SQC,2013,True,True,True,True,True,True,True
SQC,2014,True,True,True,True,True,True,True
SQC,2015,True,True,True,True,True,True,True
SQC,2016,True,True,True,True,True,True,True
SQC,2017,True,True,True,True,True,True,True
SQC,2018,True,True,True,True,True,True,True
SQC,2019,True,True,True,True,True,True,True
SQC,2020,True,True,True,True,True,True,True
SQC,2021,True,True,True,True,True,True,True
SQC,2022,True,True,True,True,True,True,True
SQC,2023,True,True,True,True,True,True,True
SQC,2024,True,True,True,True,True,True,True
SRA,2010,True,True,True,True,True,True,True
SRA,2011,True,True,True,True,True,True,True
SRA,2012,True,True,True,True,True,True,True
SRA,2013,True,True,True,True,True,True,True
SRA,2014,True,True,True,True,True,True,True
SRA,2015,True,True,True,True,True,True,True
SRA,2016,True,True,True,True,True,True,True
SRA,2017,True,True,True,True,True,True,True
SRA,2018,True,True,True,True,True,True,True
SRA,2019,True,True,True,True,True,True,True
SRA,2020,True,True,True,True,True,True,True
SRA,2021,True,True,True,True,True,True,True
SRA,2022,True,True,True,True,True,True,True
SRA,2023,True,True,True,True,True,True,True
SRA,2024,True,True,True,True,True,True,True
SRA,2025,True,True,True,True,True,True,True
SRB,2009,True,True,True,True,True,True,True
SRB,2011,True,True,True,True,True,True,True
SRB,2012,True,True,True,True,True,True,True
SRB,2013,True,True,True,True,True,True,True
SRB,2014,True,True,True,True,True,True,True
SRB,2015,True,True,True,True,True,True,True
SRB,2016,True,True,True,True,True,True,True
SRB,2017,True,True,True,True,True,True,True
SRB,2018,True,True,True,True,True,True,True
SRB,2019,True,True,True,True,True,True,True
SRB,2020,True,True,True,True,True,True,True
SRB,2024,True,True,True,True,True,True,True
SRB,2025,True,True,True,True,True,True,True
SRC,2009,True,True,True,True,True,True,True
SRC,2010,True,True,True,True,True,True,True
SRC,2011,True,True,True,True,True,True,True
SRC,2012,True,True,True,True,True,True,True
SRC,2013,True,True,True,True,True,True,True
SRC,2014,True,True,True,True,True,True,True
SRC,2015,True,True,True,True,True,True,True
SRC,2016,True,True,True,True,True,True,True
SRC,2017,True,True,True,True,True,True,True
SRC,2018,True,True,True,True,True,True,True
SRC,2019,True,True,True,True,True,True,True
SRC,2020,True,True,True,True,True,True,True
SRC,2021,True,True,True,True,True,True,True
SRC,2022,True,True,True,True,True,True,True
SRC,2023,True,True,True,True,True,True,True
SRC,2024,True,True,True,True,True,True,True
SRC,2025,True,True,True,True,True,True,True
SRF,2009,True,True,True,True,True,True,True
SRF,2010,True,True,True,True,True,True,True
SRF,2011,True,True,True,True,True,True,True
SRF,2012,True,True,True,True,True,True,True
SRF,2013,True,True,True,True,True,True,True
SRF,2014,True,True,True,True,True,True,True
SRF,2015,True,True,True,True,True,True,True
SRF,2016,True,True,True,True,True,True,True
SRF,2017,True,True,True,True,True,True,True
SRF,2018,True,True,True,True,True,True,True
SRF,2019,True,True,True,True,True,True,True
SRF,2020,True,True,True,True,True,True,True
SRF,2021,True,True,True,True,True,True,True
SRF,2022,True,True,True,True,True,True,True
SRF,2023,True,True,True,True,True,True,True
SRF,2024,True,True,True,True,True,True,True
SRF,2025,True,True,True,True,True,True,True
SRT,2016,True,True,True,True,True,True,True
SRT,2017,True,True,True,True,True,True,True
SRT,2018,True,True,True,True,True,True,True
SRT,2019,True,True,True,True,True,True,True
SRT,2020,True,True,True,True,True,True,True
SRT,2021,True,True,True,True,True,True,True
SRT,2022,True,True,True,True,True,True,True
SRT,2023,True,True,True,True,True,True,True
SSC,2011,True,True,True,True,True,True,True
SSC,2012,True,True,True,True,True,True,True
SSC,2013,True,True,True,True,True,True,True
SSC,2014,True,True,True,True,True,True,True
SSC,2015,True,True,True,True,True,True,True
SSC,2016,True,True,True,True,True,True,True
SSC,2017,True,True,True,True,True,True,True
SSC,2018,True,True,True,True,True,True,True
SSC,2019,True,True,True,True,True,True,True
SSC,2020,True,True,True,True,True,True,True
SSC,2021,True,True,True,True,True,True,True
SSC,2022,True,True,True,True,True,True,True
SSC,2023,True,True,True,True,True,True,True
SSC,2024,True,True,True,True,True,True,True
SSC,2025,True,True,True,True,True,True,True
SSF,2010,True,True,True,True,True,True,True
SSF,2011,True,True,True,True,True,True,True
SSF,2012,True,True,True,True,True,True,True
SSF,2013,True,True,True,True,True,True,True
SSF,2014,True,True,True,True,True,True,True
SSF,2015,True,True,True,True,True,True,True
SSF,2016,True,True,True,True,True,True,True
SSF,2017,True,True,True,True,True,True,True
SSF,2018,True,True,True,True,True,True,True
SSF,2019,True,True,True,True,True,True,True
SSF,2020,True,True,True,True,True,True,True
SSF,2021,True,True,True,True,True,True,True
SSF,2022,True,True,True,True,True,True,True
SSF,2023,True,True,True,True,True,True,True
SSG,2009,True,True,True,True,True,True,True
SSG,2010,True,True,True,True,True,True,True
SSG,2011,True,True,True,True,True,True,True
SSG,2012,True,True,True,True,True,True,True
SSG,2013,True,True,True,True,True,True,True
SSG,2014,True,True,True,True,True,True,True
SSG,2015,True,True,True,True,True,True,True
SSG,2016,True,True,True,True,True,True,True
SSG,2017,True,True,True,True,True,True,True
SSG,2018,True,True,True,True,True,True,True
SSG,2019,True,True,True,True,True,True,True
SSG,2020,True,True,True,True,True,True,True
SSG,2021,True,True,True,True,True,True,True
SSG,2022,True,True,True,True,True,True,True
SSG,2023,True,True,True,True,True,True,True
SSG,2024,True,True,True,True,True,True,True
SSG,2025,True,True,True,True,True,True,True
SSH,2019,True,True,True,True,True,True,True
SSH,2020,True,True,True,True,True,True,True
SSH,2021,True,True,True,True,True,True,True
SSH,2022,True,True,True,True,True,True,True
SSH,2023,True,True,True,True,True,True,True
SSH,2024,True,True,True,True,True,True,True
SSH,2025,True,True,True,True,True,True,True
SSM,2011,True,True,True,True,True,True,True
SSM,2012,True,True,True,True,True,True,True
SSM,2013,True,True,True,True,True,True,True
SSM,2014,True,True,True,True,True,True,True
SSM,2015,True,True,True,True,True,True,True
SSM,2016,True,True,True,True,True,True,True
SSM,2017,True,True,True,True,True,True,True
SSM,2018,True,True,True,True,True,True,True
SSM,2019,True,True,True,True,True,True,True
SSM,2020,True,True,True,True,True,True,True
SSM,2021,True,True,True,True,True,True,True
SSM,2022,True,True,True,True,True,True,True
SSM,2023,True,True,True,True,True,True,True
SSM,2024,True,True,True,True,True,True,True
SSM,2025,True,True,True,True,True,True,True
SSN,2009,True,True,True,True,True,True,True
SSN,2010,True,True,True,True,True,True,True
SSN,2011,True,True,True,True,True,True,True
SSN,2012,True,True,True,True,True,True,True
SSN,2013,True,True,True,True,True,True,True
SSN,2014,True,True,True,True,True,True,True
SSN,2015,True,True,True,True,True,True,True
SSN,2016,True,True,True,True,True,True,True
SSN,2017,True,True,True,True,True,True,True
SSN,2018,True,True,True,True,True,True,True
SSN,2019,True,True,True,True,True,True,True
SSN,2020,True,True,True,True,True,True,True
SSN,2021,True,True,True,True,True,True,True
SSS,2010,True,True,True,True,True,True,True
SSS,2011,True,True,True,True,True,True,True
SSU,2017,True,True,True,True,True,True,True
SSU,2018,True,True,True,True,True,True,True
SSU,2019,True,True,True,True,True,True,True
SSU,2021,True,True,True,True,True,True,True
ST8,2009,True,True,True,True,True,True,True
ST8,2010,True,True,True,True,True,True,True
ST8,2011,True,True,True,True,True,True,True
ST8,2012,True,True,True,True,True,True,True
ST8,2013,True,True,True,True,True,True,True
ST8,2014,True,True,True,True,True,True,True
ST8,2015,True,True,True,True,True,True,True
ST8,2016,True,True,True,True,True,True,True
ST8,2017,True,True,True,True,True,True,True
ST8,2018,True,True,True,True,True,True,True
ST8,2019,True,True,True,True,True,True,True
ST8,2020,True,True,True,True,True,True,True
ST8,2021,True,True,True,True,True,True,True
ST8,2022,True,True,True,True,True,True,True
ST8,2023,True,True,True,True,True,True,True
ST8,2024,True,True,True,True,True,True,True
ST8,2025,True,True,True,True,True,True,True
STC,2010,True,True,True,True,True,True,True
STC,2011,True,True,True,True,True,True,True
STC,2012,True,True,True,True,True,True,True
STC,2013,True,True,True,True,True,True,True
STC,2014,True,True,True,True,True,True,True
STC,2015,True,True,True,True,True,True,True
STC,2016,True,True,True,True,True,True,True
STC,2017,True,True,True,True,True,True,True
STC,2018,True,True,True,True,True,True,True
STC,2019,True,True,True,True,True,True,True
STC,2020,True,True,True,True,True,True,True
STC,2021,True,True,True,True,True,True,True
STC,2022,True,True,True,True,True,True,True
STC,2023,True,True,True,True,True,True,True
STC,2024,True,True,True,True,True,True,True
STC,2025,True,True,True,True,True,True,True
STG,2010,True,True,True,True,True,True,True
STG,2011,True,True,True,True,True,True,True
STG,2012,True,True,True,True,True,True,True
STG,2013,True,True,True,True,True,True,True
STG,2014,True,True,True,True,True,True,True
STG,2015,True,True,True,True,True,True,True
STG,2016,True,True,True,True,True,True,True
STG,2017,True,True,True,True,True,True,True
STG,2018,True,True,True,True,True,True,True
STG,2019,True,True,True,True,True,True,True
STG,2020,True,True,True,True,True,True,True
STG,2021,True,True,True,True,True,True,True
STG,2022,True,True,True,True,True,True,True
STG,2023,True,True,True,True,True,True,True
STG,2024,True,True,True,True,True,True,True
STG,2025,True,True,True,True,True,True,True
STH,2018,True,True,True,True,True,True,True
STH,2019,True,True,True,True,True,True,True
STH,2020,True,True,True,True,True,True,True
STH,2021,True,True,True,True,True,True,True
STH,2022,True,True,True,True,True,True,True
STH,2023,True,True,True,True,True,True,True
STH,2024,True,True,True,True,True,True,True
STH,2025,True,True,True,True,True,True,True
STK,2009,True,True,True,True,True,True,True
STK,2010,True,True,True,True,True,True,True
STK,2011,True,True,True,True,True,True,True
STK,2012,True,True,True,True,True,True,True
STK,2013,True,True,True,True,True,True,True
STK,2014,True,True,True,True,True,True,True
STK,2015,True,True,True,True,True,True,True
STK,2016,True,True,True,True,True,True,True
STK,2017,True,True,True,True,True,True,True
STK,2018,True,True,True,True,True,True,True
STK,2019,True,True,True,True,True,True,True
STK,2020,True,True,True,True,True,True,True
STK,2021,True,True,True,True,True,True,True
STK,2022,True,True,True,True,True,True,True
STK,2023,True,True,True,True,True,True,True
STK,2024,True,True,True,True,True,True,True
STK,2025,True,True,True,True,True,True,True
STL,2011,True,True,True,True,True,True,True
STL,2012,True,True,True,True,True,True,True
STL,2013,True,True,True,True,True,True,True
STL,2014,True,True,True,True,True,True,True
STL,2015,True,True,True,True,True,True,True
STL,2016,True,True,True,True,True,True,True
STP,2009,True,True,True,True,True,True,True
STP,2010,True,True,True,True,True,True,True
STP,2011,True,True,True,True,True,True,True
STP,2012,True,True,True,True,True,True,True
STP,2013,True,True,True,True,True,True,True
STP,2014,True,True,True,True,True,True,True
STP,2015,True,True,True,True,True,True,True
STP,2016,True,True,True,True,True,True,True
STP,2017,True,True,True,True,True,True,True
STP,2018,True,True,True,True,True,True,True
STP,2019,True,True,True,True,True,True,True
STP,2020,True,True,True,True,True,True,True
STP,2021,True,True,True,True,True,True,True
STP,2022,True,True,True,True,True,True,True
STP,2023,True,True,True,True,True,True,True
STP,2024,True,True,True,True,True,True,True
STP,2025,True,True,True,True,True,True,True
STS,2011,True,True,True,True,True,True,True
STS,2012,True,True,True,True,True,True,True
STS,2013,True,True,True,True,True,True,True
STS,2014,True,True,True,True,True,True,True
STS,2015,True,True,True,True,True,True,True
STS,2016,True,True,True,True,True,True,True
STS,2017,True,True,True,True,True,True,True
STS,2018,True,True,True,True,True,True,True
STS,2019,True,True,True,True,True,True,True
STS,2020,True,True,True,True,True,True,True
STS,2021,True,True,True,True,True,True,True
STS,2022,True,True,True,True,True,True,True
STS,2023,True,True,True,True,True,True,True
STS,2024,True,True,True,True,True,True,True
STS,2025,True,True,True,True,True,True,True
STT,2009,True,True,True,True,True,True,True
STT,2010,True,True,True,True,True,True,True
STT,2011,True,True,True,True,True,True,True
STT,2012,True,True,True,True,True,True,True
STT,2013,True,True,True,True,True,True,True
STT,2014,True,True,True,True,True,True,True
STT,2015,True,True,True,True,True,True,True
STT,2016,True,True,True,True,True,True,True
STT,2017,True,True,True,True,True,True,True
STT,2018,True,True,True,True,True,True,True
STT,2019,True,True,True,True,True,True,True
STT,2020,True,True,True,True,True,True,True
STT,2021,True,True,True,True,True,True,True
STT,2022,True,True,True,True,True,True,True
STT,2023,True,True,True,True,True,True,True
STT,2024,True,True,True,True,True,True,True
STT,2025,True,True,True,True,True,True,True
STU,2010,True,True,True,True,True,True,True
STU,2012,True,True,True,True,True,True,True
STU,2013,True,True,True,True,True,True,True
STU,2014,True,True,True,True,True,True,True
STU,2015,True,True,True,True,True,True,True
STU,2016,True,True,True,True,True,True,True
STU,2017,True,True,True,True,True,True,True
STU,2018,True,True,True,True,True,True,True
STU,2019,True,True,True,True,True,True,True
STU,2020,True,True,True,True,True,True,True
STV,2009,True,True,True,True,True,True,True
STV,2010,True,True,True,True,True,True,True
STV,2011,True,True,True,True,True,True,True
STV,2012,True,True,True,True,True,True,True
STV,2013,True,True,True,True,True,True,True
STV,2014,True,True,True,True,True,True,True
STV,2015,True,True,True,True,True,True,True
STV,2016,True,True,True,True,True,True,True
STV,2017,True,True,True,True,True,True,True
STV,2018,True,True,True,True,True,True,True
STV,2019,True,True,True,True,True,True,True
STV,2020,True,True,True,True,True,True,True
STW,2016,True,True,True,True,True,True,True
STW,2017,True,True,True,True,True,True,True
STW,2018,True,True,True,True,True,True,True
STW,2019,True,True,True,True,True,True,True
STW,2020,True,True,True,True,True,True,True
STW,2021,True,True,True,True,True,True,True
STW,2022,True,True,True,True,True,True,True
STW,2024,True,True,True,True,True,True,True
STW,2025,True,True,True,True,True,True,True
SUM,2016,True,True,True,True,True,True,True
SUM,2017,True,True,True,True,True,True,True
SUM,2018,True,True,True,True,True,True,True
SUM,2019,True,True,True,True,True,True,True
SUM,2020,True,True,True,True,True,True,True
SVC,2009,True,True,True,True,True,True,True
SVC,2010,True,True,True,True,True,True,True
SVC,2011,True,True,True,True,True,True,True
SVC,2012,True,True,True,True,True,True,True
SVC,2013,True,True,True,True,True,True,True
SVC,2014,True,True,True,True,True,True,True
SVC,2015,True,True,True,True,True,True,True
SVC,2016,True,True,True,True,True,True,True
SVC,2017,True,True,True,True,True,True,True
SVC,2018,True,True,True,True,True,True,True
SVC,2019,True,True,True,True,True,True,True
SVC,2020,True,True,True,True,True,True,True
SVC,2021,True,True,True,True,True,True,True
SVC,2022,True,True,True,True,True,True,True
SVC,2023,True,True,True,True,True,True,True
SVC,2024,True,True,True,True,True,True,True
SVC,2025,True,True,True,True,True,True,True
SVD,2018,True,True,True,True,True,True,True
SVD,2019,True,True,True,True,True,True,True
SVD,2020,True,True,True,True,True,True,True
SVD,2021,True,True,True,True,True,True,True
SVD,2022,True,True,True,True,True,True,True
SVD,2023,True,True,True,True,True,True,True
SVD,2024,True,True,True,True,True,True,True
SVD,2025,True,True,True,True,True,True,True
SVG,2013,True,True,True,True,True,True,True
SVG,2014,True,True,True,True,True,True,True
SVG,2015,True,True,True,True,True,True,True
SVG,2016,True,True,True,True,True,True,True
SVG,2017,True,True,True,True,True,True,True
SVG,2018,True,True,True,True,True,True,True
SVG,2019,True,True,True,True,True,True,True
SVG,2020,True,True,True,True,True,True,True
SVG,2021,True,True,True,True,True,True,True
SVG,2022,True,True,True,True,True,True,True
SVG,2023,True,True,True,True,True,True,True
SVG,2024,True,True,True,True,True,True,True
SVG,2025,True,True,True,True,True,True,True
SVH,2016,True,True,True,True,True,True,True
SVH,2017,True,True,True,True,True,True,True
SVH,2018,True,True,True,True,True,True,True
SVH,2019,True,True,True,True,True,True,True
SVH,2020,True,True,True,True,True,True,True
SVH,2021,True,True,True,True,True,True,True
SVH,2022,True,True,True,True,True,True,True
SVH,2023,True,True,True,True,True,True,True
SVH,2024,True,True,True,True,True,True,True
SVH,2025,True,True,True,True,True,True,True
SVI,2010,True,True,True,True,True,True,True
SVI,2011,True,True,True,True,True,True,True
SVI,2012,True,True,True,True,True,True,True
SVI,2013,True,True,True,True,True,True,True
SVI,2014,True,True,True,True,True,True,True
SVI,2015,True,True,True,True,True,True,True
SVI,2016,True,True,True,True,True,True,True
SVI,2017,True,True,True,True,True,True,True
SVI,2018,True,True,True,True,True,True,True
SVI,2019,True,True,True,True,True,True,True
SVI,2020,True,True,True,True,True,True,True
SVI,2021,True,True,True,True,True,True,True
SVI,2022,True,True,True,True,True,True,True
SVI,2023,True,True,True,True,True,True,True
SVI,2024,True,True,True,True,True,True,True
SVI,2025,True,True,True,True,True,True,True
SVL,2012,True,True,True,True,True,True,True
SVL,2013,True,True,True,True,True,True,True
SVL,2016,True,True,True,True,True,True,True
SVL,2017,True,True,True,True,True,True,True
SVL,2018,True,True,True,True,True,True,True
SVL,2019,True,True,True,True,True,True,True
SVL,2021,True,True,True,True,True,True,True
SVN,2009,True,True,True,True,True,True,True
SVN,2010,True,True,True,True,True,True,True
SVN,2011,True,True,True,True,True,True,True
SVN,2012,True,True,True,True,True,True,True
SVN,2013,True,True,True,True,True,True,True
SVN,2014,True,True,True,True,True,True,True
SVN,2015,True,True,True,True,True,True,True
SVN,2016,True,True,True,True,True,True,True
SVN,2017,True,True,True,True,True,True,True
SVN,2018,True,True,True,True,True,True,True
SVN,2019,True,True,True,True,True,True,True
SVN,2020,True,True,True,True,True,True,True
SVN,2021,True,True,True,True,True,True,True
SVN,2022,True,True,True,True,True,True,True
SVN,2023,True,True,True,True,True,True,True
SVN,2024,True,True,True,True,True,True,True
SVN,2025,True,True,True,True,True,True,True
SVT,2009,True,True,True,True,True,True,True
SVT,2010,True,True,True,True,True,True,True
SVT,2011,True,True,True,True,True,True,True
SVT,2012,True,True,True,True,True,True,True
SVT,2013,True,True,True,True,True,True,True
SVT,2014,True,True,True,True,True,True,True
SVT,2015,True,True,True,True,True,True,True
SVT,2016,True,True,True,True,True,True,True
SVT,2017,True,True,True,True,True,True,True
SVT,2018,True,True,True,True,True,True,True
SVT,2019,True,True,True,True,True,True,True
SVT,2020,True,True,True,True,True,True,True
SVT,2021,True,True,True,True,True,True,True
SVT,2022,True,True,True,True,True,True,True
SVT,2023,True,True,True,True,True,True,True
SVT,2024,True,True,True,True,True,True,True
SVT,2025,True,True,True,True,True,True,True
SWC,2010,True,True,True,True,True,True,True
SWC,2011,True,True,True,True,True,True,True
SWC,2012,True,True,True,True,True,True,True
SWC,2013,True,True,True,True,True,True,True
SWC,2014,True,True,True,True,True,True,True
SWC,2015,True,True,True,True,True,True,True
SWC,2016,True,True,True,True,True,True,True
SWC,2017,True,True,True,True,True,True,True
SWC,2018,True,True,True,True,True,True,True
SWC,2019,True,True,True,True,True,True,True
SWC,2020,True,True,True,True,True,True,True
SWC,2021,True,True,True,True,True,True,True
SWC,2022,True,True,True,True,True,True,True
SWC,2023,True,True,True,True,True,True,True
SWC,2024,True,True,True,True,True,True,True
SWC,2025,True,True,True,True,True,True,True
SZB,2016,True,True,True,True,True,True,True
SZB,2017,True,True,True,True,True,True,True
SZB,2018,True,True,True,True,True,True,True
SZB,2019,True,True,True,True,True,True,True
SZB,2020,True,True,True,True,True,True,True
SZB,2021,True,True,True,True,True,True,True
SZB,2022,True,True,True,True,True,True,True
SZB,2023,True,True,True,True,True,True,True
SZB,2024,True,True,True,True,True,True,True
SZB,2025,True,True,True,True,True,True,True
SZC,2010,True,True,True,True,True,True,True
SZC,2011,True,True,True,True,True,True,True
SZC,2012,True,True,True,True,True,True,True
SZC,2013,True,True,True,True,True,True,True
SZC,2014,True,True,True,True,True,True,True
SZC,2015,True,True,True,True,True,True,True
SZC,2016,True,True,True,True,True,True,True
SZC,2017,True,True,True,True,True,True,True
SZC,2018,True,True,True,True,True,True,True
SZC,2019,True,True,True,True,True,True,True
SZC,2020,True,True,True,True,True,True,True
SZC,2021,True,True,True,True,True,True,True
SZC,2022,True,True,True,True,True,True,True
SZC,2023,True,True,True,True,True,True,True
SZC,2024,True,True,True,True,True,True,True
SZC,2025,True,True,True,True,True,True,True
SZE,2016,True,True,True,True,True,True,True
SZE,2017,True,True,True,True,True,True,True
SZE,2018,True,True,True,True,True,True,True
SZE,2019,True,True,True,True,True,True,True
SZE,2020,True,True,True,True,True,True,True
SZE,2021,True,True,True,True,True,True,True
SZE,2022,True,True,True,True,True,True,True
SZE,2023,True,True,True,True,True,True,True
SZE,2024,True,True,True,True,True,True,True
SZE,2025,True,True,True,True,True,True,True
SZG,2018,True,True,True,True,True,True,True
SZG,2019,True,True,True,True,True,True,True
SZG,2020,True,True,True,True,True,True,True
SZG,2021,True,True,True,True,True,True,True
SZG,2022,True,True,True,True,True,True,True
SZG,2023,True,True,True,True,True,True,True
SZG,2024,True,True,True,True,True,True,True
SZG,2025,True,True,True,True,True,True,True
SZL,2009,True,True,True,True,True,True,True
SZL,2010,True,True,True,True,True,True,True
SZL,2011,True,True,True,True,True,True,True
SZL,2012,True,True,True,True,True,True,True
SZL,2013,True,True,True,True,True,True,True
SZL,2014,True,True,True,True,True,True,True
SZL,2015,True,True,True,True,True,True,True
SZL,2016,True,True,True,True,True,True,True
SZL,2017,True,True,True,True,True,True,True
SZL,2018,True,True,True,True,True,True,True
SZL,2019,True,True,True,True,True,True,True
SZL,2020,True,True,True,True,True,True,True
SZL,2021,True,True,True,True,True,True,True
SZL,2022,True,True,True,True,True,True,True
SZL,2023,True,True,True,True,True,True,True
SZL,2024,True,True,True,True,True,True,True
SZL,2025,True,True,True,True,True,True,True
T12,2016,True,True,True,True,True,True,True
T12,2017,True,True,True,True,True,True,True
T12,2018,True,True,True,True,True,True,True
T12,2019,True,True,True,True,True,True,True
T12,2020,True,True,True,True,True,True,True
TA3,2016,True,True,True,True,True,True,True
TA3,2017,True,True,True,True,True,True,True
TA3,2018,True,True,True,True,True,True,True
TA3,2019,True,True,True,True,True,True,True
TA3,2020,True,True,True,True,True,True,True
TA3,2021,True,True,True,True,True,True,True
TA3,2022,True,True,True,True,True,True,True
TA3,2023,True,True,True,True,True,True,True
TA6,2017,True,True,True,True,True,True,True
TA6,2018,True,True,True,True,True,True,True
TA6,2019,True,True,True,True,True,True,True
TA6,2020,True,True,True,True,True,True,True
TA6,2021,True,True,True,True,True,True,True
TA6,2022,True,True,True,True,True,True,True
TA6,2023,True,True,True,True,True,True,True
TA6,2024,True,True,True,True,True,True,True
TA6,2025,True,True,True,True,True,True,True
TA9,2010,True,True,True,True,True,True,True
TA9,2011,True,True,True,True,True,True,True
TA9,2012,True,True,True,True,True,True,True
TA9,2013,True,True,True,True,True,True,True
TA9,2014,True,True,True,True,True,True,True
TA9,2015,True,True,True,True,True,True,True
TA9,2016,True,True,True,True,True,True,True
TA9,2017,True,True,True,True,True,True,True
TA9,2018,True,True,True,True,True,True,True
TA9,2019,True,True,True,True,True,True,True
TA9,2020,True,True,True,True,True,True,True
TA9,2021,True,True,True,True,True,True,True
TA9,2022,True,True,True,True,True,True,True
TA9,2023,True,True,True,True,True,True,True
TA9,2024,True,True,True,True,True,True,True
TA9,2025,True,True,True,True,True,True,True
TAB,2022,True,True,True,True,True,True,True
TAB,2023,True,True,True,True,True,True,True
TAB,2024,True,True,True,True,True,True,True
TAB,2025,True,True,True,True,True,True,True
TAC,2009,True,True,True,True,True,True,True
TAC,2010,True,True,True,True,True,True,True
TAC,2011,True,True,True,True,True,True,True
TAC,2012,True,True,True,True,True,True,True
TAC,2013,True,True,True,True,True,True,True
TAC,2014,True,True,True,True,True,True,True
TAC,2015,True,True,True,True,True,True,True
TAC,2016,True,True,True,True,True,True,True
TAC,2017,True,True,True,True,True,True,True
TAC,2018,True,True,True,True,True,True,True
TAC,2019,True,True,True,True,True,True,True
TAC,2020,True,True,True,True,True,True,True
TAC,2021,True,True,True,True,True,True,True
TAG,2009,True,True,True,True,True,True,True
TAG,2018,True,True,True,True,True,True,True
TAG,2019,True,True,True,True,True,True,True
TAG,2020,True,True,True,True,True,True,True
TAG,2021,True,True,True,True,True,True,True
TAG,2022,True,True,True,True,True,True,True
TAL,2021,True,True,True,True,True,True,True
TAL,2022,True,True,True,True,True,True,True
TAL,2023,True,True,True,True,True,True,True
TAL,2024,True,True,True,True,True,True,True
TAL,2025,True,True,True,True,True,True,True
TAN,2016,True,True,True,True,True,True,True
TAN,2017,True,True,True,True,True,True,True
TAN,2019,True,True,True,True,True,True,True
TAN,2020,True,True,True,True,True,True,True
TAN,2021,True,True,True,True,True,True,True
TAN,2022,True,True,True,True,True,True,True
TAN,2023,True,True,True,True,True,True,True
TAN,2024,True,True,True,True,True,True,True
TAN,2025,True,True,True,True,True,True,True
TAP,2014,True,True,True,True,True,True,True
TAP,2015,True,True,True,True,True,True,True
TAP,2016,True,True,True,True,True,True,True
TAP,2017,True,True,True,True,True,True,True
TAP,2018,True,True,True,True,True,True,True
TAP,2019,True,True,True,True,True,True,True
TAP,2020,True,True,True,True,True,True,True
TAP,2021,True,True,True,True,True,True,True
TAR,2016,True,True,True,True,True,True,True
TAR,2017,True,True,True,True,True,True,True
TAR,2018,True,True,True,True,True,True,True
TAR,2019,True,True,True,True,True,True,True
TAR,2020,True,True,True,True,True,True,True
TAR,2021,True,True,True,True,True,True,True
TAR,2022,True,True,True,True,True,True,True
TAR,2023,True,True,True,True,True,True,True
TAR,2024,True,True,True,True,True,True,True
TAR,2025,True,True,True,True,True,True,True
TAW,2011,True,True,True,True,True,True,True
TAW,2012,True,True,True,True,True,True,True
TAW,2013,True,True,True,True,True,True,True
TAW,2015,True,True,True,True,True,True,True
TAW,2016,True,True,True,True,True,True,True
TAW,2017,True,True,True,True,True,True,True
TAW,2018,True,True,True,True,True,True,True
TAW,2019,True,True,True,True,True,True,True
TAW,2020,True,True,True,True,True,True,True
TAW,2021,True,True,True,True,True,True,True
TAW,2022,True,True,True,True,True,True,True
TAW,2023,True,True,True,True,True,True,True
TAW,2024,True,True,True,True,True,True,True
TAW,2025,True,True,True,True,True,True,True
TB8,2014,True,True,True,True,True,True,True
TB8,2015,True,True,True,True,True,True,True
TB8,2016,True,True,True,True,True,True,True
TB8,2017,True,True,True,True,True,True,True
TB8,2018,True,True,True,True,True,True,True
TB8,2019,True,True,True,True,True,True,True
TB8,2020,True,True,True,True,True,True,True
TB8,2021,True,True,True,True,True,True,True
TB8,2022,True,True,True,True,True,True,True
TB8,2023,True,True,True,True,True,True,True
TB8,2024,True,True,True,True,True,True,True
TB8,2025,True,True,True,True,True,True,True
TBC,2009,True,True,True,True,True,True,True
TBC,2010,True,True,True,True,True,True,True
TBC,2011,True,True,True,True,True,True,True
TBC,2012,True,True,True,True,True,True,True
TBC,2013,True,True,True,True,True,True,True
TBC,2014,True,True,True,True,True,True,True
TBC,2015,True,True,True,True,True,True,True
TBC,2016,True,True,True,True,True,True,True
TBC,2017,True,True,True,True,True,True,True
TBC,2018,True,True,True,True,True,True,True
TBC,2019,True,True,True,True,True,True,True
TBC,2020,True,True,True,True,True,True,True
TBC,2021,True,True,True,True,True,True,True
TBC,2022,True,True,True,True,True,True,True
TBC,2023,True,True,True,True,True,True,True
TBC,2024,True,True,True,True,True,True,True
TBC,2025,True,True,True,True,True,True,True
TBD,2013,True,True,True,True,True,True,True
TBD,2014,True,True,True,True,True,True,True
TBD,2015,True,True,True,True,True,True,True
TBD,2016,True,True,True,True,True,True,True
TBD,2017,True,True,True,True,True,True,True
TBD,2018,True,True,True,True,True,True,True
TBD,2019,True,True,True,True,True,True,True
TBD,2020,True,True,True,True,True,True,True
TBD,2021,True,True,True,True,True,True,True
TBD,2022,True,True,True,True,True,True,True
TBD,2023,True,True,True,True,True,True,True
TBD,2024,True,True,True,True,True,True,True
TBD,2025,True,True,True,True,True,True,True
TBH,2020,True,True,True,True,True,True,True
TBH,2021,True,True,True,True,True,True,True
TBR,2015,True,True,True,True,True,True,True
TBR,2016,True,True,True,True,True,True,True
TBR,2017,True,True,True,True,True,True,True
TBR,2018,True,True,True,True,True,True,True
TBR,2019,True,True,True,True,True,True,True
TBR,2020,True,True,True,True,True,True,True
TBR,2021,True,True,True,True,True,True,True
TBR,2022,True,True,True,True,True,True,True
TBR,2023,True,True,True,True,True,True,True
TBR,2024,True,True,True,True,True,True,True
TBR,2025,True,True,True,True,True,True,True
TBT,2010,True,True,True,True,True,True,True
TBT,2011,True,True,True,True,True,True,True
TBT,2012,True,True,True,True,True,True,True
TBT,2013,True,True,True,True,True,True,True
TBT,2014,True,True,True,True,True,True,True
TBT,2015,True,True,True,True,True,True,True
TBT,2016,True,True,True,True,True,True,True
TBT,2017,True,True,True,True,True,True,True
TBW,2020,True,True,True,True,True,True,True
TBW,2021,True,True,True,True,True,True,True
TBW,2022,True,True,True,True,True,True,True
TBW,2023,True,True,True,True,True,True,True
TBW,2024,True,True,True,True,True,True,True
TBW,2025,True,True,True,True,True,True,True
TBX,2011,True,True,True,True,True,True,True
TBX,2012,True,True,True,True,True,True,True
TBX,2013,True,True,True,True,True,True,True
TBX,2014,True,True,True,True,True,True,True
TBX,2015,True,True,True,True,True,True,True
TBX,2016,True,True,True,True,True,True,True
TBX,2017,True,True,True,True,True,True,True
TBX,2018,True,True,True,True,True,True,True
TBX,2019,True,True,True,True,True,True,True
TBX,2020,True,True,True,True,True,True,True
TBX,2021,True,True,True,True,True,True,True
TC6,2009,True,True,True,True,True,True,True
TC6,2010,True,True,True,True,True,True,True
TC6,2011,True,True,True,True,True,True,True
TC6,2012,True,True,True,True,True,True,True
TC6,2013,True,True,True,True,True,True,True
TC6,2014,True,True,True,True,True,True,True
TC6,2015,True,True,True,True,True,True,True
TC6,2016,True,True,True,True,True,True,True
TC6,2017,True,True,True,True,True,True,True
TC6,2018,True,True,True,True,True,True,True
TC6,2019,True,True,True,True,True,True,True
TC6,2020,True,True,True,True,True,True,True
TC6,2021,True,True,True,True,True,True,True
TC6,2022,True,True,True,True,True,True,True
TC6,2023,True,True,True,True,True,True,True
TCD,2013,True,True,True,True,True,True,True
TCD,2014,True,True,True,True,True,True,True
TCD,2015,True,True,True,True,True,True,True
TCD,2016,True,True,True,True,True,True,True
TCD,2017,True,True,True,True,True,True,True
TCD,2018,True,True,True,True,True,True,True
TCD,2019,True,True,True,True,True,True,True
TCD,2020,True,True,True,True,True,True,True
TCD,2021,True,True,True,True,True,True,True
TCD,2022,True,True,True,True,True,True,True
TCD,2025,True,True,True,True,True,True,True
TCH,2013,True,True,True,True,True,True,True
TCH,2014,True,True,True,True,True,True,True
TCH,2015,True,True,True,True,True,True,True
TCH,2016,True,True,True,True,True,True,True
TCH,2017,True,True,True,True,True,True,True
TCH,2018,True,True,True,True,True,True,True
TCH,2019,True,True,True,True,True,True,True
TCH,2020,True,True,True,True,True,True,True
TCH,2021,True,True,True,True,True,True,True
TCH,2022,True,True,True,True,True,True,True
TCH,2023,True,True,True,True,True,True,True
TCH,2024,True,True,True,True,True,True,True
TCH,2025,True,True,True,True,True,True,True
TCJ,2013,True,True,True,True,True,True,True
TCJ,2014,True,True,True,True,True,True,True
TCJ,2015,True,True,True,True,True,True,True
TCJ,2016,True,True,True,True,True,True,True
TCJ,2017,True,True,True,True,True,True,True
TCJ,2018,True,True,True,True,True,True,True
TCJ,2019,True,True,True,True,True,True,True
TCJ,2020,True,True,True,True,True,True,True
TCJ,2024,True,True,True,True,True,True,True
TCK,2016,True,True,True,True,True,True,True
TCK,2017,True,True,True,True,True,True,True
TCK,2018,True,True,True,True,True,True,True
TCK,2019,True,True,True,True,True,True,True
TCK,2020,True,True,True,True,True,True,True
TCK,2021,True,True,True,True,True,True,True
TCK,2022,True,True,True,True,True,True,True
TCK,2023,True,True,True,True,True,True,True
TCK,2024,True,True,True,True,True,True,True
TCK,2025,True,True,True,True,True,True,True
TCL,2009,True,True,True,True,True,True,True
TCL,2010,True,True,True,True,True,True,True
TCL,2011,True,True,True,True,True,True,True
TCL,2012,True,True,True,True,True,True,True
TCL,2013,True,True,True,True,True,True,True
TCL,2014,True,True,True,True,True,True,True
TCL,2015,True,True,True,True,True,True,True
TCL,2016,True,True,True,True,True,True,True
TCL,2017,True,True,True,True,True,True,True
TCL,2018,True,True,True,True,True,True,True
TCL,2019,True,True,True,True,True,True,True
TCL,2020,True,True,True,True,True,True,True
TCL,2021,True,True,True,True,True,True,True
TCL,2022,True,True,True,True,True,True,True
TCL,2023,True,True,True,True,True,True,True
TCL,2024,True,True,True,True,True,True,True
TCL,2025,True,True,True,True,True,True,True
TCM,2009,True,True,True,True,True,True,True
TCM,2010,True,True,True,True,True,True,True
TCM,2011,True,True,True,True,True,True,True
TCM,2012,True,True,True,True,True,True,True
TCM,2013,True,True,True,True,True,True,True
TCM,2014,True,True,True,True,True,True,True
TCM,2015,True,True,True,True,True,True,True
TCM,2016,True,True,True,True,True,True,True
TCM,2017,True,True,True,True,True,True,True
TCM,2018,True,True,True,True,True,True,True
TCM,2019,True,True,True,True,True,True,True
TCM,2020,True,True,True,True,True,True,True
TCM,2021,True,True,True,True,True,True,True
TCM,2022,True,True,True,True,True,True,True
TCM,2023,True,True,True,True,True,True,True
TCM,2024,True,True,True,True,True,True,True
TCM,2025,True,True,True,True,True,True,True
TCO,2010,True,True,True,True,True,True,True
TCO,2012,True,True,True,True,True,True,True
TCO,2013,True,True,True,True,True,True,True
TCO,2016,True,True,True,True,True,True,True
TCO,2017,True,True,True,True,True,True,True
TCO,2018,True,True,True,True,True,True,True
TCO,2019,True,True,True,True,True,True,True
TCO,2020,True,True,True,True,True,True,True
TCO,2021,True,True,True,True,True,True,True
TCO,2022,True,True,True,True,True,True,True
TCO,2023,True,True,True,True,True,True,True
TCO,2024,True,True,True,True,True,True,True
TCO,2025,True,True,True,True,True,True,True
TCR,2009,True,True,True,True,True,True,True
TCR,2010,True,True,True,True,True,True,True
TCR,2011,True,True,True,True,True,True,True
TCR,2012,True,True,True,True,True,True,True
TCR,2013,True,True,True,True,True,True,True
TCR,2014,True,True,True,True,True,True,True
TCR,2015,True,True,True,True,True,True,True
TCR,2016,True,True,True,True,True,True,True
TCR,2017,True,True,True,True,True,True,True
TCR,2018,True,True,True,True,True,True,True
TCR,2019,True,True,True,True,True,True,True
TCR,2020,True,True,True,True,True,True,True
TCR,2021,True,True,True,True,True,True,True
TCR,2022,True,True,True,True,True,True,True
TCR,2023,True,True,True,True,True,True,True
TCR,2024,True,True,True,True,True,True,True
TCR,2025,True,True,True,True,True,True,True
TCS,2009,True,True,True,True,True,True,True
TCS,2011,True,True,True,True,True,True,True
TCS,2012,True,True,True,True,True,True,True
TCS,2013,True,True,True,True,True,True,True
TCS,2014,True,True,True,True,True,True,True
TCS,2015,True,True,True,True,True,True,True
TCS,2016,True,True,True,True,True,True,True
TCS,2017,True,True,True,True,True,True,True
TCS,2018,True,True,True,True,True,True,True
TCS,2019,True,True,True,True,True,True,True
TCT,2009,True,True,True,True,True,True,True
TCT,2010,True,True,True,True,True,True,True
TCT,2011,True,True,True,True,True,True,True
TCT,2012,True,True,True,True,True,True,True
TCT,2013,True,True,True,True,True,True,True
TCT,2014,True,True,True,True,True,True,True
TCT,2015,True,True,True,True,True,True,True
TCT,2016,True,True,True,True,True,True,True
TCT,2017,True,True,True,True,True,True,True
TCT,2018,True,True,True,True,True,True,True
TCT,2019,True,True,True,True,True,True,True
TCT,2020,True,True,True,True,True,True,True
TCT,2021,True,True,True,True,True,True,True
TCT,2022,True,True,True,True,True,True,True
TCT,2023,True,True,True,True,True,True,True
TCT,2024,True,True,True,True,True,True,True
TCT,2025,True,True,True,True,True,True,True
TCW,2012,True,True,True,True,True,True,True
TCW,2013,True,True,True,True,True,True,True
TCW,2014,True,True,True,True,True,True,True
TCW,2015,True,True,True,True,True,True,True
TCW,2016,True,True,True,True,True,True,True
TCW,2017,True,True,True,True,True,True,True
TCW,2018,True,True,True,True,True,True,True
TCW,2019,True,True,True,True,True,True,True
TCW,2020,True,True,True,True,True,True,True
TCW,2021,True,True,True,True,True,True,True
TCW,2022,True,True,True,True,True,True,True
TCW,2023,True,True,True,True,True,True,True
TCW,2024,True,True,True,True,True,True,True
TCW,2025,True,True,True,True,True,True,True
TD6,2024,True,True,True,True,True,True,True
TD6,2025,True,True,True,True,True,True,True
TDB,2015,True,True,True,True,True,True,True
TDB,2016,True,True,True,True,True,True,True
TDB,2017,True,True,True,True,True,True,True
TDB,2018,True,True,True,True,True,True,True
TDB,2019,True,True,True,True,True,True,True
TDB,2020,True,True,True,True,True,True,True
TDB,2021,True,True,True,True,True,True,True
TDB,2022,True,True,True,True,True,True,True
TDB,2023,True,True,True,True,True,True,True
TDB,2024,True,True,True,True,True,True,True
TDB,2025,True,True,True,True,True,True,True
TDC,2009,True,True,True,True,True,True,True
TDC,2010,True,True,True,True,True,True,True
TDC,2011,True,True,True,True,True,True,True
TDC,2012,True,True,True,True,True,True,True
TDC,2013,True,True,True,True,True,True,True
TDC,2014,True,True,True,True,True,True,True
TDC,2015,True,True,True,True,True,True,True
TDC,2016,True,True,True,True,True,True,True
TDC,2017,True,True,True,True,True,True,True
TDC,2018,True,True,True,True,True,True,True
TDC,2019,True,True,True,True,True,True,True
TDC,2020,True,True,True,True,True,True,True
TDC,2021,True,True,True,True,True,True,True
TDC,2022,True,True,True,True,True,True,True
TDC,2023,True,True,True,True,True,True,True
TDC,2024,True,True,True,True,True,True,True
TDC,2025,True,True,True,True,True,True,True
TDF,2018,True,True,True,True,True,True,True
TDF,2019,True,True,True,True,True,True,True
TDF,2021,True,True,True,True,True,True,True
TDF,2022,True,True,True,True,True,True,True
TDF,2023,True,True,True,True,True,True,True
TDF,2024,True,True,True,True,True,True,True
TDF,2025,True,True,True,True,True,True,True
TDG,2014,True,True,True,True,True,True,True
TDG,2015,True,True,True,True,True,True,True
TDG,2016,True,True,True,True,True,True,True
TDG,2017,True,True,True,True,True,True,True
TDG,2018,True,True,True,True,True,True,True
TDG,2019,True,True,True,True,True,True,True
TDG,2020,True,True,True,True,True,True,True
TDG,2021,True,True,True,True,True,True,True
TDG,2022,True,True,True,True,True,True,True
TDG,2023,True,True,True,True,True,True,True
TDG,2024,True,True,True,True,True,True,True
TDG,2025,True,True,True,True,True,True,True
TDH,2010,True,True,True,True,True,True,True
TDH,2011,True,True,True,True,True,True,True
TDH,2012,True,True,True,True,True,True,True
TDH,2014,True,True,True,True,True,True,True
TDH,2016,True,True,True,True,True,True,True
TDH,2017,True,True,True,True,True,True,True
TDH,2018,True,True,True,True,True,True,True
TDH,2019,True,True,True,True,True,True,True
TDH,2020,True,True,True,True,True,True,True
TDH,2021,True,True,True,True,True,True,True
TDH,2022,True,True,True,True,True,True,True
TDH,2023,True,True,True,True,True,True,True
TDH,2024,True,True,True,True,True,True,True
TDH,2025,True,True,True,True,True,True,True
TDI,2020,True,True,True,True,True,True,True
TDI,2021,True,True,True,True,True,True,True
TDI,2022,True,True,True,True,True,True,True
TDM,2014,True,True,True,True,True,True,True
TDM,2015,True,True,True,True,True,True,True
TDM,2016,True,True,True,True,True,True,True
TDM,2017,True,True,True,True,True,True,True
TDM,2018,True,True,True,True,True,True,True
TDM,2019,True,True,True,True,True,True,True
TDM,2020,True,True,True,True,True,True,True
TDM,2021,True,True,True,True,True,True,True
TDM,2022,True,True,True,True,True,True,True
TDM,2023,True,True,True,True,True,True,True
TDM,2024,True,True,True,True,True,True,True
TDM,2025,True,True,True,True,True,True,True
TDN,2009,True,True,True,True,True,True,True
TDN,2010,True,True,True,True,True,True,True
TDN,2011,True,True,True,True,True,True,True
TDN,2012,True,True,True,True,True,True,True
TDN,2013,True,True,True,True,True,True,True
TDN,2014,True,True,True,True,True,True,True
TDN,2015,True,True,True,True,True,True,True
TDN,2016,True,True,True,True,True,True,True
TDN,2017,True,True,True,True,True,True,True
TDN,2018,True,True,True,True,True,True,True
TDN,2019,True,True,True,True,True,True,True
TDN,2020,True,True,True,True,True,True,True
TDN,2021,True,True,True,True,True,True,True
TDN,2022,True,True,True,True,True,True,True
TDN,2023,True,True,True,True,True,True,True
TDP,2016,True,True,True,True,True,True,True
TDP,2017,True,True,True,True,True,True,True
TDP,2018,True,True,True,True,True,True,True
TDP,2019,True,True,True,True,True,True,True
TDP,2020,True,True,True,True,True,True,True
TDP,2021,True,True,True,True,True,True,True
TDP,2022,True,True,True,True,True,True,True
TDP,2023,True,True,True,True,True,True,True
TDP,2024,True,True,True,True,True,True,True
TDP,2025,True,True,True,True,True,True,True
TDS,2009,True,True,True,True,True,True,True
TDS,2010,True,True,True,True,True,True,True
TDS,2011,True,True,True,True,True,True,True
TDS,2012,True,True,True,True,True,True,True
TDS,2013,True,True,True,True,True,True,True
TDS,2014,True,True,True,True,True,True,True
TDS,2015,True,True,True,True,True,True,True
TDS,2016,True,True,True,True,True,True,True
TDS,2017,True,True,True,True,True,True,True
TDS,2018,True,True,True,True,True,True,True
TDS,2019,True,True,True,True,True,True,True
TDS,2020,True,True,True,True,True,True,True
TDS,2021,True,True,True,True,True,True,True
TDS,2022,True,True,True,True,True,True,True
TDS,2023,True,True,True,True,True,True,True
TDS,2024,True,True,True,True,True,True,True
TDS,2025,True,True,True,True,True,True,True
TDT,2016,True,True,True,True,True,True,True
TDT,2017,True,True,True,True,True,True,True
TDT,2018,True,True,True,True,True,True,True
TDT,2019,True,True,True,True,True,True,True
TDT,2020,True,True,True,True,True,True,True
TDT,2021,True,True,True,True,True,True,True
TDT,2022,True,True,True,True,True,True,True
TDT,2023,True,True,True,True,True,True,True
TDT,2024,True,True,True,True,True,True,True
TDT,2025,True,True,True,True,True,True,True
TDW,2009,True,True,True,True,True,True,True
TDW,2010,True,True,True,True,True,True,True
TDW,2011,True,True,True,True,True,True,True
TDW,2012,True,True,True,True,True,True,True
TDW,2013,True,True,True,True,True,True,True
TDW,2014,True,True,True,True,True,True,True
TDW,2015,True,True,True,True,True,True,True
TDW,2017,True,True,True,True,True,True,True
TDW,2018,True,True,True,True,True,True,True
TDW,2019,True,True,True,True,True,True,True
TDW,2020,True,True,True,True,True,True,True
TDW,2021,True,True,True,True,True,True,True
TDW,2022,True,True,True,True,True,True,True
TDW,2023,True,True,True,True,True,True,True
TDW,2024,True,True,True,True,True,True,True
TDW,2025,True,True,True,True,True,True,True
TEC,2015,True,True,True,True,True,True,True
TEC,2016,True,True,True,True,True,True,True
TEC,2017,True,True,True,True,True,True,True
TEC,2018,True,True,True,True,True,True,True
TEC,2019,True,True,True,True,True,True,True
TEC,2020,True,True,True,True,True,True,True
TEC,2021,True,True,True,True,True,True,True
TED,2018,True,True,True,True,True,True,True
TED,2019,True,True,True,True,True,True,True
TED,2020,True,True,True,True,True,True,True
TED,2021,True,True,True,True,True,True,True
TED,2022,True,True,True,True,True,True,True
TED,2023,True,True,True,True,True,True,True
TED,2024,True,True,True,True,True,True,True
TED,2025,True,True,True,True,True,True,True
TEG,2013,True,True,True,True,True,True,True
TEG,2014,True,True,True,True,True,True,True
TEG,2015,True,True,True,True,True,True,True
TEG,2016,True,True,True,True,True,True,True
TEG,2017,True,True,True,True,True,True,True
TEG,2018,True,True,True,True,True,True,True
TEG,2019,True,True,True,True,True,True,True
TEG,2020,True,True,True,True,True,True,True
TEG,2021,True,True,True,True,True,True,True
TEG,2022,True,True,True,True,True,True,True
TEG,2023,True,True,True,True,True,True,True
TEG,2024,True,True,True,True,True,True,True
TEG,2025,True,True,True,True,True,True,True
TEL,2014,True,True,True,True,True,True,True
TEL,2015,True,True,True,True,True,True,True
TEL,2016,True,True,True,True,True,True,True
TEL,2017,True,True,True,True,True,True,True
TEL,2018,True,True,True,True,True,True,True
TEL,2019,True,True,True,True,True,True,True
TEL,2020,True,True,True,True,True,True,True
TEL,2021,True,True,True,True,True,True,True
TEL,2022,True,True,True,True,True,True,True
TEL,2023,True,True,True,True,True,True,True
TEL,2024,True,True,True,True,True,True,True
TET,2010,True,True,True,True,True,True,True
TET,2011,True,True,True,True,True,True,True
TET,2012,True,True,True,True,True,True,True
TET,2013,True,True,True,True,True,True,True
TET,2014,True,True,True,True,True,True,True
TET,2015,True,True,True,True,True,True,True
TET,2016,True,True,True,True,True,True,True
TET,2017,True,True,True,True,True,True,True
TET,2018,True,True,True,True,True,True,True
TET,2019,True,True,True,True,True,True,True
TET,2020,True,True,True,True,True,True,True
TET,2021,True,True,True,True,True,True,True
TET,2022,True,True,True,True,True,True,True
TET,2023,True,True,True,True,True,True,True
TET,2024,True,True,True,True,True,True,True
TET,2025,True,True,True,True,True,True,True
TFC,2013,True,True,True,True,True,True,True
TFC,2014,True,True,True,True,True,True,True
TFC,2015,True,True,True,True,True,True,True
TFC,2016,True,True,True,True,True,True,True
TFC,2017,True,True,True,True,True,True,True
TFC,2018,True,True,True,True,True,True,True
TFC,2019,True,True,True,True,True,True,True
TFC,2020,True,True,True,True,True,True,True
TFC,2021,True,True,True,True,True,True,True
TFC,2022,True,True,True,True,True,True,True
TFC,2023,True,True,True,True,True,True,True
TFC,2024,True,True,True,True,True,True,True
TFC,2025,True,True,True,True,True,True,True
TGG,2017,True,True,True,True,True,True,True
TGG,2019,True,True,True,True,True,True,True
TGG,2020,True,True,True,True,True,True,True
TGG,2021,True,True,True,True,True,True,True
TGG,2022,True,True,True,True,True,True,True
TGG,2023,True,True,True,True,True,True,True
TGG,2024,True,True,True,True,True,True,True
TGG,2025,True,True,True,True,True,True,True
TGP,2009,True,True,True,True,True,True,True
TGP,2010,True,True,True,True,True,True,True
TGP,2011,True,True,True,True,True,True,True
TGP,2012,True,True,True,True,True,True,True
TGP,2013,True,True,True,True,True,True,True
TGP,2014,True,True,True,True,True,True,True
TGP,2015,True,True,True,True,True,True,True
TGP,2016,True,True,True,True,True,True,True
TGP,2017,True,True,True,True,True,True,True
TGP,2018,True,True,True,True,True,True,True
TGP,2019,True,True,True,True,True,True,True
TGP,2020,True,True,True,True,True,True,True
TGP,2021,True,True,True,True,True,True,True
TGP,2022,True,True,True,True,True,True,True
TGP,2023,True,True,True,True,True,True,True
TGP,2024,True,True,True,True,True,True,True
TGP,2025,True,True,True,True,True,True,True
TH1,2011,True,True,True,True,True,True,True
TH1,2012,True,True,True,True,True,True,True
TH1,2013,True,True,True,True,True,True,True
TH1,2014,True,True,True,True,True,True,True
TH1,2016,True,True,True,True,True,True,True
TH1,2017,True,True,True,True,True,True,True
TH1,2018,True,True,True,True,True,True,True
TH1,2019,True,True,True,True,True,True,True
TH1,2020,True,True,True,True,True,True,True
TH1,2021,True,True,True,True,True,True,True
TH1,2022,True,True,True,True,True,True,True
TH1,2023,True,True,True,True,True,True,True
TH1,2024,True,True,True,True,True,True,True
TH1,2025,True,True,True,True,True,True,True
THB,2009,True,True,True,True,True,True,True
THB,2010,True,True,True,True,True,True,True
THB,2011,True,True,True,True,True,True,True
THB,2012,True,True,True,True,True,True,True
THB,2013,True,True,True,True,True,True,True
THB,2014,True,True,True,True,True,True,True
THB,2015,True,True,True,True,True,True,True
THB,2016,True,True,True,True,True,True,True
THB,2017,True,True,True,True,True,True,True
THB,2018,True,True,True,True,True,True,True
THB,2019,True,True,True,True,True,True,True
THB,2020,True,True,True,True,True,True,True
THB,2021,True,True,True,True,True,True,True
THB,2022,True,True,True,True,True,True,True
THB,2023,True,True,True,True,True,True,True
THB,2024,True,True,True,True,True,True,True
THB,2025,True,True,True,True,True,True,True
THD,2018,True,True,True,True,True,True,True
THD,2019,True,True,True,True,True,True,True
THD,2020,True,True,True,True,True,True,True
THD,2021,True,True,True,True,True,True,True
THD,2022,True,True,True,True,True,True,True
THD,2023,True,True,True,True,True,True,True
THD,2024,True,True,True,True,True,True,True
THD,2025,True,True,True,True,True,True,True
THG,2009,True,True,True,True,True,True,True
THG,2010,True,True,True,True,True,True,True
THG,2011,True,True,True,True,True,True,True
THG,2012,True,True,True,True,True,True,True
THG,2013,True,True,True,True,True,True,True
THG,2014,True,True,True,True,True,True,True
THG,2015,True,True,True,True,True,True,True
THG,2016,True,True,True,True,True,True,True
THG,2017,True,True,True,True,True,True,True
THG,2018,True,True,True,True,True,True,True
THG,2019,True,True,True,True,True,True,True
THG,2020,True,True,True,True,True,True,True
THG,2021,True,True,True,True,True,True,True
THG,2022,True,True,True,True,True,True,True
THG,2023,True,True,True,True,True,True,True
THG,2024,True,True,True,True,True,True,True
THG,2025,True,True,True,True,True,True,True
THI,2012,True,True,True,True,True,True,True
THI,2013,True,True,True,True,True,True,True
THI,2014,True,True,True,True,True,True,True
THI,2016,True,True,True,True,True,True,True
THI,2017,True,True,True,True,True,True,True
THI,2018,True,True,True,True,True,True,True
THI,2019,True,True,True,True,True,True,True
THI,2020,True,True,True,True,True,True,True
THI,2021,True,True,True,True,True,True,True
THI,2022,True,True,True,True,True,True,True
THM,2021,True,True,True,True,True,True,True
THM,2022,True,True,True,True,True,True,True
THM,2023,True,True,True,True,True,True,True
THM,2024,True,True,True,True,True,True,True
THM,2025,True,True,True,True,True,True,True
THN,2013,True,True,True,True,True,True,True
THN,2018,True,True,True,True,True,True,True
THN,2019,True,True,True,True,True,True,True
THN,2020,True,True,True,True,True,True,True
THN,2021,True,True,True,True,True,True,True
THN,2022,True,True,True,True,True,True,True
THN,2023,True,True,True,True,True,True,True
THN,2024,True,True,True,True,True,True,True
THN,2025,True,True,True,True,True,True,True
THP,2016,True,True,True,True,True,True,True
THP,2017,True,True,True,True,True,True,True
THP,2018,True,True,True,True,True,True,True
THP,2019,True,True,True,True,True,True,True
THP,2020,True,True,True,True,True,True,True
THP,2021,True,True,True,True,True,True,True
THP,2022,True,True,True,True,True,True,True
THP,2023,True,True,True,True,True,True,True
THP,2024,True,True,True,True,True,True,True
THP,2025,True,True,True,True,True,True,True
THR,2016,True,True,True,True,True,True,True
THR,2017,True,True,True,True,True,True,True
THR,2018,True,True,True,True,True,True,True
THR,2019,True,True,True,True,True,True,True
THR,2020,True,True,True,True,True,True,True
THS,2009,True,True,True,True,True,True,True
THS,2010,True,True,True,True,True,True,True
THS,2011,True,True,True,True,True,True,True
THS,2012,True,True,True,True,True,True,True
THS,2013,True,True,True,True,True,True,True
THS,2014,True,True,True,True,True,True,True
THS,2015,True,True,True,True,True,True,True
THS,2016,True,True,True,True,True,True,True
THS,2017,True,True,True,True,True,True,True
THS,2018,True,True,True,True,True,True,True
THS,2019,True,True,True,True,True,True,True
THS,2020,True,True,True,True,True,True,True
THS,2021,True,True,True,True,True,True,True
THS,2022,True,True,True,True,True,True,True
THS,2023,True,True,True,True,True,True,True
THS,2024,True,True,True,True,True,True,True
THS,2025,True,True,True,True,True,True,True
THT,2009,True,True,True,True,True,True,True
THT,2010,True,True,True,True,True,True,True
THT,2011,True,True,True,True,True,True,True
THT,2012,True,True,True,True,True,True,True
THT,2013,True,True,True,True,True,True,True
THT,2014,True,True,True,True,True,True,True
THT,2015,True,True,True,True,True,True,True
THT,2016,True,True,True,True,True,True,True
THT,2017,True,True,True,True,True,True,True
THT,2018,True,True,True,True,True,True,True
THT,2019,True,True,True,True,True,True,True
THT,2020,True,True,True,True,True,True,True
THT,2021,True,True,True,True,True,True,True
THT,2022,True,True,True,True,True,True,True
THT,2023,True,True,True,True,True,True,True
THT,2024,True,True,True,True,True,True,True
THT,2025,True,True,True,True,True,True,True
THU,2017,True,True,True,True,True,True,True
THU,2018,True,True,True,True,True,True,True
THU,2019,True,True,True,True,True,True,True
THU,2020,True,True,True,True,True,True,True
THU,2021,True,True,True,True,True,True,True
THU,2022,True,True,True,True,True,True,True
THU,2023,True,True,True,True,True,True,True
THU,2024,True,True,True,True,True,True,True
THU,2025,True,True,True,True,True,True,True
THV,2009,True,True,True,True,True,True,True
THV,2010,True,True,True,True,True,True,True
THV,2011,True,True,True,True,True,True,True
THV,2012,True,True,True,True,True,True,True
THW,2012,True,True,True,True,True,True,True
THW,2013,True,True,True,True,True,True,True
THW,2014,True,True,True,True,True,True,True
THW,2015,True,True,True,True,True,True,True
THW,2016,True,True,True,True,True,True,True
THW,2017,True,True,True,True,True,True,True
THW,2018,True,True,True,True,True,True,True
THW,2019,True,True,True,True,True,True,True
THW,2020,True,True,True,True,True,True,True
THW,2021,True,True,True,True,True,True,True
THW,2022,True,True,True,True,True,True,True
THW,2023,True,True,True,True,True,True,True
THW,2024,True,True,True,True,True,True,True
THW,2025,True,True,True,True,True,True,True
TIC,2011,True,True,True,True,True,True,True
TIC,2012,True,True,True,True,True,True,True
TIC,2013,True,True,True,True,True,True,True
TIC,2014,True,True,True,True,True,True,True
TIC,2015,True,True,True,True,True,True,True
TIC,2016,True,True,True,True,True,True,True
TID,2016,True,True,True,True,True,True,True
TID,2017,True,True,True,True,True,True,True
TID,2018,True,True,True,True,True,True,True
TID,2019,True,True,True,True,True,True,True
TID,2020,True,True,True,True,True,True,True
TID,2021,True,True,True,True,True,True,True
TID,2022,True,True,True,True,True,True,True
TID,2023,True,True,True,True,True,True,True
TID,2024,True,True,True,True,True,True,True
TID,2025,True,True,True,True,True,True,True
TIE,2009,True,True,True,True,True,True,True
TIE,2010,True,True,True,True,True,True,True
TIE,2011,True,True,True,True,True,True,True
TIE,2012,True,True,True,True,True,True,True
TIE,2013,True,True,True,True,True,True,True
TIE,2014,True,True,True,True,True,True,True
TIE,2015,True,True,True,True,True,True,True
TIE,2016,True,True,True,True,True,True,True
TIE,2017,True,True,True,True,True,True,True
TIE,2018,True,True,True,True,True,True,True
TIE,2019,True,True,True,True,True,True,True
TIE,2020,True,True,True,True,True,True,True
TIE,2021,True,True,True,True,True,True,True
TIE,2022,True,True,True,True,True,True,True
TIE,2023,True,True,True,True,True,True,True
TIE,2024,True,True,True,True,True,True,True
TIE,2025,True,True,True,True,True,True,True
TIG,2009,True,True,True,True,True,True,True
TIG,2010,True,True,True,True,True,True,True
TIG,2011,True,True,True,True,True,True,True
TIG,2012,True,True,True,True,True,True,True
TIG,2013,True,True,True,True,True,True,True
TIG,2014,True,True,True,True,True,True,True
TIG,2015,True,True,True,True,True,True,True
TIG,2016,True,True,True,True,True,True,True
TIG,2017,True,True,True,True,True,True,True
TIG,2018,True,True,True,True,True,True,True
TIG,2019,True,True,True,True,True,True,True
TIG,2020,True,True,True,True,True,True,True
TIG,2021,True,True,True,True,True,True,True
TIG,2022,True,True,True,True,True,True,True
TIG,2023,True,True,True,True,True,True,True
TIG,2024,True,True,True,True,True,True,True
TIG,2025,True,True,True,True,True,True,True
TIP,2009,True,True,True,True,True,True,True
TIP,2010,True,True,True,True,True,True,True
TIP,2011,True,True,True,True,True,True,True
TIP,2013,True,True,True,True,True,True,True
TIP,2014,True,True,True,True,True,True,True
TIP,2015,True,True,True,True,True,True,True
TIP,2016,True,True,True,True,True,True,True
TIP,2017,True,True,True,True,True,True,True
TIP,2018,True,True,True,True,True,True,True
TIP,2019,True,True,True,True,True,True,True
TIP,2020,True,True,True,True,True,True,True
TIP,2021,True,True,True,True,True,True,True
TIP,2022,True,True,True,True,True,True,True
TIP,2023,True,True,True,True,True,True,True
TIP,2024,True,True,True,True,True,True,True
TIP,2025,True,True,True,True,True,True,True
TIS,2010,True,True,True,True,True,True,True
TIS,2011,True,True,True,True,True,True,True
TIS,2012,True,True,True,True,True,True,True
TIS,2013,True,True,True,True,True,True,True
TIS,2014,True,True,True,True,True,True,True
TIS,2015,True,True,True,True,True,True,True
TIS,2016,True,True,True,True,True,True,True
TIS,2017,True,True,True,True,True,True,True
TIS,2018,True,True,True,True,True,True,True
TIS,2019,True,True,True,True,True,True,True
TIS,2020,True,True,True,True,True,True,True
TIS,2021,True,True,True,True,True,True,True
TIS,2022,True,True,True,True,True,True,True
TIS,2023,True,True,True,True,True,True,True
TIS,2024,True,True,True,True,True,True,True
TIS,2025,True,True,True,True,True,True,True
TIX,2010,True,True,True,True,True,True,True
TIX,2012,True,True,True,True,True,True,True
TIX,2013,True,True,True,True,True,True,True
TIX,2014,True,True,True,True,True,True,True
TIX,2018,True,True,True,True,True,True,True
TIX,2020,True,True,True,True,True,True,True
TIX,2021,True,True,True,True,True,True,True
TIX,2022,True,True,True,True,True,True,True
TIX,2023,True,True,True,True,True,True,True
TIX,2024,True,True,True,True,True,True,True
TIX,2025,True,True,True,True,True,True,True
TJC,2011,True,True,True,True,True,True,True
TJC,2012,True,True,True,True,True,True,True
TJC,2013,True,True,True,True,True,True,True
TJC,2014,True,True,True,True,True,True,True
TJC,2016,True,True,True,True,True,True,True
TJC,2017,True,True,True,True,True,True,True
TJC,2020,True,True,True,True,True,True,True
TJC,2021,True,True,True,True,True,True,True
TJC,2022,True,True,True,True,True,True,True
TJC,2023,True,True,True,True,True,True,True
TJC,2024,True,True,True,True,True,True,True
TJC,2025,True,True,True,True,True,True,True
TKA,2018,True,True,True,True,True,True,True
TKA,2019,True,True,True,True,True,True,True
TKA,2020,True,True,True,True,True,True,True
TKA,2021,True,True,True,True,True,True,True
TKA,2022,True,True,True,True,True,True,True
TKA,2023,True,True,True,True,True,True,True
TKA,2024,True,True,True,True,True,True,True
TKA,2025,True,True,True,True,True,True,True
TKC,2009,True,True,True,True,True,True,True
TKC,2010,True,True,True,True,True,True,True
TKC,2011,True,True,True,True,True,True,True
TKC,2012,True,True,True,True,True,True,True
TKC,2013,True,True,True,True,True,True,True
TKC,2014,True,True,True,True,True,True,True
TKC,2015,True,True,True,True,True,True,True
TKC,2016,True,True,True,True,True,True,True
TKC,2017,True,True,True,True,True,True,True
TKC,2018,True,True,True,True,True,True,True
TKC,2019,True,True,True,True,True,True,True
TKC,2020,True,True,True,True,True,True,True
TKC,2021,True,True,True,True,True,True,True
TKC,2022,True,True,True,True,True,True,True
TKG,2018,True,True,True,True,True,True,True
TKG,2019,True,True,True,True,True,True,True
TKG,2020,True,True,True,True,True,True,True
TKG,2021,True,True,True,True,True,True,True
TKG,2022,True,True,True,True,True,True,True
TKU,2009,True,True,True,True,True,True,True
TKU,2010,True,True,True,True,True,True,True
TKU,2011,True,True,True,True,True,True,True
TKU,2012,True,True,True,True,True,True,True
TKU,2013,True,True,True,True,True,True,True
TKU,2014,True,True,True,True,True,True,True
TKU,2015,True,True,True,True,True,True,True
TKU,2016,True,True,True,True,True,True,True
TKU,2017,True,True,True,True,True,True,True
TKU,2018,True,True,True,True,True,True,True
TKU,2019,True,True,True,True,True,True,True
TKU,2020,True,True,True,True,True,True,True
TKU,2021,True,True,True,True,True,True,True
TKU,2022,True,True,True,True,True,True,True
TKU,2023,True,True,True,True,True,True,True
TKU,2024,True,True,True,True,True,True,True
TKU,2025,True,True,True,True,True,True,True
TL4,2014,True,True,True,True,True,True,True
TL4,2015,True,True,True,True,True,True,True
TL4,2016,True,True,True,True,True,True,True
TL4,2017,True,True,True,True,True,True,True
TL4,2018,True,True,True,True,True,True,True
TL4,2019,True,True,True,True,True,True,True
TL4,2020,True,True,True,True,True,True,True
TL4,2021,True,True,True,True,True,True,True
TL4,2022,True,True,True,True,True,True,True
TL4,2023,True,True,True,True,True,True,True
TL4,2024,True,True,True,True,True,True,True
TL4,2025,True,True,True,True,True,True,True
TLC,2009,True,True,True,True,True,True,True
TLC,2011,True,True,True,True,True,True,True
TLC,2012,True,True,True,True,True,True,True
TLC,2024,True,True,True,True,True,True,True
TLD,2014,True,True,True,True,True,True,True
TLD,2015,True,True,True,True,True,True,True
TLD,2016,True,True,True,True,True,True,True
TLD,2017,True,True,True,True,True,True,True
TLD,2018,True,True,True,True,True,True,True
TLD,2019,True,True,True,True,True,True,True
TLD,2020,True,True,True,True,True,True,True
TLD,2021,True,True,True,True,True,True,True
TLD,2022,True,True,True,True,True,True,True
TLD,2023,True,True,True,True,True,True,True
TLD,2024,True,True,True,True,True,True,True
TLD,2025,True,True,True,True,True,True,True
TLG,2009,True,True,True,True,True,True,True
TLG,2010,True,True,True,True,True,True,True
TLG,2011,True,True,True,True,True,True,True
TLG,2012,True,True,True,True,True,True,True
TLG,2013,True,True,True,True,True,True,True
TLG,2014,True,True,True,True,True,True,True
TLG,2015,True,True,True,True,True,True,True
TLG,2016,True,True,True,True,True,True,True
TLG,2017,True,True,True,True,True,True,True
TLG,2018,True,True,True,True,True,True,True
TLG,2019,True,True,True,True,True,True,True
TLG,2020,True,True,True,True,True,True,True
TLG,2021,True,True,True,True,True,True,True
TLG,2022,True,True,True,True,True,True,True
TLG,2023,True,True,True,True,True,True,True
TLG,2024,True,True,True,True,True,True,True
TLG,2025,True,True,True,True,True,True,True
TLH,2009,True,True,True,True,True,True,True
TLH,2010,True,True,True,True,True,True,True
TLH,2011,True,True,True,True,True,True,True
TLH,2012,True,True,True,True,True,True,True
TLH,2013,True,True,True,True,True,True,True
TLH,2014,True,True,True,True,True,True,True
TLH,2015,True,True,True,True,True,True,True
TLH,2016,True,True,True,True,True,True,True
TLH,2017,True,True,True,True,True,True,True
TLH,2018,True,True,True,True,True,True,True
TLH,2019,True,True,True,True,True,True,True
TLH,2020,True,True,True,True,True,True,True
TLH,2021,True,True,True,True,True,True,True
TLH,2022,True,True,True,True,True,True,True
TLH,2023,True,True,True,True,True,True,True
TLH,2024,True,True,True,True,True,True,True
TLH,2025,True,True,True,True,True,True,True
TLI,2017,True,True,True,True,True,True,True
TLI,2018,True,True,True,True,True,True,True
TLI,2019,True,True,True,True,True,True,True
TLI,2020,True,True,True,True,True,True,True
TLI,2021,True,True,True,True,True,True,True
TLI,2022,True,True,True,True,True,True,True
TLI,2023,True,True,True,True,True,True,True
TLP,2018,True,True,True,True,True,True,True
TLP,2019,True,True,True,True,True,True,True
TLP,2020,True,True,True,True,True,True,True
TLP,2021,True,True,True,True,True,True,True
TLP,2022,True,True,True,True,True,True,True
TLP,2023,True,True,True,True,True,True,True
TLP,2024,True,True,True,True,True,True,True
TLP,2025,True,True,True,True,True,True,True
TLT,2009,True,True,True,True,True,True,True
TLT,2010,True,True,True,True,True,True,True
TLT,2011,True,True,True,True,True,True,True
TLT,2012,True,True,True,True,True,True,True
TLT,2013,True,True,True,True,True,True,True
TLT,2014,True,True,True,True,True,True,True
TLT,2015,True,True,True,True,True,True,True
TLT,2016,True,True,True,True,True,True,True
TLT,2017,True,True,True,True,True,True,True
TLT,2018,True,True,True,True,True,True,True
TLT,2019,True,True,True,True,True,True,True
TLT,2020,True,True,True,True,True,True,True
TLT,2021,True,True,True,True,True,True,True
TLT,2022,True,True,True,True,True,True,True
TLT,2023,True,True,True,True,True,True,True
TLT,2024,True,True,True,True,True,True,True
TLT,2025,True,True,True,True,True,True,True
TMB,2009,True,True,True,True,True,True,True
TMB,2010,True,True,True,True,True,True,True
TMB,2011,True,True,True,True,True,True,True
TMB,2012,True,True,True,True,True,True,True
TMB,2013,True,True,True,True,True,True,True
TMB,2014,True,True,True,True,True,True,True
TMB,2015,True,True,True,True,True,True,True
TMB,2016,True,True,True,True,True,True,True
TMB,2017,True,True,True,True,True,True,True
TMB,2018,True,True,True,True,True,True,True
TMB,2019,True,True,True,True,True,True,True
TMB,2020,True,True,True,True,True,True,True
TMB,2021,True,True,True,True,True,True,True
TMB,2022,True,True,True,True,True,True,True
TMB,2023,True,True,True,True,True,True,True
TMB,2024,True,True,True,True,True,True,True
TMB,2025,True,True,True,True,True,True,True
TMC,2011,True,True,True,True,True,True,True
TMC,2013,True,True,True,True,True,True,True
TMC,2014,True,True,True,True,True,True,True
TMC,2015,True,True,True,True,True,True,True
TMC,2016,True,True,True,True,True,True,True
TMC,2017,True,True,True,True,True,True,True
TMC,2018,True,True,True,True,True,True,True
TMC,2019,True,True,True,True,True,True,True
TMC,2020,True,True,True,True,True,True,True
TMC,2021,True,True,True,True,True,True,True
TMC,2022,True,True,True,True,True,True,True
TMC,2023,True,True,True,True,True,True,True
TMC,2024,True,True,True,True,True,True,True
TMC,2025,True,True,True,True,True,True,True
TMG,2014,True,True,True,True,True,True,True
TMG,2015,True,True,True,True,True,True,True
TMG,2016,True,True,True,True,True,True,True
TMG,2017,True,True,True,True,True,True,True
TMG,2018,True,True,True,True,True,True,True
TMG,2019,True,True,True,True,True,True,True
TMG,2020,True,True,True,True,True,True,True
TMG,2021,True,True,True,True,True,True,True
TMG,2022,True,True,True,True,True,True,True
TMG,2023,True,True,True,True,True,True,True
TMG,2024,True,True,True,True,True,True,True
TMG,2025,True,True,True,True,True,True,True
TMP,2009,True,True,True,True,True,True,True
TMP,2010,True,True,True,True,True,True,True
TMP,2011,True,True,True,True,True,True,True
TMP,2012,True,True,True,True,True,True,True
TMP,2013,True,True,True,True,True,True,True
TMP,2014,True,True,True,True,True,True,True
TMP,2015,True,True,True,True,True,True,True
TMP,2016,True,True,True,True,True,True,True
TMP,2017,True,True,True,True,True,True,True
TMP,2018,True,True,True,True,True,True,True
TMP,2019,True,True,True,True,True,True,True
TMP,2020,True,True,True,True,True,True,True
TMP,2021,True,True,True,True,True,True,True
TMP,2022,True,True,True,True,True,True,True
TMP,2023,True,True,True,True,True,True,True
TMP,2024,True,True,True,True,True,True,True
TMP,2025,True,True,True,True,True,True,True
TMS,2009,True,True,True,True,True,True,True
TMS,2012,True,True,True,True,True,True,True
TMS,2013,True,True,True,True,True,True,True
TMS,2014,True,True,True,True,True,True,True
TMS,2015,True,True,True,True,True,True,True
TMS,2016,True,True,True,True,True,True,True
TMS,2017,True,True,True,True,True,True,True
TMS,2018,True,True,True,True,True,True,True
TMS,2019,True,True,True,True,True,True,True
TMS,2020,True,True,True,True,True,True,True
TMS,2021,True,True,True,True,True,True,True
TMS,2022,True,True,True,True,True,True,True
TMS,2023,True,True,True,True,True,True,True
TMS,2024,True,True,True,True,True,True,True
TMS,2025,True,True,True,True,True,True,True
TMT,2011,True,True,True,True,True,True,True
TMT,2012,True,True,True,True,True,True,True
TMT,2013,True,True,True,True,True,True,True
TMT,2015,True,True,True,True,True,True,True
TMT,2017,True,True,True,True,True,True,True
TMT,2018,True,True,True,True,True,True,True
TMT,2019,True,True,True,True,True,True,True
TMT,2020,True,True,True,True,True,True,True
TMT,2021,True,True,True,True,True,True,True
TMT,2022,True,True,True,True,True,True,True
TMT,2023,True,True,True,True,True,True,True
TMT,2024,True,True,True,True,True,True,True
TMT,2025,True,True,True,True,True,True,True
TMW,2009,True,True,True,True,True,True,True
TMW,2010,True,True,True,True,True,True,True
TMW,2011,True,True,True,True,True,True,True
TMW,2012,True,True,True,True,True,True,True
TMW,2013,True,True,True,True,True,True,True
TMW,2014,True,True,True,True,True,True,True
TMW,2015,True,True,True,True,True,True,True
TMW,2016,True,True,True,True,True,True,True
TMW,2017,True,True,True,True,True,True,True
TMW,2018,True,True,True,True,True,True,True
TMW,2019,True,True,True,True,True,True,True
TMW,2020,True,True,True,True,True,True,True
TMW,2021,True,True,True,True,True,True,True
TMW,2022,True,True,True,True,True,True,True
TMW,2023,True,True,True,True,True,True,True
TMW,2024,True,True,True,True,True,True,True
TMW,2025,True,True,True,True,True,True,True
TMX,2009,True,True,True,True,True,True,True
TMX,2010,True,True,True,True,True,True,True
TMX,2011,True,True,True,True,True,True,True
TMX,2012,True,True,True,True,True,True,True
TMX,2013,True,True,True,True,True,True,True
TMX,2014,True,True,True,True,True,True,True
TMX,2015,True,True,True,True,True,True,True
TMX,2016,True,True,True,True,True,True,True
TMX,2017,True,True,True,True,True,True,True
TMX,2018,True,True,True,True,True,True,True
TMX,2019,True,True,True,True,True,True,True
TMX,2020,True,True,True,True,True,True,True
TMX,2021,True,True,True,True,True,True,True
TMX,2022,True,True,True,True,True,True,True
TMX,2023,True,True,True,True,True,True,True
TMX,2024,True,True,True,True,True,True,True
TMX,2025,True,True,True,True,True,True,True
TN1,2017,True,True,True,True,True,True,True
TN1,2018,True,True,True,True,True,True,True
TN1,2019,True,True,True,True,True,True,True
TN1,2020,True,True,True,True,True,True,True
TN1,2021,True,True,True,True,True,True,True
TN1,2022,True,True,True,True,True,True,True
TN1,2023,True,True,True,True,True,True,True
TN1,2024,True,True,True,True,True,True,True
TN1,2025,True,True,True,True,True,True,True
TNA,2009,True,True,True,True,True,True,True
TNA,2010,True,True,True,True,True,True,True
TNA,2011,True,True,True,True,True,True,True
TNA,2012,True,True,True,True,True,True,True
TNA,2013,True,True,True,True,True,True,True
TNA,2014,True,True,True,True,True,True,True
TNA,2015,True,True,True,True,True,True,True
TNA,2016,True,True,True,True,True,True,True
TNA,2017,True,True,True,True,True,True,True
TNA,2018,True,True,True,True,True,True,True
TNA,2019,True,True,True,True,True,True,True
TNA,2020,True,True,True,True,True,True,True
TNA,2021,True,True,True,True,True,True,True
TNA,2022,True,True,True,True,True,True,True
TNA,2024,True,True,True,True,True,True,True
TNA,2025,True,True,True,True,True,True,True
TNB,2009,True,True,True,True,True,True,True
TNB,2010,True,True,True,True,True,True,True
TNB,2011,True,True,True,True,True,True,True
TNB,2012,True,True,True,True,True,True,True
TNB,2013,True,True,True,True,True,True,True
TNB,2014,True,True,True,True,True,True,True
TNB,2015,True,True,True,True,True,True,True
TNB,2017,True,True,True,True,True,True,True
TNB,2018,True,True,True,True,True,True,True
TNB,2019,True,True,True,True,True,True,True
TNB,2020,True,True,True,True,True,True,True
TNB,2021,True,True,True,True,True,True,True
TNB,2022,True,True,True,True,True,True,True
TNB,2023,True,True,True,True,True,True,True
TNB,2024,True,True,True,True,True,True,True
TNB,2025,True,True,True,True,True,True,True
TNC,2009,True,True,True,True,True,True,True
TNC,2010,True,True,True,True,True,True,True
TNC,2011,True,True,True,True,True,True,True
TNC,2012,True,True,True,True,True,True,True
TNC,2013,True,True,True,True,True,True,True
TNC,2014,True,True,True,True,True,True,True
TNC,2015,True,True,True,True,True,True,True
TNC,2016,True,True,True,True,True,True,True
TNC,2017,True,True,True,True,True,True,True
TNC,2018,True,True,True,True,True,True,True
TNC,2019,True,True,True,True,True,True,True
TNC,2020,True,True,True,True,True,True,True
TNC,2021,True,True,True,True,True,True,True
TNC,2022,True,True,True,True,True,True,True
TNC,2023,True,True,True,True,True,True,True
TNC,2024,True,True,True,True,True,True,True
TNC,2025,True,True,True,True,True,True,True
TND,2011,True,True,True,True,True,True,True
TND,2012,True,True,True,True,True,True,True
TND,2013,True,True,True,True,True,True,True
TND,2014,True,True,True,True,True,True,True
TND,2015,True,True,True,True,True,True,True
TND,2016,True,True,True,True,True,True,True
TND,2017,True,True,True,True,True,True,True
TND,2018,True,True,True,True,True,True,True
TND,2019,True,True,True,True,True,True,True
TNG,2009,True,True,True,True,True,True,True
TNG,2010,True,True,True,True,True,True,True
TNG,2011,True,True,True,True,True,True,True
TNG,2012,True,True,True,True,True,True,True
TNG,2013,True,True,True,True,True,True,True
TNG,2014,True,True,True,True,True,True,True
TNG,2015,True,True,True,True,True,True,True
TNG,2016,True,True,True,True,True,True,True
TNG,2017,True,True,True,True,True,True,True
TNG,2018,True,True,True,True,True,True,True
TNG,2019,True,True,True,True,True,True,True
TNG,2021,True,True,True,True,True,True,True
TNG,2023,True,True,True,True,True,True,True
TNG,2024,True,True,True,True,True,True,True
TNG,2025,True,True,True,True,True,True,True
TNH,2017,True,True,True,True,True,True,True
TNH,2018,True,True,True,True,True,True,True
TNH,2019,True,True,True,True,True,True,True
TNH,2020,True,True,True,True,True,True,True
TNH,2021,True,True,True,True,True,True,True
TNH,2022,True,True,True,True,True,True,True
TNH,2023,True,True,True,True,True,True,True
TNH,2024,True,True,True,True,True,True,True
TNH,2025,True,True,True,True,True,True,True
TNI,2009,True,True,True,True,True,True,True
TNI,2010,True,True,True,True,True,True,True
TNI,2013,True,True,True,True,True,True,True
TNI,2014,True,True,True,True,True,True,True
TNI,2015,True,True,True,True,True,True,True
TNI,2016,True,True,True,True,True,True,True
TNI,2017,True,True,True,True,True,True,True
TNI,2018,True,True,True,True,True,True,True
TNI,2019,True,True,True,True,True,True,True
TNI,2020,True,True,True,True,True,True,True
TNI,2021,True,True,True,True,True,True,True
TNI,2022,True,True,True,True,True,True,True
TNI,2023,True,True,True,True,True,True,True
TNI,2024,True,True,True,True,True,True,True
TNI,2025,True,True,True,True,True,True,True
TNM,2011,True,True,True,True,True,True,True
TNM,2012,True,True,True,True,True,True,True
TNM,2013,True,True,True,True,True,True,True
TNM,2014,True,True,True,True,True,True,True
TNM,2015,True,True,True,True,True,True,True
TNM,2016,True,True,True,True,True,True,True
TNP,2011,True,True,True,True,True,True,True
TNP,2013,True,True,True,True,True,True,True
TNP,2014,True,True,True,True,True,True,True
TNP,2015,True,True,True,True,True,True,True
TNP,2016,True,True,True,True,True,True,True
TNP,2017,True,True,True,True,True,True,True
TNP,2018,True,True,True,True,True,True,True
TNP,2019,True,True,True,True,True,True,True
TNP,2020,True,True,True,True,True,True,True
TNP,2021,True,True,True,True,True,True,True
TNP,2022,True,True,True,True,True,True,True
TNP,2023,True,True,True,True,True,True,True
TNP,2024,True,True,True,True,True,True,True
TNP,2025,True,True,True,True,True,True,True
TNS,2010,True,True,True,True,True,True,True
TNS,2011,True,True,True,True,True,True,True
TNS,2012,True,True,True,True,True,True,True
TNS,2013,True,True,True,True,True,True,True
TNS,2014,True,True,True,True,True,True,True
TNS,2015,True,True,True,True,True,True,True
TNS,2016,True,True,True,True,True,True,True
TNS,2017,True,True,True,True,True,True,True
TNS,2018,True,True,True,True,True,True,True
TNS,2019,True,True,True,True,True,True,True
TNS,2020,True,True,True,True,True,True,True
TNS,2021,True,True,True,True,True,True,True
TNS,2022,True,True,True,True,True,True,True
TNS,2023,True,True,True,True,True,True,True
TNS,2024,True,True,True,True,True,True,True
TNS,2025,True,True,True,True,True,True,True
TNT,2010,True,True,True,True,True,True,True
TNT,2011,True,True,True,True,True,True,True
TNT,2012,True,True,True,True,True,True,True
TNT,2013,True,True,True,True,True,True,True
TNT,2014,True,True,True,True,True,True,True
TNT,2015,True,True,True,True,True,True,True
TNT,2016,True,True,True,True,True,True,True
TNT,2017,True,True,True,True,True,True,True
TNT,2018,True,True,True,True,True,True,True
TNT,2019,True,True,True,True,True,True,True
TNT,2020,True,True,True,True,True,True,True
TNT,2021,True,True,True,True,True,True,True
TNT,2022,True,True,True,True,True,True,True
TNT,2023,True,True,True,True,True,True,True
TNT,2024,True,True,True,True,True,True,True
TNT,2025,True,True,True,True,True,True,True
TNV,2012,True,True,True,True,True,True,True
TNV,2013,True,True,True,True,True,True,True
TNV,2014,True,True,True,True,True,True,True
TNV,2017,True,True,True,True,True,True,True
TNV,2018,True,True,True,True,True,True,True
TNV,2019,True,True,True,True,True,True,True
TNV,2020,True,True,True,True,True,True,True
TNV,2021,True,True,True,True,True,True,True
TNV,2022,True,True,True,True,True,True,True
TNV,2023,True,True,True,True,True,True,True
TNV,2024,True,True,True,True,True,True,True
TNV,2025,True,True,True,True,True,True,True
TNW,2016,True,True,True,True,True,True,True
TNW,2017,True,True,True,True,True,True,True
TNW,2018,True,True,True,True,True,True,True
TNW,2019,True,True,True,True,True,True,True
TNW,2021,True,True,True,True,True,True,True
TNW,2022,True,True,True,True,True,True,True
TNW,2023,True,True,True,True,True,True,True
TNW,2024,True,True,True,True,True,True,True
TNW,2025,True,True,True,True,True,True,True
TNY,2009,True,True,True,True,True,True,True
TNY,2010,True,True,True,True,True,True,True
TNY,2011,True,True,True,True,True,True,True
TNY,2012,True,True,True,True,True,True,True
TNY,2013,True,True,True,True,True,True,True
TNY,2014,True,True,True,True,True,True,True
TNY,2015,True,True,True,True,True,True,True
TNY,2016,True,True,True,True,True,True,True
TNY,2017,True,True,True,True,True,True,True
TOP,2014,True,True,True,True,True,True,True
TOP,2015,True,True,True,True,True,True,True
TOP,2016,True,True,True,True,True,True,True
TOP,2017,True,True,True,True,True,True,True
TOP,2018,True,True,True,True,True,True,True
TOP,2020,True,True,True,True,True,True,True
TOP,2021,True,True,True,True,True,True,True
TOP,2022,True,True,True,True,True,True,True
TOP,2025,True,True,True,True,True,True,True
TOS,2019,True,True,True,True,True,True,True
TOS,2020,True,True,True,True,True,True,True
TOS,2021,True,True,True,True,True,True,True
TOS,2022,True,True,True,True,True,True,True
TOS,2023,True,True,True,True,True,True,True
TOS,2024,True,True,True,True,True,True,True
TOS,2025,True,True,True,True,True,True,True
TOT,2015,True,True,True,True,True,True,True
TOT,2016,True,True,True,True,True,True,True
TOT,2017,True,True,True,True,True,True,True
TOT,2018,True,True,True,True,True,True,True
TOT,2019,True,True,True,True,True,True,True
TOT,2020,True,True,True,True,True,True,True
TOT,2021,True,True,True,True,True,True,True
TOT,2022,True,True,True,True,True,True,True
TOT,2023,True,True,True,True,True,True,True
TOT,2024,True,True,True,True,True,True,True
TOT,2025,True,True,True,True,True,True,True
TOW,2018,True,True,True,True,True,True,True
TOW,2019,True,True,True,True,True,True,True
TOW,2020,True,True,True,True,True,True,True
TOW,2022,True,True,True,True,True,True,True
TOW,2023,True,True,True,True,True,True,True
TOW,2024,True,True,True,True,True,True,True
TOW,2025,True,True,True,True,True,True,True
TPC,2009,True,True,True,True,True,True,True
TPC,2010,True,True,True,True,True,True,True
TPC,2011,True,True,True,True,True,True,True
TPC,2012,True,True,True,True,True,True,True
TPC,2013,True,True,True,True,True,True,True
TPC,2014,True,True,True,True,True,True,True
TPC,2015,True,True,True,True,True,True,True
TPC,2016,True,True,True,True,True,True,True
TPC,2017,True,True,True,True,True,True,True
TPC,2018,True,True,True,True,True,True,True
TPC,2019,True,True,True,True,True,True,True
TPC,2020,True,True,True,True,True,True,True
TPC,2021,True,True,True,True,True,True,True
TPC,2022,True,True,True,True,True,True,True
TPC,2023,True,True,True,True,True,True,True
TPC,2024,True,True,True,True,True,True,True
TPC,2025,True,True,True,True,True,True,True
TPH,2010,True,True,True,True,True,True,True
TPH,2011,True,True,True,True,True,True,True
TPH,2012,True,True,True,True,True,True,True
TPH,2013,True,True,True,True,True,True,True
TPH,2014,True,True,True,True,True,True,True
TPH,2015,True,True,True,True,True,True,True
TPH,2016,True,True,True,True,True,True,True
TPH,2017,True,True,True,True,True,True,True
TPH,2018,True,True,True,True,True,True,True
TPH,2019,True,True,True,True,True,True,True
TPH,2020,True,True,True,True,True,True,True
TPH,2021,True,True,True,True,True,True,True
TPH,2022,True,True,True,True,True,True,True
TPH,2023,True,True,True,True,True,True,True
TPH,2024,True,True,True,True,True,True,True
TPP,2009,True,True,True,True,True,True,True
TPP,2010,True,True,True,True,True,True,True
TPP,2011,True,True,True,True,True,True,True
TPP,2012,True,True,True,True,True,True,True
TPP,2013,True,True,True,True,True,True,True
TPP,2014,True,True,True,True,True,True,True
TPP,2015,True,True,True,True,True,True,True
TPP,2016,True,True,True,True,True,True,True
TPP,2017,True,True,True,True,True,True,True
TPP,2018,True,True,True,True,True,True,True
TPP,2019,True,True,True,True,True,True,True
TPP,2020,True,True,True,True,True,True,True
TPP,2021,True,True,True,True,True,True,True
TPP,2022,True,True,True,True,True,True,True
TPP,2023,True,True,True,True,True,True,True
TPP,2024,True,True,True,True,True,True,True
TPP,2025,True,True,True,True,True,True,True
TPS,2013,True,True,True,True,True,True,True
TPS,2014,True,True,True,True,True,True,True
TPS,2015,True,True,True,True,True,True,True
TPS,2016,True,True,True,True,True,True,True
TPS,2017,True,True,True,True,True,True,True
TPS,2018,True,True,True,True,True,True,True
TPS,2019,True,True,True,True,True,True,True
TPS,2020,True,True,True,True,True,True,True
TPS,2021,True,True,True,True,True,True,True
TPS,2022,True,True,True,True,True,True,True
TPS,2023,True,True,True,True,True,True,True
TPS,2024,True,True,True,True,True,True,True
TPS,2025,True,True,True,True,True,True,True
TQN,2015,True,True,True,True,True,True,True
TQN,2016,True,True,True,True,True,True,True
TQN,2017,True,True,True,True,True,True,True
TQN,2018,True,True,True,True,True,True,True
TQN,2019,True,True,True,True,True,True,True
TQN,2020,True,True,True,True,True,True,True
TQN,2021,True,True,True,True,True,True,True
TQN,2022,True,True,True,True,True,True,True
TQN,2023,True,True,True,True,True,True,True
TQN,2024,True,True,True,True,True,True,True
TQN,2025,True,True,True,True,True,True,True
TQW,2018,True,True,True,True,True,True,True
TQW,2019,True,True,True,True,True,True,True
TQW,2020,True,True,True,True,True,True,True
TQW,2021,True,True,True,True,True,True,True
TQW,2022,True,True,True,True,True,True,True
TQW,2023,True,True,True,True,True,True,True
TQW,2024,True,True,True,True,True,True,True
TQW,2025,True,True,True,True,True,True,True
TR1,2017,True,True,True,True,True,True,True
TR1,2018,True,True,True,True,True,True,True
TR1,2019,True,True,True,True,True,True,True
TR1,2020,True,True,True,True,True,True,True
TR1,2021,True,True,True,True,True,True,True
TR1,2022,True,True,True,True,True,True,True
TR1,2023,True,True,True,True,True,True,True
TR1,2024,True,True,True,True,True,True,True
TR1,2025,True,True,True,True,True,True,True
TRA,2011,True,True,True,True,True,True,True
TRA,2012,True,True,True,True,True,True,True
TRA,2013,True,True,True,True,True,True,True
TRA,2014,True,True,True,True,True,True,True
TRA,2015,True,True,True,True,True,True,True
TRA,2016,True,True,True,True,True,True,True
TRA,2017,True,True,True,True,True,True,True
TRA,2018,True,True,True,True,True,True,True
TRA,2019,True,True,True,True,True,True,True
TRA,2020,True,True,True,True,True,True,True
TRA,2021,True,True,True,True,True,True,True
TRA,2022,True,True,True,True,True,True,True
TRA,2023,True,True,True,True,True,True,True
TRA,2024,True,True,True,True,True,True,True
TRA,2025,True,True,True,True,True,True,True
TRC,2010,True,True,True,True,True,True,True
TRC,2011,True,True,True,True,True,True,True
TRC,2012,True,True,True,True,True,True,True
TRC,2013,True,True,True,True,True,True,True
TRC,2014,True,True,True,True,True,True,True
TRC,2015,True,True,True,True,True,True,True
TRC,2016,True,True,True,True,True,True,True
TRC,2017,True,True,True,True,True,True,True
TRC,2018,True,True,True,True,True,True,True
TRC,2019,True,True,True,True,True,True,True
TRC,2020,True,True,True,True,True,True,True
TRC,2021,True,True,True,True,True,True,True
TRC,2022,True,True,True,True,True,True,True
TRC,2023,True,True,True,True,True,True,True
TRC,2024,True,True,True,True,True,True,True
TRC,2025,True,True,True,True,True,True,True
TRI,2011,True,True,True,True,True,True,True
TRS,2013,True,True,True,True,True,True,True
TRS,2014,True,True,True,True,True,True,True
TRS,2015,True,True,True,True,True,True,True
TRS,2016,True,True,True,True,True,True,True
TRS,2017,True,True,True,True,True,True,True
TRS,2018,True,True,True,True,True,True,True
TRS,2019,True,True,True,True,True,True,True
TRS,2020,True,True,True,True,True,True,True
TRS,2021,True,True,True,True,True,True,True
TRS,2022,True,True,True,True,True,True,True
TRS,2023,True,True,True,True,True,True,True
TRS,2024,True,True,True,True,True,True,True
TRS,2025,True,True,True,True,True,True,True
TRT,2012,True,True,True,True,True,True,True
TRT,2013,True,True,True,True,True,True,True
TRT,2014,True,True,True,True,True,True,True
TRT,2015,True,True,True,True,True,True,True
TRT,2016,True,True,True,True,True,True,True
TRT,2017,True,True,True,True,True,True,True
TRT,2018,True,True,True,True,True,True,True
TRT,2019,True,True,True,True,True,True,True
TRT,2020,True,True,True,True,True,True,True
TRT,2021,True,True,True,True,True,True,True
TRT,2022,True,True,True,True,True,True,True
TRT,2023,True,True,True,True,True,True,True
TRT,2024,True,True,True,True,True,True,True
TRT,2025,True,True,True,True,True,True,True
TRV,2024,True,True,True,True,True,True,True
TRV,2025,True,True,True,True,True,True,True
TS3,2015,True,True,True,True,True,True,True
TS3,2019,True,True,True,True,True,True,True
TS3,2020,True,True,True,True,True,True,True
TS3,2021,True,True,True,True,True,True,True
TS3,2022,True,True,True,True,True,True,True
TS3,2023,True,True,True,True,True,True,True
TS3,2024,True,True,True,True,True,True,True
TS3,2025,True,True,True,True,True,True,True
TS4,2009,True,True,True,True,True,True,True
TS4,2010,True,True,True,True,True,True,True
TS4,2011,True,True,True,True,True,True,True
TS4,2012,True,True,True,True,True,True,True
TS4,2013,True,True,True,True,True,True,True
TS4,2014,True,True,True,True,True,True,True
TS4,2015,True,True,True,True,True,True,True
TS4,2016,True,True,True,True,True,True,True
TS4,2017,True,True,True,True,True,True,True
TS4,2018,True,True,True,True,True,True,True
TS4,2019,True,True,True,True,True,True,True
TS4,2020,True,True,True,True,True,True,True
TS4,2021,True,True,True,True,True,True,True
TS4,2022,True,True,True,True,True,True,True
TS4,2023,True,True,True,True,True,True,True
TS4,2024,True,True,True,True,True,True,True
TS4,2025,True,True,True,True,True,True,True
TS5,2015,True,True,True,True,True,True,True
TS5,2016,True,True,True,True,True,True,True
TS5,2018,True,True,True,True,True,True,True
TS5,2019,True,True,True,True,True,True,True
TSA,2021,True,True,True,True,True,True,True
TSA,2022,True,True,True,True,True,True,True
TSA,2023,True,True,True,True,True,True,True
TSA,2024,True,True,True,True,True,True,True
TSA,2025,True,True,True,True,True,True,True
TSB,2010,True,True,True,True,True,True,True
TSB,2011,True,True,True,True,True,True,True
TSB,2012,True,True,True,True,True,True,True
TSB,2013,True,True,True,True,True,True,True
TSB,2014,True,True,True,True,True,True,True
TSB,2015,True,True,True,True,True,True,True
TSB,2016,True,True,True,True,True,True,True
TSB,2017,True,True,True,True,True,True,True
TSB,2018,True,True,True,True,True,True,True
TSB,2019,True,True,True,True,True,True,True
TSB,2020,True,True,True,True,True,True,True
TSB,2021,True,True,True,True,True,True,True
TSB,2022,True,True,True,True,True,True,True
TSB,2023,True,True,True,True,True,True,True
TSB,2024,True,True,True,True,True,True,True
TSB,2025,True,True,True,True,True,True,True
TSC,2010,True,True,True,True,True,True,True
TSC,2011,True,True,True,True,True,True,True
TSC,2012,True,True,True,True,True,True,True
TSC,2013,True,True,True,True,True,True,True
TSC,2014,True,True,True,True,True,True,True
TSC,2015,True,True,True,True,True,True,True
TSC,2016,True,True,True,True,True,True,True
TSC,2017,True,True,True,True,True,True,True
TSC,2018,True,True,True,True,True,True,True
TSC,2019,True,True,True,True,True,True,True
TSC,2020,True,True,True,True,True,True,True
TSC,2021,True,True,True,True,True,True,True
TSC,2022,True,True,True,True,True,True,True
TSC,2023,True,True,True,True,True,True,True
TSC,2024,True,True,True,True,True,True,True
TSC,2025,True,True,True,True,True,True,True
TSD,2017,True,True,True,True,True,True,True
TSD,2018,True,True,True,True,True,True,True
TSD,2019,True,True,True,True,True,True,True
TSD,2020,True,True,True,True,True,True,True
TSD,2021,True,True,True,True,True,True,True
TSD,2022,True,True,True,True,True,True,True
TSD,2023,True,True,True,True,True,True,True
TSD,2024,True,True,True,True,True,True,True
TSD,2025,True,True,True,True,True,True,True
TSG,2017,True,True,True,True,True,True,True
TSG,2018,True,True,True,True,True,True,True
TSG,2019,True,True,True,True,True,True,True
TSG,2020,True,True,True,True,True,True,True
TSG,2021,True,True,True,True,True,True,True
TSG,2022,True,True,True,True,True,True,True
TSG,2023,True,True,True,True,True,True,True
TSG,2024,True,True,True,True,True,True,True
TSG,2025,True,True,True,True,True,True,True
TSJ,2016,True,True,True,True,True,True,True
TSJ,2017,True,True,True,True,True,True,True
TSJ,2018,True,True,True,True,True,True,True
TSJ,2019,True,True,True,True,True,True,True
TSJ,2020,True,True,True,True,True,True,True
TSJ,2021,True,True,True,True,True,True,True
TSJ,2022,True,True,True,True,True,True,True
TSJ,2023,True,True,True,True,True,True,True
TSJ,2024,True,True,True,True,True,True,True
TSJ,2025,True,True,True,True,True,True,True
TSM,2010,True,True,True,True,True,True,True
TSM,2011,True,True,True,True,True,True,True
TSM,2012,True,True,True,True,True,True,True
TSM,2013,True,True,True,True,True,True,True
TSM,2014,True,True,True,True,True,True,True
TST,2009,True,True,True,True,True,True,True
TST,2010,True,True,True,True,True,True,True
TST,2011,True,True,True,True,True,True,True
TST,2012,True,True,True,True,True,True,True
TST,2013,True,True,True,True,True,True,True
TST,2014,True,True,True,True,True,True,True
TST,2015,True,True,True,True,True,True,True
TST,2016,True,True,True,True,True,True,True
TST,2017,True,True,True,True,True,True,True
TST,2018,True,True,True,True,True,True,True
TST,2019,True,True,True,True,True,True,True
TST,2020,True,True,True,True,True,True,True
TST,2021,True,True,True,True,True,True,True
TST,2022,True,True,True,True,True,True,True
TST,2023,True,True,True,True,True,True,True
TST,2025,True,True,True,True,True,True,True
TT6,2021,True,True,True,True,True,True,True
TT6,2022,True,True,True,True,True,True,True
TT6,2023,True,True,True,True,True,True,True
TT6,2024,True,True,True,True,True,True,True
TT6,2025,True,True,True,True,True,True,True
TTA,2018,True,True,True,True,True,True,True
TTA,2019,True,True,True,True,True,True,True
TTA,2020,True,True,True,True,True,True,True
TTA,2021,True,True,True,True,True,True,True
TTA,2022,True,True,True,True,True,True,True
TTA,2023,True,True,True,True,True,True,True
TTA,2024,True,True,True,True,True,True,True
TTA,2025,True,True,True,True,True,True,True
TTB,2012,True,True,True,True,True,True,True
TTB,2013,True,True,True,True,True,True,True
TTB,2014,True,True,True,True,True,True,True
TTB,2015,True,True,True,True,True,True,True
TTB,2016,True,True,True,True,True,True,True
TTB,2017,True,True,True,True,True,True,True
TTB,2018,True,True,True,True,True,True,True
TTB,2019,True,True,True,True,True,True,True
TTB,2020,True,True,True,True,True,True,True
TTB,2021,True,True,True,True,True,True,True
TTB,2022,True,True,True,True,True,True,True
TTB,2023,True,True,True,True,True,True,True
TTB,2024,True,True,True,True,True,True,True
TTC,2009,True,True,True,True,True,True,True
TTC,2010,True,True,True,True,True,True,True
TTC,2011,True,True,True,True,True,True,True
TTC,2012,True,True,True,True,True,True,True
TTC,2013,True,True,True,True,True,True,True
TTC,2014,True,True,True,True,True,True,True
TTC,2015,True,True,True,True,True,True,True
TTC,2016,True,True,True,True,True,True,True
TTC,2017,True,True,True,True,True,True,True
TTC,2018,True,True,True,True,True,True,True
TTC,2019,True,True,True,True,True,True,True
TTC,2020,True,True,True,True,True,True,True
TTC,2021,True,True,True,True,True,True,True
TTC,2022,True,True,True,True,True,True,True
TTC,2023,True,True,True,True,True,True,True
TTC,2024,True,True,True,True,True,True,True
TTC,2025,True,True,True,True,True,True,True
TTD,2011,True,True,True,True,True,True,True
TTD,2012,True,True,True,True,True,True,True
TTD,2013,True,True,True,True,True,True,True
TTD,2014,True,True,True,True,True,True,True
TTD,2015,True,True,True,True,True,True,True
TTD,2016,True,True,True,True,True,True,True
TTD,2017,True,True,True,True,True,True,True
TTD,2018,True,True,True,True,True,True,True
TTD,2019,True,True,True,True,True,True,True
TTD,2020,True,True,True,True,True,True,True
TTD,2021,True,True,True,True,True,True,True
TTD,2022,True,True,True,True,True,True,True
TTD,2023,True,True,True,True,True,True,True
TTD,2024,True,True,True,True,True,True,True
TTD,2025,True,True,True,True,True,True,True
TTE,2015,True,True,True,True,True,True,True
TTE,2016,True,True,True,True,True,True,True
TTE,2017,True,True,True,True,True,True,True
TTE,2018,True,True,True,True,True,True,True
TTE,2019,True,True,True,True,True,True,True
TTE,2020,True,True,True,True,True,True,True
TTE,2021,True,True,True,True,True,True,True
TTE,2022,True,True,True,True,True,True,True
TTE,2023,True,True,True,True,True,True,True
TTE,2024,True,True,True,True,True,True,True
TTE,2025,True,True,True,True,True,True,True
TTF,2009,True,True,True,True,True,True,True
TTF,2010,True,True,True,True,True,True,True
TTF,2011,True,True,True,True,True,True,True
TTF,2012,True,True,True,True,True,True,True
TTF,2013,True,True,True,True,True,True,True
TTF,2014,True,True,True,True,True,True,True
TTF,2015,True,True,True,True,True,True,True
TTF,2016,True,True,True,True,True,True,True
TTF,2017,True,True,True,True,True,True,True
TTF,2018,True,True,True,True,True,True,True
TTF,2019,True,True,True,True,True,True,True
TTF,2020,True,True,True,True,True,True,True
TTF,2021,True,True,True,True,True,True,True
TTF,2022,True,True,True,True,True,True,True
TTF,2023,True,True,True,True,True,True,True
TTF,2024,True,True,True,True,True,True,True
TTF,2025,True,True,True,True,True,True,True
TTG,2009,True,True,True,True,True,True,True
TTG,2010,True,True,True,True,True,True,True
TTG,2011,True,True,True,True,True,True,True
TTG,2012,True,True,True,True,True,True,True
TTG,2013,True,True,True,True,True,True,True
TTG,2014,True,True,True,True,True,True,True
TTG,2015,True,True,True,True,True,True,True
TTG,2016,True,True,True,True,True,True,True
TTG,2017,True,True,True,True,True,True,True
TTG,2018,True,True,True,True,True,True,True
TTG,2019,True,True,True,True,True,True,True
TTG,2020,True,True,True,True,True,True,True
TTG,2021,True,True,True,True,True,True,True
TTG,2022,True,True,True,True,True,True,True
TTG,2023,True,True,True,True,True,True,True
TTG,2024,True,True,True,True,True,True,True
TTG,2025,True,True,True,True,True,True,True
TTH,2014,True,True,True,True,True,True,True
TTH,2015,True,True,True,True,True,True,True
TTH,2016,True,True,True,True,True,True,True
TTH,2017,True,True,True,True,True,True,True
TTH,2018,True,True,True,True,True,True,True
TTH,2019,True,True,True,True,True,True,True
TTH,2020,True,True,True,True,True,True,True
TTH,2021,True,True,True,True,True,True,True
TTH,2022,True,True,True,True,True,True,True
TTH,2023,True,True,True,True,True,True,True
TTH,2024,True,True,True,True,True,True,True
TTH,2025,True,True,True,True,True,True,True
TTJ,2013,True,True,True,True,True,True,True
TTJ,2014,True,True,True,True,True,True,True
TTJ,2015,True,True,True,True,True,True,True
TTJ,2016,True,True,True,True,True,True,True
TTJ,2017,True,True,True,True,True,True,True
TTJ,2018,True,True,True,True,True,True,True
TTJ,2019,True,True,True,True,True,True,True
TTL,2016,True,True,True,True,True,True,True
TTL,2017,True,True,True,True,True,True,True
TTL,2018,True,True,True,True,True,True,True
TTL,2019,True,True,True,True,True,True,True
TTL,2020,True,True,True,True,True,True,True
TTL,2021,True,True,True,True,True,True,True
TTL,2022,True,True,True,True,True,True,True
TTL,2023,True,True,True,True,True,True,True
TTL,2024,True,True,True,True,True,True,True
TTL,2025,True,True,True,True,True,True,True
TTN,2014,True,True,True,True,True,True,True
TTN,2015,True,True,True,True,True,True,True
TTN,2016,True,True,True,True,True,True,True
TTN,2017,True,True,True,True,True,True,True
TTN,2018,True,True,True,True,True,True,True
TTN,2019,True,True,True,True,True,True,True
TTN,2020,True,True,True,True,True,True,True
TTN,2021,True,True,True,True,True,True,True
TTN,2022,True,True,True,True,True,True,True
TTN,2023,True,True,True,True,True,True,True
TTN,2024,True,True,True,True,True,True,True
TTN,2025,True,True,True,True,True,True,True
TTP,2010,True,True,True,True,True,True,True
TTP,2011,True,True,True,True,True,True,True
TTP,2012,True,True,True,True,True,True,True
TTP,2014,True,True,True,True,True,True,True
TTP,2015,True,True,True,True,True,True,True
TTP,2016,True,True,True,True,True,True,True
TTP,2017,True,True,True,True,True,True,True
TTP,2018,True,True,True,True,True,True,True
TTP,2019,True,True,True,True,True,True,True
TTP,2020,True,True,True,True,True,True,True
TTP,2021,True,True,True,True,True,True,True
TTP,2022,True,True,True,True,True,True,True
TTP,2023,True,True,True,True,True,True,True
TTR,2009,True,True,True,True,True,True,True
TTR,2010,True,True,True,True,True,True,True
TTR,2011,True,True,True,True,True,True,True
TTR,2012,True,True,True,True,True,True,True
TTR,2013,True,True,True,True,True,True,True
TTR,2014,True,True,True,True,True,True,True
TTR,2015,True,True,True,True,True,True,True
TTR,2016,True,True,True,True,True,True,True
TTR,2017,True,True,True,True,True,True,True
TTS,2015,True,True,True,True,True,True,True
TTS,2016,True,True,True,True,True,True,True
TTS,2017,True,True,True,True,True,True,True
TTS,2018,True,True,True,True,True,True,True
TTS,2019,True,True,True,True,True,True,True
TTS,2020,True,True,True,True,True,True,True
TTS,2021,True,True,True,True,True,True,True
TTS,2022,True,True,True,True,True,True,True
TTS,2023,True,True,True,True,True,True,True
TTS,2024,True,True,True,True,True,True,True
TTS,2025,True,True,True,True,True,True,True
TTT,2011,True,True,True,True,True,True,True
TTT,2012,True,True,True,True,True,True,True
TTT,2013,True,True,True,True,True,True,True
TTT,2014,True,True,True,True,True,True,True
TTT,2015,True,True,True,True,True,True,True
TTT,2016,True,True,True,True,True,True,True
TTT,2017,True,True,True,True,True,True,True
TTT,2018,True,True,True,True,True,True,True
TTT,2019,True,True,True,True,True,True,True
TTT,2020,True,True,True,True,True,True,True
TTT,2021,True,True,True,True,True,True,True
TTT,2022,True,True,True,True,True,True,True
TTT,2023,True,True,True,True,True,True,True
TTT,2024,True,True,True,True,True,True,True
TTT,2025,True,True,True,True,True,True,True
TTV,2016,True,True,True,True,True,True,True
TTV,2017,True,True,True,True,True,True,True
TTV,2018,True,True,True,True,True,True,True
TTV,2019,True,True,True,True,True,True,True
TTV,2020,True,True,True,True,True,True,True
TTZ,2010,True,True,True,True,True,True,True
TTZ,2011,True,True,True,True,True,True,True
TTZ,2012,True,True,True,True,True,True,True
TTZ,2013,True,True,True,True,True,True,True
TTZ,2014,True,True,True,True,True,True,True
TTZ,2015,True,True,True,True,True,True,True
TTZ,2016,True,True,True,True,True,True,True
TTZ,2017,True,True,True,True,True,True,True
TTZ,2018,True,True,True,True,True,True,True
TTZ,2019,True,True,True,True,True,True,True
TTZ,2020,True,True,True,True,True,True,True
TTZ,2021,True,True,True,True,True,True,True
TTZ,2022,True,True,True,True,True,True,True
TTZ,2023,True,True,True,True,True,True,True
TUG,2012,True,True,True,True,True,True,True
TUG,2013,True,True,True,True,True,True,True
TUG,2014,True,True,True,True,True,True,True
TUG,2015,True,True,True,True,True,True,True
TUG,2016,True,True,True,True,True,True,True
TUG,2017,True,True,True,True,True,True,True
TUG,2018,True,True,True,True,True,True,True
TUG,2019,True,True,True,True,True,True,True
TUG,2020,True,True,True,True,True,True,True
TUG,2021,True,True,True,True,True,True,True
TUG,2022,True,True,True,True,True,True,True
TUG,2023,True,True,True,True,True,True,True
TUG,2024,True,True,True,True,True,True,True
TUG,2025,True,True,True,True,True,True,True
TV1,2009,True,True,True,True,True,True,True
TV1,2010,True,True,True,True,True,True,True
TV1,2011,True,True,True,True,True,True,True
TV1,2012,True,True,True,True,True,True,True
TV1,2013,True,True,True,True,True,True,True
TV1,2014,True,True,True,True,True,True,True
TV1,2015,True,True,True,True,True,True,True
TV1,2016,True,True,True,True,True,True,True
TV1,2017,True,True,True,True,True,True,True
TV1,2018,True,True,True,True,True,True,True
TV1,2019,True,True,True,True,True,True,True
TV1,2020,True,True,True,True,True,True,True
TV1,2021,True,True,True,True,True,True,True
TV1,2022,True,True,True,True,True,True,True
TV1,2023,True,True,True,True,True,True,True
TV1,2024,True,True,True,True,True,True,True
TV1,2025,True,True,True,True,True,True,True
TV2,2009,True,True,True,True,True,True,True
TV2,2010,True,True,True,True,True,True,True
TV2,2011,True,True,True,True,True,True,True
TV2,2012,True,True,True,True,True,True,True
TV2,2013,True,True,True,True,True,True,True
TV2,2014,True,True,True,True,True,True,True
TV2,2015,True,True,True,True,True,True,True
TV2,2016,True,True,True,True,True,True,True
TV2,2017,True,True,True,True,True,True,True
TV2,2018,True,True,True,True,True,True,True
TV2,2019,True,True,True,True,True,True,True
TV2,2020,True,True,True,True,True,True,True
TV2,2021,True,True,True,True,True,True,True
TV2,2022,True,True,True,True,True,True,True
TV2,2023,True,True,True,True,True,True,True
TV2,2024,True,True,True,True,True,True,True
TV2,2025,True,True,True,True,True,True,True
TV3,2009,True,True,True,True,True,True,True
TV3,2010,True,True,True,True,True,True,True
TV3,2011,True,True,True,True,True,True,True
TV3,2012,True,True,True,True,True,True,True
TV3,2013,True,True,True,True,True,True,True
TV3,2014,True,True,True,True,True,True,True
TV3,2015,True,True,True,True,True,True,True
TV3,2016,True,True,True,True,True,True,True
TV3,2017,True,True,True,True,True,True,True
TV3,2018,True,True,True,True,True,True,True
TV3,2019,True,True,True,True,True,True,True
TV3,2020,True,True,True,True,True,True,True
TV3,2021,True,True,True,True,True,True,True
TV3,2022,True,True,True,True,True,True,True
TV3,2023,True,True,True,True,True,True,True
TV3,2024,True,True,True,True,True,True,True
TV3,2025,True,True,True,True,True,True,True
TV4,2009,True,True,True,True,True,True,True
TV4,2010,True,True,True,True,True,True,True
TV4,2011,True,True,True,True,True,True,True
TV4,2012,True,True,True,True,True,True,True
TV4,2013,True,True,True,True,True,True,True
TV4,2014,True,True,True,True,True,True,True
TV4,2015,True,True,True,True,True,True,True
TV4,2016,True,True,True,True,True,True,True
TV4,2017,True,True,True,True,True,True,True
TV4,2018,True,True,True,True,True,True,True
TV4,2019,True,True,True,True,True,True,True
TV4,2020,True,True,True,True,True,True,True
TV4,2021,True,True,True,True,True,True,True
TV4,2022,True,True,True,True,True,True,True
TV4,2023,True,True,True,True,True,True,True
TV4,2024,True,True,True,True,True,True,True
TV4,2025,True,True,True,True,True,True,True
TV6,2018,True,True,True,True,True,True,True
TV6,2019,True,True,True,True,True,True,True
TV6,2020,True,True,True,True,True,True,True
TV6,2021,True,True,True,True,True,True,True
TV6,2022,True,True,True,True,True,True,True
TV6,2023,True,True,True,True,True,True,True
TV6,2024,True,True,True,True,True,True,True
TV6,2025,True,True,True,True,True,True,True
TVA,2014,True,True,True,True,True,True,True
TVA,2015,True,True,True,True,True,True,True
TVA,2016,True,True,True,True,True,True,True
TVA,2017,True,True,True,True,True,True,True
TVA,2018,True,True,True,True,True,True,True
TVA,2019,True,True,True,True,True,True,True
TVA,2020,True,True,True,True,True,True,True
TVA,2021,True,True,True,True,True,True,True
TVA,2022,True,True,True,True,True,True,True
TVA,2023,True,True,True,True,True,True,True
TVA,2024,True,True,True,True,True,True,True
TVA,2025,True,True,True,True,True,True,True
TVD,2009,True,True,True,True,True,True,True
TVD,2010,True,True,True,True,True,True,True
TVD,2011,True,True,True,True,True,True,True
TVD,2012,True,True,True,True,True,True,True
TVD,2013,True,True,True,True,True,True,True
TVD,2014,True,True,True,True,True,True,True
TVD,2015,True,True,True,True,True,True,True
TVD,2016,True,True,True,True,True,True,True
TVD,2017,True,True,True,True,True,True,True
TVD,2018,True,True,True,True,True,True,True
TVD,2019,True,True,True,True,True,True,True
TVD,2020,True,True,True,True,True,True,True
TVD,2021,True,True,True,True,True,True,True
TVD,2022,True,True,True,True,True,True,True
TVD,2023,True,True,True,True,True,True,True
TVD,2024,True,True,True,True,True,True,True
TVD,2025,True,True,True,True,True,True,True
TVG,2010,True,True,True,True,True,True,True
TVG,2012,True,True,True,True,True,True,True
TVG,2013,True,True,True,True,True,True,True
TVG,2014,True,True,True,True,True,True,True
TVG,2015,True,True,True,True,True,True,True
TVG,2016,True,True,True,True,True,True,True
TVG,2017,True,True,True,True,True,True,True
TVG,2018,True,True,True,True,True,True,True
TVG,2019,True,True,True,True,True,True,True
TVG,2020,True,True,True,True,True,True,True
TVG,2021,True,True,True,True,True,True,True
TVG,2022,True,True,True,True,True,True,True
TVG,2023,True,True,True,True,True,True,True
TVG,2024,True,True,True,True,True,True,True
TVG,2025,True,True,True,True,True,True,True
TVH,2017,True,True,True,True,True,True,True
TVH,2018,True,True,True,True,True,True,True
TVH,2019,True,True,True,True,True,True,True
TVH,2020,True,True,True,True,True,True,True
TVH,2021,True,True,True,True,True,True,True
TVH,2022,True,True,True,True,True,True,True
TVH,2023,True,True,True,True,True,True,True
TVH,2024,True,True,True,True,True,True,True
TVH,2025,True,True,True,True,True,True,True
TVM,2009,True,True,True,True,True,True,True
TVM,2010,True,True,True,True,True,True,True
TVM,2012,True,True,True,True,True,True,True
TVM,2013,True,True,True,True,True,True,True
TVM,2014,True,True,True,True,True,True,True
TVM,2016,True,True,True,True,True,True,True
TVM,2017,True,True,True,True,True,True,True
TVM,2018,True,True,True,True,True,True,True
TVM,2019,True,True,True,True,True,True,True
TVM,2020,True,True,True,True,True,True,True
TVM,2021,True,True,True,True,True,True,True
TVM,2022,True,True,True,True,True,True,True
TVM,2023,True,True,True,True,True,True,True
TVM,2024,True,True,True,True,True,True,True
TVM,2025,True,True,True,True,True,True,True
TVN,2010,True,True,True,True,True,True,True
TVN,2011,True,True,True,True,True,True,True
TVN,2012,True,True,True,True,True,True,True
TVN,2013,True,True,True,True,True,True,True
TVN,2014,True,True,True,True,True,True,True
TVN,2015,True,True,True,True,True,True,True
TVN,2016,True,True,True,True,True,True,True
TVN,2017,True,True,True,True,True,True,True
TVN,2018,True,True,True,True,True,True,True
TVN,2019,True,True,True,True,True,True,True
TVN,2020,True,True,True,True,True,True,True
TVN,2021,True,True,True,True,True,True,True
TVN,2022,True,True,True,True,True,True,True
TVN,2023,True,True,True,True,True,True,True
TVN,2024,True,True,True,True,True,True,True
TVN,2025,True,True,True,True,True,True,True
TVP,2009,True,True,True,True,True,True,True
TVP,2010,True,True,True,True,True,True,True
TVP,2011,True,True,True,True,True,True,True
TVP,2012,True,True,True,True,True,True,True
TVP,2013,True,True,True,True,True,True,True
TVP,2014,True,True,True,True,True,True,True
TVP,2015,True,True,True,True,True,True,True
TVP,2016,True,True,True,True,True,True,True
TVP,2017,True,True,True,True,True,True,True
TVP,2018,True,True,True,True,True,True,True
TVP,2019,True,True,True,True,True,True,True
TVP,2020,True,True,True,True,True,True,True
TVP,2021,True,True,True,True,True,True,True
TVP,2022,True,True,True,True,True,True,True
TVT,2013,True,True,True,True,True,True,True
TVT,2014,True,True,True,True,True,True,True
TVT,2015,True,True,True,True,True,True,True
TVT,2016,True,True,True,True,True,True,True
TVT,2017,True,True,True,True,True,True,True
TVT,2018,True,True,True,True,True,True,True
TVT,2019,True,True,True,True,True,True,True
TVT,2020,True,True,True,True,True,True,True
TVT,2021,True,True,True,True,True,True,True
TVT,2022,True,True,True,True,True,True,True
TVT,2023,True,True,True,True,True,True,True
TVT,2024,True,True,True,True,True,True,True
TVT,2025,True,True,True,True,True,True,True
TVU,2017,True,True,True,True,True,True,True
TVU,2018,True,True,True,True,True,True,True
TVU,2019,True,True,True,True,True,True,True
TVU,2020,True,True,True,True,True,True,True
TVW,2013,True,True,True,True,True,True,True
TVW,2014,True,True,True,True,True,True,True
TVW,2015,True,True,True,True,True,True,True
TVW,2016,True,True,True,True,True,True,True
TVW,2017,True,True,True,True,True,True,True
TVW,2018,True,True,True,True,True,True,True
TVW,2019,True,True,True,True,True,True,True
TVW,2020,True,True,True,True,True,True,True
TVW,2021,True,True,True,True,True,True,True
TVW,2022,True,True,True,True,True,True,True
TW3,2014,True,True,True,True,True,True,True
TW3,2016,True,True,True,True,True,True,True
TW3,2017,True,True,True,True,True,True,True
TW3,2018,True,True,True,True,True,True,True
TW3,2019,True,True,True,True,True,True,True
TW3,2020,True,True,True,True,True,True,True
TW3,2021,True,True,True,True,True,True,True
TW3,2022,True,True,True,True,True,True,True
TW3,2023,True,True,True,True,True,True,True
TW3,2024,True,True,True,True,True,True,True
TW3,2025,True,True,True,True,True,True,True
TXM,2009,True,True,True,True,True,True,True
TXM,2010,True,True,True,True,True,True,True
TXM,2011,True,True,True,True,True,True,True
TXM,2012,True,True,True,True,True,True,True
TXM,2013,True,True,True,True,True,True,True
TXM,2014,True,True,True,True,True,True,True
TXM,2015,True,True,True,True,True,True,True
TXM,2016,True,True,True,True,True,True,True
TXM,2017,True,True,True,True,True,True,True
TXM,2018,True,True,True,True,True,True,True
TXM,2019,True,True,True,True,True,True,True
TXM,2020,True,True,True,True,True,True,True
TXM,2021,True,True,True,True,True,True,True
TXM,2022,True,True,True,True,True,True,True
TXM,2023,True,True,True,True,True,True,True
TXM,2024,True,True,True,True,True,True,True
TXM,2025,True,True,True,True,True,True,True
TYA,2009,True,True,True,True,True,True,True
TYA,2010,True,True,True,True,True,True,True
TYA,2011,True,True,True,True,True,True,True
TYA,2012,True,True,True,True,True,True,True
TYA,2013,True,True,True,True,True,True,True
TYA,2014,True,True,True,True,True,True,True
TYA,2015,True,True,True,True,True,True,True
TYA,2016,True,True,True,True,True,True,True
TYA,2017,True,True,True,True,True,True,True
TYA,2018,True,True,True,True,True,True,True
TYA,2019,True,True,True,True,True,True,True
TYA,2020,True,True,True,True,True,True,True
TYA,2021,True,True,True,True,True,True,True
TYA,2022,True,True,True,True,True,True,True
TYA,2023,True,True,True,True,True,True,True
TYA,2024,True,True,True,True,True,True,True
TYA,2025,True,True,True,True,True,True,True
UCT,2016,True,True,True,True,True,True,True
UCT,2017,True,True,True,True,True,True,True
UCT,2018,True,True,True,True,True,True,True
UCT,2023,True,True,True,True,True,True,True
UCT,2024,True,True,True,True,True,True,True
UDC,2009,True,True,True,True,True,True,True
UDC,2010,True,True,True,True,True,True,True
UDC,2011,True,True,True,True,True,True,True
UDC,2012,True,True,True,True,True,True,True
UDC,2013,True,True,True,True,True,True,True
UDC,2014,True,True,True,True,True,True,True
UDC,2015,True,True,True,True,True,True,True
UDC,2016,True,True,True,True,True,True,True
UDC,2017,True,True,True,True,True,True,True
UDC,2018,True,True,True,True,True,True,True
UDC,2019,True,True,True,True,True,True,True
UDC,2020,True,True,True,True,True,True,True
UDC,2021,True,True,True,True,True,True,True
UDC,2022,True,True,True,True,True,True,True
UDC,2023,True,True,True,True,True,True,True
UDC,2024,True,True,True,True,True,True,True
UDC,2025,True,True,True,True,True,True,True
UDJ,2009,True,True,True,True,True,True,True
UDJ,2010,True,True,True,True,True,True,True
UDJ,2011,True,True,True,True,True,True,True
UDJ,2012,True,True,True,True,True,True,True
UDJ,2013,True,True,True,True,True,True,True
UDJ,2014,True,True,True,True,True,True,True
UDJ,2015,True,True,True,True,True,True,True
UDJ,2016,True,True,True,True,True,True,True
UDJ,2017,True,True,True,True,True,True,True
UDJ,2018,True,True,True,True,True,True,True
UDJ,2019,True,True,True,True,True,True,True
UDJ,2020,True,True,True,True,True,True,True
UDJ,2021,True,True,True,True,True,True,True
UDJ,2022,True,True,True,True,True,True,True
UDJ,2023,True,True,True,True,True,True,True
UDJ,2024,True,True,True,True,True,True,True
UDJ,2025,True,True,True,True,True,True,True
UDL,2022,True,True,True,True,True,True,True
UDL,2023,True,True,True,True,True,True,True
UDL,2024,True,True,True,True,True,True,True
UDL,2025,True,True,True,True,True,True,True
UEM,2009,True,True,True,True,True,True,True
UEM,2010,True,True,True,True,True,True,True
UEM,2011,True,True,True,True,True,True,True
UEM,2012,True,True,True,True,True,True,True
UEM,2013,True,True,True,True,True,True,True
UEM,2014,True,True,True,True,True,True,True
UEM,2015,True,True,True,True,True,True,True
UEM,2016,True,True,True,True,True,True,True
UEM,2017,True,True,True,True,True,True,True
UEM,2018,True,True,True,True,True,True,True
UEM,2019,True,True,True,True,True,True,True
UEM,2020,True,True,True,True,True,True,True
UEM,2021,True,True,True,True,True,True,True
UEM,2022,True,True,True,True,True,True,True
UEM,2023,True,True,True,True,True,True,True
UEM,2024,True,True,True,True,True,True,True
UEM,2025,True,True,True,True,True,True,True
UIC,2010,True,True,True,True,True,True,True
UIC,2011,True,True,True,True,True,True,True
UIC,2012,True,True,True,True,True,True,True
UIC,2013,True,True,True,True,True,True,True
UIC,2014,True,True,True,True,True,True,True
UIC,2015,True,True,True,True,True,True,True
UIC,2016,True,True,True,True,True,True,True
UIC,2017,True,True,True,True,True,True,True
UIC,2018,True,True,True,True,True,True,True
UIC,2019,True,True,True,True,True,True,True
UIC,2020,True,True,True,True,True,True,True
UIC,2021,True,True,True,True,True,True,True
UIC,2022,True,True,True,True,True,True,True
UIC,2023,True,True,True,True,True,True,True
UIC,2024,True,True,True,True,True,True,True
UIC,2025,True,True,True,True,True,True,True
UMC,2017,True,True,True,True,True,True,True
UMC,2018,True,True,True,True,True,True,True
UMC,2019,True,True,True,True,True,True,True
UMC,2020,True,True,True,True,True,True,True
UMC,2021,True,True,True,True,True,True,True
UMC,2022,True,True,True,True,True,True,True
UMC,2023,True,True,True,True,True,True,True
UMC,2024,True,True,True,True,True,True,True
UMC,2025,True,True,True,True,True,True,True
UNI,2009,True,True,True,True,True,True,True
UNI,2010,True,True,True,True,True,True,True
UNI,2011,True,True,True,True,True,True,True
UNI,2012,True,True,True,True,True,True,True
UNI,2013,True,True,True,True,True,True,True
UNI,2014,True,True,True,True,True,True,True
UNI,2015,True,True,True,True,True,True,True
UNI,2016,True,True,True,True,True,True,True
UNI,2017,True,True,True,True,True,True,True
UNI,2018,True,True,True,True,True,True,True
UNI,2019,True,True,True,True,True,True,True
UNI,2020,True,True,True,True,True,True,True
UNI,2021,True,True,True,True,True,True,True
UNI,2022,True,True,True,True,True,True,True
UNI,2023,True,True,True,True,True,True,True
UNI,2024,True,True,True,True,True,True,True
UNI,2025,True,True,True,True,True,True,True
UPC,2010,True,True,True,True,True,True,True
UPC,2011,True,True,True,True,True,True,True
UPC,2012,True,True,True,True,True,True,True
UPC,2013,True,True,True,True,True,True,True
UPC,2014,True,True,True,True,True,True,True
UPC,2015,True,True,True,True,True,True,True
UPC,2016,True,True,True,True,True,True,True
UPC,2017,True,True,True,True,True,True,True
UPC,2018,True,True,True,True,True,True,True
UPC,2019,True,True,True,True,True,True,True
UPC,2020,True,True,True,True,True,True,True
UPC,2021,True,True,True,True,True,True,True
UPC,2022,True,True,True,True,True,True,True
UPC,2023,True,True,True,True,True,True,True
UPC,2024,True,True,True,True,True,True,True
UPC,2025,True,True,True,True,True,True,True
UPH,2011,True,True,True,True,True,True,True
UPH,2013,True,True,True,True,True,True,True
UPH,2014,True,True,True,True,True,True,True
UPH,2016,True,True,True,True,True,True,True
UPH,2017,True,True,True,True,True,True,True
UPH,2018,True,True,True,True,True,True,True
UPH,2019,True,True,True,True,True,True,True
UPH,2020,True,True,True,True,True,True,True
UPH,2021,True,True,True,True,True,True,True
UPH,2022,True,True,True,True,True,True,True
UPH,2023,True,True,True,True,True,True,True
UPH,2024,True,True,True,True,True,True,True
UPH,2025,True,True,True,True,True,True,True
USC,2011,True,True,True,True,True,True,True
USC,2012,True,True,True,True,True,True,True
USC,2013,True,True,True,True,True,True,True
USC,2015,True,True,True,True,True,True,True
USC,2016,True,True,True,True,True,True,True
USC,2017,True,True,True,True,True,True,True
USC,2018,True,True,True,True,True,True,True
USC,2019,True,True,True,True,True,True,True
USC,2020,True,True,True,True,True,True,True
USC,2021,True,True,True,True,True,True,True
USC,2022,True,True,True,True,True,True,True
USC,2023,True,True,True,True,True,True,True
USC,2024,True,True,True,True,True,True,True
USC,2025,True,True,True,True,True,True,True
USD,2017,True,True,True,True,True,True,True
USD,2019,True,True,True,True,True,True,True
USD,2020,True,True,True,True,True,True,True
USD,2021,True,True,True,True,True,True,True
USD,2022,True,True,True,True,True,True,True
USD,2023,True,True,True,True,True,True,True
USD,2024,True,True,True,True,True,True,True
USD,2025,True,True,True,True,True,True,True
UTT,2025,True,True,True,True,True,True,True
UXC,2016,True,True,True,True,True,True,True
UXC,2017,True,True,True,True,True,True,True
UXC,2018,True,True,True,True,True,True,True
UXC,2019,True,True,True,True,True,True,True
UXC,2020,True,True,True,True,True,True,True
UXC,2021,True,True,True,True,True,True,True
UXC,2022,True,True,True,True,True,True,True
UXC,2023,True,True,True,True,True,True,True
UXC,2024,True,True,True,True,True,True,True
UXC,2025,True,True,True,True,True,True,True
V11,2009,True,True,True,True,True,True,True
V11,2010,True,True,True,True,True,True,True
V11,2011,True,True,True,True,True,True,True
V11,2012,True,True,True,True,True,True,True
V11,2013,True,True,True,True,True,True,True
V11,2014,True,True,True,True,True,True,True
V11,2015,True,True,True,True,True,True,True
V11,2016,True,True,True,True,True,True,True
V11,2017,True,True,True,True,True,True,True
V11,2018,True,True,True,True,True,True,True
V11,2019,True,True,True,True,True,True,True
V11,2020,True,True,True,True,True,True,True
V11,2021,True,True,True,True,True,True,True
V11,2022,True,True,True,True,True,True,True
V11,2023,True,True,True,True,True,True,True
V11,2024,True,True,True,True,True,True,True
V12,2009,True,True,True,True,True,True,True
V12,2010,True,True,True,True,True,True,True
V12,2011,True,True,True,True,True,True,True
V12,2012,True,True,True,True,True,True,True
V12,2013,True,True,True,True,True,True,True
V12,2014,True,True,True,True,True,True,True
V12,2015,True,True,True,True,True,True,True
V12,2016,True,True,True,True,True,True,True
V12,2017,True,True,True,True,True,True,True
V12,2018,True,True,True,True,True,True,True
V12,2019,True,True,True,True,True,True,True
V12,2020,True,True,True,True,True,True,True
V12,2021,True,True,True,True,True,True,True
V12,2022,True,True,True,True,True,True,True
V12,2023,True,True,True,True,True,True,True
V12,2024,True,True,True,True,True,True,True
V12,2025,True,True,True,True,True,True,True
V15,2009,True,True,True,True,True,True,True
V15,2010,True,True,True,True,True,True,True
V15,2011,True,True,True,True,True,True,True
V15,2012,True,True,True,True,True,True,True
V15,2013,True,True,True,True,True,True,True
V15,2014,True,True,True,True,True,True,True
V21,2009,True,True,True,True,True,True,True
V21,2010,True,True,True,True,True,True,True
V21,2011,True,True,True,True,True,True,True
V21,2012,True,True,True,True,True,True,True
V21,2013,True,True,True,True,True,True,True
V21,2014,True,True,True,True,True,True,True
V21,2015,True,True,True,True,True,True,True
V21,2016,True,True,True,True,True,True,True
V21,2017,True,True,True,True,True,True,True
V21,2018,True,True,True,True,True,True,True
V21,2019,True,True,True,True,True,True,True
V21,2020,True,True,True,True,True,True,True
V21,2021,True,True,True,True,True,True,True
V21,2022,True,True,True,True,True,True,True
V21,2023,True,True,True,True,True,True,True
V21,2024,True,True,True,True,True,True,True
V21,2025,True,True,True,True,True,True,True
VAF,2010,True,True,True,True,True,True,True
VAF,2011,True,True,True,True,True,True,True
VAF,2012,True,True,True,True,True,True,True
VAF,2013,True,True,True,True,True,True,True
VAF,2014,True,True,True,True,True,True,True
VAF,2015,True,True,True,True,True,True,True
VAF,2016,True,True,True,True,True,True,True
VAF,2017,True,True,True,True,True,True,True
VAF,2018,True,True,True,True,True,True,True
VAF,2019,True,True,True,True,True,True,True
VAF,2020,True,True,True,True,True,True,True
VAF,2021,True,True,True,True,True,True,True
VAF,2022,True,True,True,True,True,True,True
VAF,2023,True,True,True,True,True,True,True
VAF,2024,True,True,True,True,True,True,True
VAF,2025,True,True,True,True,True,True,True
VAT,2011,True,True,True,True,True,True,True
VAT,2012,True,True,True,True,True,True,True
VAT,2013,True,True,True,True,True,True,True
VAT,2014,True,True,True,True,True,True,True
VAT,2016,True,True,True,True,True,True,True
VAT,2018,True,True,True,True,True,True,True
VAV,2015,True,True,True,True,True,True,True
VAV,2016,True,True,True,True,True,True,True
VAV,2017,True,True,True,True,True,True,True
VAV,2018,True,True,True,True,True,True,True
VAV,2019,True,True,True,True,True,True,True
VAV,2020,True,True,True,True,True,True,True
VAV,2021,True,True,True,True,True,True,True
VAV,2022,True,True,True,True,True,True,True
VAV,2023,True,True,True,True,True,True,True
VAV,2024,True,True,True,True,True,True,True
VAV,2025,True,True,True,True,True,True,True
VBC,2009,True,True,True,True,True,True,True
VBC,2011,True,True,True,True,True,True,True
VBC,2012,True,True,True,True,True,True,True
VBC,2013,True,True,True,True,True,True,True
VBC,2014,True,True,True,True,True,True,True
VBC,2015,True,True,True,True,True,True,True
VBC,2016,True,True,True,True,True,True,True
VBC,2018,True,True,True,True,True,True,True
VBC,2019,True,True,True,True,True,True,True
VBC,2020,True,True,True,True,True,True,True
VBC,2021,True,True,True,True,True,True,True
VBC,2022,True,True,True,True,True,True,True
VBC,2023,True,True,True,True,True,True,True
VBC,2024,True,True,True,True,True,True,True
VBC,2025,True,True,True,True,True,True,True
VBG,2016,True,True,True,True,True,True,True
VBG,2017,True,True,True,True,True,True,True
VBG,2018,True,True,True,True,True,True,True
VBG,2019,True,True,True,True,True,True,True
VBG,2020,True,True,True,True,True,True,True
VBG,2021,True,True,True,True,True,True,True
VBG,2022,True,True,True,True,True,True,True
VBG,2023,True,True,True,True,True,True,True
VBG,2024,True,True,True,True,True,True,True
VBG,2025,True,True,True,True,True,True,True
VBH,2009,True,True,True,True,True,True,True
VBH,2010,True,True,True,True,True,True,True
VBH,2011,True,True,True,True,True,True,True
VBH,2012,True,True,True,True,True,True,True
VBH,2013,True,True,True,True,True,True,True
VBH,2014,True,True,True,True,True,True,True
VBH,2015,True,True,True,True,True,True,True
VBH,2016,True,True,True,True,True,True,True
VBH,2017,True,True,True,True,True,True,True
VBH,2018,True,True,True,True,True,True,True
VBH,2019,True,True,True,True,True,True,True
VBH,2025,True,True,True,True,True,True,True
VC1,2009,True,True,True,True,True,True,True
VC1,2010,True,True,True,True,True,True,True
VC1,2011,True,True,True,True,True,True,True
VC1,2012,True,True,True,True,True,True,True
VC1,2013,True,True,True,True,True,True,True
VC1,2014,True,True,True,True,True,True,True
VC1,2015,True,True,True,True,True,True,True
VC1,2016,True,True,True,True,True,True,True
VC1,2017,True,True,True,True,True,True,True
VC1,2018,True,True,True,True,True,True,True
VC1,2019,True,True,True,True,True,True,True
VC1,2020,True,True,True,True,True,True,True
VC1,2021,True,True,True,True,True,True,True
VC1,2022,True,True,True,True,True,True,True
VC1,2023,True,True,True,True,True,True,True
VC1,2024,True,True,True,True,True,True,True
VC1,2025,True,True,True,True,True,True,True
VC2,2009,True,True,True,True,True,True,True
VC2,2010,True,True,True,True,True,True,True
VC2,2011,True,True,True,True,True,True,True
VC2,2012,True,True,True,True,True,True,True
VC2,2013,True,True,True,True,True,True,True
VC2,2014,True,True,True,True,True,True,True
VC2,2015,True,True,True,True,True,True,True
VC2,2016,True,True,True,True,True,True,True
VC2,2017,True,True,True,True,True,True,True
VC2,2018,True,True,True,True,True,True,True
VC2,2019,True,True,True,True,True,True,True
VC2,2020,True,True,True,True,True,True,True
VC2,2021,True,True,True,True,True,True,True
VC2,2022,True,True,True,True,True,True,True
VC2,2023,True,True,True,True,True,True,True
VC2,2024,True,True,True,True,True,True,True
VC2,2025,True,True,True,True,True,True,True
VC3,2009,True,True,True,True,True,True,True
VC3,2010,True,True,True,True,True,True,True
VC3,2011,True,True,True,True,True,True,True
VC3,2012,True,True,True,True,True,True,True
VC3,2013,True,True,True,True,True,True,True
VC3,2014,True,True,True,True,True,True,True
VC3,2015,True,True,True,True,True,True,True
VC3,2016,True,True,True,True,True,True,True
VC3,2017,True,True,True,True,True,True,True
VC3,2018,True,True,True,True,True,True,True
VC3,2019,True,True,True,True,True,True,True
VC3,2020,True,True,True,True,True,True,True
VC3,2021,True,True,True,True,True,True,True
VC3,2022,True,True,True,True,True,True,True
VC3,2023,True,True,True,True,True,True,True
VC3,2024,True,True,True,True,True,True,True
VC3,2025,True,True,True,True,True,True,True
VC5,2009,True,True,True,True,True,True,True
VC5,2010,True,True,True,True,True,True,True
VC5,2011,True,True,True,True,True,True,True
VC5,2012,True,True,True,True,True,True,True
VC5,2013,True,True,True,True,True,True,True
VC5,2014,True,True,True,True,True,True,True
VC5,2015,True,True,True,True,True,True,True
VC5,2016,True,True,True,True,True,True,True
VC5,2017,True,True,True,True,True,True,True
VC5,2018,True,True,True,True,True,True,True
VC5,2019,True,True,True,True,True,True,True
VC5,2020,True,True,True,True,True,True,True
VC5,2021,True,True,True,True,True,True,True
VC6,2009,True,True,True,True,True,True,True
VC6,2010,True,True,True,True,True,True,True
VC6,2011,True,True,True,True,True,True,True
VC6,2012,True,True,True,True,True,True,True
VC6,2013,True,True,True,True,True,True,True
VC6,2014,True,True,True,True,True,True,True
VC6,2015,True,True,True,True,True,True,True
VC6,2016,True,True,True,True,True,True,True
VC6,2017,True,True,True,True,True,True,True
VC6,2018,True,True,True,True,True,True,True
VC6,2019,True,True,True,True,True,True,True
VC6,2020,True,True,True,True,True,True,True
VC6,2021,True,True,True,True,True,True,True
VC6,2022,True,True,True,True,True,True,True
VC6,2023,True,True,True,True,True,True,True
VC6,2024,True,True,True,True,True,True,True
VC6,2025,True,True,True,True,True,True,True
VC7,2009,True,True,True,True,True,True,True
VC7,2010,True,True,True,True,True,True,True
VC7,2011,True,True,True,True,True,True,True
VC7,2012,True,True,True,True,True,True,True
VC7,2013,True,True,True,True,True,True,True
VC7,2014,True,True,True,True,True,True,True
VC7,2015,True,True,True,True,True,True,True
VC7,2016,True,True,True,True,True,True,True
VC7,2017,True,True,True,True,True,True,True
VC7,2018,True,True,True,True,True,True,True
VC7,2019,True,True,True,True,True,True,True
VC7,2020,True,True,True,True,True,True,True
VC7,2021,True,True,True,True,True,True,True
VC7,2022,True,True,True,True,True,True,True
VC7,2023,True,True,True,True,True,True,True
VC7,2024,True,True,True,True,True,True,True
VC7,2025,True,True,True,True,True,True,True
VC9,2009,True,True,True,True,True,True,True
VC9,2010,True,True,True,True,True,True,True
VC9,2011,True,True,True,True,True,True,True
VC9,2012,True,True,True,True,True,True,True
VC9,2013,True,True,True,True,True,True,True
VC9,2014,True,True,True,True,True,True,True
VC9,2015,True,True,True,True,True,True,True
VC9,2016,True,True,True,True,True,True,True
VC9,2017,True,True,True,True,True,True,True
VC9,2018,True,True,True,True,True,True,True
VC9,2019,True,True,True,True,True,True,True
VC9,2020,True,True,True,True,True,True,True
VC9,2021,True,True,True,True,True,True,True
VC9,2022,True,True,True,True,True,True,True
VC9,2023,True,True,True,True,True,True,True
VC9,2024,True,True,True,True,True,True,True
VC9,2025,True,True,True,True,True,True,True
VCA,2009,True,True,True,True,True,True,True
VCA,2010,True,True,True,True,True,True,True
VCA,2011,True,True,True,True,True,True,True
VCA,2012,True,True,True,True,True,True,True
VCA,2013,True,True,True,True,True,True,True
VCA,2014,True,True,True,True,True,True,True
VCA,2015,True,True,True,True,True,True,True
VCA,2016,True,True,True,True,True,True,True
VCA,2017,True,True,True,True,True,True,True
VCA,2018,True,True,True,True,True,True,True
VCA,2019,True,True,True,True,True,True,True
VCA,2020,True,True,True,True,True,True,True
VCA,2021,True,True,True,True,True,True,True
VCA,2022,True,True,True,True,True,True,True
VCA,2023,True,True,True,True,True,True,True
VCA,2024,True,True,True,True,True,True,True
VCA,2025,True,True,True,True,True,True,True
VCC,2011,True,True,True,True,True,True,True
VCC,2012,True,True,True,True,True,True,True
VCC,2013,True,True,True,True,True,True,True
VCC,2014,True,True,True,True,True,True,True
VCC,2015,True,True,True,True,True,True,True
VCC,2016,True,True,True,True,True,True,True
VCC,2017,True,True,True,True,True,True,True
VCC,2018,True,True,True,True,True,True,True
VCC,2019,True,True,True,True,True,True,True
VCC,2020,True,True,True,True,True,True,True
VCC,2021,True,True,True,True,True,True,True
VCC,2022,True,True,True,True,True,True,True
VCC,2023,True,True,True,True,True,True,True
VCC,2024,True,True,True,True,True,True,True
VCC,2025,True,True,True,True,True,True,True
VCE,2013,True,True,True,True,True,True,True
VCE,2014,True,True,True,True,True,True,True
VCE,2015,True,True,True,True,True,True,True
VCE,2016,True,True,True,True,True,True,True
VCE,2017,True,True,True,True,True,True,True
VCE,2018,True,True,True,True,True,True,True
VCE,2019,True,True,True,True,True,True,True
VCE,2020,True,True,True,True,True,True,True
VCE,2021,True,True,True,True,True,True,True
VCE,2022,True,True,True,True,True,True,True
VCE,2023,True,True,True,True,True,True,True
VCE,2024,True,True,True,True,True,True,True
VCE,2025,True,True,True,True,True,True,True
VCF,2009,True,True,True,True,True,True,True
VCF,2010,True,True,True,True,True,True,True
VCF,2011,True,True,True,True,True,True,True
VCF,2012,True,True,True,True,True,True,True
VCF,2013,True,True,True,True,True,True,True
VCF,2014,True,True,True,True,True,True,True
VCF,2015,True,True,True,True,True,True,True
VCF,2016,True,True,True,True,True,True,True
VCF,2017,True,True,True,True,True,True,True
VCF,2018,True,True,True,True,True,True,True
VCF,2019,True,True,True,True,True,True,True
VCF,2020,True,True,True,True,True,True,True
VCF,2021,True,True,True,True,True,True,True
VCF,2022,True,True,True,True,True,True,True
VCF,2023,True,True,True,True,True,True,True
VCF,2024,True,True,True,True,True,True,True
VCF,2025,True,True,True,True,True,True,True
VCG,2009,True,True,True,True,True,True,True
VCG,2010,True,True,True,True,True,True,True
VCG,2011,True,True,True,True,True,True,True
VCG,2012,True,True,True,True,True,True,True
VCG,2013,True,True,True,True,True,True,True
VCG,2014,True,True,True,True,True,True,True
VCG,2015,True,True,True,True,True,True,True
VCG,2016,True,True,True,True,True,True,True
VCG,2017,True,True,True,True,True,True,True
VCG,2018,True,True,True,True,True,True,True
VCG,2019,True,True,True,True,True,True,True
VCG,2020,True,True,True,True,True,True,True
VCG,2021,True,True,True,True,True,True,True
VCG,2022,True,True,True,True,True,True,True
VCG,2023,True,True,True,True,True,True,True
VCG,2024,True,True,True,True,True,True,True
VCG,2025,True,True,True,True,True,True,True
VCH,2009,True,True,True,True,True,True,True
VCH,2010,True,True,True,True,True,True,True
VCH,2011,True,True,True,True,True,True,True
VCH,2012,True,True,True,True,True,True,True
VCM,2009,True,True,True,True,True,True,True
VCM,2010,True,True,True,True,True,True,True
VCM,2011,True,True,True,True,True,True,True
VCM,2012,True,True,True,True,True,True,True
VCM,2013,True,True,True,True,True,True,True
VCM,2014,True,True,True,True,True,True,True
VCM,2015,True,True,True,True,True,True,True
VCM,2016,True,True,True,True,True,True,True
VCM,2017,True,True,True,True,True,True,True
VCM,2018,True,True,True,True,True,True,True
VCM,2019,True,True,True,True,True,True,True
VCM,2020,True,True,True,True,True,True,True
VCM,2021,True,True,True,True,True,True,True
VCM,2022,True,True,True,True,True,True,True
VCM,2023,True,True,True,True,True,True,True
VCM,2024,True,True,True,True,True,True,True
VCM,2025,True,True,True,True,True,True,True
VCP,2009,True,True,True,True,True,True,True
VCP,2010,True,True,True,True,True,True,True
VCP,2011,True,True,True,True,True,True,True
VCP,2012,True,True,True,True,True,True,True
VCP,2013,True,True,True,True,True,True,True
VCP,2014,True,True,True,True,True,True,True
VCP,2015,True,True,True,True,True,True,True
VCP,2016,True,True,True,True,True,True,True
VCP,2017,True,True,True,True,True,True,True
VCP,2018,True,True,True,True,True,True,True
VCP,2019,True,True,True,True,True,True,True
VCP,2020,True,True,True,True,True,True,True
VCP,2021,True,True,True,True,True,True,True
VCP,2022,True,True,True,True,True,True,True
VCP,2023,True,True,True,True,True,True,True
VCP,2024,True,True,True,True,True,True,True
VCP,2025,True,True,True,True,True,True,True
VCR,2009,True,True,True,True,True,True,True
VCR,2010,True,True,True,True,True,True,True
VCR,2011,True,True,True,True,True,True,True
VCR,2012,True,True,True,True,True,True,True
VCR,2013,True,True,True,True,True,True,True
VCR,2014,True,True,True,True,True,True,True
VCR,2015,True,True,True,True,True,True,True
VCR,2016,True,True,True,True,True,True,True
VCR,2017,True,True,True,True,True,True,True
VCR,2018,True,True,True,True,True,True,True
VCR,2019,True,True,True,True,True,True,True
VCR,2020,True,True,True,True,True,True,True
VCR,2021,True,True,True,True,True,True,True
VCR,2022,True,True,True,True,True,True,True
VCR,2023,True,True,True,True,True,True,True
VCR,2024,True,True,True,True,True,True,True
VCR,2025,True,True,True,True,True,True,True
VCS,2009,True,True,True,True,True,True,True
VCS,2010,True,True,True,True,True,True,True
VCS,2011,True,True,True,True,True,True,True
VCS,2012,True,True,True,True,True,True,True
VCS,2013,True,True,True,True,True,True,True
VCS,2015,True,True,True,True,True,True,True
VCS,2016,True,True,True,True,True,True,True
VCS,2017,True,True,True,True,True,True,True
VCS,2018,True,True,True,True,True,True,True
VCS,2019,True,True,True,True,True,True,True
VCS,2020,True,True,True,True,True,True,True
VCS,2021,True,True,True,True,True,True,True
VCS,2022,True,True,True,True,True,True,True
VCS,2023,True,True,True,True,True,True,True
VCS,2024,True,True,True,True,True,True,True
VCS,2025,True,True,True,True,True,True,True
VCT,2009,True,True,True,True,True,True,True
VCT,2010,True,True,True,True,True,True,True
VCT,2011,True,True,True,True,True,True,True
VCT,2012,True,True,True,True,True,True,True
VCT,2013,True,True,True,True,True,True,True
VCT,2014,True,True,True,True,True,True,True
VCT,2015,True,True,True,True,True,True,True
VCT,2016,True,True,True,True,True,True,True
VCT,2017,True,True,True,True,True,True,True
VCT,2018,True,True,True,True,True,True,True
VCT,2019,True,True,True,True,True,True,True
VCT,2020,True,True,True,True,True,True,True
VCT,2021,True,True,True,True,True,True,True
VCT,2022,True,True,True,True,True,True,True
VCT,2023,True,True,True,True,True,True,True
VCT,2024,True,True,True,True,True,True,True
VCT,2025,True,True,True,True,True,True,True
VCV,2009,True,True,True,True,True,True,True
VCV,2010,True,True,True,True,True,True,True
VCV,2011,True,True,True,True,True,True,True
VCV,2012,True,True,True,True,True,True,True
VCV,2013,True,True,True,True,True,True,True
VCW,2009,True,True,True,True,True,True,True
VCW,2010,True,True,True,True,True,True,True
VCW,2011,True,True,True,True,True,True,True
VCW,2012,True,True,True,True,True,True,True
VCW,2013,True,True,True,True,True,True,True
VCW,2014,True,True,True,True,True,True,True
VCW,2015,True,True,True,True,True,True,True
VCW,2016,True,True,True,True,True,True,True
VCW,2017,True,True,True,True,True,True,True
VCW,2018,True,True,True,True,True,True,True
VCW,2019,True,True,True,True,True,True,True
VCW,2020,True,True,True,True,True,True,True
VCW,2021,True,True,True,True,True,True,True
VCW,2022,True,True,True,True,True,True,True
VCW,2023,True,True,True,True,True,True,True
VCW,2024,True,True,True,True,True,True,True
VCX,2010,True,True,True,True,True,True,True
VCX,2011,True,True,True,True,True,True,True
VCX,2012,True,True,True,True,True,True,True
VCX,2013,True,True,True,True,True,True,True
VCX,2014,True,True,True,True,True,True,True
VCX,2015,True,True,True,True,True,True,True
VCX,2016,True,True,True,True,True,True,True
VCX,2017,True,True,True,True,True,True,True
VCX,2018,True,True,True,True,True,True,True
VCX,2019,True,True,True,True,True,True,True
VCX,2020,True,True,True,True,True,True,True
VCX,2021,True,True,True,True,True,True,True
VCX,2022,True,True,True,True,True,True,True
VCX,2023,True,True,True,True,True,True,True
VCX,2024,True,True,True,True,True,True,True
VCX,2025,True,True,True,True,True,True,True
VDB,2015,True,True,True,True,True,True,True
VDB,2016,True,True,True,True,True,True,True
VDB,2018,True,True,True,True,True,True,True
VDB,2019,True,True,True,True,True,True,True
VDB,2020,True,True,True,True,True,True,True
VDB,2021,True,True,True,True,True,True,True
VDB,2022,True,True,True,True,True,True,True
VDB,2023,True,True,True,True,True,True,True
VDB,2024,True,True,True,True,True,True,True
VDB,2025,True,True,True,True,True,True,True
VDG,2021,True,True,True,True,True,True,True
VDG,2022,True,True,True,True,True,True,True
VDG,2023,True,True,True,True,True,True,True
VDG,2024,True,True,True,True,True,True,True
VDG,2025,True,True,True,True,True,True,True
VDL,2010,True,True,True,True,True,True,True
VDL,2012,True,True,True,True,True,True,True
VDL,2015,True,True,True,True,True,True,True
VDL,2016,True,True,True,True,True,True,True
VDL,2017,True,True,True,True,True,True,True
VDL,2025,True,True,True,True,True,True,True
VDM,2019,True,True,True,True,True,True,True
VDM,2021,True,True,True,True,True,True,True
VDN,2010,True,True,True,True,True,True,True
VDN,2011,True,True,True,True,True,True,True
VDN,2012,True,True,True,True,True,True,True
VDN,2013,True,True,True,True,True,True,True
VDN,2014,True,True,True,True,True,True,True
VDN,2015,True,True,True,True,True,True,True
VDN,2016,True,True,True,True,True,True,True
VDN,2017,True,True,True,True,True,True,True
VDN,2018,True,True,True,True,True,True,True
VDN,2019,True,True,True,True,True,True,True
VDN,2020,True,True,True,True,True,True,True
VDN,2021,True,True,True,True,True,True,True
VDN,2022,True,True,True,True,True,True,True
VDN,2023,True,True,True,True,True,True,True
VDN,2024,True,True,True,True,True,True,True
VDN,2025,True,True,True,True,True,True,True
VDP,2009,True,True,True,True,True,True,True
VDP,2010,True,True,True,True,True,True,True
VDP,2011,True,True,True,True,True,True,True
VDP,2012,True,True,True,True,True,True,True
VDP,2013,True,True,True,True,True,True,True
VDP,2014,True,True,True,True,True,True,True
VDP,2015,True,True,True,True,True,True,True
VDP,2016,True,True,True,True,True,True,True
VDP,2017,True,True,True,True,True,True,True
VDP,2018,True,True,True,True,True,True,True
VDP,2019,True,True,True,True,True,True,True
VDP,2020,True,True,True,True,True,True,True
VDP,2021,True,True,True,True,True,True,True
VDP,2022,True,True,True,True,True,True,True
VDP,2023,True,True,True,True,True,True,True
VDP,2024,True,True,True,True,True,True,True
VDP,2025,True,True,True,True,True,True,True
VDT,2009,True,True,True,True,True,True,True
VDT,2010,True,True,True,True,True,True,True
VDT,2011,True,True,True,True,True,True,True
VDT,2012,True,True,True,True,True,True,True
VDT,2013,True,True,True,True,True,True,True
VDT,2014,True,True,True,True,True,True,True
VDT,2015,True,True,True,True,True,True,True
VDT,2016,True,True,True,True,True,True,True
VDT,2017,True,True,True,True,True,True,True
VDT,2018,True,True,True,True,True,True,True
VDT,2019,True,True,True,True,True,True,True
VDT,2020,True,True,True,True,True,True,True
VDT,2021,True,True,True,True,True,True,True
VDT,2022,True,True,True,True,True,True,True
VDT,2023,True,True,True,True,True,True,True
VDT,2024,True,True,True,True,True,True,True
VDT,2025,True,True,True,True,True,True,True
VE1,2011,True,True,True,True,True,True,True
VE1,2012,True,True,True,True,True,True,True
VE1,2013,True,True,True,True,True,True,True
VE1,2014,True,True,True,True,True,True,True
VE1,2015,True,True,True,True,True,True,True
VE1,2016,True,True,True,True,True,True,True
VE1,2018,True,True,True,True,True,True,True
VE1,2019,True,True,True,True,True,True,True
VE2,2010,True,True,True,True,True,True,True
VE2,2012,True,True,True,True,True,True,True
VE2,2013,True,True,True,True,True,True,True
VE2,2014,True,True,True,True,True,True,True
VE2,2015,True,True,True,True,True,True,True
VE2,2016,True,True,True,True,True,True,True
VE2,2017,True,True,True,True,True,True,True
VE2,2018,True,True,True,True,True,True,True
VE2,2019,True,True,True,True,True,True,True
VE2,2020,True,True,True,True,True,True,True
VE2,2021,True,True,True,True,True,True,True
VE2,2022,True,True,True,True,True,True,True
VE2,2023,True,True,True,True,True,True,True
VE2,2025,True,True,True,True,True,True,True
VE3,2010,True,True,True,True,True,True,True
VE3,2011,True,True,True,True,True,True,True
VE3,2012,True,True,True,True,True,True,True
VE3,2013,True,True,True,True,True,True,True
VE3,2014,True,True,True,True,True,True,True
VE3,2015,True,True,True,True,True,True,True
VE3,2016,True,True,True,True,True,True,True
VE3,2017,True,True,True,True,True,True,True
VE3,2018,True,True,True,True,True,True,True
VE3,2019,True,True,True,True,True,True,True
VE3,2020,True,True,True,True,True,True,True
VE3,2021,True,True,True,True,True,True,True
VE3,2022,True,True,True,True,True,True,True
VE3,2023,True,True,True,True,True,True,True
VE3,2024,True,True,True,True,True,True,True
VE3,2025,True,True,True,True,True,True,True
VE4,2012,True,True,True,True,True,True,True
VE4,2013,True,True,True,True,True,True,True
VE4,2014,True,True,True,True,True,True,True
VE4,2015,True,True,True,True,True,True,True
VE4,2016,True,True,True,True,True,True,True
VE4,2017,True,True,True,True,True,True,True
VE4,2018,True,True,True,True,True,True,True
VE4,2019,True,True,True,True,True,True,True
VE4,2020,True,True,True,True,True,True,True
VE4,2021,True,True,True,True,True,True,True
VE4,2022,True,True,True,True,True,True,True
VE4,2023,True,True,True,True,True,True,True
VE4,2024,True,True,True,True,True,True,True
VE4,2025,True,True,True,True,True,True,True
VE8,2012,True,True,True,True,True,True,True
VE8,2013,True,True,True,True,True,True,True
VE8,2014,True,True,True,True,True,True,True
VE8,2015,True,True,True,True,True,True,True
VE8,2016,True,True,True,True,True,True,True
VE8,2017,True,True,True,True,True,True,True
VE8,2018,True,True,True,True,True,True,True
VE8,2019,True,True,True,True,True,True,True
VE8,2020,True,True,True,True,True,True,True
VE8,2021,True,True,True,True,True,True,True
VE8,2022,True,True,True,True,True,True,True
VE8,2023,True,True,True,True,True,True,True
VE8,2024,True,True,True,True,True,True,True
VE9,2011,True,True,True,True,True,True,True
VE9,2012,True,True,True,True,True,True,True
VE9,2013,True,True,True,True,True,True,True
VE9,2014,True,True,True,True,True,True,True
VE9,2015,True,True,True,True,True,True,True
VE9,2016,True,True,True,True,True,True,True
VE9,2017,True,True,True,True,True,True,True
VE9,2018,True,True,True,True,True,True,True
VE9,2019,True,True,True,True,True,True,True
VE9,2020,True,True,True,True,True,True,True
VE9,2021,True,True,True,True,True,True,True
VE9,2022,True,True,True,True,True,True,True
VE9,2023,True,True,True,True,True,True,True
VE9,2024,True,True,True,True,True,True,True
VE9,2025,True,True,True,True,True,True,True
VEA,2015,True,True,True,True,True,True,True
VEA,2016,True,True,True,True,True,True,True
VEA,2017,True,True,True,True,True,True,True
VEA,2018,True,True,True,True,True,True,True
VEA,2019,True,True,True,True,True,True,True
VEA,2020,True,True,True,True,True,True,True
VEA,2021,True,True,True,True,True,True,True
VEA,2022,True,True,True,True,True,True,True
VEA,2023,True,True,True,True,True,True,True
VEA,2024,True,True,True,True,True,True,True
VEA,2025,True,True,True,True,True,True,True
VEC,2015,True,True,True,True,True,True,True
VEC,2016,True,True,True,True,True,True,True
VEC,2017,True,True,True,True,True,True,True
VEC,2018,True,True,True,True,True,True,True
VEC,2019,True,True,True,True,True,True,True
VEC,2020,True,True,True,True,True,True,True
VEC,2021,True,True,True,True,True,True,True
VEC,2022,True,True,True,True,True,True,True
VEC,2023,True,True,True,True,True,True,True
VEC,2024,True,True,True,True,True,True,True
VEC,2025,True,True,True,True,True,True,True
VEE,2011,True,True,True,True,True,True,True
VEE,2012,True,True,True,True,True,True,True
VEE,2013,True,True,True,True,True,True,True
VEE,2014,True,True,True,True,True,True,True
VEE,2015,True,True,True,True,True,True,True
VEE,2016,True,True,True,True,True,True,True
VEE,2017,True,True,True,True,True,True,True
VEE,2018,True,True,True,True,True,True,True
VEF,2011,True,True,True,True,True,True,True
VEF,2012,True,True,True,True,True,True,True
VEF,2013,True,True,True,True,True,True,True
VEF,2014,True,True,True,True,True,True,True
VEF,2015,True,True,True,True,True,True,True
VEF,2016,True,True,True,True,True,True,True
VEF,2017,True,True,True,True,True,True,True
VEF,2018,True,True,True,True,True,True,True
VEF,2019,True,True,True,True,True,True,True
VEF,2020,True,True,True,True,True,True,True
VEF,2021,True,True,True,True,True,True,True
VEF,2022,True,True,True,True,True,True,True
VEF,2023,True,True,True,True,True,True,True
VEF,2024,True,True,True,True,True,True,True
VEF,2025,True,True,True,True,True,True,True
VES,2010,True,True,True,True,True,True,True
VES,2011,True,True,True,True,True,True,True
VES,2012,True,True,True,True,True,True,True
VES,2013,True,True,True,True,True,True,True
VES,2015,True,True,True,True,True,True,True
VES,2016,True,True,True,True,True,True,True
VES,2017,True,True,True,True,True,True,True
VES,2018,True,True,True,True,True,True,True
VES,2019,True,True,True,True,True,True,True
VES,2020,True,True,True,True,True,True,True
VES,2021,True,True,True,True,True,True,True
VES,2023,True,True,True,True,True,True,True
VES,2024,True,True,True,True,True,True,True
VES,2025,True,True,True,True,True,True,True
VET,2015,True,True,True,True,True,True,True
VET,2016,True,True,True,True,True,True,True
VET,2017,True,True,True,True,True,True,True
VET,2018,True,True,True,True,True,True,True
VET,2019,True,True,True,True,True,True,True
VET,2020,True,True,True,True,True,True,True
VET,2021,True,True,True,True,True,True,True
VET,2022,True,True,True,True,True,True,True
VET,2023,True,True,True,True,True,True,True
VET,2024,True,True,True,True,True,True,True
VET,2025,True,True,True,True,True,True,True
VFC,2010,True,True,True,True,True,True,True
VFC,2012,True,True,True,True,True,True,True
VFC,2013,True,True,True,True,True,True,True
VFC,2014,True,True,True,True,True,True,True
VFC,2015,True,True,True,True,True,True,True
VFC,2016,True,True,True,True,True,True,True
VFC,2017,True,True,True,True,True,True,True
VFC,2018,True,True,True,True,True,True,True
VFC,2019,True,True,True,True,True,True,True
VFC,2020,True,True,True,True,True,True,True
VFC,2021,True,True,True,True,True,True,True
VFC,2022,True,True,True,True,True,True,True
VFC,2024,True,True,True,True,True,True,True
VFC,2025,True,True,True,True,True,True,True
VFG,2009,True,True,True,True,True,True,True
VFG,2013,True,True,True,True,True,True,True
VFG,2014,True,True,True,True,True,True,True
VFG,2016,True,True,True,True,True,True,True
VFG,2017,True,True,True,True,True,True,True
VFG,2018,True,True,True,True,True,True,True
VFG,2019,True,True,True,True,True,True,True
VFG,2020,True,True,True,True,True,True,True
VFG,2021,True,True,True,True,True,True,True
VFG,2022,True,True,True,True,True,True,True
VFG,2023,True,True,True,True,True,True,True
VFG,2024,True,True,True,True,True,True,True
VFG,2025,True,True,True,True,True,True,True
VFR,2009,True,True,True,True,True,True,True
VFR,2010,True,True,True,True,True,True,True
VFR,2011,True,True,True,True,True,True,True
VFR,2012,True,True,True,True,True,True,True
VFR,2013,True,True,True,True,True,True,True
VFR,2014,True,True,True,True,True,True,True
VFR,2015,True,True,True,True,True,True,True
VFR,2016,True,True,True,True,True,True,True
VFR,2017,True,True,True,True,True,True,True
VFR,2018,True,True,True,True,True,True,True
VFR,2019,True,True,True,True,True,True,True
VFR,2020,True,True,True,True,True,True,True
VFR,2021,True,True,True,True,True,True,True
VFR,2022,True,True,True,True,True,True,True
VFR,2023,True,True,True,True,True,True,True
VFR,2024,True,True,True,True,True,True,True
VFR,2025,True,True,True,True,True,True,True
VGC,2015,True,True,True,True,True,True,True
VGC,2016,True,True,True,True,True,True,True
VGC,2017,True,True,True,True,True,True,True
VGC,2018,True,True,True,True,True,True,True
VGC,2019,True,True,True,True,True,True,True
VGC,2020,True,True,True,True,True,True,True
VGC,2021,True,True,True,True,True,True,True
VGC,2022,True,True,True,True,True,True,True
VGC,2023,True,True,True,True,True,True,True
VGC,2024,True,True,True,True,True,True,True
VGC,2025,True,True,True,True,True,True,True
VGG,2009,True,True,True,True,True,True,True
VGG,2010,True,True,True,True,True,True,True
VGG,2012,True,True,True,True,True,True,True
VGG,2013,True,True,True,True,True,True,True
VGG,2014,True,True,True,True,True,True,True
VGG,2015,True,True,True,True,True,True,True
VGG,2016,True,True,True,True,True,True,True
VGG,2017,True,True,True,True,True,True,True
VGG,2018,True,True,True,True,True,True,True
VGG,2019,True,True,True,True,True,True,True
VGG,2020,True,True,True,True,True,True,True
VGG,2021,True,True,True,True,True,True,True
VGG,2022,True,True,True,True,True,True,True
VGG,2023,True,True,True,True,True,True,True
VGG,2024,True,True,True,True,True,True,True
VGG,2025,True,True,True,True,True,True,True
VGI,2015,True,True,True,True,True,True,True
VGI,2016,True,True,True,True,True,True,True
VGI,2017,True,True,True,True,True,True,True
VGI,2018,True,True,True,True,True,True,True
VGI,2019,True,True,True,True,True,True,True
VGI,2020,True,True,True,True,True,True,True
VGI,2021,True,True,True,True,True,True,True
VGI,2022,True,True,True,True,True,True,True
VGI,2023,True,True,True,True,True,True,True
VGI,2024,True,True,True,True,True,True,True
VGI,2025,True,True,True,True,True,True,True
VGL,2015,True,True,True,True,True,True,True
VGL,2016,True,True,True,True,True,True,True
VGL,2017,True,True,True,True,True,True,True
VGL,2018,True,True,True,True,True,True,True
VGL,2019,True,True,True,True,True,True,True
VGL,2020,True,True,True,True,True,True,True
VGL,2021,True,True,True,True,True,True,True
VGL,2022,True,True,True,True,True,True,True
VGL,2023,True,True,True,True,True,True,True
VGL,2024,True,True,True,True,True,True,True
VGL,2025,True,True,True,True,True,True,True
VGP,2009,True,True,True,True,True,True,True
VGP,2010,True,True,True,True,True,True,True
VGP,2012,True,True,True,True,True,True,True
VGP,2013,True,True,True,True,True,True,True
VGP,2014,True,True,True,True,True,True,True
VGP,2015,True,True,True,True,True,True,True
VGP,2016,True,True,True,True,True,True,True
VGP,2017,True,True,True,True,True,True,True
VGP,2018,True,True,True,True,True,True,True
VGP,2019,True,True,True,True,True,True,True
VGP,2020,True,True,True,True,True,True,True
VGP,2021,True,True,True,True,True,True,True
VGP,2022,True,True,True,True,True,True,True
VGP,2023,True,True,True,True,True,True,True
VGP,2024,True,True,True,True,True,True,True
VGP,2025,True,True,True,True,True,True,True
VGR,2015,True,True,True,True,True,True,True
VGR,2016,True,True,True,True,True,True,True
VGR,2017,True,True,True,True,True,True,True
VGR,2018,True,True,True,True,True,True,True
VGR,2019,True,True,True,True,True,True,True
VGR,2020,True,True,True,True,True,True,True
VGR,2021,True,True,True,True,True,True,True
VGR,2022,True,True,True,True,True,True,True
VGR,2023,True,True,True,True,True,True,True
VGR,2024,True,True,True,True,True,True,True
VGR,2025,True,True,True,True,True,True,True
VGS,2009,True,True,True,True,True,True,True
VGS,2010,True,True,True,True,True,True,True
VGS,2011,True,True,True,True,True,True,True
VGS,2012,True,True,True,True,True,True,True
VGS,2013,True,True,True,True,True,True,True
VGS,2014,True,True,True,True,True,True,True
VGS,2015,True,True,True,True,True,True,True
VGS,2016,True,True,True,True,True,True,True
VGS,2017,True,True,True,True,True,True,True
VGS,2018,True,True,True,True,True,True,True
VGS,2019,True,True,True,True,True,True,True
VGS,2020,True,True,True,True,True,True,True
VGS,2021,True,True,True,True,True,True,True
VGS,2022,True,True,True,True,True,True,True
VGS,2023,True,True,True,True,True,True,True
VGS,2024,True,True,True,True,True,True,True
VGS,2025,True,True,True,True,True,True,True
VGT,2015,True,True,True,True,True,True,True
VGT,2016,True,True,True,True,True,True,True
VGT,2017,True,True,True,True,True,True,True
VGT,2018,True,True,True,True,True,True,True
VGT,2019,True,True,True,True,True,True,True
VGT,2020,True,True,True,True,True,True,True
VGT,2021,True,True,True,True,True,True,True
VGT,2022,True,True,True,True,True,True,True
VGT,2023,True,True,True,True,True,True,True
VGT,2024,True,True,True,True,True,True,True
VGT,2025,True,True,True,True,True,True,True
VGV,2015,True,True,True,True,True,True,True
VGV,2016,True,True,True,True,True,True,True
VGV,2017,True,True,True,True,True,True,True
VGV,2018,True,True,True,True,True,True,True
VGV,2019,True,True,True,True,True,True,True
VGV,2020,True,True,True,True,True,True,True
VGV,2021,True,True,True,True,True,True,True
VGV,2022,True,True,True,True,True,True,True
VGV,2023,True,True,True,True,True,True,True
VGV,2024,True,True,True,True,True,True,True
VGV,2025,True,True,True,True,True,True,True
VHC,2009,True,True,True,True,True,True,True
VHC,2010,True,True,True,True,True,True,True
VHC,2011,True,True,True,True,True,True,True
VHC,2012,True,True,True,True,True,True,True
VHC,2013,True,True,True,True,True,True,True
VHC,2014,True,True,True,True,True,True,True
VHC,2015,True,True,True,True,True,True,True
VHC,2016,True,True,True,True,True,True,True
VHC,2018,True,True,True,True,True,True,True
VHC,2019,True,True,True,True,True,True,True
VHC,2020,True,True,True,True,True,True,True
VHC,2021,True,True,True,True,True,True,True
VHC,2022,True,True,True,True,True,True,True
VHC,2023,True,True,True,True,True,True,True
VHC,2024,True,True,True,True,True,True,True
VHC,2025,True,True,True,True,True,True,True
VHD,2015,True,True,True,True,True,True,True
VHD,2016,True,True,True,True,True,True,True
VHD,2017,True,True,True,True,True,True,True
VHD,2018,True,True,True,True,True,True,True
VHD,2019,True,True,True,True,True,True,True
VHD,2020,True,True,True,True,True,True,True
VHD,2021,True,True,True,True,True,True,True
VHD,2022,True,True,True,True,True,True,True
VHD,2023,True,True,True,True,True,True,True
VHD,2024,True,True,True,True,True,True,True
VHD,2025,True,True,True,True,True,True,True
VHE,2016,True,True,True,True,True,True,True
VHE,2017,True,True,True,True,True,True,True
VHE,2018,True,True,True,True,True,True,True
VHE,2019,True,True,True,True,True,True,True
VHE,2020,True,True,True,True,True,True,True
VHE,2021,True,True,True,True,True,True,True
VHE,2022,True,True,True,True,True,True,True
VHE,2023,True,True,True,True,True,True,True
VHE,2024,True,True,True,True,True,True,True
VHE,2025,True,True,True,True,True,True,True
VHF,2009,True,True,True,True,True,True,True
VHF,2010,True,True,True,True,True,True,True
VHF,2011,True,True,True,True,True,True,True
VHF,2012,True,True,True,True,True,True,True
VHF,2013,True,True,True,True,True,True,True
VHF,2014,True,True,True,True,True,True,True
VHF,2015,True,True,True,True,True,True,True
VHF,2016,True,True,True,True,True,True,True
VHF,2017,True,True,True,True,True,True,True
VHF,2018,True,True,True,True,True,True,True
VHF,2019,True,True,True,True,True,True,True
VHF,2020,True,True,True,True,True,True,True
VHF,2021,True,True,True,True,True,True,True
VHF,2022,True,True,True,True,True,True,True
VHF,2023,True,True,True,True,True,True,True
VHF,2024,True,True,True,True,True,True,True
VHF,2025,True,True,True,True,True,True,True
VHG,2010,True,True,True,True,True,True,True
VHG,2011,True,True,True,True,True,True,True
VHG,2012,True,True,True,True,True,True,True
VHG,2015,True,True,True,True,True,True,True
VHG,2016,True,True,True,True,True,True,True
VHG,2018,True,True,True,True,True,True,True
VHG,2019,True,True,True,True,True,True,True
VHG,2020,True,True,True,True,True,True,True
VHG,2021,True,True,True,True,True,True,True
VHG,2022,True,True,True,True,True,True,True
VHG,2023,True,True,True,True,True,True,True
VHG,2024,True,True,True,True,True,True,True
VHG,2025,True,True,True,True,True,True,True
VHH,2010,True,True,True,True,True,True,True
VHH,2011,True,True,True,True,True,True,True
VHH,2012,True,True,True,True,True,True,True
VHH,2013,True,True,True,True,True,True,True
VHH,2014,True,True,True,True,True,True,True
VHH,2015,True,True,True,True,True,True,True
VHH,2016,True,True,True,True,True,True,True
VHH,2017,True,True,True,True,True,True,True
VHH,2018,True,True,True,True,True,True,True
VHH,2019,True,True,True,True,True,True,True
VHH,2020,True,True,True,True,True,True,True
VHH,2021,True,True,True,True,True,True,True
VHH,2022,True,True,True,True,True,True,True
VHH,2023,True,True,True,True,True,True,True
VHH,2024,True,True,True,True,True,True,True
VHH,2025,True,True,True,True,True,True,True
VHI,2018,True,True,True,True,True,True,True
VHI,2019,True,True,True,True,True,True,True
VHI,2020,True,True,True,True,True,True,True
VHL,2009,True,True,True,True,True,True,True
VHL,2010,True,True,True,True,True,True,True
VHL,2011,True,True,True,True,True,True,True
VHL,2012,True,True,True,True,True,True,True
VHL,2013,True,True,True,True,True,True,True
VHL,2015,True,True,True,True,True,True,True
VHL,2016,True,True,True,True,True,True,True
VHL,2017,True,True,True,True,True,True,True
VHL,2018,True,True,True,True,True,True,True
VHL,2019,True,True,True,True,True,True,True
VHL,2020,True,True,True,True,True,True,True
VHL,2021,True,True,True,True,True,True,True
VHL,2022,True,True,True,True,True,True,True
VHL,2023,True,True,True,True,True,True,True
VHL,2024,True,True,True,True,True,True,True
VHL,2025,True,True,True,True,True,True,True
VHM,2016,True,True,True,True,True,True,True
VHM,2017,True,True,True,True,True,True,True
VHM,2018,True,True,True,True,True,True,True
VHM,2019,True,True,True,True,True,True,True
VHM,2020,True,True,True,True,True,True,True
VHM,2021,True,True,True,True,True,True,True
VHM,2022,True,True,True,True,True,True,True
VHM,2023,True,True,True,True,True,True,True
VHM,2024,True,True,True,True,True,True,True
VHM,2025,True,True,True,True,True,True,True
VIC,2009,True,True,True,True,True,True,True
VIC,2010,True,True,True,True,True,True,True
VIC,2011,True,True,True,True,True,True,True
VIC,2012,True,True,True,True,True,True,True
VIC,2013,True,True,True,True,True,True,True
VIC,2014,True,True,True,True,True,True,True
VIC,2015,True,True,True,True,True,True,True
VIC,2016,True,True,True,True,True,True,True
VIC,2017,True,True,True,True,True,True,True
VIC,2018,True,True,True,True,True,True,True
VIC,2019,True,True,True,True,True,True,True
VIC,2020,True,True,True,True,True,True,True
VIC,2021,True,True,True,True,True,True,True
VIC,2022,True,True,True,True,True,True,True
VIC,2023,True,True,True,True,True,True,True
VIC,2024,True,True,True,True,True,True,True
VIC,2025,True,True,True,True,True,True,True
VID,2011,True,True,True,True,True,True,True
VID,2012,True,True,True,True,True,True,True
VID,2013,True,True,True,True,True,True,True
VID,2014,True,True,True,True,True,True,True
VID,2015,True,True,True,True,True,True,True
VID,2016,True,True,True,True,True,True,True
VID,2017,True,True,True,True,True,True,True
VID,2018,True,True,True,True,True,True,True
VID,2019,True,True,True,True,True,True,True
VID,2020,True,True,True,True,True,True,True
VID,2021,True,True,True,True,True,True,True
VID,2022,True,True,True,True,True,True,True
VID,2023,True,True,True,True,True,True,True
VID,2024,True,True,True,True,True,True,True
VID,2025,True,True,True,True,True,True,True
VIE,2010,True,True,True,True,True,True,True
VIE,2011,True,True,True,True,True,True,True
VIE,2012,True,True,True,True,True,True,True
VIE,2013,True,True,True,True,True,True,True
VIE,2014,True,True,True,True,True,True,True
VIE,2015,True,True,True,True,True,True,True
VIE,2016,True,True,True,True,True,True,True
VIE,2017,True,True,True,True,True,True,True
VIE,2018,True,True,True,True,True,True,True
VIE,2019,True,True,True,True,True,True,True
VIE,2021,True,True,True,True,True,True,True
VIE,2024,True,True,True,True,True,True,True
VIE,2025,True,True,True,True,True,True,True
VIF,2015,True,True,True,True,True,True,True
VIF,2016,True,True,True,True,True,True,True
VIF,2017,True,True,True,True,True,True,True
VIF,2018,True,True,True,True,True,True,True
VIF,2019,True,True,True,True,True,True,True
VIF,2020,True,True,True,True,True,True,True
VIF,2021,True,True,True,True,True,True,True
VIF,2022,True,True,True,True,True,True,True
VIF,2023,True,True,True,True,True,True,True
VIF,2024,True,True,True,True,True,True,True
VIF,2025,True,True,True,True,True,True,True
VIH,2015,True,True,True,True,True,True,True
VIH,2016,True,True,True,True,True,True,True
VIH,2017,True,True,True,True,True,True,True
VIH,2018,True,True,True,True,True,True,True
VIH,2019,True,True,True,True,True,True,True
VIH,2021,True,True,True,True,True,True,True
VIH,2022,True,True,True,True,True,True,True
VIH,2023,True,True,True,True,True,True,True
VIH,2024,True,True,True,True,True,True,True
VIH,2025,True,True,True,True,True,True,True
VIM,2015,True,True,True,True,True,True,True
VIM,2016,True,True,True,True,True,True,True
VIM,2017,True,True,True,True,True,True,True
VIM,2018,True,True,True,True,True,True,True
VIM,2019,True,True,True,True,True,True,True
VIM,2021,True,True,True,True,True,True,True
VIM,2022,True,True,True,True,True,True,True
VIM,2023,True,True,True,True,True,True,True
VIM,2024,True,True,True,True,True,True,True
VIM,2025,True,True,True,True,True,True,True
VIN,2011,True,True,True,True,True,True,True
VIN,2012,True,True,True,True,True,True,True
VIN,2013,True,True,True,True,True,True,True
VIN,2014,True,True,True,True,True,True,True
VIN,2015,True,True,True,True,True,True,True
VIN,2016,True,True,True,True,True,True,True
VIN,2017,True,True,True,True,True,True,True
VIN,2018,True,True,True,True,True,True,True
VIN,2019,True,True,True,True,True,True,True
VIN,2020,True,True,True,True,True,True,True
VIN,2021,True,True,True,True,True,True,True
VIN,2022,True,True,True,True,True,True,True
VIN,2023,True,True,True,True,True,True,True
VIN,2024,True,True,True,True,True,True,True
VIN,2025,True,True,True,True,True,True,True
VIP,2009,True,True,True,True,True,True,True
VIP,2010,True,True,True,True,True,True,True
VIP,2011,True,True,True,True,True,True,True
VIP,2012,True,True,True,True,True,True,True
VIP,2013,True,True,True,True,True,True,True
VIP,2014,True,True,True,True,True,True,True
VIP,2015,True,True,True,True,True,True,True
VIP,2016,True,True,True,True,True,True,True
VIP,2017,True,True,True,True,True,True,True
VIP,2018,True,True,True,True,True,True,True
VIP,2019,True,True,True,True,True,True,True
VIP,2020,True,True,True,True,True,True,True
VIP,2021,True,True,True,True,True,True,True
VIP,2022,True,True,True,True,True,True,True
VIP,2023,True,True,True,True,True,True,True
VIP,2024,True,True,True,True,True,True,True
VIP,2025,True,True,True,True,True,True,True
VIR,2009,True,True,True,True,True,True,True
VIR,2010,True,True,True,True,True,True,True
VIR,2011,True,True,True,True,True,True,True
VIR,2012,True,True,True,True,True,True,True
VIR,2013,True,True,True,True,True,True,True
VIR,2014,True,True,True,True,True,True,True
VIR,2015,True,True,True,True,True,True,True
VIR,2016,True,True,True,True,True,True,True
VIR,2017,True,True,True,True,True,True,True
VIR,2018,True,True,True,True,True,True,True
VIR,2019,True,True,True,True,True,True,True
VIR,2020,True,True,True,True,True,True,True
VIR,2021,True,True,True,True,True,True,True
VIR,2022,True,True,True,True,True,True,True
VIR,2023,True,True,True,True,True,True,True
VIR,2024,True,True,True,True,True,True,True
VIR,2025,True,True,True,True,True,True,True
VIS,2009,True,True,True,True,True,True,True
VIS,2010,True,True,True,True,True,True,True
VIS,2011,True,True,True,True,True,True,True
VIS,2012,True,True,True,True,True,True,True
VIS,2013,True,True,True,True,True,True,True
VIS,2014,True,True,True,True,True,True,True
VIS,2015,True,True,True,True,True,True,True
VIS,2016,True,True,True,True,True,True,True
VIS,2017,True,True,True,True,True,True,True
VIS,2018,True,True,True,True,True,True,True
VIS,2019,True,True,True,True,True,True,True
VIS,2020,True,True,True,True,True,True,True
VIS,2021,True,True,True,True,True,True,True
VIT,2009,True,True,True,True,True,True,True
VIT,2010,True,True,True,True,True,True,True
VIT,2011,True,True,True,True,True,True,True
VIT,2012,True,True,True,True,True,True,True
VIT,2013,True,True,True,True,True,True,True
VIT,2014,True,True,True,True,True,True,True
VIT,2015,True,True,True,True,True,True,True
VIT,2016,True,True,True,True,True,True,True
VIT,2017,True,True,True,True,True,True,True
VIT,2018,True,True,True,True,True,True,True
VIT,2019,True,True,True,True,True,True,True
VIT,2020,True,True,True,True,True,True,True
VIT,2021,True,True,True,True,True,True,True
VIT,2022,True,True,True,True,True,True,True
VIT,2023,True,True,True,True,True,True,True
VIT,2024,True,True,True,True,True,True,True
VIT,2025,True,True,True,True,True,True,True
VIW,2015,True,True,True,True,True,True,True
VIW,2016,True,True,True,True,True,True,True
VIW,2017,True,True,True,True,True,True,True
VIW,2018,True,True,True,True,True,True,True
VIW,2019,True,True,True,True,True,True,True
VIW,2020,True,True,True,True,True,True,True
VIW,2021,True,True,True,True,True,True,True
VIW,2022,True,True,True,True,True,True,True
VIW,2023,True,True,True,True,True,True,True
VIW,2024,True,True,True,True,True,True,True
VIW,2025,True,True,True,True,True,True,True
VJC,2013,True,True,True,True,True,True,True
VJC,2014,True,True,True,True,True,True,True
VJC,2015,True,True,True,True,True,True,True
VJC,2016,True,True,True,True,True,True,True
VJC,2017,True,True,True,True,True,True,True
VJC,2018,True,True,True,True,True,True,True
VJC,2019,True,True,True,True,True,True,True
VJC,2020,True,True,True,True,True,True,True
VJC,2021,True,True,True,True,True,True,True
VJC,2022,True,True,True,True,True,True,True
VJC,2023,True,True,True,True,True,True,True
VJC,2024,True,True,True,True,True,True,True
VJC,2025,True,True,True,True,True,True,True
VKC,2009,True,True,True,True,True,True,True
VKC,2010,True,True,True,True,True,True,True
VKC,2011,True,True,True,True,True,True,True
VKC,2012,True,True,True,True,True,True,True
VKC,2013,True,True,True,True,True,True,True
VKC,2014,True,True,True,True,True,True,True
VKC,2015,True,True,True,True,True,True,True
VKC,2016,True,True,True,True,True,True,True
VKC,2017,True,True,True,True,True,True,True
VKC,2018,True,True,True,True,True,True,True
VKC,2019,True,True,True,True,True,True,True
VKC,2020,True,True,True,True,True,True,True
VKC,2021,True,True,True,True,True,True,True
VKC,2022,True,True,True,True,True,True,True
VKC,2023,True,True,True,True,True,True,True
VKC,2024,True,True,True,True,True,True,True
VKC,2025,True,True,True,True,True,True,True
VKD,2009,True,True,True,True,True,True,True
VKD,2010,True,True,True,True,True,True,True
VKD,2012,True,True,True,True,True,True,True
VKD,2013,True,True,True,True,True,True,True
VKD,2014,True,True,True,True,True,True,True
VKD,2015,True,True,True,True,True,True,True
VKD,2016,True,True,True,True,True,True,True
VKD,2017,True,True,True,True,True,True,True
VKD,2018,True,True,True,True,True,True,True
VKD,2019,True,True,True,True,True,True,True
VKD,2020,True,True,True,True,True,True,True
VKD,2021,True,True,True,True,True,True,True
VKP,2010,True,True,True,True,True,True,True
VKP,2011,True,True,True,True,True,True,True
VKP,2012,True,True,True,True,True,True,True
VKP,2013,True,True,True,True,True,True,True
VLA,2010,True,True,True,True,True,True,True
VLA,2011,True,True,True,True,True,True,True
VLA,2012,True,True,True,True,True,True,True
VLA,2013,True,True,True,True,True,True,True
VLA,2014,True,True,True,True,True,True,True
VLA,2015,True,True,True,True,True,True,True
VLA,2016,True,True,True,True,True,True,True
VLA,2017,True,True,True,True,True,True,True
VLA,2018,True,True,True,True,True,True,True
VLA,2019,True,True,True,True,True,True,True
VLA,2020,True,True,True,True,True,True,True
VLA,2021,True,True,True,True,True,True,True
VLA,2022,True,True,True,True,True,True,True
VLA,2023,True,True,True,True,True,True,True
VLA,2024,True,True,True,True,True,True,True
VLA,2025,True,True,True,True,True,True,True
VLB,2011,True,True,True,True,True,True,True
VLB,2012,True,True,True,True,True,True,True
VLB,2013,True,True,True,True,True,True,True
VLB,2014,True,True,True,True,True,True,True
VLB,2016,True,True,True,True,True,True,True
VLB,2017,True,True,True,True,True,True,True
VLB,2018,True,True,True,True,True,True,True
VLB,2019,True,True,True,True,True,True,True
VLB,2020,True,True,True,True,True,True,True
VLB,2021,True,True,True,True,True,True,True
VLB,2022,True,True,True,True,True,True,True
VLB,2023,True,True,True,True,True,True,True
VLB,2024,True,True,True,True,True,True,True
VLB,2025,True,True,True,True,True,True,True
VLC,2015,True,True,True,True,True,True,True
VLC,2016,True,True,True,True,True,True,True
VLC,2017,True,True,True,True,True,True,True
VLC,2018,True,True,True,True,True,True,True
VLC,2019,True,True,True,True,True,True,True
VLC,2020,True,True,True,True,True,True,True
VLC,2021,True,True,True,True,True,True,True
VLC,2022,True,True,True,True,True,True,True
VLC,2023,True,True,True,True,True,True,True
VLC,2024,True,True,True,True,True,True,True
VLC,2025,True,True,True,True,True,True,True
VLF,2009,True,True,True,True,True,True,True
VLF,2010,True,True,True,True,True,True,True
VLF,2011,True,True,True,True,True,True,True
VLF,2012,True,True,True,True,True,True,True
VLF,2013,True,True,True,True,True,True,True
VLF,2014,True,True,True,True,True,True,True
VLF,2015,True,True,True,True,True,True,True
VLF,2016,True,True,True,True,True,True,True
VLF,2017,True,True,True,True,True,True,True
VLF,2018,True,True,True,True,True,True,True
VLF,2019,True,True,True,True,True,True,True
VLF,2020,True,True,True,True,True,True,True
VLF,2021,True,True,True,True,True,True,True
VLF,2022,True,True,True,True,True,True,True
VLG,2011,True,True,True,True,True,True,True
VLG,2012,True,True,True,True,True,True,True
VLG,2013,True,True,True,True,True,True,True
VLG,2014,True,True,True,True,True,True,True
VLG,2015,True,True,True,True,True,True,True
VLG,2016,True,True,True,True,True,True,True
VLG,2017,True,True,True,True,True,True,True
VLG,2018,True,True,True,True,True,True,True
VLG,2019,True,True,True,True,True,True,True
VLG,2020,True,True,True,True,True,True,True
VLG,2021,True,True,True,True,True,True,True
VLG,2022,True,True,True,True,True,True,True
VLG,2023,True,True,True,True,True,True,True
VLG,2024,True,True,True,True,True,True,True
VLG,2025,True,True,True,True,True,True,True
VLP,2018,True,True,True,True,True,True,True
VLP,2019,True,True,True,True,True,True,True
VLP,2020,True,True,True,True,True,True,True
VLP,2021,True,True,True,True,True,True,True
VLP,2022,True,True,True,True,True,True,True
VLP,2023,True,True,True,True,True,True,True
VLP,2024,True,True,True,True,True,True,True
VLP,2025,True,True,True,True,True,True,True
VLS,2024,True,True,True,True,True,True,True
VLS,2025,True,True,True,True,True,True,True
VLW,2014,True,True,True,True,True,True,True
VLW,2015,True,True,True,True,True,True,True
VLW,2016,True,True,True,True,True,True,True
VLW,2017,True,True,True,True,True,True,True
VLW,2018,True,True,True,True,True,True,True
VLW,2019,True,True,True,True,True,True,True
VLW,2020,True,True,True,True,True,True,True
VLW,2021,True,True,True,True,True,True,True
VLW,2022,True,True,True,True,True,True,True
VLW,2023,True,True,True,True,True,True,True
VLW,2024,True,True,True,True,True,True,True
VLW,2025,True,True,True,True,True,True,True
VMA,2009,True,True,True,True,True,True,True
VMA,2010,True,True,True,True,True,True,True
VMA,2011,True,True,True,True,True,True,True
VMA,2012,True,True,True,True,True,True,True
VMA,2013,True,True,True,True,True,True,True
VMA,2014,True,True,True,True,True,True,True
VMA,2015,True,True,True,True,True,True,True
VMA,2016,True,True,True,True,True,True,True
VMA,2017,True,True,True,True,True,True,True
VMA,2018,True,True,True,True,True,True,True
VMA,2019,True,True,True,True,True,True,True
VMA,2020,True,True,True,True,True,True,True
VMA,2021,True,True,True,True,True,True,True
VMA,2022,True,True,True,True,True,True,True
VMA,2023,True,True,True,True,True,True,True
VMA,2024,True,True,True,True,True,True,True
VMA,2025,True,True,True,True,True,True,True
VMC,2009,True,True,True,True,True,True,True
VMC,2010,True,True,True,True,True,True,True
VMC,2011,True,True,True,True,True,True,True
VMC,2012,True,True,True,True,True,True,True
VMC,2013,True,True,True,True,True,True,True
VMC,2014,True,True,True,True,True,True,True
VMC,2015,True,True,True,True,True,True,True
VMC,2016,True,True,True,True,True,True,True
VMC,2017,True,True,True,True,True,True,True
VMC,2018,True,True,True,True,True,True,True
VMC,2019,True,True,True,True,True,True,True
VMC,2020,True,True,True,True,True,True,True
VMC,2021,True,True,True,True,True,True,True
VMC,2022,True,True,True,True,True,True,True
VMC,2023,True,True,True,True,True,True,True
VMC,2024,True,True,True,True,True,True,True
VMC,2025,True,True,True,True,True,True,True
VMD,2009,True,True,True,True,True,True,True
VMD,2011,True,True,True,True,True,True,True
VMD,2013,True,True,True,True,True,True,True
VMD,2014,True,True,True,True,True,True,True
VMD,2015,True,True,True,True,True,True,True
VMD,2016,True,True,True,True,True,True,True
VMD,2017,True,True,True,True,True,True,True
VMD,2018,True,True,True,True,True,True,True
VMD,2019,True,True,True,True,True,True,True
VMD,2020,True,True,True,True,True,True,True
VMD,2021,True,True,True,True,True,True,True
VMD,2022,True,True,True,True,True,True,True
VMD,2023,True,True,True,True,True,True,True
VMD,2024,True,True,True,True,True,True,True
VMD,2025,True,True,True,True,True,True,True
VMG,2009,True,True,True,True,True,True,True
VMG,2010,True,True,True,True,True,True,True
VMG,2011,True,True,True,True,True,True,True
VMG,2012,True,True,True,True,True,True,True
VMG,2013,True,True,True,True,True,True,True
VMG,2014,True,True,True,True,True,True,True
VMG,2015,True,True,True,True,True,True,True
VMG,2016,True,True,True,True,True,True,True
VMG,2017,True,True,True,True,True,True,True
VMG,2018,True,True,True,True,True,True,True
VMG,2019,True,True,True,True,True,True,True
VMG,2020,True,True,True,True,True,True,True
VMG,2021,True,True,True,True,True,True,True
VMG,2022,True,True,True,True,True,True,True
VMG,2023,True,True,True,True,True,True,True
VMG,2024,True,True,True,True,True,True,True
VMG,2025,True,True,True,True,True,True,True
VMI,2014,True,True,True,True,True,True,True
VMI,2017,True,True,True,True,True,True,True
VMK,2021,True,True,True,True,True,True,True
VMK,2022,True,True,True,True,True,True,True
VMK,2023,True,True,True,True,True,True,True
VMK,2024,True,True,True,True,True,True,True
VMK,2025,True,True,True,True,True,True,True
VMS,2009,True,True,True,True,True,True,True
VMS,2010,True,True,True,True,True,True,True
VMS,2011,True,True,True,True,True,True,True
VMS,2012,True,True,True,True,True,True,True
VMS,2013,True,True,True,True,True,True,True
VMS,2014,True,True,True,True,True,True,True
VMS,2015,True,True,True,True,True,True,True
VMS,2016,True,True,True,True,True,True,True
VMS,2017,True,True,True,True,True,True,True
VMS,2018,True,True,True,True,True,True,True
VMS,2019,True,True,True,True,True,True,True
VMS,2020,True,True,True,True,True,True,True
VMS,2021,True,True,True,True,True,True,True
VMS,2022,True,True,True,True,True,True,True
VMS,2023,True,True,True,True,True,True,True
VMS,2024,True,True,True,True,True,True,True
VMS,2025,True,True,True,True,True,True,True
VMT,2019,True,True,True,True,True,True,True
VMT,2020,True,True,True,True,True,True,True
VMT,2021,True,True,True,True,True,True,True
VMT,2022,True,True,True,True,True,True,True
VMT,2023,True,True,True,True,True,True,True
VMT,2024,True,True,True,True,True,True,True
VMT,2025,True,True,True,True,True,True,True
VNA,2010,True,True,True,True,True,True,True
VNA,2011,True,True,True,True,True,True,True
VNA,2012,True,True,True,True,True,True,True
VNA,2013,True,True,True,True,True,True,True
VNA,2014,True,True,True,True,True,True,True
VNA,2015,True,True,True,True,True,True,True
VNA,2016,True,True,True,True,True,True,True
VNA,2017,True,True,True,True,True,True,True
VNA,2018,True,True,True,True,True,True,True
VNA,2019,True,True,True,True,True,True,True
VNA,2020,True,True,True,True,True,True,True
VNA,2021,True,True,True,True,True,True,True
VNA,2022,True,True,True,True,True,True,True
VNA,2023,True,True,True,True,True,True,True
VNA,2024,True,True,True,True,True,True,True
VNA,2025,True,True,True,True,True,True,True
VNB,2015,True,True,True,True,True,True,True
VNB,2016,True,True,True,True,True,True,True
VNB,2017,True,True,True,True,True,True,True
VNB,2018,True,True,True,True,True,True,True
VNB,2019,True,True,True,True,True,True,True
VNB,2020,True,True,True,True,True,True,True
VNB,2021,True,True,True,True,True,True,True
VNB,2022,True,True,True,True,True,True,True
VNB,2023,True,True,True,True,True,True,True
VNB,2024,True,True,True,True,True,True,True
VNB,2025,True,True,True,True,True,True,True
VNC,2010,True,True,True,True,True,True,True
VNC,2011,True,True,True,True,True,True,True
VNC,2012,True,True,True,True,True,True,True
VNC,2013,True,True,True,True,True,True,True
VNC,2014,True,True,True,True,True,True,True
VNC,2015,True,True,True,True,True,True,True
VNC,2016,True,True,True,True,True,True,True
VNC,2017,True,True,True,True,True,True,True
VNC,2018,True,True,True,True,True,True,True
VNC,2019,True,True,True,True,True,True,True
VNC,2020,True,True,True,True,True,True,True
VNC,2021,True,True,True,True,True,True,True
VNC,2022,True,True,True,True,True,True,True
VNC,2023,True,True,True,True,True,True,True
VNC,2024,True,True,True,True,True,True,True
VNC,2025,True,True,True,True,True,True,True
VNE,2011,True,True,True,True,True,True,True
VNE,2012,True,True,True,True,True,True,True
VNE,2013,True,True,True,True,True,True,True
VNE,2014,True,True,True,True,True,True,True
VNE,2015,True,True,True,True,True,True,True
VNE,2016,True,True,True,True,True,True,True
VNE,2017,True,True,True,True,True,True,True
VNE,2018,True,True,True,True,True,True,True
VNE,2019,True,True,True,True,True,True,True
VNE,2020,True,True,True,True,True,True,True
VNE,2021,True,True,True,True,True,True,True
VNE,2022,True,True,True,True,True,True,True
VNE,2023,True,True,True,True,True,True,True
VNE,2024,True,True,True,True,True,True,True
VNE,2025,True,True,True,True,True,True,True
VNF,2009,True,True,True,True,True,True,True
VNF,2010,True,True,True,True,True,True,True
VNF,2011,True,True,True,True,True,True,True
VNF,2012,True,True,True,True,True,True,True
VNF,2013,True,True,True,True,True,True,True
VNF,2014,True,True,True,True,True,True,True
VNF,2015,True,True,True,True,True,True,True
VNF,2016,True,True,True,True,True,True,True
VNF,2017,True,True,True,True,True,True,True
VNF,2018,True,True,True,True,True,True,True
VNF,2019,True,True,True,True,True,True,True
VNF,2020,True,True,True,True,True,True,True
VNF,2021,True,True,True,True,True,True,True
VNF,2022,True,True,True,True,True,True,True
VNF,2023,True,True,True,True,True,True,True
VNF,2024,True,True,True,True,True,True,True
VNF,2025,True,True,True,True,True,True,True
VNG,2010,True,True,True,True,True,True,True
VNG,2011,True,True,True,True,True,True,True
VNG,2012,True,True,True,True,True,True,True
VNG,2013,True,True,True,True,True,True,True
VNG,2014,True,True,True,True,True,True,True
VNG,2015,True,True,True,True,True,True,True
VNG,2016,True,True,True,True,True,True,True
VNG,2017,True,True,True,True,True,True,True
VNG,2018,True,True,True,True,True,True,True
VNG,2019,True,True,True,True,True,True,True
VNG,2020,True,True,True,True,True,True,True
VNG,2021,True,True,True,True,True,True,True
VNG,2022,True,True,True,True,True,True,True
VNG,2023,True,True,True,True,True,True,True
VNG,2024,True,True,True,True,True,True,True
VNG,2025,True,True,True,True,True,True,True
VNH,2010,True,True,True,True,True,True,True
VNH,2011,True,True,True,True,True,True,True
VNH,2012,True,True,True,True,True,True,True
VNH,2013,True,True,True,True,True,True,True
VNH,2014,True,True,True,True,True,True,True
VNH,2015,True,True,True,True,True,True,True
VNH,2016,True,True,True,True,True,True,True
VNH,2017,True,True,True,True,True,True,True
VNH,2018,True,True,True,True,True,True,True
VNH,2019,True,True,True,True,True,True,True
VNH,2020,True,True,True,True,True,True,True
VNH,2021,True,True,True,True,True,True,True
VNH,2022,True,True,True,True,True,True,True
VNH,2023,True,True,True,True,True,True,True
VNH,2024,True,True,True,True,True,True,True
VNH,2025,True,True,True,True,True,True,True
VNI,2009,True,True,True,True,True,True,True
VNI,2010,True,True,True,True,True,True,True
VNI,2011,True,True,True,True,True,True,True
VNI,2012,True,True,True,True,True,True,True
VNI,2013,True,True,True,True,True,True,True
VNI,2014,True,True,True,True,True,True,True
VNI,2015,True,True,True,True,True,True,True
VNI,2016,True,True,True,True,True,True,True
VNI,2017,True,True,True,True,True,True,True
VNI,2018,True,True,True,True,True,True,True
VNI,2019,True,True,True,True,True,True,True
VNI,2020,True,True,True,True,True,True,True
VNI,2021,True,True,True,True,True,True,True
VNI,2022,True,True,True,True,True,True,True
VNI,2023,True,True,True,True,True,True,True
VNI,2024,True,True,True,True,True,True,True
VNI,2025,True,True,True,True,True,True,True
VNL,2009,True,True,True,True,True,True,True
VNL,2010,True,True,True,True,True,True,True
VNL,2011,True,True,True,True,True,True,True
VNL,2012,True,True,True,True,True,True,True
VNL,2013,True,True,True,True,True,True,True
VNL,2014,True,True,True,True,True,True,True
VNL,2015,True,True,True,True,True,True,True
VNL,2016,True,True,True,True,True,True,True
VNL,2017,True,True,True,True,True,True,True
VNL,2018,True,True,True,True,True,True,True
VNL,2019,True,True,True,True,True,True,True
VNL,2020,True,True,True,True,True,True,True
VNL,2021,True,True,True,True,True,True,True
VNL,2022,True,True,True,True,True,True,True
VNL,2023,True,True,True,True,True,True,True
VNL,2024,True,True,True,True,True,True,True
VNL,2025,True,True,True,True,True,True,True
VNM,2009,True,True,True,True,True,True,True
VNM,2010,True,True,True,True,True,True,True
VNM,2011,True,True,True,True,True,True,True
VNM,2012,True,True,True,True,True,True,True
VNM,2013,True,True,True,True,True,True,True
VNM,2014,True,True,True,True,True,True,True
VNM,2015,True,True,True,True,True,True,True
VNM,2016,True,True,True,True,True,True,True
VNM,2017,True,True,True,True,True,True,True
VNM,2018,True,True,True,True,True,True,True
VNM,2019,True,True,True,True,True,True,True
VNM,2020,True,True,True,True,True,True,True
VNM,2021,True,True,True,True,True,True,True
VNM,2022,True,True,True,True,True,True,True
VNM,2023,True,True,True,True,True,True,True
VNM,2024,True,True,True,True,True,True,True
VNM,2025,True,True,True,True,True,True,True
VNN,2012,True,True,True,True,True,True,True
VNN,2013,True,True,True,True,True,True,True
VNN,2014,True,True,True,True,True,True,True
VNN,2015,True,True,True,True,True,True,True
VNN,2016,True,True,True,True,True,True,True
VNN,2017,True,True,True,True,True,True,True
VNP,2013,True,True,True,True,True,True,True
VNP,2014,True,True,True,True,True,True,True
VNP,2015,True,True,True,True,True,True,True
VNP,2016,True,True,True,True,True,True,True
VNP,2017,True,True,True,True,True,True,True
VNP,2018,True,True,True,True,True,True,True
VNP,2019,True,True,True,True,True,True,True
VNP,2020,True,True,True,True,True,True,True
VNP,2021,True,True,True,True,True,True,True
VNP,2022,True,True,True,True,True,True,True
VNP,2023,True,True,True,True,True,True,True
VNP,2024,True,True,True,True,True,True,True
VNP,2025,True,True,True,True,True,True,True
VNS,2009,True,True,True,True,True,True,True
VNS,2010,True,True,True,True,True,True,True
VNS,2011,True,True,True,True,True,True,True
VNS,2012,True,True,True,True,True,True,True
VNS,2013,True,True,True,True,True,True,True
VNS,2014,True,True,True,True,True,True,True
VNS,2015,True,True,True,True,True,True,True
VNS,2016,True,True,True,True,True,True,True
VNS,2017,True,True,True,True,True,True,True
VNS,2018,True,True,True,True,True,True,True
VNS,2019,True,True,True,True,True,True,True
VNS,2020,True,True,True,True,True,True,True
VNS,2021,True,True,True,True,True,True,True
VNS,2022,True,True,True,True,True,True,True
VNS,2023,True,True,True,True,True,True,True
VNS,2024,True,True,True,True,True,True,True
VNS,2025,True,True,True,True,True,True,True
VNT,2009,True,True,True,True,True,True,True
VNT,2010,True,True,True,True,True,True,True
VNT,2011,True,True,True,True,True,True,True
VNT,2012,True,True,True,True,True,True,True
VNT,2013,True,True,True,True,True,True,True
VNT,2014,True,True,True,True,True,True,True
VNT,2015,True,True,True,True,True,True,True
VNT,2016,True,True,True,True,True,True,True
VNT,2017,True,True,True,True,True,True,True
VNT,2018,True,True,True,True,True,True,True
VNT,2019,True,True,True,True,True,True,True
VNT,2020,True,True,True,True,True,True,True
VNT,2021,True,True,True,True,True,True,True
VNT,2022,True,True,True,True,True,True,True
VNT,2023,True,True,True,True,True,True,True
VNT,2024,True,True,True,True,True,True,True
VNT,2025,True,True,True,True,True,True,True
VNX,2009,True,True,True,True,True,True,True
VNX,2010,True,True,True,True,True,True,True
VNX,2011,True,True,True,True,True,True,True
VNX,2012,True,True,True,True,True,True,True
VNX,2013,True,True,True,True,True,True,True
VNX,2014,True,True,True,True,True,True,True
VNX,2015,True,True,True,True,True,True,True
VNX,2016,True,True,True,True,True,True,True
VNX,2017,True,True,True,True,True,True,True
VNX,2018,True,True,True,True,True,True,True
VNX,2019,True,True,True,True,True,True,True
VNX,2020,True,True,True,True,True,True,True
VNX,2021,True,True,True,True,True,True,True
VNX,2022,True,True,True,True,True,True,True
VNX,2023,True,True,True,True,True,True,True
VNX,2024,True,True,True,True,True,True,True
VNX,2025,True,True,True,True,True,True,True
VNY,2016,True,True,True,True,True,True,True
VNY,2017,True,True,True,True,True,True,True
VNY,2018,True,True,True,True,True,True,True
VNY,2019,True,True,True,True,True,True,True
VNY,2020,True,True,True,True,True,True,True
VNY,2021,True,True,True,True,True,True,True
VNY,2022,True,True,True,True,True,True,True
VNY,2023,True,True,True,True,True,True,True
VNY,2024,True,True,True,True,True,True,True
VNY,2025,True,True,True,True,True,True,True
VNZ,2018,True,True,True,True,True,True,True
VNZ,2019,True,True,True,True,True,True,True
VNZ,2020,True,True,True,True,True,True,True
VNZ,2021,True,True,True,True,True,True,True
VNZ,2022,True,True,True,True,True,True,True
VNZ,2023,True,True,True,True,True,True,True
VNZ,2024,True,True,True,True,True,True,True
VNZ,2025,True,True,True,True,True,True,True
VOC,2014,True,True,True,True,True,True,True
VOC,2015,True,True,True,True,True,True,True
VOC,2016,True,True,True,True,True,True,True
VOC,2017,True,True,True,True,True,True,True
VOC,2018,True,True,True,True,True,True,True
VOC,2019,True,True,True,True,True,True,True
VOC,2020,True,True,True,True,True,True,True
VOC,2021,True,True,True,True,True,True,True
VOC,2022,True,True,True,True,True,True,True
VOC,2023,True,True,True,True,True,True,True
VOC,2024,True,True,True,True,True,True,True
VOS,2010,True,True,True,True,True,True,True
VOS,2011,True,True,True,True,True,True,True
VOS,2012,True,True,True,True,True,True,True
VOS,2013,True,True,True,True,True,True,True
VOS,2014,True,True,True,True,True,True,True
VOS,2015,True,True,True,True,True,True,True
VOS,2016,True,True,True,True,True,True,True
VOS,2017,True,True,True,True,True,True,True
VOS,2018,True,True,True,True,True,True,True
VOS,2019,True,True,True,True,True,True,True
VOS,2020,True,True,True,True,True,True,True
VOS,2021,True,True,True,True,True,True,True
VOS,2022,True,True,True,True,True,True,True
VOS,2023,True,True,True,True,True,True,True
VOS,2024,True,True,True,True,True,True,True
VOS,2025,True,True,True,True,True,True,True
VPA,2013,True,True,True,True,True,True,True
VPA,2014,True,True,True,True,True,True,True
VPA,2015,True,True,True,True,True,True,True
VPA,2016,True,True,True,True,True,True,True
VPA,2017,True,True,True,True,True,True,True
VPA,2018,True,True,True,True,True,True,True
VPA,2019,True,True,True,True,True,True,True
VPA,2020,True,True,True,True,True,True,True
VPA,2021,True,True,True,True,True,True,True
VPA,2022,True,True,True,True,True,True,True
VPA,2023,True,True,True,True,True,True,True
VPA,2024,True,True,True,True,True,True,True
VPA,2025,True,True,True,True,True,True,True
VPC,2009,True,True,True,True,True,True,True
VPC,2010,True,True,True,True,True,True,True
VPC,2011,True,True,True,True,True,True,True
VPC,2012,True,True,True,True,True,True,True
VPC,2013,True,True,True,True,True,True,True
VPC,2014,True,True,True,True,True,True,True
VPC,2015,True,True,True,True,True,True,True
VPC,2016,True,True,True,True,True,True,True
VPC,2017,True,True,True,True,True,True,True
VPC,2018,True,True,True,True,True,True,True
VPC,2019,True,True,True,True,True,True,True
VPC,2020,True,True,True,True,True,True,True
VPC,2021,True,True,True,True,True,True,True
VPC,2022,True,True,True,True,True,True,True
VPC,2023,True,True,True,True,True,True,True
VPC,2024,True,True,True,True,True,True,True
VPC,2025,True,True,True,True,True,True,True
VPD,2017,True,True,True,True,True,True,True
VPD,2019,True,True,True,True,True,True,True
VPD,2020,True,True,True,True,True,True,True
VPD,2021,True,True,True,True,True,True,True
VPD,2022,True,True,True,True,True,True,True
VPD,2023,True,True,True,True,True,True,True
VPD,2024,True,True,True,True,True,True,True
VPD,2025,True,True,True,True,True,True,True
VPG,2015,True,True,True,True,True,True,True
VPG,2016,True,True,True,True,True,True,True
VPG,2017,True,True,True,True,True,True,True
VPG,2018,True,True,True,True,True,True,True
VPG,2019,True,True,True,True,True,True,True
VPG,2020,True,True,True,True,True,True,True
VPG,2021,True,True,True,True,True,True,True
VPG,2022,True,True,True,True,True,True,True
VPG,2023,True,True,True,True,True,True,True
VPG,2024,True,True,True,True,True,True,True
VPG,2025,True,True,True,True,True,True,True
VPH,2009,True,True,True,True,True,True,True
VPH,2010,True,True,True,True,True,True,True
VPH,2011,True,True,True,True,True,True,True
VPH,2012,True,True,True,True,True,True,True
VPH,2013,True,True,True,True,True,True,True
VPH,2014,True,True,True,True,True,True,True
VPH,2015,True,True,True,True,True,True,True
VPH,2016,True,True,True,True,True,True,True
VPH,2017,True,True,True,True,True,True,True
VPH,2018,True,True,True,True,True,True,True
VPH,2020,True,True,True,True,True,True,True
VPH,2021,True,True,True,True,True,True,True
VPH,2022,True,True,True,True,True,True,True
VPH,2023,True,True,True,True,True,True,True
VPH,2024,True,True,True,True,True,True,True
VPH,2025,True,True,True,True,True,True,True
VPI,2015,True,True,True,True,True,True,True
VPI,2016,True,True,True,True,True,True,True
VPI,2017,True,True,True,True,True,True,True
VPI,2018,True,True,True,True,True,True,True
VPI,2019,True,True,True,True,True,True,True
VPI,2020,True,True,True,True,True,True,True
VPI,2021,True,True,True,True,True,True,True
VPI,2022,True,True,True,True,True,True,True
VPI,2023,True,True,True,True,True,True,True
VPI,2024,True,True,True,True,True,True,True
VPI,2025,True,True,True,True,True,True,True
VPK,2009,True,True,True,True,True,True,True
VPK,2010,True,True,True,True,True,True,True
VPK,2011,True,True,True,True,True,True,True
VPK,2012,True,True,True,True,True,True,True
VPK,2013,True,True,True,True,True,True,True
VPK,2014,True,True,True,True,True,True,True
VPK,2015,True,True,True,True,True,True,True
VPK,2016,True,True,True,True,True,True,True
VPK,2017,True,True,True,True,True,True,True
VPK,2018,True,True,True,True,True,True,True
VPK,2019,True,True,True,True,True,True,True
VPL,2017,True,True,True,True,True,True,True
VPL,2018,True,True,True,True,True,True,True
VPL,2023,True,True,True,True,True,True,True
VPL,2024,True,True,True,True,True,True,True
VPL,2025,True,True,True,True,True,True,True
VPR,2014,True,True,True,True,True,True,True
VPR,2015,True,True,True,True,True,True,True
VPR,2016,True,True,True,True,True,True,True
VPR,2017,True,True,True,True,True,True,True
VPR,2018,True,True,True,True,True,True,True
VPR,2019,True,True,True,True,True,True,True
VPR,2020,True,True,True,True,True,True,True
VPR,2021,True,True,True,True,True,True,True
VPR,2022,True,True,True,True,True,True,True
VPR,2023,True,True,True,True,True,True,True
VPR,2024,True,True,True,True,True,True,True
VPR,2025,True,True,True,True,True,True,True
VPS,2009,True,True,True,True,True,True,True
VPS,2010,True,True,True,True,True,True,True
VPS,2011,True,True,True,True,True,True,True
VPS,2012,True,True,True,True,True,True,True
VPS,2013,True,True,True,True,True,True,True
VPS,2014,True,True,True,True,True,True,True
VPS,2015,True,True,True,True,True,True,True
VPS,2016,True,True,True,True,True,True,True
VPS,2017,True,True,True,True,True,True,True
VPS,2018,True,True,True,True,True,True,True
VPS,2019,True,True,True,True,True,True,True
VPS,2020,True,True,True,True,True,True,True
VPS,2021,True,True,True,True,True,True,True
VPS,2022,True,True,True,True,True,True,True
VPS,2023,True,True,True,True,True,True,True
VPS,2024,True,True,True,True,True,True,True
VPS,2025,True,True,True,True,True,True,True
VPW,2017,True,True,True,True,True,True,True
VPW,2018,True,True,True,True,True,True,True
VPW,2019,True,True,True,True,True,True,True
VPW,2020,True,True,True,True,True,True,True
VPW,2021,True,True,True,True,True,True,True
VPW,2022,True,True,True,True,True,True,True
VPW,2023,True,True,True,True,True,True,True
VPW,2024,True,True,True,True,True,True,True
VPW,2025,True,True,True,True,True,True,True
VQC,2009,True,True,True,True,True,True,True
VQC,2010,True,True,True,True,True,True,True
VQC,2011,True,True,True,True,True,True,True
VQC,2012,True,True,True,True,True,True,True
VQC,2013,True,True,True,True,True,True,True
VQC,2014,True,True,True,True,True,True,True
VQC,2015,True,True,True,True,True,True,True
VQC,2016,True,True,True,True,True,True,True
VQC,2017,True,True,True,True,True,True,True
VQC,2018,True,True,True,True,True,True,True
VQC,2019,True,True,True,True,True,True,True
VQC,2020,True,True,True,True,True,True,True
VQC,2021,True,True,True,True,True,True,True
VQC,2022,True,True,True,True,True,True,True
VQC,2023,True,True,True,True,True,True,True
VQC,2024,True,True,True,True,True,True,True
VQC,2025,True,True,True,True,True,True,True
VRC,2009,True,True,True,True,True,True,True
VRC,2010,True,True,True,True,True,True,True
VRC,2011,True,True,True,True,True,True,True
VRC,2012,True,True,True,True,True,True,True
VRC,2013,True,True,True,True,True,True,True
VRC,2014,True,True,True,True,True,True,True
VRC,2015,True,True,True,True,True,True,True
VRC,2016,True,True,True,True,True,True,True
VRC,2017,True,True,True,True,True,True,True
VRC,2018,True,True,True,True,True,True,True
VRC,2019,True,True,True,True,True,True,True
VRC,2020,True,True,True,True,True,True,True
VRC,2021,True,True,True,True,True,True,True
VRC,2022,True,True,True,True,True,True,True
VRC,2023,True,True,True,True,True,True,True
VRC,2024,True,True,True,True,True,True,True
VRC,2025,True,True,True,True,True,True,True
VRE,2014,True,True,True,True,True,True,True
VRE,2015,True,True,True,True,True,True,True
VRE,2016,True,True,True,True,True,True,True
VRE,2017,True,True,True,True,True,True,True
VRE,2018,True,True,True,True,True,True,True
VRE,2019,True,True,True,True,True,True,True
VRE,2020,True,True,True,True,True,True,True
VRE,2021,True,True,True,True,True,True,True
VRE,2022,True,True,True,True,True,True,True
VRE,2023,True,True,True,True,True,True,True
VRE,2024,True,True,True,True,True,True,True
VRE,2025,True,True,True,True,True,True,True
VRG,2011,True,True,True,True,True,True,True
VRG,2012,True,True,True,True,True,True,True
VRG,2013,True,True,True,True,True,True,True
VRG,2014,True,True,True,True,True,True,True
VRG,2015,True,True,True,True,True,True,True
VRG,2016,True,True,True,True,True,True,True
VRG,2017,True,True,True,True,True,True,True
VRG,2018,True,True,True,True,True,True,True
VRG,2019,True,True,True,True,True,True,True
VRG,2020,True,True,True,True,True,True,True
VRG,2021,True,True,True,True,True,True,True
VRG,2022,True,True,True,True,True,True,True
VRG,2023,True,True,True,True,True,True,True
VRG,2024,True,True,True,True,True,True,True
VRG,2025,True,True,True,True,True,True,True
VSA,2010,True,True,True,True,True,True,True
VSA,2011,True,True,True,True,True,True,True
VSA,2012,True,True,True,True,True,True,True
VSA,2013,True,True,True,True,True,True,True
VSA,2016,True,True,True,True,True,True,True
VSA,2017,True,True,True,True,True,True,True
VSA,2018,True,True,True,True,True,True,True
VSA,2019,True,True,True,True,True,True,True
VSA,2020,True,True,True,True,True,True,True
VSA,2021,True,True,True,True,True,True,True
VSA,2022,True,True,True,True,True,True,True
VSA,2023,True,True,True,True,True,True,True
VSA,2024,True,True,True,True,True,True,True
VSA,2025,True,True,True,True,True,True,True
VSC,2010,True,True,True,True,True,True,True
VSC,2015,True,True,True,True,True,True,True
VSC,2016,True,True,True,True,True,True,True
VSC,2017,True,True,True,True,True,True,True
VSC,2018,True,True,True,True,True,True,True
VSC,2019,True,True,True,True,True,True,True
VSC,2020,True,True,True,True,True,True,True
VSC,2021,True,True,True,True,True,True,True
VSC,2022,True,True,True,True,True,True,True
VSC,2023,True,True,True,True,True,True,True
VSC,2024,True,True,True,True,True,True,True
VSC,2025,True,True,True,True,True,True,True
VSE,2016,True,True,True,True,True,True,True
VSE,2017,True,True,True,True,True,True,True
VSE,2019,True,True,True,True,True,True,True
VSE,2020,True,True,True,True,True,True,True
VSE,2021,True,True,True,True,True,True,True
VSE,2022,True,True,True,True,True,True,True
VSE,2023,True,True,True,True,True,True,True
VSE,2024,True,True,True,True,True,True,True
VSE,2025,True,True,True,True,True,True,True
VSF,2015,True,True,True,True,True,True,True
VSF,2016,True,True,True,True,True,True,True
VSF,2018,True,True,True,True,True,True,True
VSF,2019,True,True,True,True,True,True,True
VSF,2020,True,True,True,True,True,True,True
VSF,2021,True,True,True,True,True,True,True
VSF,2022,True,True,True,True,True,True,True
VSF,2023,True,True,True,True,True,True,True
VSF,2024,True,True,True,True,True,True,True
VSF,2025,True,True,True,True,True,True,True
VSG,2009,True,True,True,True,True,True,True
VSG,2010,True,True,True,True,True,True,True
VSG,2011,True,True,True,True,True,True,True
VSG,2012,True,True,True,True,True,True,True
VSG,2013,True,True,True,True,True,True,True
VSG,2014,True,True,True,True,True,True,True
VSG,2015,True,True,True,True,True,True,True
VSG,2016,True,True,True,True,True,True,True
VSG,2017,True,True,True,True,True,True,True
VSG,2018,True,True,True,True,True,True,True
VSG,2019,True,True,True,True,True,True,True
VSG,2020,True,True,True,True,True,True,True
VSG,2021,True,True,True,True,True,True,True
VSG,2022,True,True,True,True,True,True,True
VSG,2023,True,True,True,True,True,True,True
VSG,2024,True,True,True,True,True,True,True
VSG,2025,True,True,True,True,True,True,True
VSH,2009,True,True,True,True,True,True,True
VSH,2010,True,True,True,True,True,True,True
VSH,2011,True,True,True,True,True,True,True
VSH,2012,True,True,True,True,True,True,True
VSH,2013,True,True,True,True,True,True,True
VSH,2014,True,True,True,True,True,True,True
VSH,2015,True,True,True,True,True,True,True
VSH,2016,True,True,True,True,True,True,True
VSH,2017,True,True,True,True,True,True,True
VSH,2018,True,True,True,True,True,True,True
VSH,2019,True,True,True,True,True,True,True
VSH,2020,True,True,True,True,True,True,True
VSH,2021,True,True,True,True,True,True,True
VSH,2022,True,True,True,True,True,True,True
VSH,2023,True,True,True,True,True,True,True
VSH,2024,True,True,True,True,True,True,True
VSH,2025,True,True,True,True,True,True,True
VSI,2010,True,True,True,True,True,True,True
VSI,2012,True,True,True,True,True,True,True
VSI,2013,True,True,True,True,True,True,True
VSI,2014,True,True,True,True,True,True,True
VSI,2015,True,True,True,True,True,True,True
VSI,2016,True,True,True,True,True,True,True
VSI,2017,True,True,True,True,True,True,True
VSI,2018,True,True,True,True,True,True,True
VSI,2019,True,True,True,True,True,True,True
VSI,2020,True,True,True,True,True,True,True
VSI,2021,True,True,True,True,True,True,True
VSI,2022,True,True,True,True,True,True,True
VSI,2023,True,True,True,True,True,True,True
VSI,2024,True,True,True,True,True,True,True
VSI,2025,True,True,True,True,True,True,True
VSM,2015,True,True,True,True,True,True,True
VSM,2016,True,True,True,True,True,True,True
VSM,2017,True,True,True,True,True,True,True
VSM,2018,True,True,True,True,True,True,True
VSM,2019,True,True,True,True,True,True,True
VSM,2020,True,True,True,True,True,True,True
VSM,2021,True,True,True,True,True,True,True
VSM,2022,True,True,True,True,True,True,True
VSM,2023,True,True,True,True,True,True,True
VSM,2024,True,True,True,True,True,True,True
VSM,2025,True,True,True,True,True,True,True
VSN,2012,True,True,True,True,True,True,True
VSN,2017,True,True,True,True,True,True,True
VSN,2018,True,True,True,True,True,True,True
VSN,2019,True,True,True,True,True,True,True
VSN,2020,True,True,True,True,True,True,True
VSN,2021,True,True,True,True,True,True,True
VSN,2022,True,True,True,True,True,True,True
VSN,2023,True,True,True,True,True,True,True
VSN,2025,True,True,True,True,True,True,True
VSP,2009,True,True,True,True,True,True,True
VSP,2010,True,True,True,True,True,True,True
VSP,2011,True,True,True,True,True,True,True
VSP,2012,True,True,True,True,True,True,True
VST,2009,True,True,True,True,True,True,True
VST,2011,True,True,True,True,True,True,True
VST,2012,True,True,True,True,True,True,True
VST,2013,True,True,True,True,True,True,True
VST,2014,True,True,True,True,True,True,True
VST,2015,True,True,True,True,True,True,True
VST,2016,True,True,True,True,True,True,True
VST,2017,True,True,True,True,True,True,True
VST,2018,True,True,True,True,True,True,True
VST,2019,True,True,True,True,True,True,True
VST,2020,True,True,True,True,True,True,True
VST,2021,True,True,True,True,True,True,True
VST,2022,True,True,True,True,True,True,True
VST,2023,True,True,True,True,True,True,True
VST,2024,True,True,True,True,True,True,True
VST,2025,True,True,True,True,True,True,True
VT1,2010,True,True,True,True,True,True,True
VT1,2011,True,True,True,True,True,True,True
VT1,2012,True,True,True,True,True,True,True
VT1,2013,True,True,True,True,True,True,True
VT1,2014,True,True,True,True,True,True,True
VT1,2015,True,True,True,True,True,True,True
VT1,2016,True,True,True,True,True,True,True
VT1,2017,True,True,True,True,True,True,True
VT1,2018,True,True,True,True,True,True,True
VT1,2019,True,True,True,True,True,True,True
VT8,2013,True,True,True,True,True,True,True
VT8,2015,True,True,True,True,True,True,True
VT8,2017,True,True,True,True,True,True,True
VTA,2009,True,True,True,True,True,True,True
VTA,2010,True,True,True,True,True,True,True
VTA,2011,True,True,True,True,True,True,True
VTA,2012,True,True,True,True,True,True,True
VTA,2013,True,True,True,True,True,True,True
VTA,2014,True,True,True,True,True,True,True
VTA,2015,True,True,True,True,True,True,True
VTA,2016,True,True,True,True,True,True,True
VTA,2017,True,True,True,True,True,True,True
VTA,2018,True,True,True,True,True,True,True
VTA,2019,True,True,True,True,True,True,True
VTA,2020,True,True,True,True,True,True,True
VTA,2021,True,True,True,True,True,True,True
VTA,2022,True,True,True,True,True,True,True
VTA,2023,True,True,True,True,True,True,True
VTA,2024,True,True,True,True,True,True,True
VTA,2025,True,True,True,True,True,True,True
VTB,2010,True,True,True,True,True,True,True
VTB,2011,True,True,True,True,True,True,True
VTB,2012,True,True,True,True,True,True,True
VTB,2013,True,True,True,True,True,True,True
VTB,2014,True,True,True,True,True,True,True
VTB,2015,True,True,True,True,True,True,True
VTB,2016,True,True,True,True,True,True,True
VTB,2017,True,True,True,True,True,True,True
VTB,2018,True,True,True,True,True,True,True
VTB,2019,True,True,True,True,True,True,True
VTB,2020,True,True,True,True,True,True,True
VTB,2021,True,True,True,True,True,True,True
VTB,2022,True,True,True,True,True,True,True
VTB,2023,True,True,True,True,True,True,True
VTB,2024,True,True,True,True,True,True,True
VTB,2025,True,True,True,True,True,True,True
VTC,2009,True,True,True,True,True,True,True
VTC,2010,True,True,True,True,True,True,True
VTC,2011,True,True,True,True,True,True,True
VTC,2012,True,True,True,True,True,True,True
VTC,2013,True,True,True,True,True,True,True
VTC,2014,True,True,True,True,True,True,True
VTC,2015,True,True,True,True,True,True,True
VTC,2016,True,True,True,True,True,True,True
VTC,2017,True,True,True,True,True,True,True
VTC,2018,True,True,True,True,True,True,True
VTC,2019,True,True,True,True,True,True,True
VTC,2020,True,True,True,True,True,True,True
VTC,2021,True,True,True,True,True,True,True
VTC,2022,True,True,True,True,True,True,True
VTC,2023,True,True,True,True,True,True,True
VTC,2024,True,True,True,True,True,True,True
VTC,2025,True,True,True,True,True,True,True
VTD,2017,True,True,True,True,True,True,True
VTD,2018,True,True,True,True,True,True,True
VTD,2019,True,True,True,True,True,True,True
VTD,2020,True,True,True,True,True,True,True
VTD,2021,True,True,True,True,True,True,True
VTD,2022,True,True,True,True,True,True,True
VTD,2023,True,True,True,True,True,True,True
VTD,2024,True,True,True,True,True,True,True
VTD,2025,True,True,True,True,True,True,True
VTE,2016,True,True,True,True,True,True,True
VTE,2017,True,True,True,True,True,True,True
VTE,2018,True,True,True,True,True,True,True
VTE,2019,True,True,True,True,True,True,True
VTE,2020,True,True,True,True,True,True,True
VTE,2021,True,True,True,True,True,True,True
VTE,2022,True,True,True,True,True,True,True
VTE,2023,True,True,True,True,True,True,True
VTE,2024,True,True,True,True,True,True,True
VTE,2025,True,True,True,True,True,True,True
VTF,2009,True,True,True,True,True,True,True
VTF,2010,True,True,True,True,True,True,True
VTF,2011,True,True,True,True,True,True,True
VTF,2012,True,True,True,True,True,True,True
VTF,2013,True,True,True,True,True,True,True
VTF,2014,True,True,True,True,True,True,True
VTG,2011,True,True,True,True,True,True,True
VTG,2012,True,True,True,True,True,True,True
VTG,2013,True,True,True,True,True,True,True
VTG,2014,True,True,True,True,True,True,True
VTG,2015,True,True,True,True,True,True,True
VTG,2016,True,True,True,True,True,True,True
VTG,2017,True,True,True,True,True,True,True
VTG,2018,True,True,True,True,True,True,True
VTG,2019,True,True,True,True,True,True,True
VTG,2020,True,True,True,True,True,True,True
VTG,2021,True,True,True,True,True,True,True
VTG,2022,True,True,True,True,True,True,True
VTG,2023,True,True,True,True,True,True,True
VTG,2024,True,True,True,True,True,True,True
VTG,2025,True,True,True,True,True,True,True
VTH,2010,True,True,True,True,True,True,True
VTH,2011,True,True,True,True,True,True,True
VTH,2012,True,True,True,True,True,True,True
VTH,2013,True,True,True,True,True,True,True
VTH,2014,True,True,True,True,True,True,True
VTH,2015,True,True,True,True,True,True,True
VTH,2016,True,True,True,True,True,True,True
VTH,2017,True,True,True,True,True,True,True
VTH,2018,True,True,True,True,True,True,True
VTH,2019,True,True,True,True,True,True,True
VTH,2020,True,True,True,True,True,True,True
VTH,2021,True,True,True,True,True,True,True
VTH,2022,True,True,True,True,True,True,True
VTH,2023,True,True,True,True,True,True,True
VTH,2024,True,True,True,True,True,True,True
VTH,2025,True,True,True,True,True,True,True
VTI,2010,True,True,True,True,True,True,True
VTI,2012,True,True,True,True,True,True,True
VTI,2013,True,True,True,True,True,True,True
VTI,2014,True,True,True,True,True,True,True
VTI,2015,True,True,True,True,True,True,True
VTI,2016,True,True,True,True,True,True,True
VTI,2017,True,True,True,True,True,True,True
VTI,2018,True,True,True,True,True,True,True
VTI,2019,True,True,True,True,True,True,True
VTI,2020,True,True,True,True,True,True,True
VTI,2021,True,True,True,True,True,True,True
VTI,2022,True,True,True,True,True,True,True
VTI,2023,True,True,True,True,True,True,True
VTI,2024,True,True,True,True,True,True,True
VTI,2025,True,True,True,True,True,True,True
VTJ,2009,True,True,True,True,True,True,True
VTJ,2010,True,True,True,True,True,True,True
VTJ,2011,True,True,True,True,True,True,True
VTJ,2012,True,True,True,True,True,True,True
VTJ,2013,True,True,True,True,True,True,True
VTJ,2014,True,True,True,True,True,True,True
VTJ,2015,True,True,True,True,True,True,True
VTJ,2016,True,True,True,True,True,True,True
VTJ,2017,True,True,True,True,True,True,True
VTJ,2018,True,True,True,True,True,True,True
VTJ,2019,True,True,True,True,True,True,True
VTJ,2020,True,True,True,True,True,True,True
VTJ,2021,True,True,True,True,True,True,True
VTJ,2022,True,True,True,True,True,True,True
VTJ,2023,True,True,True,True,True,True,True
VTJ,2024,True,True,True,True,True,True,True
VTJ,2025,True,True,True,True,True,True,True
VTK,2016,True,True,True,True,True,True,True
VTK,2017,True,True,True,True,True,True,True
VTK,2018,True,True,True,True,True,True,True
VTK,2019,True,True,True,True,True,True,True
VTK,2020,True,True,True,True,True,True,True
VTK,2021,True,True,True,True,True,True,True
VTK,2022,True,True,True,True,True,True,True
VTK,2023,True,True,True,True,True,True,True
VTK,2024,True,True,True,True,True,True,True
VTK,2025,True,True,True,True,True,True,True
VTL,2010,True,True,True,True,True,True,True
VTL,2011,True,True,True,True,True,True,True
VTL,2012,True,True,True,True,True,True,True
VTL,2013,True,True,True,True,True,True,True
VTL,2015,True,True,True,True,True,True,True
VTL,2021,True,True,True,True,True,True,True
VTL,2022,True,True,True,True,True,True,True
VTL,2023,True,True,True,True,True,True,True
VTL,2024,True,True,True,True,True,True,True
VTM,2011,True,True,True,True,True,True,True
VTM,2012,True,True,True,True,True,True,True
VTM,2013,True,True,True,True,True,True,True
VTM,2014,True,True,True,True,True,True,True
VTM,2015,True,True,True,True,True,True,True
VTM,2016,True,True,True,True,True,True,True
VTM,2017,True,True,True,True,True,True,True
VTM,2018,True,True,True,True,True,True,True
VTM,2019,True,True,True,True,True,True,True
VTM,2020,True,True,True,True,True,True,True
VTM,2021,True,True,True,True,True,True,True
VTM,2022,True,True,True,True,True,True,True
VTM,2023,True,True,True,True,True,True,True
VTM,2024,True,True,True,True,True,True,True
VTM,2025,True,True,True,True,True,True,True
VTO,2009,True,True,True,True,True,True,True
VTO,2010,True,True,True,True,True,True,True
VTO,2011,True,True,True,True,True,True,True
VTO,2012,True,True,True,True,True,True,True
VTO,2013,True,True,True,True,True,True,True
VTO,2014,True,True,True,True,True,True,True
VTO,2015,True,True,True,True,True,True,True
VTO,2016,True,True,True,True,True,True,True
VTO,2017,True,True,True,True,True,True,True
VTO,2018,True,True,True,True,True,True,True
VTO,2019,True,True,True,True,True,True,True
VTO,2020,True,True,True,True,True,True,True
VTO,2021,True,True,True,True,True,True,True
VTO,2022,True,True,True,True,True,True,True
VTO,2023,True,True,True,True,True,True,True
VTO,2025,True,True,True,True,True,True,True
VTP,2016,True,True,True,True,True,True,True
VTP,2017,True,True,True,True,True,True,True
VTP,2018,True,True,True,True,True,True,True
VTP,2019,True,True,True,True,True,True,True
VTP,2020,True,True,True,True,True,True,True
VTP,2021,True,True,True,True,True,True,True
VTP,2022,True,True,True,True,True,True,True
VTP,2024,True,True,True,True,True,True,True
VTP,2025,True,True,True,True,True,True,True
VTQ,2018,True,True,True,True,True,True,True
VTQ,2019,True,True,True,True,True,True,True
VTQ,2021,True,True,True,True,True,True,True
VTQ,2022,True,True,True,True,True,True,True
VTQ,2023,True,True,True,True,True,True,True
VTQ,2024,True,True,True,True,True,True,True
VTR,2019,True,True,True,True,True,True,True
VTR,2021,True,True,True,True,True,True,True
VTR,2022,True,True,True,True,True,True,True
VTS,2009,True,True,True,True,True,True,True
VTS,2010,True,True,True,True,True,True,True
VTS,2011,True,True,True,True,True,True,True
VTS,2012,True,True,True,True,True,True,True
VTS,2013,True,True,True,True,True,True,True
VTS,2014,True,True,True,True,True,True,True
VTS,2015,True,True,True,True,True,True,True
VTS,2016,True,True,True,True,True,True,True
VTS,2017,True,True,True,True,True,True,True
VTS,2018,True,True,True,True,True,True,True
VTS,2019,True,True,True,True,True,True,True
VTS,2020,True,True,True,True,True,True,True
VTS,2021,True,True,True,True,True,True,True
VTS,2022,True,True,True,True,True,True,True
VTS,2023,True,True,True,True,True,True,True
VTS,2024,True,True,True,True,True,True,True
VTS,2025,True,True,True,True,True,True,True
VTV,2011,True,True,True,True,True,True,True
VTV,2012,True,True,True,True,True,True,True
VTV,2013,True,True,True,True,True,True,True
VTV,2014,True,True,True,True,True,True,True
VTV,2015,True,True,True,True,True,True,True
VTV,2016,True,True,True,True,True,True,True
VTV,2017,True,True,True,True,True,True,True
VTV,2018,True,True,True,True,True,True,True
VTV,2019,True,True,True,True,True,True,True
VTV,2020,True,True,True,True,True,True,True
VTV,2021,True,True,True,True,True,True,True
VTV,2022,True,True,True,True,True,True,True
VTV,2023,True,True,True,True,True,True,True
VTV,2024,True,True,True,True,True,True,True
VTV,2025,True,True,True,True,True,True,True
VTX,2011,True,True,True,True,True,True,True
VTX,2012,True,True,True,True,True,True,True
VTX,2013,True,True,True,True,True,True,True
VTX,2014,True,True,True,True,True,True,True
VTX,2015,True,True,True,True,True,True,True
VTX,2016,True,True,True,True,True,True,True
VTX,2017,True,True,True,True,True,True,True
VTX,2018,True,True,True,True,True,True,True
VTX,2019,True,True,True,True,True,True,True
VTX,2020,True,True,True,True,True,True,True
VTX,2021,True,True,True,True,True,True,True
VTX,2022,True,True,True,True,True,True,True
VTX,2023,True,True,True,True,True,True,True
VTX,2024,True,True,True,True,True,True,True
VTX,2025,True,True,True,True,True,True,True
VTZ,2018,True,True,True,True,True,True,True
VTZ,2019,True,True,True,True,True,True,True
VTZ,2020,True,True,True,True,True,True,True
VTZ,2021,True,True,True,True,True,True,True
VTZ,2022,True,True,True,True,True,True,True
VTZ,2023,True,True,True,True,True,True,True
VTZ,2024,True,True,True,True,True,True,True
VTZ,2025,True,True,True,True,True,True,True
VVN,2014,True,True,True,True,True,True,True
VVN,2015,True,True,True,True,True,True,True
VVN,2016,True,True,True,True,True,True,True
VVN,2017,True,True,True,True,True,True,True
VVN,2018,True,True,True,True,True,True,True
VVN,2019,True,True,True,True,True,True,True
VVN,2020,True,True,True,True,True,True,True
VVN,2021,True,True,True,True,True,True,True
VVN,2022,True,True,True,True,True,True,True
VVN,2023,True,True,True,True,True,True,True
VVN,2024,True,True,True,True,True,True,True
VVN,2025,True,True,True,True,True,True,True
VVS,2022,True,True,True,True,True,True,True
VVS,2024,True,True,True,True,True,True,True
VVS,2025,True,True,True,True,True,True,True
VW3,2018,True,True,True,True,True,True,True
VW3,2019,True,True,True,True,True,True,True
VW3,2020,True,True,True,True,True,True,True
VW3,2021,True,True,True,True,True,True,True
VW3,2022,True,True,True,True,True,True,True
VW3,2023,True,True,True,True,True,True,True
VW3,2024,True,True,True,True,True,True,True
VW3,2025,True,True,True,True,True,True,True
VWS,2009,True,True,True,True,True,True,True
VWS,2010,True,True,True,True,True,True,True
VWS,2011,True,True,True,True,True,True,True
VWS,2012,True,True,True,True,True,True,True
VWS,2013,True,True,True,True,True,True,True
VWS,2014,True,True,True,True,True,True,True
VWS,2015,True,True,True,True,True,True,True
VWS,2016,True,True,True,True,True,True,True
VWS,2017,True,True,True,True,True,True,True
VWS,2018,True,True,True,True,True,True,True
VWS,2019,True,True,True,True,True,True,True
VWS,2020,True,True,True,True,True,True,True
VWS,2021,True,True,True,True,True,True,True
VWS,2022,True,True,True,True,True,True,True
VWS,2023,True,True,True,True,True,True,True
VWS,2024,True,True,True,True,True,True,True
VWS,2025,True,True,True,True,True,True,True
VXB,2010,True,True,True,True,True,True,True
VXB,2011,True,True,True,True,True,True,True
VXB,2012,True,True,True,True,True,True,True
VXB,2013,True,True,True,True,True,True,True
VXB,2014,True,True,True,True,True,True,True
VXB,2015,True,True,True,True,True,True,True
VXB,2016,True,True,True,True,True,True,True
VXB,2017,True,True,True,True,True,True,True
VXB,2018,True,True,True,True,True,True,True
VXB,2019,True,True,True,True,True,True,True
VXB,2020,True,True,True,True,True,True,True
VXB,2021,True,True,True,True,True,True,True
VXB,2022,True,True,True,True,True,True,True
VXB,2024,True,True,True,True,True,True,True
VXB,2025,True,True,True,True,True,True,True
VXP,2017,True,True,True,True,True,True,True
VXP,2018,True,True,True,True,True,True,True
VXP,2019,True,True,True,True,True,True,True
VXP,2020,True,True,True,True,True,True,True
VXP,2021,True,True,True,True,True,True,True
VXP,2022,True,True,True,True,True,True,True
VXP,2023,True,True,True,True,True,True,True
VXP,2024,True,True,True,True,True,True,True
VXP,2025,True,True,True,True,True,True,True
VXT,2017,True,True,True,True,True,True,True
VXT,2018,True,True,True,True,True,True,True
VXT,2019,True,True,True,True,True,True,True
VXT,2020,True,True,True,True,True,True,True
VXT,2021,True,True,True,True,True,True,True
VXT,2022,True,True,True,True,True,True,True
VXT,2023,True,True,True,True,True,True,True
VXT,2024,True,True,True,True,True,True,True
VXT,2025,True,True,True,True,True,True,True
WCS,2010,True,True,True,True,True,True,True
WCS,2011,True,True,True,True,True,True,True
WCS,2012,True,True,True,True,True,True,True
WCS,2013,True,True,True,True,True,True,True
WCS,2014,True,True,True,True,True,True,True
WCS,2015,True,True,True,True,True,True,True
WCS,2016,True,True,True,True,True,True,True
WCS,2017,True,True,True,True,True,True,True
WCS,2018,True,True,True,True,True,True,True
WCS,2019,True,True,True,True,True,True,True
WCS,2020,True,True,True,True,True,True,True
WCS,2021,True,True,True,True,True,True,True
WCS,2022,True,True,True,True,True,True,True
WCS,2023,True,True,True,True,True,True,True
WCS,2024,True,True,True,True,True,True,True
WSB,2010,True,True,True,True,True,True,True
WSB,2011,True,True,True,True,True,True,True
WSB,2012,True,True,True,True,True,True,True
WSB,2013,True,True,True,True,True,True,True
WSB,2014,True,True,True,True,True,True,True
WSB,2015,True,True,True,True,True,True,True
WSB,2016,True,True,True,True,True,True,True
WSB,2017,True,True,True,True,True,True,True
WSB,2018,True,True,True,True,True,True,True
WSB,2019,True,True,True,True,True,True,True
WSB,2020,True,True,True,True,True,True,True
WSB,2021,True,True,True,True,True,True,True
WSB,2022,True,True,True,True,True,True,True
WSB,2023,True,True,True,True,True,True,True
WSB,2024,True,True,True,True,True,True,True
WSB,2025,True,True,True,True,True,True,True
WTC,2011,True,True,True,True,True,True,True
WTC,2012,True,True,True,True,True,True,True
WTC,2013,True,True,True,True,True,True,True
WTC,2014,True,True,True,True,True,True,True
WTC,2015,True,True,True,True,True,True,True
WTC,2016,True,True,True,True,True,True,True
WTC,2017,True,True,True,True,True,True,True
WTC,2018,True,True,True,True,True,True,True
WTC,2019,True,True,True,True,True,True,True
WTC,2021,True,True,True,True,True,True,True
WTC,2022,True,True,True,True,True,True,True
WTC,2023,True,True,True,True,True,True,True
WTC,2024,True,True,True,True,True,True,True
WTC,2025,True,True,True,True,True,True,True
WTN,2013,True,True,True,True,True,True,True
WTN,2014,True,True,True,True,True,True,True
WTN,2016,True,True,True,True,True,True,True
WTN,2017,True,True,True,True,True,True,True
WTN,2018,True,True,True,True,True,True,True
WTN,2019,True,True,True,True,True,True,True
X18,2011,True,True,True,True,True,True,True
X18,2012,True,True,True,True,True,True,True
X18,2013,True,True,True,True,True,True,True
X18,2014,True,True,True,True,True,True,True
X18,2016,True,True,True,True,True,True,True
X18,2017,True,True,True,True,True,True,True
X18,2018,True,True,True,True,True,True,True
X18,2019,True,True,True,True,True,True,True
X20,2015,True,True,True,True,True,True,True
X20,2016,True,True,True,True,True,True,True
X20,2017,True,True,True,True,True,True,True
X20,2018,True,True,True,True,True,True,True
X20,2019,True,True,True,True,True,True,True
X20,2020,True,True,True,True,True,True,True
X20,2021,True,True,True,True,True,True,True
X20,2022,True,True,True,True,True,True,True
X20,2023,True,True,True,True,True,True,True
X20,2024,True,True,True,True,True,True,True
X20,2025,True,True,True,True,True,True,True
X26,2016,True,True,True,True,True,True,True
X26,2017,True,True,True,True,True,True,True
X26,2018,True,True,True,True,True,True,True
X26,2019,True,True,True,True,True,True,True
X26,2020,True,True,True,True,True,True,True
X26,2021,True,True,True,True,True,True,True
X26,2022,True,True,True,True,True,True,True
X26,2023,True,True,True,True,True,True,True
X26,2024,True,True,True,True,True,True,True
X26,2025,True,True,True,True,True,True,True
X77,2015,True,True,True,True,True,True,True
X77,2016,True,True,True,True,True,True,True
X77,2017,True,True,True,True,True,True,True
X77,2018,True,True,True,True,True,True,True
X77,2019,True,True,True,True,True,True,True
X77,2020,True,True,True,True,True,True,True
X77,2021,True,True,True,True,True,True,True
X77,2024,True,True,True,True,True,True,True
X77,2025,True,True,True,True,True,True,True
XDC,2020,True,True,True,True,True,True,True
XDC,2021,True,True,True,True,True,True,True
XDC,2022,True,True,True,True,True,True,True
XDH,2018,True,True,True,True,True,True,True
XDH,2020,True,True,True,True,True,True,True
XDH,2024,True,True,True,True,True,True,True
XDH,2025,True,True,True,True,True,True,True
XHC,2015,True,True,True,True,True,True,True
XHC,2016,True,True,True,True,True,True,True
XHC,2017,True,True,True,True,True,True,True
XHC,2018,True,True,True,True,True,True,True
XHC,2019,True,True,True,True,True,True,True
XHC,2020,True,True,True,True,True,True,True
XHC,2021,True,True,True,True,True,True,True
XHC,2022,True,True,True,True,True,True,True
XHC,2023,True,True,True,True,True,True,True
XHC,2024,True,True,True,True,True,True,True
XHC,2025,True,True,True,True,True,True,True
XLV,2018,True,True,True,True,True,True,True
XLV,2019,True,True,True,True,True,True,True
XLV,2020,True,True,True,True,True,True,True
XLV,2021,True,True,True,True,True,True,True
XLV,2022,True,True,True,True,True,True,True
XLV,2023,True,True,True,True,True,True,True
XLV,2024,True,True,True,True,True,True,True
XLV,2025,True,True,True,True,True,True,True
XMC,2009,True,True,True,True,True,True,True
XMC,2010,True,True,True,True,True,True,True
XMC,2011,True,True,True,True,True,True,True
XMC,2012,True,True,True,True,True,True,True
XMC,2013,True,True,True,True,True,True,True
XMC,2014,True,True,True,True,True,True,True
XMC,2015,True,True,True,True,True,True,True
XMC,2016,True,True,True,True,True,True,True
XMC,2017,True,True,True,True,True,True,True
XMC,2018,True,True,True,True,True,True,True
XMC,2019,True,True,True,True,True,True,True
XMC,2020,True,True,True,True,True,True,True
XMC,2021,True,True,True,True,True,True,True
XMC,2022,True,True,True,True,True,True,True
XMC,2023,True,True,True,True,True,True,True
XMC,2024,True,True,True,True,True,True,True
XMC,2025,True,True,True,True,True,True,True
XMD,2009,True,True,True,True,True,True,True
XMD,2010,True,True,True,True,True,True,True
XMD,2011,True,True,True,True,True,True,True
XMD,2012,True,True,True,True,True,True,True
XMD,2013,True,True,True,True,True,True,True
XMD,2014,True,True,True,True,True,True,True
XMD,2015,True,True,True,True,True,True,True
XMD,2016,True,True,True,True,True,True,True
XMD,2017,True,True,True,True,True,True,True
XMD,2018,True,True,True,True,True,True,True
XMD,2019,True,True,True,True,True,True,True
XMD,2020,True,True,True,True,True,True,True
XMD,2021,True,True,True,True,True,True,True
XMD,2022,True,True,True,True,True,True,True
XMD,2023,True,True,True,True,True,True,True
XMD,2024,True,True,True,True,True,True,True
XMD,2025,True,True,True,True,True,True,True
XMP,2019,True,True,True,True,True,True,True
XMP,2020,True,True,True,True,True,True,True
XMP,2021,True,True,True,True,True,True,True
XMP,2022,True,True,True,True,True,True,True
XMP,2023,True,True,True,True,True,True,True
XMP,2024,True,True,True,True,True,True,True
XMP,2025,True,True,True,True,True,True,True
XPH,2010,True,True,True,True,True,True,True
XPH,2011,True,True,True,True,True,True,True
XPH,2012,True,True,True,True,True,True,True
XPH,2013,True,True,True,True,True,True,True
XPH,2014,True,True,True,True,True,True,True
XPH,2015,True,True,True,True,True,True,True
XPH,2016,True,True,True,True,True,True,True
XPH,2017,True,True,True,True,True,True,True
XPH,2018,True,True,True,True,True,True,True
XPH,2019,True,True,True,True,True,True,True
XPH,2020,True,True,True,True,True,True,True
XPH,2021,True,True,True,True,True,True,True
XPH,2022,True,True,True,True,True,True,True
XPH,2023,True,True,True,True,True,True,True
XPH,2024,True,True,True,True,True,True,True
XPH,2025,True,True,True,True,True,True,True
YBC,2009,True,True,True,True,True,True,True
YBC,2010,True,True,True,True,True,True,True
YBC,2011,True,True,True,True,True,True,True
YBC,2012,True,True,True,True,True,True,True
YBC,2013,True,True,True,True,True,True,True
YBC,2014,True,True,True,True,True,True,True
YBC,2015,True,True,True,True,True,True,True
YBC,2016,True,True,True,True,True,True,True
YBC,2017,True,True,True,True,True,True,True
YBC,2018,True,True,True,True,True,True,True
YBC,2019,True,True,True,True,True,True,True
YBC,2020,True,True,True,True,True,True,True
YBC,2021,True,True,True,True,True,True,True
YBC,2022,True,True,True,True,True,True,True
YBC,2023,True,True,True,True,True,True,True
YBC,2024,True,True,True,True,True,True,True
YBC,2025,True,True,True,True,True,True,True
YBM,2016,True,True,True,True,True,True,True
YBM,2017,True,True,True,True,True,True,True
YBM,2018,True,True,True,True,True,True,True
YBM,2019,True,True,True,True,True,True,True
YBM,2020,True,True,True,True,True,True,True
YBM,2021,True,True,True,True,True,True,True
YBM,2022,True,True,True,True,True,True,True
YBM,2023,True,True,True,True,True,True,True
YBM,2024,True,True,True,True,True,True,True
YBM,2025,True,True,True,True,True,True,True
YEG,2014,True,True,True,True,True,True,True
YEG,2016,True,True,True,True,True,True,True
YEG,2017,True,True,True,True,True,True,True
YEG,2018,True,True,True,True,True,True,True
YEG,2019,True,True,True,True,True,True,True
YEG,2020,True,True,True,True,True,True,True
YEG,2021,True,True,True,True,True,True,True
YEG,2022,True,True,True,True,True,True,True
YEG,2023,True,True,True,True,True,True,True
YEG,2024,True,True,True,True,True,True,True
YEG,2025,True,True,True,True,True,True,True
YRC,2016,True,True,True,True,True,True,True
YRC,2017,True,True,True,True,True,True,True
YRC,2018,True,True,True,True,True,True,True
YRC,2019,True,True,True,True,True,True,True
YRC,2020,True,True,True,True,True,True,True
YRC,2021,True,True,True,True,True,True,True
YTC,2013,True,True,True,True,True,True,True
YTC,2014,True,True,True,True,True,True,True
YTC,2015,True,True,True,True,True,True,True
YTC,2016,True,True,True,True,True,True,True
YTC,2017,True,True,True,True,True,True,True
YTC,2018,True,True,True,True,True,True,True
YTC,2019,True,True,True,True,True,True,True
YTC,2020,True,True,True,True,True,True,True
YTC,2021,True,True,True,True,True,True,True
YTC,2022,True,True,True,True,True,True,True
YTC,2023,True,True,True,True,True,True,True
YTC,2024,True,True,True,True,True,True,True
YTC,2025,True,True,True,True,True,True,True
