score_year,fiscal_year,ticker,fscore,f_roa,f_cfo,f_droa,f_accrual,f_dlever,f_dliquid,f_eq_offer,f_dmargin,f_dturn,sector
2002,2002,INTC,9.0,1.0,1.0,1.0,1.0,1.0,1.0,1.0,1.0,1.0,Technology
2002,2002,BDK,8.0,1.0,1.0,1.0,1.0,1.0,0.0,1.0,1.0,1.0,
2002,2002,EKDKQ,8.0,1.0,1.0,1.0,1.0,1.0,0.0,1.0,1.0,1.0,
2002,2002,F,8.0,0.0,1.0,1.0,1.0,1.0,1.0,1.0,1.0,1.0,Consumer Cyclical
2002,2002,NXTL,8.0,1.0,1.0,1.0,1.0,1.0,1.0,0.0,1.0,1.0,
2002,2002,CL,7.0,1.0,1.0,1.0,1.0,0.0,0.0,1.0,1.0,1.0,Consumer Defensive
2002,2002,CSCO,7.0,1.0,1.0,1.0,1.0,0.0,1.0,1.0,1.0,0.0,Technology
2002,2002,IP,7.0,0.0,1.0,1.0,1.0,0.0,1.0,1.0,1.0,1.0,Consumer Cyclical
2002,2002,JNJ,7.0,1.0,1.0,1.0,1.0,1.0,0.0,1.0,1.0,0.0,Healthcare
2002,2002,OMX,7.0,1.0,1.0,1.0,1.0,0.0,1.0,0.0,1.0,1.0,
2002,2002,ORCL,7.0,1.0,1.0,1.0,1.0,0.0,0.0,1.0,1.0,1.0,Technology
2002,2002,PEP,7.0,1.0,1.0,1.0,1.0,1.0,0.0,1.0,0.0,1.0,Consumer Defensive
2002,2002,RSHCQ,7.0,1.0,1.0,1.0,1.0,0.0,0.0,1.0,1.0,1.0,
2002,2002,RTX,7.0,1.0,1.0,1.0,1.0,0.0,1.0,1.0,1.0,0.0,Industrials
2002,2002,BAX,6.0,1.0,1.0,1.0,1.0,0.0,1.0,0.0,1.0,0.0,Healthcare
2002,2002,BBWI,6.0,1.0,1.0,1.0,1.0,1.0,0.0,0.0,1.0,0.0,Consumer Cyclical
2002,2002,ETR,6.0,1.0,1.0,0.0,1.0,1.0,1.0,0.0,1.0,0.0,Utilities
2002,2002,EXC,6.0,1.0,1.0,1.0,1.0,1.0,0.0,0.0,0.0,1.0,Utilities
2002,2002,FDX,6.0,1.0,1.0,1.0,1.0,1.0,1.0,0.0,0.0,0.0,Industrials
2002,2002,HET,6.0,1.0,1.0,0.0,1.0,1.0,0.0,1.0,1.0,0.0,
2002,2002,HNZ,6.0,1.0,1.0,1.0,1.0,0.0,1.0,0.0,1.0,0.0,
2002,2002,KO,6.0,1.0,1.0,0.0,1.0,0.0,1.0,1.0,0.0,1.0,Consumer Defensive
2002,2002,MRK,6.0,1.0,1.0,0.0,1.0,1.0,1.0,1.0,0.0,0.0,Healthcare
2002,2002,PFE,6.0,1.0,1.0,1.0,1.0,0.0,0.0,1.0,1.0,0.0,Healthcare
2002,2002,PG,6.0,1.0,1.0,1.0,1.0,0.0,0.0,0.0,1.0,1.0,Consumer Defensive
2002,2002,ROK,6.0,1.0,1.0,0.0,1.0,1.0,0.0,0.0,1.0,1.0,Industrials
2002,2002,RTN,6.0,0.0,1.0,1.0,1.0,1.0,0.0,0.0,1.0,1.0,
2002,2002,TOY,6.0,1.0,1.0,0.0,1.0,0.0,1.0,1.0,0.0,1.0,
2002,2002,TXN,6.0,0.0,1.0,0.0,1.0,1.0,0.0,1.0,1.0,1.0,Technology
2002,2002,WMT,6.0,1.0,1.0,0.0,1.0,0.0,1.0,1.0,0.0,1.0,Consumer Defensive
2002,2002,XRX,6.0,1.0,1.0,1.0,1.0,0.0,1.0,0.0,1.0,0.0,Industrials
2002,2002,AA,5.0,1.0,1.0,0.0,1.0,0.0,1.0,1.0,0.0,0.0,Basic Materials
2002,2002,AEP,5.0,0.0,1.0,0.0,1.0,0.0,1.0,0.0,1.0,1.0,Utilities
2002,2002,CI,5.0,0.0,1.0,0.0,1.0,1.0,0.0,1.0,0.0,1.0,Healthcare
2002,2002,DIS,5.0,1.0,1.0,1.0,1.0,0.0,0.0,0.0,0.0,1.0,Communication Services
2002,2002,GD,5.0,1.0,1.0,0.0,1.0,1.0,1.0,0.0,0.0,0.0,Industrials
2002,2002,HSH,5.0,1.0,1.0,0.0,1.0,0.0,0.0,0.0,1.0,1.0,
2002,2002,SO,5.0,1.0,1.0,0.0,1.0,0.0,0.0,0.0,1.0,1.0,Utilities
2002,2002,UIS,5.0,1.0,1.0,1.0,1.0,0.0,0.0,0.0,1.0,0.0,Technology
2002,2002,XOM,5.0,1.0,1.0,0.0,1.0,1.0,0.0,1.0,0.0,0.0,Energy
2002,2002,AMGN,4.0,0.0,1.0,0.0,1.0,0.0,1.0,0.0,0.0,1.0,Healthcare
2002,2002,BA,4.0,1.0,1.0,0.0,1.0,0.0,1.0,0.0,0.0,0.0,Industrials
2002,2002,BMY,4.0,1.0,1.0,0.0,0.0,1.0,0.0,1.0,0.0,0.0,Healthcare
2002,2002,GE,4.0,1.0,1.0,0.0,1.0,0.0,1.0,0.0,0.0,0.0,Industrials
2002,2002,HPQ,4.0,0.0,1.0,0.0,1.0,0.0,0.0,0.0,1.0,1.0,Technology
2002,2002,IBM,4.0,1.0,1.0,0.0,1.0,0.0,0.0,1.0,0.0,0.0,Technology
2002,2002,MTLQQ,4.0,1.0,1.0,1.0,1.0,0.0,0.0,0.0,0.0,0.0,
2002,2002,TWX,4.0,0.0,1.0,0.0,1.0,1.0,1.0,0.0,0.0,0.0,
2002,2002,WY,4.0,1.0,1.0,0.0,1.0,0.0,0.0,0.0,0.0,1.0,Real Estate
2002,2002,AES,3.0,0.0,1.0,0.0,1.0,0.0,0.0,0.0,0.0,1.0,Utilities
2002,2002,HAL,3.0,0.0,1.0,0.0,1.0,1.0,0.0,0.0,0.0,0.0,Energy
2002,2002,HON,3.0,0.0,1.0,0.0,1.0,1.0,0.0,0.0,0.0,0.0,Industrials
2002,2002,JCI,3.0,0.0,1.0,0.0,1.0,1.0,0.0,0.0,0.0,0.0,Industrials
2002,2002,MCD,3.0,1.0,1.0,0.0,1.0,0.0,0.0,0.0,0.0,0.0,Consumer Cyclical
2002,2002,ATI,2.0,0.0,1.0,0.0,1.0,0.0,0.0,0.0,0.0,0.0,Industrials
2002,2002,WMB,2.0,0.0,0.0,0.0,1.0,0.0,1.0,0.0,0.0,0.0,Energy
2003,2003,BDK,9.0,1.0,1.0,1.0,1.0,1.0,1.0,1.0,1.0,1.0,
2003,2003,INTC,9.0,1.0,1.0,1.0,1.0,1.0,1.0,1.0,1.0,1.0,Technology
2003,2003,MCD,9.0,1.0,1.0,1.0,1.0,1.0,1.0,1.0,1.0,1.0,Consumer Cyclical
2003,2003,ORCL,9.0,1.0,1.0,1.0,1.0,1.0,1.0,1.0,1.0,1.0,Technology
2003,2003,XOM,9.0,1.0,1.0,1.0,1.0,1.0,1.0,1.0,1.0,1.0,Energy
2003,2003,CL,8.0,1.0,1.0,1.0,1.0,1.0,0.0,1.0,1.0,1.0,Consumer Defensive
2003,2003,HPQ,8.0,1.0,1.0,1.0,1.0,1.0,1.0,1.0,1.0,0.0,Technology
2003,2003,PG,8.0,1.0,1.0,1.0,1.0,1.0,1.0,1.0,1.0,0.0,Consumer Defensive
2003,2003,ROK,8.0,1.0,1.0,1.0,1.0,0.0,1.0,1.0,1.0,1.0,Industrials
2003,2003,RSHCQ,8.0,1.0,1.0,1.0,1.0,1.0,0.0,1.0,1.0,1.0,
2003,2003,T,8.0,1.0,1.0,1.0,1.0,1.0,1.0,1.0,1.0,0.0,Communication Services
2003,2003,TXN,8.0,1.0,1.0,1.0,1.0,1.0,1.0,0.0,1.0,1.0,Technology
2003,2003,AA,7.0,1.0,1.0,1.0,1.0,1.0,0.0,0.0,1.0,1.0,Basic Materials
2003,2003,BMY,7.0,1.0,1.0,1.0,1.0,0.0,1.0,0.0,1.0,1.0,Healthcare
2003,2003,CI,7.0,1.0,1.0,1.0,1.0,0.0,1.0,0.0,1.0,1.0,Healthcare
2003,2003,ETR,7.0,1.0,1.0,1.0,1.0,1.0,1.0,0.0,0.0,1.0,Utilities
2003,2003,FDX,7.0,1.0,1.0,1.0,1.0,1.0,0.0,0.0,1.0,1.0,Industrials
2003,2003,GD,7.0,1.0,1.0,1.0,1.0,0.0,1.0,1.0,0.0,1.0,Industrials
2003,2003,HSH,7.0,1.0,1.0,0.0,1.0,1.0,1.0,1.0,1.0,0.0,
2003,2003,IBM,7.0,1.0,1.0,1.0,1.0,1.0,0.0,1.0,0.0,1.0,Technology
2003,2003,JCI,7.0,1.0,1.0,1.0,1.0,0.0,1.0,0.0,1.0,1.0,Industrials
2003,2003,JNJ,7.0,1.0,1.0,1.0,1.0,0.0,1.0,1.0,0.0,1.0,Healthcare
2003,2003,KO,7.0,1.0,1.0,1.0,1.0,1.0,1.0,1.0,0.0,0.0,Consumer Defensive
2003,2003,MO,7.0,1.0,1.0,0.0,1.0,1.0,1.0,1.0,1.0,0.0,Consumer Defensive
2003,2003,PEP,7.0,1.0,1.0,1.0,1.0,1.0,1.0,1.0,0.0,0.0,Consumer Defensive
2003,2003,TOY,7.0,1.0,1.0,1.0,1.0,0.0,1.0,0.0,1.0,1.0,
2003,2003,WMT,7.0,1.0,1.0,1.0,1.0,1.0,0.0,1.0,1.0,0.0,Consumer Defensive
2003,2003,AEP,6.0,1.0,1.0,1.0,1.0,0.0,1.0,0.0,0.0,1.0,Utilities
2003,2003,AES,6.0,0.0,1.0,1.0,1.0,0.0,1.0,0.0,1.0,1.0,Utilities
2003,2003,AMGN,6.0,1.0,1.0,1.0,1.0,1.0,0.0,1.0,0.0,0.0,Healthcare
2003,2003,CSCO,6.0,1.0,1.0,1.0,1.0,0.0,0.0,1.0,1.0,0.0,Technology
2003,2003,HET,6.0,1.0,1.0,1.0,1.0,1.0,1.0,0.0,0.0,0.0,
2003,2003,HON,6.0,1.0,1.0,1.0,1.0,1.0,1.0,0.0,0.0,0.0,Industrials
2003,2003,MDT,6.0,1.0,1.0,1.0,1.0,0.0,1.0,0.0,1.0,0.0,Healthcare
2003,2003,MRK,6.0,1.0,1.0,0.0,1.0,0.0,1.0,1.0,1.0,0.0,Healthcare
2003,2003,NXTL,6.0,1.0,1.0,1.0,1.0,1.0,0.0,0.0,0.0,1.0,
2003,2003,OMX,6.0,1.0,1.0,0.0,1.0,0.0,1.0,0.0,1.0,1.0,
2003,2003,RTN,6.0,1.0,1.0,1.0,1.0,0.0,1.0,0.0,0.0,1.0,
2003,2003,SLB,6.0,1.0,1.0,1.0,1.0,0.0,1.0,0.0,1.0,0.0,Energy
2003,2003,SO,6.0,1.0,1.0,1.0,1.0,1.0,1.0,0.0,0.0,0.0,Utilities
2003,2003,TWX,6.0,1.0,1.0,1.0,1.0,0.0,0.0,0.0,1.0,1.0,
2003,2003,UIS,6.0,1.0,1.0,1.0,1.0,0.0,1.0,0.0,0.0,1.0,Technology
2003,2003,WY,6.0,1.0,1.0,0.0,1.0,1.0,1.0,0.0,1.0,0.0,Real Estate
2003,2003,XRX,6.0,1.0,1.0,1.0,1.0,1.0,0.0,0.0,0.0,1.0,Industrials
2003,2003,BA,5.0,1.0,1.0,1.0,1.0,0.0,1.0,0.0,0.0,0.0,Industrials
2003,2003,BAX,5.0,1.0,1.0,0.0,1.0,1.0,1.0,0.0,0.0,0.0,Healthcare
2003,2003,BBWI,5.0,1.0,1.0,0.0,1.0,0.0,1.0,0.0,1.0,0.0,Consumer Cyclical
2003,2003,DIS,5.0,1.0,1.0,0.0,1.0,1.0,0.0,0.0,1.0,0.0,Communication Services
2003,2003,EKDKQ,5.0,1.0,1.0,0.0,1.0,0.0,1.0,0.0,0.0,1.0,
2003,2003,EXC,5.0,1.0,1.0,0.0,1.0,1.0,1.0,0.0,0.0,0.0,Utilities
2003,2003,F,5.0,1.0,1.0,1.0,1.0,0.0,1.0,0.0,0.0,0.0,Consumer Cyclical
2003,2003,GE,5.0,1.0,1.0,0.0,1.0,0.0,1.0,0.0,1.0,0.0,Industrials
2003,2003,HD,5.0,1.0,1.0,0.0,1.0,1.0,0.0,0.0,1.0,0.0,Consumer Cyclical
2003,2003,IP,5.0,1.0,1.0,1.0,1.0,0.0,0.0,0.0,0.0,1.0,Consumer Cyclical
2003,2003,MTLQQ,5.0,1.0,1.0,1.0,1.0,0.0,0.0,0.0,1.0,0.0,
2003,2003,PFE,5.0,1.0,1.0,0.0,1.0,1.0,0.0,0.0,0.0,1.0,Healthcare
2003,2003,RTX,5.0,1.0,1.0,0.0,1.0,1.0,0.0,0.0,0.0,1.0,Industrials
2003,2003,WMB,5.0,0.0,1.0,1.0,1.0,0.0,1.0,0.0,0.0,1.0,Energy
2003,2003,HAL,4.0,0.0,0.0,1.0,1.0,0.0,0.0,0.0,1.0,1.0,Energy
2003,2003,HNZ,4.0,1.0,1.0,0.0,1.0,0.0,1.0,0.0,0.0,0.0,
2003,2003,ATI,3.0,0.0,1.0,0.0,1.0,0.0,0.0,0.0,0.0,1.0,Industrials
2004,2004,ORCL,9.0,1.0,1.0,1.0,1.0,1.0,1.0,1.0,1.0,1.0,Technology
2004,2004,ROK,9.0,1.0,1.0,1.0,1.0,1.0,1.0,1.0,1.0,1.0,Industrials
2004,2004,TXN,9.0,1.0,1.0,1.0,1.0,1.0,1.0,1.0,1.0,1.0,Technology
2004,2004,BA,8.0,1.0,1.0,1.0,1.0,1.0,0.0,1.0,1.0,1.0,Industrials
2004,2004,DIS,8.0,1.0,1.0,1.0,1.0,1.0,0.0,1.0,1.0,1.0,Communication Services
2004,2004,EXC,8.0,1.0,1.0,1.0,1.0,1.0,1.0,1.0,1.0,0.0,Utilities
2004,2004,INTC,8.0,1.0,1.0,1.0,1.0,1.0,0.0,1.0,1.0,1.0,Technology
2004,2004,JCI,8.0,1.0,1.0,1.0,1.0,1.0,1.0,0.0,1.0,1.0,Industrials
2004,2004,MCD,8.0,1.0,1.0,1.0,1.0,1.0,1.0,0.0,1.0,1.0,Consumer Cyclical
2004,2004,NXTL,8.0,1.0,1.0,1.0,1.0,1.0,1.0,1.0,0.0,1.0,
2004,2004,PEP,8.0,1.0,1.0,1.0,1.0,0.0,1.0,1.0,1.0,1.0,Consumer Defensive
2004,2004,PFE,8.0,1.0,1.0,1.0,1.0,1.0,1.0,1.0,1.0,0.0,Healthcare
2004,2004,PG,8.0,1.0,1.0,1.0,1.0,1.0,0.0,1.0,1.0,1.0,Consumer Defensive
2004,2004,RSHCQ,8.0,1.0,1.0,1.0,1.0,1.0,0.0,1.0,1.0,1.0,
2004,2004,TWX,8.0,1.0,1.0,1.0,1.0,1.0,1.0,0.0,1.0,1.0,
2004,2004,WY,8.0,1.0,1.0,1.0,1.0,1.0,1.0,0.0,1.0,1.0,Real Estate
2004,2004,XOM,8.0,1.0,1.0,1.0,1.0,1.0,1.0,1.0,0.0,1.0,Energy
2004,2004,AES,7.0,1.0,1.0,1.0,1.0,0.0,1.0,0.0,1.0,1.0,Utilities
2004,2004,ATI,7.0,1.0,1.0,1.0,1.0,0.0,1.0,0.0,1.0,1.0,Industrials
2004,2004,BBWI,7.0,1.0,1.0,1.0,1.0,1.0,1.0,1.0,0.0,0.0,Consumer Cyclical
2004,2004,CSCO,7.0,1.0,1.0,1.0,1.0,0.0,1.0,1.0,0.0,1.0,Technology
2004,2004,F,7.0,1.0,1.0,1.0,1.0,1.0,0.0,1.0,1.0,0.0,Consumer Cyclical
2004,2004,HD,7.0,1.0,1.0,1.0,1.0,1.0,0.0,1.0,1.0,0.0,Consumer Cyclical
2004,2004,HNZ,7.0,1.0,1.0,1.0,1.0,1.0,0.0,0.0,1.0,1.0,
2004,2004,HPQ,7.0,1.0,1.0,1.0,1.0,1.0,0.0,1.0,0.0,1.0,Technology
2004,2004,IBM,7.0,1.0,1.0,1.0,1.0,1.0,0.0,1.0,1.0,0.0,Technology
2004,2004,KO,7.0,1.0,1.0,0.0,1.0,1.0,1.0,1.0,1.0,0.0,Consumer Defensive
2004,2004,MDT,7.0,1.0,1.0,1.0,1.0,1.0,0.0,1.0,0.0,1.0,Healthcare
2004,2004,SLB,7.0,1.0,1.0,1.0,1.0,1.0,0.0,0.0,1.0,1.0,Energy
2004,2004,VZ,7.0,1.0,1.0,1.0,1.0,1.0,1.0,0.0,0.0,1.0,Communication Services
2004,2004,WMT,7.0,1.0,1.0,1.0,1.0,1.0,0.0,1.0,1.0,0.0,Consumer Defensive
2004,2004,AA,6.0,1.0,1.0,1.0,1.0,1.0,0.0,0.0,0.0,1.0,Basic Materials
2004,2004,BDK,6.0,1.0,1.0,1.0,1.0,0.0,0.0,0.0,1.0,1.0,
2004,2004,CI,6.0,1.0,1.0,1.0,1.0,0.0,0.0,1.0,1.0,0.0,Healthcare
2004,2004,CL,6.0,1.0,1.0,0.0,1.0,0.0,0.0,1.0,1.0,1.0,Consumer Defensive
2004,2004,EKDKQ,6.0,1.0,1.0,1.0,1.0,1.0,1.0,0.0,0.0,0.0,
2004,2004,ETR,6.0,1.0,1.0,0.0,1.0,1.0,1.0,1.0,0.0,0.0,Utilities
2004,2004,GD,6.0,1.0,1.0,0.0,1.0,1.0,1.0,0.0,1.0,0.0,Industrials
2004,2004,HAL,6.0,0.0,1.0,1.0,1.0,1.0,1.0,0.0,0.0,1.0,Energy
2004,2004,HON,6.0,1.0,1.0,0.0,1.0,1.0,0.0,1.0,0.0,1.0,Industrials
2004,2004,JNJ,6.0,1.0,1.0,0.0,1.0,1.0,1.0,0.0,1.0,0.0,Healthcare
2004,2004,MRK,6.0,1.0,1.0,0.0,1.0,1.0,0.0,1.0,0.0,1.0,Healthcare
2004,2004,RTN,6.0,1.0,1.0,1.0,1.0,1.0,0.0,0.0,0.0,1.0,
2004,2004,RTX,6.0,1.0,1.0,0.0,1.0,1.0,1.0,1.0,0.0,0.0,Industrials
2004,2004,TOY,6.0,1.0,1.0,0.0,1.0,1.0,1.0,0.0,1.0,0.0,
2004,2004,WMB,6.0,1.0,1.0,1.0,1.0,1.0,0.0,0.0,1.0,0.0,Energy
2004,2004,XRX,6.0,1.0,1.0,1.0,1.0,0.0,1.0,0.0,0.0,1.0,Industrials
2004,2004,AEP,5.0,1.0,1.0,1.0,1.0,1.0,0.0,0.0,0.0,0.0,Utilities
2004,2004,AMGN,5.0,1.0,1.0,0.0,1.0,0.0,0.0,1.0,0.0,1.0,Healthcare
2004,2004,BMY,5.0,1.0,1.0,0.0,1.0,1.0,0.0,0.0,1.0,0.0,Healthcare
2004,2004,HET,5.0,1.0,1.0,1.0,1.0,0.0,0.0,0.0,0.0,1.0,
2004,2004,MO,5.0,1.0,1.0,0.0,1.0,1.0,1.0,0.0,0.0,0.0,Consumer Defensive
2004,2004,MSFT,5.0,1.0,1.0,0.0,1.0,0.0,1.0,0.0,1.0,0.0,Technology
2004,2004,SO,5.0,1.0,1.0,0.0,1.0,1.0,1.0,0.0,0.0,0.0,Utilities
2004,2004,UIS,5.0,1.0,1.0,0.0,1.0,1.0,1.0,0.0,0.0,0.0,Technology
2004,2004,BAX,4.0,1.0,1.0,0.0,1.0,1.0,0.0,0.0,0.0,0.0,Healthcare
2004,2004,FDX,4.0,1.0,1.0,0.0,1.0,0.0,0.0,0.0,1.0,0.0,Industrials
2004,2004,GE,4.0,1.0,1.0,0.0,1.0,0.0,0.0,0.0,0.0,1.0,Industrials
2004,2004,HSH,4.0,1.0,1.0,0.0,1.0,1.0,0.0,0.0,0.0,0.0,
2004,2004,IP,4.0,0.0,1.0,0.0,1.0,0.0,1.0,0.0,1.0,0.0,Consumer Cyclical
2004,2004,MTLQQ,4.0,1.0,1.0,0.0,1.0,0.0,1.0,0.0,0.0,0.0,
2004,2004,T,4.0,1.0,1.0,0.0,1.0,0.0,0.0,1.0,0.0,0.0,Communication Services
2004,2004,OMX,3.0,0.0,0.0,0.0,1.0,1.0,1.0,0.0,0.0,0.0,
2005,2005,AMGN,9.0,1.0,1.0,1.0,1.0,1.0,1.0,1.0,1.0,1.0,Healthcare
2005,2005,RTN,9.0,1.0,1.0,1.0,1.0,1.0,1.0,1.0,1.0,1.0,
2005,2005,BA,8.0,1.0,1.0,1.0,1.0,1.0,1.0,1.0,1.0,0.0,Industrials
2005,2005,GD,8.0,1.0,1.0,1.0,1.0,1.0,0.0,1.0,1.0,1.0,Industrials
2005,2005,HON,8.0,1.0,1.0,1.0,1.0,1.0,0.0,1.0,1.0,1.0,Industrials
2005,2005,MCD,8.0,1.0,1.0,1.0,1.0,1.0,1.0,1.0,1.0,0.0,Consumer Cyclical
2005,2005,ROK,8.0,1.0,1.0,1.0,1.0,1.0,0.0,1.0,1.0,1.0,Industrials
2005,2005,SLB,8.0,1.0,1.0,1.0,1.0,1.0,1.0,0.0,1.0,1.0,Energy
2005,2005,TXN,8.0,1.0,1.0,1.0,1.0,1.0,0.0,1.0,1.0,1.0,Technology
2005,2005,XOM,8.0,1.0,1.0,1.0,1.0,0.0,1.0,1.0,1.0,1.0,Energy
2005,2005,XRX,8.0,1.0,1.0,1.0,1.0,1.0,1.0,1.0,1.0,0.0,Industrials
2005,2005,ATI,7.0,1.0,1.0,1.0,0.0,1.0,1.0,0.0,1.0,1.0,Industrials
2005,2005,BAX,7.0,1.0,1.0,1.0,1.0,1.0,0.0,0.0,1.0,1.0,Healthcare
2005,2005,CPB,7.0,1.0,1.0,1.0,1.0,1.0,1.0,1.0,0.0,0.0,Consumer Defensive
2005,2005,ETR,7.0,1.0,1.0,1.0,1.0,0.0,1.0,1.0,0.0,1.0,Utilities
2005,2005,INTC,7.0,1.0,1.0,1.0,1.0,0.0,0.0,1.0,1.0,1.0,Technology
2005,2005,JNJ,7.0,1.0,1.0,1.0,1.0,1.0,1.0,0.0,1.0,0.0,Healthcare
2005,2005,PEP,7.0,1.0,1.0,0.0,1.0,1.0,0.0,1.0,1.0,1.0,Consumer Defensive
2005,2005,TWX,7.0,1.0,1.0,0.0,1.0,1.0,1.0,1.0,1.0,0.0,
2005,2005,WMT,7.0,1.0,1.0,1.0,1.0,0.0,0.0,1.0,1.0,1.0,Consumer Defensive
2005,2005,AA,6.0,1.0,1.0,0.0,1.0,1.0,0.0,1.0,0.0,1.0,Basic Materials
2005,2005,AES,6.0,1.0,1.0,1.0,1.0,1.0,0.0,0.0,0.0,1.0,Utilities
2005,2005,CI,6.0,1.0,1.0,1.0,0.0,0.0,1.0,1.0,0.0,1.0,Healthcare
2005,2005,CL,6.0,1.0,1.0,0.0,1.0,1.0,1.0,1.0,0.0,0.0,Consumer Defensive
2005,2005,CSCO,6.0,1.0,1.0,1.0,1.0,0.0,0.0,1.0,0.0,1.0,Technology
2005,2005,F,6.0,1.0,1.0,0.0,1.0,1.0,1.0,0.0,0.0,1.0,Consumer Cyclical
2005,2005,FDX,6.0,1.0,1.0,1.0,1.0,1.0,1.0,0.0,0.0,0.0,Industrials
2005,2005,HAL,6.0,1.0,1.0,1.0,0.0,1.0,1.0,0.0,1.0,0.0,Energy
2005,2005,HD,6.0,1.0,1.0,1.0,1.0,0.0,0.0,1.0,1.0,0.0,Consumer Cyclical
2005,2005,HPQ,6.0,1.0,1.0,0.0,1.0,1.0,0.0,1.0,0.0,1.0,Technology
2005,2005,IBM,6.0,1.0,1.0,0.0,1.0,0.0,1.0,1.0,1.0,0.0,Technology
2005,2005,JCI,6.0,1.0,1.0,1.0,1.0,1.0,0.0,0.0,0.0,1.0,Industrials
2005,2005,MO,6.0,1.0,1.0,1.0,1.0,1.0,0.0,0.0,0.0,1.0,Consumer Defensive
2005,2005,MSFT,6.0,1.0,1.0,1.0,1.0,0.0,0.0,1.0,1.0,0.0,Technology
2005,2005,OMX,6.0,0.0,0.0,1.0,1.0,1.0,0.0,1.0,1.0,1.0,
2005,2005,ORCL,6.0,1.0,1.0,0.0,1.0,1.0,0.0,1.0,1.0,0.0,Technology
2005,2005,PFE,6.0,1.0,1.0,0.0,1.0,1.0,1.0,1.0,0.0,0.0,Healthcare
2005,2005,PG,6.0,1.0,1.0,0.0,1.0,1.0,1.0,1.0,0.0,0.0,Consumer Defensive
2005,2005,RTX,6.0,1.0,1.0,1.0,1.0,0.0,0.0,1.0,1.0,0.0,Industrials
2005,2005,SO,6.0,1.0,1.0,0.0,1.0,1.0,0.0,1.0,0.0,1.0,Utilities
2005,2005,WMB,6.0,1.0,1.0,1.0,1.0,1.0,0.0,0.0,0.0,1.0,Energy
2005,2005,AEP,5.0,1.0,1.0,0.0,1.0,0.0,0.0,1.0,1.0,0.0,Utilities
2005,2005,BDK,5.0,1.0,1.0,0.0,1.0,1.0,0.0,1.0,0.0,0.0,
2005,2005,BMY,5.0,1.0,1.0,1.0,0.0,1.0,1.0,0.0,0.0,0.0,Healthcare
2005,2005,DIS,5.0,1.0,1.0,1.0,1.0,0.0,1.0,0.0,0.0,0.0,Communication Services
2005,2005,EXC,5.0,1.0,1.0,0.0,1.0,1.0,0.0,0.0,0.0,1.0,Utilities
2005,2005,HET,5.0,1.0,1.0,0.0,1.0,0.0,0.0,0.0,1.0,1.0,
2005,2005,HSH,5.0,1.0,1.0,0.0,1.0,0.0,1.0,1.0,0.0,0.0,
2005,2005,IP,5.0,1.0,1.0,1.0,1.0,1.0,0.0,0.0,0.0,0.0,Consumer Cyclical
2005,2005,KO,5.0,1.0,1.0,0.0,1.0,1.0,0.0,1.0,0.0,0.0,Consumer Defensive
2005,2005,MDT,5.0,1.0,1.0,0.0,1.0,0.0,1.0,0.0,1.0,0.0,Healthcare
2005,2005,MMM,5.0,1.0,1.0,0.0,1.0,0.0,0.0,1.0,1.0,0.0,Industrials
2005,2005,MRK,5.0,1.0,1.0,0.0,1.0,0.0,1.0,1.0,0.0,0.0,Healthcare
2005,2005,RSHCQ,5.0,1.0,1.0,0.0,1.0,1.0,0.0,1.0,0.0,0.0,
2005,2005,BBWI,4.0,1.0,1.0,0.0,1.0,0.0,0.0,1.0,0.0,0.0,Consumer Cyclical
2005,2005,GE,4.0,1.0,1.0,0.0,1.0,0.0,0.0,1.0,0.0,0.0,Industrials
2005,2005,VZ,4.0,1.0,1.0,0.0,1.0,1.0,0.0,0.0,0.0,0.0,Communication Services
2005,2005,WY,4.0,1.0,1.0,0.0,1.0,1.0,0.0,0.0,0.0,0.0,Real Estate
2005,2005,EKDKQ,3.0,0.0,1.0,0.0,1.0,0.0,0.0,0.0,0.0,1.0,
2005,2005,T,3.0,0.0,1.0,0.0,1.0,0.0,1.0,0.0,0.0,0.0,Communication Services
2005,2005,UIS,2.0,0.0,1.0,0.0,1.0,0.0,0.0,0.0,0.0,0.0,Technology
2005,2005,MTLQQ,1.0,0.0,0.0,0.0,0.0,1.0,0.0,0.0,0.0,0.0,
2006,2006,IP,9.0,1.0,1.0,1.0,1.0,1.0,1.0,1.0,1.0,1.0,Consumer Cyclical
2006,2006,AA,8.0,1.0,1.0,1.0,1.0,0.0,1.0,1.0,1.0,1.0,Basic Materials
2006,2006,CL,8.0,1.0,1.0,1.0,1.0,1.0,0.0,1.0,1.0,1.0,Consumer Defensive
2006,2006,EXC,8.0,1.0,1.0,1.0,1.0,1.0,1.0,0.0,1.0,1.0,Utilities
2006,2006,FDX,8.0,1.0,1.0,1.0,1.0,1.0,1.0,0.0,1.0,1.0,Industrials
2006,2006,HAL,8.0,1.0,1.0,1.0,1.0,1.0,1.0,1.0,1.0,0.0,Energy
2006,2006,HON,8.0,1.0,1.0,1.0,1.0,0.0,1.0,1.0,1.0,1.0,Industrials
2006,2006,HPQ,8.0,1.0,1.0,1.0,1.0,1.0,0.0,1.0,1.0,1.0,Technology
2006,2006,IBM,8.0,1.0,1.0,1.0,1.0,1.0,0.0,1.0,1.0,1.0,Technology
2006,2006,MCD,8.0,1.0,1.0,1.0,1.0,1.0,1.0,1.0,1.0,0.0,Consumer Cyclical
2006,2006,RTN,8.0,1.0,1.0,1.0,1.0,1.0,1.0,1.0,1.0,0.0,
2006,2006,AES,7.0,1.0,1.0,0.0,1.0,1.0,1.0,0.0,1.0,1.0,Utilities
2006,2006,ATI,7.0,1.0,1.0,1.0,0.0,1.0,1.0,0.0,1.0,1.0,Industrials
2006,2006,BA,7.0,1.0,1.0,0.0,1.0,1.0,0.0,1.0,1.0,1.0,Industrials
2006,2006,BAX,7.0,1.0,1.0,1.0,1.0,0.0,1.0,0.0,1.0,1.0,Healthcare
2006,2006,CPB,7.0,1.0,1.0,1.0,1.0,1.0,0.0,1.0,1.0,0.0,Consumer Defensive
2006,2006,ETR,7.0,1.0,1.0,1.0,1.0,1.0,1.0,1.0,0.0,0.0,Utilities
2006,2006,GD,7.0,1.0,1.0,1.0,1.0,1.0,0.0,0.0,1.0,1.0,Industrials
2006,2006,GE,7.0,1.0,1.0,1.0,1.0,0.0,1.0,1.0,0.0,1.0,Industrials
2006,2006,JCI,7.0,1.0,1.0,1.0,1.0,1.0,1.0,1.0,0.0,0.0,Industrials
2006,2006,KO,7.0,1.0,1.0,1.0,1.0,0.0,0.0,1.0,1.0,1.0,Consumer Defensive
2006,2006,MO,7.0,1.0,1.0,1.0,1.0,1.0,1.0,0.0,1.0,0.0,Consumer Defensive
2006,2006,PFE,7.0,1.0,1.0,1.0,0.0,1.0,1.0,1.0,0.0,1.0,Healthcare
2006,2006,PG,7.0,1.0,1.0,1.0,1.0,0.0,1.0,0.0,1.0,1.0,Consumer Defensive
2006,2006,T,7.0,1.0,1.0,1.0,1.0,0.0,1.0,0.0,1.0,1.0,Communication Services
2006,2006,TWX,7.0,1.0,1.0,1.0,1.0,0.0,0.0,1.0,1.0,1.0,
2006,2006,TXN,7.0,1.0,1.0,1.0,0.0,1.0,0.0,1.0,1.0,1.0,Technology
2006,2006,WY,7.0,1.0,1.0,0.0,1.0,1.0,0.0,1.0,1.0,1.0,Real Estate
2006,2006,BBWI,6.0,1.0,1.0,1.0,1.0,0.0,0.0,1.0,0.0,1.0,Consumer Cyclical
2006,2006,CI,6.0,1.0,1.0,1.0,0.0,0.0,0.0,1.0,1.0,1.0,Healthcare
2006,2006,DIS,6.0,1.0,1.0,1.0,1.0,0.0,0.0,0.0,1.0,1.0,Communication Services
2006,2006,HD,6.0,1.0,1.0,1.0,1.0,0.0,0.0,1.0,1.0,0.0,Consumer Cyclical
2006,2006,HSH,6.0,1.0,1.0,0.0,1.0,1.0,0.0,1.0,1.0,0.0,
2006,2006,MMM,6.0,1.0,1.0,1.0,0.0,1.0,0.0,1.0,0.0,1.0,Industrials
2006,2006,PEP,6.0,1.0,1.0,1.0,1.0,0.0,1.0,1.0,0.0,0.0,Consumer Defensive
2006,2006,RTX,6.0,1.0,1.0,1.0,1.0,0.0,1.0,1.0,0.0,0.0,Industrials
2006,2006,SLB,6.0,1.0,1.0,1.0,1.0,0.0,0.0,0.0,1.0,1.0,Energy
2006,2006,VZ,6.0,1.0,1.0,0.0,1.0,1.0,0.0,1.0,0.0,1.0,Communication Services
2006,2006,WMB,6.0,1.0,1.0,0.0,1.0,1.0,1.0,0.0,1.0,0.0,Energy
2006,2006,XOM,6.0,1.0,1.0,1.0,1.0,0.0,0.0,1.0,1.0,0.0,Energy
2006,2006,XRX,6.0,1.0,1.0,1.0,1.0,1.0,0.0,0.0,0.0,1.0,Industrials
2006,2006,AEP,5.0,1.0,1.0,1.0,1.0,0.0,0.0,0.0,1.0,0.0,Utilities
2006,2006,BDK,5.0,1.0,1.0,0.0,1.0,0.0,1.0,1.0,0.0,0.0,
2006,2006,EKDKQ,5.0,0.0,1.0,1.0,1.0,1.0,1.0,0.0,0.0,0.0,
2006,2006,HET,5.0,1.0,1.0,0.0,1.0,1.0,0.0,0.0,1.0,0.0,
2006,2006,JNJ,5.0,1.0,1.0,0.0,1.0,1.0,0.0,1.0,0.0,0.0,Healthcare
2006,2006,MDT,5.0,1.0,1.0,1.0,0.0,0.0,1.0,1.0,0.0,0.0,Healthcare
2006,2006,ROK,5.0,1.0,1.0,1.0,0.0,1.0,0.0,0.0,1.0,0.0,Industrials
2006,2006,WMT,5.0,1.0,1.0,0.0,1.0,0.0,0.0,1.0,1.0,0.0,Consumer Defensive
2006,2006,BMY,4.0,1.0,1.0,0.0,1.0,1.0,0.0,0.0,0.0,0.0,Healthcare
2006,2006,MRK,4.0,1.0,1.0,0.0,1.0,0.0,0.0,1.0,0.0,0.0,Healthcare
2006,2006,SO,4.0,1.0,1.0,0.0,1.0,1.0,0.0,0.0,0.0,0.0,Utilities
2006,2006,MTLQQ,3.0,0.0,0.0,1.0,0.0,1.0,0.0,0.0,0.0,1.0,
2006,2006,F,2.0,0.0,1.0,0.0,1.0,0.0,0.0,0.0,0.0,0.0,Consumer Cyclical
2007,2007,BA,9.0,1.0,1.0,1.0,1.0,1.0,1.0,1.0,1.0,1.0,Industrials
2007,2007,BAX,8.0,1.0,1.0,1.0,1.0,1.0,1.0,1.0,1.0,0.0,Healthcare
2007,2007,CL,8.0,1.0,1.0,1.0,1.0,0.0,1.0,1.0,1.0,1.0,Consumer Defensive
2007,2007,IBM,8.0,1.0,1.0,1.0,1.0,0.0,1.0,1.0,1.0,1.0,Technology
2007,2007,RTN,8.0,1.0,1.0,1.0,0.0,1.0,1.0,1.0,1.0,1.0,
2007,2007,TGT,8.0,1.0,1.0,1.0,1.0,1.0,0.0,1.0,1.0,1.0,Consumer Defensive
2007,2007,BMY,7.0,1.0,1.0,1.0,1.0,1.0,0.0,0.0,1.0,1.0,Healthcare
2007,2007,CI,7.0,1.0,1.0,1.0,1.0,0.0,1.0,1.0,0.0,1.0,Healthcare
2007,2007,DIS,7.0,1.0,1.0,1.0,1.0,0.0,1.0,1.0,1.0,0.0,Communication Services
2007,2007,EXC,7.0,1.0,1.0,1.0,1.0,1.0,0.0,1.0,0.0,1.0,Utilities
2007,2007,GD,7.0,1.0,1.0,0.0,1.0,1.0,1.0,1.0,1.0,0.0,Industrials
2007,2007,GE,7.0,1.0,1.0,1.0,1.0,0.0,0.0,1.0,1.0,1.0,Industrials
2007,2007,HON,7.0,1.0,1.0,1.0,1.0,0.0,0.0,1.0,1.0,1.0,Industrials
2007,2007,HPQ,7.0,1.0,1.0,1.0,1.0,0.0,0.0,1.0,1.0,1.0,Technology
2007,2007,IP,7.0,1.0,1.0,1.0,1.0,0.0,0.0,1.0,1.0,1.0,Consumer Cyclical
2007,2007,MMM,7.0,1.0,1.0,1.0,1.0,0.0,1.0,1.0,0.0,1.0,Industrials
2007,2007,ROK,7.0,1.0,1.0,1.0,0.0,1.0,0.0,1.0,1.0,1.0,Industrials
2007,2007,RTX,7.0,1.0,1.0,1.0,1.0,0.0,1.0,1.0,0.0,1.0,Industrials
2007,2007,SLB,7.0,1.0,1.0,1.0,1.0,1.0,1.0,0.0,1.0,0.0,Energy
2007,2007,T,7.0,1.0,1.0,0.0,1.0,1.0,0.0,1.0,1.0,1.0,Communication Services
2007,2007,WMT,7.0,1.0,1.0,0.0,1.0,1.0,1.0,1.0,1.0,0.0,Consumer Defensive
2007,2007,ATI,6.0,1.0,1.0,1.0,0.0,1.0,1.0,0.0,1.0,0.0,Industrials
2007,2007,CVX,6.0,1.0,1.0,1.0,1.0,1.0,0.0,1.0,0.0,0.0,Energy
2007,2007,ETR,6.0,1.0,1.0,0.0,1.0,0.0,0.0,1.0,1.0,1.0,Utilities
2007,2007,F,6.0,0.0,1.0,1.0,1.0,1.0,0.0,0.0,1.0,1.0,Consumer Cyclical
2007,2007,HD,6.0,1.0,1.0,0.0,1.0,0.0,1.0,1.0,1.0,0.0,Consumer Cyclical
2007,2007,HET,6.0,1.0,1.0,1.0,1.0,0.0,1.0,0.0,0.0,1.0,
2007,2007,HSH,6.0,1.0,1.0,0.0,0.0,1.0,1.0,1.0,0.0,1.0,
2007,2007,KO,6.0,1.0,1.0,1.0,1.0,0.0,0.0,1.0,0.0,1.0,Consumer Defensive
2007,2007,MCD,6.0,1.0,1.0,0.0,1.0,1.0,0.0,1.0,0.0,1.0,Consumer Cyclical
2007,2007,MDT,6.0,1.0,1.0,0.0,1.0,1.0,1.0,1.0,0.0,0.0,Healthcare
2007,2007,MRK,6.0,1.0,1.0,0.0,1.0,1.0,1.0,0.0,0.0,1.0,Healthcare
2007,2007,PEP,6.0,1.0,1.0,1.0,1.0,0.0,0.0,1.0,0.0,1.0,Consumer Defensive
2007,2007,PG,6.0,1.0,1.0,0.0,1.0,1.0,0.0,1.0,1.0,0.0,Consumer Defensive
2007,2007,TWX,6.0,1.0,1.0,0.0,1.0,1.0,1.0,1.0,0.0,0.0,
2007,2007,TXN,6.0,1.0,1.0,0.0,1.0,0.0,0.0,1.0,1.0,1.0,Technology
2007,2007,VZ,6.0,1.0,1.0,0.0,1.0,1.0,1.0,1.0,0.0,0.0,Communication Services
2007,2007,WMB,6.0,1.0,1.0,1.0,1.0,0.0,0.0,1.0,1.0,0.0,Energy
2007,2007,XRX,6.0,1.0,1.0,0.0,1.0,0.0,1.0,1.0,0.0,1.0,Industrials
2007,2007,ABT,5.0,1.0,1.0,1.0,1.0,0.0,1.0,0.0,0.0,0.0,Healthcare
2007,2007,AEP,5.0,1.0,1.0,1.0,1.0,0.0,0.0,0.0,0.0,1.0,Utilities
2007,2007,CAT,5.0,1.0,1.0,0.0,1.0,1.0,0.0,1.0,0.0,0.0,Industrials
2007,2007,FDX,5.0,1.0,1.0,1.0,1.0,0.0,1.0,0.0,0.0,0.0,Industrials
2007,2007,HAL,5.0,1.0,1.0,1.0,0.0,1.0,0.0,1.0,0.0,0.0,Energy
2007,2007,JCI,5.0,0.0,1.0,0.0,1.0,1.0,0.0,1.0,0.0,1.0,Industrials
2007,2007,JNJ,5.0,1.0,1.0,0.0,1.0,0.0,1.0,1.0,0.0,0.0,Healthcare
2007,2007,PFE,5.0,1.0,1.0,0.0,1.0,0.0,0.0,1.0,0.0,1.0,Healthcare
2007,2007,SO,5.0,1.0,1.0,1.0,1.0,0.0,1.0,0.0,0.0,0.0,Utilities
2007,2007,WY,5.0,1.0,1.0,1.0,0.0,1.0,0.0,1.0,0.0,0.0,Real Estate
2007,2007,XOM,5.0,1.0,1.0,0.0,1.0,0.0,0.0,1.0,0.0,1.0,Energy
2007,2007,AA,4.0,1.0,1.0,0.0,1.0,0.0,0.0,1.0,0.0,0.0,Basic Materials
2007,2007,AES,4.0,0.0,1.0,0.0,1.0,0.0,1.0,0.0,0.0,1.0,Utilities
2007,2007,CPB,4.0,1.0,1.0,0.0,0.0,0.0,1.0,1.0,0.0,0.0,Consumer Defensive
2007,2007,MTLQQ,4.0,0.0,1.0,0.0,1.0,0.0,0.0,0.0,1.0,1.0,
2008,2008,AMGN,8.0,1.0,1.0,1.0,1.0,1.0,1.0,1.0,1.0,0.0,Healthcare
2008,2008,CL,8.0,1.0,1.0,1.0,1.0,0.0,1.0,1.0,1.0,1.0,Consumer Defensive
2008,2008,CVX,8.0,1.0,1.0,1.0,1.0,1.0,0.0,1.0,1.0,1.0,Energy
2008,2008,DIS,8.0,1.0,1.0,0.0,1.0,1.0,1.0,1.0,1.0,1.0,Communication Services
2008,2008,MCD,8.0,1.0,1.0,1.0,1.0,0.0,1.0,1.0,1.0,1.0,Consumer Cyclical
2008,2008,PG,8.0,1.0,1.0,1.0,1.0,1.0,1.0,1.0,0.0,1.0,Consumer Defensive
2008,2008,VZ,8.0,1.0,1.0,1.0,1.0,0.0,1.0,1.0,1.0,1.0,Communication Services
2008,2008,WMB,8.0,1.0,1.0,1.0,1.0,0.0,1.0,1.0,1.0,1.0,Energy
2008,2008,ABT,7.0,1.0,1.0,1.0,1.0,1.0,0.0,0.0,1.0,1.0,Healthcare
2008,2008,CSCO,7.0,1.0,1.0,0.0,1.0,1.0,1.0,1.0,1.0,0.0,Technology
2008,2008,HNZ,7.0,1.0,1.0,1.0,1.0,0.0,1.0,1.0,0.0,1.0,
2008,2008,IBM,7.0,1.0,1.0,1.0,1.0,1.0,0.0,1.0,1.0,0.0,Technology
2008,2008,JNJ,7.0,1.0,1.0,1.0,1.0,0.0,1.0,1.0,1.0,0.0,Healthcare
2008,2008,KO,7.0,1.0,1.0,0.0,1.0,1.0,1.0,1.0,1.0,0.0,Consumer Defensive
2008,2008,MDT,7.0,1.0,1.0,0.0,1.0,1.0,0.0,1.0,1.0,1.0,Healthcare
2008,2008,MRK,7.0,1.0,1.0,1.0,0.0,1.0,1.0,1.0,1.0,0.0,Healthcare
2008,2008,MSFT,7.0,1.0,1.0,1.0,1.0,0.0,0.0,1.0,1.0,1.0,Technology
2008,2008,ORCL,7.0,1.0,1.0,1.0,1.0,0.0,1.0,0.0,1.0,1.0,Technology
2008,2008,WMT,7.0,1.0,1.0,1.0,1.0,1.0,0.0,1.0,1.0,0.0,Consumer Defensive
2008,2008,XOM,7.0,1.0,1.0,1.0,1.0,1.0,0.0,1.0,0.0,1.0,Energy
2008,2008,AEP,6.0,1.0,1.0,1.0,1.0,0.0,1.0,0.0,0.0,1.0,Utilities
2008,2008,BMY,6.0,1.0,1.0,1.0,0.0,0.0,1.0,1.0,1.0,0.0,Healthcare
2008,2008,CAT,6.0,1.0,1.0,0.0,1.0,0.0,1.0,1.0,0.0,1.0,Industrials
2008,2008,CPB,6.0,1.0,1.0,1.0,0.0,1.0,0.0,1.0,0.0,1.0,Consumer Defensive
2008,2008,ETR,6.0,1.0,1.0,0.0,1.0,0.0,1.0,1.0,0.0,1.0,Utilities
2008,2008,EXC,6.0,1.0,1.0,0.0,1.0,0.0,1.0,1.0,1.0,0.0,Utilities
2008,2008,FDX,6.0,1.0,1.0,0.0,1.0,1.0,1.0,0.0,0.0,1.0,Industrials
2008,2008,HD,6.0,1.0,1.0,0.0,1.0,1.0,0.0,1.0,1.0,0.0,Consumer Cyclical
2008,2008,HPQ,6.0,1.0,1.0,1.0,1.0,0.0,0.0,1.0,0.0,1.0,Technology
2008,2008,INTC,6.0,1.0,1.0,0.0,1.0,1.0,0.0,1.0,1.0,0.0,Technology
2008,2008,JCI,6.0,1.0,0.0,1.0,0.0,0.0,1.0,1.0,1.0,1.0,Industrials
2008,2008,RTN,6.0,1.0,1.0,0.0,1.0,0.0,0.0,1.0,1.0,1.0,
2008,2008,SLB,6.0,1.0,1.0,0.0,1.0,1.0,1.0,1.0,0.0,0.0,Energy
2008,2008,T,6.0,1.0,1.0,1.0,1.0,0.0,0.0,1.0,0.0,1.0,Communication Services
2008,2008,TWX,6.0,0.0,1.0,0.0,1.0,1.0,1.0,1.0,1.0,0.0,
2008,2008,CMCSA,5.0,1.0,1.0,0.0,1.0,0.0,0.0,1.0,0.0,1.0,Communication Services
2008,2008,COP,5.0,0.0,1.0,0.0,1.0,0.0,1.0,1.0,0.0,1.0,Energy
2008,2008,GE,5.0,1.0,1.0,0.0,1.0,1.0,1.0,0.0,0.0,0.0,Industrials
2008,2008,GOOGL,5.0,1.0,1.0,0.0,1.0,0.0,1.0,0.0,1.0,0.0,Communication Services
2008,2008,HAL,5.0,1.0,1.0,1.0,1.0,0.0,0.0,0.0,0.0,1.0,Energy
2008,2008,HON,5.0,1.0,1.0,1.0,1.0,0.0,0.0,1.0,0.0,0.0,Industrials
2008,2008,HSH,5.0,0.0,1.0,0.0,1.0,1.0,0.0,1.0,0.0,1.0,
2008,2008,PFE,5.0,1.0,1.0,0.0,1.0,0.0,0.0,1.0,1.0,0.0,Healthcare
2008,2008,SO,5.0,1.0,1.0,0.0,1.0,0.0,1.0,0.0,0.0,1.0,Utilities
2008,2008,TGT,5.0,1.0,1.0,0.0,1.0,0.0,1.0,1.0,0.0,0.0,Consumer Defensive
2008,2008,TXN,5.0,1.0,1.0,0.0,1.0,0.0,1.0,1.0,0.0,0.0,Technology
2008,2008,XRX,5.0,1.0,1.0,0.0,1.0,1.0,0.0,1.0,0.0,0.0,Industrials
2008,2008,AA,4.0,0.0,1.0,0.0,1.0,0.0,1.0,1.0,0.0,0.0,Basic Materials
2008,2008,MMM,4.0,1.0,1.0,0.0,1.0,0.0,0.0,1.0,0.0,0.0,Industrials
2008,2008,PEP,4.0,1.0,1.0,0.0,1.0,0.0,0.0,1.0,0.0,0.0,Consumer Defensive
2008,2008,RTX,4.0,1.0,1.0,0.0,1.0,0.0,0.0,1.0,0.0,0.0,Industrials
2008,2008,BA,3.0,1.0,0.0,0.0,0.0,1.0,0.0,1.0,0.0,0.0,Industrials
2008,2008,F,2.0,0.0,0.0,0.0,1.0,0.0,1.0,0.0,0.0,0.0,Consumer Cyclical
2008,2008,WY,1.0,0.0,0.0,0.0,0.0,0.0,1.0,0.0,0.0,0.0,Real Estate
2009,2009,CMCSA,9.0,1.0,1.0,1.0,1.0,1.0,1.0,1.0,1.0,1.0,Communication Services
2009,2009,IBM,9.0,1.0,1.0,1.0,1.0,1.0,1.0,1.0,1.0,1.0,Technology
2009,2009,CL,8.0,1.0,1.0,1.0,1.0,1.0,0.0,1.0,1.0,1.0,Consumer Defensive
2009,2009,TWX,8.0,1.0,1.0,1.0,1.0,0.0,1.0,1.0,1.0,1.0,
2009,2009,AMGN,7.0,1.0,1.0,1.0,1.0,0.0,1.0,1.0,1.0,0.0,Healthcare
2009,2009,BMY,7.0,1.0,1.0,1.0,0.0,1.0,1.0,1.0,1.0,0.0,Healthcare
2009,2009,CVS,7.0,1.0,1.0,1.0,1.0,0.0,1.0,1.0,0.0,1.0,Healthcare
2009,2009,ETR,7.0,1.0,1.0,0.0,1.0,1.0,1.0,1.0,1.0,0.0,Utilities
2009,2009,F,7.0,1.0,1.0,1.0,1.0,1.0,0.0,0.0,1.0,1.0,Consumer Cyclical
2009,2009,HD,7.0,1.0,1.0,0.0,1.0,1.0,1.0,0.0,1.0,1.0,Consumer Cyclical
2009,2009,INTC,7.0,1.0,1.0,0.0,1.0,0.0,1.0,1.0,1.0,1.0,Technology
2009,2009,KO,7.0,1.0,1.0,1.0,1.0,0.0,1.0,1.0,0.0,1.0,Consumer Defensive
2009,2009,MDLZ,7.0,1.0,1.0,1.0,1.0,1.0,1.0,0.0,1.0,0.0,Consumer Defensive
2009,2009,MDT,7.0,1.0,1.0,0.0,1.0,1.0,1.0,1.0,1.0,0.0,Healthcare
2009,2009,ORCL,7.0,1.0,1.0,0.0,1.0,1.0,1.0,1.0,1.0,0.0,Technology
2009,2009,PEP,7.0,1.0,1.0,1.0,1.0,1.0,1.0,0.0,1.0,0.0,Consumer Defensive
2009,2009,RTN,7.0,1.0,1.0,1.0,1.0,0.0,0.0,1.0,1.0,1.0,
2009,2009,WMT,7.0,1.0,1.0,0.0,1.0,1.0,1.0,1.0,1.0,0.0,Consumer Defensive
2009,2009,ABT,6.0,1.0,1.0,1.0,1.0,0.0,1.0,1.0,0.0,0.0,Healthcare
2009,2009,AEP,6.0,1.0,1.0,0.0,1.0,1.0,1.0,0.0,1.0,0.0,Utilities
2009,2009,CAT,6.0,1.0,1.0,0.0,1.0,1.0,1.0,0.0,1.0,0.0,Industrials
2009,2009,CPB,6.0,1.0,1.0,0.0,1.0,0.0,1.0,1.0,1.0,0.0,Consumer Defensive
2009,2009,GOOGL,6.0,1.0,1.0,1.0,1.0,0.0,1.0,0.0,1.0,0.0,Communication Services
2009,2009,HSH,6.0,1.0,1.0,1.0,1.0,0.0,1.0,1.0,0.0,0.0,
2009,2009,JNJ,6.0,1.0,1.0,0.0,1.0,1.0,1.0,1.0,0.0,0.0,Healthcare
2009,2009,MCD,6.0,1.0,1.0,1.0,1.0,0.0,0.0,1.0,1.0,0.0,Consumer Cyclical
2009,2009,MMM,6.0,1.0,1.0,0.0,1.0,1.0,1.0,0.0,1.0,0.0,Industrials
2009,2009,PFE,6.0,1.0,1.0,1.0,1.0,0.0,1.0,0.0,0.0,1.0,Healthcare
2009,2009,RTX,6.0,1.0,1.0,0.0,1.0,1.0,1.0,1.0,0.0,0.0,Industrials
2009,2009,XRX,6.0,1.0,1.0,1.0,1.0,0.0,1.0,0.0,1.0,0.0,Industrials
2009,2009,AAPL,5.0,1.0,1.0,0.0,1.0,0.0,1.0,0.0,1.0,0.0,Technology
2009,2009,BA,5.0,1.0,1.0,0.0,1.0,0.0,1.0,0.0,0.0,1.0,Industrials
2009,2009,CSCO,5.0,1.0,1.0,0.0,1.0,0.0,1.0,1.0,0.0,0.0,Technology
2009,2009,DIS,5.0,1.0,1.0,0.0,1.0,0.0,1.0,1.0,0.0,0.0,Communication Services
2009,2009,EXC,5.0,1.0,1.0,0.0,1.0,1.0,0.0,0.0,1.0,0.0,Utilities
2009,2009,HNZ,5.0,1.0,1.0,1.0,1.0,0.0,1.0,0.0,0.0,0.0,
2009,2009,HPQ,5.0,1.0,1.0,0.0,1.0,0.0,1.0,1.0,0.0,0.0,Technology
2009,2009,MRK,5.0,1.0,1.0,1.0,0.0,0.0,1.0,0.0,0.0,1.0,Healthcare
2009,2009,MSFT,5.0,1.0,1.0,0.0,1.0,0.0,1.0,1.0,0.0,0.0,Technology
2009,2009,PG,5.0,1.0,1.0,0.0,1.0,1.0,0.0,1.0,0.0,0.0,Consumer Defensive
2009,2009,SO,5.0,1.0,1.0,0.0,1.0,0.0,1.0,0.0,1.0,0.0,Utilities
2009,2009,T,5.0,1.0,1.0,0.0,1.0,0.0,1.0,0.0,0.0,1.0,Communication Services
2009,2009,TGT,5.0,1.0,1.0,0.0,1.0,0.0,1.0,1.0,0.0,0.0,Consumer Defensive
2009,2009,TXN,5.0,1.0,1.0,0.0,1.0,0.0,1.0,1.0,0.0,0.0,Technology
2009,2009,VZ,5.0,1.0,1.0,0.0,1.0,0.0,0.0,1.0,0.0,1.0,Communication Services
2009,2009,WMB,5.0,1.0,1.0,0.0,1.0,0.0,1.0,0.0,1.0,0.0,Energy
2009,2009,COP,4.0,1.0,1.0,1.0,1.0,0.0,0.0,0.0,0.0,0.0,Energy
2009,2009,CVX,4.0,1.0,1.0,0.0,1.0,0.0,1.0,0.0,0.0,0.0,Energy
2009,2009,FDX,4.0,1.0,1.0,0.0,1.0,0.0,1.0,0.0,0.0,0.0,Industrials
2009,2009,GE,4.0,1.0,1.0,0.0,1.0,0.0,1.0,0.0,0.0,0.0,Industrials
2009,2009,HAL,4.0,1.0,1.0,0.0,1.0,0.0,1.0,0.0,0.0,0.0,Energy
2009,2009,HON,4.0,1.0,1.0,0.0,1.0,0.0,1.0,0.0,0.0,0.0,Industrials
2009,2009,SLB,4.0,1.0,1.0,0.0,1.0,0.0,1.0,0.0,0.0,0.0,Energy
2009,2009,WY,4.0,0.0,0.0,1.0,1.0,0.0,1.0,0.0,1.0,0.0,Real Estate
2009,2009,XOM,4.0,1.0,1.0,0.0,1.0,0.0,0.0,1.0,0.0,0.0,Energy
2009,2009,AA,3.0,0.0,1.0,0.0,1.0,0.0,1.0,0.0,0.0,0.0,Basic Materials
2010,2010,DVN,9.0,1.0,1.0,1.0,1.0,1.0,1.0,1.0,1.0,1.0,Energy
2010,2010,INTC,9.0,1.0,1.0,1.0,1.0,1.0,1.0,1.0,1.0,1.0,Technology
2010,2010,AA,8.0,1.0,1.0,1.0,1.0,1.0,1.0,0.0,1.0,1.0,Basic Materials
2010,2010,CAT,8.0,1.0,1.0,1.0,1.0,1.0,1.0,0.0,1.0,1.0,Industrials
2010,2010,COP,8.0,1.0,1.0,1.0,1.0,1.0,1.0,1.0,1.0,0.0,Energy
2010,2010,CPB,8.0,1.0,1.0,1.0,1.0,1.0,0.0,1.0,1.0,1.0,Consumer Defensive
2010,2010,CVX,8.0,1.0,1.0,1.0,1.0,0.0,1.0,1.0,1.0,1.0,Energy
2010,2010,GE,8.0,1.0,1.0,1.0,1.0,1.0,1.0,1.0,1.0,0.0,Industrials
2010,2010,HAL,8.0,1.0,1.0,1.0,1.0,1.0,1.0,0.0,1.0,1.0,Energy
2010,2010,HON,8.0,1.0,1.0,1.0,1.0,1.0,1.0,0.0,1.0,1.0,Industrials
2010,2010,NKE,8.0,1.0,1.0,1.0,1.0,1.0,1.0,1.0,1.0,0.0,Consumer Cyclical
2010,2010,PG,8.0,1.0,1.0,1.0,1.0,0.0,1.0,1.0,1.0,1.0,Consumer Defensive
2010,2010,PM,8.0,1.0,1.0,1.0,1.0,1.0,0.0,1.0,1.0,1.0,Consumer Defensive
2010,2010,RTX,8.0,1.0,1.0,1.0,1.0,0.0,1.0,1.0,1.0,1.0,Industrials
2010,2010,TGT,8.0,1.0,1.0,1.0,1.0,1.0,0.0,1.0,1.0,1.0,Consumer Defensive
2010,2010,TWX,8.0,1.0,1.0,1.0,1.0,0.0,1.0,1.0,1.0,1.0,
2010,2010,UNH,8.0,1.0,1.0,1.0,1.0,1.0,0.0,1.0,1.0,1.0,Healthcare
2010,2010,UPS,8.0,1.0,1.0,1.0,1.0,0.0,1.0,1.0,1.0,1.0,Industrials
2010,2010,CMCSA,7.0,1.0,1.0,1.0,1.0,0.0,1.0,1.0,0.0,1.0,Communication Services
2010,2010,CVS,7.0,1.0,1.0,0.0,1.0,1.0,1.0,1.0,1.0,0.0,Healthcare
2010,2010,DIS,7.0,1.0,1.0,1.0,1.0,1.0,0.0,0.0,1.0,1.0,Communication Services
2010,2010,ETR,7.0,1.0,1.0,0.0,1.0,1.0,1.0,1.0,0.0,1.0,Utilities
2010,2010,F,7.0,1.0,1.0,1.0,1.0,1.0,0.0,0.0,1.0,1.0,Consumer Cyclical
2010,2010,HD,7.0,1.0,1.0,1.0,1.0,1.0,1.0,0.0,1.0,0.0,Consumer Cyclical
2010,2010,HNZ,7.0,1.0,1.0,1.0,1.0,1.0,0.0,0.0,1.0,1.0,
2010,2010,HPQ,7.0,1.0,1.0,1.0,1.0,0.0,0.0,1.0,1.0,1.0,Technology
2010,2010,IBM,7.0,1.0,1.0,1.0,1.0,0.0,0.0,1.0,1.0,1.0,Technology
2010,2010,LOW,7.0,1.0,1.0,0.0,1.0,1.0,1.0,1.0,1.0,0.0,Consumer Cyclical
2010,2010,MCD,7.0,1.0,1.0,1.0,1.0,0.0,1.0,1.0,1.0,0.0,Consumer Cyclical
2010,2010,MDT,7.0,1.0,1.0,1.0,1.0,1.0,0.0,1.0,1.0,0.0,Healthcare
2010,2010,MMM,7.0,1.0,1.0,1.0,1.0,1.0,0.0,0.0,1.0,1.0,Industrials
2010,2010,MSFT,7.0,1.0,1.0,1.0,1.0,0.0,1.0,1.0,1.0,0.0,Technology
2010,2010,OXY,7.0,1.0,1.0,1.0,1.0,0.0,1.0,0.0,1.0,1.0,Energy
2010,2010,T,7.0,1.0,1.0,1.0,1.0,1.0,0.0,0.0,1.0,1.0,Communication Services
2010,2010,TXN,7.0,1.0,1.0,1.0,1.0,0.0,0.0,1.0,1.0,1.0,Technology
2010,2010,WMT,7.0,1.0,1.0,1.0,1.0,0.0,0.0,1.0,1.0,1.0,Consumer Defensive
2010,2010,ABT,6.0,1.0,1.0,0.0,1.0,1.0,0.0,1.0,1.0,0.0,Healthcare
2010,2010,BA,6.0,1.0,1.0,1.0,0.0,1.0,1.0,0.0,1.0,0.0,Industrials
2010,2010,BMY,6.0,1.0,1.0,0.0,1.0,1.0,0.0,1.0,1.0,0.0,Healthcare
2010,2010,CSCO,6.0,1.0,1.0,1.0,1.0,0.0,0.0,1.0,1.0,0.0,Technology
2010,2010,FDX,6.0,1.0,1.0,1.0,1.0,1.0,0.0,0.0,0.0,1.0,Industrials
2010,2010,HSH,6.0,1.0,1.0,1.0,1.0,0.0,1.0,1.0,0.0,0.0,
2010,2010,MRK,6.0,1.0,1.0,0.0,1.0,1.0,1.0,1.0,0.0,0.0,Healthcare
2010,2010,NOV,6.0,1.0,1.0,1.0,0.0,1.0,1.0,0.0,1.0,0.0,Energy
2010,2010,PFE,6.0,1.0,1.0,0.0,1.0,1.0,1.0,1.0,0.0,0.0,Healthcare
2010,2010,SLB,6.0,1.0,1.0,1.0,1.0,1.0,0.0,0.0,0.0,1.0,Energy
2010,2010,SO,6.0,1.0,1.0,1.0,1.0,1.0,0.0,0.0,0.0,1.0,Utilities
2010,2010,WY,6.0,1.0,1.0,1.0,0.0,1.0,0.0,0.0,1.0,1.0,Real Estate
2010,2010,XOM,6.0,1.0,1.0,1.0,1.0,0.0,0.0,0.0,1.0,1.0,Energy
2010,2010,XRX,6.0,1.0,1.0,1.0,1.0,1.0,0.0,0.0,0.0,1.0,Industrials
2010,2010,AAPL,5.0,1.0,1.0,1.0,1.0,0.0,0.0,0.0,0.0,1.0,Technology
2010,2010,AMGN,5.0,1.0,1.0,0.0,1.0,1.0,0.0,1.0,0.0,0.0,Healthcare
2010,2010,CL,5.0,1.0,1.0,0.0,1.0,1.0,0.0,0.0,1.0,0.0,Consumer Defensive
2010,2010,EXC,5.0,1.0,1.0,0.0,1.0,0.0,1.0,0.0,0.0,1.0,Utilities
2010,2010,GOOGL,5.0,1.0,1.0,1.0,1.0,0.0,0.0,0.0,1.0,0.0,Communication Services
2010,2010,JNJ,5.0,1.0,1.0,0.0,1.0,0.0,1.0,1.0,0.0,0.0,Healthcare
2010,2010,LMT,5.0,1.0,1.0,0.0,1.0,1.0,0.0,1.0,0.0,0.0,Industrials
2010,2010,MDLZ,5.0,1.0,1.0,1.0,0.0,0.0,0.0,0.0,1.0,1.0,Consumer Defensive
2010,2010,MO,5.0,1.0,1.0,0.0,0.0,1.0,1.0,0.0,1.0,0.0,Consumer Defensive
2010,2010,ORCL,5.0,1.0,1.0,1.0,1.0,0.0,0.0,0.0,0.0,1.0,Technology
2010,2010,PEP,5.0,1.0,1.0,0.0,1.0,0.0,0.0,0.0,1.0,1.0,Consumer Defensive
2010,2010,QCOM,5.0,1.0,1.0,1.0,1.0,0.0,0.0,1.0,0.0,0.0,Technology
2010,2010,RTN,5.0,1.0,1.0,0.0,1.0,0.0,1.0,1.0,0.0,0.0,
2010,2010,VZ,5.0,1.0,1.0,0.0,1.0,1.0,0.0,1.0,0.0,0.0,Communication Services
2010,2010,AEP,4.0,1.0,1.0,0.0,1.0,1.0,0.0,0.0,0.0,0.0,Utilities
2010,2010,KO,4.0,1.0,1.0,1.0,0.0,0.0,0.0,1.0,0.0,0.0,Consumer Defensive
2010,2010,WMB,4.0,0.0,1.0,0.0,1.0,0.0,0.0,0.0,1.0,1.0,Energy
2010,2010,GILD,3.0,1.0,1.0,0.0,0.0,0.0,0.0,1.0,0.0,0.0,Healthcare
2011,2011,RTX,9.0,1.0,1.0,1.0,1.0,1.0,1.0,1.0,1.0,1.0,Industrials
2011,2011,COP,8.0,1.0,1.0,1.0,1.0,1.0,0.0,1.0,1.0,1.0,Energy
2011,2011,CVX,8.0,1.0,1.0,1.0,1.0,1.0,0.0,1.0,1.0,1.0,Energy
2011,2011,FDX,8.0,1.0,1.0,1.0,1.0,1.0,1.0,0.0,1.0,1.0,Industrials
2011,2011,IBM,8.0,1.0,1.0,1.0,1.0,0.0,1.0,1.0,1.0,1.0,Technology
2011,2011,LOW,8.0,1.0,1.0,1.0,1.0,0.0,1.0,1.0,1.0,1.0,Consumer Cyclical
2011,2011,MRK,8.0,1.0,1.0,1.0,1.0,0.0,1.0,1.0,1.0,1.0,Healthcare
2011,2011,OXY,8.0,1.0,1.0,1.0,1.0,1.0,0.0,1.0,1.0,1.0,Energy
2011,2011,PFE,8.0,1.0,1.0,1.0,1.0,1.0,0.0,1.0,1.0,1.0,Healthcare
2011,2011,UNH,8.0,1.0,1.0,1.0,1.0,0.0,1.0,1.0,1.0,1.0,Healthcare
2011,2011,BAX,7.0,1.0,1.0,1.0,1.0,0.0,0.0,1.0,1.0,1.0,Healthcare
2011,2011,BMY,7.0,1.0,1.0,1.0,1.0,0.0,0.0,1.0,1.0,1.0,Healthcare
2011,2011,CL,7.0,1.0,1.0,1.0,1.0,0.0,1.0,1.0,0.0,1.0,Consumer Defensive
2011,2011,DIS,7.0,1.0,1.0,1.0,1.0,0.0,1.0,1.0,1.0,0.0,Communication Services
2011,2011,ETR,7.0,1.0,1.0,1.0,1.0,1.0,0.0,1.0,1.0,0.0,Utilities
2011,2011,GE,7.0,1.0,1.0,1.0,1.0,1.0,0.0,1.0,1.0,0.0,Industrials
2011,2011,HD,7.0,1.0,1.0,1.0,1.0,0.0,0.0,1.0,1.0,1.0,Consumer Cyclical
2011,2011,MMM,7.0,1.0,1.0,0.0,1.0,1.0,1.0,1.0,0.0,1.0,Industrials
2011,2011,MSFT,7.0,1.0,1.0,1.0,1.0,0.0,1.0,1.0,0.0,1.0,Technology
2011,2011,PM,7.0,1.0,1.0,1.0,1.0,0.0,0.0,1.0,1.0,1.0,Consumer Defensive
2011,2011,QCOM,7.0,1.0,1.0,1.0,1.0,1.0,1.0,0.0,0.0,1.0,Technology
2011,2011,SO,7.0,1.0,1.0,1.0,1.0,1.0,1.0,0.0,1.0,0.0,Utilities
2011,2011,TGT,7.0,1.0,1.0,1.0,1.0,0.0,1.0,1.0,0.0,1.0,Consumer Defensive
2011,2011,AA,6.0,1.0,1.0,1.0,1.0,1.0,0.0,0.0,0.0,1.0,Basic Materials
2011,2011,AAPL,6.0,1.0,1.0,1.0,1.0,0.0,0.0,0.0,1.0,1.0,Technology
2011,2011,AEP,6.0,1.0,1.0,1.0,1.0,1.0,0.0,0.0,0.0,1.0,Utilities
2011,2011,BA,6.0,1.0,1.0,1.0,1.0,1.0,1.0,0.0,0.0,0.0,Industrials
2011,2011,CMCSA,6.0,1.0,1.0,1.0,1.0,0.0,0.0,1.0,0.0,1.0,Communication Services
2011,2011,COST,6.0,1.0,1.0,1.0,1.0,1.0,0.0,0.0,0.0,1.0,Consumer Defensive
2011,2011,CVS,6.0,1.0,1.0,1.0,1.0,0.0,0.0,1.0,0.0,1.0,Healthcare
2011,2011,F,6.0,1.0,1.0,1.0,0.0,1.0,1.0,0.0,0.0,1.0,Consumer Cyclical
2011,2011,HAL,6.0,1.0,1.0,1.0,1.0,0.0,0.0,0.0,1.0,1.0,Energy
2011,2011,HNZ,6.0,1.0,1.0,1.0,1.0,1.0,0.0,0.0,1.0,0.0,
2011,2011,LMT,6.0,1.0,1.0,0.0,1.0,0.0,1.0,1.0,0.0,1.0,Industrials
2011,2011,MCD,6.0,1.0,1.0,1.0,1.0,0.0,0.0,1.0,0.0,1.0,Consumer Cyclical
2011,2011,NOV,6.0,1.0,1.0,1.0,1.0,1.0,0.0,0.0,0.0,1.0,Energy
2011,2011,ORCL,6.0,1.0,1.0,1.0,1.0,0.0,1.0,0.0,0.0,1.0,Technology
2011,2011,PG,6.0,1.0,1.0,0.0,1.0,0.0,1.0,1.0,0.0,1.0,Consumer Defensive
2011,2011,RTN,6.0,1.0,1.0,0.0,1.0,0.0,1.0,1.0,1.0,0.0,
2011,2011,SLB,6.0,1.0,1.0,0.0,1.0,0.0,1.0,1.0,1.0,0.0,Energy
2011,2011,T,6.0,1.0,1.0,0.0,1.0,0.0,1.0,1.0,0.0,1.0,Communication Services
2011,2011,TWX,6.0,1.0,1.0,1.0,1.0,0.0,0.0,1.0,0.0,1.0,
2011,2011,UPS,6.0,1.0,1.0,1.0,1.0,0.0,0.0,1.0,0.0,1.0,Industrials
2011,2011,VZ,6.0,1.0,1.0,0.0,1.0,0.0,1.0,0.0,1.0,1.0,Communication Services
2011,2011,WMB,6.0,1.0,1.0,1.0,1.0,0.0,1.0,0.0,0.0,1.0,Energy
2011,2011,WMT,6.0,1.0,1.0,1.0,1.0,0.0,1.0,1.0,0.0,0.0,Consumer Defensive
2011,2011,XOM,6.0,1.0,1.0,1.0,1.0,1.0,0.0,1.0,0.0,0.0,Energy
2011,2011,XRX,6.0,1.0,1.0,1.0,1.0,1.0,0.0,1.0,0.0,0.0,Industrials
2011,2011,ABT,5.0,1.0,1.0,0.0,1.0,1.0,1.0,0.0,0.0,0.0,Healthcare
2011,2011,AMGN,5.0,1.0,1.0,0.0,1.0,0.0,1.0,1.0,0.0,0.0,Healthcare
2011,2011,AMZN,5.0,1.0,1.0,0.0,1.0,0.0,0.0,0.0,1.0,1.0,Consumer Cyclical
2011,2011,CAT,5.0,1.0,1.0,1.0,1.0,0.0,0.0,0.0,0.0,1.0,Industrials
2011,2011,CSCO,5.0,1.0,1.0,0.0,1.0,0.0,1.0,1.0,0.0,0.0,Technology
2011,2011,DVN,5.0,1.0,1.0,0.0,1.0,0.0,1.0,1.0,0.0,0.0,Energy
2011,2011,FCX,5.0,1.0,1.0,0.0,1.0,1.0,1.0,0.0,0.0,0.0,Basic Materials
2011,2011,GD,5.0,1.0,1.0,0.0,1.0,0.0,1.0,1.0,0.0,0.0,Industrials
2011,2011,GILD,5.0,1.0,1.0,0.0,1.0,0.0,1.0,1.0,0.0,0.0,Healthcare
2011,2011,GOOGL,5.0,1.0,1.0,0.0,1.0,0.0,1.0,0.0,1.0,0.0,Communication Services
2011,2011,HON,5.0,1.0,1.0,0.0,1.0,0.0,0.0,1.0,0.0,1.0,Industrials
2011,2011,INTC,5.0,1.0,1.0,0.0,1.0,0.0,0.0,1.0,0.0,1.0,Technology
2011,2011,JNJ,5.0,1.0,1.0,0.0,1.0,0.0,1.0,1.0,0.0,0.0,Healthcare
2011,2011,KO,5.0,1.0,1.0,0.0,1.0,1.0,0.0,1.0,0.0,0.0,Consumer Defensive
2011,2011,MDLZ,5.0,1.0,1.0,0.0,1.0,1.0,0.0,0.0,1.0,0.0,Consumer Defensive
2011,2011,MDT,5.0,1.0,1.0,0.0,1.0,0.0,1.0,1.0,0.0,0.0,Healthcare
2011,2011,MO,5.0,1.0,1.0,0.0,1.0,0.0,1.0,1.0,0.0,0.0,Consumer Defensive
2011,2011,NKE,5.0,1.0,1.0,1.0,0.0,1.0,0.0,1.0,0.0,0.0,Consumer Cyclical
2011,2011,PEP,5.0,1.0,1.0,0.0,1.0,1.0,0.0,1.0,0.0,0.0,Consumer Defensive
2011,2011,TFCFA,5.0,1.0,1.0,1.0,1.0,0.0,1.0,0.0,0.0,0.0,
2011,2011,EXC,4.0,1.0,1.0,0.0,1.0,1.0,0.0,0.0,0.0,0.0,Utilities
2011,2011,HPQ,4.0,1.0,1.0,0.0,1.0,0.0,0.0,1.0,0.0,0.0,Technology
2011,2011,TXN,4.0,1.0,1.0,0.0,1.0,0.0,0.0,1.0,0.0,0.0,Technology
2011,2011,WY,4.0,1.0,1.0,0.0,0.0,1.0,0.0,0.0,0.0,1.0,Real Estate
2012,2012,HD,8.0,1.0,1.0,1.0,1.0,0.0,1.0,1.0,1.0,1.0,Consumer Cyclical
2012,2012,MDT,8.0,1.0,1.0,1.0,1.0,1.0,1.0,1.0,1.0,0.0,Healthcare
2012,2012,PFE,8.0,1.0,1.0,1.0,1.0,1.0,1.0,1.0,1.0,0.0,Healthcare
2012,2012,CMCSA,7.0,1.0,1.0,1.0,1.0,1.0,1.0,1.0,0.0,0.0,Communication Services
2012,2012,CSCO,7.0,1.0,1.0,1.0,1.0,1.0,1.0,1.0,0.0,0.0,Technology
2012,2012,CVS,7.0,1.0,1.0,1.0,1.0,1.0,0.0,1.0,0.0,1.0,Healthcare
2012,2012,FDX,7.0,1.0,1.0,1.0,1.0,1.0,0.0,1.0,1.0,0.0,Industrials
2012,2012,GE,7.0,1.0,1.0,1.0,1.0,0.0,1.0,1.0,0.0,1.0,Industrials
2012,2012,HON,7.0,1.0,1.0,1.0,1.0,1.0,1.0,0.0,1.0,0.0,Industrials
2012,2012,IBM,7.0,1.0,1.0,1.0,1.0,1.0,0.0,1.0,1.0,0.0,Technology
2012,2012,MO,7.0,1.0,1.0,1.0,0.0,1.0,0.0,1.0,1.0,1.0,Consumer Defensive
2012,2012,RTN,7.0,1.0,1.0,0.0,1.0,1.0,1.0,1.0,1.0,0.0,
2012,2012,SLB,7.0,1.0,1.0,1.0,1.0,0.0,1.0,1.0,0.0,1.0,Energy
2012,2012,TFCFA,7.0,1.0,1.0,0.0,1.0,1.0,0.0,1.0,1.0,1.0,
2012,2012,TGT,7.0,1.0,1.0,1.0,1.0,1.0,0.0,1.0,0.0,1.0,Consumer Defensive
2012,2012,WMB,7.0,1.0,1.0,1.0,1.0,0.0,1.0,0.0,1.0,1.0,Energy
2012,2012,ABT,6.0,1.0,1.0,1.0,1.0,0.0,1.0,0.0,1.0,0.0,Healthcare
2012,2012,AEP,6.0,1.0,1.0,0.0,1.0,1.0,1.0,0.0,1.0,0.0,Utilities
2012,2012,BA,6.0,1.0,1.0,0.0,1.0,1.0,1.0,0.0,0.0,1.0,Industrials
2012,2012,BAX,6.0,1.0,1.0,0.0,1.0,0.0,1.0,1.0,1.0,0.0,Healthcare
2012,2012,CL,6.0,1.0,1.0,0.0,1.0,0.0,1.0,1.0,1.0,0.0,Consumer Defensive
2012,2012,COP,6.0,1.0,1.0,0.0,1.0,0.0,1.0,1.0,1.0,0.0,Energy
2012,2012,DIS,6.0,1.0,1.0,1.0,1.0,1.0,0.0,0.0,1.0,0.0,Communication Services
2012,2012,KO,6.0,1.0,1.0,0.0,1.0,1.0,1.0,1.0,0.0,0.0,Consumer Defensive
2012,2012,ORCL,6.0,1.0,1.0,0.0,1.0,1.0,0.0,1.0,1.0,0.0,Technology
2012,2012,PG,6.0,1.0,1.0,0.0,1.0,1.0,1.0,1.0,0.0,0.0,Consumer Defensive
2012,2012,PM,6.0,1.0,1.0,1.0,1.0,0.0,0.0,1.0,1.0,0.0,Consumer Defensive
2012,2012,QCOM,6.0,1.0,1.0,1.0,0.0,1.0,1.0,0.0,0.0,1.0,Technology
2012,2012,T,6.0,1.0,1.0,1.0,1.0,0.0,0.0,1.0,0.0,1.0,Communication Services
2012,2012,UNH,6.0,1.0,1.0,0.0,1.0,0.0,0.0,1.0,1.0,1.0,Healthcare
2012,2012,XOM,6.0,1.0,1.0,0.0,1.0,1.0,1.0,1.0,0.0,0.0,Energy
2012,2012,AAPL,5.0,1.0,1.0,1.0,1.0,0.0,0.0,0.0,1.0,0.0,Technology
2012,2012,AMGN,5.0,1.0,1.0,1.0,1.0,0.0,0.0,1.0,0.0,0.0,Healthcare
2012,2012,BMY,5.0,1.0,1.0,0.0,1.0,0.0,0.0,1.0,1.0,0.0,Healthcare
2012,2012,CAT,5.0,1.0,1.0,0.0,0.0,1.0,1.0,0.0,1.0,0.0,Industrials
2012,2012,COST,5.0,1.0,1.0,1.0,1.0,0.0,0.0,1.0,0.0,0.0,Consumer Defensive
2012,2012,CVX,5.0,1.0,1.0,0.0,1.0,0.0,1.0,1.0,0.0,0.0,Energy
2012,2012,EXC,5.0,1.0,1.0,0.0,1.0,0.0,1.0,0.0,0.0,1.0,Utilities
2012,2012,HNZ,5.0,1.0,1.0,0.0,1.0,0.0,1.0,1.0,0.0,0.0,
2012,2012,INTC,5.0,1.0,1.0,0.0,1.0,0.0,1.0,1.0,0.0,0.0,Technology
2012,2012,JNJ,5.0,1.0,1.0,1.0,1.0,1.0,0.0,0.0,0.0,0.0,Healthcare
2012,2012,LOW,5.0,1.0,1.0,0.0,1.0,0.0,0.0,1.0,0.0,1.0,Consumer Cyclical
2012,2012,MCD,5.0,1.0,1.0,0.0,1.0,0.0,1.0,1.0,0.0,0.0,Consumer Cyclical
2012,2012,MMM,5.0,1.0,1.0,0.0,1.0,0.0,0.0,1.0,1.0,0.0,Industrials
2012,2012,MRK,5.0,1.0,1.0,0.0,1.0,0.0,0.0,1.0,1.0,0.0,Healthcare
2012,2012,NKE,5.0,1.0,1.0,0.0,0.0,1.0,1.0,0.0,0.0,1.0,Consumer Cyclical
2012,2012,NOV,5.0,1.0,1.0,1.0,0.0,0.0,1.0,0.0,0.0,1.0,Energy
2012,2012,PEP,5.0,1.0,1.0,0.0,1.0,0.0,1.0,1.0,0.0,0.0,Consumer Defensive
2012,2012,SO,5.0,1.0,1.0,0.0,1.0,1.0,0.0,0.0,1.0,0.0,Utilities
2012,2012,TWX,5.0,1.0,1.0,0.0,1.0,1.0,0.0,1.0,0.0,0.0,
2012,2012,UPS,5.0,1.0,1.0,0.0,1.0,1.0,0.0,1.0,0.0,0.0,Industrials
2012,2012,VZ,5.0,1.0,1.0,0.0,1.0,1.0,0.0,0.0,1.0,0.0,Communication Services
2012,2012,WMT,5.0,1.0,1.0,0.0,1.0,1.0,0.0,1.0,0.0,0.0,Consumer Defensive
2012,2012,AMZN,4.0,0.0,1.0,0.0,1.0,0.0,0.0,1.0,1.0,0.0,Consumer Cyclical
2012,2012,F,4.0,1.0,1.0,0.0,1.0,0.0,1.0,0.0,0.0,0.0,Consumer Cyclical
2012,2012,FCX,4.0,1.0,1.0,0.0,1.0,1.0,0.0,0.0,0.0,0.0,Basic Materials
2012,2012,GD,4.0,0.0,1.0,0.0,1.0,1.0,0.0,1.0,0.0,0.0,Industrials
2012,2012,GILD,4.0,1.0,1.0,0.0,1.0,1.0,0.0,0.0,0.0,0.0,Healthcare
2012,2012,GOOGL,4.0,1.0,1.0,0.0,1.0,1.0,0.0,0.0,0.0,0.0,Communication Services
2012,2012,HAL,4.0,1.0,1.0,0.0,1.0,1.0,0.0,0.0,0.0,0.0,Energy
2012,2012,HPQ,4.0,0.0,1.0,0.0,1.0,0.0,1.0,1.0,0.0,0.0,Technology
2012,2012,LMT,4.0,1.0,1.0,0.0,0.0,1.0,0.0,0.0,1.0,0.0,Industrials
2012,2012,MSFT,4.0,1.0,1.0,0.0,1.0,1.0,0.0,0.0,0.0,0.0,Technology
2012,2012,OXY,4.0,1.0,1.0,0.0,1.0,0.0,0.0,1.0,0.0,0.0,Energy
2012,2012,DVN,3.0,0.0,1.0,0.0,1.0,0.0,1.0,0.0,0.0,0.0,Energy
2012,2012,RTX,3.0,1.0,1.0,0.0,1.0,0.0,0.0,0.0,0.0,0.0,Industrials
2013,2013,CVS,8.0,1.0,1.0,1.0,1.0,0.0,1.0,1.0,1.0,1.0,Healthcare
2013,2013,EMR,8.0,1.0,1.0,1.0,1.0,0.0,1.0,1.0,1.0,1.0,Industrials
2013,2013,GD,8.0,1.0,1.0,1.0,1.0,1.0,1.0,1.0,1.0,0.0,Industrials
2013,2013,GE,8.0,1.0,1.0,1.0,1.0,1.0,1.0,1.0,0.0,1.0,Industrials
2013,2013,HD,8.0,1.0,1.0,1.0,1.0,1.0,0.0,1.0,1.0,1.0,Consumer Cyclical
2013,2013,HPQ,8.0,1.0,1.0,1.0,1.0,1.0,1.0,1.0,0.0,1.0,Technology
2013,2013,NKE,8.0,1.0,1.0,1.0,1.0,0.0,1.0,1.0,1.0,1.0,Consumer Cyclical
2013,2013,OXY,8.0,1.0,1.0,1.0,1.0,1.0,1.0,1.0,1.0,0.0,Energy
2013,2013,PG,8.0,1.0,1.0,1.0,1.0,1.0,0.0,1.0,1.0,1.0,Consumer Defensive
2013,2013,RTN,8.0,1.0,1.0,1.0,1.0,1.0,1.0,1.0,1.0,0.0,
2013,2013,TWX,8.0,1.0,1.0,1.0,1.0,0.0,1.0,1.0,1.0,1.0,
2013,2013,UPS,8.0,1.0,1.0,1.0,1.0,1.0,1.0,1.0,1.0,0.0,Industrials
2013,2013,COST,7.0,1.0,1.0,1.0,1.0,0.0,1.0,0.0,1.0,1.0,Consumer Defensive
2013,2013,DIS,7.0,1.0,1.0,1.0,1.0,0.0,1.0,1.0,0.0,1.0,Communication Services
2013,2013,DVN,7.0,0.0,1.0,1.0,1.0,1.0,0.0,1.0,1.0,1.0,Energy
2013,2013,EXC,7.0,1.0,1.0,1.0,1.0,1.0,1.0,0.0,1.0,0.0,Utilities
2013,2013,FDX,7.0,1.0,1.0,1.0,1.0,0.0,1.0,1.0,1.0,0.0,Industrials
2013,2013,HON,7.0,1.0,1.0,1.0,1.0,1.0,1.0,0.0,1.0,0.0,Industrials
2013,2013,LMT,7.0,1.0,1.0,1.0,1.0,0.0,1.0,1.0,1.0,0.0,Industrials
2013,2013,MO,7.0,1.0,1.0,1.0,0.0,0.0,1.0,1.0,1.0,1.0,Consumer Defensive
2013,2013,PEP,7.0,1.0,1.0,1.0,1.0,0.0,1.0,1.0,1.0,0.0,Consumer Defensive
2013,2013,QCOM,7.0,1.0,1.0,0.0,1.0,1.0,1.0,1.0,0.0,1.0,Technology
2013,2013,RTX,7.0,1.0,1.0,0.0,1.0,1.0,1.0,1.0,1.0,0.0,Industrials
2013,2013,SLB,7.0,1.0,1.0,1.0,1.0,1.0,0.0,1.0,1.0,0.0,Energy
2013,2013,T,7.0,1.0,1.0,1.0,1.0,0.0,0.0,1.0,1.0,1.0,Communication Services
2013,2013,VZ,7.0,1.0,1.0,1.0,1.0,0.0,1.0,0.0,1.0,1.0,Communication Services
2013,2013,AMGN,6.0,1.0,1.0,1.0,1.0,0.0,0.0,1.0,1.0,0.0,Healthcare
2013,2013,BA,6.0,1.0,1.0,1.0,1.0,1.0,0.0,1.0,0.0,0.0,Industrials
2013,2013,CL,6.0,1.0,1.0,0.0,1.0,1.0,0.0,1.0,1.0,0.0,Consumer Defensive
2013,2013,CMCSA,6.0,1.0,1.0,1.0,1.0,0.0,0.0,1.0,1.0,0.0,Communication Services
2013,2013,CSCO,6.0,1.0,1.0,1.0,1.0,1.0,0.0,0.0,0.0,1.0,Technology
2013,2013,IBM,6.0,1.0,1.0,0.0,1.0,0.0,1.0,1.0,1.0,0.0,Technology
2013,2013,JNJ,6.0,1.0,1.0,1.0,1.0,0.0,1.0,0.0,1.0,0.0,Healthcare
2013,2013,KO,6.0,1.0,1.0,0.0,1.0,0.0,1.0,1.0,1.0,0.0,Consumer Defensive
2013,2013,LOW,6.0,1.0,1.0,1.0,1.0,0.0,0.0,1.0,0.0,1.0,Consumer Cyclical
2013,2013,MCD,6.0,1.0,1.0,0.0,1.0,1.0,1.0,1.0,0.0,0.0,Consumer Cyclical
2013,2013,MMM,6.0,1.0,1.0,0.0,1.0,1.0,0.0,1.0,1.0,0.0,Industrials
2013,2013,MSFT,6.0,1.0,1.0,1.0,1.0,0.0,1.0,1.0,0.0,0.0,Technology
2013,2013,WMT,6.0,1.0,1.0,1.0,1.0,1.0,0.0,1.0,0.0,0.0,Consumer Defensive
2013,2013,AAPL,5.0,1.0,1.0,0.0,1.0,0.0,1.0,1.0,0.0,0.0,Technology
2013,2013,ABT,5.0,1.0,1.0,0.0,1.0,1.0,0.0,1.0,0.0,0.0,Healthcare
2013,2013,AEP,5.0,1.0,1.0,1.0,1.0,0.0,1.0,0.0,0.0,0.0,Utilities
2013,2013,AMZN,5.0,1.0,1.0,1.0,1.0,0.0,0.0,0.0,1.0,0.0,Consumer Cyclical
2013,2013,APA,5.0,1.0,1.0,0.0,1.0,1.0,1.0,0.0,0.0,0.0,Energy
2013,2013,BMY,5.0,1.0,1.0,1.0,1.0,0.0,1.0,0.0,0.0,0.0,Healthcare
2013,2013,CAT,5.0,1.0,1.0,0.0,1.0,1.0,0.0,1.0,0.0,0.0,Industrials
2013,2013,COP,5.0,1.0,1.0,1.0,1.0,0.0,0.0,0.0,0.0,1.0,Energy
2013,2013,F,5.0,1.0,1.0,1.0,0.0,0.0,0.0,0.0,1.0,1.0,Consumer Cyclical
2013,2013,GOOGL,5.0,1.0,1.0,0.0,1.0,1.0,1.0,0.0,0.0,0.0,Communication Services
2013,2013,MDT,5.0,1.0,1.0,0.0,1.0,0.0,1.0,1.0,0.0,0.0,Healthcare
2013,2013,MRK,5.0,1.0,1.0,0.0,1.0,0.0,1.0,1.0,0.0,0.0,Healthcare
2013,2013,PFE,5.0,1.0,1.0,1.0,0.0,0.0,1.0,1.0,0.0,0.0,Healthcare
2013,2013,PM,5.0,1.0,1.0,0.0,1.0,0.0,1.0,1.0,0.0,0.0,Consumer Defensive
2013,2013,TGT,5.0,1.0,1.0,0.0,1.0,0.0,1.0,1.0,0.0,0.0,Consumer Defensive
2013,2013,UNH,5.0,1.0,1.0,0.0,1.0,1.0,0.0,1.0,0.0,0.0,Healthcare
2013,2013,XOM,5.0,1.0,1.0,0.0,1.0,1.0,0.0,1.0,0.0,0.0,Energy
2013,2013,BAX,4.0,1.0,1.0,0.0,1.0,0.0,0.0,1.0,0.0,0.0,Healthcare
2013,2013,CVX,4.0,1.0,1.0,0.0,1.0,0.0,0.0,1.0,0.0,0.0,Energy
2013,2013,FCX,4.0,1.0,1.0,0.0,1.0,0.0,0.0,0.0,0.0,1.0,Basic Materials
2013,2013,GILD,4.0,1.0,1.0,0.0,1.0,1.0,0.0,0.0,0.0,0.0,Healthcare
2013,2013,HAL,4.0,1.0,1.0,0.0,1.0,0.0,0.0,1.0,0.0,0.0,Energy
2013,2013,INTC,4.0,1.0,1.0,0.0,1.0,1.0,0.0,0.0,0.0,0.0,Technology
2013,2013,NOV,4.0,1.0,1.0,0.0,1.0,1.0,0.0,0.0,0.0,0.0,Energy
2013,2013,SO,4.0,1.0,1.0,0.0,1.0,0.0,1.0,0.0,0.0,0.0,Utilities
2013,2013,TFCFA,4.0,1.0,1.0,1.0,0.0,0.0,0.0,1.0,0.0,0.0,
2014,2014,BA,9.0,1.0,1.0,1.0,1.0,1.0,1.0,1.0,1.0,1.0,Industrials
2014,2014,RTX,9.0,1.0,1.0,1.0,1.0,1.0,1.0,1.0,1.0,1.0,Industrials
2014,2014,CMCSA,8.0,1.0,1.0,1.0,1.0,0.0,1.0,1.0,1.0,1.0,Communication Services
2014,2014,GILD,8.0,1.0,1.0,1.0,1.0,0.0,1.0,1.0,1.0,1.0,Healthcare
2014,2014,HAL,8.0,1.0,1.0,1.0,1.0,1.0,0.0,1.0,1.0,1.0,Energy
2014,2014,MMM,8.0,1.0,1.0,1.0,1.0,0.0,1.0,1.0,1.0,1.0,Industrials
2014,2014,TXN,8.0,1.0,1.0,1.0,1.0,1.0,0.0,1.0,1.0,1.0,Technology
2014,2014,ABT,7.0,1.0,1.0,1.0,1.0,0.0,0.0,1.0,1.0,1.0,Healthcare
2014,2014,ACN,7.0,1.0,1.0,0.0,1.0,1.0,1.0,1.0,0.0,1.0,Technology
2014,2014,DIS,7.0,1.0,1.0,1.0,1.0,1.0,0.0,1.0,1.0,0.0,Communication Services
2014,2014,EMR,7.0,1.0,1.0,1.0,1.0,1.0,0.0,1.0,1.0,0.0,Industrials
2014,2014,GD,7.0,1.0,1.0,1.0,1.0,1.0,0.0,1.0,1.0,0.0,Industrials
2014,2014,HD,7.0,1.0,1.0,1.0,1.0,0.0,1.0,1.0,0.0,1.0,Consumer Cyclical
2014,2014,HON,7.0,1.0,1.0,0.0,1.0,1.0,1.0,1.0,1.0,0.0,Industrials
2014,2014,HPQ,7.0,1.0,1.0,1.0,1.0,1.0,1.0,1.0,0.0,0.0,Technology
2014,2014,INTC,7.0,1.0,1.0,1.0,1.0,1.0,0.0,1.0,1.0,0.0,Technology
2014,2014,JNJ,7.0,1.0,1.0,1.0,1.0,0.0,1.0,1.0,1.0,0.0,Healthcare
2014,2014,LOW,7.0,1.0,1.0,1.0,1.0,0.0,0.0,1.0,1.0,1.0,Consumer Cyclical
2014,2014,NOV,7.0,1.0,1.0,0.0,1.0,1.0,0.0,1.0,1.0,1.0,Energy
2014,2014,QCOM,7.0,1.0,1.0,1.0,1.0,1.0,0.0,1.0,0.0,1.0,Technology
2014,2014,UNH,7.0,1.0,1.0,0.0,1.0,0.0,1.0,1.0,1.0,1.0,Healthcare
2014,2014,BAX,6.0,1.0,1.0,1.0,1.0,1.0,0.0,1.0,0.0,0.0,Healthcare
2014,2014,BMY,6.0,1.0,1.0,0.0,1.0,1.0,1.0,0.0,1.0,0.0,Healthcare
2014,2014,COST,6.0,1.0,1.0,0.0,1.0,1.0,1.0,0.0,1.0,0.0,Consumer Defensive
2014,2014,CVS,6.0,1.0,1.0,0.0,1.0,1.0,0.0,1.0,0.0,1.0,Healthcare
2014,2014,GE,6.0,1.0,1.0,1.0,1.0,1.0,0.0,1.0,0.0,0.0,Industrials
2014,2014,GOOGL,6.0,1.0,1.0,0.0,1.0,0.0,1.0,0.0,1.0,1.0,Communication Services
2014,2014,KO,6.0,1.0,1.0,0.0,1.0,1.0,0.0,1.0,1.0,0.0,Consumer Defensive
2014,2014,LMT,6.0,1.0,1.0,1.0,1.0,0.0,0.0,1.0,1.0,0.0,Industrials
2014,2014,MO,6.0,1.0,1.0,1.0,0.0,1.0,0.0,1.0,0.0,1.0,Consumer Defensive
2014,2014,NKE,6.0,1.0,1.0,0.0,1.0,1.0,0.0,1.0,1.0,0.0,Consumer Cyclical
2014,2014,PFE,6.0,1.0,1.0,0.0,1.0,0.0,1.0,1.0,0.0,1.0,Healthcare
2014,2014,PG,6.0,1.0,1.0,0.0,1.0,1.0,1.0,1.0,0.0,0.0,Consumer Defensive
2014,2014,RTN,6.0,1.0,1.0,1.0,0.0,0.0,1.0,1.0,1.0,0.0,
2014,2014,SLB,6.0,1.0,1.0,0.0,1.0,1.0,0.0,1.0,1.0,0.0,Energy
2014,2014,SO,6.0,1.0,1.0,1.0,1.0,1.0,0.0,0.0,0.0,1.0,Utilities
2014,2014,T,6.0,1.0,1.0,0.0,1.0,0.0,1.0,1.0,0.0,1.0,Communication Services
2014,2014,UPS,6.0,1.0,1.0,0.0,1.0,1.0,0.0,1.0,0.0,1.0,Industrials
2014,2014,AAPL,5.0,1.0,1.0,0.0,1.0,0.0,0.0,1.0,1.0,0.0,Technology
2014,2014,AMGN,5.0,1.0,1.0,0.0,1.0,1.0,1.0,0.0,0.0,0.0,Healthcare
2014,2014,CAT,5.0,1.0,1.0,0.0,1.0,0.0,0.0,1.0,0.0,1.0,Industrials
2014,2014,CL,5.0,1.0,1.0,0.0,1.0,0.0,1.0,1.0,0.0,0.0,Consumer Defensive
2014,2014,CSCO,5.0,1.0,1.0,0.0,1.0,0.0,1.0,1.0,0.0,0.0,Technology
2014,2014,DVN,5.0,1.0,1.0,1.0,1.0,0.0,0.0,0.0,0.0,1.0,Energy
2014,2014,EBAY,5.0,1.0,1.0,0.0,1.0,0.0,0.0,1.0,1.0,0.0,Consumer Cyclical
2014,2014,EXC,5.0,1.0,1.0,0.0,1.0,0.0,1.0,0.0,0.0,1.0,Utilities
2014,2014,FDX,5.0,1.0,1.0,0.0,1.0,0.0,0.0,1.0,1.0,0.0,Industrials
2014,2014,IBM,5.0,1.0,1.0,0.0,1.0,0.0,0.0,1.0,1.0,0.0,Technology
2014,2014,MDLZ,5.0,1.0,1.0,0.0,1.0,0.0,0.0,1.0,0.0,1.0,Consumer Defensive
2014,2014,MDT,5.0,1.0,1.0,0.0,1.0,1.0,0.0,1.0,0.0,0.0,Healthcare
2014,2014,MRK,5.0,1.0,1.0,1.0,0.0,1.0,0.0,1.0,0.0,0.0,Healthcare
2014,2014,OXY,5.0,1.0,1.0,0.0,1.0,0.0,1.0,1.0,0.0,0.0,Energy
2014,2014,PEP,5.0,1.0,1.0,0.0,1.0,0.0,0.0,1.0,1.0,0.0,Consumer Defensive
2014,2014,PM,5.0,1.0,1.0,0.0,1.0,0.0,1.0,1.0,0.0,0.0,Consumer Defensive
2014,2014,SBUX,5.0,1.0,1.0,1.0,0.0,0.0,1.0,0.0,1.0,0.0,Consumer Cyclical
2014,2014,TGT,5.0,1.0,1.0,0.0,1.0,1.0,0.0,1.0,0.0,0.0,Consumer Defensive
2014,2014,TWX,5.0,1.0,1.0,1.0,0.0,0.0,0.0,1.0,0.0,1.0,
2014,2014,WMT,5.0,1.0,1.0,0.0,1.0,0.0,1.0,1.0,0.0,0.0,Consumer Defensive
2014,2014,AMZN,4.0,0.0,1.0,0.0,1.0,0.0,1.0,0.0,1.0,0.0,Consumer Cyclical
2014,2014,APA,4.0,0.0,1.0,0.0,1.0,0.0,1.0,1.0,0.0,0.0,Energy
2014,2014,COP,4.0,1.0,1.0,0.0,1.0,0.0,1.0,0.0,0.0,0.0,Energy
2014,2014,CVX,4.0,1.0,1.0,0.0,1.0,0.0,0.0,1.0,0.0,0.0,Energy
2014,2014,F,4.0,1.0,1.0,0.0,1.0,1.0,0.0,0.0,0.0,0.0,Consumer Cyclical
2014,2014,LLY,4.0,1.0,1.0,0.0,1.0,0.0,0.0,1.0,0.0,0.0,Healthcare
2014,2014,MCD,4.0,1.0,1.0,0.0,1.0,0.0,0.0,1.0,0.0,0.0,Consumer Cyclical
2014,2014,MSFT,4.0,1.0,1.0,0.0,1.0,0.0,0.0,1.0,0.0,0.0,Technology
2014,2014,TFCFA,4.0,1.0,1.0,0.0,0.0,0.0,0.0,1.0,0.0,1.0,
2014,2014,XOM,4.0,1.0,1.0,0.0,1.0,0.0,0.0,1.0,0.0,0.0,Energy
2014,2014,FCX,3.0,0.0,1.0,0.0,1.0,1.0,0.0,0.0,0.0,0.0,Basic Materials
2014,2014,VZ,3.0,1.0,1.0,0.0,1.0,0.0,0.0,0.0,0.0,0.0,Communication Services
2015,2015,AAPL,8.0,1.0,1.0,1.0,1.0,0.0,1.0,1.0,1.0,1.0,Technology
2015,2015,AMGN,8.0,1.0,1.0,1.0,1.0,1.0,0.0,1.0,1.0,1.0,Healthcare
2015,2015,CSCO,8.0,1.0,1.0,1.0,1.0,1.0,0.0,1.0,1.0,1.0,Technology
2015,2015,DIS,8.0,1.0,1.0,1.0,1.0,1.0,0.0,1.0,1.0,1.0,Communication Services
2015,2015,MO,8.0,1.0,1.0,1.0,1.0,1.0,0.0,1.0,1.0,1.0,Consumer Defensive
2015,2015,NKE,8.0,1.0,1.0,1.0,1.0,1.0,0.0,1.0,1.0,1.0,Consumer Cyclical
2015,2015,TWX,8.0,1.0,1.0,1.0,1.0,0.0,1.0,1.0,1.0,1.0,
2015,2015,TXN,8.0,1.0,1.0,1.0,1.0,1.0,0.0,1.0,1.0,1.0,Technology
2015,2015,WMT,8.0,1.0,1.0,1.0,1.0,0.0,1.0,1.0,1.0,1.0,Consumer Defensive
2015,2015,ABBV,7.0,1.0,1.0,1.0,1.0,0.0,1.0,0.0,1.0,1.0,Healthcare
2015,2015,ABT,7.0,1.0,1.0,1.0,0.0,0.0,1.0,1.0,1.0,1.0,Healthcare
2015,2015,CAT,7.0,1.0,1.0,1.0,1.0,1.0,0.0,1.0,1.0,0.0,Industrials
2015,2015,F,7.0,1.0,1.0,1.0,1.0,0.0,1.0,0.0,1.0,1.0,Consumer Cyclical
2015,2015,GD,7.0,1.0,1.0,1.0,0.0,1.0,0.0,1.0,1.0,1.0,Industrials
2015,2015,HON,7.0,1.0,1.0,1.0,1.0,1.0,0.0,1.0,1.0,0.0,Industrials
2015,2015,IBM,7.0,1.0,1.0,1.0,1.0,1.0,1.0,1.0,0.0,0.0,Technology
2015,2015,LOW,7.0,1.0,1.0,1.0,1.0,0.0,0.0,1.0,1.0,1.0,Consumer Cyclical
2015,2015,MCD,7.0,1.0,1.0,1.0,1.0,0.0,1.0,1.0,1.0,0.0,Consumer Cyclical
2015,2015,MMM,7.0,1.0,1.0,1.0,1.0,0.0,0.0,1.0,1.0,1.0,Industrials
2015,2015,PEP,7.0,1.0,1.0,0.0,1.0,0.0,1.0,1.0,1.0,1.0,Consumer Defensive
2015,2015,SBUX,7.0,1.0,1.0,1.0,1.0,0.0,0.0,1.0,1.0,1.0,Consumer Cyclical
2015,2015,UPS,7.0,1.0,1.0,1.0,1.0,0.0,0.0,1.0,1.0,1.0,Industrials
2015,2015,VZ,7.0,1.0,1.0,1.0,1.0,1.0,0.0,1.0,0.0,1.0,Communication Services
2015,2015,AMZN,6.0,1.0,1.0,1.0,1.0,1.0,0.0,0.0,1.0,0.0,Consumer Cyclical
2015,2015,BMY,6.0,1.0,1.0,0.0,1.0,1.0,0.0,0.0,1.0,1.0,Healthcare
2015,2015,CL,6.0,1.0,1.0,0.0,1.0,0.0,1.0,1.0,1.0,0.0,Consumer Defensive
2015,2015,CMCSA,6.0,1.0,1.0,0.0,1.0,0.0,0.0,1.0,1.0,1.0,Communication Services
2015,2015,COST,6.0,1.0,1.0,1.0,1.0,1.0,0.0,0.0,1.0,0.0,Consumer Defensive
2015,2015,CVS,6.0,1.0,1.0,1.0,1.0,0.0,0.0,1.0,0.0,1.0,Healthcare
2015,2015,EXC,6.0,1.0,1.0,1.0,1.0,0.0,1.0,0.0,1.0,0.0,Utilities
2015,2015,FDX,6.0,1.0,1.0,0.0,1.0,0.0,0.0,1.0,1.0,1.0,Industrials
2015,2015,GE,6.0,0.0,1.0,0.0,1.0,1.0,1.0,1.0,1.0,0.0,Industrials
2015,2015,GM,6.0,1.0,1.0,1.0,1.0,0.0,0.0,1.0,1.0,0.0,Consumer Cyclical
2015,2015,HD,6.0,1.0,1.0,1.0,1.0,0.0,0.0,1.0,0.0,1.0,Consumer Cyclical
2015,2015,KO,6.0,1.0,1.0,1.0,1.0,0.0,1.0,1.0,0.0,0.0,Consumer Defensive
2015,2015,META,6.0,1.0,1.0,0.0,1.0,1.0,1.0,0.0,1.0,0.0,Communication Services
2015,2015,MRK,6.0,1.0,1.0,0.0,1.0,0.0,0.0,1.0,1.0,1.0,Healthcare
2015,2015,PFE,6.0,1.0,1.0,0.0,1.0,1.0,0.0,1.0,0.0,1.0,Healthcare
2015,2015,PG,6.0,1.0,1.0,0.0,1.0,1.0,1.0,0.0,1.0,0.0,Consumer Defensive
2015,2015,PM,6.0,1.0,1.0,0.0,1.0,1.0,1.0,0.0,1.0,0.0,Consumer Defensive
2015,2015,RTN,6.0,1.0,1.0,0.0,1.0,1.0,0.0,1.0,1.0,0.0,
2015,2015,SO,6.0,1.0,1.0,1.0,1.0,0.0,1.0,0.0,1.0,0.0,Utilities
2015,2015,TFCFA,6.0,1.0,1.0,1.0,0.0,0.0,1.0,1.0,1.0,0.0,
2015,2015,ACN,5.0,1.0,1.0,0.0,1.0,1.0,0.0,1.0,0.0,0.0,Technology
2015,2015,BA,5.0,1.0,1.0,0.0,1.0,0.0,0.0,1.0,0.0,1.0,Industrials
2015,2015,EMR,5.0,1.0,1.0,1.0,0.0,0.0,1.0,1.0,0.0,0.0,Industrials
2015,2015,GILD,5.0,1.0,1.0,0.0,1.0,0.0,0.0,1.0,1.0,0.0,Healthcare
2015,2015,GOOGL,5.0,1.0,1.0,0.0,1.0,1.0,0.0,0.0,1.0,0.0,Communication Services
2015,2015,INTC,5.0,1.0,1.0,0.0,1.0,0.0,1.0,1.0,0.0,0.0,Technology
2015,2015,JNJ,5.0,1.0,1.0,0.0,1.0,1.0,0.0,1.0,0.0,0.0,Healthcare
2015,2015,LLY,5.0,1.0,1.0,0.0,1.0,0.0,1.0,1.0,0.0,0.0,Healthcare
2015,2015,MDLZ,5.0,1.0,1.0,1.0,0.0,0.0,0.0,1.0,1.0,0.0,Consumer Defensive
2015,2015,ORCL,5.0,1.0,1.0,0.0,1.0,0.0,1.0,1.0,0.0,0.0,Technology
2015,2015,SLB,5.0,1.0,1.0,0.0,1.0,0.0,1.0,1.0,0.0,0.0,Energy
2015,2015,T,5.0,1.0,1.0,1.0,1.0,0.0,0.0,0.0,0.0,1.0,Communication Services
2015,2015,UNH,5.0,1.0,1.0,0.0,1.0,0.0,0.0,1.0,0.0,1.0,Healthcare
2015,2015,CVX,4.0,1.0,1.0,0.0,1.0,0.0,1.0,0.0,0.0,0.0,Energy
2015,2015,LMT,4.0,1.0,1.0,0.0,1.0,0.0,0.0,1.0,0.0,0.0,Industrials
2015,2015,MDT,4.0,1.0,1.0,0.0,1.0,0.0,0.0,0.0,0.0,1.0,Healthcare
2015,2015,MSFT,4.0,1.0,1.0,0.0,1.0,0.0,0.0,1.0,0.0,0.0,Technology
2015,2015,QCOM,4.0,1.0,1.0,0.0,1.0,0.0,0.0,1.0,0.0,0.0,Technology
2015,2015,RTX,4.0,1.0,1.0,1.0,0.0,0.0,0.0,1.0,0.0,0.0,Industrials
2015,2015,TGT,4.0,0.0,1.0,0.0,1.0,0.0,1.0,0.0,0.0,1.0,Consumer Defensive
2015,2015,XOM,4.0,1.0,1.0,0.0,1.0,0.0,0.0,1.0,0.0,0.0,Energy
2015,2015,DVN,3.0,0.0,1.0,0.0,1.0,0.0,1.0,0.0,0.0,0.0,Energy
2015,2015,HAL,3.0,0.0,1.0,0.0,1.0,0.0,1.0,0.0,0.0,0.0,Energy
2015,2015,OXY,3.0,0.0,1.0,0.0,1.0,0.0,0.0,1.0,0.0,0.0,Energy
2015,2015,COP,2.0,0.0,1.0,0.0,1.0,0.0,0.0,0.0,0.0,0.0,Energy
2016,2016,TXN,9.0,1.0,1.0,1.0,1.0,1.0,1.0,1.0,1.0,1.0,Technology
2016,2016,ACN,8.0,1.0,1.0,1.0,1.0,1.0,1.0,1.0,0.0,1.0,Technology
2016,2016,AMGN,8.0,1.0,1.0,1.0,1.0,1.0,0.0,1.0,1.0,1.0,Healthcare
2016,2016,CL,8.0,1.0,1.0,1.0,1.0,0.0,1.0,1.0,1.0,1.0,Consumer Defensive
2016,2016,CMCSA,8.0,1.0,1.0,1.0,1.0,0.0,1.0,1.0,1.0,1.0,Communication Services
2016,2016,JNJ,8.0,1.0,1.0,1.0,1.0,0.0,1.0,1.0,1.0,1.0,Healthcare
2016,2016,LMT,8.0,1.0,1.0,1.0,1.0,1.0,1.0,1.0,1.0,0.0,Industrials
2016,2016,META,8.0,1.0,1.0,1.0,1.0,1.0,1.0,0.0,1.0,1.0,Communication Services
2016,2016,MO,8.0,1.0,1.0,1.0,0.0,1.0,1.0,1.0,1.0,1.0,Consumer Defensive
2016,2016,PG,8.0,1.0,1.0,1.0,1.0,0.0,1.0,1.0,1.0,1.0,Consumer Defensive
2016,2016,RTN,8.0,1.0,1.0,1.0,1.0,1.0,1.0,1.0,1.0,0.0,
2016,2016,TWX,8.0,1.0,1.0,1.0,1.0,1.0,0.0,1.0,1.0,1.0,
2016,2016,AMZN,7.0,1.0,1.0,1.0,1.0,1.0,0.0,0.0,1.0,1.0,Consumer Cyclical
2016,2016,COST,7.0,1.0,1.0,0.0,1.0,1.0,0.0,1.0,1.0,1.0,Consumer Defensive
2016,2016,DIS,7.0,1.0,1.0,1.0,1.0,0.0,0.0,1.0,1.0,1.0,Communication Services
2016,2016,GE,7.0,1.0,0.0,1.0,0.0,1.0,1.0,1.0,1.0,1.0,Industrials
2016,2016,HD,7.0,1.0,1.0,1.0,1.0,0.0,0.0,1.0,1.0,1.0,Consumer Cyclical
2016,2016,PEP,7.0,1.0,1.0,1.0,1.0,0.0,0.0,1.0,1.0,1.0,Consumer Defensive
2016,2016,PM,7.0,1.0,1.0,1.0,1.0,1.0,1.0,0.0,0.0,1.0,Consumer Defensive
2016,2016,TGT,7.0,1.0,1.0,1.0,1.0,1.0,0.0,1.0,0.0,1.0,Consumer Defensive
2016,2016,ABBV,6.0,1.0,1.0,0.0,1.0,1.0,1.0,1.0,0.0,0.0,Healthcare
2016,2016,BMY,6.0,1.0,1.0,1.0,0.0,1.0,1.0,0.0,0.0,1.0,Healthcare
2016,2016,CSCO,6.0,1.0,1.0,1.0,1.0,0.0,0.0,1.0,1.0,0.0,Technology
2016,2016,FDX,6.0,1.0,1.0,1.0,1.0,0.0,0.0,1.0,1.0,0.0,Industrials
2016,2016,GM,6.0,1.0,1.0,0.0,1.0,0.0,0.0,1.0,1.0,1.0,Consumer Cyclical
2016,2016,GOOGL,6.0,1.0,1.0,1.0,1.0,0.0,1.0,0.0,0.0,1.0,Communication Services
2016,2016,KO,6.0,1.0,1.0,0.0,1.0,0.0,1.0,1.0,1.0,0.0,Consumer Defensive
2016,2016,LLY,6.0,1.0,1.0,1.0,1.0,0.0,0.0,1.0,0.0,1.0,Healthcare
2016,2016,LOW,6.0,1.0,1.0,0.0,1.0,0.0,0.0,1.0,1.0,1.0,Consumer Cyclical
2016,2016,MDLZ,6.0,1.0,1.0,0.0,1.0,1.0,0.0,1.0,1.0,0.0,Consumer Defensive
2016,2016,MMM,6.0,1.0,1.0,0.0,1.0,0.0,1.0,1.0,1.0,0.0,Industrials
2016,2016,MRK,6.0,1.0,1.0,0.0,1.0,0.0,1.0,1.0,1.0,0.0,Healthcare
2016,2016,MSFT,6.0,1.0,1.0,1.0,1.0,0.0,1.0,1.0,0.0,0.0,Technology
2016,2016,PFE,6.0,1.0,1.0,1.0,1.0,0.0,0.0,1.0,0.0,1.0,Healthcare
2016,2016,QCOM,6.0,1.0,1.0,1.0,1.0,1.0,0.0,1.0,0.0,0.0,Technology
2016,2016,SO,6.0,1.0,1.0,0.0,1.0,0.0,1.0,0.0,1.0,1.0,Utilities
2016,2016,T,6.0,1.0,1.0,0.0,1.0,1.0,1.0,1.0,0.0,0.0,Communication Services
2016,2016,TFCFA,6.0,1.0,1.0,0.0,1.0,0.0,0.0,1.0,1.0,1.0,
2016,2016,AAPL,5.0,1.0,1.0,0.0,1.0,0.0,1.0,1.0,0.0,0.0,Technology
2016,2016,ABT,5.0,1.0,1.0,0.0,1.0,0.0,1.0,0.0,0.0,1.0,Healthcare
2016,2016,BA,5.0,1.0,1.0,0.0,1.0,0.0,0.0,1.0,1.0,0.0,Industrials
2016,2016,BIIB,5.0,1.0,1.0,0.0,1.0,1.0,0.0,1.0,0.0,0.0,Healthcare
2016,2016,CVS,5.0,1.0,1.0,0.0,1.0,1.0,0.0,1.0,0.0,0.0,Healthcare
2016,2016,EMR,5.0,1.0,1.0,0.0,1.0,1.0,0.0,1.0,0.0,0.0,Industrials
2016,2016,GD,5.0,1.0,1.0,0.0,0.0,0.0,1.0,1.0,0.0,1.0,Industrials
2016,2016,GILD,5.0,1.0,1.0,0.0,1.0,1.0,0.0,1.0,0.0,0.0,Healthcare
2016,2016,HON,5.0,1.0,1.0,0.0,1.0,0.0,1.0,1.0,0.0,0.0,Industrials
2016,2016,IBM,5.0,1.0,1.0,0.0,1.0,0.0,0.0,1.0,0.0,1.0,Technology
2016,2016,MCD,5.0,1.0,1.0,0.0,1.0,0.0,0.0,1.0,1.0,0.0,Consumer Cyclical
2016,2016,MDT,5.0,1.0,1.0,0.0,1.0,1.0,0.0,1.0,0.0,0.0,Healthcare
2016,2016,NKE,5.0,1.0,1.0,0.0,0.0,0.0,1.0,1.0,1.0,0.0,Consumer Cyclical
2016,2016,ORCL,5.0,1.0,1.0,0.0,1.0,1.0,0.0,1.0,0.0,0.0,Technology
2016,2016,RTX,5.0,1.0,1.0,0.0,0.0,0.0,1.0,1.0,0.0,1.0,Industrials
2016,2016,SBUX,5.0,1.0,1.0,0.0,1.0,0.0,0.0,1.0,1.0,0.0,Consumer Cyclical
2016,2016,UNH,5.0,1.0,1.0,0.0,1.0,1.0,0.0,1.0,0.0,0.0,Healthcare
2016,2016,VZ,5.0,1.0,1.0,0.0,1.0,1.0,1.0,0.0,0.0,0.0,Communication Services
2016,2016,WMT,5.0,1.0,1.0,0.0,1.0,0.0,0.0,1.0,1.0,0.0,Consumer Defensive
2016,2016,XOM,5.0,1.0,1.0,0.0,1.0,0.0,1.0,1.0,0.0,0.0,Energy
2016,2016,COP,4.0,0.0,1.0,1.0,1.0,0.0,1.0,0.0,0.0,0.0,Energy
2016,2016,EXC,4.0,1.0,1.0,0.0,1.0,0.0,0.0,0.0,1.0,0.0,Utilities
2016,2016,F,4.0,1.0,1.0,0.0,1.0,1.0,0.0,0.0,0.0,0.0,Consumer Cyclical
2016,2016,INTC,4.0,1.0,1.0,0.0,1.0,1.0,0.0,0.0,0.0,0.0,Technology
2016,2016,OXY,4.0,0.0,1.0,1.0,1.0,0.0,0.0,0.0,0.0,1.0,Energy
2016,2016,UPS,4.0,1.0,1.0,0.0,1.0,0.0,0.0,1.0,0.0,0.0,Industrials
2016,2016,CAT,3.0,0.0,1.0,0.0,1.0,1.0,0.0,0.0,0.0,0.0,Industrials
2016,2016,CVX,2.0,0.0,1.0,0.0,1.0,0.0,0.0,0.0,0.0,0.0,Energy
2016,2016,HAL,2.0,0.0,0.0,0.0,1.0,1.0,0.0,0.0,0.0,0.0,Energy
2016,2016,SLB,2.0,0.0,1.0,0.0,1.0,0.0,0.0,0.0,0.0,0.0,Energy
2017,2017,BA,8.0,1.0,1.0,1.0,1.0,1.0,0.0,1.0,1.0,1.0,Industrials
2017,2017,CELG,8.0,1.0,1.0,1.0,1.0,0.0,1.0,1.0,1.0,1.0,
2017,2017,CL,8.0,1.0,1.0,0.0,1.0,1.0,1.0,1.0,1.0,1.0,Consumer Defensive
2017,2017,COP,8.0,0.0,1.0,1.0,1.0,1.0,1.0,1.0,1.0,1.0,Energy
2017,2017,CVX,8.0,1.0,1.0,1.0,1.0,1.0,1.0,0.0,1.0,1.0,Energy
2017,2017,LMT,8.0,1.0,1.0,0.0,1.0,1.0,1.0,1.0,1.0,1.0,Industrials
2017,2017,MCD,8.0,1.0,1.0,1.0,1.0,0.0,1.0,1.0,1.0,1.0,Consumer Cyclical
2017,2017,MDT,8.0,1.0,1.0,1.0,1.0,1.0,0.0,1.0,1.0,1.0,Healthcare
2017,2017,TFCFA,8.0,1.0,1.0,1.0,1.0,0.0,1.0,1.0,1.0,1.0,
2017,2017,TXN,8.0,1.0,1.0,1.0,1.0,0.0,1.0,1.0,1.0,1.0,Technology
2017,2017,BKNG,7.0,1.0,1.0,0.0,1.0,0.0,1.0,1.0,1.0,1.0,Consumer Cyclical
2017,2017,CAT,7.0,1.0,1.0,1.0,1.0,0.0,1.0,0.0,1.0,1.0,Industrials
2017,2017,COST,7.0,1.0,1.0,1.0,1.0,0.0,1.0,1.0,0.0,1.0,Consumer Defensive
2017,2017,CVS,7.0,1.0,1.0,1.0,1.0,1.0,0.0,1.0,0.0,1.0,Healthcare
2017,2017,EMR,7.0,1.0,1.0,0.0,1.0,1.0,1.0,1.0,0.0,1.0,Industrials
2017,2017,GD,7.0,1.0,1.0,1.0,1.0,0.0,1.0,1.0,1.0,0.0,Industrials
2017,2017,META,7.0,1.0,1.0,1.0,1.0,0.0,1.0,0.0,1.0,1.0,Communication Services
2017,2017,MRK,7.0,1.0,1.0,0.0,1.0,1.0,0.0,1.0,1.0,1.0,Healthcare
2017,2017,MSFT,7.0,1.0,1.0,1.0,1.0,0.0,1.0,1.0,1.0,0.0,Technology
2017,2017,OXY,7.0,1.0,1.0,1.0,1.0,1.0,0.0,0.0,1.0,1.0,Energy
2017,2017,PG,7.0,1.0,1.0,1.0,0.0,1.0,0.0,1.0,1.0,1.0,Consumer Defensive
2017,2017,RTN,7.0,1.0,1.0,0.0,1.0,1.0,0.0,1.0,1.0,1.0,
2017,2017,UPS,7.0,1.0,1.0,1.0,0.0,0.0,1.0,1.0,1.0,1.0,Industrials
2017,2017,WMT,7.0,1.0,1.0,0.0,1.0,1.0,0.0,1.0,1.0,1.0,Consumer Defensive
2017,2017,XOM,7.0,1.0,1.0,1.0,1.0,1.0,0.0,0.0,1.0,1.0,Energy
2017,2017,ACN,6.0,1.0,1.0,0.0,1.0,1.0,0.0,1.0,1.0,0.0,Technology
2017,2017,AMGN,6.0,1.0,1.0,0.0,1.0,0.0,1.0,1.0,1.0,0.0,Healthcare
2017,2017,BMY,6.0,1.0,1.0,0.0,1.0,0.0,1.0,1.0,0.0,1.0,Healthcare
2017,2017,CSCO,6.0,1.0,1.0,0.0,1.0,1.0,0.0,1.0,1.0,0.0,Technology
2017,2017,EXC,6.0,1.0,1.0,1.0,1.0,1.0,1.0,0.0,0.0,0.0,Utilities
2017,2017,F,6.0,1.0,1.0,1.0,1.0,0.0,1.0,1.0,0.0,0.0,Consumer Cyclical
2017,2017,FDX,6.0,1.0,1.0,1.0,1.0,1.0,1.0,0.0,0.0,0.0,Industrials
2017,2017,GILD,6.0,1.0,1.0,0.0,1.0,1.0,1.0,1.0,0.0,0.0,Healthcare
2017,2017,HD,6.0,1.0,1.0,1.0,1.0,0.0,0.0,1.0,0.0,1.0,Consumer Cyclical
2017,2017,HON,6.0,1.0,1.0,0.0,1.0,1.0,0.0,1.0,1.0,0.0,Industrials
2017,2017,KMI,6.0,1.0,1.0,0.0,1.0,1.0,0.0,1.0,0.0,1.0,Energy
2017,2017,LOW,6.0,1.0,1.0,1.0,1.0,0.0,0.0,1.0,0.0,1.0,Consumer Cyclical
2017,2017,MDLZ,6.0,1.0,1.0,1.0,0.0,1.0,0.0,1.0,0.0,1.0,Consumer Defensive
2017,2017,NKE,6.0,1.0,1.0,1.0,0.0,0.0,1.0,1.0,0.0,1.0,Consumer Cyclical
2017,2017,ORCL,6.0,1.0,1.0,1.0,1.0,0.0,0.0,0.0,1.0,1.0,Technology
2017,2017,PFE,6.0,1.0,1.0,1.0,0.0,0.0,1.0,1.0,1.0,0.0,Healthcare
2017,2017,RTX,6.0,1.0,1.0,0.0,1.0,0.0,1.0,1.0,0.0,1.0,Industrials
2017,2017,SLB,6.0,0.0,1.0,1.0,1.0,1.0,0.0,1.0,1.0,0.0,Energy
2017,2017,TGT,6.0,1.0,1.0,0.0,1.0,1.0,0.0,1.0,1.0,0.0,Consumer Defensive
2017,2017,UNH,6.0,1.0,1.0,1.0,1.0,1.0,1.0,0.0,0.0,0.0,Healthcare
2017,2017,ABBV,5.0,1.0,1.0,0.0,1.0,1.0,0.0,1.0,0.0,0.0,Healthcare
2017,2017,ABT,5.0,1.0,1.0,0.0,1.0,1.0,0.0,0.0,0.0,1.0,Healthcare
2017,2017,AGN,5.0,0.0,1.0,0.0,1.0,1.0,0.0,1.0,0.0,1.0,
2017,2017,AMZN,5.0,1.0,1.0,0.0,1.0,0.0,0.0,0.0,1.0,1.0,Consumer Cyclical
2017,2017,BIIB,5.0,1.0,1.0,0.0,1.0,1.0,0.0,1.0,0.0,0.0,Healthcare
2017,2017,CMCSA,5.0,1.0,1.0,1.0,0.0,0.0,0.0,1.0,1.0,0.0,Communication Services
2017,2017,GOOGL,5.0,1.0,1.0,0.0,1.0,1.0,0.0,0.0,0.0,1.0,Communication Services
2017,2017,HAL,5.0,0.0,1.0,1.0,1.0,0.0,0.0,0.0,1.0,1.0,Energy
2017,2017,IBM,5.0,1.0,1.0,0.0,1.0,0.0,1.0,1.0,0.0,0.0,Technology
2017,2017,INTC,5.0,1.0,1.0,0.0,1.0,0.0,0.0,1.0,1.0,0.0,Technology
2017,2017,JNJ,5.0,1.0,1.0,0.0,1.0,0.0,0.0,1.0,0.0,1.0,Healthcare
2017,2017,KO,5.0,1.0,1.0,0.0,1.0,0.0,0.0,1.0,1.0,0.0,Consumer Defensive
2017,2017,MMM,5.0,1.0,1.0,0.0,1.0,0.0,0.0,1.0,0.0,1.0,Industrials
2017,2017,MO,5.0,1.0,1.0,0.0,0.0,1.0,0.0,1.0,1.0,0.0,Consumer Defensive
2017,2017,QCOM,5.0,1.0,1.0,0.0,1.0,0.0,1.0,1.0,0.0,0.0,Technology
2017,2017,SBUX,5.0,1.0,1.0,0.0,1.0,0.0,1.0,1.0,0.0,0.0,Consumer Cyclical
2017,2017,T,5.0,1.0,1.0,1.0,1.0,0.0,1.0,0.0,0.0,0.0,Communication Services
2017,2017,TWX,5.0,1.0,1.0,1.0,0.0,1.0,0.0,0.0,0.0,1.0,
2017,2017,VZ,5.0,1.0,1.0,1.0,0.0,0.0,1.0,0.0,0.0,1.0,Communication Services
2017,2017,AAPL,4.0,1.0,1.0,0.0,1.0,0.0,0.0,1.0,0.0,0.0,Technology
2017,2017,DIS,4.0,1.0,1.0,0.0,1.0,0.0,0.0,1.0,0.0,0.0,Communication Services
2017,2017,GE,4.0,0.0,1.0,0.0,1.0,0.0,0.0,1.0,0.0,1.0,Industrials
2017,2017,GM,4.0,0.0,1.0,0.0,1.0,0.0,0.0,1.0,1.0,0.0,Consumer Cyclical
2017,2017,PM,4.0,1.0,1.0,0.0,1.0,0.0,1.0,0.0,0.0,0.0,Consumer Defensive
2017,2017,SO,4.0,1.0,1.0,0.0,1.0,1.0,0.0,0.0,0.0,0.0,Utilities
2017,2017,LLY,3.0,0.0,1.0,0.0,1.0,0.0,0.0,1.0,0.0,0.0,Healthcare
2018,2018,BMY,9.0,1.0,1.0,1.0,1.0,1.0,1.0,1.0,1.0,1.0,Healthcare
2018,2018,COP,9.0,1.0,1.0,1.0,1.0,1.0,1.0,1.0,1.0,1.0,Energy
2018,2018,CVX,9.0,1.0,1.0,1.0,1.0,1.0,1.0,1.0,1.0,1.0,Energy
2018,2018,XOM,9.0,1.0,1.0,1.0,1.0,1.0,1.0,1.0,1.0,1.0,Energy
2018,2018,ACN,8.0,1.0,1.0,1.0,1.0,1.0,1.0,0.0,1.0,1.0,Technology
2018,2018,AMGN,8.0,1.0,1.0,1.0,1.0,1.0,0.0,1.0,1.0,1.0,Healthcare
2018,2018,CAT,8.0,1.0,1.0,1.0,1.0,0.0,1.0,1.0,1.0,1.0,Industrials
2018,2018,DHR,8.0,1.0,1.0,1.0,1.0,1.0,1.0,0.0,1.0,1.0,Healthcare
2018,2018,DIS,8.0,1.0,1.0,1.0,1.0,1.0,1.0,1.0,0.0,1.0,Communication Services
2018,2018,EMR,8.0,1.0,1.0,1.0,1.0,1.0,0.0,1.0,1.0,1.0,Industrials
2018,2018,HAL,8.0,1.0,1.0,1.0,1.0,0.0,1.0,1.0,1.0,1.0,Energy
2018,2018,INTC,8.0,1.0,1.0,1.0,1.0,1.0,1.0,1.0,0.0,1.0,Technology
2018,2018,JNJ,8.0,1.0,1.0,1.0,1.0,1.0,1.0,1.0,1.0,0.0,Healthcare
2018,2018,KMI,8.0,1.0,1.0,1.0,1.0,1.0,1.0,0.0,1.0,1.0,Energy
2018,2018,LLY,8.0,1.0,1.0,1.0,1.0,1.0,1.0,1.0,1.0,0.0,Healthcare
2018,2018,MDT,8.0,1.0,1.0,0.0,1.0,1.0,1.0,1.0,1.0,1.0,Healthcare
2018,2018,MRK,8.0,1.0,1.0,1.0,1.0,1.0,0.0,1.0,1.0,1.0,Healthcare
2018,2018,TGT,8.0,1.0,1.0,1.0,1.0,0.0,1.0,1.0,1.0,1.0,Consumer Defensive
2018,2018,ABBV,7.0,1.0,1.0,1.0,1.0,0.0,0.0,1.0,1.0,1.0,Healthcare
2018,2018,AMZN,7.0,1.0,1.0,1.0,1.0,1.0,1.0,0.0,1.0,0.0,Consumer Cyclical
2018,2018,BIIB,7.0,1.0,1.0,1.0,1.0,1.0,0.0,1.0,0.0,1.0,Healthcare
2018,2018,COST,7.0,1.0,1.0,1.0,1.0,1.0,1.0,0.0,0.0,1.0,Consumer Defensive
2018,2018,FDX,7.0,1.0,1.0,1.0,1.0,1.0,0.0,1.0,0.0,1.0,Industrials
2018,2018,GM,7.0,1.0,1.0,1.0,1.0,0.0,1.0,1.0,0.0,1.0,Consumer Cyclical
2018,2018,LMT,7.0,1.0,1.0,1.0,0.0,1.0,0.0,1.0,1.0,1.0,Industrials
2018,2018,MDLZ,7.0,1.0,1.0,1.0,1.0,1.0,0.0,1.0,1.0,0.0,Consumer Defensive
2018,2018,MO,7.0,1.0,1.0,0.0,1.0,1.0,0.0,1.0,1.0,1.0,Consumer Defensive
2018,2018,OXY,7.0,1.0,1.0,1.0,1.0,0.0,1.0,1.0,0.0,1.0,Energy
2018,2018,PFE,7.0,1.0,1.0,0.0,1.0,0.0,1.0,1.0,1.0,1.0,Healthcare
2018,2018,RTN,7.0,1.0,1.0,1.0,1.0,0.0,0.0,1.0,1.0,1.0,
2018,2018,SBUX,7.0,1.0,1.0,1.0,1.0,0.0,1.0,1.0,0.0,1.0,Consumer Cyclical
2018,2018,SLB,7.0,1.0,1.0,1.0,1.0,0.0,0.0,1.0,1.0,1.0,Energy
2018,2018,SO,7.0,1.0,1.0,1.0,1.0,1.0,0.0,1.0,0.0,1.0,Utilities
2018,2018,AAPL,6.0,1.0,1.0,1.0,1.0,1.0,0.0,1.0,0.0,0.0,Technology
2018,2018,ABT,6.0,1.0,1.0,1.0,1.0,1.0,0.0,0.0,1.0,0.0,Healthcare
2018,2018,BA,6.0,1.0,1.0,0.0,1.0,1.0,0.0,1.0,1.0,0.0,Industrials
2018,2018,CELG,6.0,1.0,1.0,1.0,1.0,0.0,0.0,1.0,0.0,1.0,
2018,2018,CL,6.0,1.0,1.0,1.0,1.0,1.0,0.0,1.0,0.0,0.0,Consumer Defensive
2018,2018,CMCSA,6.0,1.0,1.0,0.0,1.0,0.0,1.0,1.0,0.0,1.0,Communication Services
2018,2018,GILD,6.0,1.0,1.0,0.0,1.0,1.0,1.0,1.0,0.0,0.0,Healthcare
2018,2018,GOOGL,6.0,1.0,1.0,1.0,1.0,1.0,0.0,0.0,0.0,1.0,Communication Services
2018,2018,HD,6.0,1.0,1.0,1.0,1.0,0.0,0.0,1.0,0.0,1.0,Consumer Cyclical
2018,2018,IBM,6.0,1.0,1.0,1.0,1.0,1.0,0.0,1.0,0.0,0.0,Technology
2018,2018,LOW,6.0,1.0,1.0,1.0,1.0,0.0,1.0,1.0,0.0,0.0,Consumer Cyclical
2018,2018,MCD,6.0,1.0,1.0,1.0,1.0,0.0,0.0,1.0,1.0,0.0,Consumer Cyclical
2018,2018,META,6.0,1.0,1.0,1.0,1.0,0.0,0.0,1.0,0.0,1.0,Communication Services
2018,2018,MSFT,6.0,1.0,1.0,0.0,1.0,1.0,0.0,1.0,1.0,0.0,Technology
2018,2018,TFCFA,6.0,1.0,1.0,1.0,0.0,1.0,1.0,0.0,0.0,1.0,
2018,2018,TXN,6.0,1.0,1.0,1.0,1.0,0.0,0.0,1.0,1.0,0.0,Technology
2018,2018,UNH,6.0,1.0,1.0,1.0,1.0,0.0,0.0,1.0,1.0,0.0,Healthcare
2018,2018,WMT,6.0,1.0,1.0,0.0,1.0,1.0,0.0,1.0,0.0,1.0,Consumer Defensive
2018,2018,AGN,5.0,0.0,1.0,0.0,1.0,1.0,0.0,1.0,0.0,1.0,
2018,2018,CSCO,5.0,1.0,1.0,0.0,1.0,1.0,0.0,1.0,0.0,0.0,Technology
2018,2018,CVS,5.0,0.0,1.0,0.0,1.0,0.0,1.0,0.0,1.0,1.0,Healthcare
2018,2018,DUK,5.0,1.0,1.0,0.0,1.0,1.0,0.0,0.0,0.0,1.0,Utilities
2018,2018,EXC,5.0,1.0,1.0,0.0,1.0,0.0,1.0,0.0,0.0,1.0,Utilities
2018,2018,GD,5.0,1.0,1.0,1.0,0.0,0.0,0.0,1.0,0.0,1.0,Industrials
2018,2018,HON,5.0,1.0,1.0,1.0,0.0,1.0,0.0,1.0,0.0,0.0,Industrials
2018,2018,KO,5.0,1.0,1.0,1.0,1.0,1.0,0.0,0.0,0.0,0.0,Consumer Defensive
2018,2018,MMM,5.0,1.0,1.0,0.0,1.0,0.0,1.0,1.0,0.0,0.0,Industrials
2018,2018,NEE,5.0,1.0,1.0,1.0,0.0,1.0,0.0,0.0,1.0,0.0,Utilities
2018,2018,NKE,5.0,1.0,1.0,0.0,1.0,1.0,0.0,1.0,0.0,0.0,Consumer Cyclical
2018,2018,ORCL,5.0,1.0,1.0,0.0,1.0,0.0,1.0,1.0,0.0,0.0,Technology
2018,2018,PG,5.0,1.0,1.0,0.0,1.0,0.0,0.0,1.0,0.0,1.0,Consumer Defensive
2018,2018,PM,5.0,1.0,1.0,1.0,1.0,1.0,0.0,0.0,0.0,0.0,Consumer Defensive
2018,2018,RTX,5.0,1.0,1.0,1.0,1.0,0.0,0.0,0.0,0.0,1.0,Industrials
2018,2018,UPS,5.0,1.0,1.0,0.0,1.0,1.0,0.0,1.0,0.0,0.0,Industrials
2018,2018,VZ,5.0,1.0,1.0,0.0,1.0,1.0,1.0,0.0,0.0,0.0,Communication Services
2018,2018,F,4.0,1.0,1.0,0.0,1.0,1.0,0.0,0.0,0.0,0.0,Consumer Cyclical
2018,2018,GE,4.0,0.0,1.0,0.0,1.0,1.0,0.0,0.0,1.0,0.0,Industrials
2018,2018,KHC,4.0,0.0,1.0,0.0,1.0,0.0,1.0,0.0,0.0,1.0,Consumer Defensive
2018,2018,QCOM,4.0,0.0,1.0,0.0,1.0,1.0,0.0,1.0,0.0,0.0,Technology
2018,2018,T,4.0,1.0,1.0,0.0,1.0,0.0,0.0,0.0,1.0,0.0,Communication Services
2019,2019,LMT,9.0,1.0,1.0,1.0,1.0,1.0,1.0,1.0,1.0,1.0,Industrials
2019,2019,ACN,8.0,1.0,1.0,1.0,1.0,1.0,1.0,1.0,1.0,0.0,Technology
2019,2019,CSCO,8.0,1.0,1.0,1.0,1.0,1.0,0.0,1.0,1.0,1.0,Technology
2019,2019,GILD,8.0,1.0,1.0,1.0,1.0,1.0,0.0,1.0,1.0,1.0,Healthcare
2019,2019,MDLZ,8.0,1.0,1.0,1.0,1.0,0.0,1.0,1.0,1.0,1.0,Consumer Defensive
2019,2019,MDT,8.0,1.0,1.0,1.0,1.0,0.0,1.0,1.0,1.0,1.0,Healthcare
2019,2019,MSFT,8.0,1.0,1.0,1.0,1.0,1.0,0.0,1.0,1.0,1.0,Technology
2019,2019,NKE,8.0,1.0,1.0,1.0,1.0,1.0,0.0,1.0,1.0,1.0,Consumer Cyclical
2019,2019,QCOM,8.0,1.0,1.0,1.0,1.0,0.0,1.0,1.0,1.0,1.0,Technology
2019,2019,ABBV,7.0,1.0,1.0,1.0,1.0,0.0,1.0,0.0,1.0,1.0,Healthcare
2019,2019,ABT,7.0,1.0,1.0,1.0,1.0,1.0,0.0,0.0,1.0,1.0,Healthcare
2019,2019,CHTR,7.0,1.0,1.0,1.0,1.0,0.0,1.0,1.0,0.0,1.0,Communication Services
2019,2019,CL,7.0,1.0,1.0,1.0,1.0,0.0,0.0,1.0,1.0,1.0,Consumer Defensive
2019,2019,DHR,7.0,1.0,1.0,1.0,1.0,0.0,1.0,1.0,0.0,1.0,Healthcare
2019,2019,EMR,7.0,1.0,1.0,1.0,1.0,0.0,1.0,1.0,0.0,1.0,Industrials
2019,2019,HD,7.0,1.0,1.0,1.0,1.0,0.0,0.0,1.0,1.0,1.0,Consumer Cyclical
2019,2019,JNJ,7.0,1.0,1.0,1.0,1.0,1.0,0.0,1.0,0.0,1.0,Healthcare
2019,2019,MRK,7.0,1.0,1.0,1.0,1.0,0.0,1.0,1.0,1.0,0.0,Healthcare
2019,2019,RTN,7.0,1.0,1.0,1.0,1.0,1.0,0.0,1.0,0.0,1.0,
2019,2019,AAPL,6.0,1.0,1.0,0.0,1.0,0.0,1.0,1.0,0.0,1.0,Technology
2019,2019,AMGN,6.0,1.0,1.0,1.0,1.0,0.0,0.0,1.0,0.0,1.0,Healthcare
2019,2019,BIIB,6.0,1.0,1.0,1.0,1.0,1.0,0.0,1.0,0.0,0.0,Healthcare
2019,2019,COP,6.0,1.0,1.0,1.0,1.0,0.0,1.0,1.0,0.0,0.0,Energy
2019,2019,CVS,6.0,1.0,1.0,1.0,1.0,1.0,0.0,0.0,1.0,0.0,Healthcare
2019,2019,GM,6.0,1.0,1.0,0.0,1.0,1.0,0.0,1.0,1.0,0.0,Consumer Cyclical
2019,2019,HON,6.0,1.0,1.0,0.0,1.0,0.0,1.0,1.0,1.0,0.0,Industrials
2019,2019,IBM,6.0,1.0,1.0,1.0,1.0,0.0,0.0,1.0,1.0,0.0,Technology
2019,2019,KMI,6.0,1.0,1.0,1.0,1.0,1.0,0.0,0.0,1.0,0.0,Energy
2019,2019,LLY,6.0,1.0,1.0,1.0,0.0,0.0,0.0,1.0,1.0,1.0,Healthcare
2019,2019,LOW,6.0,1.0,1.0,0.0,1.0,1.0,0.0,1.0,0.0,1.0,Consumer Cyclical
2019,2019,MCD,6.0,1.0,1.0,1.0,1.0,0.0,0.0,1.0,0.0,1.0,Consumer Cyclical
2019,2019,ORCL,6.0,1.0,1.0,1.0,1.0,0.0,0.0,1.0,1.0,0.0,Technology
2019,2019,PEP,6.0,1.0,1.0,0.0,1.0,0.0,0.0,1.0,1.0,1.0,Consumer Defensive
2019,2019,PG,6.0,1.0,1.0,0.0,1.0,1.0,0.0,0.0,1.0,1.0,Consumer Defensive
2019,2019,SO,6.0,1.0,1.0,1.0,1.0,0.0,1.0,0.0,1.0,0.0,Utilities
2019,2019,T,6.0,1.0,1.0,0.0,1.0,1.0,0.0,1.0,1.0,0.0,Communication Services
2019,2019,AGN,5.0,0.0,1.0,0.0,1.0,1.0,0.0,1.0,0.0,1.0,
2019,2019,CAT,5.0,1.0,1.0,0.0,1.0,0.0,1.0,1.0,0.0,0.0,Industrials
2019,2019,CMCSA,5.0,1.0,1.0,0.0,1.0,1.0,1.0,0.0,0.0,0.0,Communication Services
2019,2019,COST,5.0,1.0,1.0,1.0,1.0,1.0,0.0,0.0,0.0,0.0,Consumer Defensive
2019,2019,CVX,5.0,1.0,1.0,0.0,1.0,1.0,0.0,1.0,0.0,0.0,Energy
2019,2019,DD,5.0,1.0,1.0,0.0,1.0,0.0,0.0,1.0,1.0,0.0,Basic Materials
2019,2019,DUK,5.0,1.0,1.0,1.0,1.0,0.0,0.0,0.0,1.0,0.0,Utilities
2019,2019,FDX,5.0,1.0,1.0,0.0,1.0,0.0,1.0,1.0,0.0,0.0,Industrials
2019,2019,GE,5.0,0.0,1.0,1.0,1.0,1.0,0.0,0.0,0.0,1.0,Industrials
2019,2019,GOOGL,5.0,1.0,1.0,0.0,1.0,0.0,0.0,1.0,0.0,1.0,Communication Services
2019,2019,INTC,5.0,1.0,1.0,0.0,1.0,1.0,0.0,1.0,0.0,0.0,Technology
2019,2019,KHC,5.0,1.0,1.0,1.0,1.0,0.0,0.0,0.0,0.0,1.0,Consumer Defensive
2019,2019,KO,5.0,1.0,1.0,1.0,1.0,0.0,0.0,0.0,0.0,1.0,Consumer Defensive
2019,2019,META,5.0,1.0,1.0,0.0,1.0,0.0,0.0,1.0,0.0,1.0,Communication Services
2019,2019,MMM,5.0,1.0,1.0,0.0,1.0,0.0,0.0,1.0,0.0,1.0,Industrials
2019,2019,MO,5.0,0.0,1.0,0.0,1.0,0.0,1.0,1.0,1.0,0.0,Consumer Defensive
2019,2019,NEE,5.0,1.0,1.0,0.0,1.0,0.0,1.0,0.0,0.0,1.0,Utilities
2019,2019,PFE,5.0,1.0,1.0,1.0,0.0,0.0,0.0,1.0,1.0,0.0,Healthcare
2019,2019,PM,5.0,1.0,1.0,0.0,1.0,0.0,0.0,0.0,1.0,1.0,Consumer Defensive
2019,2019,RTX,5.0,1.0,1.0,0.0,1.0,1.0,1.0,0.0,0.0,0.0,Industrials
2019,2019,TGT,5.0,1.0,1.0,0.0,1.0,1.0,0.0,1.0,0.0,0.0,Consumer Defensive
2019,2019,TXN,5.0,1.0,1.0,0.0,1.0,0.0,1.0,1.0,0.0,0.0,Technology
2019,2019,UNH,5.0,1.0,1.0,1.0,1.0,0.0,0.0,1.0,0.0,0.0,Healthcare
2019,2019,UPS,5.0,1.0,1.0,0.0,1.0,0.0,0.0,1.0,1.0,0.0,Industrials
2019,2019,VZ,5.0,1.0,1.0,1.0,1.0,0.0,0.0,0.0,1.0,0.0,Communication Services
2019,2019,WMT,5.0,1.0,1.0,0.0,1.0,0.0,1.0,1.0,0.0,0.0,Consumer Defensive
2019,2019,AMZN,4.0,1.0,1.0,0.0,1.0,0.0,0.0,0.0,1.0,0.0,Consumer Cyclical
2019,2019,BMY,4.0,1.0,1.0,0.0,1.0,0.0,0.0,0.0,0.0,1.0,Healthcare
2019,2019,F,4.0,1.0,1.0,0.0,1.0,0.0,0.0,1.0,0.0,0.0,Consumer Cyclical
2019,2019,SBUX,4.0,1.0,1.0,0.0,1.0,0.0,0.0,1.0,0.0,0.0,Consumer Cyclical
2019,2019,SLB,4.0,0.0,1.0,0.0,1.0,0.0,1.0,0.0,0.0,1.0,Energy
2019,2019,XOM,4.0,1.0,1.0,0.0,1.0,0.0,0.0,1.0,0.0,0.0,Energy
2019,2019,DIS,3.0,1.0,1.0,0.0,0.0,0.0,0.0,0.0,0.0,1.0,Communication Services
2019,2019,GD,3.0,1.0,1.0,0.0,0.0,1.0,0.0,0.0,0.0,0.0,Industrials
2019,2019,OXY,3.0,0.0,1.0,0.0,1.0,0.0,0.0,0.0,0.0,1.0,Energy
2019,2019,BA,1.0,0.0,0.0,0.0,0.0,0.0,0.0,1.0,0.0,0.0,Industrials
2020,2020,CSCO,9.0,1.0,1.0,1.0,1.0,1.0,1.0,1.0,1.0,1.0,Technology
2020,2020,LMT,8.0,1.0,1.0,1.0,1.0,1.0,1.0,1.0,0.0,1.0,Industrials
2020,2020,MSFT,8.0,1.0,1.0,1.0,1.0,1.0,0.0,1.0,1.0,1.0,Technology
2020,2020,PG,8.0,1.0,1.0,1.0,1.0,0.0,1.0,1.0,1.0,1.0,Consumer Defensive
2020,2020,TGT,8.0,1.0,1.0,1.0,1.0,0.0,1.0,1.0,1.0,1.0,Consumer Defensive
2020,2020,AAPL,7.0,1.0,1.0,1.0,1.0,0.0,0.0,1.0,1.0,1.0,Technology
2020,2020,AMGN,7.0,1.0,1.0,1.0,1.0,0.0,1.0,1.0,0.0,1.0,Healthcare
2020,2020,CHTR,7.0,1.0,1.0,1.0,1.0,0.0,0.0,1.0,1.0,1.0,Communication Services
2020,2020,LOW,7.0,1.0,1.0,1.0,1.0,0.0,1.0,1.0,0.0,1.0,Consumer Cyclical
2020,2020,META,7.0,1.0,1.0,1.0,1.0,1.0,1.0,1.0,0.0,0.0,Communication Services
2020,2020,ORCL,7.0,1.0,1.0,1.0,1.0,0.0,1.0,1.0,0.0,1.0,Technology
2020,2020,PM,7.0,1.0,1.0,1.0,1.0,1.0,1.0,0.0,1.0,0.0,Consumer Defensive
2020,2020,TXN,7.0,1.0,1.0,1.0,1.0,0.0,1.0,1.0,1.0,0.0,Technology
2020,2020,UNH,7.0,1.0,1.0,0.0,1.0,1.0,1.0,1.0,1.0,0.0,Healthcare
2020,2020,ABT,6.0,1.0,1.0,1.0,1.0,0.0,1.0,0.0,0.0,1.0,Healthcare
2020,2020,ACN,6.0,1.0,1.0,0.0,1.0,0.0,1.0,1.0,1.0,0.0,Technology
2020,2020,BIIB,6.0,1.0,1.0,0.0,1.0,0.0,1.0,1.0,1.0,0.0,Healthcare
2020,2020,CAT,6.0,1.0,1.0,0.0,1.0,1.0,1.0,1.0,0.0,0.0,Industrials
2020,2020,CL,6.0,1.0,1.0,0.0,1.0,1.0,0.0,1.0,1.0,0.0,Consumer Defensive
2020,2020,DUK,6.0,1.0,1.0,0.0,1.0,1.0,0.0,1.0,1.0,0.0,Utilities
2020,2020,GILD,6.0,1.0,1.0,0.0,1.0,0.0,0.0,1.0,1.0,1.0,Healthcare
2020,2020,GM,6.0,1.0,1.0,0.0,1.0,0.0,1.0,1.0,1.0,0.0,Consumer Cyclical
2020,2020,HD,6.0,1.0,1.0,1.0,1.0,0.0,0.0,1.0,0.0,1.0,Consumer Cyclical
2020,2020,INTC,6.0,1.0,1.0,0.0,1.0,0.0,1.0,1.0,0.0,1.0,Technology
2020,2020,KHC,6.0,1.0,1.0,0.0,1.0,0.0,1.0,0.0,1.0,1.0,Consumer Defensive
2020,2020,LLY,6.0,1.0,1.0,0.0,1.0,0.0,1.0,1.0,0.0,1.0,Healthcare
2020,2020,MCD,6.0,1.0,1.0,0.0,1.0,1.0,1.0,1.0,0.0,0.0,Consumer Cyclical
2020,2020,MMM,6.0,1.0,1.0,0.0,1.0,1.0,1.0,0.0,1.0,0.0,Industrials
2020,2020,MO,6.0,1.0,1.0,1.0,1.0,0.0,1.0,0.0,0.0,1.0,Consumer Defensive
2020,2020,NFLX,6.0,1.0,1.0,1.0,0.0,1.0,1.0,0.0,1.0,0.0,Communication Services
2020,2020,PEP,6.0,1.0,1.0,0.0,1.0,0.0,1.0,1.0,0.0,1.0,Consumer Defensive
2020,2020,QCOM,6.0,1.0,1.0,1.0,1.0,0.0,1.0,1.0,0.0,0.0,Technology
2020,2020,SBUX,6.0,1.0,1.0,0.0,1.0,0.0,1.0,1.0,0.0,1.0,Consumer Cyclical
2020,2020,AMZN,5.0,1.0,1.0,1.0,1.0,1.0,0.0,0.0,0.0,0.0,Consumer Cyclical
2020,2020,BMY,5.0,0.0,1.0,0.0,1.0,1.0,0.0,1.0,1.0,0.0,Healthcare
2020,2020,CMCSA,5.0,1.0,1.0,0.0,1.0,1.0,1.0,0.0,0.0,0.0,Communication Services
2020,2020,COST,5.0,1.0,1.0,0.0,1.0,0.0,1.0,0.0,1.0,0.0,Consumer Defensive
2020,2020,CVS,5.0,1.0,1.0,0.0,1.0,1.0,0.0,0.0,1.0,0.0,Healthcare
2020,2020,DD,5.0,0.0,1.0,0.0,1.0,0.0,1.0,1.0,0.0,1.0,Basic Materials
2020,2020,DHR,5.0,1.0,1.0,0.0,1.0,1.0,0.0,0.0,1.0,0.0,Healthcare
2020,2020,EMR,5.0,1.0,1.0,0.0,1.0,0.0,1.0,1.0,0.0,0.0,Industrials
2020,2020,FDX,5.0,1.0,1.0,1.0,1.0,0.0,1.0,0.0,0.0,0.0,Industrials
2020,2020,GD,5.0,1.0,1.0,0.0,1.0,0.0,1.0,1.0,0.0,0.0,Industrials
2020,2020,HON,5.0,1.0,1.0,0.0,1.0,0.0,1.0,1.0,0.0,0.0,Industrials
2020,2020,IBM,5.0,1.0,1.0,0.0,1.0,1.0,0.0,0.0,1.0,0.0,Technology
2020,2020,KMI,5.0,1.0,1.0,0.0,1.0,0.0,0.0,1.0,1.0,0.0,Energy
2020,2020,MDLZ,5.0,1.0,1.0,0.0,1.0,0.0,1.0,1.0,0.0,0.0,Consumer Defensive
2020,2020,MDT,5.0,1.0,1.0,1.0,1.0,1.0,0.0,0.0,0.0,0.0,Healthcare
2020,2020,MRK,5.0,1.0,1.0,0.0,1.0,0.0,0.0,1.0,0.0,1.0,Healthcare
2020,2020,SO,5.0,1.0,1.0,0.0,1.0,0.0,0.0,1.0,1.0,0.0,Utilities
2020,2020,UPS,5.0,1.0,1.0,0.0,1.0,1.0,1.0,0.0,0.0,0.0,Industrials
2020,2020,VZ,5.0,1.0,1.0,0.0,1.0,0.0,1.0,0.0,1.0,0.0,Communication Services
2020,2020,WMT,5.0,1.0,1.0,1.0,1.0,0.0,0.0,1.0,0.0,0.0,Consumer Defensive
2020,2020,ABBV,4.0,1.0,1.0,0.0,1.0,1.0,0.0,0.0,0.0,0.0,Healthcare
2020,2020,CVX,4.0,0.0,1.0,0.0,1.0,0.0,1.0,0.0,1.0,0.0,Energy
2020,2020,DIS,4.0,0.0,1.0,0.0,1.0,0.0,1.0,1.0,0.0,0.0,Communication Services
2020,2020,GE,4.0,1.0,1.0,1.0,0.0,0.0,1.0,0.0,0.0,0.0,Industrials
2020,2020,GOOGL,4.0,1.0,1.0,0.0,1.0,0.0,0.0,1.0,0.0,0.0,Communication Services
2020,2020,KO,4.0,1.0,1.0,0.0,1.0,0.0,1.0,0.0,0.0,0.0,Consumer Defensive
2020,2020,NEE,4.0,1.0,1.0,0.0,1.0,0.0,0.0,0.0,1.0,0.0,Utilities
2020,2020,NKE,4.0,1.0,1.0,0.0,0.0,0.0,1.0,1.0,0.0,0.0,Consumer Cyclical
2020,2020,NVDA,4.0,1.0,1.0,0.0,1.0,0.0,0.0,0.0,1.0,0.0,Technology
2020,2020,PFE,4.0,1.0,1.0,0.0,1.0,0.0,1.0,0.0,0.0,0.0,Healthcare
2020,2020,RTX,4.0,0.0,1.0,0.0,1.0,1.0,0.0,0.0,0.0,1.0,Industrials
2020,2020,T,4.0,0.0,1.0,0.0,1.0,0.0,1.0,1.0,0.0,0.0,Communication Services
2020,2020,XOM,4.0,0.0,1.0,0.0,1.0,0.0,1.0,1.0,0.0,0.0,Energy
2020,2020,COP,3.0,0.0,1.0,0.0,1.0,0.0,0.0,1.0,0.0,0.0,Energy
2020,2020,F,3.0,0.0,1.0,0.0,1.0,0.0,1.0,0.0,0.0,0.0,Consumer Cyclical
2020,2020,JNJ,3.0,1.0,1.0,0.0,1.0,0.0,0.0,0.0,0.0,0.0,Healthcare
2020,2020,SLB,3.0,0.0,1.0,0.0,1.0,0.0,1.0,0.0,0.0,0.0,Energy
2020,2020,BA,1.0,0.0,0.0,0.0,0.0,0.0,1.0,0.0,0.0,0.0,Industrials
2021,2021,ABT,9.0,1.0,1.0,1.0,1.0,1.0,1.0,1.0,1.0,1.0,Healthcare
2021,2021,JNJ,9.0,1.0,1.0,1.0,1.0,1.0,1.0,1.0,1.0,1.0,Healthcare
2021,2021,MCD,9.0,1.0,1.0,1.0,1.0,1.0,1.0,1.0,1.0,1.0,Consumer Cyclical
2021,2021,BMY,8.0,1.0,1.0,1.0,1.0,1.0,0.0,1.0,1.0,1.0,Healthcare
2021,2021,CAT,8.0,1.0,1.0,1.0,1.0,1.0,0.0,1.0,1.0,1.0,Industrials
2021,2021,CVX,8.0,1.0,1.0,1.0,1.0,1.0,1.0,0.0,1.0,1.0,Energy
2021,2021,DOW,8.0,1.0,1.0,1.0,1.0,1.0,0.0,1.0,1.0,1.0,Basic Materials
2021,2021,GOOGL,8.0,1.0,1.0,1.0,1.0,1.0,0.0,1.0,1.0,1.0,Communication Services
2021,2021,LOW,8.0,1.0,1.0,1.0,1.0,0.0,1.0,1.0,1.0,1.0,Consumer Cyclical
2021,2021,MRK,8.0,1.0,1.0,1.0,1.0,0.0,1.0,1.0,1.0,1.0,Healthcare
2021,2021,MSFT,8.0,1.0,1.0,1.0,1.0,1.0,0.0,1.0,1.0,1.0,Technology
2021,2021,PG,8.0,1.0,1.0,1.0,1.0,1.0,0.0,1.0,1.0,1.0,Consumer Defensive
2021,2021,PM,8.0,1.0,1.0,1.0,1.0,1.0,0.0,1.0,1.0,1.0,Consumer Defensive
2021,2021,TGT,8.0,1.0,1.0,1.0,1.0,1.0,1.0,1.0,0.0,1.0,Consumer Defensive
2021,2021,TXN,8.0,1.0,1.0,1.0,1.0,1.0,1.0,0.0,1.0,1.0,Technology
2021,2021,UPS,8.0,1.0,1.0,1.0,1.0,1.0,1.0,0.0,1.0,1.0,Industrials
2021,2021,XOM,8.0,1.0,1.0,1.0,1.0,1.0,1.0,0.0,1.0,1.0,Energy
2021,2021,AAPL,7.0,1.0,1.0,1.0,1.0,0.0,0.0,1.0,1.0,1.0,Technology
2021,2021,ADBE,7.0,1.0,1.0,0.0,1.0,1.0,0.0,1.0,1.0,1.0,Technology
2021,2021,CHTR,7.0,1.0,1.0,1.0,1.0,0.0,0.0,1.0,1.0,1.0,Communication Services
2021,2021,CMCSA,7.0,1.0,1.0,1.0,1.0,1.0,0.0,1.0,0.0,1.0,Communication Services
2021,2021,DIS,7.0,1.0,1.0,1.0,1.0,1.0,0.0,1.0,1.0,0.0,Communication Services
2021,2021,DUK,7.0,1.0,1.0,1.0,1.0,0.0,1.0,1.0,0.0,1.0,Utilities
2021,2021,EMR,7.0,1.0,1.0,1.0,1.0,1.0,0.0,1.0,1.0,0.0,Industrials
2021,2021,F,7.0,1.0,1.0,1.0,0.0,1.0,1.0,0.0,1.0,1.0,Consumer Cyclical
2021,2021,GM,7.0,1.0,1.0,1.0,1.0,0.0,1.0,0.0,1.0,1.0,Consumer Cyclical
2021,2021,HD,7.0,1.0,1.0,0.0,1.0,1.0,1.0,1.0,0.0,1.0,Consumer Cyclical
2021,2021,KO,7.0,1.0,1.0,1.0,1.0,1.0,0.0,0.0,1.0,1.0,Consumer Defensive
2021,2021,LMT,7.0,1.0,1.0,0.0,1.0,1.0,1.0,1.0,1.0,0.0,Industrials
2021,2021,MDLZ,7.0,1.0,1.0,1.0,0.0,1.0,1.0,1.0,0.0,1.0,Consumer Defensive
2021,2021,META,7.0,1.0,1.0,1.0,1.0,0.0,0.0,1.0,1.0,1.0,Communication Services
2021,2021,MMM,7.0,1.0,1.0,1.0,1.0,1.0,0.0,1.0,0.0,1.0,Industrials
2021,2021,NKE,7.0,1.0,1.0,1.0,1.0,1.0,1.0,0.0,1.0,0.0,Consumer Cyclical
2021,2021,PFE,7.0,1.0,1.0,1.0,1.0,1.0,1.0,0.0,0.0,1.0,Healthcare
2021,2021,QCOM,7.0,1.0,1.0,1.0,1.0,1.0,0.0,1.0,0.0,1.0,Technology
2021,2021,RTX,7.0,1.0,1.0,1.0,1.0,1.0,0.0,1.0,1.0,0.0,Industrials
2021,2021,SBUX,7.0,1.0,1.0,1.0,1.0,1.0,1.0,0.0,1.0,0.0,Consumer Cyclical
2021,2021,T,7.0,1.0,1.0,1.0,1.0,1.0,1.0,0.0,1.0,0.0,Communication Services
2021,2021,TMO,7.0,1.0,1.0,1.0,1.0,0.0,0.0,1.0,1.0,1.0,Healthcare
2021,2021,WMT,7.0,1.0,1.0,0.0,1.0,1.0,1.0,1.0,1.0,0.0,Consumer Defensive
2021,2021,ABBV,6.0,1.0,1.0,1.0,1.0,1.0,0.0,0.0,1.0,0.0,Healthcare
2021,2021,ACN,6.0,1.0,1.0,0.0,1.0,1.0,0.0,1.0,1.0,0.0,Technology
2021,2021,AMZN,6.0,1.0,1.0,1.0,1.0,0.0,1.0,0.0,1.0,0.0,Consumer Cyclical
2021,2021,CL,6.0,1.0,1.0,0.0,1.0,1.0,1.0,1.0,0.0,0.0,Consumer Defensive
2021,2021,COP,6.0,1.0,1.0,1.0,1.0,0.0,0.0,0.0,1.0,1.0,Energy
2021,2021,COST,6.0,1.0,1.0,1.0,1.0,1.0,0.0,1.0,0.0,0.0,Consumer Defensive
2021,2021,CSCO,6.0,1.0,1.0,0.0,1.0,1.0,0.0,1.0,0.0,1.0,Technology
2021,2021,CVS,6.0,1.0,1.0,1.0,1.0,1.0,0.0,0.0,0.0,1.0,Healthcare
2021,2021,DD,6.0,1.0,1.0,1.0,0.0,1.0,0.0,1.0,1.0,0.0,Basic Materials
2021,2021,DHR,6.0,1.0,1.0,1.0,1.0,1.0,0.0,0.0,1.0,0.0,Healthcare
2021,2021,FDX,6.0,1.0,1.0,1.0,1.0,1.0,0.0,0.0,1.0,0.0,Industrials
2021,2021,GILD,6.0,1.0,1.0,1.0,1.0,1.0,0.0,1.0,0.0,0.0,Healthcare
2021,2021,IBM,6.0,1.0,1.0,1.0,1.0,1.0,0.0,0.0,0.0,1.0,Technology
2021,2021,KHC,6.0,1.0,1.0,1.0,1.0,1.0,0.0,0.0,0.0,1.0,Consumer Defensive
2021,2021,MO,6.0,1.0,1.0,0.0,1.0,0.0,0.0,1.0,1.0,1.0,Consumer Defensive
2021,2021,NFLX,6.0,1.0,1.0,1.0,0.0,1.0,0.0,0.0,1.0,1.0,Communication Services
2021,2021,NVDA,6.0,1.0,1.0,1.0,1.0,0.0,0.0,0.0,1.0,1.0,Technology
2021,2021,ORCL,6.0,1.0,1.0,1.0,1.0,0.0,0.0,1.0,1.0,0.0,Technology
2021,2021,SO,6.0,1.0,1.0,0.0,1.0,0.0,1.0,1.0,0.0,1.0,Utilities
2021,2021,UNH,6.0,1.0,1.0,0.0,1.0,1.0,1.0,1.0,0.0,0.0,Healthcare
2021,2021,BIIB,5.0,1.0,1.0,0.0,1.0,1.0,0.0,1.0,0.0,0.0,Healthcare
2021,2021,EXC,5.0,1.0,1.0,0.0,1.0,1.0,0.0,0.0,1.0,0.0,Utilities
2021,2021,GD,5.0,1.0,1.0,0.0,1.0,0.0,1.0,1.0,0.0,0.0,Industrials
2021,2021,GE,5.0,0.0,1.0,0.0,1.0,1.0,0.0,0.0,1.0,1.0,Industrials
2021,2021,INTC,5.0,1.0,1.0,0.0,1.0,1.0,1.0,0.0,0.0,0.0,Technology
2021,2021,LLY,5.0,1.0,1.0,0.0,1.0,1.0,0.0,1.0,0.0,0.0,Healthcare
2021,2021,MDT,5.0,1.0,1.0,0.0,1.0,0.0,1.0,0.0,0.0,1.0,Healthcare
2021,2021,NEE,5.0,1.0,1.0,1.0,1.0,0.0,1.0,0.0,0.0,0.0,Utilities
2021,2021,AMGN,4.0,1.0,1.0,0.0,1.0,0.0,0.0,1.0,0.0,0.0,Healthcare
2021,2021,BA,4.0,0.0,0.0,1.0,1.0,1.0,0.0,0.0,1.0,0.0,Industrials
2021,2021,PEP,4.0,1.0,1.0,0.0,1.0,1.0,0.0,0.0,0.0,0.0,Consumer Defensive
2021,2021,VZ,4.0,1.0,1.0,1.0,1.0,0.0,0.0,0.0,0.0,0.0,Communication Services
2022,2022,COP,9.0,1.0,1.0,1.0,1.0,1.0,1.0,1.0,1.0,1.0,Energy
2022,2022,CVX,9.0,1.0,1.0,1.0,1.0,1.0,1.0,1.0,1.0,1.0,Energy
2022,2022,XOM,9.0,1.0,1.0,1.0,1.0,1.0,1.0,1.0,1.0,1.0,Energy
2022,2022,ABBV,8.0,1.0,1.0,1.0,1.0,1.0,1.0,0.0,1.0,1.0,Healthcare
2022,2022,DIS,8.0,1.0,1.0,1.0,1.0,1.0,0.0,1.0,1.0,1.0,Communication Services
2022,2022,GD,8.0,1.0,1.0,1.0,1.0,1.0,0.0,1.0,1.0,1.0,Industrials
2022,2022,GILD,8.0,1.0,1.0,0.0,1.0,1.0,1.0,1.0,1.0,1.0,Healthcare
2022,2022,MDT,8.0,1.0,1.0,1.0,1.0,1.0,0.0,1.0,1.0,1.0,Healthcare
2022,2022,MO,8.0,1.0,1.0,1.0,1.0,0.0,1.0,1.0,1.0,1.0,Consumer Defensive
2022,2022,QCOM,8.0,1.0,1.0,1.0,0.0,1.0,1.0,1.0,1.0,1.0,Technology
2022,2022,RTX,8.0,1.0,1.0,1.0,1.0,1.0,0.0,1.0,1.0,1.0,Industrials
2022,2022,TSLA,8.0,1.0,1.0,1.0,1.0,1.0,1.0,0.0,1.0,1.0,Consumer Cyclical
2022,2022,AMGN,7.0,1.0,1.0,1.0,1.0,0.0,0.0,1.0,1.0,1.0,Healthcare
2022,2022,CAT,7.0,1.0,1.0,0.0,1.0,1.0,0.0,1.0,1.0,1.0,Industrials
2022,2022,CHTR,7.0,1.0,1.0,1.0,1.0,0.0,1.0,1.0,0.0,1.0,Communication Services
2022,2022,COST,7.0,1.0,1.0,1.0,1.0,1.0,1.0,0.0,0.0,1.0,Consumer Defensive
2022,2022,CSCO,7.0,1.0,1.0,1.0,1.0,1.0,0.0,1.0,0.0,1.0,Technology
2022,2022,CVS,7.0,1.0,1.0,0.0,1.0,1.0,1.0,1.0,0.0,1.0,Healthcare
2022,2022,GE,7.0,1.0,1.0,1.0,1.0,0.0,0.0,1.0,1.0,1.0,Industrials
2022,2022,LLY,7.0,1.0,1.0,1.0,1.0,1.0,0.0,1.0,1.0,0.0,Healthcare
2022,2022,MSFT,7.0,1.0,1.0,1.0,1.0,1.0,0.0,1.0,0.0,1.0,Technology
2022,2022,PFE,7.0,1.0,1.0,1.0,0.0,1.0,0.0,1.0,1.0,1.0,Healthcare
2022,2022,SO,7.0,1.0,1.0,1.0,1.0,1.0,0.0,1.0,0.0,1.0,Utilities
2022,2022,UNH,7.0,1.0,1.0,1.0,1.0,0.0,0.0,1.0,1.0,1.0,Healthcare
2022,2022,AAPL,6.0,1.0,1.0,0.0,1.0,1.0,0.0,1.0,1.0,0.0,Technology
2022,2022,ACN,6.0,1.0,1.0,0.0,1.0,1.0,0.0,1.0,0.0,1.0,Technology
2022,2022,BMY,6.0,1.0,1.0,0.0,1.0,1.0,0.0,1.0,0.0,1.0,Healthcare
2022,2022,CL,6.0,1.0,1.0,0.0,1.0,0.0,1.0,1.0,0.0,1.0,Consumer Defensive
2022,2022,CMCSA,6.0,1.0,1.0,0.0,1.0,0.0,0.0,1.0,1.0,1.0,Communication Services
2022,2022,DHR,6.0,1.0,1.0,1.0,1.0,1.0,1.0,0.0,0.0,0.0,Healthcare
2022,2022,DOW,6.0,1.0,1.0,0.0,1.0,0.0,1.0,1.0,0.0,1.0,Basic Materials
2022,2022,EXC,6.0,1.0,1.0,1.0,1.0,0.0,0.0,0.0,1.0,1.0,Utilities
2022,2022,FDX,6.0,1.0,1.0,0.0,1.0,1.0,0.0,1.0,1.0,0.0,Industrials
2022,2022,GM,6.0,1.0,1.0,0.0,1.0,1.0,0.0,1.0,0.0,1.0,Consumer Cyclical
2022,2022,JNJ,6.0,1.0,1.0,0.0,1.0,1.0,0.0,1.0,1.0,0.0,Healthcare
2022,2022,KHC,6.0,1.0,1.0,1.0,1.0,1.0,0.0,0.0,0.0,1.0,Consumer Defensive
2022,2022,KO,6.0,1.0,1.0,0.0,1.0,1.0,1.0,0.0,0.0,1.0,Consumer Defensive
2022,2022,LOW,6.0,1.0,1.0,1.0,1.0,0.0,0.0,1.0,1.0,0.0,Consumer Cyclical
2022,2022,MRK,6.0,1.0,1.0,0.0,1.0,1.0,1.0,0.0,0.0,1.0,Healthcare
2022,2022,NEE,6.0,1.0,1.0,1.0,1.0,1.0,0.0,0.0,0.0,1.0,Utilities
2022,2022,PEP,6.0,1.0,1.0,1.0,1.0,0.0,0.0,1.0,0.0,1.0,Consumer Defensive
2022,2022,PG,6.0,1.0,1.0,1.0,1.0,0.0,0.0,1.0,0.0,1.0,Consumer Defensive
2022,2022,SBUX,6.0,1.0,1.0,0.0,1.0,1.0,0.0,1.0,0.0,1.0,Consumer Cyclical
2022,2022,TGT,6.0,1.0,1.0,1.0,1.0,0.0,0.0,1.0,1.0,0.0,Consumer Defensive
2022,2022,UPS,6.0,1.0,1.0,0.0,1.0,1.0,0.0,1.0,1.0,0.0,Industrials
2022,2022,WMT,6.0,1.0,1.0,0.0,1.0,1.0,0.0,1.0,1.0,0.0,Consumer Defensive
2022,2022,ABT,5.0,1.0,1.0,0.0,1.0,1.0,0.0,1.0,0.0,0.0,Healthcare
2022,2022,ADBE,5.0,1.0,1.0,0.0,1.0,1.0,0.0,1.0,0.0,0.0,Technology
2022,2022,BA,5.0,0.0,1.0,0.0,1.0,1.0,0.0,0.0,1.0,1.0,Industrials
2022,2022,DUK,5.0,1.0,1.0,0.0,1.0,0.0,1.0,0.0,0.0,1.0,Utilities
2022,2022,EMR,5.0,1.0,1.0,1.0,0.0,0.0,0.0,1.0,1.0,0.0,Industrials
2022,2022,F,5.0,0.0,1.0,0.0,1.0,0.0,1.0,1.0,0.0,1.0,Consumer Cyclical
2022,2022,GOOGL,5.0,1.0,1.0,0.0,1.0,1.0,0.0,1.0,0.0,0.0,Communication Services
2022,2022,HD,5.0,1.0,1.0,0.0,1.0,1.0,0.0,1.0,0.0,0.0,Consumer Cyclical
2022,2022,IBM,5.0,1.0,1.0,0.0,1.0,0.0,1.0,0.0,0.0,1.0,Technology
2022,2022,MCD,5.0,1.0,1.0,0.0,1.0,0.0,0.0,1.0,1.0,0.0,Consumer Cyclical
2022,2022,MDLZ,5.0,1.0,1.0,0.0,1.0,0.0,0.0,1.0,0.0,1.0,Consumer Defensive
2022,2022,NKE,5.0,1.0,1.0,0.0,0.0,1.0,0.0,1.0,1.0,0.0,Consumer Cyclical
2022,2022,NVDA,5.0,1.0,1.0,1.0,0.0,0.0,1.0,0.0,1.0,0.0,Technology
2022,2022,ORCL,5.0,1.0,1.0,0.0,1.0,1.0,0.0,1.0,0.0,0.0,Technology
2022,2022,PM,5.0,1.0,1.0,1.0,1.0,0.0,0.0,0.0,0.0,1.0,Consumer Defensive
2022,2022,T,5.0,0.0,1.0,0.0,1.0,1.0,0.0,1.0,1.0,0.0,Communication Services
2022,2022,TMO,5.0,1.0,1.0,0.0,1.0,1.0,0.0,1.0,0.0,0.0,Healthcare
2022,2022,TXN,5.0,1.0,1.0,0.0,0.0,1.0,0.0,1.0,1.0,0.0,Technology
2022,2022,VZ,5.0,1.0,1.0,0.0,1.0,1.0,0.0,1.0,0.0,0.0,Communication Services
2022,2022,CRM,4.0,1.0,1.0,0.0,1.0,0.0,0.0,0.0,0.0,1.0,Technology
2022,2022,LMT,4.0,1.0,1.0,0.0,1.0,0.0,0.0,1.0,0.0,0.0,Industrials
2022,2022,META,4.0,1.0,1.0,0.0,1.0,0.0,0.0,1.0,0.0,0.0,Communication Services
2022,2022,MMM,4.0,1.0,1.0,0.0,0.0,1.0,0.0,1.0,0.0,0.0,Industrials
2022,2022,NFLX,4.0,1.0,1.0,0.0,0.0,1.0,1.0,0.0,0.0,0.0,Communication Services
2022,2022,AMZN,3.0,0.0,1.0,0.0,1.0,0.0,0.0,0.0,1.0,0.0,Consumer Cyclical
2022,2022,INTC,3.0,1.0,1.0,0.0,1.0,0.0,0.0,0.0,0.0,0.0,Technology
2023,2023,ADBE,9.0,1.0,1.0,1.0,1.0,1.0,1.0,1.0,1.0,1.0,Technology
2023,2023,AVGO,9.0,1.0,1.0,1.0,1.0,1.0,1.0,1.0,1.0,1.0,Technology
2023,2023,AMZN,8.0,1.0,1.0,1.0,1.0,1.0,1.0,0.0,1.0,1.0,Consumer Cyclical
2023,2023,CAT,8.0,1.0,1.0,1.0,1.0,1.0,0.0,1.0,1.0,1.0,Industrials
2023,2023,CL,8.0,1.0,1.0,1.0,1.0,1.0,0.0,1.0,1.0,1.0,Consumer Defensive
2023,2023,CMCSA,8.0,1.0,1.0,1.0,1.0,1.0,0.0,1.0,1.0,1.0,Communication Services
2023,2023,CSCO,8.0,1.0,1.0,1.0,1.0,1.0,0.0,1.0,1.0,1.0,Technology
2023,2023,GOOGL,8.0,1.0,1.0,1.0,1.0,1.0,0.0,1.0,1.0,1.0,Communication Services
2023,2023,KHC,8.0,1.0,1.0,1.0,1.0,0.0,1.0,1.0,1.0,1.0,Consumer Defensive
2023,2023,KO,8.0,1.0,1.0,1.0,1.0,1.0,0.0,1.0,1.0,1.0,Consumer Defensive
2023,2023,MDLZ,8.0,1.0,1.0,1.0,0.0,1.0,1.0,1.0,1.0,1.0,Consumer Defensive
2023,2023,META,8.0,1.0,1.0,1.0,1.0,0.0,1.0,1.0,1.0,1.0,Communication Services
2023,2023,NEE,8.0,1.0,1.0,1.0,1.0,1.0,1.0,0.0,1.0,1.0,Utilities
2023,2023,PEP,8.0,1.0,1.0,1.0,1.0,0.0,1.0,1.0,1.0,1.0,Consumer Defensive
2023,2023,SBUX,8.0,1.0,1.0,1.0,1.0,0.0,1.0,1.0,1.0,1.0,Consumer Cyclical
2023,2023,AAPL,7.0,1.0,1.0,0.0,1.0,1.0,1.0,1.0,1.0,0.0,Technology
2023,2023,ACN,7.0,1.0,1.0,0.0,1.0,1.0,1.0,1.0,1.0,0.0,Technology
2023,2023,BMY,7.0,1.0,1.0,1.0,1.0,0.0,1.0,1.0,0.0,1.0,Healthcare
2023,2023,DIS,7.0,1.0,1.0,0.0,1.0,1.0,1.0,1.0,0.0,1.0,Communication Services
2023,2023,EMR,7.0,1.0,1.0,1.0,0.0,1.0,1.0,1.0,1.0,0.0,Industrials
2023,2023,GD,7.0,1.0,1.0,0.0,1.0,1.0,1.0,1.0,0.0,1.0,Industrials
2023,2023,GE,7.0,1.0,1.0,1.0,0.0,1.0,1.0,1.0,1.0,0.0,Industrials
2023,2023,GILD,7.0,1.0,1.0,1.0,1.0,0.0,1.0,1.0,0.0,1.0,Healthcare
2023,2023,HON,7.0,1.0,1.0,1.0,0.0,0.0,1.0,1.0,1.0,1.0,Industrials
2023,2023,IBM,7.0,1.0,1.0,1.0,1.0,0.0,1.0,0.0,1.0,1.0,Technology
2023,2023,MCD,7.0,1.0,1.0,1.0,1.0,0.0,0.0,1.0,1.0,1.0,Consumer Cyclical
2023,2023,MO,7.0,1.0,1.0,1.0,1.0,0.0,0.0,1.0,1.0,1.0,Consumer Defensive
2023,2023,NFLX,7.0,1.0,1.0,1.0,1.0,1.0,0.0,1.0,1.0,0.0,Communication Services
2023,2023,PG,7.0,1.0,1.0,1.0,1.0,0.0,0.0,1.0,1.0,1.0,Consumer Defensive
2023,2023,SO,7.0,1.0,1.0,1.0,1.0,0.0,1.0,1.0,1.0,0.0,Utilities
2023,2023,T,7.0,1.0,1.0,1.0,1.0,0.0,1.0,0.0,1.0,1.0,Communication Services
2023,2023,TMUS,7.0,1.0,1.0,1.0,1.0,0.0,1.0,1.0,1.0,0.0,Communication Services
2023,2023,ABT,6.0,1.0,1.0,0.0,1.0,1.0,1.0,1.0,0.0,0.0,Healthcare
2023,2023,BA,6.0,0.0,1.0,1.0,1.0,1.0,0.0,0.0,1.0,1.0,Industrials
2023,2023,CHTR,6.0,1.0,1.0,0.0,1.0,1.0,0.0,1.0,1.0,0.0,Communication Services
2023,2023,COST,6.0,1.0,1.0,0.0,1.0,1.0,1.0,0.0,1.0,0.0,Consumer Defensive
2023,2023,CVS,6.0,1.0,1.0,1.0,1.0,0.0,0.0,1.0,0.0,1.0,Healthcare
2023,2023,DUK,6.0,1.0,1.0,1.0,1.0,0.0,1.0,0.0,1.0,0.0,Utilities
2023,2023,EXC,6.0,1.0,1.0,1.0,1.0,0.0,1.0,0.0,0.0,1.0,Utilities
2023,2023,F,6.0,1.0,1.0,1.0,1.0,0.0,0.0,1.0,0.0,1.0,Consumer Cyclical
2023,2023,HD,6.0,1.0,1.0,1.0,0.0,0.0,1.0,1.0,0.0,1.0,Consumer Cyclical
2023,2023,JNJ,6.0,1.0,1.0,1.0,0.0,0.0,1.0,1.0,0.0,1.0,Healthcare
2023,2023,LOW,6.0,1.0,1.0,0.0,1.0,0.0,1.0,1.0,0.0,1.0,Consumer Cyclical
2023,2023,MSFT,6.0,1.0,1.0,0.0,1.0,1.0,0.0,1.0,1.0,0.0,Technology
2023,2023,NKE,6.0,1.0,1.0,0.0,1.0,0.0,1.0,1.0,0.0,1.0,Consumer Cyclical
2023,2023,QCOM,6.0,1.0,1.0,0.0,1.0,1.0,1.0,1.0,0.0,0.0,Technology
2023,2023,UNH,6.0,1.0,1.0,0.0,1.0,1.0,1.0,1.0,0.0,0.0,Healthcare
2023,2023,XOM,6.0,1.0,1.0,0.0,1.0,1.0,1.0,1.0,0.0,0.0,Energy
2023,2023,ABBV,5.0,1.0,1.0,0.0,1.0,1.0,0.0,1.0,0.0,0.0,Healthcare
2023,2023,AMGN,5.0,1.0,1.0,0.0,1.0,0.0,1.0,0.0,0.0,1.0,Healthcare
2023,2023,CRM,5.0,1.0,1.0,0.0,1.0,1.0,0.0,1.0,0.0,0.0,Technology
2023,2023,CVX,5.0,1.0,1.0,0.0,1.0,1.0,0.0,1.0,0.0,0.0,Energy
2023,2023,GM,5.0,1.0,1.0,0.0,1.0,0.0,0.0,1.0,0.0,1.0,Consumer Cyclical
2023,2023,LLY,5.0,1.0,1.0,0.0,0.0,0.0,0.0,1.0,1.0,1.0,Healthcare
2023,2023,LMT,5.0,1.0,1.0,1.0,1.0,0.0,0.0,1.0,0.0,0.0,Industrials
2023,2023,MDT,5.0,1.0,1.0,0.0,1.0,0.0,1.0,0.0,0.0,1.0,Healthcare
2023,2023,MRK,5.0,1.0,1.0,0.0,1.0,0.0,0.0,1.0,1.0,0.0,Healthcare
2023,2023,NVDA,5.0,1.0,1.0,0.0,1.0,1.0,0.0,1.0,0.0,0.0,Technology
2023,2023,ORCL,5.0,1.0,1.0,1.0,1.0,0.0,0.0,0.0,0.0,1.0,Technology
2023,2023,PM,5.0,1.0,1.0,0.0,1.0,1.0,1.0,0.0,0.0,0.0,Consumer Defensive
2023,2023,RTX,5.0,1.0,1.0,0.0,1.0,0.0,0.0,1.0,0.0,1.0,Industrials
2023,2023,TMO,5.0,1.0,1.0,0.0,1.0,0.0,1.0,1.0,0.0,0.0,Healthcare
2023,2023,VZ,5.0,1.0,1.0,0.0,1.0,1.0,0.0,0.0,1.0,0.0,Communication Services
2023,2023,WMT,5.0,1.0,1.0,0.0,1.0,0.0,0.0,1.0,0.0,1.0,Consumer Defensive
2023,2023,COP,4.0,1.0,1.0,0.0,1.0,0.0,0.0,1.0,0.0,0.0,Energy
2023,2023,DHR,4.0,1.0,1.0,0.0,1.0,1.0,0.0,0.0,0.0,0.0,Healthcare
2023,2023,DOW,4.0,1.0,1.0,0.0,1.0,0.0,0.0,1.0,0.0,0.0,Basic Materials
2023,2023,FDX,4.0,1.0,1.0,0.0,1.0,0.0,0.0,1.0,0.0,0.0,Industrials
2023,2023,TGT,4.0,1.0,1.0,0.0,1.0,0.0,0.0,1.0,0.0,0.0,Consumer Defensive
2023,2023,UPS,4.0,1.0,1.0,0.0,1.0,0.0,0.0,1.0,0.0,0.0,Industrials
2023,2023,INTC,3.0,1.0,1.0,0.0,1.0,0.0,0.0,0.0,0.0,0.0,Technology
2023,2023,MMM,3.0,0.0,1.0,0.0,1.0,1.0,0.0,0.0,0.0,0.0,Industrials
2023,2023,PFE,3.0,1.0,1.0,0.0,1.0,0.0,0.0,0.0,0.0,0.0,Healthcare
2023,2023,TSLA,3.0,1.0,1.0,0.0,0.0,0.0,1.0,0.0,0.0,0.0,Consumer Cyclical
2023,2023,TXN,2.0,1.0,1.0,0.0,0.0,0.0,0.0,0.0,0.0,0.0,Technology
2024,2024,CRM,9.0,1.0,1.0,1.0,1.0,1.0,1.0,1.0,1.0,1.0,Technology
2024,2024,MRK,9.0,1.0,1.0,1.0,1.0,1.0,1.0,1.0,1.0,1.0,Healthcare
2024,2024,QCOM,9.0,1.0,1.0,1.0,1.0,1.0,1.0,1.0,1.0,1.0,Technology
2024,2024,ABT,8.0,1.0,1.0,1.0,0.0,1.0,1.0,1.0,1.0,1.0,Healthcare
2024,2024,AMD,8.0,1.0,1.0,1.0,1.0,1.0,1.0,0.0,1.0,1.0,Technology
2024,2024,CHTR,8.0,1.0,1.0,1.0,1.0,1.0,1.0,1.0,1.0,0.0,Communication Services
2024,2024,CMCSA,8.0,1.0,1.0,1.0,1.0,1.0,1.0,1.0,1.0,0.0,Communication Services
2024,2024,GOOGL,8.0,1.0,1.0,1.0,1.0,1.0,0.0,1.0,1.0,1.0,Communication Services
2024,2024,HON,8.0,1.0,1.0,1.0,1.0,0.0,1.0,1.0,1.0,1.0,Industrials
2024,2024,MDLZ,8.0,1.0,1.0,0.0,1.0,1.0,1.0,1.0,1.0,1.0,Consumer Defensive
2024,2024,NFLX,8.0,1.0,1.0,1.0,0.0,1.0,1.0,1.0,1.0,1.0,Communication Services
2024,2024,NKE,8.0,1.0,1.0,1.0,1.0,1.0,0.0,1.0,1.0,1.0,Consumer Cyclical
2024,2024,NVDA,8.0,1.0,1.0,1.0,0.0,1.0,1.0,1.0,1.0,1.0,Technology
2024,2024,SO,8.0,1.0,1.0,1.0,1.0,1.0,0.0,1.0,1.0,1.0,Utilities
2024,2024,TMUS,8.0,1.0,1.0,1.0,1.0,0.0,1.0,1.0,1.0,1.0,Communication Services
2024,2024,WMT,8.0,1.0,1.0,1.0,1.0,0.0,1.0,1.0,1.0,1.0,Consumer Defensive
2024,2024,AAPL,7.0,1.0,1.0,0.0,1.0,1.0,0.0,1.0,1.0,1.0,Technology
2024,2024,AMZN,7.0,1.0,1.0,1.0,1.0,1.0,1.0,0.0,1.0,0.0,Consumer Cyclical
2024,2024,CL,7.0,1.0,1.0,1.0,1.0,1.0,0.0,1.0,1.0,0.0,Consumer Defensive
2024,2024,DIS,7.0,1.0,1.0,1.0,1.0,1.0,0.0,0.0,1.0,1.0,Communication Services
2024,2024,FDX,7.0,1.0,1.0,1.0,1.0,1.0,0.0,1.0,1.0,0.0,Industrials
2024,2024,GD,7.0,1.0,1.0,1.0,1.0,1.0,0.0,1.0,0.0,1.0,Industrials
2024,2024,GILD,7.0,1.0,1.0,0.0,1.0,0.0,1.0,1.0,1.0,1.0,Healthcare
2024,2024,GM,7.0,1.0,1.0,0.0,1.0,0.0,1.0,1.0,1.0,1.0,Consumer Cyclical
2024,2024,LLY,7.0,1.0,1.0,1.0,0.0,0.0,1.0,1.0,1.0,1.0,Healthcare
2024,2024,LOW,7.0,1.0,1.0,1.0,1.0,0.0,1.0,1.0,1.0,0.0,Consumer Cyclical
2024,2024,MCD,7.0,1.0,1.0,0.0,1.0,1.0,1.0,1.0,1.0,0.0,Consumer Cyclical
2024,2024,META,7.0,1.0,1.0,1.0,1.0,0.0,1.0,1.0,1.0,0.0,Communication Services
2024,2024,MMM,7.0,1.0,1.0,1.0,0.0,1.0,1.0,1.0,1.0,0.0,Industrials
2024,2024,MO,7.0,1.0,1.0,1.0,0.0,1.0,1.0,1.0,1.0,0.0,Consumer Defensive
2024,2024,MSFT,7.0,1.0,1.0,1.0,1.0,1.0,0.0,0.0,1.0,1.0,Technology
2024,2024,PFE,7.0,1.0,1.0,1.0,1.0,1.0,1.0,0.0,1.0,0.0,Healthcare
2024,2024,RTX,7.0,1.0,1.0,1.0,1.0,1.0,0.0,0.0,1.0,1.0,Industrials
2024,2024,TMO,7.0,1.0,1.0,1.0,1.0,1.0,0.0,1.0,1.0,0.0,Healthcare
2024,2024,VZ,7.0,1.0,1.0,1.0,1.0,1.0,0.0,0.0,1.0,1.0,Communication Services
2024,2024,ABBV,6.0,1.0,1.0,0.0,1.0,0.0,0.0,1.0,1.0,1.0,Healthcare
2024,2024,ACN,6.0,1.0,1.0,0.0,1.0,1.0,0.0,1.0,1.0,0.0,Technology
2024,2024,ADBE,6.0,1.0,1.0,0.0,1.0,0.0,0.0,1.0,1.0,1.0,Technology
2024,2024,CAT,6.0,1.0,1.0,0.0,1.0,0.0,1.0,1.0,1.0,0.0,Industrials
2024,2024,DHR,6.0,1.0,1.0,0.0,1.0,1.0,0.0,1.0,1.0,0.0,Healthcare
2024,2024,DUK,6.0,1.0,1.0,1.0,1.0,0.0,0.0,0.0,1.0,1.0,Utilities
2024,2024,EMR,6.0,1.0,1.0,0.0,1.0,1.0,0.0,1.0,1.0,0.0,Industrials
2024,2024,F,6.0,1.0,1.0,1.0,1.0,1.0,0.0,1.0,0.0,0.0,Consumer Cyclical
2024,2024,IBM,6.0,1.0,1.0,0.0,1.0,1.0,1.0,0.0,1.0,0.0,Technology
2024,2024,JNJ,6.0,1.0,1.0,0.0,1.0,0.0,0.0,1.0,1.0,1.0,Healthcare
2024,2024,KHC,6.0,1.0,1.0,0.0,1.0,0.0,1.0,1.0,1.0,0.0,Consumer Defensive
2024,2024,MDT,6.0,1.0,1.0,0.0,1.0,1.0,0.0,1.0,0.0,1.0,Healthcare
2024,2024,PEP,6.0,1.0,1.0,0.0,1.0,1.0,0.0,1.0,1.0,0.0,Consumer Defensive
2024,2024,PG,6.0,1.0,1.0,0.0,1.0,0.0,1.0,1.0,1.0,0.0,Consumer Defensive
2024,2024,PM,6.0,1.0,1.0,0.0,1.0,0.0,1.0,0.0,1.0,1.0,Consumer Defensive
2024,2024,TGT,6.0,1.0,1.0,1.0,1.0,1.0,0.0,0.0,1.0,0.0,Consumer Defensive
2024,2024,COST,5.0,1.0,1.0,1.0,1.0,0.0,0.0,0.0,1.0,0.0,Consumer Defensive
2024,2024,CSCO,5.0,1.0,1.0,0.0,1.0,0.0,0.0,1.0,1.0,0.0,Technology
2024,2024,CVS,5.0,1.0,1.0,0.0,1.0,1.0,0.0,1.0,0.0,0.0,Healthcare
2024,2024,CVX,5.0,1.0,1.0,0.0,1.0,1.0,0.0,1.0,0.0,0.0,Energy
2024,2024,DOW,5.0,1.0,1.0,1.0,1.0,0.0,0.0,0.0,0.0,1.0,Basic Materials
2024,2024,GE,5.0,1.0,1.0,0.0,0.0,0.0,0.0,1.0,1.0,1.0,Industrials
2024,2024,LMT,5.0,1.0,1.0,0.0,1.0,0.0,0.0,1.0,0.0,1.0,Industrials
2024,2024,ORCL,5.0,1.0,1.0,1.0,1.0,1.0,0.0,0.0,0.0,0.0,Technology
2024,2024,T,5.0,1.0,1.0,0.0,1.0,1.0,0.0,0.0,1.0,0.0,Communication Services
2024,2024,UNH,5.0,1.0,1.0,0.0,1.0,0.0,1.0,1.0,0.0,0.0,Healthcare
2024,2024,UPS,5.0,1.0,1.0,0.0,1.0,0.0,1.0,0.0,0.0,1.0,Industrials
2024,2024,AMGN,4.0,1.0,1.0,0.0,1.0,1.0,0.0,0.0,0.0,0.0,Healthcare
2024,2024,AVGO,4.0,1.0,1.0,0.0,1.0,0.0,0.0,0.0,0.0,1.0,Technology
2024,2024,HD,4.0,1.0,1.0,0.0,1.0,0.0,0.0,1.0,0.0,0.0,Consumer Cyclical
2024,2024,KO,4.0,1.0,1.0,0.0,0.0,0.0,0.0,1.0,1.0,0.0,Consumer Defensive
2024,2024,SBUX,4.0,1.0,1.0,0.0,1.0,0.0,0.0,1.0,0.0,0.0,Consumer Cyclical
2024,2024,TSLA,4.0,1.0,1.0,0.0,1.0,0.0,1.0,0.0,0.0,0.0,Consumer Cyclical
2024,2024,XOM,4.0,1.0,1.0,0.0,1.0,1.0,0.0,0.0,0.0,0.0,Energy
2024,2024,BMY,3.0,0.0,1.0,0.0,1.0,0.0,0.0,0.0,0.0,1.0,Healthcare
2024,2024,COP,3.0,1.0,1.0,0.0,1.0,0.0,0.0,0.0,0.0,0.0,Energy
2024,2024,INTC,3.0,0.0,1.0,0.0,1.0,1.0,0.0,0.0,0.0,0.0,Technology
2024,2024,NEE,3.0,1.0,1.0,0.0,1.0,0.0,0.0,0.0,0.0,0.0,Utilities
2024,2024,TXN,3.0,1.0,1.0,0.0,1.0,0.0,0.0,0.0,0.0,0.0,Technology
2024,2024,BA,1.0,0.0,0.0,0.0,0.0,0.0,1.0,0.0,0.0,0.0,Industrials
2025,2025,AAPL,8.0,1.0,1.0,1.0,0.0,1.0,1.0,1.0,1.0,1.0,Technology
2025,2025,BMY,8.0,1.0,1.0,1.0,1.0,1.0,1.0,0.0,1.0,1.0,Healthcare
2025,2025,CMCSA,8.0,1.0,1.0,1.0,1.0,1.0,1.0,1.0,1.0,0.0,Communication Services
2025,2025,COST,8.0,1.0,1.0,1.0,1.0,1.0,1.0,0.0,1.0,1.0,Consumer Defensive
2025,2025,CRM,8.0,1.0,1.0,1.0,1.0,1.0,0.0,1.0,1.0,1.0,Technology
2025,2025,DIS,8.0,1.0,1.0,1.0,1.0,1.0,0.0,1.0,1.0,1.0,Communication Services
2025,2025,GILD,8.0,1.0,1.0,1.0,1.0,1.0,0.0,1.0,1.0,1.0,Healthcare
2025,2025,GOOGL,8.0,1.0,1.0,1.0,1.0,0.0,1.0,1.0,1.0,1.0,Communication Services
2025,2025,NVDA,8.0,1.0,1.0,1.0,0.0,1.0,1.0,1.0,1.0,1.0,Technology
2025,2025,RTX,8.0,1.0,1.0,1.0,1.0,1.0,1.0,0.0,1.0,1.0,Industrials
2025,2025,ABBV,7.0,1.0,1.0,0.0,1.0,1.0,1.0,0.0,1.0,1.0,Healthcare
2025,2025,ADBE,7.0,1.0,1.0,1.0,1.0,0.0,0.0,1.0,1.0,1.0,Technology
2025,2025,AMD,7.0,1.0,1.0,1.0,1.0,0.0,1.0,0.0,1.0,1.0,Technology
2025,2025,AMGN,7.0,1.0,1.0,1.0,1.0,1.0,0.0,0.0,1.0,1.0,Healthcare
2025,2025,AVGO,7.0,1.0,1.0,1.0,1.0,1.0,1.0,0.0,1.0,0.0,Technology
2025,2025,DHR,7.0,1.0,1.0,1.0,1.0,0.0,1.0,1.0,0.0,1.0,Healthcare
2025,2025,DUK,7.0,1.0,1.0,1.0,1.0,1.0,0.0,0.0,1.0,1.0,Utilities
2025,2025,GD,7.0,1.0,1.0,1.0,1.0,1.0,1.0,0.0,0.0,1.0,Industrials
2025,2025,KO,7.0,1.0,1.0,1.0,0.0,1.0,1.0,1.0,1.0,0.0,Consumer Defensive
2025,2025,LIN,7.0,1.0,1.0,1.0,1.0,0.0,0.0,1.0,1.0,1.0,Basic Materials
2025,2025,LLY,7.0,1.0,1.0,1.0,0.0,0.0,1.0,1.0,1.0,1.0,Healthcare
2025,2025,MCD,7.0,1.0,1.0,1.0,1.0,0.0,0.0,1.0,1.0,1.0,Consumer Cyclical
2025,2025,MO,7.0,1.0,1.0,0.0,1.0,0.0,1.0,1.0,1.0,1.0,Consumer Defensive
2025,2025,NFLX,7.0,1.0,1.0,1.0,0.0,1.0,0.0,1.0,1.0,1.0,Communication Services
2025,2025,PM,7.0,1.0,1.0,1.0,1.0,0.0,1.0,0.0,1.0,1.0,Consumer Defensive
2025,2025,T,7.0,1.0,1.0,1.0,1.0,0.0,1.0,1.0,0.0,1.0,Communication Services
2025,2025,TGT,7.0,1.0,1.0,0.0,1.0,1.0,1.0,1.0,1.0,0.0,Consumer Defensive
2025,2025,TMO,7.0,1.0,1.0,1.0,1.0,0.0,1.0,1.0,0.0,1.0,Healthcare
2025,2025,AMZN,6.0,1.0,1.0,1.0,1.0,1.0,0.0,0.0,1.0,0.0,Consumer Cyclical
2025,2025,BA,6.0,1.0,1.0,1.0,0.0,1.0,0.0,0.0,1.0,1.0,Industrials
2025,2025,CAT,6.0,1.0,1.0,0.0,1.0,0.0,1.0,1.0,0.0,1.0,Industrials
2025,2025,CL,6.0,1.0,1.0,0.0,1.0,1.0,0.0,1.0,0.0,1.0,Consumer Defensive
2025,2025,COP,6.0,1.0,1.0,0.0,1.0,1.0,1.0,1.0,0.0,0.0,Energy
2025,2025,CSCO,6.0,1.0,1.0,0.0,1.0,0.0,1.0,1.0,1.0,0.0,Technology
2025,2025,CVS,6.0,1.0,1.0,0.0,1.0,1.0,1.0,0.0,0.0,1.0,Healthcare
2025,2025,DE,6.0,1.0,1.0,0.0,1.0,1.0,1.0,1.0,0.0,0.0,Industrials
2025,2025,EMR,6.0,1.0,1.0,1.0,1.0,0.0,0.0,1.0,1.0,0.0,Industrials
2025,2025,FDX,6.0,1.0,1.0,0.0,1.0,1.0,0.0,1.0,0.0,1.0,Industrials
2025,2025,HD,6.0,1.0,1.0,0.0,1.0,1.0,0.0,0.0,1.0,1.0,Consumer Cyclical
2025,2025,IBM,6.0,1.0,1.0,1.0,1.0,0.0,0.0,0.0,1.0,1.0,Technology
2025,2025,INTC,6.0,0.0,1.0,1.0,1.0,1.0,1.0,0.0,1.0,0.0,Technology
2025,2025,LMT,6.0,1.0,1.0,0.0,1.0,1.0,0.0,1.0,1.0,0.0,Industrials
2025,2025,LOW,6.0,1.0,1.0,0.0,1.0,1.0,0.0,1.0,0.0,1.0,Consumer Cyclical
2025,2025,MDT,6.0,1.0,1.0,1.0,1.0,0.0,0.0,1.0,0.0,1.0,Healthcare
2025,2025,META,6.0,1.0,1.0,0.0,1.0,0.0,0.0,1.0,1.0,1.0,Communication Services
2025,2025,MSFT,6.0,1.0,1.0,0.0,1.0,1.0,1.0,1.0,0.0,0.0,Technology
2025,2025,NEE,6.0,1.0,1.0,0.0,1.0,0.0,1.0,0.0,1.0,1.0,Utilities
2025,2025,ORCL,6.0,1.0,1.0,1.0,1.0,0.0,1.0,0.0,0.0,1.0,Technology
2025,2025,PEP,6.0,1.0,1.0,0.0,1.0,0.0,1.0,1.0,0.0,1.0,Consumer Defensive
2025,2025,PFE,6.0,1.0,1.0,1.0,1.0,0.0,0.0,0.0,1.0,1.0,Healthcare
2025,2025,PG,6.0,1.0,1.0,1.0,1.0,1.0,0.0,1.0,0.0,0.0,Consumer Defensive
2025,2025,QCOM,6.0,1.0,1.0,0.0,1.0,0.0,1.0,1.0,0.0,1.0,Technology
2025,2025,TMUS,6.0,1.0,1.0,0.0,1.0,0.0,1.0,1.0,0.0,1.0,Communication Services
2025,2025,TXN,6.0,1.0,1.0,0.0,1.0,0.0,1.0,1.0,0.0,1.0,Technology
2025,2025,UNH,6.0,1.0,1.0,0.0,1.0,1.0,0.0,1.0,0.0,1.0,Healthcare
2025,2025,UPS,6.0,1.0,1.0,0.0,1.0,0.0,1.0,1.0,1.0,0.0,Industrials
2025,2025,ABT,5.0,1.0,1.0,0.0,1.0,1.0,0.0,0.0,1.0,0.0,Healthcare
2025,2025,ACN,5.0,1.0,1.0,0.0,1.0,0.0,1.0,1.0,0.0,0.0,Technology
2025,2025,CVX,5.0,1.0,1.0,0.0,1.0,0.0,1.0,0.0,1.0,0.0,Energy
2025,2025,GE,5.0,1.0,1.0,1.0,0.0,0.0,0.0,1.0,0.0,1.0,Industrials
2025,2025,GM,5.0,1.0,1.0,0.0,1.0,0.0,1.0,1.0,0.0,0.0,Consumer Cyclical
2025,2025,HON,5.0,1.0,1.0,0.0,1.0,1.0,0.0,1.0,0.0,0.0,Industrials
2025,2025,MDLZ,5.0,1.0,1.0,0.0,1.0,0.0,0.0,1.0,0.0,1.0,Consumer Defensive
2025,2025,MMM,5.0,1.0,1.0,0.0,0.0,0.0,1.0,1.0,0.0,1.0,Industrials
2025,2025,TSLA,5.0,1.0,1.0,0.0,1.0,0.0,1.0,0.0,1.0,0.0,Consumer Cyclical
2025,2025,VZ,5.0,1.0,1.0,0.0,1.0,0.0,1.0,0.0,0.0,1.0,Communication Services
2025,2025,XOM,5.0,1.0,1.0,0.0,1.0,1.0,0.0,1.0,0.0,0.0,Energy
2025,2025,MRK,4.0,1.0,1.0,0.0,0.0,0.0,1.0,1.0,0.0,0.0,Healthcare
2025,2025,NKE,4.0,1.0,1.0,0.0,1.0,0.0,0.0,1.0,0.0,0.0,Consumer Cyclical
2025,2025,SBUX,4.0,1.0,1.0,0.0,1.0,1.0,0.0,0.0,0.0,0.0,Consumer Cyclical
2025,2025,SO,4.0,1.0,1.0,0.0,1.0,0.0,0.0,0.0,0.0,1.0,Utilities
2025,2025,JNJ,3.0,1.0,1.0,1.0,0.0,0.0,0.0,0.0,0.0,0.0,Healthcare
