,2009,2010,2011,2012,2013,2014,2015,2016,2017,2018,2019,2020,2021,2022,2023,2024,2025
A32,0,0,0,0,0,0,0,4.0,4.0,4.0,4.0,4.0,4.0,4.0,4.0,4.0,4.0
AAA,3.0,3.0,3.0,3.0,3.0,3.0,3.0,3.0,3.0,3.0,3.0,3.0,3.0,3.0,3.0,3.0,3.0
AAH,0,0,0,0,0,0,0,0,0,0,3.0,3.0,3.0,3.0,3.0,3.0,5.0
AAM,3.0,3.0,3.0,3.0,3.0,3.0,3.0,3.0,3.0,3.0,3.0,3.0,3.0,3.0,3.0,3.0,3.0
AAN,0,0,0,0,0,0,0,0,0,0,0,0,0,0,0,3.0,3.0
AAT,0,0,0,0,0,0,0,0,0,4.0,4.0,4.0,4.0,4.0,4.0,3.0,3.0
AAV,0,0,0,0,0,0,3.0,3.0,3.0,3.0,3.0,3.0,3.0,3.0,3.0,3.0,3.0
ABC,0,3.0,3.0,3.0,3.0,3.0,3.0,3.0,3.0,3.0,3.0,3.0,3.0,3.0,3.0,3.0,3.0
ABR,0,0,0,0,0,0,0,0,4.0,4.0,3.0,3.0,3.0,3.0,3.0,3.0,3.0
ABS,0,0,0,0,0,0,0,0,4.0,4.0,4.0,4.0,4.0,5.0,5.0,5.0,5.0
ABT,4.0,4.0,4.0,4.0,4.0,3.0,3.0,3.0,3.0,3.0,3.0,3.0,3.0,3.0,3.0,3.0,3.0
ACC,3.0,3.0,3.0,3.0,3.0,3.0,3.0,3.0,3.0,3.0,3.0,3.0,3.0,3.0,3.0,3.0,3.0
ACE,4.0,4.0,4.0,3.0,4.0,4.0,3.0,3.0,3.0,3.0,3.0,3.0,3.0,3.0,3.0,3.0,3.0
ACG,0,0,0,0,0,0,0,0,0,3.0,3.0,3.0,3.0,3.0,3.0,3.0,3.0
ACL,3.0,3.0,3.0,3.0,3.0,3.0,3.0,3.0,3.0,3.0,3.0,3.0,3.0,3.0,3.0,3.0,3.0
ACM,0,0,0,0,4.0,4.0,4.0,4.0,4.0,4.0,4.0,4.0,4.0,4.0,4.0,4.0,4.0
ACS,0,0,0,0,0,0,4.0,4.0,3.0,3.0,3.0,3.0,3.0,3.0,3.0,3.0,0
ACV,0,0,3.0,3.0,3.0,3.0,3.0,3.0,3.0,3.0,3.0,3.0,3.0,3.0,3.0,3.0,3.0
ADC,3.0,4.0,4.0,4.0,4.0,4.0,4.0,4.0,4.0,5.0,3.0,3.0,3.0,3.0,3.0,3.0,3.0
ADG,0,0,0,0,0,0,0,0,3.0,3.0,3.0,3.0,3.0,3.0,3.0,3.0,3.0
ADP,4.0,4.0,4.0,4.0,4.0,4.0,4.0,4.0,4.0,4.0,4.0,4.0,4.0,4.0,4.0,5.0,3.0
ADS,0,0,0,0,3.0,3.0,3.0,3.0,3.0,3.0,3.0,3.0,3.0,3.0,3.0,3.0,3.0
AFX,0,0,3.0,3.0,3.0,3.0,3.0,3.0,3.0,3.0,3.0,3.0,3.0,3.0,3.0,3.0,3.0
AG1,0,0,0,0,0,0,1.0,3.0,3.0,3.0,3.0,3.0,3.0,3.0,3.0,3.0,3.0
AGF,3.0,3.0,3.0,3.0,3.0,3.0,3.0,3.0,5.0,3.0,3.0,3.0,3.0,3.0,3.0,3.0,3.0
AGG,0,0,0,0,0,0,0,0,3.0,3.0,3.0,3.0,3.0,3.0,3.0,3.0,3.0
AGM,3.0,3.0,3.0,3.0,3.0,3.0,3.0,3.0,3.0,3.0,3.0,3.0,3.0,3.0,3.0,3.0,3.0
AGP,4.0,4.0,4.0,4.0,4.0,4.0,4.0,4.0,4.0,4.0,4.0,4.0,3.0,3.0,3.0,3.0,3.0
AGX,0,4.0,4.0,4.0,4.0,4.0,4.0,4.0,4.0,4.0,4.0,3.0,3.0,3.0,3.0,3.0,3.0
AIG,0,0,0,0,0,0,0,0,0,3.0,3.0,3.0,3.0,3.0,3.0,3.0,3.0
ALC,0,0,0,0,0,0,3.0,3.0,3.0,3.0,3.0,3.0,3.0,3.0,3.0,3.0,3.0
ALT,3.0,3.0,3.0,3.0,3.0,3.0,3.0,3.0,3.0,3.0,3.0,3.0,3.0,3.0,3.0,3.0,3.0
ALV,4.0,4.0,4.0,4.0,4.0,4.0,4.0,4.0,3.0,3.0,3.0,3.0,3.0,3.0,3.0,3.0,3.0
AMC,3.0,3.0,3.0,5.0,5.0,5.0,5.0,4.0,4.0,4.0,4.0,4.0,4.0,4.0,4.0,4.0,4.0
AME,4.0,3.0,3.0,5.0,5.0,5.0,5.0,5.0,5.0,5.0,5.0,5.0,5.0,5.0,5.0,3.0,3.0
AMP,0,0,4.0,4.0,4.0,3.0,3.0,3.0,3.0,3.0,3.0,3.0,3.0,3.0,3.0,3.0,5.0
AMS,0,0,3.0,3.0,3.0,3.0,3.0,3.0,3.0,3.0,3.0,3.0,3.0,3.0,3.0,3.0,3.0
AMV,4.0,4.0,3.0,5.0,5.0,5.0,4.0,4.0,3.0,3.0,3.0,3.0,3.0,3.0,3.0,3.0,3.0
ANI,3.0,3.0,3.0,3.0,3.0,3.0,3.0,3.0,3.0,3.0,3.0,3.0,3.0,3.0,3.0,3.0,3.0
ANT,0,0,3.0,3.0,3.0,3.0,3.0,3.0,3.0,3.0,3.0,3.0,3.0,3.0,3.0,3.0,3.0
ANV,5.0,5.0,5.0,5.0,5.0,4.0,5.0,5.0,5.0,5.0,5.0,5.0,5.0,5.0,5.0,5.0,5.0
APC,3.0,3.0,3.0,3.0,3.0,3.0,3.0,3.0,3.0,3.0,3.0,3.0,3.0,3.0,3.0,3.0,3.0
APF,0,0,0,0,4.0,4.0,3.0,3.0,3.0,3.0,3.0,3.0,3.0,3.0,3.0,3.0,3.0
APH,0,0,0,0,0,0,0,0,1.0,3.0,3.0,3.0,3.0,3.0,3.0,3.0,3.0
API,3.0,3.0,3.0,3.0,3.0,3.0,3.0,3.0,3.0,3.0,3.0,3.0,3.0,3.0,3.0,3.0,3.0
APL,0,0,0,0,0,3.0,3.0,3.0,3.0,3.0,3.0,3.0,3.0,3.0,3.0,3.0,3.0
APP,4.0,4.0,4.0,4.0,4.0,4.0,4.0,4.0,4.0,4.0,4.0,4.0,4.0,3.0,3.0,3.0,3.0
APT,0,0,0,0,0,0,0,4.0,4.0,4.0,4.0,4.0,4.0,4.0,4.0,4.0,4.0
ARM,3.0,3.0,3.0,3.0,3.0,3.0,3.0,3.0,3.0,3.0,3.0,3.0,3.0,3.0,3.0,3.0,3.0
ASG,0,0,0,0,0,0,0,0,3.0,3.0,3.0,3.0,3.0,3.0,3.0,3.0,3.0
ASM,3.0,3.0,3.0,3.0,5.0,5.0,5.0,5.0,3.0,3.0,3.0,3.0,3.0,3.0,3.0,3.0,3.0
ASP,3.0,3.0,3.0,3.0,3.0,3.0,3.0,3.0,3.0,3.0,3.0,3.0,3.0,3.0,3.0,3.0,3.0
AST,0,0,0,0,0,0,3.0,3.0,3.0,3.0,3.0,3.0,3.0,3.0,3.0,3.0,3.0
ATA,3.0,3.0,3.0,3.0,3.0,3.0,4.0,5.0,3.0,3.0,3.0,3.0,3.0,3.0,3.0,3.0,3.0
ATG,0,0,0,0,3.0,3.0,3.0,3.0,5.0,5.0,3.0,3.0,3.0,3.0,3.0,3.0,3.0
ATS,0,0,0,0,4.0,4.0,4.0,4.0,4.0,4.0,4.0,4.0,4.0,4.0,4.0,4.0,3.0
AVC,0,0,0,0,0,3.0,3.0,3.0,3.0,3.0,3.0,3.0,3.0,3.0,3.0,3.0,3.0
AVG,0,0,0,0,0,0,0,0,0,0,0,0,3.0,3.0,3.0,3.0,3.0
BAF,0,0,0,0,0,0,0,0,0,3.0,3.0,3.0,3.0,3.0,3.0,3.0,3.0
BAL,0,0,0,0,0,3.0,3.0,3.0,3.0,3.0,3.0,3.0,3.0,3.0,3.0,3.0,3.0
BAX,0,3.0,3.0,3.0,3.0,3.0,3.0,3.0,3.0,3.0,3.0,3.0,3.0,3.0,3.0,3.0,3.0
BBH,0,0,0,0,0,0,0,0,0,0,4.0,4.0,4.0,4.0,4.0,4.0,4.0
BBM,0,0,0,0,3.0,0,0,3.0,3.0,3.0,3.0,3.0,3.0,3.0,3.0,3.0,3.0
BBS,4.0,4.0,4.0,4.0,4.0,4.0,4.0,4.0,4.0,5.0,3.0,3.0,3.0,3.0,3.0,3.0,3.0
BBT,0,0,0,3.0,3.0,3.0,3.0,3.0,3.0,3.0,3.0,3.0,3.0,3.0,3.0,3.0,3.0
BCA,0,0,0,0,0,0,0,0,0,0,3.0,3.0,5.0,5.0,3.0,5.0,5.0
BCB,0,0,0,0,0,0,0,0,0,3.0,3.0,3.0,3.0,3.0,3.0,3.0,3.0
BCC,3.0,3.0,3.0,3.0,3.0,3.0,3.0,3.0,3.0,3.0,3.0,3.0,3.0,3.0,3.0,3.0,3.0
BCE,3.0,3.0,3.0,3.0,3.0,3.0,3.0,3.0,3.0,3.0,3.0,3.0,3.0,3.0,3.0,3.0,3.0
BCF,0,0,0,0,0,0,3.0,3.0,3.0,3.0,3.0,5.0,5.0,5.0,5.0,5.0,5.0
BCG,0,0,0,3.0,3.0,3.0,3.0,3.0,3.0,3.0,3.0,3.0,3.0,3.0,3.0,3.0,0
BCM,0,0,0,0,0,0,3.0,3.0,3.0,3.0,3.0,3.0,3.0,3.0,3.0,3.0,3.0
BCP,3.0,3.0,3.0,3.0,3.0,3.0,3.0,3.0,3.0,3.0,3.0,3.0,3.0,3.0,3.0,3.0,3.0
BCR,0,0,0,0,0,0,0,0,0,0,0,3.0,3.0,3.0,3.0,3.0,0
BCV,0,0,0,0,0,0,0,0,0,0,3.0,3.0,3.0,3.0,3.0,3.0,3.0
BDG,0,0,0,0,0,1.0,1.0,3.0,3.0,3.0,3.0,3.0,3.0,3.0,3.0,3.0,3.0
BDT,0,0,0,0,0,0,3.0,3.0,3.0,5.0,5.0,5.0,3.0,3.0,3.0,3.0,3.0
BDW,0,0,0,0,0,1.0,4.0,4.0,4.0,4.0,4.0,4.0,4.0,4.0,4.0,4.0,4.0
BED,3.0,3.0,3.0,3.0,3.0,3.0,3.0,3.0,3.0,3.0,3.0,3.0,3.0,3.0,3.0,3.0,3.0
BEL,4.0,2.0,2.0,4.0,4.0,4.0,4.0,4.0,4.0,4.0,4.0,4.0,4.0,4.0,4.0,4.0,3.0
BFC,0,0,3.0,3.0,3.0,3.0,3.0,3.0,3.0,3.0,3.0,3.0,3.0,3.0,3.0,3.0,3.0
BGE,0,0,0,0,0,0,0,0,0,0,0,0,0,3.0,3.0,3.0,3.0
BGW,0,0,0,0,4.0,4.0,4.0,4.0,4.0,4.0,4.0,4.0,4.0,4.0,4.0,4.0,4.0
BHA,0,0,0,0,0,0,0,3.0,3.0,3.0,3.0,3.0,3.0,3.0,3.0,3.0,3.0
BHC,3.0,5.0,5.0,5.0,3.0,1.0,3.0,3.0,3.0,3.0,3.0,3.0,3.0,3.0,3.0,3.0,3.0
BHG,0,0,0,0,0,0,0,4.0,4.0,4.0,4.0,4.0,4.0,4.0,4.0,4.0,4.0
BHH,0,0,0,0,0,0,0,0,0,0,0,0,0,0,0,3.0,3.0
BHK,0,0,0,0,0,0,0,4.0,4.0,4.0,4.0,4.0,4.0,4.0,4.0,4.0,4.0
BHN,3.0,3.0,3.0,3.0,3.0,3.0,3.0,3.0,3.0,3.0,3.0,3.0,3.0,3.0,3.0,3.0,3.0
BHP,3.0,3.0,3.0,3.0,3.0,3.0,3.0,3.0,3.0,3.0,3.0,3.0,3.0,3.0,3.0,3.0,3.0
BIG,0,0,0,0,0,0,0,0,0,0,3.0,3.0,3.0,3.0,3.0,3.0,3.0
BIO,0,0,0,0,0,0,0,3.0,3.0,3.0,3.0,3.0,3.0,3.0,3.0,3.0,3.0
BKC,3.0,3.0,3.0,3.0,3.0,3.0,3.0,3.0,3.0,3.0,3.0,3.0,3.0,3.0,3.0,3.0,3.0
BKG,0,0,0,0,0,0,0,0,0,3.0,3.0,3.0,3.0,3.0,3.0,3.0,3.0
BLF,3.0,4.0,4.0,4.0,4.0,4.0,4.0,4.0,4.0,4.0,4.0,4.0,4.0,4.0,4.0,4.0,4.0
BLN,0,0,0,0,0,0,3.0,3.0,3.0,5.0,3.0,3.0,3.0,3.0,3.0,3.0,3.0
BLT,0,0,0,0,4.0,4.0,4.0,4.0,4.0,4.0,4.0,4.0,4.0,4.0,4.0,4.0,4.0
BMC,3.0,3.0,3.0,3.0,3.0,3.0,3.0,3.0,3.0,3.0,3.0,3.0,3.0,3.0,3.0,3.0,3.0
BMD,0,0,0,0,0,0,4.0,4.0,4.0,4.0,4.0,4.0,4.0,4.0,4.0,4.0,4.0
BMF,0,0,0,0,0,0,0,3.0,3.0,3.0,3.0,3.0,3.0,3.0,3.0,3.0,3.0
BMG,0,0,0,0,0,0,0,3.0,3.0,3.0,3.0,3.0,3.0,3.0,3.0,3.0,3.0
BMJ,3.0,3.0,3.0,3.0,3.0,3.0,3.0,3.0,3.0,3.0,3.0,3.0,3.0,3.0,3.0,3.0,3.0
BMK,0,0,0,0,0,0,0,0,0,0,0,0,0,0,0,0,1.0
BMP,3.0,3.0,3.0,3.0,3.0,3.0,3.0,3.0,3.0,3.0,3.0,3.0,3.0,3.0,3.0,3.0,3.0
BMV,0,0,0,0,0,0,3.0,3.0,3.0,3.0,3.0,3.0,3.0,3.0,3.0,3.0,3.0
BNA,0,0,0,0,0,0,0,0,0,3.0,3.0,3.0,3.0,3.0,3.0,3.0,3.0
BNW,0,0,0,0,0,0,3.0,0,3.0,3.0,3.0,3.0,3.0,3.0,3.0,3.0,3.0
BOT,0,0,0,0,0,0,0,4.0,4.0,4.0,4.0,4.0,4.0,4.0,4.0,4.0,4.0
BPC,4.0,4.0,4.0,5.0,5.0,5.0,5.0,5.0,5.0,5.0,5.0,3.0,3.0,3.0,3.0,3.0,3.0
BQB,0,0,0,0,0,0,3.0,3.0,3.0,3.0,3.0,3.0,3.0,3.0,3.0,3.0,3.0
BQP,0,0,0,0,0,0,0,0,0,0,0,0,0,0,0,0,2.0
BRC,3.0,3.0,3.0,3.0,3.0,3.0,3.0,3.0,3.0,3.0,3.0,3.0,3.0,3.0,3.0,3.0,3.0
BRR,0,0,0,0,0,0,0,1.0,4.0,4.0,4.0,4.0,4.0,4.0,4.0,4.0,4.0
BRS,0,0,0,0,4.0,4.0,4.0,4.0,4.0,4.0,4.0,4.0,4.0,4.0,4.0,4.0,4.0
BSA,0,0,0,0,0,3.0,3.0,3.0,3.0,3.0,3.0,3.0,3.0,3.0,3.0,3.0,3.0
BSD,0,0,0,0,3.0,3.0,3.0,3.0,3.0,3.0,3.0,3.0,3.0,3.0,3.0,3.0,3.0
BSG,0,0,0,0,0,3.0,3.0,3.0,5.0,5.0,5.0,5.0,3.0,3.0,3.0,3.0,3.0
BSH,0,0,0,0,0,0,0,3.0,3.0,3.0,3.0,3.0,3.0,3.0,3.0,3.0,3.0
BSL,0,0,0,0,0,0,3.0,3.0,3.0,3.0,3.0,3.0,3.0,3.0,3.0,3.0,3.0
BSP,0,0,0,0,0,3.0,3.0,3.0,3.0,3.0,3.0,3.0,3.0,3.0,3.0,3.0,3.0
BSQ,0,2.0,2.0,3.0,3.0,3.0,3.0,3.0,3.0,3.0,3.0,3.0,3.0,3.0,3.0,3.0,3.0
BSR,0,0,0,0,3.0,3.0,3.0,3.0,3.0,3.0,3.0,3.0,3.0,3.0,3.0,3.0,3.0
BT1,2.0,2.0,4.0,4.0,4.0,4.0,4.0,4.0,4.0,4.0,4.0,4.0,4.0,4.0,4.0,4.0,4.0
BT6,5.0,3.0,3.0,5.0,5.0,5.0,3.0,3.0,3.0,3.0,3.0,3.0,3.0,3.0,3.0,3.0,5.0
BTB,3.0,3.0,3.0,3.0,3.0,3.0,3.0,3.0,3.0,3.0,3.0,3.0,3.0,3.0,3.0,3.0,3.0
BTD,0,0,0,0,0,3.0,3.0,3.0,3.0,3.0,3.0,3.0,3.0,3.0,3.0,3.0,3.0
BTG,4.0,4.0,4.0,4.0,4.0,4.0,4.0,4.0,4.0,4.0,4.0,4.0,4.0,4.0,3.0,3.0,3.0
BTH,4.0,4.0,4.0,4.0,4.0,4.0,4.0,4.0,4.0,4.0,4.0,4.0,4.0,4.0,4.0,4.0,4.0
BTN,0,0,0,0,0,0,4.0,4.0,4.0,4.0,4.0,4.0,4.0,4.0,4.0,4.0,4.0
BTP,3.0,3.0,3.0,3.0,3.0,3.0,3.0,3.0,3.0,3.0,3.0,3.0,3.0,3.0,3.0,3.0,3.0
BTS,3.0,3.0,3.0,3.0,3.0,3.0,3.0,3.0,3.0,3.0,3.0,3.0,3.0,3.0,3.0,3.0,3.0
BTT,3.0,3.0,3.0,3.0,3.0,3.0,3.0,3.0,3.0,3.0,3.0,3.0,3.0,3.0,3.0,3.0,3.0
BTU,0,0,0,0,3.0,3.0,4.0,4.0,3.0,3.0,3.0,3.0,3.0,3.0,3.0,3.0,3.0
BTV,0,0,0,0,0,0,3.0,3.0,3.0,3.0,3.0,3.0,3.0,3.0,3.0,3.0,3.0
BTW,3.0,3.0,3.0,3.0,3.0,3.0,3.0,3.0,3.0,3.0,3.0,3.0,3.0,3.0,3.0,3.0,3.0
BVG,4.0,4.0,4.0,4.0,4.0,4.0,3.0,3.0,3.0,3.0,3.0,3.0,3.0,3.0,3.0,3.0,3.0
BVL,0,0,0,0,0,0,0,0,0,0,3.0,3.0,3.0,3.0,3.0,3.0,3.0
BVN,4.0,4.0,4.0,4.0,4.0,4.0,4.0,4.0,4.0,4.0,4.0,4.0,4.0,4.0,4.0,4.0,4.0
BWA,4.0,4.0,3.0,4.0,4.0,3.0,3.0,3.0,3.0,3.0,3.0,3.0,3.0,3.0,3.0,3.0,3.0
BWE,0,0,0,0,0,0,3.0,3.0,3.0,3.0,3.0,3.0,3.0,3.0,3.0,3.0,3.0
BWS,0,3.0,3.0,3.0,3.0,3.0,3.0,4.0,5.0,3.0,3.0,3.0,3.0,3.0,3.0,3.0,3.0
BXH,3.0,4.0,5.0,5.0,5.0,5.0,5.0,5.0,5.0,5.0,5.0,5.0,5.0,5.0,5.0,5.0,5.0
C21,3.0,3.0,3.0,3.0,3.0,3.0,3.0,3.0,3.0,3.0,3.0,3.0,3.0,3.0,3.0,3.0,0
C22,0,0,0,0,0,0,0,0,2.0,4.0,4.0,4.0,4.0,4.0,4.0,4.0,4.0
C32,4.0,4.0,4.0,4.0,4.0,4.0,4.0,4.0,4.0,4.0,3.0,3.0,3.0,3.0,3.0,3.0,3.0
C47,4.0,4.0,4.0,4.0,4.0,4.0,4.0,4.0,4.0,5.0,5.0,5.0,5.0,5.0,5.0,5.0,5.0
C4G,0,0,0,0,0,0,3.0,3.0,3.0,3.0,5.0,5.0,5.0,5.0,5.0,5.0,5.0
C69,0,0,0,0,0,4.0,4.0,4.0,3.0,3.0,3.0,3.0,3.0,3.0,3.0,3.0,3.0
C92,4.0,4.0,4.0,4.0,4.0,4.0,4.0,4.0,4.0,4.0,4.0,4.0,4.0,4.0,4.0,4.0,0
CAD,4.0,4.0,4.0,4.0,4.0,4.0,4.0,4.0,4.0,4.0,4.0,4.0,4.0,4.0,4.0,4.0,4.0
CAG,0,0,0,0,0,3.0,3.0,5.0,5.0,5.0,5.0,5.0,4.0,5.0,5.0,5.0,5.0
CAN,3.0,3.0,3.0,3.0,3.0,3.0,3.0,3.0,3.0,3.0,3.0,3.0,3.0,3.0,3.0,3.0,3.0
CAP,3.0,3.0,3.0,3.0,3.0,3.0,3.0,3.0,3.0,3.0,3.0,3.0,3.0,3.0,3.0,3.0,3.0
CAR,0,0,0,0,0,0,0,0,0,0,0,0,3.0,3.0,3.0,3.0,3.0
CAT,3.0,3.0,3.0,3.0,3.0,3.0,3.0,3.0,3.0,3.0,3.0,3.0,3.0,3.0,3.0,3.0,3.0
CBI,0,0,0,0,0,0,3.0,3.0,3.0,3.0,3.0,3.0,3.0,3.0,3.0,3.0,3.0
CBS,0,0,0,0,0,0,0,0,0,0,4.0,4.0,4.0,4.0,4.0,0,0
CC1,0,0,0,0,3.0,3.0,3.0,3.0,3.0,3.0,3.0,3.0,3.0,3.0,3.0,3.0,3.0
CCA,0,0,0,0,0,0,4.0,4.0,4.0,4.0,4.0,4.0,4.0,4.0,4.0,4.0,4.0
CCC,0,0,0,0,0,0,0,0,0,0,0,0,0,0,1.0,3.0,3.0
CCI,4.0,4.0,4.0,4.0,4.0,4.0,4.0,4.0,4.0,4.0,4.0,4.0,4.0,4.0,4.0,4.0,4.0
CCL,4.0,4.0,4.0,4.0,4.0,4.0,4.0,4.0,4.0,4.0,4.0,4.0,4.0,4.0,4.0,4.0,4.0
CCM,4.0,4.0,4.0,4.0,4.0,4.0,4.0,4.0,4.0,4.0,4.0,4.0,4.0,4.0,4.0,4.0,4.0
CCP,0,3.0,3.0,3.0,3.0,3.0,3.0,3.0,3.0,3.0,3.0,3.0,3.0,3.0,3.0,3.0,3.0
CCR,0,0,0,0,3.0,3.0,1.0,3.0,3.0,3.0,3.0,3.0,3.0,3.0,3.0,3.0,3.0
CCS,0,0,0,0,0,0,3.0,3.0,3.0,3.0,3.0,3.0,3.0,3.0,3.0,3.0,3.0
CCT,0,0,0,0,0,0,4.0,3.0,3.0,3.0,3.0,3.0,3.0,3.0,3.0,3.0,3.0
CCV,0,0,0,0,4.0,4.0,4.0,4.0,3.0,3.0,3.0,3.0,3.0,2.0,3.0,3.0,3.0
CDC,3.0,3.0,3.0,3.0,3.0,3.0,3.0,3.0,3.0,3.0,3.0,3.0,3.0,3.0,3.0,3.0,3.0
CDG,2.0,2.0,2.0,4.0,0,3.0,3.0,3.0,3.0,3.0,3.0,3.0,3.0,3.0,3.0,3.0,3.0
CDN,0,0,0,0,0,3.0,3.0,3.0,3.0,3.0,3.0,3.0,3.0,3.0,3.0,3.0,3.0
CDO,0,0,3.0,3.0,3.0,3.0,3.0,3.0,3.0,3.0,3.0,3.0,3.0,3.0,3.0,3.0,3.0
CDP,0,0,0,0,0,0,0,3.0,3.0,3.0,5.0,3.0,5.0,3.0,3.0,3.0,3.0
CDR,0,0,0,0,0,4.0,3.0,3.0,3.0,3.0,3.0,3.0,3.0,3.0,3.0,3.0,3.0
CEN,0,0,0,0,0,0,0,3.0,3.0,3.0,3.0,3.0,3.0,3.0,3.0,3.0,3.0
CEO,0,0,0,4.0,4.0,4.0,4.0,3.0,3.0,3.0,3.0,3.0,3.0,3.0,3.0,3.0,3.0
CET,0,0,0,0,0,0,3.0,3.0,3.0,3.0,3.0,3.0,3.0,3.0,3.0,3.0,3.0
CFM,0,0,0,0,0,0,0,0,0,0,3.0,3.0,3.0,3.0,3.0,3.0,3.0
CFV,0,0,0,0,0,0,0,3.0,3.0,4.0,1.0,4.0,4.0,4.0,4.0,4.0,4.0
CGV,0,0,0,0,0,0,3.0,3.0,3.0,3.0,3.0,3.0,3.0,3.0,3.0,3.0,3.0
CH5,4.0,4.0,4.0,4.0,4.0,0,4.0,4.0,4.0,4.0,4.0,4.0,3.0,3.0,3.0,3.0,3.0
CHC,4.0,4.0,4.0,4.0,2.0,4.0,3.0,3.0,3.0,3.0,3.0,3.0,3.0,3.0,3.0,3.0,3.0
CHP,2.0,2.0,3.0,3.0,5.0,5.0,5.0,5.0,5.0,5.0,5.0,5.0,5.0,5.0,5.0,5.0,5.0
CHS,0,0,0,4.0,4.0,4.0,4.0,4.0,4.0,4.0,4.0,4.0,4.0,4.0,4.0,4.0,4.0
CI5,4.0,4.0,4.0,4.0,3.0,4.0,3.0,3.0,3.0,3.0,3.0,3.0,3.0,3.0,3.0,3.0,3.0
CIA,0,0,0,4.0,4.0,4.0,4.0,4.0,3.0,3.0,3.0,3.0,3.0,3.0,3.0,3.0,3.0
CID,4.0,4.0,4.0,4.0,4.0,4.0,4.0,4.0,4.0,4.0,4.0,4.0,4.0,4.0,4.0,4.0,4.0
CIG,4.0,4.0,4.0,4.0,4.0,4.0,5.0,3.0,3.0,3.0,3.0,3.0,3.0,3.0,3.0,3.0,3.0
CII,4.0,4.0,4.0,4.0,4.0,4.0,4.0,3.0,3.0,3.0,3.0,3.0,3.0,3.0,3.0,3.0,3.0
CIP,0,0,0,0,0,0,3.0,3.0,3.0,3.0,3.0,3.0,3.0,3.0,3.0,3.0,3.0
CJC,4.0,4.0,4.0,4.0,4.0,4.0,4.0,4.0,4.0,4.0,4.0,4.0,4.0,4.0,4.0,4.0,4.0
CK8,0,0,0,0,0,0,0,0,4.0,4.0,4.0,4.0,4.0,4.0,4.0,4.0,4.0
CKA,0,0,0,0,0,0,0,3.0,3.0,3.0,3.0,3.0,3.0,3.0,3.0,3.0,3.0
CKD,0,0,4.0,4.0,0,4.0,4.0,4.0,4.0,3.0,3.0,3.0,3.0,3.0,3.0,3.0,3.0
CKG,3.0,3.0,3.0,3.0,3.0,3.0,3.0,3.0,3.0,2.0,3.0,3.0,3.0,3.0,3.0,3.0,3.0
CKV,3.0,5.0,5.0,4.0,4.0,4.0,4.0,4.0,4.0,4.0,4.0,4.0,4.0,4.0,4.0,4.0,4.0
CLC,3.0,3.0,3.0,3.0,3.0,3.0,3.0,3.0,3.0,3.0,3.0,3.0,3.0,3.0,3.0,3.0,3.0
CLH,3.0,3.0,3.0,3.0,3.0,3.0,3.0,3.0,3.0,3.0,3.0,3.0,3.0,3.0,3.0,3.0,3.0
CLI,0,0,0,0,0,0,0,0,0,0,0,0,0,0,0,3.0,3.0
CLL,3.0,3.0,3.0,3.0,3.0,3.0,3.0,3.0,3.0,3.0,3.0,3.0,3.0,3.0,3.0,3.0,3.0
CLM,3.0,3.0,3.0,3.0,3.0,3.0,3.0,3.0,3.0,3.0,3.0,3.0,3.0,3.0,3.0,3.0,3.0
CLW,3.0,3.0,3.0,3.0,3.0,3.0,3.0,3.0,3.0,3.0,3.0,3.0,3.0,3.0,3.0,3.0,3.0
CLX,0,0,0,0,0,4.0,4.0,4.0,5.0,3.0,3.0,3.0,3.0,3.0,3.0,3.0,3.0
CMC,4.0,4.0,4.0,4.0,4.0,4.0,4.0,4.0,4.0,4.0,4.0,4.0,4.0,4.0,4.0,4.0,4.0
CMD,0,0,0,0,0,0,0,3.0,3.0,3.0,3.0,3.0,3.0,3.0,3.0,3.0,3.0
CMF,0,0,0,4.0,4.0,4.0,4.0,3.0,3.0,3.0,3.0,3.0,3.0,3.0,3.0,3.0,5.0
CMG,4.0,4.0,2.0,2.0,4.0,4.0,2.0,2.0,3.0,3.0,3.0,3.0,3.0,3.0,3.0,3.0,3.0
CMI,3.0,3.0,3.0,3.0,5.0,5.0,5.0,5.0,5.0,5.0,5.0,5.0,5.0,5.0,5.0,5.0,5.0
CMK,0,1.0,3.0,3.0,3.0,3.0,3.0,3.0,3.0,3.0,3.0,3.0,3.0,3.0,3.0,3.0,3.0
CMM,0,0,0,0,0,0,0,0,0,0,0,3.0,3.0,3.0,5.0,5.0,5.0
CMN,0,0,0,2.0,3.0,3.0,3.0,3.0,3.0,3.0,3.0,3.0,3.0,3.0,3.0,3.0,3.0
CMP,0,0,0,0,0,0,3.0,3.0,3.0,3.0,3.0,3.0,3.0,3.0,3.0,3.0,3.0
CMS,3.0,3.0,5.0,5.0,5.0,3.0,5.0,5.0,5.0,5.0,5.0,5.0,5.0,5.0,5.0,5.0,5.0
CMT,4.0,4.0,4.0,4.0,4.0,4.0,4.0,4.0,4.0,3.0,3.0,3.0,3.0,3.0,3.0,3.0,3.0
CMV,3.0,3.0,3.0,3.0,3.0,3.0,3.0,3.0,3.0,3.0,3.0,3.0,3.0,3.0,3.0,3.0,3.0
CMW,0,0,0,0,0,1.0,0,4.0,4.0,4.0,4.0,4.0,4.0,4.0,4.0,4.0,4.0
CMX,3.0,5.0,5.0,5.0,5.0,5.0,5.0,5.0,5.0,5.0,5.0,5.0,5.0,5.0,5.0,5.0,5.0
CNA,0,0,0,0,0,0,0,0,0,3.0,3.0,3.0,3.0,3.0,3.0,3.0,3.0
CNC,4.0,4.0,4.0,3.0,3.0,3.0,3.0,3.0,3.0,3.0,3.0,3.0,3.0,3.0,3.0,3.0,3.0
CNG,3.0,3.0,3.0,3.0,3.0,3.0,3.0,3.0,3.0,3.0,3.0,3.0,3.0,3.0,3.0,3.0,3.0
CNN,0,0,4.0,4.0,4.0,4.0,4.0,3.0,3.0,3.0,3.0,3.0,3.0,3.0,3.0,3.0,3.0
CNT,3.0,3.0,3.0,3.0,3.0,3.0,3.0,3.0,3.0,3.0,3.0,3.0,3.0,3.0,3.0,3.0,3.0
COM,3.0,3.0,3.0,3.0,3.0,3.0,3.0,3.0,3.0,3.0,3.0,3.0,3.0,3.0,3.0,3.0,3.0
CPA,0,0,0,0,0,0,4.0,4.0,3.0,3.0,3.0,5.0,5.0,3.0,3.0,3.0,3.0
CPC,4.0,4.0,4.0,4.0,4.0,4.0,4.0,4.0,4.0,4.0,4.0,4.0,4.0,4.0,4.0,4.0,4.0
CPH,0,0,0,0,0,0,3.0,3.0,3.0,3.0,3.0,3.0,3.0,3.0,3.0,3.0,0
CPI,0,0,0,0,0,0,3.0,3.0,3.0,3.0,3.0,3.0,3.0,3.0,3.0,3.0,3.0
CQN,0,0,0,0,0,0,4.0,4.0,4.0,4.0,4.0,4.0,4.0,4.0,4.0,4.0,4.0
CQT,0,0,0,0,0,3.0,3.0,3.0,3.0,3.0,3.0,3.0,3.0,3.0,3.0,3.0,3.0
CRC,0,0,0,0,0,0,3.0,3.0,3.0,3.0,3.0,3.0,3.0,3.0,3.0,3.0,3.0
CRE,0,0,0,0,0,0,0,3.0,3.0,3.0,3.0,3.0,3.0,3.0,3.0,3.0,3.0
CRV,0,0,0,0,0,0,0,0,0,0,0,0,0,0,0,3.0,3.0
CSC,3.0,3.0,3.0,3.0,3.0,3.0,3.0,3.0,3.0,3.0,3.0,3.0,3.0,3.0,3.0,3.0,3.0
CSM,5.0,5.0,5.0,5.0,5.0,3.0,3.0,3.0,3.0,3.0,3.0,3.0,3.0,3.0,3.0,3.0,3.0
CST,0,0,0,0,0,0,0,0,0,3.0,3.0,3.0,3.0,3.0,3.0,3.0,3.0
CSV,0,0,0,3.0,3.0,3.0,3.0,3.0,3.0,3.0,3.0,3.0,3.0,3.0,3.0,3.0,3.0
CT3,3.0,3.0,3.0,3.0,3.0,3.0,3.0,3.0,3.0,3.0,3.0,3.0,3.0,3.0,3.0,3.0,3.0
CT6,4.0,5.0,5.0,5.0,5.0,5.0,5.0,5.0,5.0,5.0,5.0,5.0,5.0,3.0,5.0,3.0,5.0
CTB,4.0,4.0,4.0,4.0,4.0,4.0,5.0,3.0,3.0,3.0,3.0,3.0,3.0,3.0,3.0,3.0,3.0
CTD,3.0,3.0,3.0,3.0,3.0,3.0,3.0,3.0,3.0,3.0,3.0,3.0,3.0,3.0,3.0,3.0,3.0
CTF,0,0,0,0,0,3.0,3.0,3.0,3.0,3.0,3.0,3.0,3.0,3.0,3.0,3.0,3.0
CTI,3.0,3.0,3.0,3.0,3.0,3.0,3.0,3.0,3.0,3.0,3.0,3.0,3.0,3.0,3.0,3.0,3.0
CTP,0,0,0,0,0,3.0,3.0,3.0,3.0,3.0,3.0,3.0,3.0,3.0,3.0,3.0,3.0
CTR,0,0,0,0,4.0,3.0,3.0,3.0,3.0,5.0,3.0,3.0,3.0,3.0,3.0,3.0,3.0
CTT,3.0,2.0,2.0,3.0,3.0,3.0,3.0,3.0,3.0,3.0,3.0,3.0,3.0,3.0,3.0,3.0,3.0
CTW,0,0,0,4.0,4.0,4.0,3.0,3.0,3.0,3.0,3.0,3.0,3.0,3.0,3.0,3.0,3.0
CTX,3.0,3.0,3.0,3.0,3.0,3.0,3.0,3.0,3.0,3.0,3.0,3.0,3.0,3.0,3.0,3.0,3.0
CVN,4.0,4.0,4.0,4.0,4.0,4.0,4.0,4.0,4.0,4.0,5.0,3.0,3.0,3.0,3.0,3.0,3.0
CVT,3.0,4.0,5.0,5.0,5.0,5.0,5.0,5.0,5.0,5.0,5.0,5.0,5.0,3.0,3.0,3.0,3.0
CX8,4.0,4.0,4.0,4.0,4.0,4.0,4.0,4.0,4.0,4.0,4.0,4.0,4.0,4.0,4.0,4.0,4.0
CYC,3.0,3.0,3.0,3.0,3.0,3.0,3.0,3.0,3.0,3.0,3.0,3.0,3.0,3.0,3.0,3.0,3.0
D11,3.0,3.0,5.0,4.0,5.0,3.0,3.0,3.0,3.0,3.0,3.0,3.0,3.0,3.0,3.0,3.0,3.0
D2D,5.0,5.0,5.0,5.0,5.0,5.0,3.0,3.0,3.0,3.0,3.0,3.0,3.0,3.0,3.0,3.0,3.0
DAC,3.0,3.0,3.0,3.0,3.0,3.0,3.0,3.0,3.0,3.0,3.0,3.0,3.0,3.0,3.0,3.0,3.0
DAD,4.0,4.0,4.0,4.0,4.0,4.0,4.0,4.0,4.0,4.0,4.0,4.0,4.0,4.0,4.0,4.0,4.0
DAE,4.0,4.0,4.0,4.0,4.0,4.0,4.0,4.0,4.0,4.0,4.0,4.0,4.0,4.0,4.0,4.0,4.0
DAG,4.0,4.0,4.0,4.0,4.0,4.0,3.0,3.0,3.0,3.0,3.0,3.0,3.0,3.0,3.0,0,0
DAH,0,0,0,0,4.0,4.0,4.0,4.0,4.0,4.0,4.0,5.0,3.0,3.0,3.0,3.0,3.0
DAN,0,0,0,0,0,0,0,0,0,5.0,5.0,5.0,5.0,3.0,3.0,3.0,3.0
DAS,4.0,4.0,3.0,3.0,3.0,3.0,3.0,3.0,3.0,3.0,3.0,3.0,3.0,3.0,3.0,3.0,3.0
DAT,0,0,0,3.0,3.0,3.0,3.0,5.0,5.0,3.0,3.0,3.0,3.0,3.0,3.0,3.0,3.0
DBC,3.0,3.0,3.0,3.0,3.0,3.0,3.0,3.0,3.0,3.0,3.0,3.0,3.0,3.0,3.0,3.0,3.0
DBD,0,0,0,4.0,4.0,4.0,3.0,3.0,3.0,5.0,5.0,5.0,5.0,5.0,5.0,3.0,3.0
DBM,3.0,3.0,2.0,3.0,3.0,3.0,3.0,3.0,3.0,3.0,3.0,3.0,3.0,3.0,3.0,3.0,3.0
DBT,3.0,3.0,3.0,3.0,3.0,3.0,3.0,3.0,3.0,3.0,3.0,3.0,3.0,3.0,3.0,3.0,3.0
DC1,4.0,4.0,4.0,4.0,4.0,3.0,3.0,3.0,3.0,3.0,3.0,3.0,3.0,3.0,3.0,3.0,3.0
DC2,4.0,4.0,4.0,4.0,4.0,4.0,4.0,4.0,5.0,4.0,4.0,4.0,4.0,4.0,4.0,4.0,4.0
DC4,4.0,4.0,4.0,4.0,4.0,4.0,4.0,4.0,4.0,4.0,5.0,5.0,3.0,3.0,3.0,3.0,3.0
DCF,4.0,4.0,4.0,4.0,4.0,4.0,3.0,3.0,3.0,3.0,3.0,3.0,3.0,3.0,3.0,3.0,3.0
DCG,0,0,0,0,0,0,3.0,3.0,3.0,3.0,3.0,3.0,3.0,3.0,2.0,3.0,3.0
DCH,0,0,0,0,0,0,0,4.0,4.0,4.0,4.0,4.0,4.0,4.0,4.0,4.0,4.0
DCL,4.0,4.0,4.0,5.0,5.0,5.0,3.0,3.0,3.0,3.0,3.0,3.0,3.0,3.0,3.0,3.0,3.0
DCM,0,0,0,3.0,3.0,3.0,3.0,3.0,3.0,3.0,3.0,3.0,3.0,3.0,3.0,3.0,3.0
DCR,0,0,0,0,0,0,0,3.0,3.0,3.0,3.0,3.0,3.0,3.0,3.0,3.0,3.0
DCS,3.0,3.0,3.0,3.0,3.0,3.0,3.0,3.0,3.0,3.0,3.0,3.0,3.0,0,0,3.0,3.0
DCT,3.0,3.0,3.0,3.0,3.0,3.0,3.0,3.0,3.0,3.0,3.0,3.0,3.0,3.0,3.0,3.0,3.0
DDB,0,0,0,0,0,0,0,0,0,0,3.0,3.0,3.0,3.0,5.0,3.0,3.0
DDG,0,0,0,0,0,0,0,4.0,3.0,3.0,3.0,3.0,3.0,3.0,3.0,3.0,3.0
DDH,0,0,0,0,0,1.0,3.0,3.0,3.0,3.0,3.0,3.0,3.0,3.0,3.0,3.0,3.0
DDM,4.0,4.0,4.0,4.0,4.0,4.0,4.0,4.0,5.0,3.0,3.0,3.0,3.0,3.0,3.0,3.0,3.0
DDN,4.0,4.0,4.0,4.0,4.0,4.0,4.0,3.0,3.0,3.0,3.0,3.0,3.0,3.0,3.0,3.0,3.0
DDV,0,4.0,4.0,4.0,3.0,3.0,3.0,5.0,3.0,3.0,3.0,3.0,3.0,3.0,3.0,3.0,3.0
DFC,0,0,0,0,0,4.0,4.0,4.0,4.0,4.0,4.0,4.0,4.0,4.0,4.0,4.0,4.0
DFF,0,0,0,0,0,0,0,0,0,3.0,2.0,3.0,3.0,3.0,3.0,3.0,3.0
DGC,3.0,3.0,3.0,3.0,3.0,3.0,3.0,3.0,3.0,3.0,3.0,3.0,3.0,3.0,3.0,3.0,3.0
DGT,3.0,3.0,3.0,3.0,3.0,3.0,3.0,3.0,3.0,3.0,3.0,3.0,3.0,3.0,3.0,3.0,3.0
DGW,0,0,0,3.0,3.0,3.0,5.0,3.0,3.0,3.0,3.0,3.0,3.0,3.0,3.0,3.0,3.0
DHA,5.0,4.0,5.0,5.0,5.0,5.0,5.0,5.0,5.0,5.0,5.0,5.0,5.0,5.0,5.0,5.0,5.0
DHB,0,0,0,0,0,0,0,3.0,3.0,3.0,3.0,3.0,3.0,3.0,3.0,3.0,3.0
DHC,4.0,4.0,4.0,4.0,4.0,5.0,5.0,5.0,5.0,5.0,5.0,5.0,5.0,5.0,5.0,5.0,5.0
DHD,4.0,4.0,4.0,4.0,4.0,0,4.0,3.0,3.0,3.0,3.0,3.0,3.0,3.0,3.0,3.0,3.0
DHG,3.0,3.0,3.0,3.0,3.0,3.0,3.0,3.0,3.0,3.0,3.0,3.0,3.0,3.0,3.0,3.0,3.0
DHM,3.0,3.0,3.0,3.0,3.0,3.0,3.0,3.0,3.0,3.0,3.0,3.0,3.0,3.0,3.0,3.0,3.0
DHN,0,0,0,0,0,0,0,4.0,4.0,4.0,4.0,4.0,4.0,4.0,4.0,4.0,4.0
DHP,3.0,3.0,4.0,3.0,4.0,4.0,4.0,4.0,4.0,4.0,4.0,4.0,4.0,4.0,4.0,4.0,4.0
DHT,4.0,4.0,4.0,4.0,4.0,5.0,3.0,3.0,3.0,3.0,3.0,3.0,3.0,3.0,3.0,3.0,3.0
DIC,4.0,4.0,4.0,4.0,4.0,4.0,5.0,5.0,5.0,5.0,5.0,5.0,5.0,5.0,5.0,5.0,5.0
DID,4.0,4.0,4.0,4.0,4.0,4.0,4.0,4.0,4.0,4.0,4.0,4.0,4.0,4.0,4.0,4.0,4.0
DIG,4.0,4.0,4.0,4.0,4.0,4.0,4.0,5.0,5.0,5.0,5.0,5.0,5.0,5.0,5.0,5.0,5.0
DIH,4.0,4.0,4.0,4.0,4.0,4.0,4.0,4.0,4.0,4.0,4.0,4.0,4.0,4.0,4.0,4.0,4.0
DKC,0,0,0,0,0,0,0,0,0,4.0,4.0,4.0,4.0,4.0,4.0,4.0,4.0
DKG,0,0,0,0,0,0,0,0,0,0,0,0,0,0,0,3.0,3.0
DL1,4.0,4.0,4.0,4.0,4.0,4.0,4.0,3.0,3.0,3.0,3.0,3.0,3.0,3.0,3.0,3.0,3.0
DLD,3.0,3.0,3.0,3.0,5.0,5.0,5.0,5.0,5.0,3.0,3.0,3.0,3.0,3.0,3.0,3.0,3.0
DLG,4.0,4.0,4.0,4.0,4.0,4.0,3.0,3.0,3.0,3.0,3.0,3.0,3.0,3.0,3.0,3.0,3.0
DLR,4.0,4.0,4.0,4.0,4.0,4.0,4.0,5.0,5.0,5.0,5.0,5.0,5.0,5.0,5.0,5.0,5.0
DLT,3.0,3.0,3.0,3.0,3.0,3.0,3.0,3.0,3.0,3.0,3.0,3.0,3.0,3.0,3.0,3.0,3.0
DM7,0,0,0,0,0,0,4.0,4.0,4.0,4.0,4.0,4.0,4.0,4.0,4.0,4.0,4.0
DMC,3.0,5.0,5.0,5.0,5.0,5.0,3.0,3.0,3.0,3.0,3.0,3.0,3.0,3.0,3.0,3.0,3.0
DMN,0,0,0,0,0,0,0,0,0,0,3.0,3.0,3.0,5.0,5.0,5.0,5.0
DNA,0,0,0,3.0,3.0,3.0,3.0,3.0,3.0,3.0,3.0,3.0,3.0,3.0,3.0,3.0,3.0
DNC,3.0,5.0,5.0,5.0,5.0,5.0,5.0,5.0,5.0,5.0,5.0,5.0,5.0,5.0,5.0,5.0,5.0
DND,0,0,0,4.0,4.0,4.0,3.0,3.0,3.0,3.0,3.0,3.0,3.0,3.0,3.0,3.0,5.0
DNE,0,0,0,0,0,0,4.0,4.0,4.0,3.0,3.0,3.0,3.0,3.0,3.0,3.0,3.0
DNH,0,0,0,0,0,0,3.0,3.0,3.0,3.0,3.0,3.0,3.0,3.0,3.0,3.0,3.0
DNL,4.0,4.0,4.0,4.0,3.0,3.0,3.0,3.0,3.0,3.0,3.0,3.0,3.0,3.0,3.0,3.0,3.0
DNM,4.0,3.0,5.0,5.0,5.0,5.0,3.0,3.0,3.0,3.0,3.0,3.0,3.0,3.0,3.0,3.0,3.0
DNN,0,0,0,0,0,0,3.0,3.0,3.0,3.0,3.0,3.0,3.0,3.0,3.0,3.0,3.0
DNP,3.0,3.0,3.0,3.0,3.0,3.0,3.0,3.0,3.0,3.0,3.0,3.0,3.0,3.0,3.0,3.0,3.0
DNT,3.0,3.0,3.0,3.0,3.0,3.0,3.0,3.0,3.0,3.0,3.0,3.0,3.0,3.0,3.0,3.0,3.0
DNW,0,0,0,0,3.0,3.0,3.0,3.0,3.0,3.0,3.0,3.0,3.0,3.0,3.0,3.0,3.0
DOC,0,0,0,0,0,3.0,3.0,3.0,3.0,3.0,3.0,3.0,3.0,3.0,3.0,3.0,3.0
DOP,0,0,4.0,4.0,4.0,3.0,3.0,3.0,3.0,3.0,3.0,3.0,3.0,3.0,3.0,3.0,3.0
DP1,0,0,0,0,0,4.0,1.0,3.0,3.0,3.0,3.0,3.0,3.0,3.0,3.0,3.0,3.0
DP2,0,0,0,0,0,0,0,4.0,4.0,4.0,4.0,4.0,4.0,4.0,4.0,4.0,4.0
DP3,0,4.0,4.0,4.0,4.0,4.0,4.0,4.0,4.0,4.0,4.0,4.0,4.0,4.0,4.0,5.0,5.0
DPC,4.0,4.0,4.0,4.0,4.0,4.0,4.0,4.0,4.0,4.0,4.0,4.0,4.0,4.0,4.0,4.0,4.0
DPG,0,0,0,3.0,3.0,3.0,3.0,3.0,3.0,3.0,3.0,3.0,3.0,3.0,3.0,3.0,3.0
DPH,4.0,4.0,4.0,4.0,4.0,4.0,4.0,4.0,4.0,4.0,4.0,4.0,4.0,4.0,4.0,4.0,4.0
DPM,3.0,3.0,3.0,3.0,3.0,3.0,3.0,3.0,3.0,3.0,3.0,3.0,3.0,3.0,3.0,3.0,3.0
DPP,4.0,4.0,4.0,4.0,4.0,4.0,4.0,4.0,4.0,4.0,4.0,4.0,4.0,4.0,4.0,4.0,4.0
DPR,4.0,4.0,4.0,4.0,4.0,4.0,3.0,3.0,3.0,3.0,3.0,3.0,3.0,3.0,3.0,3.0,3.0
DQC,3.0,3.0,3.0,3.0,3.0,3.0,3.0,3.0,3.0,3.0,3.0,3.0,3.0,3.0,3.0,3.0,3.0
DRC,4.0,4.0,4.0,4.0,4.0,4.0,4.0,4.0,4.0,4.0,4.0,4.0,4.0,4.0,4.0,4.0,4.0
DRG,0,0,0,0,0,0,0,0,0,3.0,3.0,3.0,3.0,3.0,3.0,3.0,3.0
DRH,3.0,3.0,3.0,3.0,3.0,3.0,3.0,3.0,3.0,3.0,3.0,3.0,3.0,3.0,3.0,3.0,3.0
DRI,0,0,0,0,0,0,3.0,3.0,3.0,3.0,3.0,3.0,3.0,3.0,3.0,3.0,3.0
DRL,4.0,4.0,4.0,4.0,4.0,4.0,4.0,4.0,4.0,4.0,4.0,4.0,4.0,4.0,4.0,4.0,4.0
DS3,0,0,0,0,0,0,4.0,4.0,4.0,4.0,4.0,4.0,4.0,4.0,4.0,4.0,4.0
DSD,0,0,0,0,0,0,0,0,0,3.0,3.0,3.0,3.0,3.0,3.0,3.0,3.0
DSG,3.0,3.0,0,0,3.0,3.0,3.0,3.0,3.0,3.0,3.0,3.0,3.0,3.0,3.0,3.0,3.0
DSH,0,0,0,0,0,0,0,0,0,0,0,0,0,0,3.0,3.0,3.0
DSN,4.0,4.0,4.0,4.0,4.0,4.0,4.0,4.0,4.0,4.0,3.0,3.0,3.0,3.0,3.0,3.0,3.0
DSP,0,0,0,0,0,0,0,1.0,3.0,5.0,5.0,5.0,5.0,5.0,5.0,5.0,5.0
DST,4.0,4.0,4.0,4.0,4.0,4.0,4.0,4.0,5.0,5.0,5.0,3.0,3.0,3.0,3.0,3.0,3.0
DTA,4.0,5.0,5.0,5.0,5.0,5.0,5.0,5.0,5.0,5.0,5.0,5.0,5.0,5.0,5.0,5.0,5.0
DTC,3.0,3.0,3.0,3.0,3.0,5.0,3.0,3.0,3.0,3.0,3.0,3.0,3.0,3.0,3.0,3.0,3.0
DTD,0,0,0,0,0,0,1.0,4.0,4.0,3.0,3.0,3.0,3.0,3.0,3.0,3.0,3.0
DTG,0,4.0,4.0,3.0,3.0,3.0,3.0,3.0,3.0,3.0,3.0,3.0,3.0,3.0,3.0,3.0,3.0
DTH,4.0,4.0,4.0,4.0,4.0,4.0,4.0,4.0,4.0,4.0,4.0,3.0,3.0,3.0,3.0,3.0,3.0
DTI,0,0,0,0,0,0,4.0,3.0,3.0,5.0,3.0,3.0,3.0,3.0,3.0,3.0,3.0
DTK,0,0,0,0,0,3.0,3.0,3.0,3.0,3.0,3.0,3.0,3.0,3.0,3.0,3.0,3.0
DTL,3.0,3.0,3.0,3.0,3.0,3.0,3.0,3.0,3.0,3.0,3.0,3.0,3.0,3.0,3.0,3.0,3.0
DTP,0,0,0,0,0,0,0,0,0,4.0,4.0,4.0,4.0,4.0,4.0,4.0,3.0
DTT,4.0,4.0,4.0,4.0,4.0,4.0,4.0,4.0,4.0,4.0,4.0,4.0,4.0,4.0,4.0,4.0,4.0
DUS,0,0,0,0,0,0,0,0,3.0,3.0,3.0,3.0,3.0,3.0,3.0,3.0,3.0
DVC,4.0,4.0,4.0,4.0,4.0,4.0,4.0,4.0,3.0,3.0,3.0,3.0,3.0,3.0,3.0,3.0,3.0
DVG,0,0,0,0,0,0,0,0,0,3.0,3.0,3.0,3.0,5.0,5.0,5.0,5.0
DVM,0,0,0,0,0,0,0,0,0,4.0,4.0,4.0,4.0,4.0,4.0,4.0,4.0
DVN,0,0,0,0,4.0,3.0,3.0,3.0,3.0,3.0,3.0,3.0,3.0,3.0,3.0,3.0,3.0
DVP,4.0,4.0,4.0,4.0,4.0,4.0,4.0,4.0,4.0,4.0,5.0,4.0,4.0,4.0,4.0,4.0,3.0
DVT,0,0,0,0,0,0,0,0,0,0,0,0,0,3.0,3.0,3.0,1.0
DVW,0,0,0,0,3.0,3.0,3.0,3.0,3.0,3.0,3.0,3.0,3.0,3.0,3.0,3.0,3.0
DWC,0,0,0,0,0,0,0,0,0,0,3.0,3.0,3.0,3.0,3.0,3.0,3.0
DWS,0,0,0,0,0,0,0,0,4.0,3.0,4.0,5.0,5.0,5.0,5.0,5.0,5.0
DXG,3.0,3.0,3.0,3.0,3.0,3.0,3.0,3.0,3.0,3.0,3.0,3.0,3.0,3.0,3.0,3.0,3.0
DXL,4.0,4.0,4.0,4.0,4.0,4.0,4.0,4.0,4.0,4.0,4.0,4.0,4.0,4.0,4.0,4.0,4.0
DXP,3.0,3.0,3.0,3.0,3.0,3.0,3.0,3.0,3.0,3.0,3.0,3.0,3.0,3.0,3.0,3.0,3.0
DXS,0,0,0,0,0,0,0,0,0,3.0,3.0,3.0,3.0,3.0,3.0,3.0,3.0
DXV,4.0,4.0,4.0,4.0,4.0,4.0,3.0,3.0,3.0,3.0,3.0,3.0,3.0,3.0,3.0,3.0,3.0
E12,0,0,0,0,0,0,0,0,4.0,4.0,4.0,4.0,4.0,4.0,4.0,4.0,4.0
E29,0,0,0,0,0,0,0,0,0,3.0,3.0,3.0,3.0,3.0,3.0,3.0,3.0
EBS,4.0,4.0,4.0,4.0,4.0,4.0,4.0,4.0,4.0,4.0,4.0,5.0,5.0,5.0,5.0,5.0,5.0
ECI,4.0,4.0,4.0,4.0,4.0,4.0,5.0,3.0,3.0,3.0,3.0,3.0,3.0,3.0,3.0,3.0,0
ECO,0,0,0,0,0,0,0,0,0,0,0,0,0,3.0,3.0,3.0,3.0
EGL,0,0,0,0,0,0,0,0,3.0,3.0,0,0,3.0,3.0,3.0,3.0,3.0
EIC,3.0,3.0,3.0,3.0,3.0,3.0,3.0,3.0,3.0,3.0,3.0,3.0,3.0,3.0,3.0,3.0,3.0
EID,4.0,4.0,4.0,4.0,4.0,4.0,3.0,3.0,3.0,3.0,3.0,3.0,3.0,3.0,3.0,3.0,3.0
EIN,0,0,0,0,3.0,3.0,3.0,3.0,3.0,3.0,3.0,3.0,5.0,5.0,5.0,5.0,5.0
ELC,3.0,3.0,4.0,4.0,4.0,4.0,4.0,4.0,3.0,3.0,3.0,3.0,3.0,3.0,3.0,3.0,3.0
EME,0,0,0,0,0,2.0,3.0,3.0,3.0,3.0,3.0,3.0,3.0,3.0,3.0,3.0,3.0
EMG,4.0,4.0,4.0,4.0,4.0,4.0,4.0,4.0,4.0,4.0,4.0,4.0,4.0,3.0,3.0,3.0,3.0
EMS,0,0,0,0,0,0,4.0,4.0,4.0,4.0,4.0,3.0,5.0,5.0,5.0,5.0,5.0
EVE,3.0,3.0,5.0,3.0,3.0,3.0,3.0,3.0,3.0,3.0,3.0,3.0,3.0,3.0,3.0,3.0,3.0
EVG,0,0,0,0,4.0,4.0,4.0,4.0,4.0,3.0,3.0,3.0,3.0,3.0,3.0,3.0,3.0
FBC,0,0,0,0,0,4.0,4.0,4.0,4.0,4.0,4.0,4.0,4.0,4.0,4.0,4.0,4.0
FCC,0,0,4.0,4.0,4.0,4.0,4.0,4.0,4.0,4.0,4.0,4.0,4.0,4.0,4.0,4.0,4.0
FCM,0,3.0,3.0,3.0,3.0,3.0,3.0,3.0,3.0,3.0,3.0,3.0,3.0,3.0,3.0,3.0,3.0
FCN,3.0,3.0,3.0,3.0,3.0,3.0,3.0,3.0,3.0,3.0,3.0,3.0,3.0,3.0,3.0,3.0,3.0
FCS,0,0,4.0,4.0,4.0,4.0,4.0,4.0,4.0,4.0,4.0,4.0,4.0,4.0,4.0,4.0,3.0
FDC,3.0,3.0,3.0,3.0,3.0,3.0,3.0,3.0,3.0,3.0,3.0,3.0,3.0,3.0,3.0,3.0,3.0
FGL,0,0,0,0,0,0,0,4.0,4.0,4.0,4.0,4.0,4.0,4.0,4.0,4.0,4.0
FHN,0,0,0,0,0,0,3.0,3.0,3.0,3.0,3.0,3.0,3.0,3.0,3.0,3.0,3.0
FHS,0,0,0,0,0,0,0,2.0,3.0,3.0,3.0,3.0,3.0,3.0,3.0,3.0,3.0
FIC,0,0,0,0,0,0,3.0,3.0,3.0,3.0,3.0,3.0,3.0,3.0,3.0,3.0,3.0
FID,0,0,0,3.0,3.0,3.0,3.0,3.0,3.0,3.0,3.0,3.0,3.0,3.0,3.0,3.0,3.0
FIR,0,0,0,0,0,0,0,3.0,2.0,3.0,3.0,3.0,3.0,3.0,3.0,3.0,3.0
FIT,0,4.0,4.0,3.0,3.0,3.0,3.0,3.0,3.0,3.0,3.0,3.0,3.0,3.0,3.0,3.0,3.0
FMC,3.0,3.0,3.0,3.0,3.0,3.0,3.0,3.0,3.0,3.0,3.0,3.0,3.0,3.0,3.0,3.0,3.0
FOC,0,0,0,0,0,0,3.0,3.0,3.0,3.0,3.0,3.0,3.0,3.0,3.0,3.0,3.0
FOX,3.0,3.0,3.0,3.0,3.0,3.0,3.0,3.0,3.0,3.0,3.0,3.0,3.0,3.0,3.0,3.0,3.0
FPT,3.0,3.0,3.0,3.0,3.0,3.0,3.0,3.0,3.0,3.0,3.0,3.0,3.0,3.0,3.0,3.0,3.0
FRC,0,0,0,0,0,0,0,4.0,4.0,4.0,4.0,4.0,4.0,4.0,4.0,4.0,4.0
FRM,0,0,0,4.0,4.0,4.0,4.0,4.0,4.0,4.0,4.0,4.0,4.0,4.0,4.0,4.0,4.0
FRT,0,0,0,0,0,0,0,3.0,3.0,3.0,3.0,3.0,3.0,3.0,3.0,3.0,3.0
FSO,0,0,0,0,4.0,4.0,4.0,3.0,3.0,3.0,3.0,3.0,3.0,3.0,3.0,3.0,3.0
FT1,0,0,0,0,0,4.0,4.0,4.0,4.0,3.0,3.0,3.0,3.0,3.0,3.0,3.0,3.0
FTI,0,0,0,0,0,0,0,4.0,4.0,4.0,4.0,4.0,4.0,4.0,4.0,4.0,4.0
FTM,0,0,0,0,3.0,3.0,3.0,3.0,3.0,3.0,3.0,3.0,3.0,3.0,3.0,3.0,3.0
G20,0,0,0,4.0,4.0,4.0,4.0,4.0,4.0,4.0,0,4.0,4.0,4.0,4.0,0,0
G36,0,0,0,4.0,4.0,4.0,3.0,3.0,5.0,5.0,5.0,5.0,5.0,5.0,5.0,5.0,5.0
GAS,3.0,3.0,3.0,3.0,3.0,3.0,3.0,3.0,3.0,3.0,3.0,3.0,3.0,3.0,3.0,3.0,3.0
GCB,4.0,4.0,4.0,4.0,4.0,4.0,3.0,3.0,3.0,3.0,3.0,3.0,3.0,3.0,3.0,3.0,5.0
GCF,0,0,0,0,0,0,0,0,0,0,0,3.0,3.0,3.0,3.0,3.0,3.0
GDA,0,0,0,0,0,0,0,0,0,2.0,2.0,3.0,3.0,3.0,3.0,3.0,3.0
GDH,0,0,0,0,0,0,0,0,0,0,0,0,0,0,0,0,3.0
GDT,3.0,3.0,3.0,3.0,3.0,3.0,3.0,3.0,3.0,3.0,3.0,3.0,3.0,3.0,3.0,3.0,3.0
GDW,3.0,3.0,3.0,3.0,3.0,3.0,3.0,3.0,3.0,3.0,5.0,5.0,5.0,5.0,5.0,5.0,5.0
GEE,0,0,0,0,0,0,0,0,0,0,3.0,3.0,3.0,3.0,3.0,3.0,3.0
GEG,0,4.0,4.0,4.0,4.0,4.0,3.0,3.0,3.0,3.0,3.0,3.0,3.0,3.0,3.0,3.0,3.0
GEL,0,0,0,0,0,0,0,0,0,0,0,0,0,3.0,3.0,3.0,3.0
GER,4.0,4.0,4.0,4.0,4.0,4.0,4.0,4.0,4.0,4.0,4.0,4.0,4.0,4.0,4.0,4.0,4.0
GEX,0,0,3.0,4.0,4.0,4.0,3.0,3.0,3.0,3.0,3.0,3.0,3.0,3.0,3.0,3.0,3.0
GGG,3.0,5.0,3.0,3.0,3.0,3.0,3.0,3.0,3.0,3.0,3.0,3.0,3.0,3.0,5.0,5.0,5.0
GH3,0,0,0,0,0,0,0,0,0,4.0,4.0,4.0,4.0,4.0,4.0,4.0,4.0
GHC,4.0,4.0,4.0,4.0,4.0,4.0,3.0,3.0,3.0,3.0,3.0,3.0,3.0,3.0,3.0,3.0,3.0
GIC,0,0,0,0,0,0,0,0,0,3.0,3.0,3.0,3.0,3.0,3.0,3.0,3.0
GIL,3.0,3.0,3.0,3.0,3.0,3.0,3.0,3.0,3.0,3.0,3.0,3.0,3.0,3.0,3.0,3.0,3.0
GKM,0,0,0,0,0,0,4.0,4.0,4.0,5.0,5.0,5.0,5.0,5.0,3.0,5.0,5.0
GLC,0,0,0,0,0,0,0,3.0,3.0,3.0,3.0,3.0,5.0,3.0,3.0,3.0,3.0
GLT,3.0,3.0,3.0,3.0,3.0,3.0,3.0,3.0,3.0,3.0,3.0,3.0,3.0,3.0,3.0,3.0,3.0
GLW,0,0,0,0,0,0,4.0,4.0,3.0,5.0,5.0,5.0,3.0,3.0,3.0,3.0,3.0
GMA,0,0,0,0,0,0,0,0,0,3.0,3.0,3.0,5.0,3.0,3.0,3.0,3.0
GMC,3.0,3.0,3.0,3.0,3.0,3.0,3.0,3.0,3.0,3.0,3.0,3.0,3.0,3.0,3.0,3.0,3.0
GMD,3.0,3.0,3.0,3.0,3.0,3.0,3.0,3.0,3.0,3.0,3.0,3.0,3.0,3.0,3.0,3.0,3.0
GMH,0,0,0,0,0,0,0,0,0,3.0,3.0,3.0,3.0,5.0,5.0,5.0,5.0
GMX,3.0,3.0,5.0,5.0,5.0,5.0,5.0,5.0,5.0,5.0,5.0,5.0,5.0,5.0,4.0,5.0,5.0
GND,0,0,0,0,0,3.0,3.0,3.0,3.0,2.0,3.0,3.0,3.0,3.0,3.0,3.0,3.0
GPC,0,0,0,0,0,0,0,0,0,3.0,3.0,2.0,3.0,3.0,3.0,3.0,3.0
GSM,0,0,0,4.0,4.0,3.0,3.0,3.0,3.0,3.0,3.0,3.0,3.0,3.0,5.0,5.0,5.0
GSP,3.0,3.0,3.0,3.0,3.0,3.0,3.0,3.0,3.0,3.0,3.0,3.0,3.0,3.0,3.0,3.0,3.0
GTA,4.0,4.0,4.0,4.0,4.0,4.0,4.0,4.0,4.0,4.0,4.0,4.0,4.0,4.0,4.0,4.0,4.0
GTD,0,0,0,0,0,4.0,4.0,3.0,3.0,3.0,3.0,3.0,3.0,3.0,3.0,3.0,3.0
GTS,0,0,0,0,4.0,4.0,0,3.0,3.0,3.0,3.0,3.0,3.0,3.0,3.0,3.0,3.0
GTT,3.0,3.0,3.0,3.0,3.0,3.0,3.0,3.0,3.0,3.0,3.0,0,0,0,0,0,0
GVR,0,0,0,0,4.0,4.0,3.0,3.0,3.0,3.0,3.0,3.0,3.0,3.0,3.0,3.0,3.0
GVT,0,3.0,3.0,3.0,3.0,3.0,3.0,3.0,3.0,3.0,3.0,3.0,3.0,3.0,3.0,3.0,3.0
H11,4.0,4.0,4.0,4.0,4.0,4.0,4.0,4.0,4.0,4.0,4.0,4.0,4.0,4.0,4.0,4.0,4.0
HAD,3.0,3.0,3.0,3.0,3.0,3.0,3.0,3.0,3.0,3.0,3.0,3.0,3.0,3.0,3.0,3.0,3.0
HAF,0,0,0,0,0,0,4.0,4.0,4.0,3.0,3.0,3.0,3.0,3.0,3.0,3.0,3.0
HAG,3.0,3.0,3.0,3.0,3.0,3.0,3.0,3.0,3.0,3.0,3.0,3.0,3.0,3.0,3.0,3.0,3.0
HAH,0,0,3.0,3.0,3.0,3.0,3.0,3.0,3.0,3.0,3.0,3.0,3.0,3.0,3.0,3.0,3.0
HAM,0,0,0,0,0,0,3.0,3.0,3.0,3.0,3.0,3.0,3.0,3.0,3.0,3.0,3.0
HAN,4.0,4.0,4.0,4.0,0,1.0,3.0,3.0,3.0,3.0,3.0,3.0,3.0,3.0,3.0,3.0,3.0
HAP,3.0,3.0,3.0,3.0,3.0,3.0,3.0,3.0,3.0,3.0,3.0,3.0,3.0,3.0,3.0,3.0,3.0
HAR,3.0,3.0,3.0,3.0,5.0,5.0,5.0,5.0,5.0,5.0,5.0,5.0,5.0,5.0,5.0,4.0,4.0
HAS,5.0,5.0,5.0,5.0,5.0,5.0,5.0,5.0,5.0,5.0,3.0,3.0,3.0,3.0,3.0,3.0,3.0
HAT,3.0,3.0,3.0,3.0,3.0,3.0,3.0,3.0,3.0,3.0,3.0,3.0,3.0,3.0,3.0,3.0,3.0
HAV,0,0,0,0,0,0,0,0,0,0,0,0,0,0,0,0,4.0
HAX,3.0,3.0,3.0,3.0,3.0,3.0,3.0,3.0,3.0,3.0,3.0,3.0,3.0,3.0,3.0,3.0,3.0
HBC,3.0,3.0,3.0,3.0,3.0,3.0,3.0,3.0,3.0,3.0,3.0,3.0,3.0,3.0,3.0,3.0,3.0
HBD,3.0,3.0,3.0,5.0,3.0,3.0,3.0,3.0,3.0,3.0,3.0,3.0,3.0,3.0,3.0,3.0,3.0
HBH,0,0,0,0,0,3.0,3.0,3.0,3.0,3.0,3.0,3.0,3.0,3.0,3.0,3.0,3.0
HC1,0,0,0,0,0,0,0,0,0,0,0,0,0,0,0,0,3.0
HC3,0,0,0,3.0,3.0,3.0,3.0,3.0,3.0,3.0,3.0,3.0,3.0,3.0,3.0,3.0,3.0
HCC,4.0,4.0,4.0,4.0,4.0,4.0,4.0,4.0,4.0,4.0,4.0,4.0,4.0,4.0,4.0,4.0,4.0
HCD,0,0,0,0,3.0,3.0,3.0,3.0,3.0,3.0,3.0,3.0,3.0,3.0,3.0,3.0,3.0
HCI,3.0,3.0,3.0,3.0,3.0,3.0,3.0,3.0,3.0,3.0,3.0,3.0,3.0,3.0,3.0,3.0,3.0
HCT,3.0,3.0,3.0,3.0,3.0,3.0,3.0,3.0,3.0,3.0,3.0,3.0,3.0,3.0,3.0,3.0,3.0
HD2,0,0,4.0,4.0,4.0,4.0,4.0,4.0,4.0,4.0,3.0,3.0,3.0,3.0,3.0,3.0,3.0
HD6,0,0,2.0,2.0,3.0,2.0,2.0,3.0,3.0,3.0,3.0,3.0,5.0,5.0,5.0,5.0,5.0
HD8,0,0,0,0,0,0,0,4.0,4.0,3.0,3.0,3.0,3.0,3.0,3.0,3.0,3.0
HDA,4.0,4.0,4.0,4.0,4.0,4.0,4.0,3.0,3.0,3.0,3.0,3.0,3.0,3.0,3.0,3.0,3.0
HDC,4.0,4.0,4.0,4.0,4.0,4.0,3.0,3.0,3.0,3.0,3.0,3.0,3.0,3.0,3.0,3.0,3.0
HDG,3.0,3.0,3.0,3.0,3.0,3.0,3.0,3.0,3.0,3.0,3.0,3.0,3.0,3.0,3.0,3.0,3.0
HDM,4.0,4.0,4.0,4.0,4.0,4.0,3.0,3.0,3.0,3.0,3.0,3.0,3.0,3.0,3.0,3.0,3.0
HDP,0,0,0,0,3.0,3.0,3.0,3.0,3.0,3.0,3.0,3.0,3.0,3.0,3.0,3.0,3.0
HDW,0,0,0,0,4.0,4.0,4.0,4.0,4.0,4.0,4.0,4.0,4.0,4.0,4.0,4.0,4.0
HEC,3.0,4.0,4.0,5.0,3.0,3.0,3.0,3.0,3.0,3.0,3.0,3.0,3.0,3.0,3.0,3.0,3.0
HEJ,0,0,3.0,3.0,3.0,3.0,3.0,3.0,3.0,3.0,3.0,3.0,3.0,3.0,3.0,3.0,3.0
HEP,0,0,0,0,0,0,4.0,4.0,4.0,4.0,4.0,4.0,4.0,4.0,4.0,4.0,4.0
HES,0,0,4.0,4.0,0,4.0,4.0,4.0,4.0,4.0,4.0,4.0,4.0,4.0,4.0,4.0,4.0
HEV,4.0,4.0,4.0,4.0,4.0,4.0,4.0,4.0,4.0,4.0,4.0,4.0,4.0,4.0,4.0,4.0,4.0
HFB,0,0,4.0,4.0,4.0,4.0,4.0,4.0,3.0,3.0,3.0,3.0,3.0,3.0,3.0,3.0,3.0
HFC,4.0,4.0,4.0,4.0,4.0,4.0,4.0,3.0,3.0,3.0,3.0,3.0,3.0,3.0,3.0,3.0,3.0
HFX,4.0,4.0,4.0,4.0,4.0,4.0,4.0,3.0,3.0,3.0,3.0,3.0,3.0,3.0,3.0,3.0,3.0
HGM,3.0,3.0,3.0,3.0,3.0,3.0,3.0,3.0,3.0,3.0,3.0,3.0,3.0,3.0,3.0,3.0,3.0
HGT,0,0,0,0,0,0,0,3.0,3.0,3.0,3.0,3.0,3.0,3.0,3.0,3.0,3.0
HHB,0,0,0,0,0,0,0,0,0,0,0,0,0,0,0,3.0,3.0
HHC,3.0,3.0,3.0,3.0,3.0,3.0,3.0,3.0,3.0,3.0,3.0,3.0,3.0,3.0,3.0,3.0,3.0
HHG,4.0,4.0,4.0,4.0,4.0,4.0,4.0,4.0,4.0,4.0,3.0,3.0,3.0,3.0,3.0,3.0,3.0
HHN,0,0,0,0,0,4.0,4.0,3.0,3.0,3.0,3.0,3.0,3.0,3.0,3.0,3.0,3.0
HHP,0,0,0,0,0,0,0,0,4.0,4.0,3.0,3.0,3.0,3.0,3.0,3.0,3.0
HHS,3.0,3.0,3.0,3.0,3.0,3.0,3.0,3.0,3.0,3.0,3.0,3.0,3.0,3.0,3.0,3.0,3.0
HHV,0,0,0,0,0,3.0,4.0,4.0,3.0,3.0,3.0,3.0,3.0,3.0,3.0,3.0,3.0
HID,0,0,0,0,0,0,0,2.0,3.0,3.0,3.0,3.0,3.0,3.0,3.0,3.0,3.0
HII,0,0,0,0,0,3.0,3.0,3.0,3.0,3.0,3.0,3.0,3.0,3.0,3.0,3.0,3.0
HIO,0,0,0,0,0,0,0,0,0,0,0,0,3.0,3.0,3.0,3.0,3.0
HJC,3.0,3.0,3.0,3.0,3.0,3.0,3.0,3.0,3.0,3.0,3.0,3.0,3.0,3.0,3.0,3.0,3.0
HJS,4.0,4.0,4.0,4.0,4.0,5.0,3.0,3.0,3.0,3.0,3.0,3.0,3.0,3.0,3.0,3.0,3.0
HKB,0,0,0,4.0,4.0,4.0,4.0,3.0,3.0,3.0,3.0,3.0,3.0,3.0,3.0,3.0,3.0
HKT,0,0,0,4.0,4.0,4.0,4.0,3.0,5.0,5.0,5.0,5.0,5.0,5.0,5.0,5.0,3.0
HLA,3.0,3.0,2.0,2.0,2.0,0,1.0,4.0,4.0,4.0,4.0,4.0,0,0,0,0,0
HLB,4.0,4.0,4.0,4.0,4.0,3.0,3.0,3.0,3.0,3.0,3.0,3.0,3.0,3.0,3.0,3.0,3.0
HLC,3.0,3.0,3.0,3.0,3.0,3.0,3.0,3.0,3.0,3.0,3.0,3.0,3.0,3.0,3.0,3.0,3.0
HLD,4.0,4.0,4.0,4.0,4.0,4.0,4.0,4.0,4.0,4.0,4.0,4.0,4.0,4.0,4.0,4.0,4.0
HLO,0,0,0,0,0,0,0,0,0,0,0,0,0,3.0,3.0,3.0,3.0
HLS,0,0,0,0,4.0,4.0,4.0,4.0,4.0,4.0,4.0,4.0,4.0,4.0,4.0,4.0,4.0
HLT,0,0,0,0,0,0,0,0,3.0,3.0,3.0,3.0,3.0,3.0,3.0,3.0,3.0
HLY,3.0,3.0,3.0,3.0,3.0,3.0,3.0,3.0,3.0,3.0,3.0,3.0,3.0,3.0,3.0,3.0,3.0
HMC,3.0,3.0,3.0,3.0,3.0,3.0,3.0,3.0,3.0,3.0,3.0,3.0,3.0,3.0,3.0,3.0,3.0
HMD,0,0,0,0,0,3.0,3.0,3.0,3.0,3.0,0,0,0,3.0,3.0,3.0,3.0
HMG,3.0,3.0,3.0,3.0,3.0,3.0,3.0,3.0,3.0,3.0,3.0,3.0,3.0,3.0,3.0,3.0,3.0
HMH,3.0,3.0,3.0,3.0,3.0,3.0,3.0,3.0,3.0,3.0,3.0,3.0,3.0,3.0,3.0,3.0,3.0
HMR,0,0,0,0,0,0,0,0,0,3.0,3.0,3.0,3.0,3.0,3.0,3.0,3.0
HMS,0,0,0,0,3.0,3.0,3.0,3.0,3.0,3.0,3.0,3.0,3.0,3.0,3.0,3.0,3.0
HNA,0,0,0,0,0,0,3.0,3.0,3.0,3.0,3.0,3.0,3.0,3.0,3.0,3.0,3.0
HNB,0,0,0,0,0,3.0,5.0,3.0,3.0,3.0,3.0,3.0,3.0,3.0,3.0,3.0,3.0
HND,0,0,0,3.0,3.0,3.0,3.0,3.0,3.0,3.0,3.0,3.0,3.0,3.0,3.0,3.0,3.0
HNF,0,3.0,3.0,3.0,3.0,3.0,3.0,5.0,5.0,5.0,5.0,3.0,3.0,3.0,3.0,3.0,3.0
HNG,0,0,3.0,3.0,3.0,3.0,3.0,3.0,3.0,3.0,3.0,3.0,3.0,3.0,3.0,3.0,3.0
HNI,0,0,0,0,0,0,3.0,3.0,3.0,3.0,3.0,3.0,3.0,3.0,3.0,3.0,3.0
HNM,3.0,3.0,3.0,3.0,3.0,3.0,3.0,3.0,3.0,3.0,3.0,3.0,3.0,3.0,3.0,3.0,3.0
HNP,3.0,3.0,3.0,3.0,3.0,3.0,3.0,3.0,3.0,3.0,3.0,3.0,3.0,3.0,3.0,3.0,3.0
HNR,0,0,0,0,0,0,0,0,3.0,3.0,3.0,3.0,3.0,3.0,3.0,3.0,3.0
HOM,3.0,3.0,3.0,3.0,3.0,3.0,3.0,3.0,3.0,3.0,3.0,3.0,3.0,3.0,3.0,3.0,3.0
HOT,3.0,3.0,3.0,3.0,3.0,3.0,3.0,3.0,3.0,3.0,3.0,3.0,3.0,3.0,3.0,3.0,3.0
HPA,2.0,4.0,4.0,4.0,0,0,0,0,0,0,0,0,0,0,3.0,3.0,3.0
HPB,3.0,5.0,5.0,5.0,3.0,3.0,3.0,3.0,3.0,3.0,3.0,3.0,3.0,3.0,3.0,3.0,3.0
HPD,0,0,0,3.0,3.0,3.0,3.0,3.0,3.0,3.0,3.0,3.0,3.0,3.0,3.0,3.0,3.0
HPG,3.0,3.0,3.0,3.0,3.0,3.0,3.0,3.0,3.0,3.0,3.0,3.0,3.0,3.0,3.0,3.0,3.0
HPH,0,0,0,0,3.0,3.0,3.0,3.0,3.0,3.0,3.0,3.0,3.0,3.0,3.0,3.0,3.0
HPI,3.0,3.0,3.0,3.0,3.0,3.0,3.0,5.0,3.0,5.0,5.0,5.0,3.0,5.0,5.0,5.0,5.0
HPO,0,0,0,0,0,0,0,0,0,0,0,0,0,0,4.0,4.0,4.0
HPP,3.0,0,3.0,3.0,3.0,3.0,3.0,3.0,3.0,3.0,3.0,3.0,3.0,3.0,3.0,3.0,3.0
HPT,3.0,3.0,3.0,3.0,3.0,3.0,3.0,3.0,3.0,3.0,3.0,3.0,0,0,0,0,0
HPW,0,0,0,0,0,0,3.0,3.0,3.0,3.0,3.0,3.0,3.0,3.0,3.0,3.0,3.0
HPX,0,0,0,0,0,0,0,3.0,3.0,5.0,3.0,3.0,3.0,3.0,3.0,3.0,3.0
HQC,3.0,3.0,3.0,3.0,3.0,3.0,3.0,3.0,3.0,3.0,3.0,3.0,3.0,3.0,3.0,3.0,3.0
HRB,0,0,0,0,0,0,3.0,3.0,3.0,3.0,3.0,3.0,3.0,3.0,3.0,3.0,3.0
HRC,4.0,4.0,4.0,4.0,4.0,4.0,4.0,4.0,4.0,4.0,4.0,4.0,4.0,4.0,4.0,4.0,4.0
HSA,0,0,0,0,0,4.0,4.0,4.0,4.0,4.0,4.0,4.0,4.0,4.0,3.0,0,3.0
HSG,3.0,3.0,3.0,3.0,3.0,3.0,3.0,3.0,3.0,3.0,3.0,3.0,3.0,3.0,3.0,3.0,3.0
HSL,0,0,0,0,0,0,0,3.0,3.0,3.0,3.0,3.0,3.0,3.0,3.0,3.0,3.0
HSM,2.0,2.0,2.0,4.0,4.0,4.0,3.0,3.0,3.0,3.0,3.0,3.0,3.0,3.0,3.0,3.0,3.0
HSP,0,0,0,0,0,0,0,0,3.0,5.0,3.0,5.0,5.0,5.0,5.0,5.0,5.0
HSV,0,0,0,0,0,0,0,0,0,4.0,3.0,3.0,3.0,3.0,3.0,3.0,3.0
HT1,3.0,3.0,3.0,3.0,3.0,3.0,3.0,3.0,3.0,3.0,3.0,3.0,3.0,3.0,3.0,3.0,3.0
HTC,4.0,4.0,4.0,4.0,4.0,4.0,4.0,4.0,4.0,4.0,4.0,4.0,4.0,4.0,4.0,4.0,4.0
HTE,0,0,0,0,4.0,4.0,4.0,4.0,4.0,4.0,4.0,4.0,4.0,5.0,3.0,3.0,3.0
HTG,2.0,3.0,3.0,3.0,3.0,5.0,3.0,3.0,3.0,3.0,3.0,3.0,3.0,3.0,3.0,3.0,3.0
HTI,4.0,4.0,4.0,5.0,5.0,5.0,3.0,5.0,5.0,5.0,5.0,5.0,5.0,5.0,5.0,5.0,5.0
HTL,5.0,5.0,5.0,5.0,5.0,5.0,5.0,3.0,3.0,3.0,3.0,3.0,3.0,3.0,3.0,3.0,3.0
HTM,0,0,0,0,0,0,4.0,4.0,4.0,3.0,3.0,3.0,3.0,3.0,3.0,3.0,3.0
HTN,0,0,0,0,0,0,0,3.0,3.0,3.0,3.0,3.0,3.0,3.0,3.0,3.0,3.0
HTP,4.0,4.0,4.0,4.0,4.0,4.0,4.0,4.0,4.0,4.0,4.0,4.0,3.0,3.0,3.0,3.0,0
HTT,0,0,0,0,0,4.0,4.0,3.0,3.0,3.0,3.0,3.0,3.0,3.0,3.0,3.0,3.0
HTV,3.0,3.0,3.0,3.0,3.0,3.0,3.0,3.0,3.0,3.0,3.0,3.0,3.0,3.0,3.0,3.0,3.0
HU1,4.0,4.0,4.0,4.0,4.0,4.0,5.0,5.0,5.0,5.0,5.0,5.0,3.0,5.0,5.0,5.0,5.0
HU3,4.0,4.0,4.0,4.0,4.0,4.0,3.0,3.0,3.0,3.0,3.0,3.0,3.0,3.0,3.0,3.0,3.0
HU4,4.0,4.0,4.0,2.0,4.0,4.0,3.0,3.0,3.0,3.0,3.0,3.0,3.0,3.0,3.0,3.0,3.0
HU6,4.0,2.0,4.0,4.0,4.0,4.0,4.0,4.0,4.0,4.0,4.0,4.0,4.0,4.0,4.0,4.0,4.0
HUB,0,0,0,0,0,0,4.0,3.0,3.0,3.0,3.0,3.0,3.0,3.0,3.0,3.0,3.0
HUG,0,0,0,0,4.0,4.0,3.0,3.0,3.0,3.0,3.0,3.0,3.0,3.0,3.0,3.0,3.0
HUT,3.0,5.0,5.0,5.0,3.0,5.0,3.0,3.0,3.0,3.0,3.0,3.0,3.0,3.0,3.0,3.0,3.0
HVH,0,0,0,0,0,0,4.0,4.0,3.0,3.0,3.0,3.0,3.0,3.0,3.0,3.0,3.0
HVN,0,0,0,0,3.0,3.0,3.0,3.0,3.0,3.0,3.0,3.0,3.0,3.0,3.0,3.0,3.0
HVT,4.0,4.0,4.0,5.0,5.0,5.0,5.0,5.0,5.0,5.0,5.0,5.0,5.0,5.0,5.0,5.0,5.0
HVX,3.0,3.0,3.0,3.0,3.0,3.0,3.0,3.0,3.0,3.0,3.0,3.0,3.0,3.0,3.0,3.0,3.0
HWS,0,0,0,0,0,0,3.0,3.0,3.0,3.0,3.0,3.0,3.0,3.0,3.0,3.0,3.0
IBD,0,0,0,0,0,0,0,0,3.0,3.0,3.0,3.0,3.0,3.0,3.0,3.0,3.0
ICC,0,0,0,0,4.0,4.0,4.0,4.0,4.0,4.0,4.0,4.0,4.0,4.0,4.0,4.0,4.0
ICF,3.0,5.0,5.0,5.0,5.0,5.0,5.0,5.0,5.0,5.0,5.0,5.0,5.0,5.0,5.0,3.0,5.0
ICG,4.0,4.0,4.0,4.0,4.0,4.0,3.0,3.0,3.0,3.0,3.0,4.0,3.0,3.0,3.0,3.0,3.0
ICI,4.0,3.0,3.0,3.0,3.0,3.0,3.0,3.0,3.0,3.0,3.0,3.0,3.0,3.0,3.0,3.0,3.0
ICN,4.0,4.0,4.0,3.0,3.0,3.0,3.0,3.0,3.0,3.0,3.0,3.0,3.0,3.0,3.0,3.0,3.0
ICT,0,0,0,0,0,0,0,4.0,4.0,4.0,3.0,3.0,3.0,3.0,3.0,3.0,3.0
IDC,0,0,0,0,4.0,4.0,4.0,4.0,3.0,3.0,3.0,3.0,3.0,3.0,3.0,3.0,3.0
IDI,4.0,4.0,4.0,4.0,4.0,4.0,5.0,5.0,5.0,3.0,3.0,3.0,3.0,3.0,3.0,3.0,3.0
IDJ,3.0,3.0,3.0,3.0,5.0,2.0,3.0,3.0,3.0,3.0,3.0,3.0,3.0,3.0,3.0,3.0,3.0
IDP,0,0,0,0,0,0,0,0,0,3.0,3.0,3.0,3.0,3.0,3.0,3.0,3.0
IDV,3.0,3.0,4.0,4.0,4.0,4.0,4.0,4.0,2.0,3.0,3.0,3.0,3.0,3.0,3.0,3.0,3.0
IFS,3.0,3.0,3.0,3.0,3.0,3.0,3.0,3.0,3.0,3.0,3.0,3.0,3.0,3.0,3.0,3.0,3.0
IJC,3.0,3.0,3.0,3.0,3.0,3.0,3.0,3.0,3.0,3.0,3.0,3.0,3.0,3.0,3.0,3.0,3.0
ILA,0,0,0,0,0,0,4.0,4.0,4.0,3.0,3.0,3.0,3.0,3.0,5.0,3.0,3.0
ILB,0,0,0,0,0,0,0,3.0,3.0,3.0,3.0,3.0,3.0,3.0,3.0,3.0,3.0
ILC,4.0,4.0,4.0,4.0,4.0,4.0,0,3.0,3.0,3.0,3.0,3.0,3.0,3.0,3.0,3.0,3.0
ILS,0,0,0,0,4.0,4.0,3.0,3.0,3.0,3.0,3.0,3.0,3.0,3.0,3.0,3.0,3.0
IME,4.0,4.0,4.0,4.0,4.0,4.0,4.0,4.0,4.0,4.0,4.0,4.0,4.0,4.0,4.0,4.0,4.0
IMP,3.0,3.0,3.0,3.0,3.0,3.0,3.0,3.0,3.0,3.0,3.0,3.0,3.0,3.0,3.0,3.0,3.0
IN4,4.0,4.0,4.0,4.0,3.0,3.0,3.0,3.0,3.0,3.0,3.0,3.0,3.0,3.0,3.0,3.0,3.0
INC,4.0,4.0,4.0,5.0,5.0,5.0,5.0,5.0,5.0,3.0,3.0,3.0,3.0,3.0,3.0,3.0,3.0
INN,4.0,4.0,4.0,4.0,4.0,4.0,3.0,3.0,3.0,3.0,3.0,3.0,3.0,3.0,3.0,3.0,3.0
IPA,3.0,3.0,3.0,3.0,3.0,3.0,3.0,3.0,3.0,3.0,3.0,3.0,3.0,3.0,3.0,3.0,3.0
IRC,0,0,0,0,0,0,0,3.0,3.0,3.0,3.0,3.0,3.0,3.0,3.0,3.0,3.0
ISG,4.0,4.0,4.0,4.0,4.0,4.0,4.0,4.0,4.0,4.0,4.0,4.0,4.0,4.0,4.0,4.0,4.0
ISH,4.0,4.0,4.0,4.0,4.0,5.0,5.0,5.0,5.0,5.0,3.0,3.0,3.0,3.0,3.0,3.0,3.0
IST,0,0,0,0,3.0,3.0,3.0,3.0,5.0,5.0,5.0,5.0,5.0,5.0,5.0,5.0,5.0
ITA,3.0,3.0,3.0,3.0,3.0,3.0,3.0,3.0,3.0,3.0,3.0,3.0,3.0,3.0,3.0,3.0,3.0
ITC,3.0,5.0,5.0,5.0,5.0,5.0,5.0,5.0,5.0,5.0,5.0,5.0,5.0,5.0,5.0,5.0,3.0
ITD,3.0,3.0,3.0,3.0,3.0,3.0,3.0,3.0,3.0,3.0,3.0,3.0,3.0,2.0,3.0,3.0,3.0
ITQ,4.0,4.0,4.0,4.0,4.0,4.0,4.0,4.0,4.0,4.0,4.0,4.0,4.0,4.0,4.0,4.0,4.0
ITS,4.0,4.0,3.0,3.0,3.0,3.0,3.0,3.0,3.0,3.0,3.0,3.0,3.0,3.0,3.0,3.0,3.0
JOS,0,0,0,0,0,0,3.0,3.0,3.0,3.0,3.0,3.0,3.0,3.0,3.0,3.0,3.0
JVC,3.0,3.0,3.0,3.0,3.0,3.0,3.0,3.0,3.0,3.0,3.0,3.0,3.0,3.0,3.0,3.0,3.0
KBC,3.0,3.0,3.0,3.0,3.0,3.0,3.0,3.0,3.0,3.0,3.0,3.0,3.0,3.0,3.0,3.0,3.0
KCB,0,2.0,3.0,3.0,3.0,3.0,3.0,3.0,3.0,3.0,3.0,3.0,3.0,3.0,3.0,3.0,3.0
KDC,3.0,3.0,3.0,3.0,3.0,3.0,3.0,3.0,3.0,3.0,3.0,3.0,3.0,3.0,3.0,3.0,3.0
KDH,3.0,3.0,3.0,3.0,3.0,3.0,3.0,3.0,3.0,3.0,3.0,3.0,3.0,3.0,3.0,3.0,3.0
KDM,0,0,0,0,0,4.0,4.0,4.0,4.0,4.0,4.0,4.0,4.0,4.0,4.0,4.0,4.0
KGM,0,0,0,0,0,0,0,4.0,4.0,4.0,4.0,3.0,3.0,3.0,3.0,3.0,3.0
KHD,0,0,0,4.0,4.0,4.0,4.0,4.0,4.0,4.0,4.0,3.0,3.0,3.0,3.0,3.0,3.0
KHG,0,0,0,0,0,0,0,0,0,3.0,3.0,3.0,3.0,3.0,3.0,3.0,3.0
KHP,3.0,3.0,3.0,3.0,3.0,3.0,3.0,3.0,3.0,3.0,3.0,3.0,3.0,3.0,3.0,3.0,3.0
KHS,0,0,0,0,0,0,3.0,3.0,3.0,3.0,3.0,3.0,3.0,3.0,3.0,3.0,3.0
KHW,0,0,0,0,0,3.0,3.0,3.0,3.0,5.0,5.0,5.0,5.0,5.0,5.0,5.0,5.0
KHX,0,0,0,0,0,0,0,0,0,0,0,0,0,0,0,3.0,3.0
KIP,4.0,4.0,4.0,4.0,4.0,4.0,4.0,4.0,4.0,4.0,4.0,4.0,4.0,4.0,4.0,4.0,4.0
KKC,4.0,4.0,4.0,4.0,4.0,4.0,4.0,4.0,4.0,4.0,4.0,4.0,4.0,4.0,4.0,4.0,4.0
KMR,3.0,3.0,3.0,3.0,3.0,3.0,3.0,3.0,3.0,3.0,3.0,3.0,3.0,3.0,3.0,3.0,3.0
KMT,4.0,4.0,4.0,3.0,3.0,3.0,3.0,3.0,3.0,3.0,3.0,3.0,3.0,3.0,3.0,3.0,3.0
KOS,0,0,0,0,0,0,4.0,4.0,3.0,3.0,3.0,3.0,3.0,3.0,3.0,3.0,3.0
KPF,0,0,0,4.0,4.0,3.0,3.0,5.0,5.0,3.0,3.0,3.0,3.0,3.0,3.0,3.0,3.0
KSB,3.0,5.0,5.0,5.0,5.0,5.0,5.0,5.0,5.0,5.0,5.0,5.0,5.0,5.0,5.0,5.0,5.0
KSD,4.0,4.0,4.0,4.0,4.0,4.0,4.0,4.0,4.0,4.0,4.0,4.0,4.0,4.0,4.0,4.0,4.0
KSF,0,0,0,0,0,0,0,0,0,3.0,3.0,3.0,3.0,3.0,3.0,3.0,3.0
KSQ,0,0,4.0,4.0,5.0,4.0,4.0,4.0,4.0,4.0,5.0,5.0,5.0,5.0,5.0,5.0,5.0
KST,3.0,3.0,5.0,5.0,5.0,3.0,3.0,3.0,3.0,3.0,3.0,3.0,3.0,3.0,3.0,3.0,3.0
KSV,0,0,0,0,3.0,3.0,3.0,3.0,3.0,3.0,3.0,3.0,3.0,3.0,3.0,3.0,3.0
KTC,0,0,0,0,0,0,0,0,3.0,3.0,3.0,3.0,3.0,3.0,3.0,3.0,3.0
KTL,2.0,2.0,4.0,4.0,4.0,4.0,4.0,4.0,4.0,4.0,4.0,4.0,4.0,4.0,4.0,4.0,4.0
KTS,4.0,4.0,4.0,4.0,4.0,4.0,4.0,4.0,4.0,4.0,4.0,4.0,4.0,4.0,4.0,4.0,4.0
KTT,3.0,3.0,5.0,4.0,4.0,4.0,5.0,3.0,5.0,5.0,5.0,3.0,5.0,5.0,4.0,0,0
KVC,0,0,0,0,4.0,4.0,4.0,3.0,3.0,3.0,3.0,3.0,3.0,3.0,3.0,3.0,3.0
L10,4.0,4.0,4.0,4.0,4.0,4.0,4.0,3.0,3.0,3.0,3.0,3.0,3.0,3.0,3.0,3.0,3.0
L12,3.0,3.0,3.0,3.0,3.0,3.0,3.0,3.0,3.0,3.0,3.0,3.0,3.0,3.0,3.0,3.0,3.0
L14,4.0,4.0,4.0,4.0,4.0,4.0,5.0,5.0,5.0,5.0,5.0,5.0,5.0,5.0,5.0,5.0,5.0
L18,5,5,5,5,5,5,5,5,5,5,5,5,5,5,5,5,5
L35,4.0,4.0,4.0,4.0,4.0,4.0,4.0,4.0,5.0,3.0,3.0,3.0,3.0,3.0,3.0,3.0,3.0
L40,0,0,0,0,0,0,0,0,0,3.0,3.0,3.0,3.0,3.0,3.0,3.0,3.0
L43,3.0,3.0,3.0,3.0,4.0,4.0,4.0,4.0,4.0,4.0,4.0,4.0,4.0,4.0,3.0,3.0,3.0
L45,4.0,4.0,4.0,4.0,4.0,4.0,4.0,4.0,4.0,4.0,4.0,4.0,4.0,3.0,3.0,3.0,3.0
L61,4.0,4.0,4.0,4.0,4.0,4.0,4.0,3.0,3.0,3.0,3.0,3.0,3.0,3.0,3.0,3.0,3.0
L62,4.0,4.0,4.0,4.0,4.0,4.0,4.0,4.0,4.0,4.0,5.0,3.0,4.0,4.0,5.0,3.0,3.0
L63,0,0,4.0,4.0,4.0,4.0,4.0,4.0,3.0,3.0,3.0,3.0,3.0,3.0,3.0,3.0,3.0
LAF,4.0,4.0,4.0,4.0,4.0,4.0,3.0,3.0,3.0,3.0,3.0,3.0,3.0,3.0,3.0,3.0,3.0
LAI,4.0,4.0,3.0,3.0,3.0,3.0,3.0,3.0,3.0,3.0,3.0,3.0,3.0,3.0,3.0,3.0,3.0
LAS,3.0,4.0,3.0,5.0,5.0,5.0,5.0,5.0,5.0,5.0,5.0,5.0,5.0,5.0,5.0,5.0,5.0
LAW,0,0,0,0,0,3.0,3.0,3.0,3.0,3.0,3.0,3.0,3.0,3.0,3.0,3.0,3.0
LBE,4.0,4.0,4.0,4.0,4.0,4.0,4.0,4.0,4.0,4.0,4.0,4.0,4.0,4.0,4.0,3.0,3.0
LBM,3.0,3.0,3.0,3.0,3.0,3.0,3.0,3.0,3.0,3.0,3.0,3.0,3.0,3.0,3.0,3.0,3.0
LCD,4.0,4.0,4.0,4.0,4.0,4.0,4.0,4.0,4.0,4.0,4.0,4.0,4.0,4.0,4.0,4.0,4.0
LCG,4.0,4.0,4.0,5.0,5.0,5.0,5.0,5.0,5.0,5.0,5.0,5.0,5.0,3.0,3.0,3.0,3.0
LCM,3.0,3.0,3.0,3.0,3.0,3.0,3.0,3.0,3.0,3.0,3.0,3.0,3.0,3.0,3.0,3.0,3.0
LDG,0,3.0,3.0,3.0,3.0,3.0,3.0,3.0,3.0,3.0,3.0,3.0,3.0,3.0,3.0,3.0,3.0
LDP,3.0,5.0,3.0,3.0,3.0,3.0,3.0,3.0,3.0,3.0,3.0,3.0,3.0,3.0,3.0,3.0,3.0
LDW,0,0,0,0,4.0,4.0,4.0,4.0,0,4.0,4.0,4.0,4.0,4.0,4.0,4.0,4.0
LEC,0,0,0,4.0,4.0,3.0,3.0,3.0,3.0,3.0,3.0,3.0,3.0,3.0,3.0,3.0,3.0
LG9,0,0,0,0,0,0,3.0,3.0,3.0,3.0,3.0,3.0,3.0,3.0,3.0,3.0,3.0
LGC,4.0,4.0,4.0,4.0,4.0,4.0,4.0,5.0,3.0,3.0,3.0,3.0,3.0,3.0,3.0,3.0,3.0
LGL,4.0,3.0,3.0,3.0,3.0,3.0,3.0,3.0,3.0,3.0,3.0,3.0,3.0,3.0,3.0,3.0,3.0
LHC,3.0,3.0,3.0,3.0,3.0,3.0,3.0,3.0,3.0,3.0,3.0,3.0,3.0,3.0,3.0,3.0,3.0
LHG,3.0,5.0,5.0,3.0,5.0,5.0,5.0,5.0,5.0,3.0,3.0,3.0,3.0,3.0,3.0,5.0,5.0
LIC,0,0,0,0,0,0,0,3.0,3.0,3.0,3.0,3.0,3.0,3.0,3.0,3.0,3.0
LIG,3.0,5.0,3.0,5.0,5.0,3.0,5.0,5.0,5.0,5.0,5.0,5.0,5.0,5.0,5.0,5.0,5.0
LIX,3.0,3.0,3.0,3.0,3.0,3.0,3.0,3.0,3.0,3.0,3.0,3.0,3.0,3.0,3.0,3.0,3.0
LKW,3.0,3.0,3.0,4.0,3.0,3.0,3.0,3.0,3.0,3.0,3.0,3.0,3.0,3.0,3.0,3.0,3.0
LLM,0,0,0,0,4.0,4.0,3.0,3.0,3.0,3.0,3.0,3.0,3.0,3.0,3.0,3.0,3.0
LM3,4.0,4.0,4.0,4.0,4.0,4.0,5.0,5.0,3.0,3.0,3.0,3.0,3.0,3.0,3.0,3.0,0
LM7,4.0,4.0,4.0,4.0,4.0,4.0,4.0,4.0,5.0,3.0,3.0,3.0,3.0,3.0,3.0,3.0,3.0
LM8,4.0,4.0,4.0,4.0,4.0,4.0,3.0,3.0,3.0,3.0,3.0,3.0,3.0,3.0,3.0,3.0,3.0
LMC,0,0,0,0,0,0,4.0,4.0,4.0,4.0,4.0,4.0,4.0,3.0,3.0,3.0,3.0
LMH,0,0,0,0,0,0,3.0,3.0,3.0,3.0,3.0,3.0,3.0,3.0,3.0,3.0,0
LMI,0,0,4.0,4.0,4.0,3.0,3.0,3.0,3.0,3.0,3.0,3.0,3.0,3.0,3.0,3.0,3.0
LNC,0,0,0,0,0,0,0,4.0,1.0,4.0,4.0,4.0,4.0,4.0,4.0,4.0,4.0
LO5,4.0,4.0,4.0,4.0,4.0,4.0,4.0,4.0,5.0,3.0,3.0,3.0,3.0,3.0,3.0,3.0,3.0
LPT,0,0,0,0,0,0,0,0,0,0,3.0,3.0,3.0,3.0,3.0,3.0,3.0
LQN,0,0,4.0,4.0,2.0,4.0,4.0,4.0,4.0,4.0,4.0,4.0,4.0,4.0,4.0,4.0,4.0
LSG,0,0,0,0,0,0,0,0,0,3.0,3.0,5.0,5.0,5.0,5.0,5.0,3.0
LSS,3.0,3.0,3.0,3.0,3.0,3.0,3.0,3.0,3.0,3.0,3.0,3.0,3.0,3.0,3.0,3.0,3.0
LTC,3.0,3.0,3.0,3.0,3.0,3.0,3.0,3.0,3.0,3.0,3.0,3.0,3.0,3.0,3.0,3.0,0
LTG,0,0,0,0,3.0,3.0,3.0,3.0,3.0,3.0,3.0,3.0,3.0,3.0,3.0,0,0
LUT,4.0,4.0,4.0,4.0,4.0,4.0,4.0,4.0,5.0,5.0,5.0,5.0,5.0,5.0,4.0,0,0
M10,0,0,0,0,3.0,3.0,3.0,3.0,3.0,5.0,5.0,5.0,5.0,3.0,5.0,5.0,5.0
MA1,0,0,0,0,0,0,4.0,4.0,4.0,4.0,4.0,4.0,4.0,3.0,3.0,3.0,3.0
MAC,3.0,3.0,3.0,3.0,3.0,3.0,3.0,3.0,3.0,3.0,3.0,3.0,3.0,3.0,3.0,3.0,3.0
MAS,4.0,4.0,4.0,4.0,4.0,3.0,3.0,3.0,3.0,3.0,3.0,3.0,3.0,3.0,3.0,3.0,3.0
MBG,0,0,0,0,3.0,3.0,3.0,3.0,3.0,5.0,5.0,5.0,5.0,5.0,5.0,5.0,5.0
MBN,0,0,0,0,0,0,0,4.0,4.0,4.0,4.0,4.0,4.0,4.0,4.0,4.0,4.0
MBT,0,0,0,0,0,0,0,0,0,4.0,4.0,3.0,3.0,3.0,3.0,3.0,3.0
MCC,4.0,4.0,4.0,4.0,4.0,4.0,4.0,4.0,4.0,4.0,4.0,4.0,4.0,4.0,4.0,4.0,4.0
MCF,4.0,4.0,4.0,4.0,4.0,4.0,4.0,4.0,4.0,4.0,4.0,3.0,3.0,3.0,3.0,3.0,3.0
MCG,3.0,3.0,3.0,3.0,3.0,3.0,3.0,3.0,3.0,3.0,3.0,3.0,3.0,3.0,3.0,3.0,3.0
MCH,0,0,0,3.0,3.0,3.0,3.0,3.0,3.0,3.0,3.0,3.0,3.0,3.0,3.0,3.0,3.0
MCM,0,0,0,0,0,0,0,0,3.0,3.0,3.0,3.0,3.0,3.0,3.0,3.0,3.0
MCO,3.0,3.0,3.0,3.0,3.0,3.0,3.0,3.0,3.0,3.0,3.0,3.0,3.0,3.0,3.0,3.0,3.0
MCP,3.0,4.0,5.0,5.0,5.0,5.0,5.0,5.0,5.0,5.0,5.0,5.0,5.0,3.0,3.0,3.0,3.0
MDA,0,0,0,0,0,0,2.0,3.0,4.0,3.0,3.0,3.0,3.0,3.0,3.0,3.0,3.0
MDC,3.0,3.0,3.0,3.0,3.0,3.0,3.0,3.0,3.0,3.0,3.0,3.0,3.0,3.0,3.0,3.0,3.0
MDF,4.0,4.0,4.0,4.0,4.0,4.0,4.0,4.0,4.0,4.0,4.0,4.0,4.0,4.0,4.0,4.0,4.0
MDG,3.0,3.0,3.0,3.0,3.0,3.0,3.0,3.0,3.0,3.0,3.0,3.0,3.0,3.0,3.0,3.0,3.0
MEC,3.0,4.0,5.0,5.0,5.0,3.0,5.0,5.0,5.0,5.0,5.0,3.0,3.0,3.0,3.0,3.0,3.0
MED,3.0,3.0,3.0,3.0,3.0,4.0,4.0,4.0,4.0,3.0,3.0,3.0,3.0,3.0,3.0,3.0,3.0
MEF,0,4.0,2.0,4.0,4.0,4.0,3.0,3.0,3.0,3.0,3.0,3.0,3.0,3.0,3.0,3.0,3.0
MEL,0,0,0,0,0,0,0,4.0,4.0,4.0,4.0,4.0,4.0,4.0,4.0,4.0,4.0
MES,0,0,4.0,4.0,4.0,4.0,3.0,3.0,3.0,3.0,3.0,3.0,3.0,3.0,3.0,3.0,3.0
MFS,0,0,0,0,0,3.0,3.0,3.0,3.0,3.0,3.0,3.0,3.0,3.0,3.0,3.0,3.0
MGC,0,0,3.0,3.0,3.0,3.0,3.0,3.0,3.0,3.0,3.0,3.0,3.0,3.0,3.0,3.0,3.0
MGG,0,0,0,0,0,4.0,3.0,3.0,3.0,3.0,3.0,3.0,3.0,3.0,3.0,3.0,3.0
MGR,0,0,0,0,0,0,0,0,0,0,0,3.0,3.0,3.0,3.0,3.0,3.0
MH3,0,0,0,4.0,4.0,4.0,4.0,4.0,4.0,4.0,4.0,4.0,4.0,4.0,4.0,4.0,4.0
MHC,3.0,3.0,3.0,3.0,3.0,3.0,3.0,3.0,3.0,3.0,3.0,3.0,3.0,3.0,3.0,3.0,3.0
MHL,3.0,5.0,4.0,2.0,4.0,4.0,4.0,4.0,4.0,5.0,4.0,4.0,4.0,4.0,2.0,0,0
MIC,4.0,4.0,5.0,5.0,5.0,3.0,3.0,3.0,3.0,3.0,3.0,3.0,3.0,3.0,3.0,3.0,3.0
MIE,0,0,0,0,0,0,4.0,4.0,3.0,3.0,3.0,3.0,3.0,3.0,3.0,3.0,3.0
MKP,3.0,3.0,3.0,3.0,3.0,3.0,3.0,3.0,3.0,3.0,3.0,3.0,3.0,3.0,3.0,3.0,3.0
MKV,3.0,3.0,3.0,3.0,3.0,3.0,3.0,3.0,3.0,3.0,3.0,3.0,3.0,3.0,3.0,3.0,3.0
MLC,0,0,0,0,0,0,0,1.0,3.0,3.0,3.0,3.0,3.0,3.0,3.0,3.0,3.0
MLS,0,0,0,0,0,4.0,4.0,4.0,4.0,4.0,4.0,4.0,4.0,4.0,4.0,4.0,4.0
MML,0,0,0,0,0,0,0,0,3.0,3.0,3.0,3.0,3.0,3.0,3.0,3.0,3.0
MNB,0,0,0,0,4.0,3.0,3.0,3.0,3.0,3.0,3.0,3.0,3.0,3.0,3.0,3.0,3.0
MND,0,0,0,0,0,0,0,4.0,4.0,4.0,4.0,4.0,4.0,4.0,4.0,4.0,4.0
MPC,3.0,3.0,3.0,3.0,3.0,3.0,3.0,3.0,3.0,3.0,3.0,3.0,3.0,3.0,3.0,3.0,3.0
MPT,0,0,0,0,4.0,4.0,3.0,3.0,3.0,3.0,3.0,3.0,3.0,3.0,3.0,3.0,3.0
MPY,0,0,0,0,0,0,3.0,3.0,3.0,3.0,3.0,3.0,3.0,3.0,3.0,3.0,3.0
MQB,0,0,0,0,0,0,3.0,3.0,3.0,3.0,3.0,3.0,3.0,3.0,3.0,3.0,3.0
MQN,0,0,0,0,0,0,0,4.0,4.0,4.0,4.0,4.0,3.0,3.0,3.0,3.0,3.0
MRF,0,0,0,0,0,4.0,4.0,4.0,4.0,4.0,4.0,4.0,4.0,4.0,4.0,4.0,4.0
MSH,0,0,0,0,0,0,3.0,3.0,5.0,3.0,3.0,3.0,3.0,3.0,3.0,3.0,3.0
MSN,3.0,3.0,3.0,3.0,3.0,3.0,3.0,3.0,3.0,3.0,3.0,3.0,3.0,3.0,3.0,3.0,3.0
MSR,0,0,0,0,3.0,3.0,3.0,3.0,3.0,3.0,3.0,3.0,3.0,3.0,3.0,3.0,3.0
MST,0,0,0,0,0,3.0,3.0,3.0,3.0,3.0,3.0,3.0,3.0,3.0,3.0,3.0,3.0
MTA,0,0,0,0,0,4.0,4.0,4.0,4.0,3.0,3.0,3.0,3.0,3.0,3.0,3.0,3.0
MTB,0,0,0,0,0,0,0,0,4.0,4.0,4.0,4.0,4.0,4.0,4.0,4.0,4.0
MTG,5.0,3.0,3.0,3.0,3.0,3.0,3.0,3.0,3.0,3.0,3.0,3.0,3.0,3.0,3.0,3.0,3.0
MTH,4.0,4.0,4.0,4.0,4.0,4.0,4.0,4.0,4.0,4.0,4.0,4.0,4.0,0,3.0,3.0,3.0
MTL,0,0,0,0,0,3.0,3.0,3.0,3.0,3.0,3.0,3.0,3.0,3.0,3.0,3.0,3.0
MTP,4.0,4.0,4.0,4.0,3.0,3.0,3.0,3.0,3.0,3.0,3.0,3.0,3.0,3.0,3.0,3.0,3.0
MTS,0,0,0,0,0,3.0,3.0,3.0,3.0,3.0,3.0,3.0,3.0,3.0,3.0,3.0,3.0
MTV,0,0,0,0,0,4.0,4.0,4.0,4.0,4.0,4.0,4.0,4.0,4.0,3.0,3.0,3.0
MVB,0,0,0,0,0,1.0,3.0,3.0,3.0,3.0,3.0,3.0,3.0,3.0,3.0,3.0,3.0
MVC,0,0,0,0,0,3.0,0,1.0,3.0,5.0,5.0,5.0,5.0,3.0,5.0,5.0,5.0
MVN,0,0,0,0,0,0,0,3.0,3.0,3.0,3.0,3.0,3.0,3.0,3.0,3.0,3.0
MWG,3.0,3.0,3.0,3.0,3.0,3.0,3.0,3.0,3.0,3.0,3.0,3.0,3.0,3.0,3.0,3.0,3.0
MZG,0,0,0,0,0,0,0,0,0,0,0,0,0,3.0,3.0,3.0,3.0
NAC,0,0,4.0,4.0,4.0,4.0,4.0,4.0,3.0,3.0,3.0,3.0,3.0,3.0,3.0,3.0,3.0
NAF,0,0,0,2.0,3.0,3.0,3.0,3.0,3.0,3.0,3.0,3.0,3.0,3.0,3.0,3.0,3.0
NAG,3.0,3.0,5.0,5.0,5.0,5.0,5.0,5.0,5.0,5.0,5.0,5.0,5.0,5.0,5.0,5.0,5.0
NAP,0,0,0,4.0,4.0,3.0,3.0,3.0,3.0,3.0,3.0,3.0,3.0,3.0,3.0,3.0,3.0
NAS,0,0,3.0,3.0,3.0,3.0,3.0,3.0,3.0,3.0,3.0,3.0,3.0,3.0,3.0,3.0,3.0
NAU,0,0,0,0,4.0,4.0,0,1.0,3.0,3.0,3.0,3.0,3.0,3.0,3.0,3.0,3.0
NAV,3.0,3.0,3.0,3.0,3.0,3.0,3.0,3.0,3.0,3.0,3.0,3.0,3.0,3.0,3.0,3.0,3.0
NAW,0,0,0,0,0,4.0,4.0,4.0,4.0,4.0,4.0,4.0,4.0,4.0,4.0,4.0,4.0
NBB,3.0,3.0,3.0,3.0,3.0,3.0,3.0,3.0,3.0,3.0,3.0,3.0,3.0,3.0,3.0,3.0,3.0
NBC,3.0,3.0,3.0,3.0,3.0,3.0,3.0,3.0,3.0,3.0,3.0,3.0,3.0,3.0,3.0,3.0,3.0
NBE,0,0,0,0,0,0,0,3.0,3.0,3.0,3.0,3.0,3.0,3.0,3.0,3.0,3.0
NBP,3.0,3.0,3.0,3.0,3.0,3.0,3.0,3.0,3.0,3.0,3.0,3.0,3.0,3.0,3.0,3.0,3.0
NBT,0,0,3.0,3.0,3.0,4.0,4.0,4.0,4.0,4.0,4.0,4.0,4.0,4.0,4.0,4.0,4.0
NBW,3.0,3.0,3.0,3.0,3.0,3.0,3.0,3.0,3.0,3.0,3.0,3.0,3.0,3.0,3.0,3.0,3.0
NCG,0,0,0,0,0,0,0,0,0,3.0,3.0,3.0,3.0,3.0,3.0,3.0,3.0
NCS,3.0,3.0,3.0,3.0,3.0,3.0,3.0,3.0,3.0,3.0,3.0,3.0,3.0,3.0,3.0,3.0,3.0
NCT,3.0,3.0,3.0,3.0,3.0,3.0,3.0,3.0,3.0,3.0,3.0,3.0,3.0,3.0,3.0,3.0,3.0
ND2,3.0,3.0,3.0,3.0,3.0,3.0,3.0,3.0,3.0,3.0,3.0,3.0,3.0,3.0,3.0,3.0,3.0
NDC,3.0,3.0,3.0,3.0,3.0,3.0,3.0,3.0,3.0,3.0,3.0,3.0,3.0,3.0,3.0,3.0,3.0
NDF,0,0,0,3.0,3.0,3.0,5.0,5.0,0,0,0,0,0,0,0,0,0
NDN,2.0,4.0,4.0,4.0,4.0,4.0,5.0,5.0,5.0,5.0,5.0,5.0,4.0,4.0,4.0,4.0,5.0
NDP,4.0,4.0,4.0,4.0,4.0,4.0,4.0,4.0,3.0,3.0,3.0,3.0,3.0,3.0,3.0,3.0,3.0
NDT,0,0,0,0,0,0,3.0,3.0,3.0,3.0,3.0,3.0,3.0,3.0,3.0,3.0,3.0
NDW,0,0,0,0,0,0,0,0,0,3.0,3.0,5.0,5.0,5.0,5.0,5.0,5.0
NDX,0,4.0,4.0,4.0,4.0,4.0,4.0,4.0,4.0,4.0,4.0,4.0,5.0,3.0,3.0,3.0,3.0
NED,0,0,0,0,0,3.0,3.0,3.0,3.0,3.0,3.0,3.0,3.0,3.0,3.0,3.0,3.0
NET,3.0,3.0,3.0,3.0,3.0,3.0,3.0,3.0,3.0,3.0,3.0,3.0,3.0,3.0,3.0,3.0,3.0
NFC,3.0,3.0,3.0,3.0,3.0,3.0,3.0,3.0,3.0,3.0,3.0,3.0,3.0,3.0,3.0,3.0,3.0
NGC,3.0,3.0,5.0,5.0,5.0,5.0,5.0,5.0,5.0,5.0,5.0,5.0,5.0,5.0,0,0,0
NHA,3.0,3.0,3.0,3.0,3.0,3.0,3.0,3.0,3.0,3.0,3.0,3.0,3.0,3.0,3.0,3.0,3.0
NHC,5,5,5,5,5,5,5,5,5,5,5,5,5,5,5,5,5
NHD,0,0,0,0,0,0,0,3.0,3.0,3.0,3.0,3.0,3.0,3.0,3.0,3.0,3.0
NHH,0,0,0,0,0,0,3.0,3.0,3.0,3.0,3.0,3.0,3.0,3.0,3.0,3.0,3.0
NHT,0,0,0,0,0,3.0,3.0,3.0,3.0,3.0,3.0,3.0,3.0,3.0,3.0,3.0,3.0
NHV,0,0,0,0,0,3.0,3.0,3.0,3.0,3.0,3.0,3.0,3.0,0,0,0,3.0
NJC,0,0,0,0,0,0,0,0,3.0,3.0,3.0,3.0,3.0,3.0,3.0,3.0,3.0
NKG,3.0,3.0,3.0,3.0,3.0,3.0,3.0,3.0,3.0,3.0,3.0,3.0,3.0,3.0,3.0,3.0,3.0
NLG,3.0,3.0,3.0,3.0,3.0,3.0,3.0,3.0,3.0,3.0,3.0,3.0,3.0,3.0,3.0,3.0,3.0
NLS,0,0,0,0,0,4.0,4.0,4.0,4.0,4.0,4.0,4.0,3.0,3.0,3.0,3.0,3.0
NNC,4.0,4.0,4.0,4.0,4.0,4.0,4.0,4.0,4.0,4.0,4.0,4.0,4.0,4.0,4.0,4.0,4.0
NNT,3.0,3.0,3.0,3.0,3.0,3.0,3.0,3.0,3.0,3.0,3.0,3.0,3.0,3.0,3.0,3.0,3.0
NO1,0,0,0,0,0,0,0,0,0,3.0,3.0,3.0,3.0,3.0,3.0,3.0,3.0
NOS,4.0,4.0,4.0,4.0,4.0,4.0,3.0,3.0,3.0,3.0,4.0,3.0,5.0,3.0,3.0,3.0,3.0
NQB,0,0,0,0,2.0,2.0,4.0,4.0,4.0,4.0,4.0,4.0,4.0,4.0,4.0,4.0,4.0
NQN,0,0,0,0,0,0,0,4.0,4.0,4.0,4.0,4.0,4.0,4.0,4.0,4.0,4.0
NRC,0,0,0,0,0,0,0,3.0,3.0,3.0,3.0,3.0,3.0,3.0,3.0,3.0,3.0
NSC,4.0,4.0,4.0,4.0,4.0,4.0,4.0,4.0,5.0,5.0,5.0,5.0,5.0,3.0,3.0,3.0,3.0
NSG,2.0,2.0,4.0,4.0,4.0,4.0,4.0,4.0,4.0,4.0,4.0,4.0,4.0,4.0,4.0,4.0,4.0
NSH,0,0,0,0,0,0,3.0,3.0,3.0,3.0,3.0,3.0,3.0,3.0,3.0,3.0,3.0
NSL,0,0,0,0,0,0,0,4.0,4.0,4.0,4.0,4.0,4.0,4.0,3.0,3.0,3.0
NSS,0,0,0,0,0,0,0,3.0,3.0,3.0,3.0,3.0,3.0,3.0,3.0,3.0,3.0
NST,3.0,3.0,3.0,3.0,3.0,3.0,3.0,3.0,3.0,3.0,3.0,3.0,3.0,3.0,3.0,3.0,3.0
NT2,3.0,3.0,3.0,3.0,3.0,3.0,3.0,3.0,3.0,3.0,3.0,3.0,3.0,3.0,3.0,3.0,3.0
NTC,0,4.0,4.0,4.0,4.0,4.0,4.0,4.0,4.0,4.0,4.0,4.0,4.0,4.0,4.0,4.0,4.0
NTF,0,0,0,0,0,0,0,3.0,3.0,3.0,3.0,3.0,3.0,3.0,3.0,3.0,3.0
NTH,0,0,0,0,0,0,0,0,0,4.0,4.0,4.0,4.0,4.0,4.0,4.0,4.0
NTL,5,5,5,5,5,5,5,5,5,5,5,5,5,5,5,5,5
NTP,3.0,3.0,3.0,3.0,3.0,3.0,3.0,3.0,3.0,3.0,3.0,3.0,3.0,3.0,3.0,3.0,3.0
NTT,0,0,0,0,3.0,3.0,3.0,5.0,5.0,3.0,5.0,5.0,5.0,5.0,5.0,5.0,5.0
NTW,3.0,3.0,3.0,3.0,3.0,3.0,3.0,3.0,3.0,3.0,3.0,3.0,3.0,3.0,3.0,3.0,3.0
NUE,0,0,4.0,4.0,4.0,3.0,3.0,3.0,3.0,3.0,3.0,3.0,3.0,3.0,3.0,3.0,3.0
NVL,0,0,0,0,3.0,3.0,3.0,3.0,3.0,3.0,3.0,3.0,3.0,3.0,3.0,3.0,3.0
NVP,0,0,0,0,0,3.0,3.0,3.0,3.0,3.0,3.0,3.0,3.0,3.0,3.0,3.0,3.0
NVT,3.0,3.0,3.0,3.0,3.0,3.0,3.0,3.0,3.0,3.0,3.0,3.0,3.0,3.0,3.0,3.0,3.0
NWT,0,0,0,0,0,1.0,3.0,3.0,3.0,3.0,3.0,3.0,3.0,3.0,3.0,3.0,3.0
NXT,0,0,0,0,0,0,0,0,0,0,0,3.0,3.0,3.0,3.0,3.0,3.0
OCH,3.0,3.0,3.0,3.0,3.0,3.0,3.0,3.0,3.0,3.0,3.0,3.0,3.0,3.0,3.0,3.0,3.0
ODE,0,0,0,0,0,0,0,0,0,0,0,3.0,3.0,3.0,3.0,3.0,3.0
OGC,3.0,3.0,3.0,3.0,3.0,3.0,3.0,3.0,3.0,3.0,3.0,3.0,3.0,3.0,3.0,3.0,3.0
OIL,0,0,0,0,0,3.0,3.0,3.0,0,3.0,3.0,3.0,3.0,3.0,3.0,3.0,3.0
ONE,3.0,3.0,3.0,3.0,3.0,3.0,3.0,3.0,3.0,3.0,3.0,3.0,3.0,3.0,3.0,3.0,3.0
ONW,0,0,0,0,0,0,3.0,3.0,3.0,3.0,3.0,3.0,3.0,3.0,3.0,3.0,3.0
OPC,3.0,3.0,3.0,3.0,3.0,3.0,3.0,3.0,3.0,3.0,3.0,3.0,3.0,3.0,3.0,3.0,3.0
PAC,3.0,3.0,3.0,3.0,3.0,3.0,3.0,3.0,3.0,3.0,3.0,3.0,3.0,3.0,3.0,3.0,3.0
PAI,0,0,0,0,0,3.0,3.0,3.0,3.0,3.0,3.0,3.0,3.0,3.0,3.0,3.0,3.0
PAN,3.0,3.0,3.0,3.0,3.0,3.0,3.0,3.0,3.0,3.0,3.0,3.0,3.0,3.0,3.0,3.0,3.0
PAP,0,0,0,0,0,0,0,0,0,3.0,3.0,3.0,3.0,5.0,5.0,5.0,5.0
PAS,0,0,0,0,0,0,0,0,0,3.0,3.0,3.0,3.0,3.0,3.0,3.0,3.0
PAT,0,0,0,0,0,0,0,0,0,3.0,3.0,3.0,3.0,3.0,3.0,3.0,3.0
PBC,0,0,0,0,0,0,0,3.0,3.0,3.0,5.0,3.0,3.0,3.0,3.0,3.0,3.0
PBP,0,0,3.0,3.0,3.0,3.0,3.0,3.0,3.0,3.0,3.0,3.0,3.0,3.0,3.0,3.0,3.0
PBT,0,0,0,0,0,0,3.0,3.0,3.0,3.0,3.0,3.0,3.0,3.0,3.0,3.0,3.0
PC1,3.0,3.0,3.0,3.0,3.0,3.0,3.0,3.0,3.0,3.0,3.0,3.0,3.0,3.0,3.0,3.0,3.0
PCC,0,0,0,0,0,3.0,3.0,3.0,3.0,3.0,3.0,3.0,3.0,3.0,3.0,3.0,3.0
PCE,0,0,3.0,3.0,3.0,3.0,3.0,3.0,3.0,3.0,3.0,3.0,3.0,3.0,3.0,3.0,3.0
PCF,0,0,3.0,3.0,3.0,3.0,4.0,4.0,4.0,4.0,4.0,4.0,4.0,5.0,5.0,3.0,3.0
PCG,4.0,4.0,4.0,4.0,4.0,4.0,4.0,4.0,4.0,4.0,4.0,4.0,4.0,4.0,4.0,4.0,4.0
PCH,0,0,0,0,0,0,0,0,0,0,1.0,3.0,3.0,3.0,3.0,3.0,3.0
PCM,0,0,0,0,0,0,3.0,3.0,3.0,3.0,3.0,3.0,3.0,3.0,3.0,3.0,3.0
PCT,3.0,3.0,3.0,3.0,3.0,3.0,3.0,3.0,3.0,3.0,3.0,3.0,3.0,5.0,5.0,3.0,5.0
PDB,0,4.0,4.0,4.0,4.0,4.0,3.0,3.0,3.0,3.0,3.0,3.0,3.0,3.0,3.0,3.0,3.0
PDC,3.0,3.0,3.0,3.0,3.0,3.0,3.0,3.0,3.0,3.0,3.0,3.0,3.0,3.0,3.0,3.0,3.0
PDN,3.0,3.0,3.0,5.0,5.0,5.0,5.0,5.0,5.0,5.0,5.0,5.0,5.0,5.0,5.0,5.0,5.0
PDR,3.0,3.0,3.0,3.0,3.0,3.0,3.0,3.0,3.0,3.0,3.0,3.0,3.0,3.0,3.0,3.0,3.0
PDV,0,0,0,3.0,3.0,3.0,3.0,3.0,3.0,3.0,3.0,3.0,3.0,3.0,3.0,3.0,3.0
PEG,0,0,0,0,0,0,3.0,3.0,3.0,3.0,3.0,3.0,3.0,3.0,3.0,3.0,3.0
PEN,3.0,3.0,3.0,3.0,3.0,3.0,3.0,3.0,3.0,3.0,3.0,3.0,3.0,3.0,3.0,3.0,5.0
PEQ,3.0,3.0,3.0,0,3.0,3.0,3.0,3.0,3.0,3.0,3.0,3.0,3.0,3.0,3.0,3.0,3.0
PET,3.0,3.0,3.0,3.0,3.0,3.0,3.0,3.0,3.0,3.0,3.0,3.0,3.0,3.0,3.0,3.0,3.0
PFL,4.0,4.0,3.0,3.0,3.0,3.0,3.0,3.0,3.0,3.0,3.0,3.0,3.0,3.0,3.0,3.0,3.0
PGC,3.0,3.0,3.0,3.0,3.0,3.0,3.0,3.0,3.0,3.0,3.0,3.0,3.0,3.0,3.0,3.0,3.0
PGD,3.0,3.0,3.0,3.0,3.0,3.0,3.0,3.0,3.0,3.0,3.0,3.0,3.0,3.0,3.0,3.0,3.0
PGN,0,0,0,0,0,0,0,0,3.0,3.0,3.0,3.0,3.0,3.0,3.0,3.0,3.0
PGS,3.0,3.0,3.0,3.0,3.0,3.0,3.0,3.0,3.0,3.0,3.0,3.0,3.0,3.0,3.0,3.0,3.0
PGT,5.0,4.0,4.0,4.0,4.0,4.0,4.0,3.0,3.0,3.0,3.0,3.0,3.0,3.0,3.0,3.0,3.0
PGV,0,0,0,0,3.0,3.0,3.0,3.0,3.0,3.0,3.0,3.0,3.0,3.0,3.0,3.0,3.0
PHC,4.0,4.0,4.0,4.0,4.0,4.0,4.0,5.0,5.0,3.0,3.0,3.0,3.0,3.0,3.0,3.0,3.0
PHH,4.0,4.0,4.0,4.0,4.0,4.0,3.0,3.0,3.0,3.0,3.0,3.0,3.0,3.0,3.0,3.0,3.0
PHN,0,0,0,4.0,4.0,4.0,3.0,4.0,4.0,4.0,4.0,4.0,4.0,4.0,4.0,4.0,4.0
PHP,0,0,0,0,1.0,1.0,3.0,3.0,3.0,3.0,3.0,3.0,3.0,3.0,3.0,3.0,3.0
PHR,4.0,4.0,4.0,4.0,4.0,4.0,3.0,3.0,3.0,3.0,3.0,3.0,3.0,3.0,3.0,3.0,3.0
PIA,3.0,3.0,3.0,3.0,3.0,3.0,3.0,3.0,3.0,3.0,3.0,3.0,3.0,3.0,3.0,3.0,3.0
PIC,3.0,3.0,3.0,3.0,3.0,3.0,3.0,3.0,3.0,3.0,3.0,3.0,3.0,3.0,3.0,3.0,3.0
PID,4.0,4.0,4.0,4.0,4.0,4.0,4.0,4.0,4.0,4.0,0,0,0,0,0,0,0
PIS,0,0,0,0,0,3.0,3.0,3.0,3.0,3.0,3.0,3.0,3.0,3.0,3.0,3.0,3.0
PIT,3.0,3.0,3.0,3.0,3.0,3.0,3.0,3.0,3.0,3.0,3.0,3.0,3.0,3.0,3.0,3.0,3.0
PIV,4.0,4.0,4.0,4.0,4.0,4.0,4.0,4.0,4.0,4.0,4.0,4.0,4.0,5.0,4.0,4.0,4.0
PJC,3.0,3.0,3.0,3.0,3.0,3.0,3.0,3.0,3.0,3.0,3.0,3.0,3.0,3.0,3.0,3.0,3.0
PJS,3.0,3.0,3.0,3.0,3.0,3.0,3.0,3.0,3.0,3.0,3.0,3.0,3.0,3.0,3.0,3.0,3.0
PJT,5.0,4.0,5.0,5.0,5.0,5.0,5.0,3.0,3.0,3.0,3.0,3.0,3.0,3.0,3.0,3.0,3.0
PLA,0,0,0,0,0,0,3.0,3.0,3.0,3.0,3.0,3.0,3.0,3.0,3.0,3.0,3.0
PLC,3.0,3.0,3.0,3.0,3.0,3.0,3.0,3.0,3.0,3.0,3.0,3.0,3.0,3.0,3.0,3.0,3.0
PLE,0,0,0,0,0,0,0,0,0,0,3.0,3.0,3.0,3.0,3.0,3.0,3.0
PLO,0,0,0,0,0,0,0,0,0,0,0,0,0,0,0,0,3.0
PLP,0,0,0,0,0,0,4.0,4.0,4.0,4.0,5.0,4.0,3.0,3.0,3.0,3.0,3.0
PLX,0,0,3.0,3.0,3.0,3.0,3.0,3.0,3.0,3.0,3.0,3.0,3.0,3.0,3.0,3.0,3.0
PMB,0,0,1.0,3.0,3.0,3.0,3.0,3.0,3.0,3.0,3.0,3.0,3.0,3.0,3.0,3.0,3.0
PMC,3.0,3.0,3.0,3.0,3.0,3.0,3.0,3.0,3.0,3.0,3.0,3.0,3.0,3.0,3.0,3.0,3.0
PMG,0,0,0,0,0,3.0,3.0,3.0,3.0,3.0,3.0,3.0,3.0,3.0,3.0,3.0,3.0
PMJ,0,0,0,0,3.0,3.0,4.0,4.0,4.0,4.0,4.0,4.0,4.0,4.0,4.0,4.0,4.0
PMP,0,0,3.0,3.0,3.0,3.0,3.0,3.0,3.0,3.0,3.0,3.0,3.0,3.0,3.0,3.0,3.0
PMS,3.0,3.0,3.0,3.0,3.0,3.0,3.0,3.0,3.0,3.0,3.0,3.0,3.0,3.0,3.0,3.0,3.0
PMT,3.0,3.0,3.0,3.0,3.0,3.0,3.0,3.0,3.0,3.0,3.0,3.0,3.0,3.0,3.0,3.0,3.0
PMW,0,0,0,0,0,0,0,0,3.0,3.0,3.0,3.0,3.0,3.0,3.0,3.0,3.0
PNC,4.0,4.0,4.0,4.0,4.0,4.0,4.0,5.0,5.0,5.0,5.0,5.0,3.0,3.0,3.0,3.0,3.0
PND,0,0,0,0,0,3.0,3.0,3.0,3.0,3.0,3.0,3.0,3.0,3.0,3.0,3.0,3.0
PNG,4.0,4.0,4.0,4.0,4.0,4.0,4.0,3.0,3.0,3.0,3.0,3.0,3.0,3.0,3.0,3.0,3.0
PNJ,3.0,3.0,3.0,3.0,3.0,3.0,3.0,3.0,3.0,3.0,3.0,3.0,3.0,3.0,3.0,3.0,3.0
PNP,0,0,0,0,0,0,0,3.0,3.0,3.0,5.0,5.0,5.0,5.0,5.0,5.0,5.0
PNT,4.0,4.0,4.0,4.0,4.0,4.0,4.0,4.0,4.0,4.0,4.0,4.0,4.0,4.0,4.0,4.0,4.0
POB,0,0,0,0,0,0,3.0,3.0,3.0,3.0,3.0,3.0,3.0,3.0,3.0,3.0,3.0
POM,3.0,5.0,3.0,5.0,5.0,5.0,5.0,5.0,5.0,5.0,5.0,5.0,5.0,5.0,4.0,4.0,5.0
POS,0,0,0,3.0,3.0,3.0,3.0,3.0,3.0,3.0,3.0,3.0,3.0,3.0,3.0,3.0,3.0
POT,4.0,3.0,3.0,3.0,3.0,3.0,3.0,3.0,3.0,3.0,3.0,3.0,3.0,3.0,3.0,3.0,3.0
POV,3.0,3.0,3.0,3.0,3.0,3.0,3.0,3.0,3.0,3.0,3.0,3.0,3.0,3.0,3.0,3.0,3.0
POW,0,0,0,0,0,0,3.0,3.0,3.0,3.0,3.0,3.0,3.0,3.0,3.0,3.0,3.0
PPC,3.0,3.0,3.0,3.0,3.0,3.0,3.0,3.0,3.0,3.0,3.0,3.0,3.0,3.0,3.0,3.0,3.0
PPE,4.0,4.0,3.0,3.0,3.0,3.0,3.0,3.0,3.0,3.0,3.0,3.0,3.0,3.0,3.0,3.0,3.0
PPH,0,0,0,0,3.0,3.0,3.0,5.0,5.0,5.0,5.0,5.0,3.0,5.0,5.0,5.0,5.0
PPI,3.0,3.0,3.0,3.0,3.0,3.0,3.0,3.0,3.0,3.0,3.0,3.0,3.0,3.0,0,0,0
PPP,4.0,4.0,4.0,4.0,5.0,3.0,3.0,3.0,3.0,3.0,3.0,3.0,3.0,3.0,3.0,3.0,3.0
PPS,3.0,3.0,3.0,3.0,3.0,3.0,3.0,3.0,3.0,3.0,3.0,3.0,3.0,3.0,3.0,3.0,3.0
PPT,0,0,0,0,0,0,0,0,0,0,3.0,3.0,3.0,3.0,5.0,5.0,5.0
PPY,1.0,3.0,3.0,3.0,3.0,3.0,3.0,3.0,3.0,3.0,3.0,3.0,3.0,3.0,3.0,3.0,3.0
PQN,0,0,0,0,0,0,0,0,3.0,3.0,3.0,3.0,3.0,3.0,3.0,3.0,3.0
PRC,4.0,4.0,4.0,4.0,4.0,4.0,4.0,4.0,4.0,4.0,4.0,4.0,4.0,4.0,4.0,4.0,4.0
PRO,4.0,0,4.0,4.0,4.0,3.0,3.0,3.0,3.0,3.0,3.0,3.0,3.0,3.0,3.0,3.0,3.0
PRT,0,0,0,0,0,0,0,3.0,3.0,3.0,3.0,3.0,3.0,3.0,3.0,3.0,3.0
PSB,3.0,3.0,3.0,3.0,5.0,5.0,4.0,5.0,5.0,5.0,5.0,5.0,5.0,5.0,5.0,5.0,5.0
PSC,3.0,3.0,3.0,3.0,3.0,3.0,3.0,3.0,3.0,3.0,3.0,3.0,3.0,3.0,3.0,3.0,3.0
PSD,0,3.0,3.0,3.0,3.0,3.0,3.0,3.0,3.0,3.0,3.0,3.0,3.0,3.0,3.0,3.0,3.0
PSE,3.0,3.0,3.0,3.0,3.0,3.0,3.0,3.0,3.0,3.0,3.0,3.0,3.0,3.0,3.0,3.0,3.0
PSH,0,0,0,0,0,0,0,0,0,3.0,3.0,3.0,3.0,3.0,3.0,3.0,3.0
PSL,3.0,3.0,3.0,3.0,3.0,3.0,3.0,3.0,3.0,3.0,3.0,3.0,3.0,3.0,3.0,3.0,3.0
PSN,0,0,0,3.0,3.0,3.0,3.0,3.0,3.0,3.0,3.0,3.0,3.0,3.0,3.0,3.0,3.0
PSP,3.0,3.0,3.0,3.0,3.0,3.0,3.0,3.0,3.0,3.0,3.0,3.0,3.0,3.0,3.0,3.0,3.0
PSW,0,0,3.0,3.0,3.0,3.0,3.0,3.0,3.0,3.0,3.0,3.0,3.0,3.0,3.0,3.0,3.0
PTB,4.0,3.0,3.0,3.0,3.0,3.0,3.0,3.0,3.0,3.0,3.0,3.0,3.0,3.0,3.0,3.0,3.0
PTC,3.0,3.0,3.0,3.0,3.0,3.0,3.0,3.0,3.0,3.0,3.0,3.0,3.0,3.0,3.0,3.0,3.0
PTD,3.0,3.0,3.0,3.0,3.0,3.0,3.0,3.0,3.0,3.0,3.0,3.0,3.0,3.0,3.0,3.0,3.0
PTE,3.0,3.0,3.0,3.0,3.0,3.0,3.0,3.0,3.0,3.0,3.0,3.0,3.0,3.0,3.0,3.0,3.0
PTG,3.0,3.0,3.0,3.0,3.0,3.0,3.0,3.0,3.0,3.0,3.0,3.0,3.0,3.0,3.0,3.0,3.0
PTH,3.0,3.0,3.0,3.0,3.0,3.0,3.0,3.0,3.0,3.0,3.0,3.0,3.0,3.0,3.0,3.0,3.0
PTL,3.0,3.0,3.0,3.0,3.0,3.0,3.0,3.0,3.0,3.0,3.0,3.0,3.0,3.0,3.0,3.0,3.0
PTM,4.0,4.0,4.0,4.0,4.0,4.0,4.0,4.0,3.0,0,0,0,0,0,0,3.0,3.0
PTO,0,0,0,0,0,3.0,3.0,3.0,3.0,3.0,3.0,3.0,3.0,3.0,3.0,3.0,3.0
PTP,4.0,4.0,4.0,4.0,4.0,4.0,4.0,4.0,4.0,4.0,4.0,4.0,4.0,4.0,4.0,4.0,4.0
PTS,3.0,3.0,3.0,3.0,3.0,3.0,3.0,3.0,3.0,3.0,3.0,3.0,3.0,3.0,3.0,3.0,3.0
PTT,3.0,3.0,3.0,3.0,3.0,3.0,3.0,3.0,3.0,3.0,3.0,2.0,3.0,3.0,3.0,3.0,3.0
PTV,0,0,0,0,0,0,3.0,3.0,3.0,3.0,3.0,3.0,3.0,3.0,3.0,3.0,3.0
PTX,0,0,0,0,0,0,0,3.0,3.0,3.0,3.0,3.0,3.0,3.0,3.0,3.0,3.0
PVB,3.0,3.0,3.0,3.0,3.0,3.0,3.0,3.0,3.0,3.0,3.0,3.0,3.0,3.0,3.0,3.0,3.0
PVC,4.0,5.0,3.0,3.0,3.0,3.0,3.0,3.0,3.0,3.0,3.0,3.0,3.0,3.0,3.0,3.0,3.0
PVD,3.0,3.0,3.0,3.0,3.0,3.0,3.0,3.0,3.0,3.0,3.0,3.0,3.0,3.0,3.0,3.0,3.0
PVE,3.0,3.0,3.0,3.0,3.0,3.0,3.0,3.0,3.0,3.0,3.0,0,3.0,3.0,0,3.0,3.0
PVG,3.0,3.0,3.0,3.0,3.0,3.0,3.0,3.0,3.0,3.0,3.0,3.0,3.0,3.0,3.0,3.0,3.0
PVH,0,3.0,3.0,3.0,3.0,3.0,3.0,3.0,3.0,3.0,3.0,3.0,3.0,3.0,3.0,3.0,3.0
PVL,4.0,4.0,4.0,4.0,4.0,5.0,5.0,5.0,5.0,5.0,5.0,5.0,5.0,5.0,5.0,5.0,3.0
PVM,0,1.0,3.0,3.0,3.0,3.0,3.0,3.0,3.0,3.0,3.0,3.0,3.0,3.0,3.0,3.0,3.0
PVO,0,3.0,3.0,3.0,3.0,3.0,3.0,3.0,3.0,3.0,3.0,3.0,3.0,3.0,3.0,3.0,3.0
PVP,0,3.0,3.0,3.0,3.0,3.0,3.0,3.0,3.0,3.0,3.0,3.0,3.0,3.0,3.0,3.0,3.0
PVR,3.0,4.0,5.0,5.0,5.0,5.0,5.0,5.0,5.0,5.0,5.0,5.0,5.0,5.0,5.0,5.0,5.0
PVS,3.0,3.0,3.0,3.0,3.0,3.0,3.0,3.0,3.0,3.0,3.0,3.0,3.0,3.0,3.0,3.0,3.0
PVT,3.0,3.0,3.0,3.0,3.0,3.0,3.0,3.0,3.0,3.0,3.0,3.0,3.0,3.0,3.0,3.0,3.0
PVV,3.0,3.0,3.0,3.0,3.0,3.0,3.0,3.0,3.0,3.0,3.0,3.0,3.0,3.0,3.0,3.0,3.0
PVX,3.0,3.0,3.0,3.0,3.0,3.0,3.0,3.0,3.0,3.0,3.0,3.0,3.0,3.0,3.0,3.0,3.0
PVY,0,0,0,0,3.0,3.0,3.0,3.0,3.0,3.0,3.0,3.0,3.0,3.0,3.0,3.0,3.0
PWA,0,0,0,0,0,0,0,0,3.0,3.0,3.0,3.0,3.0,3.0,3.0,3.0,3.0
PWS,0,0,0,0,0,0,3.0,3.0,3.0,3.0,3.0,3.0,3.0,3.0,3.0,3.0,3.0
PXA,3.0,3.0,3.0,5.0,5.0,5.0,5.0,5.0,5.0,3.0,3.0,5.0,5.0,5.0,5.0,3.0,5.0
PXI,3.0,3.0,3.0,3.0,3.0,3.0,3.0,3.0,3.0,3.0,3.0,3.0,3.0,3.0,3.0,3.0,3.0
PXL,3.0,3.0,5.0,5.0,5.0,5.0,5.0,5.0,5.0,3.0,5.0,5.0,3.0,5.0,5.0,5.0,5.0
PXM,3.0,5.0,3.0,5.0,5.0,3.0,3.0,5.0,5.0,5.0,5.0,5.0,5.0,5.0,5.0,5.0,5.0
PXS,3.0,3.0,3.0,3.0,3.0,3.0,3.0,3.0,3.0,3.0,3.0,3.0,3.0,3.0,3.0,3.0,3.0
PXT,3.0,3.0,5.0,5.0,5.0,5.0,3.0,3.0,3.0,3.0,3.0,3.0,3.0,3.0,3.0,3.0,3.0
QBS,0,0,4.0,4.0,4.0,4.0,5.0,3.0,3.0,3.0,3.0,3.0,3.0,3.0,3.0,3.0,3.0
QCC,4.0,4.0,4.0,4.0,4.0,4.0,4.0,4.0,4.0,4.0,4.0,4.0,4.0,4.0,4.0,4.0,4.0
QCG,3.0,3.0,3.0,3.0,3.0,3.0,3.0,3.0,3.0,3.0,3.0,3.0,3.0,3.0,3.0,3.0,3.0
QHD,0,0,0,0,0,0,0,0,4.0,4.0,0,4.0,4.0,4.0,4.0,4.0,4.0
QHW,0,0,0,0,0,1.0,3.0,3.0,3.0,3.0,3.0,3.0,3.0,3.0,3.0,3.0,3.0
QNC,4.0,4.0,4.0,4.0,4.0,4.0,3.0,3.0,3.0,3.0,3.0,3.0,3.0,3.0,3.0,3.0,3.0
QNP,4.0,4.0,4.0,3.0,3.0,3.0,3.0,3.0,3.0,3.0,3.0,3.0,3.0,3.0,3.0,3.0,3.0
QNS,0,0,3.0,3.0,3.0,3.0,3.0,3.0,3.0,3.0,3.0,3.0,3.0,3.0,3.0,3.0,3.0
QNT,0,0,0,0,0,0,0,0,1.0,2.0,4.0,1.0,4.0,3.0,4.0,4.0,4.0
QNU,0,0,0,0,0,4.0,4.0,4.0,4.0,4.0,4.0,4.0,4.0,4.0,4.0,4.0,4.0
QNW,0,0,0,0,0,4.0,4.0,3.0,3.0,3.0,3.0,3.0,3.0,3.0,3.0,3.0,3.0
QPH,0,4.0,4.0,4.0,4.0,4.0,3.0,3.0,3.0,3.0,3.0,3.0,3.0,3.0,3.0,3.0,3.0
QSP,0,0,3.0,3.0,3.0,3.0,3.0,3.0,3.0,3.0,3.0,3.0,3.0,3.0,3.0,3.0,3.0
QST,4.0,4.0,4.0,4.0,4.0,4.0,4.0,4.0,4.0,4.0,4.0,4.0,4.0,4.0,4.0,4.0,4.0
QTC,4.0,4.0,4.0,4.0,4.0,4.0,3.0,3.0,3.0,3.0,3.0,3.0,3.0,3.0,3.0,3.0,3.0
QTP,0,0,0,3.0,3.0,3.0,3.0,3.0,3.0,3.0,3.0,3.0,3.0,3.0,3.0,3.0,3.0
RAL,3.0,3.0,3.0,3.0,3.0,3.0,3.0,3.0,3.0,3.0,3.0,3.0,3.0,3.0,3.0,3.0,3.0
RAT,0,0,3.0,3.0,3.0,3.0,3.0,3.0,3.0,3.0,3.0,3.0,3.0,3.0,3.0,3.0,3.0
RBC,4.0,4.0,4.0,4.0,4.0,4.0,4.0,4.0,4.0,4.0,4.0,4.0,4.0,4.0,4.0,3.0,3.0
RCC,0,3.0,3.0,3.0,3.0,3.0,3.0,3.0,3.0,3.0,3.0,3.0,3.0,3.0,3.0,3.0,3.0
RCD,0,0,3.0,3.0,3.0,3.0,3.0,3.0,3.0,3.0,3.0,3.0,3.0,3.0,0,0,0
RCL,3.0,5.0,4.0,4.0,4.0,4.0,4.0,4.0,4.0,4.0,4.0,4.0,4.0,4.0,4.0,4.0,4.0
REE,3.0,3.0,3.0,3.0,3.0,3.0,3.0,3.0,3.0,3.0,3.0,3.0,3.0,3.0,3.0,3.0,3.0
RGG,0,0,0,0,0,0,0,0,0,0,0,0,0,0,0,3.0,3.0
RIC,3.0,3.0,3.0,3.0,3.0,3.0,3.0,3.0,3.0,3.0,3.0,3.0,3.0,3.0,3.0,3.0,3.0
RTB,0,0,0,0,0,3.0,3.0,3.0,3.0,3.0,3.0,3.0,3.0,3.0,3.0,3.0,3.0
RYG,0,0,0,0,0,0,0,0,0,0,0,0,3.0,3.0,3.0,3.0,3.0
S12,4.0,4.0,4.0,4.0,4.0,5.0,5.0,3.0,3.0,3.0,3.0,3.0,3.0,3.0,3.0,3.0,3.0
S4A,0,0,1.0,2.0,4.0,4.0,4.0,4.0,4.0,4.0,4.0,4.0,4.0,4.0,4.0,4.0,4.0
S55,4.0,4.0,4.0,4.0,4.0,4.0,3.0,3.0,3.0,3.0,3.0,3.0,3.0,3.0,3.0,3.0,3.0
S72,0,0,0,0,0,0,0,0,3.0,3.0,5.0,5.0,5.0,5.0,5.0,5.0,5.0
S74,4.0,4.0,4.0,4.0,4.0,4.0,5.0,3.0,3.0,3.0,3.0,3.0,3.0,3.0,3.0,3.0,3.0
S99,4.0,4.0,4.0,4.0,4.0,5.0,3.0,3.0,3.0,3.0,3.0,3.0,3.0,3.0,3.0,3.0,3.0
SAB,3.0,3.0,3.0,3.0,3.0,3.0,3.0,3.0,3.0,3.0,3.0,3.0,3.0,3.0,3.0,3.0,3.0
SAC,0,4.0,4.0,4.0,4.0,4.0,4.0,4.0,4.0,4.0,4.0,4.0,4.0,4.0,4.0,4.0,4.0
SAF,4.0,4.0,4.0,4.0,4.0,4.0,4.0,4.0,4.0,4.0,4.0,4.0,4.0,4.0,4.0,4.0,4.0
SAL,0,4.0,4.0,4.0,4.0,0,4.0,4.0,4.0,4.0,4.0,4.0,4.0,4.0,4.0,4.0,4.0
SAM,5.0,5.0,5.0,5.0,5.0,5.0,5.0,5.0,5.0,5.0,5.0,3.0,3.0,5.0,5.0,5.0,5.0
SAS,0,3.0,3.0,3.0,3.0,3.0,3.0,3.0,3.0,3.0,3.0,3.0,3.0,3.0,3.0,3.0,3.0
SAV,3.0,3.0,3.0,3.0,3.0,3.0,3.0,3.0,3.0,3.0,3.0,3.0,3.0,3.0,3.0,3.0,3.0
SB1,0,3.0,3.0,3.0,3.0,3.0,3.0,3.0,3.0,3.0,3.0,3.0,3.0,3.0,3.0,3.0,3.0
SBA,4.0,4.0,4.0,4.0,4.0,4.0,4.0,4.0,4.0,4.0,4.0,4.0,4.0,4.0,4.0,4.0,4.0
SBB,0,0,0,0,0,0,0,0,0,0,3.0,3.0,3.0,3.0,3.0,3.0,3.0
SBD,4.0,4.0,4.0,4.0,4.0,4.0,4.0,3.0,3.0,3.0,0,0,0,0,2.0,3.0,3.0
SBG,0,0,0,0,0,0,0,0,0,0,3.0,3.0,3.0,3.0,3.0,3.0,3.0
SBH,0,0,0,0,0,0,0,0,3.0,3.0,3.0,3.0,3.0,3.0,3.0,3.0,3.0
SBL,0,0,0,0,0,3.0,3.0,3.0,3.0,3.0,3.0,3.0,3.0,3.0,3.0,3.0,3.0
SBM,0,0,0,0,0,0,3.0,3.0,3.0,3.0,3.0,3.0,3.0,3.0,3.0,3.0,3.0
SBR,0,0,0,0,0,0,0,0,0,4.0,4.0,4.0,4.0,4.0,4.0,4.0,4.0
SBT,3.0,3.0,3.0,3.0,3.0,3.0,3.0,3.0,3.0,2.0,3.0,3.0,3.0,3.0,3.0,3.0,3.0
SBV,0,0,0,0,0,3.0,3.0,3.0,3.0,3.0,3.0,3.0,3.0,3.0,3.0,3.0,3.0
SC5,3.0,3.0,3.0,3.0,3.0,3.0,3.0,3.0,3.0,3.0,3.0,3.0,3.0,3.0,3.0,3.0,3.0
SCC,3.0,3.0,5.0,3.0,3.0,3.0,3.0,3.0,3.0,3.0,3.0,3.0,3.0,3.0,3.0,3.0,3.0
SCD,5.0,5.0,3.0,3.0,3.0,3.0,3.0,3.0,3.0,3.0,3.0,3.0,3.0,3.0,3.0,3.0,3.0
SCG,0,0,0,0,0,0,0,0,0,0,3.0,3.0,3.0,3.0,3.0,3.0,3.0
SCI,0,0,4.0,4.0,4.0,3.0,3.0,3.0,3.0,3.0,3.0,3.0,3.0,3.0,3.0,3.0,3.0
SCJ,3.0,3.0,3.0,3.0,3.0,3.0,3.0,3.0,3.0,3.0,3.0,3.0,3.0,3.0,3.0,3.0,3.0
SCL,4.0,4.0,4.0,4.0,4.0,4.0,4.0,4.0,5.0,5.0,5.0,5.0,5.0,5.0,5.0,5.0,5.0
SCO,4.0,4.0,4.0,4.0,4.0,4.0,4.0,4.0,4.0,4.0,4.0,4.0,4.0,4.0,4.0,4.0,4.0
SCR,3.0,3.0,5.0,5.0,5.0,5.0,5.0,5.0,5.0,3.0,3.0,3.0,3.0,3.0,3.0,3.0,3.0
SCS,0,0,0,0,3.0,3.0,3.0,3.0,3.0,3.0,3.0,3.0,3.0,3.0,3.0,3.0,3.0
SD2,4.0,4.0,4.0,4.0,4.0,3.0,3.0,3.0,3.0,3.0,3.0,3.0,3.0,3.0,3.0,3.0,3.0
SD3,4.0,4.0,4.0,4.0,4.0,4.0,3.0,3.0,3.0,3.0,3.0,3.0,3.0,3.0,3.0,3.0,3.0
SD4,4.0,4.0,4.0,4.0,4.0,4.0,4.0,3.0,3.0,3.0,3.0,3.0,3.0,3.0,3.0,3.0,3.0
SD5,4.0,4.0,4.0,4.0,4.0,3.0,3.0,3.0,3.0,3.0,3.0,3.0,3.0,3.0,3.0,3.0,3.0
SD6,4.0,4.0,5.0,4.0,4.0,5.0,5.0,5.0,5.0,5.0,3.0,3.0,3.0,3.0,3.0,3.0,3.0
SD7,4.0,4.0,4.0,4.0,4.0,4.0,3.0,3.0,3.0,3.0,3.0,3.0,3.0,3.0,3.0,3.0,3.0
SD8,4.0,4.0,4.0,4.0,4.0,0,0,0,0,0,0,0,0,0,0,0,0
SD9,4.0,4.0,4.0,4.0,4.0,3.0,3.0,3.0,3.0,3.0,3.0,3.0,3.0,3.0,3.0,3.0,3.0
SDA,3.0,3.0,3.0,4.0,4.0,5.0,5.0,5.0,5.0,5.0,5.0,5.0,4.0,4.0,4.0,4.0,4.0
SDC,4.0,4.0,4.0,4.0,4.0,3.0,3.0,3.0,3.0,3.0,3.0,3.0,3.0,3.0,3.0,3.0,3.0
SDD,4.0,4.0,4.0,4.0,4.0,4.0,4.0,4.0,4.0,4.0,4.0,4.0,4.0,4.0,4.0,4.0,4.0
SDG,4.0,4.0,4.0,4.0,4.0,4.0,4.0,4.0,4.0,4.0,4.0,4.0,4.0,4.0,4.0,4.0,3.0
SDK,3.0,3.0,3.0,3.0,3.0,3.0,3.0,3.0,3.0,3.0,3.0,3.0,3.0,3.0,3.0,3.0,3.0
SDN,3.0,5.0,5.0,5.0,5.0,5.0,5.0,5.0,5.0,5.0,5.0,5.0,5.0,5.0,5.0,5.0,5.0
SDP,4.0,4.0,4.0,4.0,4.0,4.0,4.0,4.0,4.0,5.0,5.0,5.0,5.0,5.0,5.0,3.0,5.0
SDT,4.0,4.0,4.0,4.0,4.0,4.0,3.0,3.0,3.0,3.0,3.0,3.0,3.0,3.0,3.0,3.0,3.0
SDU,3.0,4.0,3.0,5.0,5.0,5.0,5.0,3.0,5.0,5.0,5.0,5.0,5.0,5.0,5.0,5.0,5.0
SDV,3.0,3.0,3.0,3.0,3.0,3.0,3.0,3.0,3.0,3.0,3.0,3.0,3.0,3.0,3.0,3.0,3.0
SDY,4.0,4.0,4.0,4.0,4.0,4.0,4.0,4.0,4.0,4.0,3.0,3.0,3.0,3.0,3.0,3.0,3.0
SEA,0,0,2.0,3.0,3.0,3.0,3.0,3.0,3.0,3.0,3.0,3.0,3.0,3.0,3.0,3.0,3.0
SEB,4.0,4.0,4.0,4.0,4.0,4.0,3.0,5.0,5.0,5.0,5.0,5.0,5.0,5.0,5.0,5.0,5.0
SED,4.0,4.0,4.0,4.0,4.0,4.0,4.0,4.0,4.0,4.0,4.0,4.0,4.0,4.0,4.0,4.0,4.0
SEP,0,0,0,0,0,4.0,4.0,3.0,3.0,3.0,3.0,3.0,3.0,3.0,3.0,3.0,3.0
SFC,3.0,3.0,3.0,3.0,3.0,3.0,3.0,3.0,3.0,3.0,3.0,3.0,3.0,3.0,3.0,3.0,3.0
SFG,0,2.0,3.0,3.0,3.0,3.0,3.0,3.0,3.0,3.0,3.0,3.0,3.0,3.0,3.0,3.0,3.0
SFI,5.0,5.0,5.0,5.0,5.0,5.0,5.0,3.0,3.0,3.0,3.0,3.0,3.0,3.0,3.0,3.0,3.0
SFN,4.0,4.0,4.0,4.0,4.0,4.0,4.0,4.0,4.0,4.0,4.0,4.0,4.0,4.0,4.0,4.0,4.0
SGC,4.0,4.0,4.0,5.0,5.0,5.0,5.0,5.0,5.0,5.0,5.0,5.0,3.0,3.0,3.0,3.0,3.0
SGD,4.0,4.0,4.0,4.0,4.0,4.0,3.0,3.0,3.0,3.0,3.0,3.0,3.0,3.0,3.0,3.0,3.0
SGH,3.0,5.0,3.0,5.0,3.0,3.0,5.0,5.0,5.0,5.0,5.0,5.0,5.0,5.0,5.0,5.0,5.0
SGI,0,0,0,0,0,0,0,0,0,3.0,3.0,3.0,3.0,3.0,3.0,3.0,3.0
SGN,0,0,0,0,1.0,3.0,3.0,3.0,3.0,3.0,3.0,3.0,3.0,3.0,3.0,3.0,3.0
SGP,0,0,0,0,0,0,3.0,3.0,3.0,3.0,3.0,3.0,3.0,3.0,3.0,3.0,3.0
SGR,4.0,4.0,4.0,4.0,4.0,4.0,4.0,4.0,3.0,3.0,3.0,3.0,3.0,3.0,3.0,3.0,3.0
SGS,3.0,3.0,3.0,3.0,3.0,3.0,3.0,3.0,3.0,3.0,3.0,3.0,3.0,3.0,3.0,3.0,3.0
SGT,3.0,3.0,3.0,3.0,3.0,3.0,3.0,3.0,3.0,3.0,3.0,3.0,3.0,3.0,3.0,3.0,3.0
SHA,0,3.0,3.0,3.0,3.0,3.0,3.0,3.0,3.0,3.0,3.0,3.0,3.0,3.0,3.0,3.0,3.0
SHC,3.0,3.0,3.0,3.0,3.0,3.0,3.0,3.0,3.0,3.0,3.0,3.0,3.0,3.0,3.0,3.0,3.0
SHE,0,0,0,0,0,0,0,3.0,3.0,3.0,5.0,5.0,5.0,5.0,5.0,5.0,5.0
SHI,3.0,3.0,3.0,3.0,3.0,3.0,3.0,3.0,3.0,3.0,3.0,3.0,3.0,3.0,3.0,3.0,3.0
SHN,4.0,4.0,4.0,4.0,4.0,4.0,5.0,3.0,3.0,3.0,3.0,3.0,3.0,3.0,3.0,3.0,3.0
SHP,3.0,3.0,3.0,3.0,5.0,5.0,3.0,3.0,3.0,3.0,3.0,3.0,3.0,3.0,3.0,3.0,3.0
SID,0,0,0,0,0,3.0,3.0,3.0,3.0,5.0,5.0,5.0,5.0,5.0,5.0,5.0,5.0
SIG,0,0,0,0,0,0,4.0,3.0,3.0,3.0,3.0,3.0,3.0,3.0,3.0,3.0,3.0
SII,4.0,4.0,4.0,4.0,4.0,4.0,4.0,3.0,3.0,3.0,3.0,3.0,3.0,3.0,3.0,3.0,3.0
SIP,0,0,0,0,0,0,0,3.0,3.0,3.0,3.0,3.0,3.0,3.0,3.0,3.0,3.0
SIV,0,0,0,3.0,3.0,3.0,3.0,3.0,3.0,3.0,3.0,3.0,3.0,3.0,3.0,3.0,3.0
SJ1,3.0,3.0,3.0,3.0,3.0,3.0,3.0,3.0,3.0,3.0,3.0,3.0,3.0,3.0,3.0,3.0,3.0
SJD,4.0,4.0,4.0,4.0,4.0,4.0,3.0,3.0,3.0,3.0,3.0,3.0,3.0,3.0,3.0,3.0,3.0
SJE,3.0,5.0,4.0,5.0,5.0,5.0,5.0,5.0,5.0,5.0,5.0,5.0,5.0,5.0,3.0,3.0,3.0
SJF,0,0,0,0,0,3.0,3.0,3.0,5.0,5.0,5.0,5.0,5.0,5.0,5.0,5.0,5.0
SJG,0,0,0,0,0,3.0,3.0,3.0,3.0,3.0,3.0,3.0,3.0,3.0,3.0,3.0,3.0
SJM,4.0,5.0,3.0,3.0,3.0,3.0,3.0,3.0,3.0,3.0,3.0,3.0,3.0,3.0,3.0,3.0,3.0
SJS,5.0,5.0,3.0,3.0,3.0,3.0,3.0,3.0,3.0,3.0,3.0,3.0,3.0,3.0,3.0,3.0,3.0
SKG,0,3.0,3.0,3.0,3.0,3.0,3.0,3.0,3.0,3.0,3.0,3.0,3.0,3.0,3.0,3.0,3.0
SKH,0,0,0,0,0,0,0,3.0,1.0,3.0,3.0,3.0,3.0,3.0,3.0,3.0,3.0
SKN,0,0,0,0,0,0,0,2.0,2.0,3.0,3.0,3.0,3.0,3.0,3.0,3.0,3.0
SKV,0,1.0,2.0,2.0,2.0,2.0,3.0,2.0,3.0,3.0,3.0,3.0,3.0,3.0,3.0,3.0,3.0
SLD,0,0,0,0,0,0,0,3.0,3.0,0,0,3.0,3.0,3.0,3.0,5.0,5.0
SLS,3.0,3.0,3.0,3.0,5.0,5.0,5.0,4.0,4.0,4.0,4.0,4.0,4.0,4.0,4.0,4.0,4.0
SMA,4.0,4.0,4.0,4.0,4.0,4.0,4.0,4.0,4.0,4.0,5.0,4.0,4.0,3.0,3.0,3.0,3.0
SMB,3.0,3.0,3.0,3.0,3.0,3.0,5.0,5.0,5.0,5.0,5.0,5.0,5.0,5.0,3.0,5.0,5.0
SMC,3.0,3.0,5.0,3.0,3.0,3.0,3.0,3.0,3.0,3.0,3.0,3.0,3.0,3.0,3.0,3.0,3.0
SMN,0,1.0,4.0,4.0,4.0,4.0,4.0,4.0,4.0,4.0,4.0,4.0,4.0,4.0,4.0,4.0,4.0
SMT,4.0,4.0,4.0,4.0,4.0,4.0,4.0,4.0,4.0,4.0,4.0,4.0,4.0,4.0,4.0,4.0,3.0
SNC,3.0,3.0,3.0,3.0,3.0,3.0,3.0,3.0,3.0,3.0,3.0,3.0,3.0,3.0,3.0,3.0,3.0
SNZ,0,0,0,0,3.0,3.0,3.0,3.0,3.0,3.0,3.0,3.0,3.0,3.0,3.0,3.0,3.0
SP2,0,0,0,3.0,3.0,3.0,3.0,3.0,3.0,5.0,5.0,5.0,5.0,5.0,5.0,5.0,5.0
SPB,0,0,0,0,0,3.0,3.0,3.0,3.0,3.0,3.0,3.0,3.0,3.0,3.0,5.0,3.0
SPC,4.0,4.0,4.0,4.0,4.0,4.0,3.0,3.0,3.0,3.0,3.0,3.0,3.0,5.0,5.0,5.0,5.0
SPD,4.0,4.0,4.0,4.0,4.0,4.0,4.0,4.0,4.0,4.0,4.0,4.0,4.0,4.0,4.0,4.0,4.0
SPH,4.0,4.0,4.0,4.0,4.0,4.0,4.0,4.0,4.0,4.0,4.0,3.0,3.0,3.0,2.0,3.0,3.0
SPI,4.0,4.0,4.0,4.0,4.0,4.0,5.0,5.0,5.0,5.0,5.0,5.0,5.0,5.0,5.0,0,0
SPM,3.0,3.0,3.0,3.0,3.0,3.0,3.0,3.0,3.0,3.0,3.0,3.0,3.0,3.0,3.0,3.0,3.0
SPV,0,0,0,4.0,4.0,4.0,4.0,3.0,3.0,3.0,3.0,3.0,3.0,3.0,3.0,3.0,3.0
SRA,4.0,4.0,4.0,4.0,4.0,4.0,4.0,4.0,5.0,5.0,5.0,5.0,5.0,5.0,5.0,5.0,5.0
SRB,3.0,4.0,4.0,4.0,4.0,4.0,4.0,4.0,4.0,4.0,4.0,4.0,4.0,4.0,4.0,4.0,4.0
SRC,3.0,3.0,3.0,3.0,3.0,3.0,3.0,3.0,3.0,3.0,3.0,3.0,3.0,3.0,3.0,3.0,3.0
SRF,3.0,3.0,3.0,3.0,3.0,3.0,3.0,3.0,3.0,3.0,3.0,3.0,3.0,3.0,3.0,3.0,3.0
SSC,4.0,4.0,4.0,5.0,5.0,5.0,5.0,5.0,5.0,5.0,5.0,5.0,5.0,5.0,5.0,5.0,3.0
SSG,3.0,3.0,3.0,3.0,3.0,3.0,3.0,3.0,3.0,3.0,3.0,3.0,3.0,3.0,3.0,3.0,3.0
SSH,0,0,0,0,0,0,0,0,0,0,3.0,3.0,3.0,3.0,3.0,3.0,3.0
SSM,4.0,4.0,4.0,4.0,4.0,4.0,4.0,4.0,4.0,4.0,4.0,4.0,4.0,4.0,4.0,4.0,4.0
ST8,3.0,3.0,3.0,3.0,3.0,3.0,3.0,3.0,3.0,3.0,3.0,3.0,3.0,3.0,3.0,3.0,3.0
STC,4.0,4.0,4.0,4.0,4.0,4.0,3.0,3.0,3.0,3.0,3.0,3.0,3.0,3.0,3.0,3.0,3.0
STD,0,0,0,0,0,0,0,4.0,4.0,4.0,3.0,3.0,5.0,3.0,3.0,5.0,3.0
STG,4.0,4.0,3.0,3.0,3.0,3.0,3.0,3.0,3.0,3.0,3.0,3.0,3.0,3.0,3.0,3.0,3.0
STH,0,0,0,0,0,0,0,0,0,3.0,3.0,3.0,3.0,3.0,3.0,3.0,3.0
STK,3.0,3.0,3.0,3.0,3.0,3.0,3.0,3.0,3.0,3.0,3.0,3.0,3.0,3.0,3.0,3.0,3.0
STP,3.0,3.0,4.0,5.0,5.0,5.0,5.0,5.0,5.0,5.0,5.0,5.0,5.0,5.0,5.0,5.0,5.0
STS,4.0,4.0,3.0,3.0,3.0,3.0,3.0,3.0,3.0,3.0,3.0,3.0,3.0,3.0,3.0,3.0,3.0
STT,3.0,3.0,3.0,3.0,3.0,3.0,3.0,3.0,3.0,3.0,3.0,3.0,3.0,3.0,3.0,3.0,3.0
STW,0,0,0,0,0,0,0,3.0,3.0,4.0,4.0,4.0,4.0,4.0,4.0,4.0,4.0
SVC,3.0,3.0,3.0,3.0,3.0,3.0,3.0,3.0,3.0,3.0,3.0,3.0,3.0,3.0,3.0,3.0,3.0
SVD,0,0,0,0,0,0,0,0,0,3.0,3.0,3.0,3.0,3.0,3.0,3.0,3.0
SVG,0,0,0,0,3.0,3.0,3.0,3.0,3.0,3.0,3.0,3.0,3.0,3.0,3.0,3.0,3.0
SVH,0,0,0,0,0,0,4.0,4.0,3.0,5.0,5.0,5.0,5.0,5.0,5.0,5.0,5.0
SVN,3.0,3.0,3.0,3.0,3.0,3.0,3.0,3.0,3.0,3.0,3.0,3.0,3.0,3.0,3.0,3.0,3.0
SVT,3.0,3.0,3.0,5.0,5.0,5.0,5.0,5.0,5.0,5.0,5.0,5.0,5.0,5.0,5.0,5.0,5.0
SWC,4.0,4.0,4.0,4.0,4.0,4.0,4.0,3.0,3.0,3.0,3.0,3.0,3.0,3.0,3.0,3.0,3.0
SZB,0,0,0,0,0,0,0,3.0,3.0,3.0,3.0,3.0,3.0,3.0,3.0,3.0,3.0
SZC,0,3.0,3.0,3.0,3.0,3.0,3.0,3.0,5.0,5.0,5.0,5.0,5.0,5.0,5.0,5.0,5.0
SZE,0,0,0,0,0,0,2.0,3.0,3.0,3.0,3.0,3.0,3.0,3.0,3.0,3.0,3.0
SZG,0,0,0,0,0,0,0,0,0,3.0,3.0,3.0,3.0,3.0,3.0,3.0,3.0
SZL,3.0,3.0,3.0,3.0,3.0,3.0,3.0,3.0,3.0,3.0,3.0,3.0,3.0,3.0,3.0,3.0,3.0
TA6,0,0,0,0,0,0,4.0,4.0,3.0,3.0,3.0,3.0,3.0,3.0,3.0,3.0,4.0
TA9,4.0,4.0,4.0,3.0,3.0,3.0,3.0,5.0,5.0,5.0,5.0,5.0,5.0,5.0,5.0,5.0,5.0
TAB,0,0,0,0,0,0,0,0,0,0,0,0,0,3.0,3.0,3.0,3.0
TAH,0,0,0,0,0,0,0,0,0,0,0,0,0,0,0,0,3.0
TAL,0,0,0,0,0,0,0,0,0,0,0,0,3.0,3.0,3.0,3.0,3.0
TAN,0,0,0,0,0,0,0,3.0,3.0,0,3.0,3.0,3.0,3.0,3.0,3.0,3.0
TAR,0,0,0,0,0,0,0,3.0,3.0,3.0,3.0,3.0,3.0,3.0,3.0,3.0,3.0
TAW,0,0,3.0,3.0,3.0,0,3.0,3.0,3.0,3.0,3.0,3.0,3.0,3.0,3.0,3.0,3.0
TBC,3.0,3.0,3.0,3.0,3.0,3.0,3.0,3.0,3.0,3.0,3.0,3.0,3.0,3.0,3.0,3.0,3.0
TBD,2.0,2.0,2.0,2.0,3.0,3.0,3.0,3.0,5.0,5.0,5.0,5.0,5.0,5.0,3.0,3.0,3.0
TBR,0,0,0,0,0,0,3.0,3.0,3.0,3.0,3.0,3.0,3.0,3.0,3.0,3.0,3.0
TBW,0,0,0,0,0,0,0,0,0,0,0,3.0,3.0,3.0,3.0,3.0,3.0
TCD,0,0,0,0,3.0,3.0,3.0,3.0,3.0,3.0,3.0,3.0,3.0,3.0,3.0,3.0,3.0
TCH,0,0,0,0,3.0,3.0,3.0,3.0,3.0,3.0,3.0,3.0,3.0,3.0,3.0,3.0,3.0
TCJ,0,0,0,4.0,4.0,4.0,4.0,4.0,4.0,4.0,4.0,4.0,4.0,0,4.0,4.0,0
TCK,0,0,0,0,4.0,4.0,4.0,3.0,3.0,3.0,3.0,3.0,3.0,3.0,3.0,3.0,3.0
TCL,3.0,3.0,3.0,3.0,3.0,3.0,3.0,3.0,3.0,3.0,3.0,3.0,3.0,3.0,3.0,3.0,3.0
TCM,3.0,3.0,3.0,3.0,3.0,3.0,3.0,3.0,3.0,3.0,3.0,3.0,3.0,3.0,3.0,3.0,3.0
TCO,4.0,4.0,4.0,4.0,4.0,4.0,4.0,4.0,4.0,4.0,3.0,3.0,3.0,3.0,3.0,3.0,3.0
TCR,3.0,3.0,3.0,3.0,3.0,3.0,3.0,3.0,3.0,3.0,3.0,3.0,3.0,3.0,3.0,3.0,3.0
TCT,3.0,3.0,5.0,5.0,5.0,5.0,5.0,5.0,5.0,5.0,5.0,5.0,5.0,5.0,3.0,3.0,3.0
TCW,0,0,0,3.0,3.0,3.0,3.0,3.0,3.0,3.0,3.0,3.0,3.0,3.0,3.0,3.0,3.0
TD6,0,0,0,0,0,0,0,0,0,0,0,0,0,0,0,3.0,3.0
TDB,0,0,0,0,0,4.0,4.0,4.0,4.0,4.0,4.0,4.0,4.0,4.0,4.0,4.0,4.0
TDC,5.0,5.0,3.0,5.0,5.0,5.0,5.0,3.0,5.0,3.0,3.0,3.0,3.0,3.0,3.0,3.0,3.0
TDF,0,0,0,0,0,0,0,0,4.0,4.0,4.0,4.0,4.0,4.0,4.0,4.0,5.0
TDG,0,0,0,0,0,3.0,3.0,3.0,5.0,5.0,5.0,5.0,5.0,5.0,5.0,3.0,3.0
TDH,4.0,4.0,4.0,4.0,4.0,4.0,4.0,3.0,3.0,3.0,3.0,3.0,3.0,3.0,3.0,3.0,3.0
TDM,0,0,0,0,0,3.0,3.0,3.0,3.0,3.0,3.0,3.0,3.0,3.0,3.0,3.0,3.0
TDP,0,0,0,0,0,0,0,3.0,3.0,3.0,3.0,3.0,3.0,3.0,3.0,3.0,3.0
TDS,3.0,3.0,3.0,3.0,3.0,3.0,3.0,3.0,3.0,3.0,3.0,3.0,3.0,3.0,3.0,3.0,3.0
TDT,0,0,0,0,0,0,0,3.0,3.0,5.0,5.0,5.0,5.0,5.0,5.0,5.0,5.0
TDW,3.0,3.0,3.0,3.0,3.0,3.0,3.0,3.0,3.0,3.0,3.0,3.0,3.0,3.0,3.0,3.0,3.0
TED,0,0,0,0,0,0,0,0,0,3.0,3.0,3.0,3.0,3.0,3.0,3.0,3.0
TEG,0,0,0,0,3.0,3.0,3.0,3.0,3.0,3.0,3.0,3.0,3.0,3.0,3.0,3.0,3.0
TET,4.0,4.0,4.0,4.0,4.0,4.0,4.0,4.0,4.0,4.0,4.0,4.0,4.0,4.0,4.0,4.0,4.0
TFC,0,0,0,0,3.0,3.0,3.0,3.0,3.0,3.0,3.0,3.0,3.0,3.0,3.0,3.0,3.0
TGG,0,0,0,0,0,0,0,4.0,4.0,4.0,5.0,5.0,3.0,3.0,3.0,3.0,3.0
TGP,3.0,3.0,3.0,3.0,3.0,3.0,3.0,3.0,3.0,3.0,3.0,3.0,3.0,3.0,3.0,3.0,3.0
TH1,4.0,4.0,4.0,4.0,4.0,4.0,4.0,4.0,4.0,4.0,4.0,3.0,3.0,3.0,3.0,3.0,3.0
THB,3.0,5.0,5.0,5.0,5.0,5.0,3.0,3.0,3.0,3.0,3.0,3.0,3.0,3.0,3.0,3.0,3.0
THD,0,0,0,0,0,0,0,0,0,3.0,3.0,3.0,3.0,3.0,3.0,3.0,3.0
THG,3.0,3.0,3.0,3.0,3.0,3.0,3.0,3.0,3.0,3.0,3.0,3.0,3.0,3.0,3.0,3.0,3.0
THM,0,0,0,0,0,0,0,0,0,0,0,0,3.0,3.0,3.0,3.0,5.0
THN,0,0,4.0,4.0,4.0,2.0,4.0,4.0,4.0,4.0,4.0,4.0,4.0,4.0,4.0,4.0,4.0
THP,0,0,0,0,0,0,0,3.0,3.0,3.0,3.0,3.0,5.0,5.0,5.0,5.0,5.0
THS,3.0,3.0,3.0,3.0,3.0,3.0,3.0,3.0,3.0,3.0,3.0,3.0,3.0,3.0,3.0,3.0,3.0
THT,3.0,3.0,3.0,3.0,3.0,3.0,3.0,3.0,3.0,3.0,3.0,3.0,3.0,3.0,3.0,3.0,3.0
THU,0,0,0,0,0,4.0,4.0,4.0,4.0,4.0,4.0,4.0,4.0,4.0,4.0,4.0,4.0
THW,0,0,0,3.0,3.0,3.0,3.0,3.0,3.0,3.0,3.0,3.0,3.0,3.0,3.0,3.0,3.0
TID,0,0,0,0,0,0,0,3.0,3.0,3.0,3.0,3.0,3.0,3.0,3.0,3.0,3.0
TIE,3.0,5.0,5.0,5.0,5.0,5.0,3.0,3.0,5.0,5.0,3.0,3.0,3.0,3.0,3.0,3.0,3.0
TIG,3.0,3.0,3.0,3.0,3.0,3.0,3.0,3.0,3.0,3.0,3.0,3.0,3.0,3.0,3.0,3.0,3.0
TIP,3.0,3.0,3.0,3.0,3.0,3.0,3.0,3.0,3.0,3.0,3.0,3.0,3.0,3.0,3.0,3.0,3.0
TIS,1.0,3.0,3.0,3.0,3.0,3.0,3.0,3.0,3.0,3.0,3.0,3.0,3.0,3.0,3.0,3.0,3.0
TIX,2.0,4.0,4.0,4.0,4.0,4.0,4.0,4.0,4.0,4.0,4.0,4.0,4.0,4.0,4.0,4.0,4.0
TJC,4.0,4.0,4.0,4.0,4.0,4.0,4.0,4.0,4.0,4.0,4.0,4.0,4.0,4.0,3.0,3.0,3.0
TKA,0,0,0,0,0,0,0,0,0,3.0,3.0,3.0,3.0,3.0,3.0,3.0,3.0
TKU,3.0,3.0,3.0,3.0,3.0,3.0,3.0,3.0,3.0,3.0,3.0,3.0,3.0,3.0,3.0,3.0,3.0
TL4,4.0,4.0,4.0,4.0,4.0,4.0,5.0,3.0,3.0,3.0,3.0,3.0,3.0,3.0,3.0,3.0,3.0
TLD,0,0,0,0,0,3.0,3.0,3.0,3.0,3.0,3.0,3.0,3.0,3.0,3.0,3.0,3.0
TLG,3.0,3.0,3.0,3.0,3.0,3.0,3.0,3.0,3.0,3.0,3.0,3.0,3.0,3.0,3.0,3.0,3.0
TLH,3.0,3.0,3.0,3.0,3.0,3.0,3.0,3.0,3.0,3.0,3.0,3.0,3.0,3.0,3.0,3.0,3.0
TLP,0,0,0,0,0,4.0,4.0,4.0,4.0,3.0,5.0,5.0,5.0,3.0,5.0,5.0,5.0
TLT,3.0,5.0,3.0,4.0,4.0,4.0,3.0,3.0,3.0,3.0,3.0,3.0,3.0,3.0,3.0,3.0,3.0
TMB,3.0,3.0,3.0,3.0,3.0,3.0,3.0,3.0,3.0,3.0,3.0,3.0,3.0,3.0,3.0,3.0,3.0
TMC,4.0,4.0,4.0,4.0,4.0,3.0,3.0,3.0,3.0,3.0,3.0,3.0,3.0,3.0,3.0,3.0,3.0
TMG,0,0,0,0,0,3.0,3.0,3.0,3.0,3.0,3.0,3.0,3.0,3.0,3.0,3.0,3.0
TMP,3.0,3.0,3.0,3.0,3.0,3.0,3.0,3.0,3.0,3.0,3.0,3.0,3.0,3.0,3.0,3.0,3.0
TMS,5.0,4.0,2.0,3.0,5.0,5.0,3.0,3.0,3.0,3.0,3.0,3.0,3.0,3.0,3.0,3.0,3.0
TMT,4.0,4.0,4.0,4.0,4.0,4.0,4.0,4.0,4.0,4.0,4.0,4.0,3.0,3.0,3.0,3.0,3.0
TMW,3.0,3.0,3.0,3.0,3.0,3.0,3.0,3.0,3.0,3.0,3.0,3.0,3.0,3.0,3.0,3.0,3.0
TMX,3.0,3.0,3.0,3.0,3.0,3.0,3.0,3.0,3.0,3.0,3.0,3.0,3.0,3.0,3.0,3.0,3.0
TN1,0,0,0,0,0,0,0,0,3.0,3.0,3.0,3.0,3.0,3.0,3.0,3.0,3.0
TNA,5.0,5.0,5.0,5.0,5.0,5.0,5.0,3.0,3.0,3.0,3.0,3.0,3.0,3.0,3.0,3.0,3.0
TNB,3.0,3.0,3.0,3.0,3.0,3.0,3.0,3.0,3.0,3.0,3.0,3.0,3.0,3.0,3.0,3.0,3.0
TNC,3.0,3.0,3.0,3.0,3.0,3.0,3.0,3.0,3.0,3.0,3.0,3.0,3.0,3.0,3.0,3.0,3.0
TNG,5,5,5,5,5,5,5,5,5,5,5,5,5,5,5,5,5
TNH,0,0,0,0,0,0,0,0,3.0,3.0,3.0,3.0,3.0,3.0,3.0,3.0,3.0
TNI,3.0,3.0,0,0,3.0,3.0,3.0,3.0,3.0,3.0,3.0,3.0,3.0,3.0,3.0,3.0,3.0
TNP,0,4.0,4.0,4.0,4.0,4.0,4.0,4.0,4.0,3.0,3.0,3.0,3.0,3.0,3.0,3.0,3.0
TNS,0,3.0,3.0,3.0,3.0,3.0,3.0,3.0,3.0,3.0,3.0,3.0,3.0,3.0,3.0,3.0,3.0
TNT,4.0,4.0,4.0,4.0,4.0,4.0,3.0,3.0,3.0,3.0,3.0,3.0,3.0,3.0,3.0,3.0,3.0
TNV,0,0,0,3.0,3.0,3.0,4.0,0,3.0,3.0,3.0,3.0,3.0,3.0,3.0,3.0,3.0
TNW,0,0,0,0,0,0,0,3.0,3.0,3.0,3.0,3.0,3.0,3.0,3.0,3.0,3.0
TOP,0,0,0,0,4.0,4.0,3.0,3.0,3.0,5.0,3.0,3.0,3.0,3.0,0,4.0,5.0
TOS,0,0,0,0,0,0,0,0,0,0,3.0,3.0,3.0,3.0,3.0,3.0,3.0
TOT,0,0,0,0,0,0,3.0,3.0,3.0,3.0,3.0,3.0,3.0,3.0,3.0,3.0,3.0
TOW,0,0,0,0,0,0,0,0,4.0,4.0,4.0,4.0,4.0,4.0,4.0,4.0,4.0
TPC,3.0,5.0,5.0,5.0,5.0,5.0,5.0,5.0,5.0,5.0,3.0,3.0,3.0,3.0,3.0,3.0,3.0
TPP,5.0,5.0,5.0,5.0,5.0,5.0,3.0,3.0,3.0,3.0,3.0,3.0,3.0,3.0,3.0,3.0,3.0
TPS,0,0,0,0,3.0,3.0,3.0,3.0,3.0,3.0,3.0,3.0,3.0,3.0,3.0,3.0,3.0
TQW,0,0,0,0,0,0,0,0,1.0,3.0,3.0,3.0,3.0,3.0,3.0,3.0,3.0
TR1,0,0,0,0,0,0,0,0,3.0,3.0,3.0,3.0,3.0,3.0,3.0,3.0,3.0
TRA,4.0,4.0,4.0,5.0,3.0,3.0,3.0,3.0,3.0,3.0,3.0,3.0,3.0,3.0,3.0,3.0,3.0
TRC,4.0,4.0,4.0,4.0,4.0,4.0,3.0,3.0,3.0,3.0,3.0,3.0,3.0,3.0,3.0,3.0,3.0
TRS,0,0,0,0,3.0,3.0,3.0,3.0,3.0,3.0,3.0,3.0,3.0,3.0,3.0,3.0,3.0
TRT,0,0,0,3.0,3.0,3.0,3.0,3.0,3.0,3.0,3.0,3.0,3.0,3.0,3.0,3.0,3.0
TRV,0,0,0,0,0,0,0,0,0,0,0,0,0,0,0,3.0,3.0
TS3,0,0,0,0,0,4.0,4.0,4.0,0,4.0,4.0,4.0,4.0,4.0,4.0,4.0,4.0
TSA,0,0,0,0,0,0,0,0,0,0,0,0,3.0,3.0,3.0,3.0,3.0
TSB,4.0,4.0,3.0,3.0,3.0,3.0,3.0,3.0,3.0,3.0,3.0,3.0,3.0,3.0,3.0,3.0,3.0
TSC,4.0,4.0,4.0,4.0,4.0,5.0,3.0,3.0,3.0,3.0,3.0,3.0,3.0,3.0,3.0,3.0,3.0
TSD,0,0,0,0,0,0,0,1.0,4.0,4.0,4.0,4.0,4.0,4.0,4.0,4.0,4.0
TSG,0,0,0,0,0,0,4.0,4.0,4.0,4.0,4.0,4.0,4.0,4.0,4.0,4.0,4.0
TSJ,0,0,0,0,0,0,4.0,3.0,3.0,5.0,3.0,3.0,3.0,3.0,3.0,3.0,3.0
TST,3.0,3.0,3.0,3.0,3.0,3.0,3.0,3.0,3.0,3.0,3.0,3.0,3.0,3.0,3.0,0,3.0
TT6,0,0,0,0,0,0,0,0,0,0,0,0,3.0,3.0,3.0,5.0,5.0
TTA,0,0,0,0,0,0,0,0,0,3.0,3.0,3.0,3.0,3.0,3.0,3.0,3.0
TTB,0,4.0,4.0,4.0,4.0,4.0,5.0,3.0,3.0,3.0,3.0,3.0,3.0,3.0,3.0,3.0,0
TTC,3.0,5.0,5.0,5.0,5.0,5.0,5.0,5.0,5.0,5.0,5.0,5.0,5.0,5.0,5.0,5.0,5.0
TTD,0,0,3.0,3.0,3.0,3.0,3.0,3.0,3.0,3.0,3.0,3.0,3.0,3.0,3.0,3.0,3.0
TTE,0,0,0,0,0,0,3.0,3.0,3.0,3.0,3.0,3.0,3.0,3.0,3.0,3.0,3.0
TTF,5.0,5.0,5.0,5.0,5.0,5.0,3.0,3.0,3.0,3.0,3.0,3.0,3.0,3.0,3.0,3.0,3.0
TTG,3.0,3.0,3.0,3.0,3.0,3.0,3.0,3.0,3.0,3.0,3.0,3.0,3.0,3.0,3.0,3.0,3.0
TTH,0,0,0,0,0,3.0,3.0,3.0,3.0,3.0,3.0,3.0,3.0,3.0,3.0,3.0,3.0
TTL,0,0,0,0,0,0,4.0,4.0,4.0,4.0,4.0,4.0,3.0,3.0,3.0,3.0,3.0
TTN,0,0,0,0,0,3.0,3.0,3.0,5.0,5.0,3.0,3.0,3.0,3.0,3.0,3.0,3.0
TTS,0,0,0,0,0,0,3.0,3.0,3.0,3.0,3.0,3.0,3.0,3.0,3.0,3.0,3.0
TTT,0,0,3.0,3.0,3.0,3.0,3.0,3.0,3.0,3.0,3.0,3.0,3.0,3.0,3.0,3.0,3.0
TTZ,2.0,3.0,3.0,3.0,3.0,3.0,3.0,3.0,3.0,3.0,3.0,3.0,3.0,3.0,3.0,0,0
TUG,0,0,4.0,4.0,4.0,4.0,4.0,4.0,3.0,3.0,3.0,3.0,3.0,3.0,3.0,3.0,3.0
TV1,3.0,3.0,3.0,3.0,3.0,3.0,3.0,3.0,3.0,3.0,3.0,3.0,3.0,3.0,3.0,3.0,3.0
TV2,3.0,3.0,3.0,3.0,3.0,3.0,3.0,3.0,3.0,3.0,3.0,3.0,3.0,3.0,3.0,3.0,3.0
TV3,3.0,3.0,3.0,3.0,3.0,3.0,3.0,3.0,3.0,3.0,3.0,3.0,3.0,3.0,3.0,3.0,3.0
TV4,3.0,3.0,3.0,3.0,3.0,3.0,3.0,3.0,3.0,3.0,3.0,3.0,3.0,3.0,3.0,3.0,3.0
TV6,0,0,0,0,0,0,0,0,0,3.0,3.0,3.0,3.0,3.0,3.0,3.0,3.0
TVA,0,0,0,0,0,3.0,3.0,3.0,3.0,3.0,3.0,3.0,3.0,3.0,3.0,3.0,3.0
TVD,3.0,3.0,3.0,3.0,3.0,3.0,3.0,3.0,3.0,3.0,3.0,3.0,3.0,3.0,3.0,3.0,3.0
TVG,4.0,4.0,4.0,4.0,4.0,4.0,4.0,4.0,3.0,3.0,3.0,4.0,4.0,4.0,4.0,4.0,4.0
TVH,0,0,0,0,0,0,0,4.0,4.0,4.0,4.0,4.0,4.0,4.0,4.0,4.0,4.0
TVM,3.0,3.0,2.0,3.0,3.0,3.0,3.0,3.0,3.0,3.0,3.0,3.0,3.0,3.0,3.0,3.0,3.0
TVN,0,3.0,3.0,3.0,3.0,3.0,3.0,3.0,3.0,3.0,3.0,3.0,3.0,3.0,3.0,3.0,3.0
TVT,0,0,0,0,3.0,3.0,3.0,3.0,3.0,3.0,3.0,3.0,3.0,3.0,3.0,3.0,3.0
TW3,0,0,0,0,4.0,3.0,3.0,3.0,3.0,3.0,3.0,3.0,3.0,3.0,3.0,3.0,3.0
TXM,3.0,3.0,3.0,3.0,3.0,3.0,3.0,3.0,3.0,3.0,3.0,3.0,3.0,3.0,3.0,3.0,3.0
TYA,3.0,3.0,3.0,3.0,3.0,3.0,3.0,3.0,3.0,3.0,3.0,3.0,3.0,3.0,3.0,3.0,3.0
UCT,0,0,0,0,0,0,4.0,4.0,4.0,4.0,4.0,4.0,4.0,4.0,4.0,4.0,4.0
UDC,3.0,4.0,4.0,4.0,4.0,4.0,5.0,3.0,3.0,3.0,3.0,3.0,3.0,3.0,3.0,3.0,3.0
UDJ,3.0,3.0,3.0,5.0,5.0,5.0,5.0,5.0,5.0,3.0,3.0,3.0,3.0,3.0,3.0,3.0,3.0
UDL,0,0,0,0,0,0,0,0,4.0,4.0,4.0,4.0,4.0,4.0,4.0,4.0,4.0
UEM,3.0,3.0,3.0,3.0,3.0,3.0,3.0,3.0,3.0,3.0,3.0,3.0,3.0,3.0,3.0,3.0,3.0
UIC,4.0,4.0,4.0,4.0,4.0,4.0,4.0,4.0,4.0,4.0,3.0,3.0,3.0,3.0,3.0,3.0,3.0
UMC,0,0,0,0,0,0,0,4.0,4.0,4.0,4.0,4.0,4.0,4.0,4.0,4.0,4.0
UNI,3.0,3.0,3.0,3.0,3.0,3.0,3.0,3.0,3.0,3.0,3.0,3.0,3.0,3.0,3.0,3.0,3.0
UPC,4.0,4.0,4.0,4.0,4.0,4.0,4.0,4.0,4.0,4.0,4.0,4.0,3.0,3.0,3.0,3.0,3.0
UPH,0,4.0,4.0,4.0,4.0,4.0,4.0,3.0,3.0,3.0,3.0,3.0,3.0,3.0,3.0,3.0,3.0
USC,0,4.0,4.0,3.0,3.0,1.0,3.0,3.0,3.0,3.0,3.0,3.0,3.0,3.0,3.0,3.0,3.0
USD,0,0,0,0,0,0,0,4.0,4.0,4.0,4.0,4.0,4.0,4.0,4.0,4.0,4.0
UTT,0,0,0,0,0,0,0,0,0,0,0,0,0,0,0,4.0,4.0
UXC,0,0,0,0,0,0,4.0,4.0,4.0,4.0,4.0,4.0,4.0,4.0,4.0,4.0,4.0
V12,3.0,3.0,3.0,3.0,3.0,3.0,3.0,3.0,3.0,3.0,3.0,3.0,3.0,3.0,3.0,3.0,3.0
V21,3.0,3.0,3.0,3.0,3.0,3.0,3.0,3.0,3.0,3.0,3.0,3.0,3.0,3.0,3.0,3.0,3.0
VAF,0,3.0,3.0,3.0,3.0,3.0,3.0,3.0,3.0,3.0,3.0,3.0,3.0,3.0,3.0,3.0,3.0
VAV,0,0,0,0,0,0,3.0,3.0,3.0,3.0,3.0,3.0,3.0,3.0,3.0,3.0,3.0
VBC,3.0,4.0,4.0,5.0,5.0,5.0,5.0,4.0,4.0,4.0,5.0,4.0,4.0,4.0,4.0,4.0,4.0
VBG,0,0,0,0,0,0,0,3.0,3.0,3.0,3.0,3.0,3.0,3.0,3.0,3.0,3.0
VBH,3.0,5.0,5.0,5.0,5.0,5.0,5.0,5.0,5.0,4.0,4.0,4.0,4.0,4.0,4.0,4.0,3.0
VBT,0,0,0,0,0,0,0,0,0,0,0,0,0,0,0,0,3.0
VC1,3.0,3.0,3.0,3.0,3.0,3.0,3.0,3.0,3.0,3.0,3.0,3.0,3.0,3.0,3.0,3.0,3.0
VC2,3.0,3.0,3.0,3.0,3.0,3.0,3.0,3.0,3.0,3.0,3.0,3.0,3.0,3.0,3.0,3.0,3.0
VC3,3.0,3.0,3.0,3.0,3.0,3.0,3.0,3.0,3.0,3.0,3.0,3.0,3.0,3.0,3.0,3.0,3.0
VC6,3.0,3.0,3.0,3.0,3.0,3.0,3.0,3.0,3.0,3.0,3.0,3.0,3.0,3.0,3.0,3.0,3.0
VC7,3.0,3.0,3.0,3.0,3.0,3.0,3.0,3.0,3.0,3.0,3.0,3.0,3.0,3.0,3.0,3.0,3.0
VC9,3.0,3.0,3.0,3.0,3.0,3.0,3.0,3.0,3.0,3.0,3.0,3.0,3.0,3.0,3.0,3.0,3.0
VCA,3.0,3.0,3.0,3.0,3.0,3.0,3.0,3.0,3.0,3.0,3.0,3.0,3.0,3.0,3.0,3.0,3.0
VCC,4.0,4.0,3.0,3.0,3.0,3.0,3.0,3.0,3.0,3.0,3.0,3.0,3.0,3.0,3.0,3.0,3.0
VCE,0,0,0,0,3.0,3.0,3.0,3.0,3.0,3.0,3.0,3.0,3.0,3.0,3.0,3.0,3.0
VCF,3.0,3.0,5.0,5.0,3.0,3.0,3.0,3.0,3.0,3.0,3.0,3.0,3.0,3.0,3.0,3.0,3.0
VCG,3.0,3.0,3.0,3.0,3.0,3.0,3.0,3.0,3.0,3.0,3.0,3.0,3.0,3.0,3.0,3.0,3.0
VCM,3.0,3.0,3.0,3.0,3.0,3.0,3.0,3.0,3.0,3.0,3.0,3.0,3.0,3.0,3.0,3.0,3.0
VCP,3.0,3.0,3.0,3.0,3.0,3.0,3.0,3.0,3.0,3.0,3.0,3.0,3.0,3.0,3.0,3.0,3.0
VCR,3.0,3.0,3.0,3.0,3.0,3.0,3.0,3.0,3.0,3.0,3.0,3.0,3.0,3.0,3.0,3.0,3.0
VCS,3.0,5.0,5.0,5.0,5.0,5.0,5.0,3.0,3.0,5.0,3.0,3.0,3.0,3.0,3.0,3.0,3.0
VCT,3.0,3.0,3.0,3.0,3.0,3.0,3.0,3.0,3.0,3.0,3.0,3.0,3.0,3.0,3.0,3.0,3.0
VCX,2.0,3.0,3.0,3.0,3.0,3.0,3.0,3.0,3.0,3.0,3.0,3.0,3.0,3.0,3.0,3.0,3.0
VDB,0,0,0,0,0,0,3.0,3.0,0,3.0,3.0,3.0,3.0,3.0,3.0,3.0,3.0
VDG,0,0,0,0,0,0,0,0,0,0,0,0,3.0,3.0,3.0,3.0,3.0
VDL,4.0,4.0,4.0,4.0,4.0,4.0,5.0,5.0,5.0,4.0,4.0,4.0,4.0,2.0,4.0,4.0,4.0
VDN,4.0,4.0,4.0,3.0,3.0,3.0,3.0,3.0,3.0,3.0,3.0,3.0,3.0,3.0,3.0,3.0,3.0
VDP,3.0,3.0,3.0,3.0,3.0,3.0,3.0,3.0,3.0,3.0,3.0,3.0,3.0,3.0,3.0,3.0,3.0
VDT,3.0,3.0,3.0,3.0,3.0,3.0,3.0,3.0,3.0,3.0,3.0,3.0,3.0,3.0,3.0,3.0,3.0
VE1,4.0,4.0,4.0,4.0,4.0,4.0,4.0,4.0,4.0,4.0,4.0,4.0,4.0,4.0,4.0,4.0,4.0
VE3,4.0,4.0,4.0,4.0,4.0,4.0,4.0,4.0,4.0,4.0,4.0,4.0,4.0,4.0,4.0,5.0,3.0
VE4,0,4.0,4.0,4.0,4.0,4.0,4.0,4.0,4.0,4.0,4.0,4.0,4.0,4.0,4.0,4.0,4.0
VE8,4.0,4.0,4.0,4.0,4.0,4.0,4.0,4.0,4.0,4.0,4.0,4.0,4.0,4.0,4.0,3.0,0
VE9,4.0,4.0,4.0,5.0,5.0,3.0,3.0,3.0,3.0,3.0,3.0,3.0,3.0,3.0,3.0,3.0,3.0
VEA,0,0,0,0,0,0,3.0,3.0,3.0,3.0,3.0,3.0,3.0,3.0,3.0,3.0,3.0
VEC,0,0,0,0,0,4.0,4.0,4.0,3.0,5.0,5.0,5.0,5.0,5.0,5.0,5.0,3.0
VEF,0,0,3.0,3.0,3.0,3.0,3.0,3.0,3.0,3.0,3.0,3.0,3.0,3.0,3.0,3.0,3.0
VES,4.0,4.0,4.0,4.0,4.0,2.0,4.0,4.0,4.0,4.0,4.0,4.0,4.0,4.0,4.0,4.0,3.0
VET,0,0,0,0,0,0,3.0,3.0,3.0,3.0,3.0,3.0,3.0,3.0,3.0,3.0,3.0
VFC,4.0,4.0,4.0,4.0,4.0,3.0,3.0,3.0,3.0,3.0,3.0,3.0,3.0,3.0,3.0,3.0,3.0
VFG,5.0,4.0,4.0,4.0,4.0,4.0,4.0,5.0,3.0,3.0,3.0,3.0,3.0,3.0,3.0,3.0,3.0
VFR,3.0,5.0,5.0,5.0,5.0,5.0,5.0,3.0,3.0,3.0,3.0,3.0,3.0,3.0,3.0,3.0,3.0
VGC,0,0,0,4.0,4.0,4.0,3.0,3.0,3.0,3.0,3.0,3.0,3.0,3.0,3.0,3.0,5.0
VGG,3.0,3.0,2.0,3.0,3.0,3.0,3.0,5.0,5.0,5.0,5.0,5.0,5.0,5.0,5.0,5.0,5.0
VGI,0,0,0,0,0,0,3.0,3.0,3.0,3.0,3.0,3.0,3.0,3.0,3.0,3.0,3.0
VGL,0,0,0,0,2.0,2.0,3.0,3.0,3.0,3.0,3.0,3.0,3.0,3.0,3.0,3.0,3.0
VGP,3.0,3.0,3.0,3.0,3.0,3.0,3.0,3.0,3.0,3.0,3.0,3.0,3.0,3.0,3.0,3.0,3.0
VGR,0,0,0,0,0,0,3.0,3.0,3.0,5.0,3.0,3.0,3.0,3.0,3.0,3.0,3.0
VGS,3.0,3.0,3.0,3.0,3.0,3.0,3.0,3.0,3.0,3.0,3.0,3.0,3.0,3.0,3.0,3.0,3.0
VGT,0,0,0,0,0,2.0,3.0,3.0,3.0,3.0,3.0,3.0,3.0,3.0,3.0,3.0,3.0
VGV,0,0,0,0,4.0,4.0,3.0,3.0,3.0,3.0,3.0,3.0,3.0,3.0,3.0,3.0,3.0
VHC,3.0,3.0,3.0,3.0,3.0,3.0,3.0,3.0,3.0,3.0,3.0,3.0,3.0,3.0,3.0,3.0,3.0
VHD,0,0,0,0,0,0,3.0,3.0,3.0,3.0,3.0,3.0,3.0,3.0,3.0,3.0,3.0
VHE,0,0,0,0,0,0,0,3.0,3.0,3.0,3.0,3.0,3.0,3.0,3.0,3.0,3.0
VHF,3.0,3.0,3.0,3.0,3.0,3.0,3.0,3.0,3.0,3.0,3.0,3.0,3.0,3.0,3.0,3.0,3.0
VHG,4.0,4.0,4.0,4.0,4.0,4.0,3.0,3.0,3.0,3.0,3.0,3.0,3.0,3.0,3.0,3.0,3.0
VHH,4.0,4.0,4.0,4.0,4.0,4.0,3.0,3.0,3.0,3.0,3.0,3.0,3.0,3.0,3.0,3.0,3.0
VHL,3.0,3.0,3.0,4.0,4.0,4.0,3.0,3.0,3.0,3.0,3.0,3.0,3.0,3.0,3.0,3.0,3.0
VHM,0,0,0,0,0,0,0,3.0,3.0,3.0,3.0,3.0,3.0,3.0,3.0,3.0,3.0
VIC,3.0,3.0,3.0,3.0,3.0,3.0,3.0,3.0,3.0,3.0,3.0,3.0,3.0,3.0,3.0,3.0,3.0
VID,4.0,4.0,4.0,4.0,3.0,5.0,3.0,5.0,5.0,5.0,5.0,5.0,3.0,3.0,3.0,3.0,3.0
VIE,4.0,4.0,4.0,4.0,4.0,4.0,4.0,4.0,4.0,4.0,4.0,4.0,4.0,4.0,4.0,4.0,4.0
VIF,0,0,4.0,4.0,4.0,4.0,3.0,3.0,3.0,3.0,3.0,3.0,3.0,3.0,3.0,3.0,3.0
VIH,0,0,0,0,0,0,3.0,3.0,3.0,3.0,3.0,2.0,3.0,3.0,3.0,3.0,3.0
VIM,0,0,0,0,0,0,3.0,3.0,3.0,3.0,3.0,2.0,3.0,3.0,3.0,3.0,3.0
VIN,0,4.0,3.0,3.0,3.0,3.0,3.0,3.0,3.0,3.0,3.0,3.0,3.0,3.0,3.0,3.0,3.0
VIP,3.0,3.0,3.0,3.0,3.0,3.0,3.0,3.0,3.0,3.0,3.0,3.0,3.0,3.0,3.0,3.0,3.0
VIR,3.0,3.0,3.0,3.0,3.0,3.0,3.0,3.0,3.0,3.0,3.0,3.0,3.0,3.0,3.0,3.0,3.0
VIT,3.0,3.0,3.0,3.0,3.0,3.0,3.0,3.0,3.0,3.0,3.0,3.0,3.0,3.0,3.0,3.0,3.0
VIW,0,0,0,0,4.0,4.0,3.0,3.0,3.0,3.0,3.0,3.0,3.0,3.0,3.0,3.0,3.0
VJC,0,0,0,0,3.0,3.0,3.0,3.0,3.0,3.0,3.0,3.0,3.0,3.0,3.0,3.0,3.0
VKC,3.0,5.0,5.0,5.0,5.0,5.0,5.0,5.0,5.0,5.0,5.0,5.0,5.0,5.0,5.0,5.0,5.0
VLA,4.0,4.0,4.0,4.0,4.0,4.0,4.0,4.0,4.0,4.0,4.0,4.0,5.0,3.0,3.0,3.0,3.0
VLB,0,0,3.0,3.0,3.0,3.0,1.0,3.0,3.0,3.0,3.0,3.0,3.0,3.0,3.0,3.0,3.0
VLC,0,0,0,0,1.0,4.0,3.0,3.0,3.0,3.0,3.0,3.0,3.0,3.0,3.0,3.0,3.0
VLG,2.0,2.0,4.0,4.0,4.0,4.0,4.0,3.0,3.0,3.0,3.0,3.0,3.0,3.0,3.0,3.0,3.0
VLP,0,0,0,0,0,2.0,4.0,4.0,4.0,4.0,4.0,4.0,4.0,3.0,3.0,3.0,3.0
VLS,0,0,0,0,0,0,0,0,0,0,0,0,0,0,0,3.0,3.0
VLW,0,0,0,0,0,3.0,3.0,3.0,5.0,5.0,5.0,5.0,5.0,5.0,5.0,5.0,5.0
VMA,3.0,3.0,3.0,3.0,3.0,3.0,3.0,3.0,3.0,3.0,3.0,3.0,3.0,3.0,3.0,3.0,3.0
VMC,3.0,3.0,3.0,3.0,3.0,3.0,3.0,3.0,3.0,3.0,3.0,3.0,3.0,3.0,3.0,3.0,3.0
VMD,3.0,4.0,4.0,4.0,4.0,4.0,5.0,3.0,3.0,3.0,3.0,3.0,3.0,3.0,3.0,3.0,3.0
VMG,3.0,3.0,5.0,3.0,3.0,3.0,3.0,3.0,3.0,3.0,3.0,3.0,3.0,3.0,3.0,3.0,3.0
VMK,0,0,0,0,0,0,0,0,0,0,0,0,3.0,3.0,3.0,3.0,3.0
VMS,3.0,3.0,3.0,3.0,3.0,3.0,3.0,5.0,5.0,5.0,5.0,3.0,3.0,3.0,3.0,3.0,3.0
VMT,0,0,0,0,0,0,0,0,0,0,3.0,3.0,3.0,3.0,3.0,3.0,3.0
VNA,4.0,4.0,4.0,4.0,4.0,4.0,4.0,4.0,4.0,4.0,4.0,5.0,3.0,3.0,3.0,3.0,3.0
VNB,0,0,0,0,0,1.0,4.0,3.0,3.0,3.0,3.0,3.0,3.0,3.0,3.0,3.0,3.0
VNC,4.0,4.0,4.0,4.0,3.0,3.0,3.0,3.0,3.0,3.0,3.0,3.0,3.0,3.0,3.0,3.0,3.0
VNE,4.0,4.0,4.0,4.0,4.0,4.0,3.0,3.0,3.0,3.0,3.0,3.0,3.0,3.0,3.0,3.0,3.0
VNF,3.0,3.0,3.0,3.0,3.0,3.0,3.0,3.0,3.0,3.0,3.0,3.0,3.0,3.0,3.0,3.0,3.0
VNG,4.0,4.0,4.0,4.0,4.0,4.0,3.0,3.0,3.0,3.0,3.0,3.0,3.0,3.0,3.0,3.0,3.0
VNH,4.0,4.0,4.0,4.0,4.0,4.0,4.0,5.0,3.0,3.0,3.0,3.0,3.0,3.0,3.0,3.0,3.0
VNI,3.0,3.0,3.0,3.0,3.0,3.0,3.0,3.0,3.0,3.0,3.0,3.0,3.0,3.0,3.0,3.0,3.0
VNL,3.0,3.0,3.0,3.0,3.0,3.0,3.0,3.0,3.0,3.0,3.0,3.0,3.0,3.0,3.0,3.0,3.0
VNM,3.0,3.0,3.0,3.0,3.0,3.0,3.0,3.0,3.0,3.0,3.0,3.0,3.0,3.0,3.0,3.0,3.0
VNP,0,2.0,4.0,4.0,4.0,4.0,4.0,4.0,3.0,3.0,5.0,5.0,4.0,5.0,5.0,5.0,3.0
VNS,5.0,5.0,3.0,3.0,3.0,3.0,3.0,3.0,3.0,3.0,3.0,3.0,3.0,3.0,3.0,3.0,3.0
VNT,3.0,3.0,3.0,3.0,3.0,3.0,3.0,3.0,3.0,3.0,3.0,3.0,3.0,3.0,3.0,3.0,3.0
VNX,3.0,3.0,3.0,3.0,3.0,3.0,3.0,3.0,3.0,3.0,3.0,3.0,3.0,3.0,3.0,3.0,3.0
VNY,0,0,0,0,0,0,0,3.0,3.0,4.0,4.0,3.0,3.0,3.0,3.0,3.0,3.0
VNZ,0,0,0,0,0,0,0,0,0,3.0,3.0,3.0,3.0,3.0,3.0,3.0,3.0
VOS,4.0,4.0,4.0,4.0,4.0,4.0,5.0,5.0,5.0,5.0,3.0,4.0,3.0,3.0,3.0,3.0,3.0
VPA,0,0,0,0,3.0,3.0,3.0,3.0,3.0,3.0,3.0,3.0,3.0,3.0,3.0,3.0,3.0
VPC,3.0,3.0,3.0,3.0,5.0,5.0,3.0,3.0,3.0,3.0,3.0,3.0,3.0,3.0,3.0,3.0,3.0
VPD,0,0,4.0,4.0,4.0,4.0,4.0,4.0,4.0,4.0,5.0,4.0,4.0,4.0,4.0,4.0,4.0
VPG,0,0,0,0,0,0,3.0,3.0,3.0,3.0,3.0,3.0,3.0,3.0,3.0,3.0,3.0
VPH,5.0,5.0,5.0,5.0,5.0,5.0,5.0,5.0,5.0,5.0,5.0,5.0,5.0,3.0,3.0,3.0,3.0
VPI,0,0,0,0,0,0,3.0,3.0,3.0,3.0,3.0,3.0,3.0,3.0,3.0,3.0,3.0
VPL,0,0,0,0,0,0,0,0,3.0,3.0,0,0,0,0,3.0,3.0,3.0
VPR,0,0,0,0,0,3.0,3.0,3.0,3.0,3.0,3.0,3.0,3.0,3.0,3.0,3.0,3.0
VPS,3.0,3.0,3.0,3.0,3.0,3.0,3.0,3.0,3.0,3.0,3.0,3.0,3.0,3.0,3.0,3.0,3.0
VPW,0,0,0,0,0,0,4.0,4.0,3.0,3.0,3.0,3.0,3.0,3.0,3.0,3.0,3.0
VQC,3.0,3.0,3.0,3.0,3.0,3.0,3.0,3.0,3.0,3.0,3.0,3.0,3.0,3.0,3.0,3.0,3.0
VRC,3.0,3.0,3.0,5.0,5.0,5.0,5.0,5.0,3.0,3.0,3.0,3.0,3.0,3.0,3.0,3.0,3.0
VRE,0,0,0,0,0,3.0,3.0,3.0,3.0,3.0,3.0,3.0,3.0,3.0,3.0,3.0,3.0
VRG,4.0,4.0,4.0,3.0,4.0,4.0,4.0,4.0,4.0,4.0,4.0,4.0,4.0,4.0,4.0,4.0,4.0
VSA,4.0,4.0,4.0,4.0,3.0,4.0,4.0,3.0,3.0,3.0,3.0,3.0,3.0,3.0,3.0,3.0,3.0
VSC,4.0,4.0,4.0,4.0,4.0,4.0,3.0,3.0,3.0,3.0,3.0,3.0,3.0,3.0,3.0,3.0,3.0
VSE,0,0,0,0,0,0,0,3.0,3.0,2.0,3.0,3.0,3.0,3.0,3.0,3.0,3.0
VSF,0,0,0,0,0,4.0,3.0,3.0,0,3.0,3.0,3.0,3.0,3.0,3.0,3.0,3.0
VSG,3.0,3.0,3.0,3.0,3.0,3.0,3.0,3.0,3.0,3.0,3.0,3.0,3.0,3.0,3.0,3.0,3.0
VSH,3.0,3.0,3.0,3.0,3.0,3.0,3.0,3.0,3.0,3.0,3.0,3.0,3.0,3.0,3.0,3.0,3.0
VSI,4.0,4.0,4.0,4.0,4.0,4.0,4.0,4.0,4.0,4.0,4.0,4.0,4.0,4.0,4.0,4.0,4.0
VSM,0,0,0,0,0,0,3.0,3.0,3.0,3.0,3.0,3.0,3.0,3.0,3.0,3.0,3.0
VSN,0,0,4.0,4.0,4.0,4.0,4.0,4.0,4.0,4.0,4.0,4.0,4.0,4.0,4.0,4.0,4.0
VST,5.0,4.0,4.0,4.0,4.0,4.0,4.0,3.0,3.0,3.0,3.0,3.0,3.0,3.0,3.0,3.0,3.0
VTA,3.0,3.0,3.0,3.0,3.0,3.0,3.0,3.0,3.0,3.0,3.0,3.0,3.0,3.0,3.0,3.0,3.0
VTB,4.0,4.0,4.0,4.0,4.0,4.0,4.0,4.0,4.0,5.0,5.0,5.0,5.0,5.0,5.0,5.0,5.0
VTC,3.0,3.0,3.0,3.0,3.0,3.0,3.0,3.0,3.0,3.0,3.0,3.0,3.0,3.0,3.0,3.0,3.0
VTD,0,0,0,0,0,0,0,0,3.0,3.0,3.0,3.0,3.0,3.0,5.0,5.0,5.0
VTE,4.0,4.0,4.0,0,0,0,4.0,4.0,4.0,4.0,4.0,4.0,4.0,4.0,4.0,4.0,4.0
VTG,4.0,4.0,3.0,3.0,3.0,3.0,3.0,3.0,3.0,3.0,3.0,3.0,3.0,3.0,3.0,3.0,3.0
VTH,0,3.0,3.0,3.0,3.0,5.0,5.0,5.0,5.0,5.0,5.0,5.0,5.0,5.0,5.0,5.0,5.0
VTI,4.0,4.0,4.0,4.0,4.0,4.0,4.0,4.0,4.0,4.0,4.0,4.0,4.0,4.0,4.0,4.0,4.0
VTJ,3.0,3.0,3.0,3.0,3.0,3.0,3.0,3.0,5.0,5.0,5.0,3.0,3.0,3.0,3.0,3.0,3.0
VTK,0,0,0,0,0,0,4.0,3.0,3.0,3.0,3.0,3.0,3.0,3.0,3.0,3.0,3.0
VTM,0,0,3.0,3.0,3.0,3.0,3.0,3.0,3.0,3.0,3.0,3.0,3.0,3.0,3.0,3.0,3.0
VTO,5.0,5.0,5.0,3.0,3.0,3.0,3.0,3.0,3.0,3.0,3.0,3.0,3.0,3.0,3.0,3.0,3.0
VTP,0,0,0,0,0,0,0,3.0,5.0,5.0,5.0,3.0,3.0,3.0,3.0,3.0,3.0
VTQ,0,0,0,0,0,0,0,0,0,3.0,3.0,3.0,5.0,5.0,5.0,5.0,5.0
VTR,0,0,0,0,0,0,0,0,4.0,4.0,4.0,4.0,4.0,4.0,4.0,4.0,4.0
VTS,3.0,3.0,3.0,3.0,3.0,3.0,3.0,3.0,3.0,3.0,3.0,3.0,3.0,3.0,3.0,3.0,3.0
VTV,4.0,4.0,3.0,3.0,3.0,3.0,3.0,3.0,3.0,3.0,3.0,3.0,3.0,3.0,3.0,3.0,3.0
VTX,0,4.0,4.0,4.0,5.0,3.0,3.0,3.0,3.0,3.0,3.0,3.0,3.0,3.0,3.0,3.0,3.0
VTZ,0,0,0,0,0,0,0,0,0,3.0,3.0,3.0,3.0,3.0,3.0,3.0,3.0
VVN,0,0,0,0,4.0,4.0,3.0,3.0,3.0,3.0,3.0,3.0,3.0,3.0,3.0,3.0,3.0
VVS,0,0,0,0,0,0,0,0,0,0,0,4.0,4.0,4.0,4.0,3.0,3.0
VW3,0,0,0,0,0,0,0,0,4.0,4.0,4.0,3.0,3.0,3.0,3.0,3.0,3.0
VWS,3.0,3.0,3.0,3.0,4.0,4.0,4.0,3.0,3.0,3.0,3.0,3.0,3.0,3.0,3.0,3.0,3.0
VXB,4.0,4.0,4.0,4.0,4.0,4.0,4.0,4.0,4.0,5.0,5.0,5.0,5.0,3.0,0,3.0,3.0
VXP,0,0,0,0,0,0,0,2.0,3.0,3.0,3.0,3.0,3.0,3.0,3.0,3.0,3.0
VXT,0,0,0,0,0,0,0,0,3.0,3.0,3.0,3.0,3.0,3.0,3.0,3.0,3.0
WCS,4.0,4.0,5.0,5.0,5.0,5.0,5.0,5.0,5.0,5.0,5.0,5.0,5.0,5.0,5.0,5.0,5.0
WSB,4.0,4.0,4.0,4.0,5.0,5.0,3.0,5.0,5.0,5.0,5.0,5.0,3.0,3.0,3.0,3.0,3.0
WTC,2.0,2.0,3.0,3.0,3.0,3.0,3.0,3.0,3.0,3.0,3.0,2.0,3.0,3.0,3.0,3.0,3.0
X20,0,0,0,0,0,0,3.0,3.0,3.0,3.0,3.0,3.0,3.0,3.0,3.0,3.0,3.0
X26,0,0,0,0,0,0,0,3.0,3.0,3.0,3.0,3.0,3.0,3.0,3.0,3.0,3.0
X77,0,0,0,0,0,4.0,4.0,4.0,4.0,4.0,4.0,4.0,4.0,4.0,4.0,4.0,4.0
XDH,0,0,0,0,0,0,0,0,4.0,4.0,4.0,4.0,4.0,4.0,4.0,4.0,4.0
XHC,0,0,0,0,0,0,3.0,3.0,5.0,5.0,5.0,3.0,5.0,5.0,5.0,5.0,5.0
XLV,0,0,0,0,0,0,4.0,4.0,4.0,3.0,3.0,3.0,3.0,3.0,3.0,3.0,3.0
XMC,3.0,3.0,3.0,3.0,3.0,3.0,3.0,3.0,3.0,3.0,3.0,3.0,3.0,3.0,3.0,3.0,3.0
XMD,3.0,3.0,3.0,3.0,3.0,3.0,3.0,3.0,3.0,3.0,3.0,3.0,3.0,3.0,3.0,3.0,3.0
XMP,0,0,0,0,0,0,0,0,0,0,3.0,3.0,3.0,3.0,3.0,3.0,3.0
XPH,0,3.0,3.0,3.0,3.0,3.0,3.0,3.0,3.0,3.0,3.0,3.0,3.0,3.0,3.0,3.0,3.0
YBC,3.0,3.0,3.0,3.0,3.0,3.0,3.0,3.0,3.0,3.0,3.0,3.0,3.0,3.0,3.0,3.0,3.0
YBM,0,0,0,0,0,0,0,3.0,3.0,3.0,3.0,3.0,3.0,3.0,3.0,3.0,3.0
YEG,0,0,0,0,0,3.0,3.0,3.0,3.0,3.0,3.0,3.0,3.0,3.0,3.0,3.0,3.0
YTC,0,0,0,0,3.0,3.0,3.0,3.0,3.0,3.0,3.0,3.0,3.0,3.0,3.0,3.0,3.0
AC4,0,0,0,0,0,4.0,4.0,4.0,4.0,4.0,3.0,3.0,3.0,0,0,0,0
AFC,0,0,0,0,0,0,0,3.0,3.0,3.0,3.0,0,0,0,0,0,0
AGD,3.0,3.0,3.0,3.0,0,0,0,0,0,0,0,0,0,0,0,0,0
AGE,0,0,0,0,0,0,0,0,0,0,3.0,3.0,3.0,3.0,0,0,0
ALP,3.0,5.0,5.0,3.0,3.0,0,0,0,0,0,0,0,0,0,0,0,0
AMD,0,0,4.0,4.0,4.0,4.0,4.0,5.0,5.0,3.0,3.0,3.0,3.0,3.0,0,0,0
AQN,0,0,0,0,0,0,0,0,3.0,3.0,3.0,3.0,0,0,0,0,0
ASA,0,3.0,3.0,3.0,3.0,3.0,3.0,3.0,3.0,3.0,3.0,3.0,0,0,0,0,0
ASD,0,0,0,2.0,2.0,3.0,3.0,3.0,3.0,3.0,3.0,3.0,0,0,0,0,0
ATB,0,0,0,0,0,0,4.0,4.0,4.0,4.0,4.0,4.0,4.0,4.0,2.0,4.0,0
ATD,0,0,0,0,0,0,0,0,3.0,3.0,3.0,3.0,0,0,0,0,0
AUM,4.0,4.0,4.0,4.0,4.0,4.0,4.0,4.0,4.0,4.0,4.0,4.0,4.0,4.0,0,0,0
AVF,3.0,3.0,3.0,3.0,3.0,3.0,3.0,3.0,3.0,3.0,3.0,0,0,0,0,0,0
B82,4.0,4.0,4.0,4.0,4.0,4.0,4.0,4.0,4.0,0,0,0,0,0,0,0,0
BAM,0,0,0,4.0,4.0,4.0,4.0,0,0,0,0,0,0,0,0,0,0
BBC,3.0,3.0,3.0,3.0,3.0,3.0,3.0,3.0,3.0,3.0,3.0,3.0,3.0,3.0,3.0,3.0,0
BCI,5.0,5.0,5.0,5.0,5.0,5.0,5.0,3.0,3.0,0,0,0,0,0,0,0,0
BCO,0,0,0,0,0,0,0,0,0,0,0,0,3.0,3.0,3.0,0,0
BDB,4.0,4.0,4.0,4.0,4.0,4.0,4.0,4.0,4.0,4.0,4.0,4.0,4.0,4.0,4.0,4.0,0
BDC,0,0,0,0,0,0,0,3.0,3.0,3.0,0,0,0,0,0,0,0
BDF,0,0,4.0,4.0,4.0,4.0,4.0,4.0,3.0,3.0,3.0,3.0,3.0,0,0,0,0
BDP,0,0,0,0,0,0,0,3.0,1.0,3.0,3.0,0,0,0,0,0,0
BGM,3.0,3.0,3.0,3.0,3.0,3.0,3.0,3.0,0,0,0,0,0,0,0,0,0
BHS,4.0,4.0,4.0,5.0,3.0,3.0,3.0,3.0,0,0,0,0,0,0,0,0,0
BHT,3.0,3.0,5.0,5.0,5.0,3.0,5.0,5.0,5.0,3.0,3.0,3.0,3.0,3.0,0,0,0
BHV,3.0,3.0,3.0,3.0,3.0,3.0,3.0,3.0,3.0,3.0,3.0,0,0,0,0,0,0
BII,0,0,0,3.0,3.0,3.0,3.0,3.0,3.0,3.0,3.0,3.0,3.0,3.0,3.0,0,0
BKH,0,0,0,0,0,0,0,0,4.0,4.0,4.0,4.0,4.0,4.0,0,0,0
BLU,0,0,0,0,0,0,0,0,0,0,0,0,0,0,0,0,0
BLW,0,0,0,0,0,0,0,3.0,4.0,4.0,4.0,5.0,4.0,4.0,4.0,0,0
BM9,0,0,0,0,0,0,0,0,4.0,3.0,3.0,3.0,0,0,0,0,0
BMN,0,0,0,0,2.0,0,3.0,4.0,4.0,4.0,4.0,4.0,4.0,4.0,4.0,4.0,0
BPW,0,0,0,0,4.0,4.0,4.0,4.0,4.0,4.0,4.0,3.0,3.0,0,0,0,0
BSC,4.0,3.0,5.0,5.0,5.0,5.0,5.0,5.0,5.0,5.0,5.0,5.0,5.0,5.0,5.0,5.0,0
BST,4.0,4.0,4.0,4.0,4.0,4.0,4.0,4.0,4.0,4.0,4.0,4.0,4.0,4.0,4.0,4.0,0
BTC,4.0,4.0,4.0,4.0,4.0,4.0,4.0,4.0,4.0,5.0,0,0,0,0,0,0,0
BTR,0,0,0,0,0,1.0,3.0,3.0,3.0,3.0,3.0,3.0,3.0,0,0,0,0
BUD,0,0,0,0,0,0,0,0,0,0,3.0,3.0,0,0,0,0,0
BXD,4.0,4.0,4.0,4.0,0,0,0,0,0,0,0,0,0,0,0,0,0
BXT,0,0,0,0,0,0,0,0,0,1.0,4.0,4.0,4.0,0,0,0,0
C12,0,0,0,4.0,4.0,4.0,4.0,4.0,4.0,4.0,0,0,0,0,0,0,0
C36,0,0,0,0,0,0,4.0,4.0,4.0,4.0,4.0,4.0,0,0,0,0,0
C71,4.0,4.0,4.0,4.0,4.0,4.0,4.0,4.0,4.0,3.0,4.0,4.0,0,0,0,0,0
CAB,0,0,0,0,0,0,0,3.0,0,3.0,3.0,3.0,3.0,3.0,3.0,0,0
CAM,0,0,0,0,0,0,0,4.0,4.0,4.0,4.0,4.0,4.0,0,0,0,0
CAV,3.0,3.0,3.0,3.0,3.0,5.0,5.0,3.0,3.0,3.0,3.0,3.0,3.0,3.0,3.0,3.0,0
CBC,0,0,0,0,0,0,4.0,4.0,2.0,4.0,4.0,0,0,0,0,0,0
CC4,0,0,0,0,4.0,4.0,3.0,3.0,3.0,3.0,3.0,3.0,3.0,3.0,3.0,3.0,0
CCH,3.0,3.0,3.0,3.0,3.0,3.0,3.0,3.0,3.0,3.0,3.0,3.0,3.0,0,0,0,0
CDH,0,0,0,0,0,2.0,3.0,3.0,3.0,3.0,3.0,3.0,3.0,3.0,3.0,3.0,0
CE1,0,0,0,0,0,4.0,4.0,4.0,4.0,4.0,4.0,4.0,4.0,4.0,4.0,0,0
CEC,0,4.0,4.0,3.0,3.0,3.0,3.0,3.0,3.0,3.0,3.0,3.0,0,0,0,0,0
CEE,0,0,0,0,0,0,4.0,3.0,3.0,3.0,3.0,3.0,3.0,0,0,0,0
CEG,0,0,0,4.0,4.0,3.0,3.0,3.0,3.0,3.0,3.0,3.0,3.0,3.0,3.0,0,0
CER,0,3.0,0,0,0,0,1.0,3.0,3.0,3.0,0,0,0,0,0,0,0
CFC,4.0,4.0,4.0,4.0,4.0,4.0,4.0,4.0,4.0,4.0,4.0,4.0,0,0,0,0,0
CGL,0,0,0,0,0,0,0,3.0,3.0,3.0,3.0,3.0,3.0,0,0,0,0
CGP,0,0,0,3.0,3.0,3.0,3.0,3.0,3.0,3.0,0,0,0,0,0,0,0
CIC,4.0,4.0,4.0,4.0,0,0,0,0,0,0,0,0,1.0,0,0,0,0
CKH,0,0,3.0,3.0,3.0,3.0,3.0,3.0,3.0,3.0,3.0,3.0,3.0,0,0,0,0
CLG,3.0,3.0,3.0,3.0,3.0,3.0,3.0,3.0,3.0,3.0,3.0,0,0,0,0,0,0
CLP,4.0,4.0,3.0,3.0,5.0,0,0,0,0,0,3.0,3.0,3.0,0,0,0,0
CNH,0,4.0,4.0,4.0,4.0,3.0,3.0,5.0,3.0,3.0,3.0,3.0,3.0,0,0,0,0
CPW,0,0,0,0,0,0,0,3.0,3.0,3.0,3.0,3.0,3.0,0,0,0,0
CSG,5,5,5,0,0,0,0,0,0,0,0,0,0,0,0,0,0
CT5,0,0,0,0,0,0,0,0,4.0,4.0,3.0,3.0,0,0,0,0,0
CTA,3.0,3.0,5.0,5.0,3.0,5.0,5.0,5.0,4.0,0,0,0,0,0,0,0,0
CTC,4.0,4.0,4.0,4.0,4.0,4.0,5.0,4.0,5.0,5.0,5.0,3.0,5.0,5.0,5.0,0,0
CTM,3.0,5.0,5.0,5.0,5.0,5.0,0,0,0,0,0,0,0,0,0,0,0
CTN,3.0,5.0,5.0,5.0,5.0,5.0,5.0,3.0,0,0,0,0,0,0,0,0,0
CTV,3.0,3.0,3.0,5.0,0,0,0,0,0,0,0,0,0,0,0,0,0
CVC,0,0,0,2.0,2.0,3.0,3.0,3.0,3.0,3.0,3.0,0,0,0,0,0,0
CVH,0,0,0,0,0,3.0,3.0,3.0,3.0,4.0,4.0,4.0,4.0,0,0,0,0
CVP,0,0,0,0,0,0,0,0,0,0,0,0,3.0,3.0,0,0,0
CXH,0,0,0,0,3.0,3.0,3.0,3.0,3.0,3.0,3.0,3.0,0,0,0,0,0
CZC,3.0,3.0,3.0,3.0,3.0,3.0,3.0,3.0,3.0,0,0,0,0,0,0,0,0
D17,0,0,0,0,0,0,0,0,1.0,4.0,0,0,4.0,4.0,4.0,0,0
D26,3.0,3.0,3.0,3.0,3.0,3.0,3.0,3.0,0,0,0,0,0,0,0,0,0
DAP,4.0,4.0,4.0,4.0,4.0,4.0,4.0,4.0,4.0,4.0,4.0,4.0,0,0,0,0,0
DAR,0,0,0,0,0,3.0,3.0,3.0,3.0,3.0,3.0,3.0,3.0,0,0,0,0
DBH,0,0,0,0,0,0,3.0,4.0,4.0,4.0,4.0,4.0,4.0,0,0,0,0
DBW,0,0,2.0,4.0,4.0,4.0,4.0,4.0,4.0,4.0,4.0,4.0,4.0,4.0,0,0,0
DCD,4.0,4.0,4.0,4.0,4.0,4.0,4.0,4.0,3.0,3.0,3.0,0,0,0,0,0,0
DCI,0,0,4.0,4.0,4.0,4.0,4.0,4.0,3.0,3.0,3.0,3.0,0,0,0,0,0
DFS,0,0,0,0,0,0,0,0,3.0,3.0,3.0,5.0,3.0,0,0,3.0,0
DGL,0,0,0,2.0,3.0,2.0,3.0,3.0,3.0,0,0,0,0,0,0,0,0
DHI,4.0,4.0,4.0,4.0,0,0,0,0,0,0,0,0,0,0,0,0,0
DHL,0,3.0,3.0,3.0,0,0,0,0,0,0,0,0,0,0,0,0,0
DKH,0,0,0,0,0,0,0,0,4.0,4.0,0,0,0,0,0,0,0
DKP,0,0,0,0,0,0,0,4.0,4.0,4.0,4.0,0,0,0,0,0,0
DKW,0,0,0,0,0,0,0,0,0,0,0,0,0,4.0,4.0,4.0,0
DLC,4.0,4.0,3.0,3.0,3.0,3.0,3.0,0,0,0,0,0,0,0,0,0,0
DLM,0,0,0,0,0,0,0,0,0,0,0,4.0,4.0,4.0,0,0,0
DMS,0,0,0,0,0,0,0,0,0,0,3.0,3.0,3.0,3.0,3.0,3.0,3.0
DNB,0,0,0,0,0,0,0,3.0,3.0,3.0,3.0,3.0,0,0,0,0,0
DNR,0,0,3.0,3.0,3.0,3.0,3.0,3.0,3.0,3.0,3.0,3.0,3.0,0,0,0,0
DNS,3.0,3.0,3.0,3.0,3.0,3.0,3.0,3.0,3.0,3.0,4.0,3.0,3.0,0,0,0,0
DNY,3.0,3.0,3.0,3.0,3.0,3.0,3.0,3.0,3.0,3.0,3.0,0,0,0,0,0,0
DPD,0,0,0,0,0,0,0,0,0,0,4.0,4.0,4.0,4.0,0,0,0
DPS,0,0,0,0,4.0,4.0,4.0,4.0,4.0,4.0,0,0,0,0,0,0,0
DSS,0,0,0,0,0,0,0,4.0,4.0,4.0,4.0,4.0,4.0,0,0,0,0
DSV,0,0,0,0,0,4.0,4.0,4.0,4.0,4.0,4.0,4.0,4.0,4.0,4.0,0,0
DT4,0,0,0,0,0,0,3.0,3.0,3.0,3.0,3.0,3.0,3.0,0,0,0,0
DTB,0,0,0,0,0,0,0,0,3.0,3.0,3.0,3.0,3.0,3.0,3.0,3.0,0
DTE,0,0,0,0,0,0,0,0,0,0,4.0,3.0,3.0,3.0,0,0,0
DTN,4.0,4.0,4.0,4.0,4.0,4.0,4.0,4.0,4.0,4.0,4.0,4.0,4.0,0,0,0,0
DTV,4.0,4.0,4.0,4.0,4.0,4.0,4.0,3.0,3.0,3.0,3.0,3.0,3.0,3.0,3.0,0,0
DVD,3.0,0,0,0,0,0,0,0,0,0,0,0,0,0,0,0,0
DVH,4.0,4.0,4.0,4.0,4.0,4.0,4.0,4.0,4.0,0,0,0,0,0,0,0,0
DX2,0,0,0,0,0,0,0,1.0,3.0,3.0,3.0,3.0,0,0,0,0,0
DXD,0,0,0,0,0,0,0,0,0,3.0,3.0,3.0,0,0,0,0,0
DZM,3.0,3.0,3.0,3.0,3.0,3.0,3.0,3.0,3.0,3.0,3.0,3.0,3.0,3.0,3.0,3.0,0
EAD,0,0,0,0,0,3.0,3.0,3.0,3.0,3.0,3.0,3.0,3.0,0,0,0,0
EBA,0,0,0,0,0,0,0,0,0,0,3.0,3.0,0,0,0,0,0
EMC,3.0,3.0,3.0,3.0,3.0,3.0,3.0,3.0,3.0,3.0,3.0,3.0,3.0,3.0,0,0,0
EPC,0,0,0,0,0,0,0,4.0,4.0,4.0,4.0,4.0,4.0,4.0,4.0,4.0,0
EPH,0,0,0,0,0,0,4.0,4.0,4.0,4.0,4.0,4.0,4.0,4.0,4.0,3.0,0
FBA,3.0,3.0,3.0,3.0,0,0,0,0,0,0,0,0,0,0,0,0,0
FDG,3.0,3.0,3.0,3.0,3.0,3.0,3.0,3.0,3.0,3.0,0,0,0,0,0,0,0
FDT,3.0,3.0,3.0,3.0,3.0,3.0,3.0,3.0,3.0,3.0,0,0,0,0,0,0,0
FLC,3.0,3.0,3.0,3.0,3.0,3.0,3.0,3.0,3.0,3.0,3.0,3.0,3.0,0,0,0,0
GAB,0,0,0,0,0,0,0,4.0,4.0,4.0,4.0,5.0,5.0,4.0,4.0,0,0
GE2,0,0,0,0,0,0,0,0,0,0,3.0,3.0,3.0,0,0,0,0
GFC,3.0,3.0,3.0,3.0,0,0,0,0,0,0,0,0,0,0,0,0,0
GGS,0,0,4.0,4.0,4.0,4.0,4.0,4.0,4.0,4.0,4.0,4.0,4.0,0,0,0,0
GQN,0,0,0,0,0,0,0,0,2.0,4.0,0,1.0,4.0,0,0,0,0
GTC,0,0,0,3.0,3.0,3.0,3.0,3.0,3.0,0,0,0,0,0,0,0,0
GTH,4.0,4.0,4.0,4.0,4.0,4.0,3.0,3.0,3.0,3.0,3.0,3.0,3.0,3.0,0,0,0
GTK,0,0,0,0,0,0,0,0,4.0,4.0,4.0,4.0,4.0,0,0,0,0
GTN,0,0,1.0,3.0,3.0,3.0,3.0,3.0,3.0,3.0,3.0,3.0,3.0,0,0,0,0
HAB,0,0,0,0,0,0,1.0,3.0,3.0,3.0,3.0,3.0,3.0,0,0,0,0
HAI,4.0,4.0,4.0,4.0,4.0,4.0,4.0,4.0,4.0,4.0,4.0,5.0,4.0,4.0,1.0,4.0,0
HAW,0,0,0,0,0,0,0,0,1.0,3.0,0,1.0,4.0,0,0,0,0
HBE,4.0,4.0,4.0,4.0,4.0,4.0,5.0,3.0,3.0,3.0,3.0,3.0,0,0,0,0,0
HBI,0,0,0,0,0,4.0,4.0,0,0,0,0,0,0,0,0,0,0
HBW,0,0,0,0,0,0,4.0,4.0,4.0,4.0,4.0,4.0,0,0,0,0,0
HCB,3.0,3.0,3.0,3.0,3.0,3.0,3.0,3.0,3.0,3.0,3.0,3.0,3.0,3.0,3.0,3.0,0
HCS,0,0,0,0,0,1.0,4.0,4.0,4.0,4.0,4.0,4.0,0,0,0,0,0
HD3,0,0,0,0,0,0,0,0,1.0,3.0,3.0,0,0,0,0,0,0
HDO,3.0,5.0,3.0,3.0,3.0,3.0,3.0,3.0,3.0,3.0,3.0,0,0,0,0,0,0
HDS,0,0,0,0,1.0,1.0,0,0,0,0,0,0,0,3.0,3.0,3.0,0
HEM,0,4.0,4.0,4.0,4.0,4.0,3.0,3.0,3.0,3.0,3.0,3.0,3.0,3.0,3.0,0,0
HFS,0,0,0,0,0,0,0,0,3.0,3.0,3.0,3.0,0,0,0,0,0
HGA,0,0,0,0,0,0,0,0,3.0,3.0,0,1.0,0,0,0,0,0
HGC,0,0,0,0,0,0,0,0,1.0,4.0,0,0,0,0,0,0,0
HGR,0,0,0,0,0,0,0,0,1.0,4.0,0,0,0,0,0,0,0
HGW,0,0,0,4.0,4.0,4.0,4.0,4.0,4.0,4.0,4.0,4.0,4.0,4.0,4.0,0,0
HHA,4.0,4.0,4.0,4.0,4.0,4.0,4.0,3.0,3.0,3.0,0,0,0,0,0,0,0
HHL,4.0,4.0,4.0,4.0,4.0,0,0,0,0,0,0,0,0,0,0,0,0
HHR,0,0,0,0,0,4.0,4.0,4.0,4.0,4.0,4.0,4.0,4.0,4.0,4.0,0,0
HIG,3.0,3.0,3.0,3.0,3.0,3.0,3.0,3.0,3.0,3.0,3.0,3.0,3.0,3.0,3.0,3.0,0
HIZ,0,0,0,0,3.0,3.0,3.0,3.0,3.0,3.0,3.0,3.0,3.0,0,0,0,0
HKC,0,0,0,0,0,0,0,4.0,4.0,4.0,4.0,4.0,0,0,0,0,0
HKP,3.0,3.0,3.0,3.0,3.0,3.0,3.0,3.0,3.0,3.0,3.0,3.0,3.0,3.0,0,0,0
HLE,0,0,0,0,0,0,4.0,3.0,3.0,3.0,3.0,3.0,3.0,0,0,0,0
HLG,3.0,3.0,3.0,3.0,3.0,3.0,3.0,3.0,3.0,3.0,3.0,3.0,3.0,3.0,0,0,0
HLR,0,0,0,0,0,4.0,4.0,4.0,4.0,4.0,4.0,4.0,4.0,4.0,4.0,0,0
HNE,0,0,0,0,0,0,0,0,1.0,3.0,3.0,3.0,0,0,0,0,0
HNT,0,0,0,0,0,0,3.0,3.0,3.0,3.0,3.0,3.0,3.0,0,0,0,0
HPM,0,0,0,0,3.0,3.0,3.0,3.0,3.0,3.0,3.0,3.0,3.0,3.0,3.0,0,0
HPR,3.0,3.0,3.0,3.0,0,0,0,0,0,0,0,0,0,0,0,0,0
HPS,3.0,3.0,3.0,3.0,3.0,3.0,3.0,0,0,0,0,0,0,0,0,0,0
HPU,0,0,0,0,0,0,3.0,3.0,3.0,3.0,3.0,3.0,0,0,0,0,0
HRG,0,0,0,0,4.0,4.0,4.0,4.0,4.0,0,0,0,0,0,0,0,0
HRT,0,0,0,0,0,0,0,3.0,5.0,3.0,3.0,3.0,3.0,3.0,3.0,0,0
HSI,3.0,5.0,5.0,4.0,4.0,4.0,4.0,4.0,4.0,3.0,3.0,3.0,3.0,3.0,0,0,0
HST,4.0,4.0,4.0,4.0,4.0,4.0,4.0,4.0,4.0,4.0,4.0,0,0,0,0,0,0
HTB,4.0,4.0,4.0,4.0,0,0,0,0,0,0,0,0,0,0,0,0,0
HTH,0,0,0,0,0,0,0,0,0,0,0,3.0,3.0,0,0,0,0
HTK,0,0,0,0,0,0,0,0,0,0,3.0,3.0,3.0,0,0,0,0
HTR,0,0,0,0,0,0,4.0,4.0,4.0,4.0,4.0,4.0,4.0,4.0,0,0,0
HTU,0,0,0,0,4.0,4.0,4.0,4.0,4.0,4.0,4.0,4.0,0,0,0,0,0
HTW,0,0,0,0,0,1.0,4.0,4.0,4.0,4.0,4.0,4.0,4.0,4.0,0,0,0
HUX,0,0,0,0,0,0,0,0,0,4.0,4.0,4.0,0,0,0,0,0
HVG,3.0,3.0,3.0,3.0,3.0,3.0,3.0,3.0,3.0,3.0,3.0,0,0,0,0,0,0
I10,0,0,0,4.0,4.0,3.0,3.0,3.0,3.0,3.0,3.0,3.0,0,0,0,0,0
IBC,0,0,0,0,0,4.0,4.0,4.0,3.0,3.0,3.0,3.0,3.0,3.0,0,0,0
IBN,0,0,0,0,0,0,0,0,0,0,0,4.0,4.0,0,0,0,0
IDN,0,0,0,0,0,0,4.0,4.0,4.0,3.0,0,0,0,0,0,0,0
IFC,4.0,4.0,4.0,4.0,4.0,4.0,4.0,4.0,3.0,3.0,3.0,3.0,0,0,0,0,0
IHK,4.0,4.0,4.0,4.0,4.0,4.0,4.0,4.0,4.0,4.0,4.0,4.0,4.0,4.0,4.0,4.0,4.0
IKH,0,0,0,0,0,0,4.0,4.0,4.0,3.0,3.0,3.0,0,0,0,0,0
ING,4.0,4.0,4.0,4.0,0,0,0,0,0,0,0,4.0,4.0,4.0,4.0,4.0,0
IPH,0,0,0,0,0,0,0,4.0,4.0,4.0,3.0,3.0,0,0,0,0,0
JSC,4.0,4.0,3.0,3.0,3.0,3.0,0,0,0,0,0,0,0,0,0,0,0
KAC,3.0,3.0,3.0,3.0,3.0,3.0,3.0,3.0,3.0,3.0,3.0,0,0,0,0,0,0
KBE,5.0,5.0,3.0,5.0,5.0,5.0,5.0,3.0,3.0,3.0,3.0,3.0,0,0,0,0,0
KBT,3.0,3.0,3.0,3.0,3.0,0,0,0,0,0,0,0,0,0,0,0,0
KCE,3.0,3.0,3.0,3.0,3.0,3.0,3.0,3.0,3.0,3.0,3.0,3.0,3.0,3.0,3.0,3.0,0
KDF,0,0,0,0,0,0,2.0,3.0,3.0,3.0,3.0,0,0,0,0,0,0
KGU,0,0,3.0,3.0,3.0,3.0,3.0,3.0,3.0,3.0,0,0,0,0,0,0,0
KHA,4.0,4.0,4.0,4.0,4.0,4.0,5.0,5.0,5.0,5.0,5.0,5.0,5.0,5.0,0,0,0
KHB,4.0,4.0,4.0,4.0,4.0,4.0,4.0,4.0,4.0,4.0,4.0,4.0,4.0,0,0,0,0
KHL,4.0,4.0,4.0,4.0,4.0,4.0,4.0,4.0,4.0,4.0,0,0,0,0,0,0,0
KLF,0,3.0,3.0,3.0,3.0,3.0,3.0,3.0,3.0,3.0,3.0,3.0,3.0,3.0,0,0,0
KLM,0,0,0,0,0,0,0,3.0,3.0,3.0,3.0,3.0,3.0,3.0,3.0,0,0
KSA,3.0,3.0,3.0,3.0,3.0,3.0,3.0,3.0,3.0,0,0,0,0,0,0,0,0
KSC,3.0,3.0,3.0,3.0,3.0,3.0,3.0,3.0,0,0,0,0,0,0,0,0,0
KSE,0,0,0,0,0,0,3.0,3.0,3.0,3.0,3.0,3.0,0,0,0,0,0
KSH,4.0,4.0,4.0,4.0,4.0,4.0,5.0,5.0,3.0,3.0,3.0,5.0,2.0,2.0,4.0,4.0,0
KSK,1.0,4.0,4.0,4.0,4.0,4.0,4.0,4.0,5.0,4.0,0,0,0,0,0,0,0
KSS,3.0,3.0,3.0,3.0,3.0,3.0,4.0,0,0,0,0,0,0,0,0,0,0
KTB,3.0,3.0,3.0,3.0,3.0,3.0,0,0,0,0,0,0,0,0,0,0,0
KTU,0,0,0,0,0,0,1.0,4.0,4.0,4.0,4.0,0,0,0,0,0,0
KTW,0,0,0,0,0,0,3.0,3.0,3.0,4.0,4.0,3.0,3.0,3.0,3.0,0,0
KWA,0,0,0,0,0,0,0,0,0,0,0,0,0,3.0,3.0,3.0,0
L44,4.0,4.0,4.0,4.0,4.0,4.0,4.0,4.0,4.0,4.0,4.0,4.0,4.0,0,0,0,0
LBC,0,0,0,0,0,4.0,4.0,4.0,4.0,4.0,4.0,4.0,4.0,4.0,4.0,0,0
LCC,4.0,4.0,4.0,4.0,4.0,4.0,4.0,4.0,4.0,4.0,0,4.0,4.0,4.0,0,0,0
LCS,4.0,4.0,4.0,4.0,4.0,4.0,4.0,5.0,3.0,3.0,3.0,3.0,3.0,0,0,0,0
LCW,0,0,0,0,0,3.0,3.0,3.0,3.0,3.0,3.0,3.0,3.0,3.0,0,0,0
LGM,0,0,0,0,0,0,3.0,3.0,3.0,3.0,3.0,3.0,3.0,3.0,3.0,3.0,0
LWS,0,0,0,0,0,4.0,4.0,3.0,3.0,3.0,3.0,3.0,3.0,3.0,0,0,0
LYF,0,0,0,0,0,0,0,0,0,3.0,3.0,3.0,3.0,0,0,0,0
MAX,4.0,4.0,4.0,4.0,4.0,0,0,0,0,0,0,0,0,0,0,0,0
MC3,0,0,0,0,0,3.0,3.0,3.0,3.0,3.0,3.0,3.0,3.0,0,0,0,0
MCD,0,0,0,0,0,0,0,0,0,0,0,0,4.0,4.0,0,0,0
MCI,0,0,0,0,3.0,3.0,3.0,3.0,3.0,3.0,3.0,3.0,3.0,3.0,0,0,0
MCL,4.0,4.0,4.0,4.0,0,0,0,0,0,0,0,0,0,0,0,0,0
MCT,0,0,0,0,0,3.0,3.0,3.0,3.0,3.0,3.0,3.0,0,0,0,0,0
MDN,0,0,0,0,0,0,3.0,3.0,3.0,3.0,3.0,0,0,0,0,0,0
MDT,0,0,0,0,0,0,0,0,2.0,3.0,3.0,0,0,0,0,0,0
MEG,0,0,0,0,0,0,0,3.0,3.0,3.0,3.0,3.0,3.0,0,0,0,0
MHP,0,0,0,0,0,0,0,0,0,3.0,3.0,3.0,0,0,0,0,0
MHY,0,0,0,0,0,0,0,4.0,4.0,4.0,4.0,4.0,0,0,0,0,0
MIH,4.0,4.0,4.0,4.0,0,0,0,0,0,0,0,0,0,0,0,0,0
MIM,4.0,4.0,4.0,4.0,4.0,4.0,4.0,4.0,4.0,5.0,5.0,5.0,5.0,5.0,0,0,0
MKT,0,0,0,0,0,1.0,4.0,4.0,0,0,0,0,0,0,0,0,0
MLN,0,0,0,0,0,3.0,3.0,3.0,3.0,0,0,0,0,0,0,0,0
MMC,3.0,3.0,3.0,3.0,4.0,4.0,4.0,4.0,0,0,0,0,0,0,0,0,0
MNC,3.0,3.0,3.0,3.0,3.0,3.0,3.0,3.0,3.0,0,0,0,0,0,0,0,0
MSC,0,0,4.0,4.0,4.0,3.0,3.0,3.0,5.0,3.0,5.0,0,0,0,0,0,0
MTC,4.0,4.0,4.0,4.0,4.0,3.0,3.0,3.0,3.0,3.0,3.0,3.0,3.0,3.0,3.0,3.0,0
MTM,0,0,0,0,3.0,3.0,2.0,3.0,3.0,0,0,0,0,0,0,0,0
MTX,0,0,0,0,0,0,0,0,0,0,3.0,3.0,0,3.0,3.0,3.0,0
MVY,0,0,0,4.0,4.0,4.0,4.0,4.0,4.0,4.0,4.0,4.0,0,0,0,0,0
MXC,0,0,0,0,0,0,0,0,4.0,4.0,4.0,0,0,0,0,0,0
NBR,0,0,0,0,0,1.0,4.0,4.0,4.0,4.0,4.0,4.0,0,0,0,0,0
NBS,3.0,3.0,3.0,3.0,3.0,3.0,3.0,3.0,0,0,0,0,0,0,0,0,0
NCP,0,3.0,3.0,3.0,3.0,3.0,3.0,3.0,3.0,3.0,3.0,3.0,0,0,0,0,0
NEM,0,0,0,0,0,0,0,0,0,0,0,3.0,3.0,3.0,3.0,3.0,0
NHN,0,0,0,0,0,0,0,0,0,0,0,0,0,0,0,0,0
NHP,0,0,0,0,4.0,4.0,4.0,4.0,4.0,4.0,4.0,0,0,0,0,0,0
NHS,4.0,4.0,4.0,5.0,3.0,3.0,0,0,0,0,0,0,0,0,0,0,0
NHW,3.0,5.0,5.0,5.0,5.0,4.0,0,0,0,0,0,0,0,0,0,0,0
NIS,4.0,4.0,4.0,4.0,4.0,0,0,0,0,0,0,0,0,0,0,0,0
NKD,3.0,0,0,0,0,0,0,0,0,0,0,0,0,0,0,0,0
NLC,3.0,5.0,5.0,4.0,4.0,0,0,0,0,0,0,0,0,0,0,0,0
NMK,4.0,4.0,4.0,4.0,4.0,4.0,4.0,4.0,4.0,4.0,4.0,4.0,0,0,0,0,0
NNB,0,3.0,3.0,4.0,4.0,4.0,0,4.0,4.0,4.0,4.0,4.0,0,0,0,0,0
NNG,3.0,3.0,3.0,3.0,3.0,3.0,3.0,3.0,3.0,3.0,3.0,3.0,3.0,3.0,0,0,0
NNQ,0,0,0,0,0,0,0,0,0,3.0,0,0,0,0,0,0,0
NPH,4.0,0,0,0,3.0,3.0,3.0,3.0,3.0,3.0,0,0,0,0,0,0,0
NPS,3.0,3.0,3.0,3.0,3.0,3.0,3.0,3.0,3.0,3.0,0,0,0,0,0,0,0
NQT,0,0,4.0,4.0,4.0,4.0,4.0,4.0,5.0,3.0,5.0,4.0,4.0,4.0,4.0,4.0,0
NS2,0,0,0,0,0,0,4.0,4.0,4.0,3.0,3.0,3.0,3.0,3.0,3.0,3.0,3.0
NS3,0,0,0,0,4.0,4.0,4.0,4.0,4.0,3.0,3.0,3.0,3.0,0,0,0,0
NSN,4.0,4.0,4.0,4.0,4.0,0,0,0,0,0,0,0,0,0,0,0,0
NTB,4.0,4.0,4.0,4.0,4.0,4.0,4.0,4.0,4.0,4.0,4.0,0,0,0,0,0,0
NTR,0,0,0,0,0,3.0,3.0,3.0,3.0,3.0,3.0,3.0,0,0,0,0,0
NVC,4.0,4.0,4.0,4.0,4.0,0,0,0,0,0,0,0,0,0,0,0,0
NVN,3.0,3.0,3.0,3.0,3.0,3.0,0,0,0,0,0,0,0,0,3.0,3.0,0
PBK,0,0,0,0,0,0,3.0,3.0,3.0,3.0,3.0,0,0,0,0,0,0
PCN,0,0,0,3.0,3.0,3.0,3.0,3.0,3.0,3.0,3.0,3.0,3.0,3.0,3.0,0,0
PDT,0,0,0,0,0,0,4.0,4.0,4.0,0,3.0,3.0,3.0,0,0,0,0
PEC,3.0,3.0,3.0,3.0,3.0,3.0,3.0,3.0,3.0,3.0,3.0,3.0,3.0,3.0,3.0,3.0,0
PFV,3.0,3.0,3.0,3.0,0,0,0,0,0,0,0,0,0,0,0,0,0
PHT,4.0,5.0,5.0,0,0,0,0,0,0,0,0,0,0,0,0,0,0
PKR,0,0,0,0,0,4.0,4.0,4.0,4.0,4.0,4.0,4.0,0,0,0,0,0
PME,0,0,0,0,3.0,3.0,3.0,3.0,3.0,3.0,3.0,3.0,0,0,0,0,0
PPG,5.0,5.0,5.0,5.0,5.0,5.0,3.0,0,0,0,0,0,0,0,0,0,0
PSG,3.0,3.0,3.0,3.0,3.0,0,3.0,3.0,3.0,3.0,3.0,3.0,0,0,0,0,0
PTK,4.0,4.0,4.0,4.0,3.0,3.0,0,0,0,0,0,0,0,0,0,0,0
PTN,0,0,0,0,0,0,0,0,0,0,3.0,3.0,3.0,3.0,0,0,0
PVA,4.0,3.0,5.0,5.0,5.0,3.0,3.0,5.0,5.0,3.0,5.0,5.0,4.0,4.0,3.0,4.0,0
PX1,3.0,3.0,3.0,3.0,3.0,3.0,3.0,3.0,3.0,0,0,0,0,0,0,0,0
PXC,3.0,3.0,3.0,3.0,3.0,0,3.0,3.0,3.0,3.0,0,3.0,3.0,3.0,0,0,0
PYU,0,0,0,4.0,4.0,4.0,4.0,4.0,4.0,4.0,4.0,4.0,4.0,0,0,0,0
QBR,0,0,0,0,0,4.0,4.0,4.0,4.0,4.0,4.0,4.0,0,0,0,0,0
QLD,0,0,0,0,0,0,4.0,4.0,4.0,4.0,4.0,4.0,4.0,0,0,0,0
QLT,0,0,0,0,0,0,3.0,3.0,3.0,3.0,3.0,3.0,3.0,0,0,0,0
RDP,3.0,3.0,3.0,3.0,3.0,3.0,3.0,3.0,3.0,3.0,3.0,3.0,3.0,3.0,3.0,0,0
RGC,0,0,0,0,0,0,3.0,3.0,3.0,3.0,3.0,3.0,3.0,3.0,0,0,0
RHC,4.0,4.0,4.0,4.0,0,0,0,0,0,0,0,0,0,0,0,0,0
RHN,0,0,0,0,0,1.0,4.0,4.0,4.0,4.0,4.0,4.0,0,0,0,0,0
RLC,0,0,0,0,0,4.0,4.0,4.0,4.0,4.0,4.0,4.0,0,0,0,0,0
ROS,0,0,0,0,3.0,3.0,3.0,3.0,3.0,3.0,3.0,3.0,3.0,0,0,0,0
RTH,0,0,0,0,0,3.0,3.0,4.0,4.0,4.0,4.0,4.0,0,0,0,0,0
RTS,0,0,0,0,0,3.0,3.0,3.0,3.0,3.0,3.0,3.0,0,0,0,0,0
S27,4.0,4.0,4.0,4.0,4.0,4.0,4.0,4.0,4.0,0,0,0,0,0,0,0,0
S33,4.0,4.0,3.0,3.0,3.0,3.0,3.0,0,0,0,0,0,0,0,0,0,0
S64,4.0,4.0,3.0,0,0,0,0,0,0,0,0,0,0,0,0,0,0
S91,4.0,4.0,4.0,4.0,0,0,0,0,0,0,0,0,0,0,0,0,0
S96,4.0,5.0,5.0,5.0,5.0,3.0,3.0,3.0,3.0,3.0,3.0,0,0,0,0,0,0
SAP,4.0,4.0,4.0,4.0,4.0,4.0,4.0,4.0,4.0,4.0,4.0,4.0,4.0,4.0,4.0,3.0,0
SBC,3.0,3.0,3.0,3.0,3.0,0,0,0,0,0,0,0,0,0,0,0,0
SCA,0,0,0,0,0,0,0,0,0,0,4.0,4.0,4.0,0,0,0,0
SCH,0,0,0,0,0,3.0,3.0,3.0,5.0,0,0,0,0,0,0,0,0
SCV,0,0,0,0,0,0,0,0,0,0,0,3.0,0,0,0,0,0
SCY,0,0,0,0,0,0,3.0,3.0,3.0,3.0,3.0,3.0,3.0,3.0,3.0,3.0,0
SD1,2.0,4.0,4.0,4.0,4.0,4.0,4.0,0,0,0,3.0,0,0,0,0,0,0
SDB,3.0,3.0,3.0,3.0,3.0,3.0,3.0,3.0,3.0,0,0,0,0,0,0,0,0
SDE,4.0,4.0,4.0,4.0,4.0,4.0,4.0,4.0,4.0,2.0,0,0,0,0,0,0,0
SDH,4.0,4.0,3.0,3.0,3.0,3.0,3.0,3.0,3.0,0,0,0,0,0,0,0,0
SDI,3.0,3.0,3.0,3.0,3.0,3.0,3.0,3.0,3.0,3.0,0,0,0,0,0,0,0
SDJ,4.0,4.0,4.0,4.0,4.0,3.0,3.0,3.0,3.0,3.0,3.0,3.0,3.0,3.0,3.0,3.0,0
SDS,3.0,3.0,3.0,0,0,0,0,0,0,0,0,0,0,0,0,0,0
SDX,0,0,0,0,3.0,3.0,3.0,3.0,3.0,0,0,0,0,0,0,0,0
SEC,4.0,4.0,4.0,4.0,4.0,4.0,0,0,0,0,0,0,0,0,0,0,0
SEL,3.0,3.0,3.0,3.0,0,0,0,0,0,0,0,0,0,0,0,0,0
SFT,4.0,4.0,4.0,4.0,4.0,4.0,4.0,4.0,0,0,0,0,0,0,0,0,0
SGO,0,0,0,0,4.0,4.0,4.0,4.0,4.0,4.0,0,0,0,0,0,0,0
SHG,0,2.0,2.0,3.0,3.0,1.0,0,3.0,3.0,3.0,3.0,3.0,3.0,3.0,3.0,3.0,3.0
SHX,0,0,0,0,4.0,4.0,4.0,4.0,4.0,4.0,4.0,4.0,4.0,4.0,0,0,0
SJC,4.0,4.0,4.0,4.0,4.0,4.0,4.0,4.0,4.0,4.0,4.0,4.0,4.0,4.0,0,0,0
SLC,0,0,0,4.0,4.0,4.0,4.0,4.0,4.0,2.0,0,0,0,0,0,0,0
SNG,4.0,4.0,4.0,4.0,4.0,0,0,0,0,0,0,0,0,0,0,0,0
SON,0,0,0,0,3.0,3.0,0,3.0,3.0,3.0,3.0,3.0,3.0,3.0,0,0,0
SOV,0,0,0,0,0,0,0,4.0,4.0,4.0,4.0,4.0,0,0,0,0,0
SPA,0,0,4.0,4.0,4.0,4.0,4.0,4.0,4.0,4.0,4.0,4.0,4.0,0,0,0,0
SPP,4.0,4.0,4.0,4.0,4.0,4.0,4.0,4.0,4.0,4.0,4.0,0,0,0,0,0,0
SQC,3.0,3.0,3.0,3.0,3.0,3.0,3.0,3.0,3.0,3.0,3.0,3.0,3.0,3.0,3.0,3.0,0
SRT,0,0,0,0,4.0,4.0,4.0,3.0,5.0,5.0,5.0,5.0,5.0,5.0,5.0,0,0
SSF,4.0,4.0,4.0,4.0,4.0,4.0,4.0,3.0,3.0,3.0,3.0,3.0,3.0,3.0,3.0,0,0
SSN,3.0,3.0,3.0,3.0,3.0,3.0,3.0,3.0,3.0,3.0,3.0,3.0,3.0,0,0,0,0
SSS,4.0,4.0,4.0,0,0,0,0,0,0,0,0,0,0,0,0,0,0
SSU,0,0,0,0,0,0,1.0,2.0,4.0,4.0,4.0,4.0,3.0,0,0,0,0
STL,4.0,4.0,4.0,4.0,4.0,4.0,3.0,3.0,0,0,0,0,0,0,0,0,0
STU,1.0,4.0,4.0,4.0,4.0,4.0,4.0,4.0,4.0,4.0,4.0,4.0,0,0,0,0,0
STV,3.0,3.0,3.0,3.0,3.0,3.0,3.0,3.0,3.0,3.0,3.0,3.0,0,0,0,0,0
SUM,0,0,0,0,0,0,1.0,3.0,3.0,3.0,3.0,3.0,0,0,0,0,0
SVI,3.0,3.0,3.0,3.0,3.0,3.0,3.0,3.0,3.0,3.0,3.0,3.0,3.0,3.0,3.0,3.0,3.0
SVL,0,0,4.0,4.0,4.0,4.0,1.0,4.0,4.0,4.0,4.0,4.0,4.0,0,0,0,0
T12,0,0,0,0,0,0,0,3.0,3.0,5.0,5.0,3.0,4.0,0,0,0,0
TA3,0,0,0,0,0,0,4.0,4.0,3.0,3.0,3.0,3.0,3.0,3.0,3.0,0,0
TAC,3.0,3.0,3.0,3.0,3.0,3.0,3.0,3.0,3.0,3.0,3.0,3.0,3.0,0,0,0,0
TAG,3.0,4.0,4.0,4.0,4.0,4.0,4.0,4.0,2.0,3.0,3.0,3.0,3.0,3.0,0,0,0
TAP,0,0,0,0,0,3.0,3.0,3.0,3.0,3.0,3.0,3.0,3.0,0,0,0,0
TB8,0,0,0,0,0,3.0,3.0,3.0,3.0,3.0,3.0,3.0,3.0,3.0,3.0,3.0,3.0
TBH,0,0,0,0,0,0,0,0,0,0,0,3.0,3.0,0,0,0,0
TBN,0,0,0,0,0,0,0,4.0,4.0,0,0,0,0,0,0,0,0
TBT,4.0,3.0,3.0,3.0,3.0,3.0,3.0,3.0,3.0,0,0,0,0,0,0,0,0
TBX,4.0,4.0,4.0,4.0,4.0,4.0,4.0,4.0,4.0,4.0,4.0,4.0,4.0,4.0,4.0,4.0,0
TCS,3.0,3.0,3.0,3.0,3.0,3.0,3.0,3.0,3.0,3.0,3.0,0,0,0,0,0,0
TDI,0,0,0,0,0,0,0,0,0,0,0,3.0,3.0,3.0,0,0,0
TEC,0,0,0,0,0,0,3.0,3.0,3.0,3.0,3.0,3.0,3.0,0,0,0,0
TEL,0,0,0,0,4.0,4.0,3.0,3.0,3.0,3.0,3.0,3.0,3.0,3.0,3.0,3.0,0
THI,0,0,0,3.0,3.0,3.0,4.0,3.0,3.0,3.0,3.0,3.0,3.0,3.0,0,0,0
THR,0,0,0,0,0,4.0,4.0,4.0,4.0,4.0,4.0,4.0,0,0,0,0,0
THV,3.0,3.0,3.0,3.0,0,0,0,0,0,0,0,0,0,0,0,0,0
TIC,4.0,4.0,4.0,4.0,4.0,4.0,3.0,3.0,0,0,0,0,0,0,0,0,0
TKC,3.0,3.0,3.0,3.0,3.0,3.0,3.0,3.0,3.0,3.0,3.0,3.0,3.0,3.0,0,0,0
TKG,0,0,0,0,0,0,0,0,0,3.0,3.0,3.0,3.0,3.0,0,0,0
TLC,3.0,3.0,3.0,3.0,0,0,0,0,0,0,0,0,0,0,0,3.0,0
TLI,0,0,0,0,0,0,0,4.0,4.0,4.0,4.0,4.0,4.0,4.0,4.0,4.0,0
TND,0,0,3.0,3.0,3.0,3.0,3.0,3.0,3.0,3.0,3.0,0,0,0,0,0,0
TNM,0,0,3.0,3.0,3.0,3.0,4.0,3.0,0,0,0,0,0,0,0,0,0
TNY,3.0,3.0,3.0,3.0,3.0,3.0,3.0,3.0,4.0,0,0,0,0,0,0,0,0
TPH,4.0,4.0,4.0,4.0,4.0,4.0,5.0,3.0,3.0,3.0,3.0,3.0,3.0,3.0,3.0,3.0,0
TQN,0,0,0,0,0,4.0,4.0,4.0,3.0,3.0,3.0,3.0,3.0,3.0,3.0,3.0,3.0
TRI,4.0,4.0,4.0,0,0,0,0,0,0,0,0,0,0,0,0,0,0
TS4,3.0,3.0,3.0,3.0,3.0,3.0,3.0,3.0,3.0,3.0,3.0,3.0,3.0,3.0,3.0,3.0,3.0
TS5,0,0,0,0,0,4.0,4.0,4.0,0,3.0,3.0,0,0,0,0,0,0
TSM,4.0,4.0,4.0,4.0,4.0,4.0,0,0,0,0,0,0,0,0,0,0,0
TTJ,0,0,2.0,2.0,4.0,4.0,4.0,4.0,4.0,4.0,3.0,0,0,0,0,0,0
TTP,4.0,4.0,4.0,4.0,4.0,5.0,3.0,4.0,5.0,5.0,5.0,5.0,5.0,5.0,5.0,0,0
TTR,3.0,3.0,3.0,3.0,3.0,3.0,3.0,3.0,3.0,0,0,0,0,0,0,0,0
TTV,0,0,0,0,0,4.0,4.0,4.0,4.0,4.0,4.0,4.0,0,0,0,0,0
TVP,3.0,3.0,3.0,3.0,3.0,3.0,3.0,3.0,3.0,3.0,3.0,3.0,3.0,3.0,0,0,0
TVU,0,0,0,0,0,0,4.0,4.0,4.0,4.0,4.0,4.0,0,0,0,0,0
TVW,0,0,0,0,3.0,3.0,3.0,3.0,3.0,5.0,4.0,4.0,4.0,4.0,0,0,0
V11,3.0,3.0,3.0,3.0,3.0,3.0,3.0,3.0,3.0,3.0,3.0,3.0,3.0,3.0,3.0,3.0,0
V15,3.0,3.0,3.0,3.0,3.0,3.0,0,0,0,0,0,0,0,0,0,0,0
VAT,4.0,4.0,4.0,4.0,4.0,4.0,4.0,4.0,4.0,4.0,0,0,0,0,0,0,0
VC5,3.0,3.0,3.0,3.0,3.0,3.0,3.0,3.0,3.0,3.0,3.0,3.0,3.0,0,0,0,0
VCH,3.0,3.0,3.0,3.0,0,0,0,0,0,0,0,0,0,0,0,0,0
VCV,3.0,3.0,3.0,3.0,3.0,0,0,0,0,0,0,0,0,0,0,0,0
VCW,3.0,3.0,3.0,3.0,3.0,3.0,3.0,3.0,3.0,3.0,3.0,3.0,3.0,3.0,3.0,3.0,0
VDM,0,0,0,0,0,0,0,0,0,1.0,4.0,4.0,4.0,0,0,0,0
VE2,4.0,4.0,4.0,4.0,4.0,4.0,4.0,4.0,4.0,4.0,5.0,4.0,4.0,4.0,4.0,4.0,4.0
VEE,0,0,3.0,3.0,3.0,3.0,3.0,3.0,3.0,3.0,0,0,0,0,0,0,0
VHI,0,0,0,0,0,0,0,0,1.0,4.0,3.0,3.0,0,0,0,0,0
VIS,3.0,3.0,3.0,3.0,3.0,3.0,3.0,3.0,3.0,3.0,3.0,3.0,3.0,0,0,0,0
VKD,3.0,3.0,2.0,3.0,3.0,3.0,3.0,3.0,3.0,3.0,3.0,3.0,3.0,0,0,0,0
VKP,4.0,4.0,4.0,4.0,4.0,0,0,0,0,0,0,0,0,0,0,0,0
VLF,5.0,3.0,3.0,3.0,3.0,3.0,3.0,3.0,3.0,3.0,3.0,3.0,3.0,3.0,0,0,0
VMI,0,0,0,4.0,4.0,4.0,4.0,4.0,4.0,0,0,0,0,0,0,0,0
VNN,0,4.0,4.0,4.0,4.0,4.0,3.0,3.0,3.0,0,0,0,0,0,0,0,0
VOC,0,0,0,0,0,3.0,3.0,3.0,3.0,3.0,3.0,3.0,3.0,3.0,3.0,3.0,0
VPK,3.0,3.0,3.0,3.0,3.0,3.0,3.0,3.0,3.0,3.0,3.0,0,0,0,0,0,0
VSP,3.0,3.0,3.0,3.0,0,0,0,0,0,0,0,0,0,0,0,0,0
VT1,4.0,4.0,4.0,4.0,4.0,4.0,4.0,4.0,4.0,4.0,4.0,0,0,0,0,0,0
VT8,0,0,0,4.0,4.0,4.0,4.0,4.0,4.0,4.0,0,0,0,0,0,0,0
VTF,3.0,3.0,3.0,3.0,3.0,3.0,0,0,0,0,0,0,0,0,0,0,0
VTL,4.0,4.0,4.0,4.0,4.0,4.0,4.0,4.0,4.0,4.0,2.0,2.0,3.0,3.0,3.0,3.0,0
WTN,0,0,0,0,3.0,3.0,0,3.0,3.0,3.0,3.0,0,0,0,0,0,0
X18,0,0,3.0,3.0,3.0,3.0,2.0,3.0,3.0,3.0,3.0,0,0,0,0,0,0
XDC,0,0,0,0,0,0,0,0,0,0,0,3.0,3.0,3.0,0,0,0
YRC,0,0,0,0,0,1.0,4.0,4.0,4.0,4.0,4.0,4.0,4.0,0,0,0,0
24H,0,0,0,0,0,0,0,0,0,0,0,0,0,0,0,0,0
ABA,0,0,0,0,0,0,0,0,0,0,0,0,0,0,0,0,0
BJC,0,0,0,0,0,0,0,0,0,0,0,0,0,0,0,0,0
BNC,0,0,0,0,0,3.0,3.0,0,0,0,0,0,0,0,0,0,0
BTA,0,0,0,0,0,0,0,0,0,0,0,0,0,0,0,0,0
BTJ,0,0,0,0,0,0,0,0,0,0,0,0,0,0,0,0,0
BTL,0,0,0,0,0,0,0,0,0,0,0,0,0,0,0,0,0
CNS,0,0,0,0,0,0,0,0,0,0,0,0,0,0,0,0,0
DAF,0,0,0,0,0,0,0,0,0,0,0,0,0,0,0,0,0
DJL,0,0,0,0,0,0,0,0,0,0,0,0,0,0,0,0,0
DNV,3.0,3.0,3.0,3.0,3.0,3.0,0,0,0,0,0,0,0,0,0,0,0
DTS,0,0,0,0,0,0,0,0,0,0,0,0,0,0,0,0,0
DVS,0,0,0,0,0,0,0,0,0,0,0,0,0,0,0,0,0
EPS,0,0,0,0,0,0,0,0,0,0,0,0,0,0,0,0,0
EVN,0,0,0,0,0,0,0,0,0,0,0,0,0,0,0,0,0
FHH,0,0,0,0,0,0,0,0,0,0,0,0,0,0,0,0,0
FIS,0,0,0,0,0,0,0,0,0,0,0,0,0,0,0,0,0
FTG,0,0,0,0,0,0,0,0,0,0,0,0,0,0,0,0,0
GCC,0,0,0,0,0,0,0,0,0,0,0,0,0,0,0,0,0
GDC,0,0,0,0,0,0,0,0,0,0,0,0,0,0,0,0,0
GMS,0,0,0,0,0,0,0,0,0,0,0,0,0,0,0,0,0
GSC,4.0,4.0,4.0,4.0,4.0,4.0,0,0,0,0,0,0,0,0,0,0,0
HIS,0,0,0,0,0,0,0,0,0,0,0,0,0,0,0,0,0
ICA,0,0,0,0,0,0,0,0,0,0,0,0,0,0,0,0,0
JPA,0,0,0,0,0,0,0,0,0,0,0,0,0,0,0,0,0
KAL,0,0,0,0,0,0,0,0,0,0,0,0,0,0,0,0,0
KHV,0,0,0,0,0,0,0,0,0,0,0,0,0,0,0,0,0
LNS,0,0,0,0,0,0,0,0,0,0,0,0,0,0,0,0,0
MLG,3.0,3.0,3.0,3.0,0,0,0,0,0,0,0,0,0,0,0,0,0
MSM,0,0,0,0,0,0,0,0,0,0,0,0,0,0,0,0,0
NPM,0,0,0,0,0,0,0,0,0,0,0,0,0,0,0,0,0
PQG,0,0,0,0,0,0,0,0,0,0,0,0,0,0,0,0,0
PVN,0,0,0,0,0,0,0,0,0,0,0,0,0,0,0,0,0
RTD,0,0,0,0,0,0,0,0,0,0,0,0,0,0,0,0,0
SEV,0,0,0,0,0,0,0,0,0,0,0,0,0,0,0,0,0
SIC,0,0,0,0,0,0,0,0,0,0,0,0,0,0,0,0,0
SNP,0,0,0,0,0,0,0,0,0,0,0,0,0,0,0,0,0
SPT,0,0,0,0,0,0,0,0,0,0,0,0,0,0,0,0,0
STJ,0,0,0,0,0,0,0,0,0,0,0,0,0,0,0,0,0
SVJ,0,0,0,0,0,0,0,0,0,0,0,0,0,0,0,0,0
TC6,3.0,3.0,3.0,3.0,3.0,3.0,3.0,3.0,3.0,3.0,3.0,3.0,3.0,3.0,3.0,0,0
TDL,4.0,4.0,4.0,3.0,3.0,0,0,0,0,0,0,0,0,0,0,0,0
TDN,3.0,3.0,3.0,3.0,3.0,3.0,3.0,3.0,3.0,3.0,3.0,3.0,3.0,3.0,3.0,0,0
THA,3.0,3.0,3.0,3.0,3.0,3.0,3.0,3.0,0,0,0,0,0,0,0,0,0
TKR,0,0,0,0,0,0,0,0,0,0,0,0,0,0,0,0,0
TSH,0,0,0,0,0,0,0,0,0,0,0,0,0,0,0,0,0
VBL,0,0,0,0,0,0,0,0,0,0,0,0,0,0,0,0,0
VED,0,0,0,0,0,0,0,0,0,0,0,0,0,0,0,0,0
VHW,0,0,0,0,0,0,0,0,0,0,0,0,0,0,0,0,0
VLD,0,0,0,0,0,0,0,0,0,0,0,0,0,0,0,0,0
VTT,0,0,0,0,0,0,0,0,0,0,0,0,0,0,0,0,0
YAN,0,0,0,0,0,0,0,0,0,0,0,0,0,0,0,0,0
