ID,Symbol,CompanyName,Exchange,IndustryName1,IndustryName2,IndustryName3,FirstTradeDate,BeforeExchange,DelistedReason,IsTerminated
4712.0,A32,CTCP 32,UPCOM,Tiêu dùng không thiết yếu,Thời trang và hàng lâu bền,Thời trang và dệt may,2018-10-22 17:00:00,,,False
2541.0,AAA,CTCP Nhựa An Phát Xanh,HOSE,Nguyên vật liệu,Nguyên vật liệu,Hóa chất,2016-11-24 17:00:00,HNX,"AAA: Ngày 18/11/2016, ngày hủy niêm yết cổ phiếu của CTCP Nhựa và Môi trường xanh An Phát",False
5601.0,AAH,CTCP Hợp Nhất,UPCOM,Năng lượng,Năng lượng,Dầu khí,2024-01-10 17:00:00,,,False
1813.0,AAM,CTCP Thủy sản MeKong,HOSE,Tiêu dùng thiết yếu,"Thực phẩm, đồ uống và thuốc lá",Thực phẩm,2009-09-23 17:00:00,,,False
5816.0,AAN,CTCP Lương thực A An,HOSE,Tiêu dùng thiết yếu,"Thực phẩm, đồ uống và thuốc lá",Thực phẩm,2026-05-21 17:00:00,,,False
3905.0,AAT,CTCP Tập Đoàn Tiên Sơn Thanh Hóa ,HOSE,Tiêu dùng không thiết yếu,Thời trang và hàng lâu bền,Thời trang và dệt may,2021-03-23 17:00:00,,,False
4522.0,AAV,CTCP AAV Group,UPCOM,Bất động sản,Bất động sản,Quản lý và phát triển bất động sản,2026-05-25 17:00:00,HNX,"AAV: Ngày 15/05/2026, về việc hủy bỏ niêm yết bắt buộc cổ phiếu AAV  của Công ty cổ phần AAV Group",False
2920.0,ABC,CTCP Truyền thông VMG,UPCOM,Dịch vụ truyền thông,Dịch vụ viễn thông,Dịch vụ viễn thông đa dạng,2016-08-17 17:00:00,,,False
4473.0,ABR,CTCP Đầu tư Nhãn hiệu Việt,HOSE,Dịch vụ truyền thông,Dịch vụ viễn thông,Dịch vụ viễn thông đa dạng,2022-03-02 17:00:00,UPCOM,"ABR: Ngày 22/02/2022, ngày hủy ĐKGD cổ phiếu của CTCP Đầu tư Nhãn hiệu Việt",False
4784.0,ABS,CTCP Dịch vụ Nông nghiệp Bình Thuận,HOSE,Nguyên vật liệu,Nguyên vật liệu,Hóa chất,2020-03-17 17:00:00,,,False
783.0,ABT,CTCP Xuất nhập khẩu Thủy sản Bến Tre,HOSE,Tiêu dùng thiết yếu,"Thực phẩm, đồ uống và thuốc lá",Thực phẩm,2006-12-24 17:00:00,,,False
2041.0,ACC,CTCP Đầu tư và Xây dựng Bình Dương ACC,HOSE,Nguyên vật liệu,Nguyên vật liệu,Vật liệu xây dựng,2011-06-29 17:00:00,,,False
1525.0,ACE,CTCP Bê tông Ly tâm An Giang,UPCOM,Nguyên vật liệu,Nguyên vật liệu,Vật liệu xây dựng,2009-11-09 17:00:00,,,False
4793.0,ACG,CTCP Gỗ An Cường,HOSE,Nguyên vật liệu,Nguyên vật liệu,Gỗ và giấy,2022-10-09 17:00:00,UPCOM,"ACG: Ngày 28/09/2022, ngày hủy ĐKGD cổ phiếu của CTCP Gỗ An Cường",False
936.0,ACL,CTCP Xuất nhập khẩu Thủy sản Cửu Long An Giang,HOSE,Tiêu dùng thiết yếu,"Thực phẩm, đồ uống và thuốc lá",Thực phẩm,2007-09-04 17:00:00,,,False
4027.0,ACM,CTCP Tập đoàn Khoáng sản Á Cường,UPCOM,Nguyên vật liệu,Nguyên vật liệu,Khai khoáng và luyện kim,2022-07-18 17:00:00,HNX,"ACM: Ngày 08/07/2022, ngày hủy niêm yết cổ phiếu của CTCP Tập đoàn Khoáng sản Á Cường",False
1997.0,ACS,CTCP Xây lắp Thương mại 2,UPCOM,Công nghiệp,Hàng hóa công nghiệp,Kỹ thuật xây dựng,2017-07-12 17:00:00,,,False
4052.0,ACV,Tổng Công ty Cảng Hàng không Việt Nam - CTCP,UPCOM,Công nghiệp,Vận tải,Hạ tầng giao thông,2016-11-20 17:00:00,,,False
2486.0,ADC,CTCP Mỹ thuật và Truyền thông,HNX,Dịch vụ truyền thông,Truyền thông và giải trí,Truyền thông,2010-12-23 17:00:00,,,False
4779.0,ADG,CTCP Clever Group,HOSE,Dịch vụ truyền thông,Truyền thông và giải trí,Truyền thông,2021-02-21 17:00:00,UPCOM,"ADG: Ngày 01/02/2021, ngày hủy ĐKGD cổ phiếu của CTCP Clever Group",False
2017.0,ADP,CTCP Sơn Á Đông,HOSE,Nguyên vật liệu,Nguyên vật liệu,Hóa chất,2023-07-26 17:00:00,UPCOM,"ADP: Ngày 14/07/2023, ngày hủy ĐKGD cổ phiếu của CTCP Sơn Á Đông",False
3181.0,ADS,CTCP Damsan,HOSE,Tiêu dùng không thiết yếu,Thời trang và hàng lâu bền,Thời trang và dệt may,2016-06-28 17:00:00,,,False
3218.0,AFX,CTCP Xuất nhập khẩu Nông sản Thực phẩm An Giang,HOSE,Tiêu dùng thiết yếu,"Thực phẩm, đồ uống và thuốc lá",Thực phẩm,2025-12-07 17:00:00,UPCOM,"AFX: Ngày 28/11/2025, ngày hủy ĐKGD cổ phiếu của CTCP Xuất nhập khẩu Nông sản Thực phẩm An Giang",False
4633.0,AG1,CTCP 28.1,UPCOM,Tiêu dùng không thiết yếu,Thời trang và hàng lâu bền,Thời trang và dệt may,2018-01-09 17:00:00,,,False
38.0,AGF,CTCP Xuất nhập khẩu Thủy sản An Giang,UPCOM,Tiêu dùng thiết yếu,"Thực phẩm, đồ uống và thuốc lá",Thực phẩm,2020-02-23 17:00:00,HOSE,AGF: Quyết định về việc hủy niêm yết cổ phiếu,False
4782.0,AGG,CTCP Đầu tư và Phát triển Bất động sản An Gia,HOSE,Bất động sản,Bất động sản,Quản lý và phát triển bất động sản,2020-01-08 17:00:00,,,False
1935.0,AGM,CTCP Xuất Nhập khẩu An Giang,UPCOM,Tiêu dùng thiết yếu,"Thực phẩm, đồ uống và thuốc lá",Thực phẩm,2025-05-22 17:00:00,HOSE,AGM: Quyết định về việc hủy niêm yết cổ phiếu,False
2493.0,AGP,CTCP Dược phẩm Agimexpharm,UPCOM,Chăm sóc sức khỏe,"Dược phẩm, công nghệ sinh học và khoa học sự sống",Dược phẩm,2015-10-05 17:00:00,,,False
1245.0,AGX,CTCP Thực phẩm Nông Sản xuất khẩu Sài Gòn,UPCOM,Tiêu dùng thiết yếu,"Thực phẩm, đồ uống và thuốc lá",Thực phẩm,2015-09-13 17:00:00,,,False
4949.0,AIG,CTCP Nguyên liệu Á Châu AIG,UPCOM,Tiêu dùng thiết yếu,Thương mại hàng thiết yếu,Thương mại hàng thiết yếu,2024-11-10 17:00:00,,,False
2353.0,ALC,CTCP Âu Lạc,UPCOM,Năng lượng,Năng lượng,Dầu khí,2026-01-14 17:00:00,,,False
778.0,ALT,CTCP Văn hóa Tân Bình,HNX,Nguyên vật liệu,Nguyên vật liệu,Bao bì và vật chứa,2009-07-26 17:00:00,HOSE,,False
2657.0,ALV,CTCP Tập đoàn MCST,UPCOM,Công nghiệp,Hàng hóa công nghiệp,Kỹ thuật xây dựng,2019-06-20 17:00:00,HNX,"ALV: Ngày 14/06/2019, ngày hủy niêm yết cổ phiếu của CTCP Đầu tư Phát triển hạ tầng ALV",False
2655.0,AMC,CTCP Khoáng sản Á Châu,HNX,Nguyên vật liệu,Nguyên vật liệu,Vật liệu xây dựng,2012-02-14 17:00:00,,,False
2611.0,AME,CTCP Alphanam E&C,HNX,Công nghiệp,Hàng hóa công nghiệp,Phân phối hàng công nghiệp,2010-06-01 17:00:00,,,False
2607.0,AMP,CTCP Armephaco,UPCOM,Tiêu dùng không thiết yếu,Thương mại hàng không thiết yếu,Nhà phân phối,2017-01-11 17:00:00,,,False
3116.0,AMS,CTCP Cơ khí Xây dựng AMECC,UPCOM,Công nghiệp,Hàng hóa công nghiệp,Máy móc công nghiệp,2017-02-05 17:00:00,,,False
2121.0,AMV,CTCP Sản xuất Kinh doanh Dược và Trang thiết bị Y tế Việt Mỹ,HNX,Chăm sóc sức khỏe,Thiết bị và dịch vụ chăm sóc sức khỏe,Thiết bị và vật tư chăm sóc sức khỏe,2009-12-29 17:00:00,,,False
971.0,ANI,CTCP ANI,UPCOM,Bất động sản,Bất động sản,Quản lý và phát triển bất động sản,2026-06-25 17:00:00,,,False
3215.0,ANT,CTCP Rau quả Thực phẩm An Giang,HOSE,Tiêu dùng thiết yếu,"Thực phẩm, đồ uống và thuốc lá",Thực phẩm,2026-01-19 17:00:00,UPCOM,"ANT: Ngày 13/01/2026, ngày hủy ĐKGD cổ phiếu của CTCP Rau quả Thực phẩm An Giang",False
1016.0,ANV,CTCP Nam Việt,HOSE,Tiêu dùng thiết yếu,"Thực phẩm, đồ uống và thuốc lá",Thực phẩm,2007-12-06 17:00:00,,,False
1896.0,APC,CTCP Chiếu xạ An Phú,UPCOM,Công nghiệp,Dịch vụ thương mại và chuyên nghiệp,Dịch vụ chuyên nghiệp,2024-05-14 17:00:00,HOSE,APC: Quyết định về việc hủy niêm yết cổ phiếu,False
1704.0,APF,CTCP Nông sản Thực phẩm Quảng Ngãi,UPCOM,Tiêu dùng thiết yếu,"Thực phẩm, đồ uống và thuốc lá",Thực phẩm,2017-06-07 17:00:00,,,False
4803.0,APH,CTCP Tập đoàn An Phát Holdings,HOSE,Nguyên vật liệu,Nguyên vật liệu,Hóa chất,2020-07-27 17:00:00,,,False
1864.0,API,CTCP Đầu tư Châu Á - Thái Bình Dương,HNX,Bất động sản,Bất động sản,Quản lý và phát triển bất động sản,2010-09-12 17:00:00,,,False
4393.0,APL,CTCP Cơ khí và Thiết bị áp lực - VVMI,UPCOM,Tiêu dùng không thiết yếu,Thương mại hàng không thiết yếu,Nhà phân phối,2016-10-13 17:00:00,,,False
2670.0,APP,CTCP Phát triển Phụ gia và Sản phẩm Dầu Mỏ,UPCOM,Năng lượng,Năng lượng,Dầu khí,2022-08-02 17:00:00,HNX,"APP: Ngày 18/07/2022, ngày hủy niêm yết cổ phiếu của CTCP Phát triển phụ gia và sản phầm dầu mỏ",False
2104.0,APT,CTCP Kinh doanh Thủy Hải Sản Sài Gòn,UPCOM,Tiêu dùng thiết yếu,"Thực phẩm, đồ uống và thuốc lá",Thực phẩm,2019-06-06 17:00:00,,,False
1756.0,ARM,CTCP Xuất nhập khẩu Hàng không,HNX,Công nghiệp,Hàng hóa công nghiệp,Phân phối hàng công nghiệp,2010-10-25 17:00:00,,,False
4698.0,ASG,CTCP Tập đoàn ASG,HOSE,Công nghiệp,Vận tải,Vận tải và logistics hàng không,2020-09-23 17:00:00,,,False
1930.0,ASM,CTCP Tập đoàn Sao Mai,HOSE,Tiêu dùng thiết yếu,"Thực phẩm, đồ uống và thuốc lá",Thực phẩm,2010-01-17 17:00:00,,,False
1060.0,ASP,CTCP Tập đoàn Dầu khí An Pha,HOSE,Tiện ích,Tiện ích,Gas sinh hoạt,2008-02-14 17:00:00,,,False
4626.0,AST,CTCP Dịch vụ Hàng không Taseco,HOSE,Công nghiệp,Vận tải,Hạ tầng giao thông,2018-01-03 17:00:00,,,False
1817.0,ATA,CTCP Ntaco,UPCOM,Tiêu dùng thiết yếu,"Thực phẩm, đồ uống và thuốc lá",Thực phẩm,2017-02-16 17:00:00,HOSE,ATA: Quyết định hủy niêm yết cổ phiếu,False
4323.0,ATG,CTCP ATG Planet,UPCOM,Nguyên vật liệu,Nguyên vật liệu,Khai khoáng và luyện kim,2021-05-13 17:00:00,HOSE,ATG: Quyết định về việc hủy niêm yết đối với cổ phiếu ATG,False
4136.0,ATS,CTCP Tập đoàn Đầu tư ATS,HNX,Tiêu dùng không thiết yếu,Dịch vụ tiêu dùng,"Khách sạn, nhà hàng và giải trí",2016-03-28 17:00:00,,,False
3123.0,AVC,CTCP Thủy điện A Vương,UPCOM,Tiện ích,Tiện ích,Phát điện độc lập và điện tái tạo,2018-01-07 17:00:00,,,False
4957.0,AVG,CTCP Phân bón Quốc tế Âu Việt,UPCOM,Nguyên vật liệu,Nguyên vật liệu,Hóa chất,,,,False
4880.0,BAF,CTCP Nông nghiệp BAF Việt Nam,HOSE,Tiêu dùng thiết yếu,"Thực phẩm, đồ uống và thuốc lá",Thực phẩm,2021-12-02 17:00:00,,,False
2158.0,BAL,CTCP Bao bì Bia - Rượu - Nước giải khát,UPCOM,Nguyên vật liệu,Nguyên vật liệu,Bao bì và vật chứa,2018-01-11 17:00:00,,,False
1561.0,BAX,CTCP Thống Nhất,HNX,Bất động sản,Bất động sản,Quản lý và phát triển bất động sản,2017-03-23 17:00:00,,,False
4801.0,BBH,CTCP Bao bì Hoàng Thạch,UPCOM,Nguyên vật liệu,Nguyên vật liệu,Bao bì và vật chứa,2020-05-13 17:00:00,,,False
4004.0,BBM,CTCP Bia Hà Nội - Nam Định,UPCOM,Tiêu dùng thiết yếu,"Thực phẩm, đồ uống và thuốc lá",Đồ uống,2018-01-04 17:00:00,,,False
889.0,BBS,CTCP VICEM Bao bì Bút Sơn,HNX,Nguyên vật liệu,Nguyên vật liệu,Bao bì và vật chứa,2005-12-27 17:00:00,,,False
315.0,BBT,CTCP Bông Bạch Tuyết,UPCOM,Chăm sóc sức khỏe,Thiết bị và dịch vụ chăm sóc sức khỏe,Thiết bị và vật tư chăm sóc sức khỏe,2018-06-11 17:00:00,,,False
4874.0,BCA,CTCP B.C.H,UPCOM,Nguyên vật liệu,Nguyên vật liệu,Khai khoáng và luyện kim,2021-09-07 17:00:00,,,False
4713.0,BCB,CTCP 397,UPCOM,Năng lượng,Năng lượng,Dầu khí,2018-10-28 17:00:00,,,False
892.0,BCC,CTCP Xi măng Bỉm Sơn,HNX,Nguyên vật liệu,Nguyên vật liệu,Vật liệu xây dựng,2006-11-23 17:00:00,,,False
1769.0,BCE,CTCP Xây dựng và Giao thông Bình Dương,HOSE,Công nghiệp,Hàng hóa công nghiệp,Kỹ thuật xây dựng,2010-06-27 17:00:00,,,False
2727.0,BCF,CTCP Thực phẩm Bích Chi,HNX,Tiêu dùng thiết yếu,"Thực phẩm, đồ uống và thuốc lá",Thực phẩm,2020-03-15 17:00:00,,,False
4058.0,BCG,CTCP Tập đoàn Bamboo Capital,UPCOM,Công nghiệp,Hàng hóa công nghiệp,Tập đoàn đa ngành,2026-07-23 17:00:00,HOSE,BCG: Quyết định về việc hủy niêm yết cổ phiếu,False
4586.0,BCM,Tập đoàn Đầu tư và Phát triển Công nghiệp Becamex - CTCP,HOSE,Bất động sản,Bất động sản,Quản lý và phát triển bất động sản,2020-08-30 17:00:00,UPCOM,"BCM: Ngày 20/08/2020, ngày hủy ĐKGD cổ phiếu của Tổng Công ty Đầu tư và Phát triển Công nghiệp - CTCP",False
1652.0,BCP,CTCP Dược ENLIE,UPCOM,Chăm sóc sức khỏe,"Dược phẩm, công nghệ sinh học và khoa học sự sống",Dược phẩm,2015-09-13 17:00:00,,,False
4945.0,BCR,CTCP BCG Land,UPCOM,Bất động sản,Bất động sản,Quản lý và phát triển bất động sản,2023-12-07 17:00:00,,,False
4846.0,BCV,CTCP Du lịch và Thương mại Bằng Giang Cao Bằng - Vimico,UPCOM,Tiêu dùng không thiết yếu,Dịch vụ tiêu dùng,"Khách sạn, nhà hàng và giải trí",2021-03-15 17:00:00,,,False
4163.0,BDG,CTCP May mặc Bình Dương,UPCOM,Tiêu dùng không thiết yếu,Thời trang và hàng lâu bền,Thời trang và dệt may,2016-04-05 17:00:00,,,False
4363.0,BDT,CTCP Xây lắp và Vật liệu Xây dựng Đồng Tháp,UPCOM,Nguyên vật liệu,Nguyên vật liệu,Vật liệu xây dựng,2017-09-05 17:00:00,,,False
3877.0,BDW,CTCP Cấp thoát nước Bình Định,UPCOM,Tiện ích,Tiện ích,Nước,2015-10-13 17:00:00,,,False
1848.0,BED,CTCP Sách và Thiết bị Trường học Đà Nẵng,HNX,Dịch vụ truyền thông,Truyền thông và giải trí,Truyền thông,2009-10-20 17:00:00,,,False
1276.0,BEL,CTCP Điện tử Biên Hòa,UPCOM,Công nghệ thông tin,Phần cứng và thiết bị,"Phần cứng, bộ lưu trữ và thiết bị ngoại vi",2016-07-11 17:00:00,,,False
3629.0,BFC,CTCP Phân bón Bình Điền,HOSE,Nguyên vật liệu,Nguyên vật liệu,Hóa chất,2015-10-06 17:00:00,,,False
5694.0,BGE,CTCP BCG Energy,UPCOM,Tiện ích,Tiện ích,Phát điện độc lập và điện tái tạo,2024-07-30 17:00:00,,,False
4087.0,BGW,CTCP Nước sạch Bắc Giang,UPCOM,Tiện ích,Tiện ích,Nước,2017-10-30 17:00:00,,,False
4531.0,BHA,CTCP Thủy điện Bắc Hà,UPCOM,Tiện ích,Tiện ích,Phát điện độc lập và điện tái tạo,2017-08-01 17:00:00,,,False
1558.0,BHC,CTCP Bê tông Biên Hòa,UPCOM,Nguyên vật liệu,Nguyên vật liệu,Vật liệu xây dựng,2015-04-09 17:00:00,HNX,"BHC: Ngày 26/05/2014, ngày hủy niêm yết cổ phiếu của CTCP Bê tông Biên Hòa",False
4715.0,BHG,CTCP Chè Biển Hồ,UPCOM,Tiêu dùng thiết yếu,"Thực phẩm, đồ uống và thuốc lá",Thực phẩm,2018-10-29 17:00:00,,,False
5718.0,BHH,CTCP Bia Hà Nội - Hưng Yên 89,UPCOM,Tiêu dùng thiết yếu,"Thực phẩm, đồ uống và thuốc lá",Đồ uống,,,,False
4671.0,BHK,CTCP Bia Hà Nội - Kim Bài,UPCOM,Tiêu dùng thiết yếu,"Thực phẩm, đồ uống và thuốc lá",Đồ uống,2018-04-04 17:00:00,,,False
1313.0,BHN,Tổng Công ty cổ phần Bia - Rượu - Nước giải khát Hà Nội,HOSE,Tiêu dùng thiết yếu,"Thực phẩm, đồ uống và thuốc lá",Đồ uống,2017-01-18 17:00:00,UPCOM,"BHN:Ngày 11/01/2017, ngày hủy ĐKGD cổ phiếu của Tổng CTCP Bia - Rượu - Nước giải khát Hà Nội",False
2185.0,BHP,CTCP Bia Hà Nội - Hải Phòng,UPCOM,Tiêu dùng thiết yếu,"Thực phẩm, đồ uống và thuốc lá",Đồ uống,2013-01-20 17:00:00,,,False
4891.0,BIG,CTCP Tập đoàn Đầu tư Big,UPCOM,Tiêu dùng không thiết yếu,Thương mại hàng không thiết yếu,Nhà phân phối,2022-01-09 17:00:00,,,False
4260.0,BIO,CTCP Vắc xin và Sinh phẩm Nha Trang,UPCOM,Chăm sóc sức khỏe,"Dược phẩm, công nghệ sinh học và khoa học sự sống",Dược phẩm,2018-08-29 17:00:00,,,False
1806.0,BKC,CTCP Khoáng sản Bắc Kạn,HNX,Nguyên vật liệu,Nguyên vật liệu,Khai khoáng và luyện kim,2009-08-17 17:00:00,,,False
4847.0,BKG,CTCP Đầu tư BKG Việt Nam,HOSE,Nguyên vật liệu,Nguyên vật liệu,Gỗ và giấy,2020-12-30 17:00:00,,,False
1151.0,BLF,CTCP Thủy sản Bạc Liêu,UPCOM,Tiêu dùng thiết yếu,"Thực phẩm, đồ uống và thuốc lá",Thực phẩm,2023-12-17 17:00:00,HNX,"BLF: Ngày 05/12/2023, ngày hủy niêm yết cổ phiếu của CTCP Thủy sản Bạc Liêu",False
3980.0,BLN,CTCP Vận tải và Dịch vụ Liên Ninh,UPCOM,Công nghiệp,Vận tải,Vận tải mặt đất,2016-09-08 17:00:00,,,False
2478.0,BLT,CTCP Lương thực Bình Định,UPCOM,Tiêu dùng thiết yếu,"Thực phẩm, đồ uống và thuốc lá",Thực phẩm,2017-07-09 17:00:00,,,False
785.0,BMC,CTCP Khoáng sản Bình Định,HOSE,Nguyên vật liệu,Nguyên vật liệu,Khai khoáng và luyện kim,2006-12-27 17:00:00,,,False
4512.0,BMD,CTCP Môi trường và Dịch vụ Đô thị Bình Thuận,UPCOM,Công nghiệp,Dịch vụ thương mại và chuyên nghiệp,Dịch vụ và thiết bị thương mại ,2017-06-13 17:00:00,,,False
4670.0,BMF,CTCP Vật liệu Xây dựng và Chất đốt Đồng Nai,UPCOM,Tiêu dùng không thiết yếu,Thương mại hàng không thiết yếu,Nhà phân phối,2018-04-15 17:00:00,,,False
4719.0,BMG,CTCP May Bình Minh,UPCOM,Tiêu dùng không thiết yếu,Thời trang và hàng lâu bền,Thời trang và dệt may,2018-12-24 17:00:00,,,False
2026.0,BMJ,CTCP Khoáng sản Miền Đông AHP,UPCOM,Nguyên vật liệu,Nguyên vật liệu,Vật liệu xây dựng,2009-12-21 17:00:00,,,False
5710.0,BMK,CTCP Kỹ thuật nhiệt Mèo Đen,UPCOM,Công nghiệp,Hàng hóa công nghiệp,Kỹ thuật xây dựng,2024-12-25 17:00:00,,,False
712.0,BMP,CTCP Nhựa Bình Minh,HOSE,Nguyên vật liệu,Nguyên vật liệu,Hóa chất,2006-07-10 17:00:00,,,False
4391.0,BMV,CTCP Bột mỳ Vinafood 1,UPCOM,Tiêu dùng thiết yếu,"Thực phẩm, đồ uống và thuốc lá",Thực phẩm,2017-06-05 17:00:00,,,False
4834.0,BNA,CTCP Tập đoàn Đầu tư Bảo Ngọc,HNX,Tiêu dùng thiết yếu,"Thực phẩm, đồ uống và thuốc lá",Thực phẩm,2020-10-11 17:00:00,,,False
4445.0,BNW,CTCP Nước sạch Bắc Ninh,UPCOM,Tiện ích,Tiện ích,Nước,2018-12-27 17:00:00,,,False
4727.0,BOT,CTCP BOT Cầu Thái Hà,UPCOM,Công nghiệp,Vận tải,Hạ tầng giao thông,2019-02-13 17:00:00,,,False
40.0,BPC,CTCP VICEM Bao bì Bỉm Sơn,HNX,Nguyên vật liệu,Nguyên vật liệu,Bao bì và vật chứa,2009-06-07 17:00:00,HOSE,BPC: Hủy niêm yết cổ phiếu,False
4629.0,BQB,CTCP Bia Hà Nội - Quảng Bình,UPCOM,Tiêu dùng thiết yếu,"Thực phẩm, đồ uống và thuốc lá",Đồ uống,2018-01-08 17:00:00,,,False
5754.0,BQP,CTCP Nhựa Chất lượng cao Bình Thuận,UPCOM,Nguyên vật liệu,Nguyên vật liệu,Hóa chất,2025-11-04 17:00:00,,,False
2146.0,BRC,CTCP Cao su Bến Thành,HOSE,Tiêu dùng không thiết yếu,Xe và linh kiện,Linh kiện xe,2011-12-12 17:00:00,,,False
4515.0,BRR,CTCP Cao su Bà Rịa,UPCOM,Nguyên vật liệu,Nguyên vật liệu,Hóa chất,2017-06-15 17:00:00,,,False
3829.0,BRS,CTCP Dịch vụ Đô thị Bà Rịa,UPCOM,Công nghiệp,Dịch vụ thương mại và chuyên nghiệp,Dịch vụ và thiết bị thương mại ,2017-01-23 17:00:00,,,False
4699.0,BSA,CTCP Thủy điện Buôn Đôn,UPCOM,Tiện ích,Tiện ích,Phát điện độc lập và điện tái tạo,2018-08-19 17:00:00,,,False
4495.0,BSD,"CTCP Bia, Rượu Sài Gòn - Đồng Xuân",UPCOM,Tiêu dùng thiết yếu,"Thực phẩm, đồ uống và thuốc lá",Đồ uống,2017-04-27 17:00:00,,,False
4253.0,BSG,CTCP Xe khách Sài Gòn,UPCOM,Công nghiệp,Vận tải,Vận tải mặt đất,2016-11-20 17:00:00,,,False
4694.0,BSH,CTCP Bia Sài Gòn - Hà Nội,UPCOM,Tiêu dùng thiết yếu,"Thực phẩm, đồ uống và thuốc lá",Đồ uống,2018-07-03 17:00:00,,,False
4514.0,BSL,CTCP Bia Sài Gòn - Sông Lam,UPCOM,Tiêu dùng thiết yếu,"Thực phẩm, đồ uống và thuốc lá",Đồ uống,2017-06-15 17:00:00,,,False
4365.0,BSP,CTCP Bia Sài Gòn - Phú Thọ,UPCOM,Tiêu dùng thiết yếu,"Thực phẩm, đồ uống và thuốc lá",Đồ uống,2016-08-09 17:00:00,,,False
2802.0,BSQ,CTCP Bia Sài Gòn - Quảng Ngãi,UPCOM,Tiêu dùng thiết yếu,"Thực phẩm, đồ uống và thuốc lá",Đồ uống,2017-02-27 17:00:00,,,False
4338.0,BSR,CTCP - Tổng Công ty Lọc hóa dầu Việt Nam,HOSE,Năng lượng,Năng lượng,Dầu khí,2025-01-16 17:00:00,UPCOM,"BSR: Ngày 07/01/2025, ngày hủy ĐKGD cổ phiếu của CTCP Lọc Hóa dầu Bình Sơn",False
2857.0,BT1,CTCP Bảo vệ Thực vật 1 Trung Ương,UPCOM,Nguyên vật liệu,Nguyên vật liệu,Hóa chất,2016-11-08 17:00:00,,,False
36.0,BT6,CTCP Beton 6,UPCOM,Nguyên vật liệu,Nguyên vật liệu,Vật liệu xây dựng,2017-03-05 17:00:00,HOSE,BT6: Quyết định hủy niêm yết cổ phiếu,False
2401.0,BTB,CTCP Bia Hà Nội - Thái Bình,UPCOM,Tiêu dùng thiết yếu,"Thực phẩm, đồ uống và thuốc lá",Đồ uống,2017-01-11 17:00:00,,,False
2455.0,BTD,CTCP Bê tông Ly tâm Thủ Đức,UPCOM,Nguyên vật liệu,Nguyên vật liệu,Vật liệu xây dựng,2017-03-01 17:00:00,,,False
1934.0,BTG,CTCP Bao bì Tiền Giang,UPCOM,Nguyên vật liệu,Nguyên vật liệu,Bao bì và vật chứa,2010-03-23 17:00:00,,,False
1117.0,BTH,CTCP Chế tạo Biến thế và Vật liệu Điện Hà Nội,UPCOM,Công nghiệp,Hàng hóa công nghiệp,Thiết bị điện,2017-09-26 17:00:00,HNX,"BTH: Ngày 07/05/2015, ngày hủy niêm yết cổ phiếu của CTCP Chế tạo biến thế và Vật liệu điện Hà Nội",False
4627.0,BTN,CTCP Đầu tư Bitco Bình Định,UPCOM,Nguyên vật liệu,Nguyên vật liệu,Vật liệu xây dựng,2018-01-04 17:00:00,,,False
1702.0,BTP,CTCP Nhiệt điện Bà Rịa,HOSE,Tiện ích,Tiện ích,Điện,2009-11-24 17:00:00,,,False
895.0,BTS,CTCP Xi măng VICEM Bút Sơn,HNX,Nguyên vật liệu,Nguyên vật liệu,Vật liệu xây dựng,2006-12-04 17:00:00,,,False
2042.0,BTT,CTCP Thương mại Dịch vụ Bến Thành,HOSE,Tiêu dùng không thiết yếu,Thương mại hàng không thiết yếu,Nhà phân phối,2010-04-13 17:00:00,,,False
3849.0,BTU,CTCP Công trình Đô thị Bến Tre,UPCOM,Công nghiệp,Dịch vụ thương mại và chuyên nghiệp,Dịch vụ và thiết bị thương mại ,2016-03-10 17:00:00,,,False
3848.0,BTV,CTCP Dịch vụ Du lịch Bến Thành,UPCOM,Tiêu dùng không thiết yếu,Dịch vụ tiêu dùng,"Khách sạn, nhà hàng và giải trí",2017-03-02 17:00:00,,,False
1307.0,BTW,CTCP Cấp nước Bến Thành,HNX,Tiện ích,Tiện ích,Nước,2017-11-13 17:00:00,UPCOM,"BTW: Ngày 08/11/2017, ngày hủy ĐKGD cổ phiếu của CTCP Cấp nước Bến Thành ",False
2626.0,BVG,CTCP Group Bắc Việt,UPCOM,Nguyên vật liệu,Nguyên vật liệu,Khai khoáng và luyện kim,2015-11-19 17:00:00,HNX,"BVG: Ngày 21/05/2015, ngày hủy niêm yết cổ phiếu của CTCP Thép Bắc Việt",False
4867.0,BVL,CTCP BV Land,UPCOM,Công nghiệp,Hàng hóa công nghiệp,Tập đoàn đa ngành,2021-06-10 17:00:00,,,False
2340.0,BVN,CTCP Bông Việt Nam,UPCOM,Tiêu dùng không thiết yếu,Thời trang và hàng lâu bền,Thời trang và dệt may,2011-10-10 17:00:00,,,False
2547.0,BWA,CTCP Cấp thoát nước và Xây dựng Bảo Lộc,UPCOM,Tiện ích,Tiện ích,Nước,2010-06-13 17:00:00,,,False
4355.0,BWE,CTCP - Tổng công ty nước - môi trường Bình Dương,HOSE,Tiện ích,Tiện ích,Nước,2017-07-19 17:00:00,,,False
2440.0,BWS,CTCP Cấp nước Bà Rịa - Vũng Tàu,UPCOM,Tiện ích,Tiện ích,Nước,2017-11-27 17:00:00,,,False
1563.0,BXH,CTCP VICEM Bao bì Hải Phòng,HNX,Nguyên vật liệu,Nguyên vật liệu,Bao bì và vật chứa,2009-11-24 17:00:00,,,False
2003.0,C21,CTCP Thế Kỷ 21 ,UPCOM,Bất động sản,Bất động sản,Bất động sản đa dạng,2016-10-31 17:00:00,HOSE,C21: Thông báo hủy niêm yết đối với cổ phiếu C21,False
4679.0,C22,CTCP 22,UPCOM,Tiêu dùng thiết yếu,"Thực phẩm, đồ uống và thuốc lá",Thực phẩm,2018-05-23 17:00:00,,,False
2055.0,C32,CTCP Đầu tư và Xây dựng 3-2,HOSE,Nguyên vật liệu,Nguyên vật liệu,Vật liệu xây dựng,2012-11-29 17:00:00,,,False
2120.0,C47,CTCP Xây dựng 47,HOSE,Công nghiệp,Hàng hóa công nghiệp,Kỹ thuật xây dựng,2011-03-29 17:00:00,,,False
3803.0,C4G,CTCP Tập đoàn CIENCO4,UPCOM,Công nghiệp,Hàng hóa công nghiệp,Kỹ thuật xây dựng,2018-12-09 17:00:00,,,False
4397.0,C69,CTCP Xây dựng 1369,HNX,Công nghiệp,Hàng hóa công nghiệp,Phân phối hàng công nghiệp,2017-04-20 17:00:00,,,False
1028.0,C92,CTCP Xây dựng và Đầu tư 492,UPCOM,Công nghiệp,Hàng hóa công nghiệp,Kỹ thuật xây dựng,2022-08-02 17:00:00,HNX,"C92: Ngày 18/07/2022, ngày hủy niêm yết cổ phiếu của CTCP Xây dựng và Đầu tư 492",False
1454.0,CAD,CTCP Chế biến và Xuất nhập khẩu Thủy sản Cadovimex,UPCOM,Tiêu dùng thiết yếu,"Thực phẩm, đồ uống và thuốc lá",Thực phẩm,2012-10-31 17:00:00,HOSE,CAD bị hủy niêm yết bắt buộc từ ngày 04/06,False
4504.0,CAG,CTCP Cảng An Giang,HNX,Công nghiệp,Vận tải,Hạ tầng giao thông,2017-12-03 17:00:00,,,False
48.0,CAN,CTCP Đồ hộp Hạ Long,HNX,Tiêu dùng thiết yếu,"Thực phẩm, đồ uống và thuốc lá",Thực phẩm,2009-06-11 17:00:00,HOSE,CAN: Hủy niêm yết cổ phiếu,False
1029.0,CAP,CTCP Lâm Nông sản Thực phẩm Yên Bái,HNX,Nguyên vật liệu,Nguyên vật liệu,Gỗ và giấy,2008-01-08 17:00:00,,,False
4902.0,CAR,CTCP Tập đoàn Giáo dục Trí Việt,HNX,Tiêu dùng không thiết yếu,Dịch vụ tiêu dùng,Dịch vụ tiêu dùng khác,2024-10-22 17:00:00,UPCOM,"CAR: Ngày 14/10/2024, ngày hủy ĐKGD cổ phiếu của CTCP Tập đoàn Giáo dục Trí Việt",False
1259.0,CAT,CTCP Thủy sản Cà Mau,UPCOM,Tiêu dùng thiết yếu,"Thực phẩm, đồ uống và thuốc lá",Thực phẩm,2018-03-22 17:00:00,,,False
4562.0,CBI,CTCP Gang thép Cao Bằng,UPCOM,Nguyên vật liệu,Nguyên vật liệu,Khai khoáng và luyện kim,2017-09-27 17:00:00,,,False
3337.0,CBS,CTCP Mía Đường Cao Bằng,UPCOM,Tiêu dùng thiết yếu,"Thực phẩm, đồ uống và thuốc lá",Thực phẩm,2017-06-19 17:00:00,,,False
4343.0,CC1,Tổng Công ty Xây dựng Số 1 - CTCP,UPCOM,Công nghiệp,Hàng hóa công nghiệp,Kỹ thuật xây dựng,2017-07-19 17:00:00,,,False
3004.0,CCA,CTCP Xuất nhập khẩu Thuỷ sản Cần Thơ,UPCOM,Tiêu dùng thiết yếu,"Thực phẩm, đồ uống và thuốc lá",Thực phẩm,2019-12-25 17:00:00,,,False
5693.0,CCC,CTCP Xây dựng CDC,HOSE,Công nghiệp,Hàng hóa công nghiệp,Kỹ thuật xây dựng,2025-04-20 17:00:00,UPCOM,"CCC: Ngày 11/04/2025, ngày hủy ĐKGD cổ phiếu của CTCP Xây dựng CDC",False
1277.0,CCI,CTCP Đầu tư Phát triển Công nghiệp Thương mại Củ Chi,HOSE,Năng lượng,Năng lượng,Dầu khí,2010-04-14 17:00:00,,,False
2710.0,CCL,CTCP Đầu tư và Phát triển Đô thị Dầu khí Cửu Long,HOSE,Bất động sản,Bất động sản,Quản lý và phát triển bất động sản,2011-03-02 17:00:00,,,False
1312.0,CCM,CTCP khoáng sản và Xi măng Cần Thơ,UPCOM,Nguyên vật liệu,Nguyên vật liệu,Vật liệu xây dựng,2018-07-05 17:00:00,HNX,"CCM: Ngày 29/06/2018, ngày hủy niêm yết cổ phiếu của Công ty cổ phần Khoáng sản và Xi măng Cần Thơ",False
1638.0,CCP,CTCP Cảng Cửa Cấm Hải Phòng,UPCOM,Công nghiệp,Vận tải,Hạ tầng giao thông,2017-03-15 17:00:00,,,False
3999.0,CCR,CTCP Cảng Cam Ranh,HNX,Công nghiệp,Vận tải,Hạ tầng giao thông,2021-11-18 17:00:00,UPCOM,"CCR: Ngày 10/11/2021, ngày hủy ĐKGD cổ phiếu của CTCP Cảng Cam Ranh",False
2227.0,CCS,CTCP Chíp Sáng,UPCOM,Bất động sản,Bất động sản,Quản lý và phát triển bất động sản,2026-01-22 17:00:00,,,False
3878.0,CCT,CTCP Cảng Cần Thơ,UPCOM,Công nghiệp,Vận tải,Hạ tầng giao thông,2017-06-29 17:00:00,,,False
3835.0,CCV,CTCP Tư vấn Xây dựng Công nghiệp và Đô thị Việt Nam,UPCOM,Công nghiệp,Dịch vụ thương mại và chuyên nghiệp,Dịch vụ chuyên nghiệp,2017-01-08 17:00:00,,,False
1031.0,CDC,CTCP Chương Dương,HOSE,Công nghiệp,Hàng hóa công nghiệp,Kỹ thuật xây dựng,2010-09-12 17:00:00,,,False
2284.0,CDG,CTCP Cầu Đuống,UPCOM,Nguyên vật liệu,Nguyên vật liệu,Vật liệu xây dựng,2017-02-26 17:00:00,,,False
3777.0,CDN,CTCP Cảng Đà Nẵng,HNX,Công nghiệp,Vận tải,Hạ tầng giao thông,2016-11-29 17:00:00,UPCOM,"CDN: Ngày 25/11/2016, ngày hủy ĐKGD cổ phiếu của Công ty Cổ phần Cảng Đà Nẵng",False
3982.0,CDO,CTCP Tư vấn Thiết kế và Phát triển Đô thị,UPCOM,Công nghiệp,Hàng hóa công nghiệp,Kỹ thuật xây dựng,2018-10-04 17:00:00,HOSE,CDO: Quyết định hủy niêm yết cổ phiếu,False
2524.0,CDP,CTCP Dược phẩm Trung ương Codupha,UPCOM,Chăm sóc sức khỏe,Thiết bị và dịch vụ chăm sóc sức khỏe,Thương mại và dịch vụ chăm sóc sức khỏe,2018-07-12 17:00:00,,,False
3228.0,CDR,CTCP Xây dựng Cao su Đồng Nai,UPCOM,Công nghiệp,Hàng hóa công nghiệp,Kỹ thuật xây dựng,2017-06-25 17:00:00,,,False
4685.0,CEN,CTCP CENCON Việt Nam,UPCOM,Tiêu dùng không thiết yếu,Thương mại hàng không thiết yếu,Nhà phân phối,2018-06-14 17:00:00,,,False
3345.0,CEO,CTCP Tập đoàn C.E.O,HNX,Bất động sản,Bất động sản,Quản lý và phát triển bất động sản,2014-09-28 17:00:00,,,False
4380.0,CET,CTCP HTC Holding,HNX,Tiêu dùng không thiết yếu,Thời trang và hàng lâu bền,Hàng tiêu dùng lâu bền,2017-07-27 17:00:00,,,False
4853.0,CFM,CTCP CFM Private Equity,UPCOM,Tiêu dùng không thiết yếu,Dịch vụ tiêu dùng,Dịch vụ tiêu dùng khác,2021-01-24 17:00:00,,,False
4735.0,CFV,CTCP Cà phê Thắng Lợi,UPCOM,Tiêu dùng thiết yếu,"Thực phẩm, đồ uống và thuốc lá",Thực phẩm,2019-06-02 17:00:00,,,False
2141.0,CGV,CTCP Vinaceglass,UPCOM,Tiêu dùng không thiết yếu,Thời trang và hàng lâu bền,Hàng tiêu dùng lâu bền,2017-06-20 17:00:00,,,False
2793.0,CH5,CTCP Xây dựng Số 5 Hà Nội,UPCOM,Công nghiệp,Hàng hóa công nghiệp,Kỹ thuật xây dựng,2017-06-13 17:00:00,,,False
2936.0,CHC,CTCP Cẩm Hà,UPCOM,Nguyên vật liệu,Nguyên vật liệu,Gỗ và giấy,2017-02-15 17:00:00,,,False
2123.0,CHP,CTCP Thủy điện Miền Trung,HOSE,Tiện ích,Tiện ích,Phát điện độc lập và điện tái tạo,2016-09-28 17:00:00,HNX,"CHP: Ngày 23/09/2016, ngày hủy niêm yết cổ phiếu của CTCP Thủy điện miền Trung",False
4242.0,CHS,CTCP Chiếu sáng Công cộng Thành phố Hồ Chí Minh,UPCOM,Công nghiệp,Hàng hóa công nghiệp,Kỹ thuật xây dựng,2017-01-11 17:00:00,,,False
2827.0,CI5,CTCP Đầu Tư Xây dựng Số 5,UPCOM,Công nghiệp,Hàng hóa công nghiệp,Kỹ thuật xây dựng,2011-06-30 17:00:00,,,False
4510.0,CIA,CTCP Dịch vụ Sân bay Quốc tế Cam Ranh,HNX,Công nghiệp,Vận tải,Hạ tầng giao thông,2017-11-28 17:00:00,,,False
899.0,CID,CTCP Xây dựng và Phát triển Cơ sở Hạ tầng,UPCOM,Công nghiệp,Hàng hóa công nghiệp,Kỹ thuật xây dựng,2016-05-09 17:00:00,HNX,"CID: Ngày 29/04/2016, ngày hủy niêm yết cổ phiếu của CTCP Xây dựng và Phát triển Cơ sở hạ tầng",False
2933.0,CIG,CTCP COMA 18,HOSE,Công nghiệp,Hàng hóa công nghiệp,Kỹ thuật xây dựng,2011-07-18 17:00:00,,,False
95.0,CII,CTCP Đầu tư Hạ tầng Kỹ thuật Thành phố Hồ Chí Minh,HOSE,Công nghiệp,Vận tải,Hạ tầng giao thông,2006-05-17 17:00:00,,,False
2922.0,CIP,CTCP Xây lắp và Sản xuất Công nghiệp,UPCOM,Công nghiệp,Hàng hóa công nghiệp,Kỹ thuật xây dựng,2017-09-26 17:00:00,,,False
900.0,CJC,CTCP Cơ điện Miền Trung,HNX,Công nghiệp,Hàng hóa công nghiệp,Máy móc công nghiệp,2006-12-13 17:00:00,,,False
3175.0,CK8,CTCP Cơ khí 120,UPCOM,Nguyên vật liệu,Nguyên vật liệu,Khai khoáng và luyện kim,2023-01-05 17:00:00,,,False
4711.0,CKA,CTCP Cơ Khí An Giang,UPCOM,Công nghiệp,Hàng hóa công nghiệp,Máy móc công nghiệp,2018-10-16 17:00:00,,,False
3620.0,CKD,CTCP Cơ khí Đông Anh LICOGI,UPCOM,Nguyên vật liệu,Nguyên vật liệu,Khai khoáng và luyện kim,2015-05-20 17:00:00,,,False
2239.0,CKG,CTCP Tập đoàn CIC,HOSE,Bất động sản,Bất động sản,Quản lý và phát triển bất động sản,2020-03-24 17:00:00,,,False
2175.0,CKV,CTCP COKYVINA,HNX,Dịch vụ truyền thông,Dịch vụ viễn thông,Dịch vụ viễn thông đa dạng,2010-03-10 17:00:00,,,False
779.0,CLC,CTCP Cát Lợi,HOSE,Tiêu dùng thiết yếu,"Thực phẩm, đồ uống và thuốc lá",Thuốc lá,2006-11-15 17:00:00,,,False
2153.0,CLH,CTCP Xi măng La Hiên VVMI,HNX,Nguyên vật liệu,Nguyên vật liệu,Vật liệu xây dựng,2016-06-06 17:00:00,,,False
5815.0,CLI,CTCP Tập đoàn CNCTech,UPCOM,Bất động sản,Bất động sản,Quản lý và phát triển bất động sản,2026-05-05 17:00:00,,,False
1637.0,CLL,CTCP Cảng Cát Lái,HOSE,Công nghiệp,Vận tải,Hạ tầng giao thông,2014-07-07 17:00:00,,,False
2221.0,CLM,CTCP Xuất nhập khẩu Than - Vinacomin,HNX,Năng lượng,Năng lượng,Dầu khí,2016-04-14 17:00:00,,,False
1918.0,CLW,CTCP Cấp nước Chợ Lớn,HOSE,Tiện ích,Tiện ích,Nước,2011-01-10 17:00:00,,,False
4252.0,CLX,CTCP Xuất nhập khẩu và Đầu tư Chợ Lớn (CHOLIMEX),UPCOM,Tiêu dùng thiết yếu,Thương mại hàng thiết yếu,Thương mại hàng thiết yếu,2017-02-28 17:00:00,,,False
901.0,CMC,CTCP Đầu tư CMC,HNX,Công nghiệp,Hàng hóa công nghiệp,Phân phối hàng công nghiệp,2006-12-10 17:00:00,,,False
1247.0,CMD,CTCP Vật liệu Xây dựng và Trang trí nội thất Thành phố Hồ Chí Minh,UPCOM,Nguyên vật liệu,Nguyên vật liệu,Vật liệu xây dựng,2019-07-04 17:00:00,,,False
2312.0,CMF,CTCP Thực phẩm Cholimex,UPCOM,Tiêu dùng thiết yếu,"Thực phẩm, đồ uống và thuốc lá",Thực phẩm,2016-11-29 17:00:00,,,False
1879.0,CMG,CTCP Tập đoàn Công nghệ CMC,HOSE,Công nghệ thông tin,Phần mềm và dịch vụ,Dịch vụ CNTT,2010-01-21 17:00:00,,,False
1860.0,CMI,CTCP CMISTONE Việt Nam,UPCOM,Nguyên vật liệu,Nguyên vật liệu,Vật liệu xây dựng,2019-06-13 17:00:00,HNX,"CMI: Ngày 06/06/2019, ngày hủy niêm yết cổ phiếu của CTCP CMISTONE Việt Nam",False
3078.0,CMK,CTCP Cơ khí Mạo Khê - Vinacomin,UPCOM,Công nghiệp,Hàng hóa công nghiệp,Máy móc công nghiệp,2015-10-20 17:00:00,,,False
4920.0,CMM,CTCP Camimex,UPCOM,Tiêu dùng thiết yếu,"Thực phẩm, đồ uống và thuốc lá",Thực phẩm,2022-11-07 17:00:00,,,False
2161.0,CMN,CTCP Lương thực Thực phẩm Colusa - Miliket,UPCOM,Tiêu dùng thiết yếu,"Thực phẩm, đồ uống và thuốc lá",Thực phẩm,2017-07-09 17:00:00,,,False
3868.0,CMP,CTCP Cảng Chân Mây,UPCOM,Công nghiệp,Vận tải,Hạ tầng giao thông,2016-02-14 17:00:00,,,False
2529.0,CMS,CTCP Tập Đoàn CMH Việt Nam,HNX,Công nghiệp,Hàng hóa công nghiệp,Kỹ thuật xây dựng,2010-11-28 17:00:00,,,False
1897.0,CMT,CTCP Công nghệ Mạng và Truyền thông,UPCOM,Công nghệ thông tin,Phần mềm và dịch vụ,Dịch vụ CNTT,2019-04-23 17:00:00,HOSE,CMT: Quyết định hủy niêm yết cổ phiếu CMT,False
1733.0,CMV,CTCP Thương nghiệp Cà Mau,HOSE,Tiêu dùng không thiết yếu,Thương mại hàng không thiết yếu,Bán lẻ đa dạng,2010-06-20 17:00:00,,,False
4478.0,CMW,CTCP Cấp nước Cà Mau,UPCOM,Tiện ích,Tiện ích,Nước,2017-04-09 17:00:00,,,False
2368.0,CMX,CTCP Camimex Group,HOSE,Tiêu dùng thiết yếu,"Thực phẩm, đồ uống và thuốc lá",Thực phẩm,2010-11-08 17:00:00,,,False
4884.0,CNA,CTCP Tổng Công ty Chè Nghệ An,UPCOM,Tiêu dùng thiết yếu,"Thực phẩm, đồ uống và thuốc lá",Thực phẩm,2021-12-08 17:00:00,,,False
3015.0,CNC,CTCP Công nghệ Cao Traphaco,UPCOM,Chăm sóc sức khỏe,"Dược phẩm, công nghệ sinh học và khoa học sự sống",Dược phẩm,2014-06-24 17:00:00,,,False
3053.0,CNG,CTCP CNG Việt Nam,HOSE,Tiện ích,Tiện ích,Gas sinh hoạt,2011-11-22 17:00:00,,,False
3837.0,CNN,"CTCP Tư vấn Công nghệ, Thiết bị và Kiểm Định Xây dựng - Coninco",UPCOM,Công nghiệp,Dịch vụ thương mại và chuyên nghiệp,Dịch vụ chuyên nghiệp,2016-05-31 17:00:00,,,False
1227.0,CNT,CTCP Tập đoàn CNT,UPCOM,Bất động sản,Bất động sản,Quản lý và phát triển bất động sản,2015-03-16 17:00:00,HOSE,CNT: Quyết định hủy niêm yết cổ phiếu,False
768.0,COM,CTCP Vật tư - Xăng Dầu,HOSE,Năng lượng,Năng lượng,Dầu khí,2006-08-06 17:00:00,,,False
4484.0,CPA,CTCP Cà phê Phước An,UPCOM,Tiêu dùng thiết yếu,"Thực phẩm, đồ uống và thuốc lá",Thực phẩm,2019-12-29 17:00:00,,,False
1841.0,CPC,CTCP Thuốc sát trùng Cần Thơ,HNX,Nguyên vật liệu,Nguyên vật liệu,Hóa chất,2010-01-17 17:00:00,,,False
4455.0,CPH,CTCP Phục vụ Mai táng Hải Phòng,UPCOM,Tiêu dùng không thiết yếu,Dịch vụ tiêu dùng,Dịch vụ tiêu dùng khác,2017-02-07 17:00:00,,,False
2855.0,CPI,CTCP Đầu tư Cảng Cái Lân,UPCOM,Công nghiệp,Vận tải,Hạ tầng giao thông,2017-07-27 17:00:00,,,False
3778.0,CQN,CTCP Cảng Quảng Ninh,UPCOM,Công nghiệp,Vận tải,Hạ tầng giao thông,2020-08-17 17:00:00,,,False
3833.0,CQT,CTCP Xi măng Quán Triều VVMI,UPCOM,Nguyên vật liệu,Nguyên vật liệu,Vật liệu xây dựng,2016-10-31 17:00:00,,,False
4519.0,CRC,CTCP Create Capital Việt Nam,HOSE,Công nghiệp,Hàng hóa công nghiệp,Tập đoàn đa ngành,2018-08-19 17:00:00,,,False
4674.0,CRE,CTCP Bất động sản Thế Kỷ,HOSE,Bất động sản,Bất động sản,Dịch vụ bất động sản,2018-09-04 17:00:00,,,False
4950.0,CRV,CTCP Tập đoàn Bất động sản CRV,HOSE,Bất động sản,Bất động sản,Quản lý và phát triển bất động sản,2025-10-09 17:00:00,,,False
1522.0,CSC,CTCP Tập đoàn Cotana,HNX,Bất động sản,Bất động sản,Quản lý và phát triển bất động sản,2009-11-03 17:00:00,,,False
1253.0,CSM,CTCP Công nghiệp Cao su Miền Nam,HOSE,Tiêu dùng không thiết yếu,Xe và linh kiện,Linh kiện xe,2009-08-10 17:00:00,,,False
4861.0,CST,CTCP Than Cao Sơn - TKV,HNX,Năng lượng,Năng lượng,Dầu khí,2025-02-09 17:00:00,UPCOM,"CST: Ngày 24/01/2025, ngày hủy ĐKGD cổ phiếu của CTCP Than Cao Sơn - TKV",False
3862.0,CSV,CTCP Hóa chất Cơ bản Miền Nam,HOSE,Nguyên vật liệu,Nguyên vật liệu,Hóa chất,2015-03-17 17:00:00,,,False
1894.0,CT3,CTCP Đầu tư và Xây dựng Công trình 3,UPCOM,Công nghiệp,Hàng hóa công nghiệp,Kỹ thuật xây dựng,2009-11-19 17:00:00,,,False
2100.0,CT6,CTCP Công trình 6,UPCOM,Công nghiệp,Hàng hóa công nghiệp,Kỹ thuật xây dựng,2020-05-14 17:00:00,HNX,"CT6: Ngày 07/05/2020, ngày hủy niêm yết cổ phiếu của CTCP Công trình 6",False
902.0,CTB,CTCP Chế tạo Bơm Hải Dương,HNX,Công nghiệp,Hàng hóa công nghiệp,Máy móc công nghiệp,2006-10-09 17:00:00,,,False
1553.0,CTD,CTCP Xây dựng Coteccons,HOSE,Công nghiệp,Hàng hóa công nghiệp,Kỹ thuật xây dựng,2010-01-19 17:00:00,,,False
4428.0,CTF,CTCP City Auto,HOSE,Tiêu dùng không thiết yếu,Thương mại hàng không thiết yếu,Bán lẻ chuyên doanh,2017-05-29 17:00:00,,,False
1856.0,CTI,CTCP Đầu tư Phát triển Cường Thuận IDICO,HOSE,Công nghiệp,Vận tải,Hạ tầng giao thông,2010-03-18 17:00:00,,,False
4291.0,CTP,CTCP Tập đoàn CTP Group,HNX,Tiêu dùng thiết yếu,"Thực phẩm, đồ uống và thuốc lá",Thực phẩm,2016-07-27 17:00:00,,,False
2931.0,CTR,Tổng Công ty cổ phần Công trình Viettel,HOSE,Dịch vụ truyền thông,Dịch vụ viễn thông,Dịch vụ viễn thông đa dạng,2022-02-22 17:00:00,UPCOM,"CTR: Ngày 15/02/2022, ngày hủy ĐKGD cổ phiếu của Tổng Công ty cổ phần Công trình Viettel",False
2747.0,CTT,CTCP Chế tạo Máy - Vinacomin,HNX,Công nghiệp,Hàng hóa công nghiệp,Máy móc công nghiệp,2015-07-16 17:00:00,,,False
4057.0,CTW,CTCP Cấp thoát nước Cần Thơ,UPCOM,Tiện ích,Tiện ích,Nước,2016-09-29 17:00:00,,,False
2271.0,CTX,Tổng Công ty cổ phần Đầu tư Xây dựng và Thương mại Việt Nam,UPCOM,Bất động sản,Bất động sản,Bất động sản đa dạng,2023-12-25 17:00:00,HNX,"CTX: Ngày 12/12/2023, ngày hủy niêm yết cổ phiếu của Tổng công ty cổ phần Đầu tư xây dựng và Thương mại Việt Nam",False
2618.0,CVN,CTCP Vinam,UPCOM,Tiêu dùng thiết yếu,"Thực phẩm, đồ uống và thuốc lá",Thực phẩm,2010-08-05 17:00:00,HNX,"CVN: Ngày 30/05/2025, Về việc hủy bỏ niêm yết bắt buộc cổ phiếu CVN của Công ty cổ phần Vinam",False
1854.0,CVT,CTCP CMC,HOSE,Nguyên vật liệu,Nguyên vật liệu,Vật liệu xây dựng,2017-10-04 17:00:00,HNX,"CVT: Ngày 29/09/2017, ngày hủy niêm yết cổ phiếu của CTCP CMC",False
1431.0,CX8,CTCP Đầu tư và Xây lắp Constrexim Số 8,HNX,Công nghiệp,Hàng hóa công nghiệp,Kỹ thuật xây dựng,2010-05-18 17:00:00,,,False
767.0,CYC,CTCP Gạch men Chang Yih,UPCOM,Nguyên vật liệu,Nguyên vật liệu,Vật liệu xây dựng,2017-05-21 17:00:00,HOSE,CYC: Quyết định hủy niêm yết cổ phiếu,False
2489.0,D11,CTCP Địa ốc 11,HNX,Tiêu dùng không thiết yếu,Thời trang và hàng lâu bền,Hàng tiêu dùng lâu bền,2011-02-24 17:00:00,,,False
1805.0,D2D,CTCP Phát triển Đô thị Công nghiệp số 2,HOSE,Bất động sản,Bất động sản,Quản lý và phát triển bất động sản,2009-08-13 17:00:00,,,False
904.0,DAC,CTCP 382 Đông Anh,UPCOM,Nguyên vật liệu,Nguyên vật liệu,Vật liệu xây dựng,2016-04-07 17:00:00,HNX,"DAC: Ngày 01/04/2016, ngày hủy niêm yết cổ phiếu của CTCP Viglacera Đông Anh",False
1811.0,DAD,CTCP Đầu tư và Phát triển Giáo dục Đà Nẵng,HNX,Dịch vụ truyền thông,Truyền thông và giải trí,Truyền thông,2009-08-18 17:00:00,,,False
905.0,DAE,CTCP Sách Giáo dục tại Thành phố Đà Nẵng,HNX,Dịch vụ truyền thông,Truyền thông và giải trí,Truyền thông,2006-12-27 17:00:00,,,False
1838.0,DAG,CTCP Tập đoàn Nhựa Đông Á,UPCOM,Công nghiệp,Hàng hóa công nghiệp,Sản phẩm xây dựng,2024-10-31 17:00:00,HOSE,DAG: Quyết định hủy niêm yết cổ phiếu,False
4356.0,DAH,CTCP Tập đoàn Khách sạn Đông Á,HOSE,Tiêu dùng không thiết yếu,Dịch vụ tiêu dùng,"Khách sạn, nhà hàng và giải trí",2016-10-09 17:00:00,,,False
2351.0,DAN,CTCP Dược Danapha,UPCOM,Chăm sóc sức khỏe,"Dược phẩm, công nghệ sinh học và khoa học sự sống",Dược phẩm,2021-12-21 17:00:00,,,False
1722.0,DAS,CTCP Máy - Thiết bị Dầu khí Đà Nẵng,UPCOM,Tiêu dùng không thiết yếu,Thương mại hàng không thiết yếu,Nhà phân phối,2014-09-24 17:00:00,,,False
4167.0,DAT,CTCP Đầu tư du lịch và Phát triển Thủy sản,HOSE,Tiêu dùng thiết yếu,"Thực phẩm, đồ uống và thuốc lá",Thực phẩm,2015-11-04 17:00:00,,,False
1131.0,DBC,CTCP Tập đoàn Dabaco Việt Nam,HOSE,Tiêu dùng thiết yếu,"Thực phẩm, đồ uống và thuốc lá",Thực phẩm,2019-07-25 17:00:00,HNX,"DBC: Ngày 18/07/2019, ngày hủy niêm yết cổ phiếu của CTCP Tập đoàn DABACO Việt Nam",False
2696.0,DBD,CTCP Dược - Trang thiết bị Y tế Bình Định (Bidiphar),HOSE,Chăm sóc sức khỏe,"Dược phẩm, công nghệ sinh học và khoa học sự sống",Dược phẩm,2018-06-14 17:00:00,UPCOM,"DBD: Ngày 08/06/2018, ngày hủy ĐKGD cổ phiếu của CTCP Dược - Trang thiết bị Y tế Bình Định",False
1654.0,DBM,CTCP Dược - Vật tư Y Tế Đăk Lăk,UPCOM,Chăm sóc sức khỏe,"Dược phẩm, công nghệ sinh học và khoa học sự sống",Dược phẩm,2009-12-16 17:00:00,,,False
1851.0,DBT,CTCP Dược phẩm Bến Tre,HOSE,Chăm sóc sức khỏe,"Dược phẩm, công nghệ sinh học và khoa học sự sống",Dược phẩm,2020-10-27 17:00:00,HNX,"DBT: Ngày 20/10/2020, ngày hủy niêm yết cổ phiếu của CTCP Dược phẩm Bến Tre",False
2636.0,DC1,CTCP Đầu tư Phát triển Xây dựng Số 1,UPCOM,Công nghiệp,Hàng hóa công nghiệp,Kỹ thuật xây dựng,2016-07-18 17:00:00,,,False
2534.0,DC2,CTCP Đầu tư Phát triển - Xây dựng (DIC) số 2,HNX,Công nghiệp,Hàng hóa công nghiệp,Kỹ thuật xây dựng,2010-07-01 17:00:00,,,False
1432.0,DC4,CTCP DICERA Holdings,HOSE,Công nghiệp,Hàng hóa công nghiệp,Kỹ thuật xây dựng,2020-10-19 17:00:00,HNX,"DC4: Ngày 12/10/2020, ngày hủy niêm yết cổ phiếu của CTCP Xây dựng DIC Holdings",False
1761.0,DCF,CTCP Xây dựng và Thiết kế Số 1,UPCOM,Công nghiệp,Hàng hóa công nghiệp,Kỹ thuật xây dựng,2017-01-11 17:00:00,,,False
2273.0,DCG,CTCP Tổng Công ty May Đáp Cầu,UPCOM,Tiêu dùng không thiết yếu,Thời trang và hàng lâu bền,Thời trang và dệt may,2018-12-13 17:00:00,,,False
4069.0,DCH,CTCP Địa chính Hà Nội,UPCOM,Công nghiệp,Dịch vụ thương mại và chuyên nghiệp,Dịch vụ chuyên nghiệp,2018-04-22 17:00:00,,,False
1305.0,DCL,CTCP Dược phẩm Cửu Long,HOSE,Chăm sóc sức khỏe,"Dược phẩm, công nghệ sinh học và khoa học sự sống",Dược phẩm,2008-09-16 17:00:00,,,False
3844.0,DCM,CTCP - Tổng công ty Phân bón Dầu khí Cà Mau,HOSE,Nguyên vật liệu,Nguyên vật liệu,Hóa chất,2015-03-30 17:00:00,,,False
1791.0,DCR,CTCP Gạch men Cosevco,UPCOM,Nguyên vật liệu,Nguyên vật liệu,Vật liệu xây dựng,2018-10-07 17:00:00,,,False
1032.0,DCS,CTCP Tập đoàn EDX,UPCOM,Nguyên vật liệu,Nguyên vật liệu,Gỗ và giấy,2019-05-30 17:00:00,HNX,"DCS: Ngày 24/05/2019, ngày hủy niêm yết cổ phiếu của CTCP Tập Đoàn Đại Châu",False
781.0,DCT,CTCP Tấm lợp Vật liệu Xây dựng Đồng Nai,UPCOM,Nguyên vật liệu,Nguyên vật liệu,Vật liệu xây dựng,2016-04-06 17:00:00,HOSE,DCT: Hủy niêm yết,False
4943.0,DDB,CTCP Thương mại và Xây dựng Đông Dương,UPCOM,Nguyên vật liệu,Nguyên vật liệu,Vật liệu xây dựng,2025-01-14 17:00:00,,,False
4675.0,DDG,CTCP Đầu tư Công nghiệp Xuất nhập khẩu Đông Dương,UPCOM,Tiện ích,Tiện ích,Gas sinh hoạt,2026-07-02 17:00:00,HNX,"DDG: Ngày 15/05/2026, Hủy bỏ niêm yết bắt buộc cổ phiếu DDG của Công ty cổ phần Đầu tư Công nghiệp Xuất nhập khẩu Đông Dương",False
4325.0,DDH,CTCP Đảm bảo Giao thông Đường thủy Hải Phòng,UPCOM,Công nghiệp,Vận tải,Hạ tầng giao thông,2016-06-29 17:00:00,,,False
1212.0,DDM,CTCP Hàng Hải Đông Đô,UPCOM,Công nghiệp,Vận tải,Vận tải biển,2014-12-14 17:00:00,HOSE,DDM: Quyết định hủy niêm yết cổ phiếu   ,False
1780.0,DDN,CTCP Dược và Thiết bị Y tế Đà Nẵng,UPCOM,Tiêu dùng thiết yếu,Thương mại hàng thiết yếu,Thương mại hàng thiết yếu,2009-06-23 17:00:00,,,False
3769.0,DDV,CTCP DAP - VINACHEM,UPCOM,Nguyên vật liệu,Nguyên vật liệu,Hóa chất,2015-06-09 17:00:00,,,False
3346.0,DFC,CTCP Xích líp Đông Anh,UPCOM,Tiêu dùng không thiết yếu,Xe và linh kiện,Linh kiện xe,2017-01-11 17:00:00,,,False
4869.0,DFF,CTCP Tập đoàn Đua Fat,UPCOM,Công nghiệp,Hàng hóa công nghiệp,Kỹ thuật xây dựng,2021-07-04 17:00:00,,,False
2374.0,DGC,CTCP Tập đoàn Hóa chất Đức Giang,HOSE,Nguyên vật liệu,Nguyên vật liệu,Hóa chất,2020-07-27 17:00:00,HNX,"DGC: Ngày 20/07/2020, ngày hủy niêm yết cổ phiếu của CTCP Tập đoàn Hóa chất Đức Giang",False
2140.0,DGT,CTCP Công trình Giao thông Đồng Nai,UPCOM,Nguyên vật liệu,Nguyên vật liệu,Vật liệu xây dựng,2010-03-08 17:00:00,,,False
4086.0,DGW,CTCP Thế Giới Số,HOSE,Tiêu dùng không thiết yếu,Thương mại hàng không thiết yếu,Nhà phân phối,2015-08-02 17:00:00,,,False
666.0,DHA,CTCP Hóa An,HOSE,Nguyên vật liệu,Nguyên vật liệu,Vật liệu xây dựng,2004-04-13 17:00:00,,,False
4169.0,DHB,CTCP Phân đạm và Hóa chất Hà Bắc,UPCOM,Nguyên vật liệu,Nguyên vật liệu,Hóa chất,2017-07-25 17:00:00,,,False
1800.0,DHC,CTCP Đông Hải Bến Tre,HOSE,Nguyên vật liệu,Nguyên vật liệu,Gỗ và giấy,2009-07-22 17:00:00,,,False
2467.0,DHD,CTCP Dược Vật tư Y tế Hải Dương,UPCOM,Chăm sóc sức khỏe,"Dược phẩm, công nghệ sinh học và khoa học sự sống",Dược phẩm,2017-05-04 17:00:00,,,False
822.0,DHG,CTCP Dược Hậu Giang,HOSE,Chăm sóc sức khỏe,"Dược phẩm, công nghệ sinh học và khoa học sự sống",Dược phẩm,2006-12-20 17:00:00,,,False
3250.0,DHM,CTCP Đầu tư và Thương mại DHM,HOSE,Nguyên vật liệu,Nguyên vật liệu,Khai khoáng và luyện kim,2012-07-23 17:00:00,,,False
1656.0,DHN,CTCP Dược phẩm Hà Nội,UPCOM,Chăm sóc sức khỏe,"Dược phẩm, công nghệ sinh học và khoa học sự sống",Dược phẩm,2018-04-18 17:00:00,,,False
3307.0,DHP,CTCP Điện cơ Hải Phòng,HNX,Tiêu dùng không thiết yếu,Thời trang và hàng lâu bền,Hàng tiêu dùng lâu bền,2013-03-20 17:00:00,,,False
1395.0,DHT,CTCP Dược phẩm Hà Tây,HNX,Chăm sóc sức khỏe,"Dược phẩm, công nghệ sinh học và khoa học sự sống",Dược phẩm,2008-12-02 17:00:00,,,False
787.0,DIC,CTCP Đầu tư và Thương mại DIC,UPCOM,Nguyên vật liệu,Nguyên vật liệu,Vật liệu xây dựng,2020-08-17 17:00:00,HOSE,DIC: Quyết định hủy niêm yết cổ phiếu DIC,False
1982.0,DID,CTCP DIC - Đồng Tiến,UPCOM,Nguyên vật liệu,Nguyên vật liệu,Vật liệu xây dựng,2009-12-09 17:00:00,HNX,"DID: Ngày 27/05/2020, ngày hủy niêm yết cổ phiếu của CTCP DIC - Đồng Tiến",False
1554.0,DIG,Tổng Công ty cổ phần Đầu tư Phát triển Xây dựng,HOSE,Bất động sản,Bất động sản,Quản lý và phát triển bất động sản,2009-08-18 17:00:00,,,False
1751.0,DIH,CTCP Đầu tư Phát triển Xây dựng - Hội An,HNX,Công nghiệp,Hàng hóa công nghiệp,Kỹ thuật xây dựng,2011-04-26 17:00:00,,,False
3018.0,DKC,CTCP Chợ Lạng Sơn,UPCOM,Bất động sản,Bất động sản,Quản lý và phát triển bất động sản,2020-07-13 17:00:00,,,False
5716.0,DKG,CTCP Tập đoàn Damik,UPCOM,Nguyên vật liệu,Nguyên vật liệu,Vật liệu xây dựng,2025-04-21 17:00:00,,,False
2075.0,DL1,CTCP Tập đoàn Alpha Seven,HNX,Tiện ích,Tiện ích,Phát điện độc lập và điện tái tạo,2010-03-09 17:00:00,,,False
2691.0,DLD,CTCP Du lịch Đắk Lắk,UPCOM,Tiêu dùng không thiết yếu,Dịch vụ tiêu dùng,"Khách sạn, nhà hàng và giải trí",2011-04-07 17:00:00,,,False
1551.0,DLG,CTCP Tập đoàn Đức Long Gia Lai,HOSE,Công nghiệp,Vận tải,Hạ tầng giao thông,2010-06-21 17:00:00,,,False
2133.0,DLR,CTCP Địa ốc Đà Lạt,UPCOM,Công nghiệp,Hàng hóa công nghiệp,Kỹ thuật xây dựng,2019-05-30 17:00:00,HNX,"DLR: Ngày 24/05/2019, ngày hủy niêm yết cổ phiếu của Công ty Cổ phần Địa ốc Đà Lạt",False
2332.0,DLT,CTCP Du lịch và Thương mại - Vinacomin,UPCOM,Công nghiệp,Hàng hóa công nghiệp,Phân phối hàng công nghiệp,2015-11-15 17:00:00,,,False
4710.0,DM7,CTCP Dệt May 7,UPCOM,Tiêu dùng không thiết yếu,Thời trang và hàng lâu bền,Thời trang và dệt may,2018-10-14 17:00:00,,,False
788.0,DMC,CTCP Xuất nhập khẩu Y Tế DOMESCO,HOSE,Chăm sóc sức khỏe,"Dược phẩm, công nghệ sinh học và khoa học sự sống",Dược phẩm,2006-12-24 17:00:00,,,False
2880.0,DMN,CTCP Domenal,UPCOM,Tiêu dùng thiết yếu,"Thực phẩm, đồ uống và thuốc lá",Thực phẩm,2021-11-21 17:00:00,,,False
4573.0,DNA,CTCP Điện Nước An Giang,UPCOM,Tiện ích,Tiện ích,Điện,2017-10-18 17:00:00,,,False
1962.0,DNC,CTCP Điện Nước Lắp máy Hải Phòng,HNX,Tiện ích,Tiện ích,Điện,2009-12-22 17:00:00,,,False
2012.0,DND,CTCP Đầu tư Xây dựng và Vật liệu Đồng Nai,UPCOM,Nguyên vật liệu,Nguyên vật liệu,Vật liệu xây dựng,2016-11-08 17:00:00,,,False
4476.0,DNE,CTCP Môi trường Đô thị Đà Nẵng,UPCOM,Công nghiệp,Dịch vụ thương mại và chuyên nghiệp,Dịch vụ và thiết bị thương mại ,2017-04-04 17:00:00,,,False
4516.0,DNH,CTCP Thủy điện Đa Nhim - Hàm Thuận - Đa Mi,UPCOM,Tiện ích,Tiện ích,Phát điện độc lập và điện tái tạo,2017-06-18 17:00:00,,,False
2940.0,DNL,CTCP Logistics Cảng Đà Nẵng,UPCOM,Công nghiệp,Vận tải,Hạ tầng giao thông,2011-08-17 17:00:00,,,False
2159.0,DNM,Tổng Công ty cổ phần Y tế DANAMECO,UPCOM,Chăm sóc sức khỏe,Thiết bị và dịch vụ chăm sóc sức khỏe,Thiết bị và vật tư chăm sóc sức khỏe,2023-08-06 17:00:00,HNX,"DNM: Ngày 24/07/2023, ngày hủy niêm yết cổ phiếu của TỔNG CÔNG TY CỔ PHẦN Y TẾ DANAMECO",False
4525.0,DNN,CTCP Cấp nước Đà Nẵng,UPCOM,Tiện ích,Tiện ích,Nước,2017-07-16 17:00:00,,,False
789.0,DNP,CTCP DNP Holding,HNX,Nguyên vật liệu,Nguyên vật liệu,Hóa chất,2009-06-28 17:00:00,,,False
1649.0,DNT,CTCP Du lịch Đồng Nai,UPCOM,Tiêu dùng không thiết yếu,Dịch vụ tiêu dùng,"Khách sạn, nhà hàng và giải trí",2020-02-23 17:00:00,,,False
3853.0,DNW,CTCP Cấp nước Đồng Nai,UPCOM,Tiện ích,Tiện ích,Nước,2016-03-15 17:00:00,,,False
3075.0,DOC,CTCP Vật tư Nông Nghiệp Đồng Nai,UPCOM,Nguyên vật liệu,Nguyên vật liệu,Hóa chất,2016-12-18 17:00:00,,,False
2845.0,DOP,CTCP Vận tải Xăng dầu Đồng Tháp,UPCOM,Năng lượng,Năng lượng,Dầu khí,2015-10-29 17:00:00,,,False
4117.0,DP1,CTCP Dược phẩm Trung ương CPC1,UPCOM,Chăm sóc sức khỏe,Thiết bị và dịch vụ chăm sóc sức khỏe,Thương mại và dịch vụ chăm sóc sức khỏe,2018-06-11 17:00:00,,,False
4496.0,DP2,CTCP Dược phẩm Trung ương 2,UPCOM,Chăm sóc sức khỏe,"Dược phẩm, công nghệ sinh học và khoa học sự sống",Dược phẩm,2017-05-18 17:00:00,,,False
2124.0,DP3,CTCP Dược phẩm Trung ương 3,HNX,Chăm sóc sức khỏe,"Dược phẩm, công nghệ sinh học và khoa học sự sống",Dược phẩm,2015-07-16 17:00:00,,,False
45.0,DPC,CTCP Nhựa Đà Nẵng,UPCOM,Nguyên vật liệu,Nguyên vật liệu,Hóa chất,2024-05-27 17:00:00,HNX,"DPC: Ngày 14/05/2024, Thông báo hủy niêm yết cổ phiếu của Công ty Cổ phần Nhựa Đà Nẵng",False
2364.0,DPG,CTCP Tập đoàn Đạt Phương,HOSE,Công nghiệp,Hàng hóa công nghiệp,Kỹ thuật xây dựng,2018-05-21 17:00:00,UPCOM,"DPG: Ngày 16/05/2018, ngày hủy ĐKGD cổ phiếu của CTCP Đạt Phương",False
2871.0,DPH,CTCP Dược phẩm Hải Phòng,UPCOM,Chăm sóc sức khỏe,"Dược phẩm, công nghệ sinh học và khoa học sự sống",Dược phẩm,2017-01-19 17:00:00,,,False
994.0,DPM,Tổng công ty Phân bón và Hóa chất Dầu khí - CTCP,HOSE,Nguyên vật liệu,Nguyên vật liệu,Hóa chất,2007-11-04 17:00:00,,,False
1661.0,DPP,CTCP Dược Đồng Nai,UPCOM,Chăm sóc sức khỏe,"Dược phẩm, công nghệ sinh học và khoa học sự sống",Dược phẩm,2010-05-18 17:00:00,,,False
1013.0,DPR,CTCP Cao su Đồng Phú,HOSE,Nguyên vật liệu,Nguyên vật liệu,Hóa chất,2007-11-29 17:00:00,,,False
1059.0,DQC,CTCP Tập đoàn Điện Quang,HOSE,Công nghiệp,Hàng hóa công nghiệp,Thiết bị điện,2008-02-20 17:00:00,,,False
790.0,DRC,CTCP Cao su Đà Nẵng,HOSE,Tiêu dùng không thiết yếu,Xe và linh kiện,Linh kiện xe,2006-12-28 17:00:00,,,False
4775.0,DRG,CTCP Cao su Đắk Lắk,UPCOM,Nguyên vật liệu,Nguyên vật liệu,Hóa chất,2019-12-10 17:00:00,,,False
2613.0,DRH,CTCP DRH Holdings,HOSE,Công nghiệp,Hàng hóa công nghiệp,Kỹ thuật xây dựng,2010-07-25 17:00:00,,,False
4500.0,DRI,CTCP Đầu tư Cao su Đắk Lắk,UPCOM,Nguyên vật liệu,Nguyên vật liệu,Hóa chất,2017-05-22 17:00:00,,,False
2825.0,DRL,CTCP Thủy điện - Điện Lực 3,HOSE,Tiện ích,Tiện ích,Phát điện độc lập và điện tái tạo,2012-04-10 17:00:00,,,False
4517.0,DS3,CTCP DS3,HNX,Công nghiệp,Vận tải,Hạ tầng giao thông,2017-08-20 17:00:00,,,False
4899.0,DSD,CTCP DHC Suối Đôi,UPCOM,Tiêu dùng không thiết yếu,Dịch vụ tiêu dùng,"Khách sạn, nhà hàng và giải trí",2022-05-16 17:00:00,,,False
1691.0,DSG,CTCP Kính Đáp Cầu,UPCOM,Công nghiệp,Hàng hóa công nghiệp,Sản phẩm xây dựng,2017-08-10 17:00:00,,,False
5715.0,DSH,CTCP Đông Sơn Holding,UPCOM,Công nghiệp,Hàng hóa công nghiệp,Kỹ thuật xây dựng,2025-04-21 17:00:00,,,False
2346.0,DSN,CTCP Công viên nước Đầm Sen,HOSE,Tiêu dùng không thiết yếu,Dịch vụ tiêu dùng,"Khách sạn, nhà hàng và giải trí",2010-10-25 17:00:00,,,False
4216.0,DSP,CTCP Dịch vụ Du lịch Phú Thọ,UPCOM,Tiêu dùng không thiết yếu,Dịch vụ tiêu dùng,"Khách sạn, nhà hàng và giải trí",2018-10-16 17:00:00,,,False
1033.0,DST,CTCP Đầu tư Sao Thăng Long,HNX,Tiêu dùng không thiết yếu,Thương mại hàng không thiết yếu,Bán lẻ chuyên doanh,2007-10-15 17:00:00,,,False
2617.0,DTA,CTCP Đệ Tam,HOSE,Bất động sản,Bất động sản,Quản lý và phát triển bất động sản,2010-07-15 17:00:00,,,False
907.0,DTC,CTCP Viglacera Đông Triều,UPCOM,Nguyên vật liệu,Nguyên vật liệu,Vật liệu xây dựng,2025-04-03 17:00:00,HNX,DTC: Hủy niêm yết cổ phiếu DTC của CTCP Viglacera Đông Triều,False
4584.0,DTD,CTCP Đầu tư Phát triển Thành Đạt,HNX,Bất động sản,Bất động sản,Quản lý và phát triển bất động sản,2017-11-15 17:00:00,,,False
2116.0,DTG,CTCP Dược phẩm Tipharco,HNX,Chăm sóc sức khỏe,"Dược phẩm, công nghệ sinh học và khoa học sự sống",Dược phẩm,2023-07-11 17:00:00,UPCOM,"DTG: Ngày 03/07/2023, ngày hủy ĐKGD cổ phiếu của CTCP Dược phẩm Tipharco",False
1653.0,DTH,CTCP Dược - Vật tư Y Tế Thanh Hóa,UPCOM,Chăm sóc sức khỏe,"Dược phẩm, công nghệ sinh học và khoa học sự sống",Dược phẩm,2022-04-17 17:00:00,,,False
4632.0,DTI,CTCP Đầu tư Đức Trung,UPCOM,Bất động sản,Bất động sản,Quản lý và phát triển bất động sản,2018-01-04 17:00:00,,,False
4018.0,DTK,Tổng Công ty Điện lực TKV - CTCP,HNX,Tiện ích,Tiện ích,Điện,2020-12-24 17:00:00,UPCOM,"DTK: Ngày 17/12/2020, ngày hủy ĐKGD cổ phiếu của Tổng công ty Điện lực TKV - CTCP",False
2435.0,DTL,CTCP Đại Thiên Lộc,HOSE,Nguyên vật liệu,Nguyên vật liệu,Khai khoáng và luyện kim,2010-06-03 17:00:00,,,False
4816.0,DTP,CTCP Dược phẩm CPC1 Hà Nội,UPCOM,Chăm sóc sức khỏe,"Dược phẩm, công nghệ sinh học và khoa học sự sống",Dược phẩm,2020-06-17 17:00:00,,,False
791.0,DTT,CTCP Kỹ nghệ Đô Thành,HOSE,Nguyên vật liệu,Nguyên vật liệu,Bao bì và vật chứa,2006-12-21 17:00:00,,,False
4783.0,DUS,CTCP Dịch vụ Đô thị Đà Lạt,UPCOM,Công nghiệp,Dịch vụ thương mại và chuyên nghiệp,Dịch vụ và thiết bị thương mại ,2020-01-07 17:00:00,,,False
1730.0,DVC,CTCP Thương mại Dịch vụ Tổng hợp Cảng Hải Phòng,UPCOM,Năng lượng,Năng lượng,Dầu khí,2013-12-12 17:00:00,,,False
4851.0,DVG,CTCP Đại Việt Group DVG,UPCOM,Nguyên vật liệu,Nguyên vật liệu,Hóa chất,2021-01-13 17:00:00,HNX,"DVG: Ngày 26/08/2024, Thông báo hủy niêm yết cổ phiếu của CTCP Đại Việt Group DVG",False
4903.0,DVM,CTCP Dược liệu Việt Nam,HNX,Chăm sóc sức khỏe,"Dược phẩm, công nghệ sinh học và khoa học sự sống",Dược phẩm,2022-07-18 17:00:00,,,False
4322.0,DVN,Tổng Công ty Dược Việt Nam - CTCP,UPCOM,Chăm sóc sức khỏe,"Dược phẩm, công nghệ sinh học và khoa học sự sống",Dược phẩm,2017-05-18 17:00:00,,,False
1505.0,DVP,CTCP Đầu tư và Phát triển Cảng Đình Vũ,HOSE,Công nghiệp,Vận tải,Hạ tầng giao thông,2009-11-30 17:00:00,,,False
5726.0,DVT,Trung tâm đào tạo nghiệp vụ Giao thông vận tải Bình Định,UPCOM,Tiêu dùng không thiết yếu,Dịch vụ tiêu dùng,Dịch vụ tiêu dùng khác,2025-07-17 17:00:00,,,False
4681.0,DVW,CTCP Dịch vụ và Xây dựng Cấp nước Đồng Nai,UPCOM,Tiện ích,Tiện ích,Nước,2018-06-05 17:00:00,,,False
4886.0,DWC,CTCP Cấp nước Đắk Lắk,UPCOM,Tiện ích,Tiện ích,Nước,2021-12-21 17:00:00,,,False
4441.0,DWS,CTCP Cấp nước và Môi trường đô thị Đồng Tháp,UPCOM,Tiện ích,Tiện ích,Nước,2019-01-23 17:00:00,,,False
1914.0,DXG,CTCP Bluemarq Group,HOSE,Bất động sản,Bất động sản,Quản lý và phát triển bất động sản,2009-12-21 17:00:00,,,False
2610.0,DXL,CTCP Du Lịch và Xuất nhập khẩu Lạng Sơn,UPCOM,Tiêu dùng không thiết yếu,Dịch vụ tiêu dùng,"Khách sạn, nhà hàng và giải trí",2010-06-27 17:00:00,,,False
792.0,DXP,CTCP Cảng Đoạn Xá,HNX,Nguyên vật liệu,Nguyên vật liệu,Hóa chất,2009-06-07 17:00:00,,,False
4868.0,DXS,CTCP Dịch vụ Bất động sản Đất Xanh,HOSE,Bất động sản,Bất động sản,Dịch vụ bất động sản,2021-07-14 17:00:00,,,False
1116.0,DXV,CTCP VICEM Vật liệu Xây dựng Đà Nẵng,HOSE,Nguyên vật liệu,Nguyên vật liệu,Vật liệu xây dựng,2008-02-25 17:00:00,,,False
3232.0,E12,CTCP Xây dựng Điện VNECO12,UPCOM,Công nghiệp,Hàng hóa công nghiệp,Kỹ thuật xây dựng,2019-12-30 17:00:00,,,False
4766.0,E29,CTCP Đầu tư Xây dựng và Kỹ thuật 29,UPCOM,Công nghiệp,Hàng hóa công nghiệp,Kỹ thuật xây dựng,2019-11-04 17:00:00,,,False
908.0,EBS,CTCP Sách Giáo dục tại Thành phố Hà Nội,HNX,Dịch vụ truyền thông,Truyền thông và giải trí,Truyền thông,2006-12-20 17:00:00,,,False
1785.0,ECI,CTCP Tập Đoàn ECI,HNX,Dịch vụ truyền thông,Truyền thông và giải trí,Truyền thông,2009-06-15 17:00:00,,,False
5692.0,ECO,CTCP Nhựa sinh thái Việt Nam,UPCOM,Nguyên vật liệu,Nguyên vật liệu,Hóa chất,2024-10-07 17:00:00,,,False
4218.0,EGL,CTCP Môi trường Đô thị Gia Lâm,UPCOM,Công nghiệp,Dịch vụ thương mại và chuyên nghiệp,Dịch vụ và thiết bị thương mại ,2025-11-05 17:00:00,,,False
2952.0,EIC,CTCP EVN Quốc tế,UPCOM,Công nghiệp,Dịch vụ thương mại và chuyên nghiệp,Dịch vụ chuyên nghiệp,2017-02-27 17:00:00,,,False
1804.0,EID,CTCP Đầu tư và Phát triển Giáo dục Hà Nội,HNX,Dịch vụ truyền thông,Truyền thông và giải trí,Truyền thông,2009-08-10 17:00:00,,,False
3252.0,EIN,CTCP Đầu tư - Thương mại - Dịch vụ Điện Lực,UPCOM,Tiêu dùng không thiết yếu,Dịch vụ tiêu dùng,"Khách sạn, nhà hàng và giải trí",2017-03-15 17:00:00,,,False
2623.0,ELC,CTCP Công Nghệ - Viễn Thông Elcom,HOSE,Công nghệ thông tin,Phần mềm và dịch vụ,Phần mềm,2010-10-12 17:00:00,,,False
2750.0,EME,CTCP Điện cơ,UPCOM,Nguyên vật liệu,Nguyên vật liệu,Vật liệu xây dựng,2017-07-16 17:00:00,,,False
2862.0,EMG,CTCP Thiết bị Phụ Tùng Cơ Điện,UPCOM,Công nghiệp,Hàng hóa công nghiệp,Máy móc công nghiệp,2017-02-15 17:00:00,,,False
3708.0,EMS,Tổng Công ty Chuyển phát nhanh Bưu Điện - CTCP,UPCOM,Công nghiệp,Vận tải,Vận tải và logistics hàng không,2018-01-04 17:00:00,,,False
2647.0,EVE,CTCP Everpia,HOSE,Tiêu dùng không thiết yếu,Thời trang và hàng lâu bền,Thời trang và dệt may,2010-12-16 17:00:00,,,False
4480.0,EVG,CTCP Tập đoàn EverLand,HOSE,Bất động sản,Bất động sản,Quản lý và phát triển bất động sản,2017-06-07 17:00:00,,,False
4574.0,FBC,CTCP Cơ khí Phổ Yên,UPCOM,Tiêu dùng không thiết yếu,Xe và linh kiện,Linh kiện xe,2017-10-19 17:00:00,,,False
4131.0,FCC,CTCP Liên hợp Thực phẩm,UPCOM,Bất động sản,Bất động sản,Quản lý và phát triển bất động sản,2016-05-08 17:00:00,,,False
3570.0,FCM,CTCP Bê tông Phan Vũ Hà Nam,HOSE,Nguyên vật liệu,Nguyên vật liệu,Vật liệu xây dựng,2013-05-14 17:00:00,,,False
3109.0,FCN,CTCP FECON,HOSE,Công nghiệp,Hàng hóa công nghiệp,Kỹ thuật xây dựng,2012-07-23 17:00:00,,,False
4340.0,FCS,CTCP Lương thực Thành phố Hồ Chí Minh,UPCOM,Tiêu dùng thiết yếu,"Thực phẩm, đồ uống và thuốc lá",Thực phẩm,2017-03-02 17:00:00,,,False
97.0,FDC,CTCP Ngoại thương và Phát triển Đầu tư Thành phố Hồ Chí Minh,HOSE,Bất động sản,Bất động sản,Quản lý và phát triển bất động sản,2010-01-17 17:00:00,,,False
4701.0,FGL,CTCP Cà phê Gia Lai,UPCOM,Tiêu dùng thiết yếu,"Thực phẩm, đồ uống và thuốc lá",Thực phẩm,2018-09-13 17:00:00,,,False
2390.0,FHN,CTCP Xuất nhập khẩu Lương thực - Thực phẩm Hà Nội,UPCOM,Tiêu dùng thiết yếu,"Thực phẩm, đồ uống và thuốc lá",Thực phẩm,2017-12-28 17:00:00,,,False
2281.0,FHS,CTCP Phát hành Sách Thành phố Hồ Chí Minh,UPCOM,Tiêu dùng không thiết yếu,Thương mại hàng không thiết yếu,Bán lẻ chuyên doanh,2018-10-31 17:00:00,,,False
4358.0,FIC,Tổng Công ty Vật liệu Xây dựng số 1 - CTCP,UPCOM,Nguyên vật liệu,Nguyên vật liệu,Vật liệu xây dựng,2018-08-01 17:00:00,,,False
3897.0,FID,CTCP Đầu tư và Phát triển Doanh nghiệp Việt Nam,HNX,Tiêu dùng không thiết yếu,Thương mại hàng không thiết yếu,Nhà phân phối,2015-05-19 17:00:00,,,False
4692.0,FIR,CTCP Địa ốc First Real,HOSE,Bất động sản,Bất động sản,Quản lý và phát triển bất động sản,2018-10-17 17:00:00,,,False
3564.0,FIT,CTCP Tập đoàn F.I.T,HOSE,Chăm sóc sức khỏe,"Dược phẩm, công nghệ sinh học và khoa học sự sống",Dược phẩm,2015-08-18 17:00:00,HNX,"FIT: Ngày 13/08/2015, ngày hủy niêm yết cổ phiếu của CTCP Đầu tư F.I.T",False
793.0,FMC,CTCP Thực phẩm Sao Ta,HOSE,Tiêu dùng thiết yếu,"Thực phẩm, đồ uống và thuốc lá",Thực phẩm,2006-12-06 17:00:00,,,False
2412.0,FOC,CTCP Dịch vụ Trực tuyến FPT,UPCOM,Dịch vụ truyền thông,Truyền thông và giải trí,Truyền thông,2018-12-09 17:00:00,,,False
2371.0,FOX,CTCP Viễn thông FPT,UPCOM,Dịch vụ truyền thông,Dịch vụ viễn thông,Dịch vụ viễn thông đa dạng,2017-01-12 17:00:00,,,False
191.0,FPT,CTCP FPT,HOSE,Công nghệ thông tin,Phần mềm và dịch vụ,Phần mềm,2006-12-12 17:00:00,,,False
1693.0,FRC,CTCP Lâm đặc sản Xuất khẩu Quảng Nam,UPCOM,Nguyên vật liệu,Nguyên vật liệu,Gỗ và giấy,2018-07-25 17:00:00,,,False
4196.0,FRM,CTCP Lâm Nghiệp Sài Gòn,UPCOM,Nguyên vật liệu,Nguyên vật liệu,Gỗ và giấy,2017-11-23 17:00:00,,,False
4668.0,FRT,CTCP Bán lẻ Kỹ thuật số FPT,HOSE,Tiêu dùng không thiết yếu,Thương mại hàng không thiết yếu,Bán lẻ chuyên doanh,2018-04-25 17:00:00,,,False
1302.0,FSO,CTCP Cơ khí đóng tàu Thủy sản Việt Nam,UPCOM,Nguyên vật liệu,Nguyên vật liệu,Gỗ và giấy,2017-02-05 17:00:00,,,False
4559.0,FT1,CTCP Phụ tùng Máy số 1,UPCOM,Tiêu dùng không thiết yếu,Xe và linh kiện,Linh kiện xe,2017-09-26 17:00:00,,,False
4579.0,FTI,CTCP Công nghiệp - Thương mại Hữu Nghị,UPCOM,Bất động sản,Bất động sản,Quản lý và phát triển bất động sản,2017-10-26 17:00:00,,,False
4050.0,FTM,CTCP Đầu tư và Phát triển Đức Quân,UPCOM,Tiêu dùng không thiết yếu,Thời trang và hàng lâu bền,Thời trang và dệt may,2022-05-25 17:00:00,HOSE,FTM: Quyết định hủy niêm yết cổ phiếu,False
3987.0,G20,CTCP Đầu tư Dệt may Vĩnh Phúc,UPCOM,Tiêu dùng không thiết yếu,Thời trang và hàng lâu bền,Thời trang và dệt may,2015-08-31 17:00:00,UPCOM,"G20: Ngày 27/08/2015, ngày hủy ĐKGD cổ phiếu của CTCP Đầu tư Dệt may G.Home",False
4280.0,G36,Tổng Công ty 36 - CTCP,UPCOM,Công nghiệp,Hàng hóa công nghiệp,Kỹ thuật xây dựng,2016-12-25 17:00:00,,,False
2728.0,GAS,Tổng Công ty Khí Việt Nam - CTCP,HOSE,Tiện ích,Tiện ích,Gas sinh hoạt,2012-05-20 17:00:00,,,False
2260.0,GCB,CTCP Petec Bình Định,UPCOM,Nguyên vật liệu,Nguyên vật liệu,Khai khoáng và luyện kim,2016-12-27 17:00:00,,,False
4923.0,GCF,CTCP Thực phẩm G.C,UPCOM,Tiêu dùng thiết yếu,"Thực phẩm, đồ uống và thuốc lá",Thực phẩm,2022-12-19 17:00:00,,,False
2651.0,GDA,CTCP Tôn Đông Á,UPCOM,Nguyên vật liệu,Nguyên vật liệu,Khai khoáng và luyện kim,2023-09-06 17:00:00,,,False
5813.0,GDH,CTCP Tập đoàn GDC,UPCOM,Công nghiệp,Hàng hóa công nghiệp,Kỹ thuật xây dựng,2026-05-10 17:00:00,,,False
1837.0,GDT,CTCP Chế biến Gỗ Đức Thành,HOSE,Tiêu dùng không thiết yếu,Thời trang và hàng lâu bền,Hàng tiêu dùng lâu bền,2009-11-16 17:00:00,,,False
1240.0,GDW,CTCP Cấp nước Gia Định,HNX,Tiện ích,Tiện ích,Nước,2018-12-17 17:00:00,UPCOM,"GDW: Ngày 07/12/2018, ngày hủy ĐKGD cổ phiếu của CTCP Cấp nước Gia Định",False
4896.0,GEE,CTCP Điện lực Gelex,HOSE,Công nghiệp,Hàng hóa công nghiệp,Thiết bị điện,2022-03-07 17:00:00,UPCOM,"GEE: Ngày 19/07/2024, ngày hủy ĐKGD cổ phiếu của CTCP Điện lực Gelex",False
3025.0,GEG,CTCP Điện Gia Lai,HOSE,Tiện ích,Tiện ích,Phát điện độc lập và điện tái tạo,2019-09-18 17:00:00,UPCOM,"Ngày 11/09/2019, ngày hủy ĐKGD cổ phiếu của CTCP Điện Gia Lai",False
5135.0,GEL,CTCP Hạ tầng GELEX,HOSE,Nguyên vật liệu,Nguyên vật liệu,Vật liệu xây dựng,2026-02-05 17:00:00,,,False
2261.0,GER,CTCP Thể thao Ngôi sao Geru,UPCOM,Tiêu dùng không thiết yếu,Xe và linh kiện,Linh kiện xe,2010-05-31 17:00:00,,,False
3086.0,GEX,CTCP Tập đoàn GELEX,HOSE,Công nghiệp,Hàng hóa công nghiệp,Thiết bị điện,2018-01-17 17:00:00,UPCOM,"GEX: Ngày 15/01/2018, ngày hủy ĐKGD cổ phiếu của Tổng CTCP Thiết bị điện Việt Nam",False
1844.0,GGG,CTCP Ô tô Giải Phóng,UPCOM,Tiêu dùng không thiết yếu,Xe và linh kiện,Xe,2009-10-11 17:00:00,HNX,"GGG: Ngày 23/05/2014, ngày hủy niêm yết cổ phiếu của CTCP Ô tô Giải Phóng",False
4115.0,GH3,CTCP Công trình Giao thông Hà Nội,UPCOM,Công nghiệp,Hàng hóa công nghiệp,Kỹ thuật xây dựng,2021-08-03 17:00:00,,,False
2737.0,GHC,CTCP Thủy điện Gia Lai,HOSE,Tiện ích,Tiện ích,Phát điện độc lập và điện tái tạo,2026-01-29 17:00:00,UPCOM,"GHC: Ngày 19/01/2026, ngày hủy ĐKGD cổ phiếu của CTCP Thủy điện Gia Lai",False
4838.0,GIC,CTCP VSC Green Logistics,HNX,Công nghiệp,Vận tải,Hạ tầng giao thông,2020-11-05 17:00:00,,,False
43.0,GIL,CTCP Sản xuất Kinh doanh và Xuất nhập khẩu Bình Thạnh,HOSE,Tiêu dùng không thiết yếu,Thời trang và hàng lâu bền,Thời trang và dệt may,2002-01-01 17:00:00,,,False
4353.0,GKM,CTCP GKM Holdings,HNX,Nguyên vật liệu,Nguyên vật liệu,Vật liệu xây dựng,2017-07-16 17:00:00,,,False
4721.0,GLC,CTCP Vàng Lào Cai,UPCOM,Nguyên vật liệu,Nguyên vật liệu,Khai khoáng và luyện kim,2019-01-08 17:00:00,,,False
1268.0,GLT,CTCP Kỹ thuật Điện Toàn cầu,HNX,Dịch vụ truyền thông,Dịch vụ viễn thông,Dịch vụ viễn thông đa dạng,2009-11-25 17:00:00,,,False
4350.0,GLW,CTCP Cấp thoát nước Gia Lai,UPCOM,Tiện ích,Tiện ích,Nước,2018-01-07 17:00:00,,,False
4839.0,GMA,CTCP G-Automobile,HNX,Tiêu dùng không thiết yếu,Thương mại hàng không thiết yếu,Bán lẻ chuyên doanh,2020-11-30 17:00:00,,,False
795.0,GMC,CTCP Garmex Sài Gòn,UPCOM,Tiêu dùng không thiết yếu,Thời trang và hàng lâu bền,Thời trang và dệt may,2025-02-11 17:00:00,HOSE,GMC: Quyết định hủy niêm yết cổ phiếu,False
37.0,GMD,CTCP Tập đoàn Gemadept,HOSE,Công nghiệp,Vận tải,Hạ tầng giao thông,2002-04-21 17:00:00,,,False
4892.0,GMH,CTCP Minh Hưng Quảng Trị,HOSE,Nguyên vật liệu,Nguyên vật liệu,Vật liệu xây dựng,2022-01-11 17:00:00,,,False
2189.0,GMX,CTCP Gạch ngói Gốm Xây dựng Mỹ Xuân,HNX,Nguyên vật liệu,Nguyên vật liệu,Vật liệu xây dựng,2011-09-14 17:00:00,,,False
2255.0,GND,CTCP Gạch ngói Đồng Nai,UPCOM,Nguyên vật liệu,Nguyên vật liệu,Vật liệu xây dựng,2017-02-20 17:00:00,,,False
4928.0,GPC,CTCP Tập đoàn Green+,UPCOM,Tiêu dùng không thiết yếu,Thương mại hàng không thiết yếu,Nhà phân phối,2023-01-05 17:00:00,,,False
3886.0,GSM,CTCP Thủy điện Hương Sơn,UPCOM,Tiện ích,Tiện ích,Phát điện độc lập và điện tái tạo,2015-04-07 17:00:00,,,False
3012.0,GSP,CTCP Vận tải Sản Phẩm Khí Quốc tế,HOSE,Năng lượng,Năng lượng,Dầu khí,2012-03-08 17:00:00,,,False
891.0,GTA,CTCP Chế biến gỗ Thuận An,HOSE,Nguyên vật liệu,Nguyên vật liệu,Gỗ và giấy,2007-07-22 17:00:00,,,False
4067.0,GTD,CTCP Giầy Thượng Đình,UPCOM,Tiêu dùng không thiết yếu,Thời trang và hàng lâu bền,Thời trang và dệt may,2016-12-15 17:00:00,,,False
4238.0,GTS,CTCP Công trình Giao thông Sài Gòn,UPCOM,Công nghiệp,Hàng hóa công nghiệp,Kỹ thuật xây dựng,2016-10-20 17:00:00,,,False
2629.0,GTT,CTCP Thuận Thảo,UPCOM,Tiêu dùng không thiết yếu,Dịch vụ tiêu dùng,"Khách sạn, nhà hàng và giải trí",2016-06-06 17:00:00,HOSE,GTT: Thông báo về việc hủy niêm yết đối với cổ phiếu GTT,False
4645.0,GVR,Tập đoàn Công nghiệp Cao su Việt Nam - CTCP,HOSE,Nguyên vật liệu,Nguyên vật liệu,Hóa chất,2020-03-16 17:00:00,UPCOM,"GVR: Ngày 09/03/2020, ngày hủy ĐKGD cổ phiếu của Tập đoàn Công nghiệp Cao su Việt Nam - Công ty cổ phần",False
2832.0,GVT,CTCP Giấy Việt Trì,UPCOM,Nguyên vật liệu,Nguyên vật liệu,Gỗ và giấy,2017-01-11 17:00:00,,,False
2744.0,H11,CTCP Xây dựng HUD101,UPCOM,Công nghiệp,Hàng hóa công nghiệp,Kỹ thuật xây dựng,2011-04-27 17:00:00,,,False
1839.0,HAD,CTCP Bia Hà Nội - Hải Dương,HNX,Tiêu dùng thiết yếu,"Thực phẩm, đồ uống và thuốc lá",Đồ uống,2009-10-26 17:00:00,,,False
3884.0,HAF,CTCP Thực phẩm Hà Nội,UPCOM,Tiêu dùng thiết yếu,"Thực phẩm, đồ uống và thuốc lá",Thực phẩm,2017-07-23 17:00:00,,,False
1448.0,HAG,CTCP Hoàng Anh Gia Lai,HOSE,Tiêu dùng thiết yếu,"Thực phẩm, đồ uống và thuốc lá",Thực phẩm,2008-12-21 17:00:00,,,False
3826.0,HAH,CTCP Vận tải và Xếp dỡ Hải An,HOSE,Công nghiệp,Vận tải,Vận tải biển,2015-03-10 17:00:00,,,False
2065.0,HAM,CTCP Vật tư Hậu Giang,UPCOM,Tiêu dùng không thiết yếu,Thương mại hàng không thiết yếu,Nhà phân phối,2017-08-20 17:00:00,,,False
3669.0,HAN,Tổng Công ty Xây dựng Hà Nội - CTCP,UPCOM,Công nghiệp,Hàng hóa công nghiệp,Kỹ thuật xây dựng,2016-10-19 17:00:00,,,False
24.0,HAP,CTCP Tập đoàn Hapaco,HOSE,Nguyên vật liệu,Nguyên vật liệu,Gỗ và giấy,2000-08-03 17:00:00,,,False
3329.0,HAR,CTCP Đầu tư Thương mại Bất động sản An Dương Thảo Điền,HOSE,Bất động sản,Bất động sản,Quản lý và phát triển bất động sản,2013-01-16 17:00:00,,,False
665.0,HAS,CTCP Hacisco,HOSE,Công nghiệp,Hàng hóa công nghiệp,Kỹ thuật xây dựng,2002-12-18 17:00:00,,,False
2449.0,HAT,CTCP Thương mại Bia Hà Nội,HNX,Tiêu dùng thiết yếu,"Thực phẩm, đồ uống và thuốc lá",Đồ uống,2010-10-28 17:00:00,,,False
4607.0,HAV,CTCP Rượu Hapro,UPCOM,Tiêu dùng thiết yếu,"Thực phẩm, đồ uống và thuốc lá",Đồ uống,2017-11-29 17:00:00,,,False
796.0,HAX,CTCP Dịch vụ Ô tô Hàng Xanh,HOSE,Tiêu dùng không thiết yếu,Thương mại hàng không thiết yếu,Bán lẻ chuyên doanh,2006-12-25 17:00:00,,,False
797.0,HBC,CTCP Tập đoàn Xây dựng Hòa Bình,UPCOM,Công nghiệp,Hàng hóa công nghiệp,Kỹ thuật xây dựng,2006-12-26 17:00:00,HOSE,HBC: Quyết định về việc hủy niêm yết cổ phiếu,False
798.0,HBD,CTCP Bao Bì PP Bình Dương,UPCOM,Nguyên vật liệu,Nguyên vật liệu,Bao bì và vật chứa,2013-09-15 17:00:00,HNX,HBD: Quyết định hủy niêm yết tự nguyện cổ phiếu CTCP Bao bì PP Bình Dương,False
3733.0,HBH,CTCP Habeco - Hải Phòng,UPCOM,Tiêu dùng thiết yếu,"Thực phẩm, đồ uống và thuốc lá",Đồ uống,2017-08-09 17:00:00,,,False
1929.0,HC1,CTCP Xây dựng Số 1 Hà Nội,UPCOM,Công nghiệp,Hàng hóa công nghiệp,Kỹ thuật xây dựng,2020-01-05 17:00:00,,,False
2025.0,HC3,CTCP Xây dựng Số 3 Hải Phòng,UPCOM,Bất động sản,Bất động sản,Quản lý và phát triển bất động sản,2017-07-10 17:00:00,,,False
1035.0,HCC,CTCP Bê tông Hòa Cầm - Intimex,HNX,Nguyên vật liệu,Nguyên vật liệu,Vật liệu xây dựng,2007-12-23 17:00:00,,,False
4299.0,HCD,CTCP Đầu tư Sản xuất và Thương mại HCD,HOSE,Công nghiệp,Hàng hóa công nghiệp,Sản phẩm xây dựng,2016-07-03 17:00:00,,,False
2179.0,HCI,CTCP Đầu tư Xây dựng Hà Nội ,UPCOM,Bất động sản,Bất động sản,Dịch vụ bất động sản,2010-09-16 17:00:00,,,False
1065.0,HCT,CTCP Thương mại Dịch vụ Vận tải Xi măng Hải Phòng,HNX,Công nghiệp,Vận tải,Vận tải mặt đất,2007-11-26 17:00:00,,,False
2921.0,HD2,CTCP Đầu tư Phát triển Nhà HUD2,UPCOM,Bất động sản,Bất động sản,Quản lý và phát triển bất động sản,2016-05-15 17:00:00,,,False
1920.0,HD6,CTCP Đầu tư và Phát triển Nhà Số 6 Hà Nội,UPCOM,Bất động sản,Bất động sản,Quản lý và phát triển bất động sản,2020-11-22 17:00:00,,,False
4730.0,HD8,CTCP Đầu tư Phát triển Nhà và Đô thị HUD8,UPCOM,Bất động sản,Bất động sản,Quản lý và phát triển bất động sản,2019-03-14 17:00:00,,,False
2641.0,HDA,CTCP Hãng sơn Đông Á,HNX,Nguyên vật liệu,Nguyên vật liệu,Hóa chất,2010-12-26 17:00:00,,,False
951.0,HDC,CTCP Phát triển Nhà Bà Rịa - Vũng Tàu,HOSE,Bất động sản,Bất động sản,Quản lý và phát triển bất động sản,2007-10-07 17:00:00,,,False
1511.0,HDG,CTCP Tập đoàn Hà Đô,HOSE,Tiện ích,Tiện ích,Điện,2010-02-01 17:00:00,,,False
2316.0,HDM,CTCP Dệt may Huế,UPCOM,Tiêu dùng không thiết yếu,Thời trang và hàng lâu bền,Thời trang và dệt may,2010-01-20 17:00:00,,,False
2460.0,HDP,CTCP Dược Hà Tĩnh,UPCOM,Chăm sóc sức khỏe,"Dược phẩm, công nghệ sinh học và khoa học sự sống",Dược phẩm,2017-03-15 17:00:00,,,False
4236.0,HDW,CTCP Kinh doanh Nước sạch Hải Dương,UPCOM,Tiện ích,Tiện ích,Nước,2017-11-02 17:00:00,,,False
2754.0,HEC,CTCP Tư vấn Xây dựng Thủy Lợi II,UPCOM,Công nghiệp,Hàng hóa công nghiệp,Kỹ thuật xây dựng,2016-12-20 17:00:00,,,False
4523.0,HEJ,Tổng Công ty Tư vấn Xây dựng Thủy lợi Việt Nam - CTCP,UPCOM,Công nghiệp,Dịch vụ thương mại và chuyên nghiệp,Dịch vụ chuyên nghiệp,2017-07-13 17:00:00,,,False
4615.0,HEP,CTCP Môi trường và Công trình Đô thị Huế,UPCOM,Công nghiệp,Dịch vụ thương mại và chuyên nghiệp,Dịch vụ và thiết bị thương mại ,2017-12-14 17:00:00,,,False
1666.0,HES,CTCP Dịch vụ Giải trí Hà Nội,UPCOM,Tiêu dùng không thiết yếu,Dịch vụ tiêu dùng,"Khách sạn, nhà hàng và giải trí",2016-12-06 17:00:00,,,False
1042.0,HEV,CTCP Sách Đại học - Dạy nghề,HNX,Dịch vụ truyền thông,Truyền thông và giải trí,Truyền thông,2007-12-10 17:00:00,,,False
4237.0,HFB,CTCP Công trình Cầu phà Thành phố Hồ Chí Minh,UPCOM,Công nghiệp,Hàng hóa công nghiệp,Kỹ thuật xây dựng,2017-03-29 17:00:00,,,False
2022.0,HFC,CTCP Xăng dầu HFC,UPCOM,Tiêu dùng không thiết yếu,Thương mại hàng không thiết yếu,Nhà phân phối,2010-02-28 17:00:00,,,False
2663.0,HFX,CTCP Sản xuất - Xuất nhập khẩu Thanh Hà,UPCOM,Tiêu dùng không thiết yếu,Thương mại hàng không thiết yếu,Nhà phân phối,2011-11-09 17:00:00,,,False
1861.0,HGM,CTCP Cơ khí và Khoáng sản Hà Giang,HNX,Nguyên vật liệu,Nguyên vật liệu,Khai khoáng và luyện kim,2009-12-20 17:00:00,,,False
2852.0,HGT,CTCP Du lịch Hương Giang,UPCOM,Tiêu dùng không thiết yếu,Dịch vụ tiêu dùng,"Khách sạn, nhà hàng và giải trí",2020-10-14 17:00:00,,,False
5750.0,HHB,CTCP Bia Hà Nội - Hồng Hà,UPCOM,Tiêu dùng thiết yếu,"Thực phẩm, đồ uống và thuốc lá",Đồ uống,2025-10-26 17:00:00,,,False
1056.0,HHC,CTCP Bánh kẹo Hải Hà ,HNX,Tiêu dùng thiết yếu,"Thực phẩm, đồ uống và thuốc lá",Thực phẩm,2007-11-19 17:00:00,,,False
2640.0,HHG,CTCP Hoàng Hà,UPCOM,Công nghiệp,Vận tải,Vận tải mặt đất,2023-05-08 17:00:00,HNX,"HHG: Ngày 25/04/2023, ngày hủy niêm yết cổ phiếu của CTCP Hoàng Hà",False
4414.0,HHN,CTCP Vận tải và Dịch vụ Hàng hóa Hà Nội,UPCOM,Công nghiệp,Dịch vụ thương mại và chuyên nghiệp,Dịch vụ và thiết bị thương mại ,2016-12-15 17:00:00,,,False
4686.0,HHP,CTCP HHP Global,HOSE,Nguyên vật liệu,Nguyên vật liệu,Gỗ và giấy,2021-03-02 17:00:00,HNX,"HHP: Ngày 19/02/2021, ngày hủy niêm yết cổ phiếu của CTCP Giấy Hoàng Hà Hải Phòng",False
2951.0,HHS,CTCP Đầu tư Dịch vụ Hoàng Huy,HOSE,Tiêu dùng không thiết yếu,Thương mại hàng không thiết yếu,Nhà phân phối,2012-02-14 17:00:00,,,False
4207.0,HHV,CTCP Đầu tư Hạ tầng Giao thông Đèo Cả,HOSE,Công nghiệp,Vận tải,Hạ tầng giao thông,2022-01-19 17:00:00,UPCOM,"HHV: Ngày 07/01/2022, ngày hủy ĐKGD cổ phiếu của CTCP Đầu tư Hạ tầng Giao thông Đèo Cả",False
4344.0,HID,CTCP Halcom Việt Nam,HOSE,Công nghiệp,Hàng hóa công nghiệp,Phân phối hàng công nghiệp,2016-07-10 17:00:00,,,False
4471.0,HII,CTCP An Tiến Industries,HOSE,Nguyên vật liệu,Nguyên vật liệu,Hóa chất,2017-06-21 17:00:00,,,False
4956.0,HIO,CTCP Helio Energy,UPCOM,Tiện ích,Tiện ích,Phát điện độc lập và điện tái tạo,2023-10-22 17:00:00,,,False
2193.0,HJC,CTCP Hòa Việt,UPCOM,Tiêu dùng thiết yếu,"Thực phẩm, đồ uống và thuốc lá",Thuốc lá,2015-10-13 17:00:00,,,False
911.0,HJS,CTCP Thủy điện Nậm Mu,HNX,Tiện ích,Tiện ích,Phát điện độc lập và điện tái tạo,2006-12-19 17:00:00,,,False
4009.0,HKB,CTCP Nông nghiệp và Thực phẩm Hà Nội - Kinh Bắc,UPCOM,Tiêu dùng thiết yếu,"Thực phẩm, đồ uống và thuốc lá",Thực phẩm,2021-07-27 17:00:00,HNX,"HKB: Ngày 20/07/2021, ngày hủy niêm yết cổ phiếu của CTCP Nông nghiệp và Thực phẩm Hà Nội-Kinh Bắc",False
4092.0,HKT,CTCP QP Holdings,HNX,Tiêu dùng thiết yếu,"Thực phẩm, đồ uống và thuốc lá",Thực phẩm,2017-01-11 17:00:00,,,False
1424.0,HLA,CTCP Hữu Liên Á Châu,UPCOM,Nguyên vật liệu,Nguyên vật liệu,Khai khoáng và luyện kim,2015-03-31 17:00:00,HOSE,HLA: Hủy niêm yết đối với cổ phiếu HLA ,False
2248.0,HLB,CTCP Bia và Nước giải khát Hạ Long,UPCOM,Tiêu dùng thiết yếu,"Thực phẩm, đồ uống và thuốc lá",Đồ uống,2017-02-07 17:00:00,,,False
1532.0,HLC,CTCP Than Hà Lầm - Vinacomin,HNX,Năng lượng,Năng lượng,Dầu khí,2009-03-04 17:00:00,,,False
3321.0,HLD,CTCP Đầu tư và Phát triển Bất động sản Hudland,HNX,Bất động sản,Bất động sản,Quản lý và phát triển bất động sản,2013-03-25 17:00:00,,,False
5689.0,HLO,CTCP Công nghệ Ha Lô,UPCOM,Công nghiệp,Hàng hóa công nghiệp,Máy móc công nghiệp,2024-06-23 17:00:00,,,False
3237.0,HLS,CTCP Sứ Kỹ thuật Hoàng Liên Sơn,UPCOM,Công nghiệp,Hàng hóa công nghiệp,Thiết bị điện,2017-10-15 17:00:00,,,False
2234.0,HLT,CTCP Dệt may Hoàng Thị Loan,UPCOM,Tiêu dùng không thiết yếu,Thời trang và hàng lâu bền,Thời trang và dệt may,2019-12-26 17:00:00,,,False
912.0,HLY,CTCP Gốm Xây Dựng Yên Hưng,UPCOM,Nguyên vật liệu,Nguyên vật liệu,Vật liệu xây dựng,2021-04-27 17:00:00,HNX,"HLY: Ngày 19/04/2021, ngày hủy niêm yết cổ phiếu của CTCP Viglacera Hạ Long I",False
799.0,HMC,CTCP Kim khí Thành phố Hồ Chí Minh - VNSTEEL,HOSE,Nguyên vật liệu,Nguyên vật liệu,Khai khoáng và luyện kim,2006-12-20 17:00:00,,,False
1677.0,HMD,CTCP Hóa chất Minh Đức,UPCOM,Nguyên vật liệu,Nguyên vật liệu,Hóa chất,2024-12-26 17:00:00,,,False
1682.0,HMG,CTCP Kim khí Hà Nội - VNSTEEL,UPCOM,Nguyên vật liệu,Nguyên vật liệu,Khai khoáng và luyện kim,2016-09-08 17:00:00,,,False
2477.0,HMH,CTCP Hải Minh,HNX,Công nghiệp,Vận tải,Hạ tầng giao thông,2010-07-27 17:00:00,,,False
4890.0,HMR,CTCP Đá Hoàng Mai,HNX,Nguyên vật liệu,Nguyên vật liệu,Vật liệu xây dựng,2022-01-12 17:00:00,,,False
2258.0,HMS,CTCP Xây dựng Bảo tàng Hồ Chí Minh,UPCOM,Công nghiệp,Hàng hóa công nghiệp,Kỹ thuật xây dựng,2017-06-04 17:00:00,,,False
4567.0,HNA,CTCP Thủy điện Hủa Na,HOSE,Tiện ích,Tiện ích,Phát điện độc lập và điện tái tạo,2024-01-11 17:00:00,UPCOM,"HNA: Ngày 28/12/2023, ngày hủy ĐKGD cổ phiếu của CTCP Thủy điện Hủa Na",False
3653.0,HNB,CTCP Bến xe Hà Nội,UPCOM,Công nghiệp,Vận tải,Vận tải mặt đất,2015-10-21 17:00:00,,,False
3710.0,HND,CTCP Nhiệt điện Hải Phòng,UPCOM,Tiện ích,Tiện ích,Điện,2016-10-04 17:00:00,,,False
2285.0,HNF,CTCP Thực phẩm Hữu Nghị,UPCOM,Tiêu dùng thiết yếu,"Thực phẩm, đồ uống và thuốc lá",Thực phẩm,2015-11-02 17:00:00,,,False
4100.0,HNG,CTCP Nông nghiệp Quốc tế Hoàng Anh Gia Lai,UPCOM,Tiêu dùng thiết yếu,"Thực phẩm, đồ uống và thuốc lá",Thực phẩm,2015-07-19 17:00:00,HOSE,HNG: Quyết định hủy niêm yết cổ phiếu,False
2997.0,HNI,CTCP May Hữu Nghị,UPCOM,Tiêu dùng không thiết yếu,Thời trang và hàng lâu bền,Thời trang và dệt may,2017-12-11 17:00:00,,,False
915.0,HNM,CTCP Sữa Hà Nội,UPCOM,Tiêu dùng thiết yếu,"Thực phẩm, đồ uống và thuốc lá",Thực phẩm,2020-06-18 17:00:00,HNX,"HNM: Ngày 12/06/2020, ngày hủy niêm yết cổ phiếu của CTCP Sữa Hà Nội",False
1598.0,HNP,CTCP Hanel Xốp nhựa,UPCOM,Nguyên vật liệu,Nguyên vật liệu,Hóa chất,2016-12-19 17:00:00,,,False
2257.0,HNR,CTCP Rượu và Nước giải khát Hà Nội,UPCOM,Tiêu dùng thiết yếu,"Thực phẩm, đồ uống và thuốc lá",Đồ uống,2018-06-07 17:00:00,,,False
1389.0,HOM,CTCP Xi măng VICEM Hoàng Mai,HNX,Nguyên vật liệu,Nguyên vật liệu,Vật liệu xây dựng,2009-07-08 17:00:00,,,False
1288.0,HOT,CTCP Du lịch - Dịch vụ Hội An,UPCOM,Tiêu dùng không thiết yếu,Dịch vụ tiêu dùng,"Khách sạn, nhà hàng và giải trí",2023-05-11 17:00:00,HOSE,HOT: Quyết định hủy niêm yết cổ phiếu,False
5776.0,HPA,CTCP Phát triển Nông nghiệp Hòa Phát,HOSE,Tiêu dùng thiết yếu,"Thực phẩm, đồ uống và thuốc lá",Thực phẩm,2026-02-05 17:00:00,,,False
2082.0,HPB,CTCP Bao bì PP,UPCOM,Nguyên vật liệu,Nguyên vật liệu,Bao bì và vật chứa,2013-12-11 17:00:00,HNX,HPB: Quyết định hủy niêm yết của CTCP Bao bì PP,False
4094.0,HPD,CTCP Thủy điện ĐăK Đoa,UPCOM,Tiện ích,Tiện ích,Phát điện độc lập và điện tái tạo,2015-06-10 17:00:00,,,False
997.0,HPG,CTCP Tập đoàn Hòa Phát,HOSE,Nguyên vật liệu,Nguyên vật liệu,Khai khoáng và luyện kim,2007-11-14 17:00:00,,,False
3138.0,HPH,CTCP Hóa Chất Hưng Phát Hà Bắc,UPCOM,Tiêu dùng thiết yếu,Sản phẩm chăm sóc cá nhân và gia đình,Sản phẩm chăm sóc cá nhân,2017-12-27 17:00:00,,,False
2620.0,HPI,CTCP Khu công nghiệp Hiệp Phước,UPCOM,Bất động sản,Bất động sản,Quản lý và phát triển bất động sản,2017-10-04 17:00:00,,,False
4660.0,HPO,CTCP Công nghiệp Hapulico,UPCOM,Công nghiệp,Hàng hóa công nghiệp,Thiết bị điện,2025-10-21 17:00:00,,,False
2377.0,HPP,CTCP Sơn Hải Phòng,UPCOM,Nguyên vật liệu,Nguyên vật liệu,Hóa chất,2010-08-04 17:00:00,,,False
1664.0,HPT,CTCP Dịch vụ Công nghệ Tin học HPT,UPCOM,Công nghệ thông tin,Phần mềm và dịch vụ,Dịch vụ CNTT,2010-06-16 17:00:00,,,False
3926.0,HPW,CTCP Cấp nước Hải Phòng,UPCOM,Tiện ích,Tiện ích,Nước,2016-11-20 17:00:00,,,False
4682.0,HPX,CTCP Đầu tư Hải Phát,HOSE,Bất động sản,Bất động sản,Quản lý và phát triển bất động sản,2018-07-23 17:00:00,,,False
2706.0,HQC,CTCP Tư vấn Thương mại Dịch vụ Địa Ốc Hoàng Quân,HOSE,Bất động sản,Bất động sản,Quản lý và phát triển bất động sản,2010-10-19 17:00:00,,,False
4587.0,HRB,CTCP Harec Đầu tư và Thương mại,UPCOM,Bất động sản,Bất động sản,Quản lý và phát triển bất động sản,2017-11-05 17:00:00,,,False
800.0,HRC,CTCP Cao su Hòa Bình,HOSE,Nguyên vật liệu,Nguyên vật liệu,Hóa chất,2006-12-25 17:00:00,,,False
4435.0,HSA,CTCP Hestia,UPCOM,Công nghiệp,Dịch vụ thương mại và chuyên nghiệp,Dịch vụ chuyên nghiệp,2017-01-22 17:00:00,,,False
1308.0,HSG,CTCP Tập đoàn Hoa Sen,HOSE,Nguyên vật liệu,Nguyên vật liệu,Khai khoáng và luyện kim,2008-12-04 17:00:00,,,False
4672.0,HSL,CTCP Đầu tư Phát triển Thực phẩm Hồng Hà,HOSE,Tiêu dùng thiết yếu,"Thực phẩm, đồ uống và thuốc lá",Thực phẩm,2018-05-09 17:00:00,,,False
2444.0,HSM,Tổng Công ty cổ phần Dệt may Hà Nội,UPCOM,Tiêu dùng không thiết yếu,Thời trang và hàng lâu bền,Thời trang và dệt may,2018-04-18 17:00:00,,,False
2020.0,HSP,CTCP Sơn Tổng hợp Hà Nội,UPCOM,Nguyên vật liệu,Nguyên vật liệu,Hóa chất,2020-03-29 17:00:00,,,False
4860.0,HSV,CTCP Tập đoàn HSV Việt Nam,UPCOM,Tiêu dùng không thiết yếu,Thương mại hàng không thiết yếu,Nhà phân phối,2021-04-26 17:00:00,,,False
1000.0,HT1,CTCP Xi Măng Vicem Hà Tiên,HOSE,Nguyên vật liệu,Nguyên vật liệu,Vật liệu xây dựng,2007-11-12 17:00:00,,,False
1397.0,HTC,CTCP Thương mại Hóc Môn,HNX,Tiêu dùng không thiết yếu,Thương mại hàng không thiết yếu,Nhà phân phối,2010-05-06 17:00:00,,,False
2434.0,HTE,CTCP Đầu tư Kinh doanh Điện lực Thành phố Hồ Chí Minh,UPCOM,Công nghiệp,Hàng hóa công nghiệp,Kỹ thuật xây dựng,2017-07-23 17:00:00,,,False
2330.0,HTG,Tổng Công ty cổ phần Dệt may Hòa Thọ,HOSE,Tiêu dùng không thiết yếu,Thời trang và hàng lâu bền,Thời trang và dệt may,2023-11-08 17:00:00,UPCOM,"HTG: Ngày 31/10/2023, ngày hủy ĐKGD cổ phiếu của Tổng công ty cổ phần Dệt may Hòa Thọ",False
2676.0,HTI,CTCP Đầu tư Phát triển Hạ tầng IDICO,HOSE,Công nghiệp,Vận tải,Hạ tầng giao thông,2010-12-19 17:00:00,,,False
2609.0,HTL,CTCP Kỹ thuật và Ô tô Trường Long,HOSE,Tiêu dùng không thiết yếu,Thương mại hàng không thiết yếu,Nhà phân phối,2011-01-09 17:00:00,,,False
4659.0,HTM,Tổng Công ty Thương mại Hà Nội - CTCP,UPCOM,Tiêu dùng không thiết yếu,Thương mại hàng không thiết yếu,Nhà phân phối,2018-05-03 17:00:00,,,False
4691.0,HTN,CTCP Hưng Thịnh Incons,HOSE,Công nghiệp,Hàng hóa công nghiệp,Kỹ thuật xây dựng,2018-11-11 17:00:00,,,False
919.0,HTP,CTCP In Sách Giáo khoa Hòa Phát,UPCOM,Công nghiệp,Dịch vụ thương mại và chuyên nghiệp,Dịch vụ và thiết bị thương mại ,2006-12-13 17:00:00,HNX,"HTP: Ngày 29/07/2024, Thông báo về việc hủy bỏ niêm yết bắt buộc của CTCP In sách giáo khoa Hòa Phát",False
4420.0,HTT,CTCP Thương mại Hà Tây,UPCOM,Bất động sản,Bất động sản,Quản lý và phát triển bất động sản,2020-06-25 17:00:00,HOSE,HTT: Quyết định hủy niêm yết cổ phiếu HTT,False
74.0,HTV,CTCP Logistics Vicem,HOSE,Công nghiệp,Vận tải,Vận tải biển,2006-01-04 17:00:00,,,False
2111.0,HU1,CTCP Đầu tư và Xây dựng HUD1,HOSE,Công nghiệp,Hàng hóa công nghiệp,Kỹ thuật xây dựng,2011-11-02 17:00:00,,,False
2043.0,HU3,CTCP Đầu tư và Xây dựng HUD3,UPCOM,Công nghiệp,Hàng hóa công nghiệp,Kỹ thuật xây dựng,2023-05-17 17:00:00,HOSE,HU3: Quyết định về việc hủy niêm yết cổ phiếu,False
2187.0,HU4,CTCP Đầu tư và Xây dựng HUD4,UPCOM,Bất động sản,Bất động sản,Bất động sản đa dạng,2016-01-28 17:00:00,,,False
2634.0,HU6,CTCP Đầu tư Phát triển Nhà và Đô thị HUD6,UPCOM,Bất động sản,Bất động sản,Quản lý và phát triển bất động sản,2015-11-18 17:00:00,,,False
3108.0,HUB,CTCP Xây lắp Thừa Thiên Huế,HOSE,Nguyên vật liệu,Nguyên vật liệu,Vật liệu xây dựng,2019-02-25 17:00:00,,,False
2267.0,HUG,Tổng Công ty May Hưng Yên - CTCP,UPCOM,Tiêu dùng không thiết yếu,Thời trang và hàng lâu bền,Thời trang và dệt may,2017-12-17 17:00:00,,,False
1132.0,HUT,CTCP Tasco,HNX,Tiêu dùng không thiết yếu,Thương mại hàng không thiết yếu,Bán lẻ chuyên doanh,2008-04-10 17:00:00,,,False
4697.0,HVH,CTCP Đầu tư và Công nghệ HVC,HOSE,Công nghiệp,Hàng hóa công nghiệp,Kỹ thuật xây dựng,2018-11-29 17:00:00,,,False
3738.0,HVN,Tổng Công ty Hàng không Việt Nam - CTCP,HOSE,Công nghiệp,Vận tải,Hãng hàng không chở khách,2019-05-06 17:00:00,UPCOM,"HVN: Ngày 23/04/2019, ngày hủy ĐKGD cổ phiếu của Tổng Công ty Hàng không Việt Nam - CTCP",False
1556.0,HVT,CTCP Hóa chất Việt Trì,HNX,Nguyên vật liệu,Nguyên vật liệu,Hóa chất,2009-05-07 17:00:00,,,False
2519.0,HVX,CTCP Xi măng VICEM Hải Vân,UPCOM,Nguyên vật liệu,Nguyên vật liệu,Vật liệu xây dựng,2026-03-17 17:00:00,HOSE,HVX: Quyết định về việc hủy niêm yết cổ phiếu,False
4401.0,HWS,CTCP Cấp nước Huế,UPCOM,Tiện ích,Tiện ích,Nước,2018-07-26 17:00:00,,,False
4733.0,IBD,CTCP In Tổng hợp Bình Dương,UPCOM,Công nghiệp,Dịch vụ thương mại và chuyên nghiệp,Dịch vụ và thiết bị thương mại ,2019-05-23 17:00:00,,,False
4225.0,ICC,CTCP Xây dựng Công nghiệp (ICC),UPCOM,Tiêu dùng không thiết yếu,Thời trang và hàng lâu bền,Hàng tiêu dùng lâu bền,2016-05-31 17:00:00,,,False
920.0,ICF,CTCP Đầu tư Thương mại Thủy sản,UPCOM,Tiêu dùng thiết yếu,"Thực phẩm, đồ uống và thuốc lá",Thực phẩm,2019-05-19 17:00:00,HOSE,ICF: Quyết định về việc hủy niêm yết cổ phiếu ICF,False
1543.0,ICG,CTCP Xây dựng Sông Hồng,HNX,Công nghiệp,Hàng hóa công nghiệp,Kỹ thuật xây dựng,2009-04-20 17:00:00,,,False
1771.0,ICI,CTCP Đầu tư và Xây dựng Công nghiệp,UPCOM,Công nghiệp,Hàng hóa công nghiệp,Kỹ thuật xây dựng,2010-07-05 17:00:00,,,False
2115.0,ICN,CTCP Đầu tư Xây dựng Dầu khí IDICO,UPCOM,Công nghiệp,Hàng hóa công nghiệp,Kỹ thuật xây dựng,2015-05-28 17:00:00,,,False
2411.0,ICT,CTCP Viễn thông - Tin học Bưu điện,HOSE,Dịch vụ truyền thông,Dịch vụ viễn thông,Dịch vụ viễn thông đa dạng,2020-01-14 17:00:00,,,False
4552.0,IDC,Tổng Công ty IDICO - CTCP,HNX,Bất động sản,Bất động sản,Quản lý và phát triển bất động sản,2019-12-09 17:00:00,UPCOM,"IDC: Ngày 02/12/2019, ngày hủy ĐKGD cổ phiếu của Tổng Công ty IDICO - CTCP",False
2662.0,IDI,CTCP Đầu tư và Phát triển Đa Quốc Gia - IDI,HOSE,Tiêu dùng thiết yếu,"Thực phẩm, đồ uống và thuốc lá",Thực phẩm,2011-06-29 17:00:00,,,False
2066.0,IDJ,CTCP Đầu tư IDJ Việt Nam,HNX,Bất động sản,Bất động sản,Quản lý và phát triển bất động sản,2010-09-12 17:00:00,,,False
4852.0,IDP,CTCP Sữa Quốc tế Lof,UPCOM,Tiêu dùng thiết yếu,"Thực phẩm, đồ uống và thuốc lá",Thực phẩm,2021-01-06 17:00:00,,,False
2006.0,IDV,CTCP Phát triển Hạ tầng Vĩnh Phúc,HNX,Bất động sản,Bất động sản,Quản lý và phát triển bất động sản,2010-05-31 17:00:00,,,False
780.0,IFS,CTCP Thực phẩm Quốc tế,UPCOM,Tiêu dùng thiết yếu,"Thực phẩm, đồ uống và thuốc lá",Đồ uống,2016-11-15 17:00:00,HOSE,IFS: Thông báo hủy niêm yết cổ phiếu,False
1705.0,IJC,CTCP Phát triển Hạ tầng Kỹ thuật,HOSE,Bất động sản,Bất động sản,Quản lý và phát triển bất động sản,2010-04-18 17:00:00,,,False
4600.0,ILA,CTCP ILA,UPCOM,Nguyên vật liệu,Nguyên vật liệu,Vật liệu xây dựng,2017-11-27 17:00:00,,,False
3064.0,ILB,CTCP ICD Tân Cảng - Long Bình,HOSE,Công nghiệp,Dịch vụ thương mại và chuyên nghiệp,Dịch vụ và thiết bị thương mại ,2019-05-14 17:00:00,,,False
921.0,ILC,CTCP Hợp tác Lao động với nước ngoài,UPCOM,Công nghiệp,Dịch vụ thương mại và chuyên nghiệp,Dịch vụ chuyên nghiệp,2018-08-09 17:00:00,HNX,"ILC: Ngày 28/05/2014, ngày hủy niêm yết cổ phiếu của CTCP Hợp tác lao động với nước ngoài",False
4306.0,ILS,CTCP Đầu tư Thương mại và Dịch vụ Quốc tế,UPCOM,Công nghiệp,Vận tải,Hạ tầng giao thông,2018-03-18 17:00:00,,,False
1893.0,IME,CTCP Cơ khí và Xây lắp Công nghiệp,UPCOM,Công nghiệp,Hàng hóa công nghiệp,Máy móc công nghiệp,2009-11-30 17:00:00,,,False
801.0,IMP,CTCP Dược phẩm Imexpharm,HOSE,Chăm sóc sức khỏe,"Dược phẩm, công nghệ sinh học và khoa học sự sống",Dược phẩm,2006-12-03 17:00:00,,,False
1252.0,IN4,CTCP In Số 4,UPCOM,Công nghiệp,Dịch vụ thương mại và chuyên nghiệp,Dịch vụ và thiết bị thương mại ,2010-05-18 17:00:00,,,False
1740.0,INC,CTCP Tư vấn Đầu tư IDICO,HNX,Công nghiệp,Dịch vụ thương mại và chuyên nghiệp,Dịch vụ chuyên nghiệp,2011-07-13 17:00:00,,,False
1885.0,INN,CTCP Bao bì và In Nông nghiệp,HNX,Nguyên vật liệu,Nguyên vật liệu,Bao bì và vật chứa,2010-01-21 17:00:00,,,False
2392.0,IPA,CTCP Tập đoàn Đầu tư I.P.A,HNX,Công nghiệp,Hàng hóa công nghiệp,Tập đoàn đa ngành,2021-10-31 17:00:00,UPCOM,"IPA: Ngày 25/10/2021, ngày hủy ĐKGD cổ phiếu của CTCP Tập đoàn Đầu tư I.P.A",False
4591.0,IRC,CTCP Cao su Công nghiệp,UPCOM,Nguyên vật liệu,Nguyên vật liệu,Hóa chất,2018-01-21 17:00:00,,,False
2430.0,ISG,CTCP Vận tải biển và Hợp tác Lao động Quốc tế,UPCOM,Công nghiệp,Vận tải,Vận tải biển,2015-09-21 17:00:00,,,False
1736.0,ISH,CTCP Thủy điện Srok Phu Miêng IDICO,UPCOM,Tiện ích,Tiện ích,Phát điện độc lập và điện tái tạo,2015-06-28 17:00:00,,,False
4411.0,IST,CTCP ICD Tân Cảng Sóng Thần,UPCOM,Công nghiệp,Vận tải,Hạ tầng giao thông,2017-01-04 17:00:00,,,False
802.0,ITA,CTCP Đầu tư và Công nghiệp Tân Tạo,UPCOM,Bất động sản,Bất động sản,Quản lý và phát triển bất động sản,2025-02-12 17:00:00,HOSE,ITA: Quyết định hủy niêm yết cổ phiếu,False
1355.0,ITC,CTCP Đầu tư và Kinh doanh Nhà,HOSE,Bất động sản,Bất động sản,Quản lý và phát triển bất động sản,2009-10-18 17:00:00,,,False
1631.0,ITD,CTCP Công nghệ ITD,HOSE,Công nghệ thông tin,Phần mềm và dịch vụ,Dịch vụ CNTT,2011-12-19 17:00:00,,,False
3006.0,ITQ,CTCP Tập đoàn Thiên Quang,HNX,Nguyên vật liệu,Nguyên vật liệu,Khai khoáng và luyện kim,2012-09-30 17:00:00,,,False
2303.0,ITS,CTCP Đầu tư Thương mại và Dịch vụ - Vinacomin,UPCOM,Năng lượng,Năng lượng,Dầu khí,2015-12-17 17:00:00,,,False
1304.0,JOS,CTCP Chế biến Thủy sản xuất khẩu Minh Hải,UPCOM,Tiêu dùng thiết yếu,"Thực phẩm, đồ uống và thuốc lá",Thực phẩm,2017-07-27 17:00:00,,,False
2757.0,JVC,CTCP Đầu tư Y tế - Dược phẩm Việt Nam,HOSE,Chăm sóc sức khỏe,Thiết bị và dịch vụ chăm sóc sức khỏe,Thương mại và dịch vụ chăm sóc sức khỏe,2011-06-20 17:00:00,,,False
1066.0,KBC,Tổng Công ty Phát triển Đô thị Kinh Bắc - CTCP,HOSE,Bất động sản,Bất động sản,Quản lý và phát triển bất động sản,2009-12-17 17:00:00,,,False
3168.0,KCB,CTCP Khoáng sản và Luyện kim Cao Bằng - Vimico,UPCOM,Nguyên vật liệu,Nguyên vật liệu,Khai khoáng và luyện kim,2015-11-30 17:00:00,,,False
753.0,KDC,CTCP Tập đoàn KIDO,HOSE,Tiêu dùng thiết yếu,"Thực phẩm, đồ uống và thuốc lá",Thực phẩm,2005-12-11 17:00:00,,,False
1905.0,KDH,CTCP Đầu tư và Kinh doanh Nhà Khang Điền,HOSE,Bất động sản,Bất động sản,Quản lý và phát triển bất động sản,2010-01-31 17:00:00,,,False
4173.0,KDM,CTCP Tập Đoàn GCL,HNX,Tiêu dùng không thiết yếu,Thương mại hàng không thiết yếu,Nhà phân phối,2016-03-28 17:00:00,,,False
4307.0,KGM,CTCP Xuất nhập khẩu Kiên Giang,UPCOM,Tiêu dùng thiết yếu,"Thực phẩm, đồ uống và thuốc lá",Thực phẩm,2017-09-20 17:00:00,,,False
3617.0,KHD,CTCP Khai thác Chế biến Khoáng sản Hải Dương,UPCOM,Nguyên vật liệu,Nguyên vật liệu,Vật liệu xây dựng,2016-12-21 17:00:00,,,False
4871.0,KHG,CTCP Tập đoàn Khải Hoàn Land,HOSE,Bất động sản,Bất động sản,Dịch vụ bất động sản,2021-07-18 17:00:00,,,False
803.0,KHP,CTCP Điện lực Khánh Hòa,HOSE,Tiện ích,Tiện ích,Điện,2006-12-26 17:00:00,,,False
2772.0,KHS,CTCP Kiên Hùng,HNX,Tiêu dùng thiết yếu,"Thực phẩm, đồ uống và thuốc lá",Thực phẩm,2017-12-25 17:00:00,,,False
4459.0,KHW,CTCP Cấp thoát nước Khánh Hòa,UPCOM,Tiện ích,Tiện ích,Nước,2017-02-19 17:00:00,,,False
5778.0,KHX,CTCP Phát hành sách Khánh Hòa,UPCOM,Tiêu dùng không thiết yếu,Thương mại hàng không thiết yếu,Bán lẻ chuyên doanh,2026-01-14 17:00:00,,,False
1681.0,KIP,CTCP K.I.P Việt Nam,UPCOM,Công nghiệp,Hàng hóa công nghiệp,Thiết bị điện,2016-04-11 17:00:00,,,False
1235.0,KKC,CTCP Tập Đoàn Thành Thái,HNX,Nguyên vật liệu,Nguyên vật liệu,Khai khoáng và luyện kim,2008-08-20 17:00:00,,,False
1159.0,KMR,CTCP Mirae,HOSE,Tiêu dùng không thiết yếu,Thời trang và hàng lâu bền,Thời trang và dệt may,2008-06-29 17:00:00,,,False
1683.0,KMT,CTCP Kim khí Miền Trung,HNX,Tiêu dùng không thiết yếu,Thương mại hàng không thiết yếu,Nhà phân phối,2010-12-14 17:00:00,,,False
4572.0,KOS,CTCP KOSY,HOSE,Tiện ích,Tiện ích,Phát điện độc lập và điện tái tạo,2017-12-07 17:00:00,UPCOM,,False
4028.0,KPF,CTCP Đầu tư tài sản Koji,UPCOM,Bất động sản,Bất động sản,Quản lý và phát triển bất động sản,2025-07-08 17:00:00,HOSE,KPF: Quyết định về việc hủy niêm yết đối với cổ phiếu,False
1891.0,KSB,CTCP Khoáng sản và Xây dựng Bình Dương,HOSE,Nguyên vật liệu,Nguyên vật liệu,Vật liệu xây dựng,2010-01-19 17:00:00,,,False
2598.0,KSD,CTCP Đầu tư DNA,HNX,Tiêu dùng không thiết yếu,Thời trang và hàng lâu bền,Hàng tiêu dùng lâu bền,2010-04-27 17:00:00,,,False
4878.0,KSF,CTCP Tập đoàn Sunshine,HNX,Bất động sản,Bất động sản,Quản lý và phát triển bất động sản,2021-10-05 17:00:00,,,False
3565.0,KSQ,CTCP CNC Capital Việt Nam,UPCOM,Nguyên vật liệu,Nguyên vật liệu,Vật liệu xây dựng,2013-07-25 17:00:00,HNX,"KSQ: Ngày 27/05/2025, Thông báo hủy bỏ bắt buộc niêm yết cổ phiếu KSQ của CTCP CNC Capital Việt Nam",False
2319.0,KST,CTCP KASATI,HNX,Dịch vụ truyền thông,Dịch vụ viễn thông,Dịch vụ viễn thông đa dạng,2010-12-28 17:00:00,,,False
4051.0,KSV,Tổng Công ty Khoáng sản TKV - CTCP,HNX,Nguyên vật liệu,Nguyên vật liệu,Khai khoáng và luyện kim,2023-02-01 17:00:00,UPCOM,"KSV: Ngày 17/01/2023, ngày hủy ĐKGD cổ phiếu của Tổng Công ty Khoáng Sản TKV - CTCP",False
4409.0,KTC,CTCP Thương mại Kiên Giang,UPCOM,Tiêu dùng thiết yếu,"Thực phẩm, đồ uống và thuốc lá",Thực phẩm,2018-06-21 17:00:00,,,False
2999.0,KTL,CTCP Kim Khí Thăng Long,UPCOM,Tiêu dùng không thiết yếu,Xe và linh kiện,Linh kiện xe,2015-01-13 17:00:00,,,False
2729.0,KTS,CTCP Đường Kon Tum,HNX,Tiêu dùng thiết yếu,"Thực phẩm, đồ uống và thuốc lá",Thực phẩm,2010-12-30 17:00:00,,,False
2669.0,KTT,CTCP Tập đoàn Đầu tư KTT,UPCOM,Nguyên vật liệu,Nguyên vật liệu,Hóa chất,2025-01-12 17:00:00,HNX,"KTT: Ngày 27/12/2024, Thông báo hủy niêm yết bắt buộc cổ phiếu KTT của CTCP Tập đoàn Đầu tư KTT của Công ty cổ phần Tập đoàn Đầu tư KTT",False
4006.0,KVC,CTCP Sản xuất Xuất nhập khẩu Inox Kim Vĩ,UPCOM,Nguyên vật liệu,Nguyên vật liệu,Khai khoáng và luyện kim,2023-05-24 17:00:00,HNX,"KVC: Ngày 16/05/2023, ngày hủy niêm yết cổ phiếu của CTCP Sản xuất Xuất nhập khẩu Inox Kim Vĩ",False
1024.0,L10,CTCP Lilama 10,HOSE,Công nghiệp,Hàng hóa công nghiệp,Kỹ thuật xây dựng,2007-12-24 17:00:00,,,False
2184.0,L12,CTCP Licogi 12,UPCOM,Công nghiệp,Hàng hóa công nghiệp,Kỹ thuật xây dựng,2017-01-02 17:00:00,,,False
2404.0,L14,CTCP Licogi 14,HNX,Tiêu dùng không thiết yếu,Thời trang và hàng lâu bền,Hàng tiêu dùng lâu bền,2011-09-12 17:00:00,,,False
1133.0,L18,CTCP Đầu tư và Xây dựng Số 18,HNX,Công nghiệp,Hàng hóa công nghiệp,Kỹ thuật xây dựng,2008-04-22 17:00:00,,,False
1884.0,L35,CTCP Cơ khí Lắp máy Lilama,UPCOM,Công nghiệp,Hàng hóa công nghiệp,Kỹ thuật xây dựng,2023-05-30 17:00:00,HNX,"L35: Ngày 19/05/2023, ngày hủy niêm yết cổ phiếu của Công ty Cổ phần Cơ khí lắp máy Lilama",False
2734.0,L40,CTCP Đầu Tư và Xây dựng 40,HNX,Công nghiệp,Hàng hóa công nghiệp,Kỹ thuật xây dựng,2021-01-26 17:00:00,,,False
1153.0,L43,CTCP Lilama 45.3,UPCOM,Công nghiệp,Hàng hóa công nghiệp,Kỹ thuật xây dựng,2024-06-04 17:00:00,HNX,"L43: Ngày 23/05/2024, Thông báo về việc hủy bỏ niêm yết bắt buộc cổ phiếu L43 của CTCP Lilama 45.3 của CTCP Lilama 45.3",False
2387.0,L45,CTCP Lilama 45.1,UPCOM,Công nghiệp,Hàng hóa công nghiệp,Kỹ thuật xây dựng,2016-10-19 17:00:00,,,False
1440.0,L61,CTCP Lilama 69-1,UPCOM,Công nghiệp,Hàng hóa công nghiệp,Kỹ thuật xây dựng,2024-05-29 17:00:00,HNX,"L61: Ngày 17/05/2024, Thông báo về việc hủy bỏ niêm yết bắt buộc cổ phiếu L61 của CTCP Lilama 69-1 của CTCP Lilama 69-1",False
1134.0,L62,CTCP Lilama 69-2,UPCOM,Công nghiệp,Hàng hóa công nghiệp,Kỹ thuật xây dựng,2024-06-04 17:00:00,HNX,"L62: Ngày 23/05/2024, Thông báo về việc hủy bỏ niêm yết bắt buộc cổ phiếu L62 của CTCP Lilama 69-2 của Công ty cổ phần LILAMA 69-2",False
2328.0,L63,CTCP Lilama 69-3,UPCOM,Công nghiệp,Hàng hóa công nghiệp,Kỹ thuật xây dựng,2016-10-05 17:00:00,,,False
25.0,LAF,CTCP Chế biến hàng Xuất khẩu Long An,HOSE,Tiêu dùng thiết yếu,"Thực phẩm, đồ uống và thuốc lá",Thực phẩm,2000-12-14 17:00:00,,,False
3077.0,LAI,CTCP Đầu Tư Xây dựng Long An IDICO,UPCOM,Bất động sản,Bất động sản,Bất động sản đa dạng,2015-08-09 17:00:00,,,False
2708.0,LAS,CTCP Supe Phốt phát và Hóa chất Lâm Thao,HNX,Nguyên vật liệu,Nguyên vật liệu,Hóa chất,2012-02-29 17:00:00,,,False
3954.0,LAW,CTCP Cấp thoát nước Long An,UPCOM,Tiện ích,Tiện ích,Nước,2015-12-20 17:00:00,,,False
1058.0,LBE,CTCP Thương mại và Dịch vụ LVA,HNX,Dịch vụ truyền thông,Truyền thông và giải trí,Truyền thông,2008-02-21 17:00:00,,,False
804.0,LBM,CTCP Khoáng sản và Vật liệu Xây dựng Lâm Đồng,HOSE,Nguyên vật liệu,Nguyên vật liệu,Vật liệu xây dựng,2006-12-19 17:00:00,,,False
2425.0,LCD,CTCP Lắp máy - Thí nghiệm Cơ điện,HNX,Công nghiệp,Hàng hóa công nghiệp,Kỹ thuật xây dựng,2010-11-14 17:00:00,,,False
1360.0,LCG,CTCP Lizen,HOSE,Công nghiệp,Hàng hóa công nghiệp,Kỹ thuật xây dựng,2008-11-17 17:00:00,,,False
3024.0,LCM,CTCP Khai thác và Chế biến khoáng sản Lào Cai,UPCOM,Nguyên vật liệu,Nguyên vật liệu,Khai khoáng và luyện kim,2022-09-08 17:00:00,HOSE,LCM: Quyết định hủy niêm yết cổ phiếu,False
4066.0,LDG,CTCP Đầu tư LDG,HOSE,Bất động sản,Bất động sản,Dịch vụ bất động sản,2015-08-11 17:00:00,,,False
2001.0,LDP,CTCP Dược Lâm Đồng (Ladophar),HNX,Chăm sóc sức khỏe,"Dược phẩm, công nghệ sinh học và khoa học sự sống",Dược phẩm,2010-07-19 17:00:00,,,False
4617.0,LDW,CTCP Cấp thoát nước Lâm Đồng,UPCOM,Tiện ích,Tiện ích,Nước,2018-03-15 17:00:00,,,False
1618.0,LEC,CTCP Bất động sản Điện lực Miền Trung,UPCOM,Tiêu dùng không thiết yếu,Thời trang và hàng lâu bền,Hàng tiêu dùng lâu bền,2025-05-12 17:00:00,HOSE,LEC: Quyết định về việc hủy niêm yết cổ phiếu,False
4616.0,LG9,CTCP Cơ giới và Xây lắp Số 9,UPCOM,Công nghiệp,Hàng hóa công nghiệp,Kỹ thuật xây dựng,2017-12-17 17:00:00,,,False
805.0,LGC,CTCP Đầu tư Cầu đường CII,HOSE,Công nghiệp,Vận tải,Hạ tầng giao thông,2006-12-26 17:00:00,,,False
1831.0,LGL,CTCP Đầu tư và Phát triển Đô thị Long Giang,HOSE,Bất động sản,Bất động sản,Bất động sản đa dạng,2009-10-07 17:00:00,,,False
1881.0,LHC,CTCP Đầu tư và Xây dựng Thủy lợi Lâm Đồng,HNX,Công nghiệp,Hàng hóa công nghiệp,Kỹ thuật xây dựng,2010-01-12 17:00:00,,,False
1314.0,LHG,CTCP Long Hậu,HOSE,Bất động sản,Bất động sản,Quản lý và phát triển bất động sản,2010-03-22 17:00:00,,,False
4015.0,LIC,Tổng Công ty LICOGI - CTCP,UPCOM,Nguyên vật liệu,Nguyên vật liệu,Vật liệu xây dựng,2017-06-04 17:00:00,,,False
2341.0,LIG,CTCP Licogi 13,HNX,Công nghiệp,Hàng hóa công nghiệp,Kỹ thuật xây dựng,2010-04-21 17:00:00,,,False
1868.0,LIX,CTCP Bột Giặt Lix,HOSE,Tiêu dùng thiết yếu,Sản phẩm chăm sóc cá nhân và gia đình,Sản phẩm chăm sóc gia đình,2009-12-09 17:00:00,,,False
1639.0,LKW,CTCP Cấp nước Long Khánh,UPCOM,Tiện ích,Tiện ích,Nước,2012-07-03 17:00:00,,,False
4182.0,LLM,Tổng Công ty Lắp máy Việt Nam - CTCP,UPCOM,Công nghiệp,Hàng hóa công nghiệp,Kỹ thuật xây dựng,2017-08-15 17:00:00,,,False
1521.0,LM3,CTCP Lilama 3,UPCOM,Công nghiệp,Hàng hóa công nghiệp,Kỹ thuật xây dựng,2009-11-30 17:00:00,HNX,"LM3: Ngày 15/05/2015, ngày hủy niêm yết cổ phiếu của CTCP Lilama 3",False
2456.0,LM7,CTCP Lilama 7,UPCOM,Công nghiệp,Hàng hóa công nghiệp,Kỹ thuật xây dựng,2023-05-30 17:00:00,HNX,"LM7: Ngày 19/05/2023, ngày hủy niêm yết cổ phiếu của CTCP Lilama 7",False
1509.0,LM8,CTCP Lilama 18,HOSE,Công nghiệp,Hàng hóa công nghiệp,Kỹ thuật xây dựng,2010-11-14 17:00:00,,,False
4554.0,LMC,CTCP LUMI Holdings,UPCOM,Nguyên vật liệu,Nguyên vật liệu,Vật liệu xây dựng,2017-09-20 17:00:00,,,False
4677.0,LMH,CTCP Quốc Tế Holding,UPCOM,Tiêu dùng không thiết yếu,Thương mại hàng không thiết yếu,Nhà phân phối,2020-06-28 17:00:00,HOSE,LMH: Thông báo về việc hủy niêm yết cổ phiếu,False
3089.0,LMI,CTCP Đầu tư Xây dựng Lắp máy IDICO,UPCOM,Công nghiệp,Hàng hóa công nghiệp,Kỹ thuật xây dựng,2017-07-19 17:00:00,,,False
4507.0,LNC,CTCP Lệ Ninh,UPCOM,Nguyên vật liệu,Nguyên vật liệu,Gỗ và giấy,2019-07-03 17:00:00,,,False
1865.0,LO5,CTCP Lilama 5,UPCOM,Công nghiệp,Hàng hóa công nghiệp,Kỹ thuật xây dựng,2021-05-12 17:00:00,HNX,"LO5: Ngày 05/05/2021, ngày hủy niêm yết cổ phiếu của CTCP Lilama 5",False
4858.0,LPT,CTCP Thương mại và Sản xuất Lập Phương Thành,UPCOM,Tiêu dùng không thiết yếu,Thương mại hàng không thiết yếu,Nhà phân phối,2021-04-07 17:00:00,,,False
3033.0,LQN,CTCP Licogi Quảng Ngãi,UPCOM,Nguyên vật liệu,Nguyên vật liệu,Vật liệu xây dựng,2016-10-31 17:00:00,,,False
2438.0,LSG,CTCP Bất động sản Sài Gòn Vina,UPCOM,Bất động sản,Bất động sản,Quản lý và phát triển bất động sản,2022-05-11 17:00:00,,,False
1036.0,LSS,CTCP Mía Đường Lam Sơn,HOSE,Tiêu dùng thiết yếu,"Thực phẩm, đồ uống và thuốc lá",Thực phẩm,2008-01-08 17:00:00,,,False
922.0,LTC,CTCP Điện nhẹ Viễn Thông,UPCOM,Công nghiệp,Hàng hóa công nghiệp,Phân phối hàng công nghiệp,2019-07-04 17:00:00,HNX,"LTC: Ngày 27/06/2019, ngày hủy niêm yết cổ phiếu của CTCP Điện nhẹ viễn thông",False
1257.0,LTG,CTCP Tập đoàn Lộc Trời,UPCOM,Tiêu dùng thiết yếu,"Thực phẩm, đồ uống và thuốc lá",Thực phẩm,2017-07-23 17:00:00,,,False
1057.0,LUT,CTCP Đầu tư Xây dựng Lương Tài,UPCOM,Công nghiệp,Hàng hóa công nghiệp,Kỹ thuật xây dựng,2023-07-02 17:00:00,HNX,"LUT: Ngày 21/06/2023, ngày hủy niêm yết cổ phiếu của CTCP Đầu tư Xây dựng Lương Tài",False
2420.0,M10,Tổng Công ty May 10 - CTCP,UPCOM,Tiêu dùng không thiết yếu,Thời trang và hàng lâu bền,Thời trang và dệt may,2018-01-09 17:00:00,,,False
3686.0,MA1,CTCP Thiết bị,UPCOM,Bất động sản,Bất động sản,Quản lý và phát triển bất động sản,2020-06-28 17:00:00,,,False
1903.0,MAC,CTCP Tập đoàn Macstar,HNX,Công nghiệp,Vận tải,Hạ tầng giao thông,2009-12-23 17:00:00,,,False
1816.0,MAS,CTCP Dịch vụ Hàng không Sân bay Đà Nẵng,HNX,Công nghiệp,Vận tải,Hạ tầng giao thông,2014-07-14 17:00:00,UPCOM,MAS: Thông báo về việc hủy đăng ký giao dịch cổ phiếu,False
4054.0,MBG,CTCP Tập đoàn MBG,HNX,Tiêu dùng không thiết yếu,Thời trang và hàng lâu bền,Hàng tiêu dùng lâu bền,2015-11-25 17:00:00,,,False
4704.0,MBN,CTCP Môi trường và Công trình đô thị Bắc Ninh,UPCOM,Công nghiệp,Dịch vụ thương mại và chuyên nghiệp,Dịch vụ và thiết bị thương mại ,2018-10-02 17:00:00,,,False
5261.0,MBT,CTCP Bất động sản cho thuê Minh Bảo Tín,UPCOM,Bất động sản,Bất động sản,Quản lý và phát triển bất động sản,2025-03-18 17:00:00,,,False
2300.0,MCC,CTCP Gạch ngói Cao cấp,HNX,Nguyên vật liệu,Nguyên vật liệu,Vật liệu xây dựng,2010-04-25 17:00:00,,,False
2705.0,MCF,CTCP Xây lắp Cơ khí và Lương thực Thực phẩm,HNX,Tiêu dùng thiết yếu,"Thực phẩm, đồ uống và thuốc lá",Thực phẩm,2011-02-13 17:00:00,,,False
1823.0,MCG,CTCP Năng lượng và Bất động sản MCG,UPCOM,Công nghiệp,Hàng hóa công nghiệp,Kỹ thuật xây dựng,2023-05-22 17:00:00,HOSE,MCG: Quyết định hủy niêm yết cổ phiếu,False
1519.0,MCH,CTCP Hàng tiêu dùng Masan,HOSE,Tiêu dùng thiết yếu,"Thực phẩm, đồ uống và thuốc lá",Thực phẩm,2025-12-24 17:00:00,UPCOM,"MCH: Ngày 18/12/2025, ngày hủy ĐKGD cổ phiếu của CTCP Hàng tiêu dùng Masan",False
4772.0,MCM,CTCP Giống Bò sữa Mộc Châu,HOSE,Tiêu dùng thiết yếu,"Thực phẩm, đồ uống và thuốc lá",Thực phẩm,2020-12-17 17:00:00,UPCOM,"MCM: Ngày 14/06/2024, ngày hủy ĐKGD cổ phiếu của CTCP Giống bò sữa Mộc Châu",False
1081.0,MCO,CTCP Đầu tư và Xây dựng BDC Việt Nam,HNX,Công nghiệp,Hàng hóa công nghiệp,Kỹ thuật xây dựng,2006-12-20 17:00:00,,,False
806.0,MCP,CTCP In và Bao bì Mỹ Châu,HOSE,Nguyên vật liệu,Nguyên vật liệu,Bao bì và vật chứa,2006-12-27 17:00:00,,,False
4634.0,MDA,CTCP Môi trường Đô thị Đông Anh,UPCOM,Công nghiệp,Dịch vụ thương mại và chuyên nghiệp,Dịch vụ và thiết bị thương mại ,2018-01-09 17:00:00,,,False
1801.0,MDC,CTCP Than Mông Dương - Vinacomin,HNX,Năng lượng,Năng lượng,Dầu khí,2009-07-22 17:00:00,,,False
1597.0,MDF,CTCP Gỗ MDF VRG - Quảng Trị,UPCOM,Nguyên vật liệu,Nguyên vật liệu,Gỗ và giấy,2011-02-24 17:00:00,,,False
2240.0,MDG,CTCP Miền Đông,HOSE,Nguyên vật liệu,Nguyên vật liệu,Vật liệu xây dựng,2011-01-11 17:00:00,,,False
924.0,MEC,CTCP Cơ khí - Lắp máy Sông Đà,UPCOM,Công nghiệp,Hàng hóa công nghiệp,Kỹ thuật xây dựng,2020-06-01 17:00:00,HNX,"MEC: Ngày 26/05/2020, ngày hủy niêm yết cổ phiếu của CTCP Cơ khí - Lắp máy Sông Đà",False
2365.0,MED,CTCP Dược Trung ương Mediplantex,HNX,Chăm sóc sức khỏe,"Dược phẩm, công nghệ sinh học và khoa học sự sống",Dược phẩm,2020-03-17 17:00:00,,,False
1272.0,MEF,CTCP MEINFA,UPCOM,Tiêu dùng không thiết yếu,Thời trang và hàng lâu bền,Hàng tiêu dùng lâu bền,2011-11-29 17:00:00,,,False
4518.0,MEL,CTCP Thép Mê Lin,HNX,Nguyên vật liệu,Nguyên vật liệu,Khai khoáng và luyện kim,2017-09-26 17:00:00,,,False
4157.0,MES,CTCP Cơ điện Công trình,UPCOM,Công nghiệp,Hàng hóa công nghiệp,Kỹ thuật xây dựng,2016-12-11 17:00:00,,,False
3874.0,MFS,CTCP Dịch vụ Kỹ thuật Mobifone,UPCOM,Dịch vụ truyền thông,Dịch vụ viễn thông,Dịch vụ viễn thông không dây,2019-04-15 17:00:00,,,False
4170.0,MGC,CTCP Địa chất mỏ - TKV,UPCOM,Năng lượng,Năng lượng,Dầu khí,2016-06-08 17:00:00,,,False
2233.0,MGG,Tổng Công ty Đức Giang - CTCP,UPCOM,Tiêu dùng không thiết yếu,Thời trang và hàng lâu bền,Thời trang và dệt may,2017-11-05 17:00:00,,,False
4898.0,MGR,CTCP Tập đoàn MGROUP,UPCOM,Bất động sản,Bất động sản,Dịch vụ bất động sản,2022-04-27 17:00:00,,,False
3347.0,MH3,CTCP Khu Công nghiệp Cao su Bình Long,UPCOM,Bất động sản,Bất động sản,Quản lý và phát triển bất động sản,2017-03-05 17:00:00,,,False
618.0,MHC,CTCP MHC,HOSE,Công nghiệp,Dịch vụ thương mại và chuyên nghiệp,Dịch vụ chuyên nghiệp,2005-03-20 17:00:00,,,False
1867.0,MHL,CTCP Minh Hữu Liên,UPCOM,Nguyên vật liệu,Nguyên vật liệu,Khai khoáng và luyện kim,2009-11-25 17:00:00,HNX,"MHL: Ngày 11/09/2024, Quyết định hủy niêm yết cổ phiếu bắt buộc của CTCP Minh Hữu Liên",False
1067.0,MIC,CTCP Kỹ nghệ Khoáng sản Quảng Nam,HNX,Nguyên vật liệu,Nguyên vật liệu,Vật liệu xây dựng,2025-03-18 17:00:00,HNX,"MIC: Ngày 23/06/2014, ngày hủy niêm yết cổ phiếu của CTCP Kỹ nghệ khoáng sản Quảng Nam",False
4398.0,MIE,Tổng Công ty Máy và Thiết bị Công nghiệp - CTCP,UPCOM,Công nghiệp,Hàng hóa công nghiệp,Máy móc công nghiệp,2017-12-14 17:00:00,,,False
1548.0,MKP,CTCP Hoá - Dược phẩm Mekophar,UPCOM,Chăm sóc sức khỏe,"Dược phẩm, công nghệ sinh học và khoa học sự sống",Dược phẩm,2018-01-28 17:00:00,HOSE,MKP: Hủy niêm yết đối với cổ phiếu ,False
1441.0,MKV,CTCP Dược thú Y Cai Lậy,HNX,Chăm sóc sức khỏe,"Dược phẩm, công nghệ sinh học và khoa học sự sống",Dược phẩm,2008-11-20 17:00:00,,,False
4503.0,MLC,CTCP Môi trường Đô thị Tỉnh Lào Cai,UPCOM,Công nghiệp,Dịch vụ thương mại và chuyên nghiệp,Dịch vụ và thiết bị thương mại ,2017-05-22 17:00:00,,,False
4379.0,MLS,CTCP Chăn nuôi - Mitraco,UPCOM,Tiêu dùng thiết yếu,"Thực phẩm, đồ uống và thuốc lá",Thực phẩm,2018-06-14 17:00:00,HNX,"MLS: Ngày 08/06/2018, ngày hủy niêm yết cổ phiếu của CTCP Chăn nuôi - Mitraco",False
4771.0,MML,CTCP Masan MeatLife,UPCOM,Tiêu dùng thiết yếu,"Thực phẩm, đồ uống và thuốc lá",Thực phẩm,2019-12-08 17:00:00,,,False
1335.0,MNB,Tổng Công ty May Nhà Bè - CTCP,UPCOM,Tiêu dùng không thiết yếu,Thời trang và hàng lâu bền,Thời trang và dệt may,2018-04-23 17:00:00,,,False
4536.0,MND,CTCP Môi trường Nam Định,UPCOM,Công nghiệp,Dịch vụ thương mại và chuyên nghiệp,Dịch vụ và thiết bị thương mại ,2017-08-10 17:00:00,,,False
925.0,MPC,CTCP Tập đoàn Thủy sản Minh Phú,UPCOM,Tiêu dùng thiết yếu,"Thực phẩm, đồ uống và thuốc lá",Thực phẩm,2017-10-15 17:00:00,HOSE,MPC: Quyết định hủy niêm yết cổ phiếu,False
4119.0,MPT,CTCP Tập đoàn MPT,UPCOM,Tiêu dùng không thiết yếu,Thời trang và hàng lâu bền,Thời trang và dệt may,2021-06-01 17:00:00,HNX,"MPT: Ngày 25/05/2021, ngày hủy niêm yết cổ phiếu của CTCP Tập đoàn Trường Tiền",False
4497.0,MPY,CTCP Môi trường Đô thị Phú Yên,UPCOM,Công nghiệp,Dịch vụ thương mại và chuyên nghiệp,Dịch vụ và thiết bị thương mại ,2017-05-14 17:00:00,,,False
4588.0,MQB,CTCP Môi trường và Phát triển Đô thị Quảng Bình,UPCOM,Công nghiệp,Dịch vụ thương mại và chuyên nghiệp,Dịch vụ và thiết bị thương mại ,2017-11-07 17:00:00,,,False
4689.0,MQN,CTCP Môi trường đô thị Quảng Ngãi,UPCOM,Công nghiệp,Dịch vụ thương mại và chuyên nghiệp,Dịch vụ và thiết bị thương mại ,2018-06-21 17:00:00,,,False
2119.0,MRF,CTCP Merufa,UPCOM,Chăm sóc sức khỏe,Thiết bị và dịch vụ chăm sóc sức khỏe,Thiết bị và vật tư chăm sóc sức khỏe,2017-12-11 17:00:00,,,False
1611.0,MSH,CTCP May Sông Hồng,HOSE,Tiêu dùng không thiết yếu,Thời trang và hàng lâu bền,Thời trang và dệt may,2018-11-27 17:00:00,,,False
1858.0,MSN,CTCP Tập đoàn Masan,HOSE,Tiêu dùng thiết yếu,"Thực phẩm, đồ uống và thuốc lá",Thực phẩm,2009-11-04 17:00:00,,,False
4140.0,MSR,CTCP Masan High-Tech Materials,UPCOM,Nguyên vật liệu,Nguyên vật liệu,Khai khoáng và luyện kim,2015-09-16 17:00:00,,,False
4279.0,MST,CTCP Đầu tư MST,HNX,Công nghiệp,Hàng hóa công nghiệp,Kỹ thuật xây dựng,2016-05-09 17:00:00,,,False
3622.0,MTA,Tổng Công ty Khoáng sản và Thương mại Hà Tĩnh - CTCP,UPCOM,Nguyên vật liệu,Nguyên vật liệu,Vật liệu xây dựng,2015-10-20 17:00:00,,,False
4845.0,MTB,CTCP Môi trường và Công trình Đô thị Thái Bình,UPCOM,Công nghiệp,Dịch vụ thương mại và chuyên nghiệp,Dịch vụ và thiết bị thương mại ,2020-12-09 17:00:00,,,False
1461.0,MTG,CTCP MT Gas,UPCOM,Tiện ích,Tiện ích,Gas sinh hoạt,2009-01-14 17:00:00,HOSE,MTG: Hủy niêm yết đối với cổ phiếu MTG ,False
2388.0,MTH,CTCP Môi trường Đô thị Hà Đông,UPCOM,Công nghiệp,Dịch vụ thương mại và chuyên nghiệp,Dịch vụ và thiết bị thương mại ,2011-02-09 17:00:00,,,False
3881.0,MTL,CTCP Dịch vụ Môi trường Đô thị Từ Liêm,UPCOM,Công nghiệp,Dịch vụ thương mại và chuyên nghiệp,Dịch vụ và thiết bị thương mại ,2016-05-09 17:00:00,,,False
2683.0,MTP,CTCP Dược Medipharco,UPCOM,Chăm sóc sức khỏe,"Dược phẩm, công nghệ sinh học và khoa học sự sống",Dược phẩm,2010-09-22 17:00:00,,,False
3661.0,MTS,CTCP Vật tư - TKV,UPCOM,Tiêu dùng không thiết yếu,Thương mại hàng không thiết yếu,Nhà phân phối,2017-04-27 17:00:00,,,False
4539.0,MTV,CTCP Dịch vụ Môi trường và Công trình Đô thị Vũng Tàu,UPCOM,Công nghiệp,Dịch vụ thương mại và chuyên nghiệp,Dịch vụ và thiết bị thương mại ,2017-08-15 17:00:00,,,False
4070.0,MVB,Tổng Công ty Công nghiệp mỏ Việt Bắc TKV - CTCP,HNX,Năng lượng,Năng lượng,Dầu khí,2020-10-27 17:00:00,UPCOM,"MVB: Ngày 19/10/2020, ngày hủy ĐKGD cổ phiếu của Tổng công ty Công nghiệp mỏ Việt Bắc TKV - CTCP",False
4213.0,MVC,CTCP Vật liệu và Xây dựng Bình Dương,UPCOM,Nguyên vật liệu,Nguyên vật liệu,Vật liệu xây dựng,2017-03-21 17:00:00,,,False
4708.0,MVN,Tổng Công ty Hàng hải Việt Nam - CTCP,UPCOM,Công nghiệp,Vận tải,Hạ tầng giao thông,2018-10-07 17:00:00,,,False
3362.0,MWG,CTCP Đầu tư Thế giới Di động,HOSE,Tiêu dùng không thiết yếu,Thương mại hàng không thiết yếu,Bán lẻ chuyên doanh,2014-07-13 17:00:00,,,False
5703.0,MZG,CTCP Miza,HOSE,Nguyên vật liệu,Nguyên vật liệu,Gỗ và giấy,2026-07-01 17:00:00,UPCOM,"MZG: Ngày 22/06/2026, ngày hủy ĐKGD cổ phiếu của CTCP Miza",False
2278.0,NAC,CTCP Tư vấn Xây dựng Tổng hợp,UPCOM,Công nghiệp,Dịch vụ thương mại và chuyên nghiệp,Dịch vụ chuyên nghiệp,2017-03-20 17:00:00,,,False
4162.0,NAF,CTCP Nafoods Group,HOSE,Tiêu dùng thiết yếu,"Thực phẩm, đồ uống và thuốc lá",Thực phẩm,2015-10-06 17:00:00,,,False
1822.0,NAG,CTCP Tập đoàn Nagakawa,HNX,Tiêu dùng không thiết yếu,Thời trang và hàng lâu bền,Hàng tiêu dùng lâu bền,2009-09-21 17:00:00,,,False
3873.0,NAP,CTCP Cảng Nghệ Tĩnh,HNX,Công nghiệp,Vận tải,Hạ tầng giao thông,2018-03-26 17:00:00,UPCOM,"NAP: Ngày 21/03/2018, ngày hủy ĐKGD cổ phiếu của Công ty Cổ phần Cảng Nghệ Tĩnh",False
1668.0,NAS,CTCP Dịch vụ Hàng không Sân bay Việt Nam,UPCOM,Công nghiệp,Vận tải,Hạ tầng giao thông,2017-01-24 17:00:00,,,False
4204.0,NAU,CTCP Môi trường và Công trình Đô thị Nghệ An,UPCOM,Công nghiệp,Dịch vụ thương mại và chuyên nghiệp,Dịch vụ và thiết bị thương mại ,2018-06-28 17:00:00,,,False
808.0,NAV,CTCP Nam Việt,HOSE,Tiêu dùng không thiết yếu,Thời trang và hàng lâu bền,Hàng tiêu dùng lâu bền,2006-12-21 17:00:00,,,False
4203.0,NAW,CTCP Cấp nước Nghệ An,UPCOM,Tiện ích,Tiện ích,Nước,2017-08-03 17:00:00,,,False
1469.0,NBB,CTCP Đầu tư Năm Bảy Bảy,HOSE,Bất động sản,Bất động sản,Quản lý và phát triển bất động sản,2009-02-17 17:00:00,,,False
927.0,NBC,CTCP Than Núi Béo - Vinacomin,HNX,Năng lượng,Năng lượng,Dầu khí,2006-12-26 17:00:00,,,False
2764.0,NBE,CTCP Sách và Thiết bị Giáo dục Miền Bắc,UPCOM,Dịch vụ truyền thông,Truyền thông và giải trí,Truyền thông,2017-08-20 17:00:00,,,False
1802.0,NBP,CTCP Nhiệt điện Ninh Bình,HNX,Tiện ích,Tiện ích,Điện,2009-08-05 17:00:00,,,False
4129.0,NBT,CTCP Cấp thoát nước Bến Tre,UPCOM,Tiện ích,Tiện ích,Nước,2016-05-31 17:00:00,,,False
2053.0,NBW,CTCP Cấp nước Nhà Bè,HNX,Tiện ích,Tiện ích,Nước,2017-11-13 17:00:00,UPCOM,"NBW: Ngày 09/11/2017, ngày hủy ĐKGD cổ phiếu của CTCP Cấp nước Nhà Bè",False
4895.0,NCG,CTCP Đầu tư Anova Agri,UPCOM,Tiêu dùng thiết yếu,"Thực phẩm, đồ uống và thuốc lá",Thực phẩm,2023-11-08 17:00:00,,,False
1923.0,NCS,CTCP Suất ăn Hàng không Nội Bài,UPCOM,Công nghiệp,Vận tải,Hạ tầng giao thông,2015-12-01 17:00:00,,,False
2186.0,NCT,CTCP Dịch vụ Hàng hóa Nội Bài,HOSE,Công nghiệp,Vận tải,Hạ tầng giao thông,2015-01-07 17:00:00,,,False
1777.0,ND2,CTCP Đầu tư và Phát triển Điện Miền Bắc 2,UPCOM,Tiện ích,Tiện ích,Phát điện độc lập và điện tái tạo,2010-07-21 17:00:00,,,False
2274.0,NDC,CTCP Nam Dược,UPCOM,Chăm sóc sức khỏe,"Dược phẩm, công nghệ sinh học và khoa học sự sống",Dược phẩm,2010-03-10 17:00:00,,,False
3736.0,NDF,CTCP Chế biến Thực phẩm Nông sản xuất khẩu Nam Định,UPCOM,Tiêu dùng thiết yếu,"Thực phẩm, đồ uống và thuốc lá",Thực phẩm,2019-11-17 17:00:00,HNX,"NDF: Ngày 11/11/2019, ngày hủy niêm yết cổ phiếu của CTCP Chế biến thực phẩm nông sản xuất khẩu Nam Định",False
2712.0,NDN,CTCP Đầu tư Phát triển Nhà Đà Nẵng,HNX,Bất động sản,Bất động sản,Quản lý và phát triển bất động sản,2011-04-20 17:00:00,,,False
1655.0,NDP,CTCP Dược phẩm 2/9,UPCOM,Chăm sóc sức khỏe,"Dược phẩm, công nghệ sinh học và khoa học sự sống",Dược phẩm,2015-11-19 17:00:00,,,False
4198.0,NDT,Tổng Công ty cổ phần Dệt May Nam Định,UPCOM,Tiêu dùng không thiết yếu,Thời trang và hàng lâu bền,Thời trang và dệt may,2018-09-10 17:00:00,,,False
4742.0,NDW,CTCP Cấp nước Nam Định,UPCOM,Tiện ích,Tiện ích,Nước,2019-06-10 17:00:00,,,False
3572.0,NDX,CTCP Xây lắp Phát triển Nhà Đà Nẵng,HNX,Công nghiệp,Hàng hóa công nghiệp,Kỹ thuật xây dựng,2013-07-16 17:00:00,,,False
2405.0,NED,CTCP Đầu tư và Phát triển Điện Tây Bắc,UPCOM,Tiện ích,Tiện ích,Phát điện độc lập và điện tái tạo,2017-08-17 17:00:00,,,False
1242.0,NET,CTCP Bột giặt NET,HNX,Tiêu dùng thiết yếu,Sản phẩm chăm sóc cá nhân và gia đình,Sản phẩm chăm sóc gia đình,2010-09-14 17:00:00,,,False
2307.0,NFC,CTCP Phân lân Ninh Bình,HNX,Nguyên vật liệu,Nguyên vật liệu,Hóa chất,2014-03-02 17:00:00,,,False
1082.0,NGC,CTCP Chế biến Thủy sản xuất khẩu Ngô Quyền,UPCOM,Tiêu dùng thiết yếu,"Thực phẩm, đồ uống và thuốc lá",Thực phẩm,2021-05-30 17:00:00,HNX,"NGC: Ngày 21/05/2021, ngày hủy niêm yết cổ phiếu của CTCP Chế biến Thủy sản xuất khẩu Ngô Quyền",False
2614.0,NHA,Tổng Công ty Đầu tư Phát triển Nhà và Đô thị Nam Hà Nội,HOSE,Bất động sản,Bất động sản,Quản lý và phát triển bất động sản,2021-01-20 17:00:00,HNX,"NHA: Ngày 13/01/2021, ngày hủy niêm yết cổ phiếu của Tổng công ty Đầu tư Phát triển Nhà và đô thị Nam Hà Nội",False
754.0,NHC,CTCP Gạch ngói Nhị Hiệp,HNX,Nguyên vật liệu,Nguyên vật liệu,Vật liệu xây dựng,2009-06-16 17:00:00,,,False
1657.0,NHD,CTCP Dược phẩm Nam Hà,UPCOM,Chăm sóc sức khỏe,"Dược phẩm, công nghệ sinh học và khoa học sự sống",Dược phẩm,2026-06-04 17:00:00,,,False
4549.0,NHH,CTCP Nhựa Hà Nội,HOSE,Nguyên vật liệu,Nguyên vật liệu,Hóa chất,2019-12-11 17:00:00,UPCOM,"NHH: Ngày 05/12/2019, ngày hủy ĐKGD cổ phiếu của CTCP Nhựa Hà Nội",False
3028.0,NHT,CTCP Sản xuất và Thương mại Nam Hoa,HOSE,Nguyên vật liệu,Nguyên vật liệu,Gỗ và giấy,2021-11-09 17:00:00,UPCOM,"NHT: Ngày 29/10/2021, ngày hủy ĐKGD cổ phiếu của CTCP Sản xuất và Thương mại Nam Hoa",False
4193.0,NHV,CTCP Sức Khỏe Hồi Sinh Việt Nam,UPCOM,Công nghiệp,Dịch vụ thương mại và chuyên nghiệp,Dịch vụ chuyên nghiệp,2017-06-13 17:00:00,,,False
4837.0,NJC,CTCP May Nam Định,UPCOM,Tiêu dùng không thiết yếu,Thời trang và hàng lâu bền,Thời trang và dệt may,2020-12-22 17:00:00,,,False
2684.0,NKG,CTCP Thép Nam Kim,HOSE,Nguyên vật liệu,Nguyên vật liệu,Khai khoáng và luyện kim,2011-01-13 17:00:00,,,False
1385.0,NLG,CTCP Đầu tư Nam Long,HOSE,Bất động sản,Bất động sản,Quản lý và phát triển bất động sản,2013-04-07 17:00:00,,,False
4359.0,NLS,CTCP Cấp thoát nước Lạng Sơn,UPCOM,Tiện ích,Tiện ích,Nước,2016-07-28 17:00:00,,,False
1821.0,NNC,CTCP Đá Núi Nhỏ,HOSE,Nguyên vật liệu,Nguyên vật liệu,Vật liệu xây dựng,2010-06-22 17:00:00,,,False
2604.0,NNT,CTCP Cấp nước Ninh Thuận,UPCOM,Tiện ích,Tiện ích,Nước,2012-06-21 17:00:00,,,False
4894.0,NO1,CTCP Tập đoàn 911,HOSE,Công nghiệp,Hàng hóa công nghiệp,Phân phối hàng công nghiệp,2022-11-27 17:00:00,,,False
1497.0,NOS,CTCP Vận tải biển và Thương mại Phương Đông,UPCOM,Công nghiệp,Vận tải,Vận tải biển,2011-01-10 17:00:00,,,False
3840.0,NQB,CTCP Cấp nước Quảng Bình,UPCOM,Tiện ích,Tiện ích,Nước,2015-07-15 17:00:00,,,False
4688.0,NQN,CTCP Nước sạch Quảng Ninh,UPCOM,Tiện ích,Tiện ích,Nước,2018-06-14 17:00:00,,,False
4663.0,NRC,CTCP Tập đoàn Bất động sản Quốc gia,HNX,Bất động sản,Bất động sản,Dịch vụ bất động sản,2018-04-04 17:00:00,,,False
809.0,NSC,CTCP Tập đoàn Giống cây trồng Việt Nam,HOSE,Tiêu dùng thiết yếu,"Thực phẩm, đồ uống và thuốc lá",Thực phẩm,2006-12-20 17:00:00,,,False
3220.0,NSG,CTCP Nhựa Sài Gòn,UPCOM,Nguyên vật liệu,Nguyên vật liệu,Hóa chất,2016-05-18 17:00:00,,,False
2413.0,NSH,CTCP Tập Đoàn Nhôm Sông Hồng Shalumi,HNX,Nguyên vật liệu,Nguyên vật liệu,Khai khoáng và luyện kim,2017-07-30 17:00:00,,,False
4750.0,NSL,CTCP Cấp nước Sơn La,UPCOM,Tiện ích,Tiện ích,Nước,2019-07-21 17:00:00,,,False
4714.0,NSS,CTCP Nông Súc Sản Đồng Nai,UPCOM,Tiêu dùng thiết yếu,"Thực phẩm, đồ uống và thuốc lá",Thực phẩm,2018-10-29 17:00:00,,,False
930.0,NST,CTCP Ngân Sơn,HNX,Tiêu dùng thiết yếu,"Thực phẩm, đồ uống và thuốc lá",Thuốc lá,2006-12-28 17:00:00,,,False
2348.0,NT2,CTCP Điện lực Dầu khí Nhơn Trạch 2,HOSE,Tiện ích,Tiện ích,Điện,2015-06-11 17:00:00,,,False
2716.0,NTC,CTCP Khu Công nghiệp Nam Tân Uyên,HOSE,Bất động sản,Bất động sản,Quản lý và phát triển bất động sản,2025-10-27 17:00:00,UPCOM,"NTC: Ngày 16/10/2025, ngày hủy ĐKGD cổ phiếu của CTCP Khu Công nghiệp Nam Tân Uyên",False
2443.0,NTF,CTCP Dược - Vật tư Y tế Nghệ An,UPCOM,Chăm sóc sức khỏe,"Dược phẩm, công nghệ sinh học và khoa học sự sống",Dược phẩm,2019-07-03 17:00:00,,,False
4740.0,NTH,CTCP Thủy điện Nước Trong,HNX,Tiện ích,Tiện ích,Phát điện độc lập và điện tái tạo,2019-06-18 17:00:00,,,False
1022.0,NTL,CTCP Phát triển Đô thị Từ Liêm,HOSE,Bất động sản,Bất động sản,Quản lý và phát triển bất động sản,2007-12-20 17:00:00,,,False
931.0,NTP,CTCP Nhựa Thiếu niên Tiền Phong,HNX,Nguyên vật liệu,Nguyên vật liệu,Hóa chất,2006-12-10 17:00:00,,,False
2283.0,NTT,CTCP Dệt - May Nha Trang,UPCOM,Tiêu dùng không thiết yếu,Thời trang và hàng lâu bền,Thời trang và dệt may,2017-12-26 17:00:00,,,False
2060.0,NTW,CTCP Cấp nước Nhơn Trạch,UPCOM,Tiện ích,Tiện ích,Nước,2012-04-08 17:00:00,,,False
3839.0,NUE,CTCP Môi trường Đô thị Nha Trang,UPCOM,Công nghiệp,Dịch vụ thương mại và chuyên nghiệp,Dịch vụ và thiết bị thương mại ,2017-02-19 17:00:00,,,False
4046.0,NVL,CTCP Tập đoàn Đầu tư Địa ốc No Va ,HOSE,Bất động sản,Bất động sản,Quản lý và phát triển bất động sản,2016-12-27 17:00:00,,,False
4226.0,NVP,CTCP Nước sạch Vĩnh Phúc,UPCOM,Tiện ích,Tiện ích,Nước,2016-12-14 17:00:00,,,False
2347.0,NVT,CTCP Bất động sản Du lịch Ninh Vân Bay,HOSE,Tiêu dùng không thiết yếu,Dịch vụ tiêu dùng,"Khách sạn, nhà hàng và giải trí",2010-05-06 17:00:00,,,False
3997.0,NWT,CTCP Vận tải Newway,UPCOM,Công nghiệp,Vận tải,Vận tải mặt đất,2016-03-29 17:00:00,,,False
4883.0,NXT,CTCP Sản xuất và Cung ứng Vật liệu Xây dựng Kon Tum,UPCOM,Nguyên vật liệu,Nguyên vật liệu,Vật liệu xây dựng,2021-12-08 17:00:00,,,False
2695.0,OCH,CTCP One Capital Hospitality,HNX,Tiêu dùng thiết yếu,"Thực phẩm, đồ uống và thuốc lá",Thực phẩm,2010-09-30 17:00:00,,,False
4889.0,ODE,CTCP Tập đoàn Truyền thông và Giải trí ODE,UPCOM,Dịch vụ truyền thông,Truyền thông và giải trí,Truyền thông,2022-01-09 17:00:00,,,False
2545.0,OGC,CTCP Tập đoàn Đại Dương,HOSE,Tiêu dùng thiết yếu,"Thực phẩm, đồ uống và thuốc lá",Thực phẩm,2010-05-03 17:00:00,,,False
4565.0,OIL,Tổng Công ty Dầu Việt Nam - CTCP,UPCOM,Năng lượng,Năng lượng,Dầu khí,2018-03-06 17:00:00,,,False
1189.0,ONE,CTCP Công nghệ One,HNX,Dịch vụ truyền thông,Dịch vụ viễn thông,Dịch vụ viễn thông đa dạng,2008-06-23 17:00:00,,,False
4454.0,ONW,CTCP Tập đoàn ONW,UPCOM,Dịch vụ truyền thông,Truyền thông và giải trí,Giải trí,2017-02-16 17:00:00,,,False
1258.0,OPC,CTCP Dược phẩm OPC,HOSE,Chăm sóc sức khỏe,"Dược phẩm, công nghệ sinh học và khoa học sự sống",Dược phẩm,2008-10-29 17:00:00,,,False
740.0,PAC,CTCP Pin Ắc quy Miền Nam,HOSE,Công nghiệp,Hàng hóa công nghiệp,Thiết bị điện,2006-12-11 17:00:00,,,False
4442.0,PAI,CTCP Công nghệ thông tin Viễn thông và Tự động hóa Dầu Khí,UPCOM,Công nghệ thông tin,Phần mềm và dịch vụ,Dịch vụ CNTT,2017-01-22 17:00:00,,,False
932.0,PAN,CTCP Tập đoàn PAN,HOSE,Tiêu dùng thiết yếu,"Thực phẩm, đồ uống và thuốc lá",Thực phẩm,2010-12-14 17:00:00,,,False
2671.0,PAP,CTCP Dầu khí Đầu tư Khai thác Cảng Phước An,UPCOM,Công nghiệp,Vận tải,Hạ tầng giao thông,2021-07-13 17:00:00,,,False
4729.0,PAS,CTCP Quốc tế Phương Anh,UPCOM,Nguyên vật liệu,Nguyên vật liệu,Khai khoáng và luyện kim,2020-09-20 17:00:00,,,False
4901.0,PAT,CTCP Phốt Pho Apatit Việt Nam,UPCOM,Nguyên vật liệu,Nguyên vật liệu,Hóa chất,2022-06-16 17:00:00,,,False
2429.0,PBC,CTCP Dược phẩm Trung ương I - Pharbaco,UPCOM,Chăm sóc sức khỏe,"Dược phẩm, công nghệ sinh học và khoa học sự sống",Dược phẩm,2019-11-25 17:00:00,,,False
3752.0,PBP,CTCP Bao bì Dầu khí Việt Nam,HNX,Nguyên vật liệu,Nguyên vật liệu,Bao bì và vật chứa,2015-01-26 17:00:00,,,False
4339.0,PBT,CTCP Bao bì và Thương mại dầu khí Bình Sơn,UPCOM,Nguyên vật liệu,Nguyên vật liệu,Hóa chất,2019-01-17 17:00:00,,,False
2858.0,PC1,CTCP Tập Đoàn PC1,HOSE,Công nghiệp,Hàng hóa công nghiệp,Kỹ thuật xây dựng,2016-11-15 17:00:00,,,False
2130.0,PCC,CTCP Tập đoàn Xây lắp 1 - Petrolimex,UPCOM,Nguyên vật liệu,Nguyên vật liệu,Vật liệu xây dựng,2017-11-13 17:00:00,,,False
4090.0,PCE,CTCP Phân bón và Hóa chất Dầu khí Miền Trung,HNX,Nguyên vật liệu,Nguyên vật liệu,Hóa chất,2015-07-22 17:00:00,,,False
1628.0,PCF,CTCP Cà phê PETEC,UPCOM,Năng lượng,Năng lượng,Dầu khí,2017-03-28 17:00:00,,,False
2483.0,PCG,CTCP Đầu tư Phát triển Gas Đô thị,UPCOM,Tiện ích,Tiện ích,Gas sinh hoạt,2025-07-09 17:00:00,HNX,"PCG: Ngày 27/06/2025, Thông báo về việc hủy bỏ niêm yết cổ phiếu bắt buộc của Công ty Cổ phần Đầu tư Phát triển Gas Đô thị",False
4893.0,PCH,CTCP Nhựa Picomat,HNX,Nguyên vật liệu,Nguyên vật liệu,Hóa chất,2022-07-27 17:00:00,,,False
4535.0,PCM,CTCP Vật liệu Xây dựng Bưu điện,UPCOM,Nguyên vật liệu,Nguyên vật liệu,Hóa chất,2017-08-09 17:00:00,,,False
2668.0,PCT,CTCP Vận tải biển Global Pacific,HNX,Công nghiệp,Vận tải,Vận tải biển,2011-09-11 17:00:00,,,False
4020.0,PDB,CTCP Tập đoàn Đầu tư Din Capital,HNX,Nguyên vật liệu,Nguyên vật liệu,Vật liệu xây dựng,2015-08-02 17:00:00,,,False
1828.0,PDC,CTCP Du lịch Dầu khí Phương Đông,UPCOM,Tiêu dùng không thiết yếu,Dịch vụ tiêu dùng,"Khách sạn, nhà hàng và giải trí",2022-08-07 17:00:00,HNX,"PDC: Ngày 29/07/2022, ngày hủy niêm yết cổ phiếu của CTCP Du lịch Dầu khí Phương Đông",False
2074.0,PDN,CTCP Cảng Đồng Nai,HOSE,Công nghiệp,Vận tải,Hạ tầng giao thông,2011-10-25 17:00:00,,,False
2619.0,PDR,CTCP Phát triển Bất động sản Phát Đạt,HOSE,Bất động sản,Bất động sản,Quản lý và phát triển bất động sản,2010-07-29 17:00:00,,,False
3223.0,PDV,CTCP Vận Tải Và Tiếp Vận Phương Đông Việt,HOSE,Công nghiệp,Vận tải,Vận tải biển,2025-11-18 17:00:00,UPCOM,"PDV: Ngày 06/11/2025, ngày hủy ĐKGD cổ phiếu của CTCP Vận tải và Tiếp vận Phương Đông Việt",False
4608.0,PEG,Tổng Công ty Thương mại Kỹ thuật và Đầu tư - CTCP,UPCOM,Tiêu dùng không thiết yếu,Thương mại hàng không thiết yếu,Nhà phân phối,2018-11-04 17:00:00,,,False
2160.0,PEN,CTCP Xây lắp III Petrolimex,HNX,Công nghiệp,Hàng hóa công nghiệp,Kỹ thuật xây dựng,2014-09-24 17:00:00,,,False
1724.0,PEQ,CTCP Thiết bị Xăng dầu Petrolimex,UPCOM,Năng lượng,Năng lượng,Thiết bị và dịch vụ năng lượng,2016-01-17 17:00:00,,,False
941.0,PET,Tổng Công ty cổ phần Dịch vụ Tổng hợp Dầu khí,HOSE,Tiêu dùng không thiết yếu,Thương mại hàng không thiết yếu,Bán lẻ chuyên doanh,2007-09-11 17:00:00,,,False
2509.0,PFL,CTCP Dầu khí Đông Đô,UPCOM,Công nghiệp,Hàng hóa công nghiệp,Phân phối hàng công nghiệp,2015-05-24 17:00:00,HNX,"PFL: Ngày 24/04/2015, ngày hủy niêm yết cổ phiếu của CTCP Dầu khí Đông Đô",False
810.0,PGC,Tổng Công ty Gas Petrolimex - CTCP,HOSE,Tiện ích,Tiện ích,Gas sinh hoạt,2006-11-23 17:00:00,,,False
1552.0,PGD,CTCP Phân phối khí thấp áp Dầu khí Việt Nam,HOSE,Tiện ích,Tiện ích,Gas sinh hoạt,2009-11-25 17:00:00,,,False
4736.0,PGN,CTCP Phụ Gia Nhựa,HNX,Nguyên vật liệu,Nguyên vật liệu,Hóa chất,2019-07-03 17:00:00,,,False
1068.0,PGS,CTCP Kinh doanh Khí Miền Nam,HNX,Tiện ích,Tiện ích,Gas sinh hoạt,2007-11-14 17:00:00,,,False
1487.0,PGT,CTCP PGT Holdings,HNX,Công nghiệp,Dịch vụ thương mại và chuyên nghiệp,Dịch vụ chuyên nghiệp,2009-12-24 17:00:00,,,False
4653.0,PGV,Tổng Công ty Phát điện 3 - CTCP,HOSE,Tiện ích,Tiện ích,Điện,2022-02-09 17:00:00,UPCOM,"PGV: Ngày 24/01/2022, ngày hủy ĐKGD cổ phiếu của Tổng Công ty Phát điện 3 - Công ty cổ phần",False
1863.0,PHC,CTCP Xây dựng Phục Hưng Holdings,HOSE,Công nghiệp,Hàng hóa công nghiệp,Kỹ thuật xây dựng,2018-10-02 17:00:00,HNX,"PHC: Ngày 25/09/2018, ngày hủy niêm yết cổ phiếu của CTCP Xây dựng Phục Hưng Holdings",False
2236.0,PHH,CTCP Hồng Hà Việt Nam,UPCOM,Bất động sản,Bất động sản,Quản lý và phát triển bất động sản,2015-08-30 17:00:00,HNX,"PHH: Ngày 10/08/2015, ngày hủy niêm yết cổ phiếu của CTCP Hồng Hà Việt Nam",False
1707.0,PHN,CTCP Pin Hà Nội,HNX,Công nghiệp,Hàng hóa công nghiệp,Thiết bị điện,2019-03-12 17:00:00,,,False
3781.0,PHP,CTCP Cảng Hải Phòng,UPCOM,Công nghiệp,Vận tải,Hạ tầng giao thông,2022-09-13 17:00:00,HNX,"PHP: Ngày 31/08/2022, ngày hủy niêm yết cổ phiếu của CTCP Cảng Hải Phòng",False
1549.0,PHR,CTCP Cao su Phước Hòa,HOSE,Nguyên vật liệu,Nguyên vật liệu,Hóa chất,2009-08-17 17:00:00,,,False
4072.0,PIA,CTCP Tin học Viễn thông Petrolimex,HNX,Công nghệ thông tin,Phần mềm và dịch vụ,Phần mềm,2019-09-05 17:00:00,UPCOM,"Ngày 29/08/2019, ngày hủy ĐKGD cổ phiếu của CTCP Tin học Viễn thông Petrolimex",False
2069.0,PIC,CTCP Đầu tư Điện lực 3,HNX,Tiện ích,Tiện ích,Điện,2017-01-08 17:00:00,UPCOM,"PIC: Ngày 30/12/2016, ngày hủy ĐKGD cổ phiếu của CTCP Đầu tư Điện lực 3",False
3216.0,PID,CTCP Trang Trí Nội Thất Dầu khí,UPCOM,Công nghiệp,Dịch vụ thương mại và chuyên nghiệp,Dịch vụ chuyên nghiệp,2012-11-21 17:00:00,HNX,"PID: Ngày 01/07/2015, ngày hủy niêm yết cổ phiếu của CTCP Trang trí nội thất Dầu Khí",False
4008.0,PIS,Tổng Công ty Pisico Bình Định - CTCP,UPCOM,Nguyên vật liệu,Nguyên vật liệu,Gỗ và giấy,2016-01-11 17:00:00,,,False
1079.0,PIT,CTCP Xuất nhập khẩu Petrolimex,HOSE,Tiêu dùng thiết yếu,Thương mại hàng thiết yếu,Thương mại hàng thiết yếu,2008-01-23 17:00:00,,,False
2656.0,PIV,CTCP PIV,UPCOM,Tiêu dùng không thiết yếu,Thương mại hàng không thiết yếu,Bán lẻ chuyên doanh,2010-08-17 17:00:00,HNX,"PIV: Ngày 30/08/2018, ngày hủy niêm yết cổ phiếu của CTCP PIV",False
933.0,PJC,CTCP Thương mại và Vận tải Petrolimex Hà Nội,HNX,Năng lượng,Năng lượng,Dầu khí,2006-12-24 17:00:00,,,False
1287.0,PJS,CTCP Cấp nước Phú Hòa Tân,UPCOM,Tiện ích,Tiện ích,Nước,2011-12-04 17:00:00,,,False
811.0,PJT,CTCP Vận tải Xăng dầu Đường Thủy Petrolimex,HOSE,Năng lượng,Năng lượng,Dầu khí,2006-12-27 17:00:00,,,False
2142.0,PLA,CTCP Đầu tư và Dịch vụ Hạ tầng Xăng dầu,UPCOM,Bất động sản,Bất động sản,Quản lý và phát triển bất động sản,2017-11-19 17:00:00,,,False
934.0,PLC,Tổng Công ty Hóa dầu Petrolimex - CTCP,HNX,Nguyên vật liệu,Nguyên vật liệu,Hóa chất,2006-12-26 17:00:00,,,False
4849.0,PLE,CTCP Tư vấn Xây dựng Petrolimex,UPCOM,Công nghiệp,Dịch vụ thương mại và chuyên nghiệp,Dịch vụ chuyên nghiệp,2021-01-06 17:00:00,,,False
2843.0,PLO,CTCP Kho Vận Petec,UPCOM,Năng lượng,Năng lượng,Dầu khí,2020-04-09 17:00:00,,,False
4542.0,PLP,CTCP Sản xuất và Công nghệ Nhựa Pha Lê,HOSE,Nguyên vật liệu,Nguyên vật liệu,Hóa chất,2017-08-20 17:00:00,,,False
3023.0,PLX,Tập đoàn Xăng Dầu Việt Nam,HOSE,Năng lượng,Năng lượng,Dầu khí,2017-04-20 17:00:00,,,False
4123.0,PMB,CTCP Phân bón và Hóa chất Dầu khí Miền Bắc,HNX,Nguyên vật liệu,Nguyên vật liệu,Hóa chất,2015-10-06 17:00:00,,,False
1316.0,PMC,CTCP Dược phẩm Dược liệu Pharmedic,HNX,Chăm sóc sức khỏe,"Dược phẩm, công nghệ sinh học và khoa học sự sống",Dược phẩm,2009-10-08 17:00:00,,,False
4639.0,PMG,CTCP Đầu tư và Sản xuất Petro Miền Trung,HOSE,Tiện ích,Tiện ích,Gas sinh hoạt,2018-01-24 17:00:00,,,False
1250.0,PMJ,CTCP Vật tư Bưu Điện,UPCOM,Tiêu dùng không thiết yếu,Thương mại hàng không thiết yếu,Nhà phân phối,2016-06-28 17:00:00,,,False
4084.0,PMP,CTCP Bao bì đạm Phú Mỹ,HNX,Nguyên vật liệu,Nguyên vật liệu,Bao bì và vật chứa,2015-09-21 17:00:00,,,False
654.0,PMS,CTCP Cơ khí Xăng dầu,HNX,Năng lượng,Năng lượng,Dầu khí,2003-11-03 17:00:00,,,False
2231.0,PMT,CTCP Viễn thông TELVINA Việt Nam,UPCOM,Dịch vụ truyền thông,Dịch vụ viễn thông,Dịch vụ viễn thông đa dạng,2010-07-21 17:00:00,,,False
1640.0,PMW,CTCP Cấp nước Phú Mỹ,UPCOM,Tiện ích,Tiện ích,Nước,2019-07-16 17:00:00,,,False
1798.0,PNC,CTCP Văn hóa Phương Nam,HOSE,Tiêu dùng không thiết yếu,Thương mại hàng không thiết yếu,Bán lẻ chuyên doanh,2005-07-10 17:00:00,,,False
4457.0,PND,CTCP Xăng dầu Dầu khí Nam Định,UPCOM,Năng lượng,Năng lượng,Dầu khí,2017-02-19 17:00:00,,,False
1732.0,PNG,CTCP Thương mại Phú Nhuận,UPCOM,Tiêu dùng không thiết yếu,Dịch vụ tiêu dùng,"Khách sạn, nhà hàng và giải trí",2016-04-04 17:00:00,,,False
1531.0,PNJ,CTCP Vàng bạc Đá quý Phú Nhuận,HOSE,Tiêu dùng không thiết yếu,Thương mại hàng không thiết yếu,Bán lẻ chuyên doanh,2009-03-22 17:00:00,,,False
3230.0,PNP,CTCP Tân Cảng - Phú Hữu,UPCOM,Công nghiệp,Vận tải,Hạ tầng giao thông,2019-05-16 17:00:00,,,False
1692.0,PNT,CTCP Kỹ thuật Xây dựng Phú Nhuận,UPCOM,Bất động sản,Bất động sản,Quản lý và phát triển bất động sản,2017-01-11 17:00:00,,,False
4563.0,POB,CTCP Xăng dầu Dầu khí Hưng Yên,UPCOM,Năng lượng,Năng lượng,Dầu khí,2017-09-28 17:00:00,,,False
2415.0,POM,CTCP Thép Pomina,UPCOM,Nguyên vật liệu,Nguyên vật liệu,Khai khoáng và luyện kim,2024-05-22 17:00:00,HOSE,POM: Quyết định hủy niêm yết cổ phiếu,False
3583.0,POS,CTCP Vận hành và Xây lắp PTSC,UPCOM,Năng lượng,Năng lượng,Thiết bị và dịch vụ năng lượng,2016-11-24 17:00:00,,,False
935.0,POT,CTCP Thiết bị Bưu điện,HNX,Công nghệ thông tin,Phần cứng và thiết bị,Thiết bị viễn thông,2006-12-19 17:00:00,,,False
2690.0,POV,CTCP Xăng dầu Dầu khí Vũng Áng,UPCOM,Năng lượng,Năng lượng,Dầu khí,2010-09-22 17:00:00,,,False
4620.0,POW,Tổng Công ty Điện lực Dầu khí Việt Nam - CTCP,HOSE,Tiện ích,Tiện ích,Điện,2019-01-13 17:00:00,UPCOM,"POW: Ngày 28/12/2018, ngày hủy ĐKGD cổ phiếu của Tổng công ty Điện lực Dầu khí Việt Nam- CTCP",False
999.0,PPC,CTCP Nhiệt điện Phả Lại,HOSE,Tiện ích,Tiện ích,Điện,2007-01-25 17:00:00,,,False
2699.0,PPE,CTCP Tư vấn đầu tư PP Enterprise,HNX,Nguyên vật liệu,Nguyên vật liệu,Vật liệu xây dựng,2011-09-20 17:00:00,,,False
1514.0,PPH,Tổng Công ty cổ phần Phong Phú,UPCOM,Tiêu dùng không thiết yếu,Thời trang và hàng lâu bền,Thời trang và dệt may,2017-08-22 17:00:00,,,False
2492.0,PPI,CTCP Đầu tư và Phát triển Dự án Hạ tầng Thái Bình Dương,UPCOM,Bất động sản,Bất động sản,Quản lý và phát triển bất động sản,2019-05-26 17:00:00,HOSE,PPI: Quyết định về việc hủy niêm yết cổ phiếu PPI,False
1658.0,PPP,CTCP Dược phẩm Phong Phú,HNX,Chăm sóc sức khỏe,"Dược phẩm, công nghệ sinh học và khoa học sự sống",Dược phẩm,2011-07-17 17:00:00,,,False
2693.0,PPS,CTCP Dịch vụ Kỹ thuật Điện lực Dầu khí Việt Nam,HNX,Công nghiệp,Hàng hóa công nghiệp,Kỹ thuật xây dựng,2011-01-06 17:00:00,,,False
4900.0,PPT,CTCP Petro Times,HNX,Năng lượng,Năng lượng,Dầu khí,2023-06-25 17:00:00,UPCOM,"PPT: Ngày 13/06/2023, ngày hủy ĐKGD cổ phiếu của CTCP Petro Times",False
2674.0,PPY,CTCP Xăng dầu Dầu khí Phú Yên,HNX,Năng lượng,Năng lượng,Dầu khí,2016-03-01 17:00:00,,,False
4762.0,PQN,CTCP Dịch vụ Dầu khí Quảng Ngãi PTSC,UPCOM,Công nghiệp,Hàng hóa công nghiệp,Kỹ thuật xây dựng,2019-10-03 17:00:00,,,False
2516.0,PRC,CTCP Logistics Portserco,HNX,Công nghiệp,Vận tải,Vận tải biển,2010-11-28 17:00:00,,,False
2222.0,PRO,CTCP Procimex Việt Nam,UPCOM,Tiêu dùng thiết yếu,"Thực phẩm, đồ uống và thuốc lá",Thực phẩm,2014-10-09 17:00:00,,,False
4661.0,PRT,Tổng Công ty Sản xuất - Xuất nhập khẩu Bình Dương - CTCP,UPCOM,Nguyên vật liệu,Nguyên vật liệu,Hóa chất,2018-05-06 17:00:00,,,False
2072.0,PSB,CTCP Đầu tư Dầu khí Sao Mai - Bến Đình,UPCOM,Năng lượng,Năng lượng,Thiết bị và dịch vụ năng lượng,2010-02-24 17:00:00,,,False
938.0,PSC,CTCP Vận tải và Dịch vụ Petrolimex Sài Gòn,HNX,Năng lượng,Năng lượng,Dầu khí,2006-12-28 17:00:00,,,False
3567.0,PSD,CTCP Dịch vụ Phân phối Tổng hợp Dầu khí,HNX,Tiêu dùng không thiết yếu,Thương mại hàng không thiết yếu,Nhà phân phối,2013-06-27 17:00:00,,,False
3017.0,PSE,CTCP Phân Bón và Hóa Chất Dầu khí Đông Nam Bộ,HNX,Nguyên vật liệu,Nguyên vật liệu,Hóa chất,2015-03-17 17:00:00,,,False
4791.0,PSH,CTCP Thương mại Đầu tư Dầu khí Nam Sông Hậu,UPCOM,Năng lượng,Năng lượng,Dầu khí,2025-07-08 17:00:00,HOSE,PSH: Quyết định về việc hủy niêm yết đối với cổ phiếu,False
2276.0,PSL,CTCP Chăn nuôi Phú Sơn,UPCOM,Tiêu dùng thiết yếu,"Thực phẩm, đồ uống và thuốc lá",Thực phẩm,2010-05-16 17:00:00,,,False
3348.0,PSN,CTCP Dịch Vụ Kỹ Thuật PTSC Thanh Hóa,UPCOM,Công nghiệp,Vận tải,Hạ tầng giao thông,2017-06-28 17:00:00,,,False
1869.0,PSP,CTCP Cảng Dịch vụ Dầu khí Đình Vũ,UPCOM,Công nghiệp,Vận tải,Hạ tầng giao thông,2009-11-09 17:00:00,,,False
3310.0,PSW,CTCP Phân bón và Hóa chất Dầu khí Tây Nam Bộ,HNX,Nguyên vật liệu,Nguyên vật liệu,Hóa chất,2015-07-20 17:00:00,,,False
1706.0,PTB,CTCP Phú Tài,HOSE,Nguyên vật liệu,Nguyên vật liệu,Gỗ và giấy,2011-07-21 17:00:00,,,False
939.0,PTC,CTCP Đầu Tư Icapital,HOSE,Công nghiệp,Dịch vụ thương mại và chuyên nghiệp,Dịch vụ chuyên nghiệp,2008-12-14 17:00:00,,,False
2019.0,PTD,CTCP Thiết kế Xây dựng Thương mại Phúc Thịnh,HNX,Công nghiệp,Hàng hóa công nghiệp,Kỹ thuật xây dựng,2015-11-09 17:00:00,UPCOM,"PTD: Ngày 03/11/2015, ngày hủy ĐKGD cổ phiếu của CTCP Thiết kế - Xây dựng - Thương mại Phúc Thịnh",False
2039.0,PTE,CTCP Xi măng Phú Thọ,UPCOM,Nguyên vật liệu,Nguyên vật liệu,Vật liệu xây dựng,2015-06-29 17:00:00,,,False
2206.0,PTG,CTCP May Xuất khẩu Phan Thiết,UPCOM,Tiêu dùng không thiết yếu,Thời trang và hàng lâu bền,Thời trang và dệt may,2010-01-03 17:00:00,,,False
2536.0,PTH,CTCP Vận tải và Dịch vụ Petrolimex Hà Tây,UPCOM,Tiêu dùng không thiết yếu,Thương mại hàng không thiết yếu,Nhà phân phối,2010-03-22 17:00:00,,,False
2602.0,PTL,CTCP Victory Group,HOSE,Bất động sản,Bất động sản,Quản lý và phát triển bất động sản,2010-09-21 17:00:00,,,False
1468.0,PTM,CTCP Sản xuất Thương mại và Dịch vụ Ô tô PTM,UPCOM,Tiêu dùng không thiết yếu,Thương mại hàng không thiết yếu,Nhà phân phối,2025-08-21 17:00:00,HNX,PTM: Hủy niêm yết cổ phiếu,False
2107.0,PTO,CTCP Dịch vụ - Xây dựng Công trình Bưu Điện,UPCOM,Công nghiệp,Hàng hóa công nghiệp,Kỹ thuật xây dựng,2017-06-19 17:00:00,,,False
1907.0,PTP,CTCP PTP,UPCOM,Dịch vụ truyền thông,Dịch vụ viễn thông,Dịch vụ viễn thông đa dạng,2009-12-09 17:00:00,,,False
940.0,PTS,CTCP Vận tải và Dịch vụ Petrolimex Hải Phòng,HNX,Công nghiệp,Vận tải,Vận tải biển,2006-11-30 17:00:00,,,False
2605.0,PTT,CTCP Vận tải Dầu khí Đông Dương,UPCOM,Công nghiệp,Vận tải,Vận tải mặt đất,2010-04-28 17:00:00,,,False
2653.0,PTV,CTCP Thương mại Dầu khí,UPCOM,Tiêu dùng không thiết yếu,Thương mại hàng không thiết yếu,Nhà phân phối,2019-11-04 17:00:00,,,False
2254.0,PTX,CTCP Vận tải và Dịch vụ Petrolimex Nghệ Tĩnh,HNX,Năng lượng,Năng lượng,Dầu khí,2024-10-07 17:00:00,UPCOM,"PTX: Ngày 30/09/2024, ngày hủy ĐKGD cổ phiếu của CTCP Vận tải và dịch vụ Petrolimex Nghệ Tĩnh",False
3032.0,PVB,CTCP Bọc ống Dầu khí Việt Nam,HNX,Năng lượng,Năng lượng,Thiết bị và dịch vụ năng lượng,2013-12-23 17:00:00,,,False
1084.0,PVC,Tổng Công ty Hóa chất và Dịch vụ Dầu khí - CTCP,HNX,Năng lượng,Năng lượng,Thiết bị và dịch vụ năng lượng,2007-11-14 17:00:00,,,False
814.0,PVD,Tổng Công ty cổ phần Khoan và Dịch vụ khoan Dầu khí,HOSE,Năng lượng,Năng lượng,Thiết bị và dịch vụ năng lượng,2006-12-04 17:00:00,,,False
1085.0,PVE,Tổng Công ty Tư vấn thiết kế Dầu khí - CTCP,UPCOM,Công nghiệp,Dịch vụ thương mại và chuyên nghiệp,Dịch vụ chuyên nghiệp,2008-01-01 17:00:00,HNX,"PVE: Ngày 28/05/2020, ngày hủy niêm yết cổ phiếu của Tổng Công ty Tư vấn Thiết kế Dầu khí - CTCP",False
1456.0,PVG,CTCP Kinh doanh LPG Việt Nam,HNX,Tiện ích,Tiện ích,Gas sinh hoạt,2009-01-06 17:00:00,,,False
2965.0,PVH,CTCP Xây lắp Dầu khí Thanh Hóa,UPCOM,Công nghiệp,Hàng hóa công nghiệp,Kỹ thuật xây dựng,2017-05-18 17:00:00,,,False
2162.0,PVL,CTCP Địa ốc Dầu khí,UPCOM,Bất động sản,Bất động sản,Quản lý và phát triển bất động sản,2023-04-24 17:00:00,HNX,"PVL: Ngày 14/04/2023, ngày hủy niêm yết cổ phiếu của CTCP Đầu tư Nhà đất Việt",False
2996.0,PVM,CTCP Máy - Thiết bị Dầu khí,UPCOM,Công nghiệp,Hàng hóa công nghiệp,Máy móc công nghiệp,2016-12-19 17:00:00,,,False
3072.0,PVO,CTCP Dầu nhờn PV Oil,UPCOM,Năng lượng,Năng lượng,Dầu khí,2016-01-11 17:00:00,,,False
2985.0,PVP,CTCP Vận tải Dầu khí Thái Bình Dương,HOSE,Năng lượng,Năng lượng,Dầu khí,2023-01-16 17:00:00,UPCOM,"PVP: Ngày 09/01/2023, ngày hủy ĐKGD cổ phiếu của CTCP Vận tải Dầu khí Thái Bình Dương",False
2612.0,PVR,CTCP Đầu tư PVR Hà Nội,UPCOM,Bất động sản,Bất động sản,Quản lý và phát triển bất động sản,2017-06-01 17:00:00,HNX,"PVR: Ngày 26/05/2017, ngày hủy niêm yết cổ phiếu của CTCP Kinh doanh dịch vụ cao cấp Dầu khí Việt Nam",False
945.0,PVS,Tổng Công ty cổ phần Dịch vụ Kỹ thuật Dầu khí Việt Nam,HNX,Năng lượng,Năng lượng,Thiết bị và dịch vụ năng lượng,2007-09-19 17:00:00,,,False
1015.0,PVT,Tổng Công ty cổ phần Vận tải Dầu khí,HOSE,Năng lượng,Năng lượng,Dầu khí,2007-12-09 17:00:00,,,False
2631.0,PVV,CTCP Vinaconex 39,UPCOM,Công nghiệp,Hàng hóa công nghiệp,Kỹ thuật xây dựng,2019-06-02 17:00:00,HNX,"PVV: Ngày 24/05/2019, ngày hủy niêm yết cổ phiếu của Công ty cổ phần Vinaconex 39",False
1807.0,PVX,Tổng Công ty cổ phần Xây lắp Dầu khí Việt Nam,UPCOM,Công nghiệp,Hàng hóa công nghiệp,Kỹ thuật xây dựng,2020-06-16 17:00:00,HNX,"PVX: Ngày 09/06/2020, ngày hủy niêm yết cổ phiếu của Tổng CTCP Xây lắp Dầu khí Việt Nam",False
3115.0,PVY,CTCP Chế tạo Giàn khoan Dầu khí,UPCOM,Năng lượng,Năng lượng,Thiết bị và dịch vụ năng lượng,2017-12-28 17:00:00,,,False
2525.0,PWA,CTCP Bất động sản Dầu khí,UPCOM,Bất động sản,Bất động sản,Bất động sản đa dạng,2019-06-10 17:00:00,,,False
4137.0,PWS,CTCP Cấp thoát nước Phú Yên,UPCOM,Tiện ích,Tiện ích,Nước,2017-06-29 17:00:00,,,False
2738.0,PXA,CTCP Đầu tư và Thương mại Dầu khí Nghệ An,UPCOM,Bất động sản,Bất động sản,Quản lý và phát triển bất động sản,2018-06-12 17:00:00,HNX,"PXA: Ngày 05/06/2018, ngày hủy niêm yết cổ phiếu của CTCP Đầu tư và Thương mại Dầu khí Nghệ An",False
2586.0,PXI,CTCP Xây dựng Công nghiệp và Dân dụng Dầu khí,UPCOM,Công nghiệp,Hàng hóa công nghiệp,Kỹ thuật xây dựng,2022-05-18 17:00:00,HOSE,PXI: Thông báo về việc hủy niêm yết đối với cổ phiếu PXI,False
2520.0,PXL,CTCP Đầu tư Khu Công nghiệp Dầu khí Long Sơn,UPCOM,Bất động sản,Bất động sản,Quản lý và phát triển bất động sản,2016-05-22 17:00:00,HOSE,PXL: Thông báo về việc hủy niêm yết đối với cổ phiếu PXL,False
2599.0,PXM,CTCP Xây lắp Dầu khí Miền Trung,UPCOM,Tiêu dùng không thiết yếu,Thương mại hàng không thiết yếu,Nhà phân phối,2014-06-30 17:00:00,HOSE,PXM: Quyết định hủy niêm yết cổ phiếu,False
2592.0,PXS,CTCP Kết cấu Kim loại và Lắp máy Dầu khí,UPCOM,Công nghiệp,Hàng hóa công nghiệp,Kỹ thuật xây dựng,2022-07-07 17:00:00,HOSE,PXS: Quyết định hủy niêm yết cổ phiếu,False
2554.0,PXT,CTCP Xây lắp Đường ống Bể chứa Dầu khí,UPCOM,Công nghiệp,Hàng hóa công nghiệp,Kỹ thuật xây dựng,2021-06-08 17:00:00,HOSE,PXT: Thông báo về việc hủy niêm yết đối với cổ phiếu PXT,False
3758.0,QBS,CTCP Xuất nhập khẩu Quảng Bình,UPCOM,Nguyên vật liệu,Nguyên vật liệu,Hóa chất,2024-05-22 17:00:00,HOSE,QBS: Thông báo về việc hủy niêm yết đối với cổ phiếu,False
1902.0,QCC,CTCP Đầu tư Xây dựng và Phát triển Hạ tầng Viễn thông,UPCOM,Công nghiệp,Hàng hóa công nghiệp,Kỹ thuật xây dựng,2014-06-05 17:00:00,HNX,"QCC: Ngày 26/05/2014, ngày hủy niêm yết cổ phiếu của CTCP Xây lắp và phát triển Dịch vụ Bưu điện Quảng Nam",False
1358.0,QCG,CTCP Quốc Cường Gia Lai,HOSE,Bất động sản,Bất động sản,Quản lý và phát triển bất động sản,2010-08-08 17:00:00,,,False
1908.0,QHD,CTCP Que hàn điện Việt Đức,HNX,Công nghiệp,Hàng hóa công nghiệp,Máy móc công nghiệp,2010-04-21 17:00:00,,,False
4419.0,QHW,CTCP Nước khoáng Quảng Ninh,UPCOM,Tiêu dùng thiết yếu,"Thực phẩm, đồ uống và thuốc lá",Đồ uống,2016-12-21 17:00:00,,,False
1086.0,QNC,CTCP Xi măng và Xây dựng Quảng Ninh,UPCOM,Nguyên vật liệu,Nguyên vật liệu,Vật liệu xây dựng,2008-01-16 17:00:00,HNX,"QNC: Ngày 29/09/2020, ngày hủy niêm yết cổ phiếu của CTCP Xi măng và Xây dựng Quảng Ninh",False
3624.0,QNP,CTCP Cảng Quy Nhơn,HOSE,Công nghiệp,Vận tải,Hạ tầng giao thông,2024-01-17 17:00:00,,,False
2953.0,QNS,CTCP Đường Quảng Ngãi,UPCOM,Tiêu dùng thiết yếu,"Thực phẩm, đồ uống và thuốc lá",Thực phẩm,2016-12-19 17:00:00,,,False
4787.0,QNT,CTCP Tư vấn và Đầu tư Phát triển Quảng Nam,UPCOM,Công nghiệp,Dịch vụ thương mại và chuyên nghiệp,Dịch vụ chuyên nghiệp,2020-01-08 17:00:00,,,False
4464.0,QNU,CTCP Môi trường Đô thị Quảng Nam,UPCOM,Công nghiệp,Dịch vụ thương mại và chuyên nghiệp,Dịch vụ và thiết bị thương mại ,2017-02-27 17:00:00,,,False
4424.0,QNW,CTCP Cấp thoát nước và Xây dựng Quảng Ngãi,UPCOM,Tiện ích,Tiện ích,Nước,2016-12-25 17:00:00,,,False
3105.0,QPH,CTCP Thủy điện Quế Phong,UPCOM,Tiện ích,Tiện ích,Phát điện độc lập và điện tái tạo,2014-07-10 17:00:00,,,False
3265.0,QSP,CTCP Tân Cảng Quy Nhơn,UPCOM,Công nghiệp,Vận tải,Hạ tầng giao thông,2016-09-22 17:00:00,,,False
1520.0,QST,CTCP Sách và Thiết bị Trường học Quảng Ninh,HNX,Dịch vụ truyền thông,Truyền thông và giải trí,Truyền thông,2009-02-15 17:00:00,,,False
1457.0,QTC,CTCP Công trình Giao thông Vận tải Quảng Nam,HNX,Công nghiệp,Hàng hóa công nghiệp,Kỹ thuật xây dựng,2009-01-15 17:00:00,,,False
3594.0,QTP,CTCP Nhiệt điện Quảng Ninh,UPCOM,Tiện ích,Tiện ích,Điện,2017-03-15 17:00:00,,,False
815.0,RAL,CTCP Bóng đèn Phích nước Rạng Đông,HOSE,Công nghiệp,Hàng hóa công nghiệp,Thiết bị điện,2006-12-05 17:00:00,,,False
3340.0,RAT,CTCP Vận tải và Thương mại Đường sắt,UPCOM,Công nghiệp,Vận tải,Vận tải mặt đất,2016-08-14 17:00:00,,,False
2010.0,RBC,CTCP Công nghiệp và Xuất nhập khẩu Cao su,UPCOM,Tiêu dùng không thiết yếu,Xe và linh kiện,Linh kiện xe,2016-02-17 17:00:00,,,False
1855.0,RCC,CTCP Tổng Công ty Công trình Đường sắt Việt Nam,UPCOM,Công nghiệp,Hàng hóa công nghiệp,Kỹ thuật xây dựng,2016-12-01 17:00:00,,,False
2315.0,RCD,CTCP Xây dựng - Địa ốc Cao su,UPCOM,Công nghiệp,Hàng hóa công nghiệp,Kỹ thuật xây dựng,2015-02-05 17:00:00,,,False
946.0,RCL,CTCP Địa ốc Chợ Lớn,HNX,Bất động sản,Bất động sản,Bất động sản đa dạng,2007-06-13 17:00:00,,,False
21.0,REE,CTCP Cơ Điện Lạnh,HOSE,Tiện ích,Tiện ích,Phát điện độc lập và điện tái tạo,2000-07-27 17:00:00,,,False
5752.0,RGG,CTCP Regal Group,UPCOM,Bất động sản,Bất động sản,Quản lý và phát triển bất động sản,2025-10-29 17:00:00,,,False
913.0,RIC,CTCP Quốc tế Hoàng Gia,UPCOM,Tiêu dùng không thiết yếu,Dịch vụ tiêu dùng,"Khách sạn, nhà hàng và giải trí",2022-05-25 17:00:00,HOSE,RIC: Quyết định hủy niêm yết cổ phiếu,False
4254.0,RTB,CTCP Cao su Tân Biên,UPCOM,Nguyên vật liệu,Nguyên vật liệu,Hóa chất,2016-11-06 17:00:00,,,False
4958.0,RYG,CTCP Sản xuất và Đầu tư Hoàng Gia,HOSE,Nguyên vật liệu,Nguyên vật liệu,Vật liệu xây dựng,2024-12-11 17:00:00,,,False
1095.0,S12,CTCP Sông Đà 12,UPCOM,Công nghiệp,Hàng hóa công nghiệp,Kỹ thuật xây dựng,2016-05-25 17:00:00,HNX,"S12: Ngày 19/05/2016, ngày hủy niêm yết cổ phiếu của CTCP Sông Đà 12",False
4229.0,S4A,CTCP Thủy điện Sê San 4A,HOSE,Tiện ích,Tiện ích,Điện,2016-05-26 17:00:00,,,False
947.0,S55,CTCP Sông Đà 505,HNX,Công nghiệp,Hàng hóa công nghiệp,Kỹ thuật xây dựng,2006-12-21 17:00:00,,,False
1421.0,S72,CTCP Sông Đà 7.02,UPCOM,Tiện ích,Tiện ích,Phát điện độc lập và điện tái tạo,2018-05-21 17:00:00,,,False
1799.0,S74,CTCP Sông Đà 7.04,UPCOM,Nguyên vật liệu,Nguyên vật liệu,Vật liệu xây dựng,2021-06-10 17:00:00,HNX,"S74: Ngày 03/6/2021, ngày hủy niêm yết cổ phiếu của Công ty cổ phần Sông Đà 7.04",False
1096.0,S99,CTCP SCI,HNX,Công nghiệp,Hàng hóa công nghiệp,Kỹ thuật xây dựng,2006-12-21 17:00:00,,,False
1310.0,SAB,Tổng Công ty cổ phần Bia - Rượu - Nước giải khát Sài Gòn,HOSE,Tiêu dùng thiết yếu,"Thực phẩm, đồ uống và thuốc lá",Đồ uống,2016-12-05 17:00:00,,,False
3073.0,SAC,CTCP Xếp dỡ và Dịch vụ Cảng Sài Gòn,UPCOM,Công nghiệp,Vận tải,Hạ tầng giao thông,2016-11-07 17:00:00,,,False
816.0,SAF,CTCP Lương thực Thực phẩm Safoco,HNX,Tiêu dùng thiết yếu,"Thực phẩm, đồ uống và thuốc lá",Thực phẩm,2009-06-07 17:00:00,,,False
3876.0,SAL,CTCP Trục vớt Cứu hộ Việt Nam,UPCOM,Công nghiệp,Vận tải,Hạ tầng giao thông,2017-10-19 17:00:00,,,False
23.0,SAM,CTCP SAM Holdings,HOSE,Công nghiệp,Hàng hóa công nghiệp,Thiết bị điện,2000-07-27 17:00:00,,,False
3765.0,SAS,CTCP Dịch vụ Hàng không Sân bay Tân Sơn Nhất,UPCOM,Công nghiệp,Vận tải,Hạ tầng giao thông,2015-04-15 17:00:00,,,False
35.0,SAV,CTCP Hợp tác Kinh tế và Xuất nhập khẩu Savimex,HOSE,Tiêu dùng không thiết yếu,Thời trang và hàng lâu bền,Hàng tiêu dùng lâu bền,2002-05-08 17:00:00,,,False
2801.0,SB1,CTCP Bia Sài Gòn - Nghệ Tĩnh,UPCOM,Tiêu dùng thiết yếu,"Thực phẩm, đồ uống và thuốc lá",Đồ uống,2016-12-25 17:00:00,,,False
1922.0,SBA,CTCP Sông Ba,HOSE,Tiện ích,Tiện ích,Phát điện độc lập và điện tái tạo,2010-05-31 17:00:00,,,False
2841.0,SBB,CTCP Tập đoàn Bia Sài Gòn - Bình Tây,UPCOM,Tiêu dùng thiết yếu,"Thực phẩm, đồ uống và thuốc lá",Đồ uống,2023-12-11 17:00:00,,,False
1630.0,SBD,CTCP Công nghệ Sao Bắc Đẩu,UPCOM,Công nghệ thông tin,Phần mềm và dịch vụ,Dịch vụ CNTT,2017-02-15 17:00:00,,,False
4951.0,SBG,CTCP Tập đoàn Cơ khí Công nghệ cao Siba,HOSE,Công nghiệp,Hàng hóa công nghiệp,Máy móc công nghiệp,2023-11-30 17:00:00,,,False
4683.0,SBH,CTCP Thủy điện Sông Ba Hạ,UPCOM,Tiện ích,Tiện ích,Phát điện độc lập và điện tái tạo,2018-06-06 17:00:00,,,False
4443.0,SBL,CTCP Bia Sài Gòn - Bạc Liêu,UPCOM,Tiêu dùng thiết yếu,"Thực phẩm, đồ uống và thuốc lá",Đồ uống,2017-01-22 17:00:00,,,False
4553.0,SBM,CTCP Đầu tư Phát triển Bắc Minh,UPCOM,Tiện ích,Tiện ích,Phát điện độc lập và điện tái tạo,2017-09-20 17:00:00,,,False
4755.0,SBR,CTCP Cao su Sông Bé,UPCOM,Nguyên vật liệu,Nguyên vật liệu,Hóa chất,2020-11-01 17:00:00,,,False
1115.0,SBT,CTCP Thành Thành Công - Biên Hòa,HOSE,Tiêu dùng thiết yếu,"Thực phẩm, đồ uống và thuốc lá",Thực phẩm,2008-02-24 17:00:00,,,False
4416.0,SBV,CTCP Siam Brothers Việt Nam,HOSE,Tiêu dùng không thiết yếu,Thời trang và hàng lâu bền,Hàng tiêu dùng lâu bền,2017-05-15 17:00:00,,,False
974.0,SC5,CTCP Xây dựng Số 5,HOSE,Công nghiệp,Hàng hóa công nghiệp,Kỹ thuật xây dựng,2007-10-17 17:00:00,,,False
958.0,SCC,CTCP Thương mại Đầu tư SHB,UPCOM,Nguyên vật liệu,Nguyên vật liệu,Vật liệu xây dựng,2014-08-05 17:00:00,HNX,SCC: Quyết định về việc hủy niêm yết cổ phiếu SCC,False
729.0,SCD,CTCP Nước giải khát Chương Dương,UPCOM,Tiêu dùng thiết yếu,"Thực phẩm, đồ uống và thuốc lá",Đồ uống,2024-05-14 17:00:00,HOSE,SCD: Quyết định hủy niêm yết cổ phiếu,False
4856.0,SCG,CTCP Tập đoàn Xây dựng SCG,HNX,Công nghiệp,Hàng hóa công nghiệp,Kỹ thuật xây dựng,2021-10-24 17:00:00,UPCOM,"SCG: Ngày 15/10/2021, ngày hủy ĐKGD cổ phiếu của Công ty cổ phần Xây dựng SCG",False
3729.0,SCI,CTCP SCI E&C,HNX,Công nghiệp,Hàng hóa công nghiệp,Kỹ thuật xây dựng,2016-01-04 17:00:00,UPCOM,"SCI: Ngày 25/12/2015, ngày hủy ĐKGD cổ phiếu của CTCP Xây dựng và Đầu tư Sông Đà 9",False
963.0,SCJ,CTCP Xi măng Sài Sơn,UPCOM,Nguyên vật liệu,Nguyên vật liệu,Vật liệu xây dựng,2019-05-26 17:00:00,HNX,"SCJ: Ngày 20/05/2019, ngày hủy niêm yết cổ phiếu của CTCP Xi măng Sài Sơn",False
2207.0,SCL,CTCP Sông Đà Cao Cường,UPCOM,Nguyên vật liệu,Nguyên vật liệu,Vật liệu xây dựng,2020-05-17 17:00:00,HNX,"SCL: Ngày 08/05/2020, ngày hủy niêm yết cổ phiếu của Công ty cổ phần Sông Đà Cao Cường",False
2122.0,SCO,CTCP Công nghiệp Thủy sản,UPCOM,Công nghiệp,Vận tải,Hạ tầng giao thông,2010-09-16 17:00:00,,,False
1356.0,SCR,CTCP Địa ốc Sài Gòn Thương Tín,HOSE,Bất động sản,Bất động sản,Quản lý và phát triển bất động sản,2016-11-17 17:00:00,HNX,"SCR: Ngày 11/11/2016, ngày hủy niêm yết cổ phiếu của CTCP Địa ốc Sài Gòn Thương Tín",False
3311.0,SCS,CTCP Dịch vụ Hàng hóa Sài Gòn,HOSE,Công nghiệp,Vận tải,Hạ tầng giao thông,2018-08-02 17:00:00,UPCOM,"SCS: Ngày 26/07/2018, ngày hủy ĐKGD cổ phiếu của CTCP Dịch vụ Hàng hóa Sài Gòn",False
1097.0,SD2,CTCP Sông Đà 2,UPCOM,Công nghiệp,Hàng hóa công nghiệp,Kỹ thuật xây dựng,2022-08-07 17:00:00,HNX,"SD2: Ngày 29/07/2022, ngày hủy niêm yết cổ phiếu của CTCP Sông Đà 2",False
962.0,SD3,CTCP Sông Đà 3,UPCOM,Tiện ích,Tiện ích,Phát điện độc lập và điện tái tạo,2013-12-23 17:00:00,HNX,SD3: Hủy niêm yết cổ phiếu của CTCP Sông Đà 3,False
1169.0,SD4,CTCP Sông Đà 4,UPCOM,Công nghiệp,Hàng hóa công nghiệp,Kỹ thuật xây dựng,2023-06-27 17:00:00,HNX,"SD4: Ngày 14/06/2023, ngày hủy niêm yết cổ phiếu của CÔNG TY CỔ PHẦN SÔNG ĐÀ 4",False
961.0,SD5,CTCP Sông Đà 5,HNX,Công nghiệp,Hàng hóa công nghiệp,Kỹ thuật xây dựng,2006-12-26 17:00:00,,,False
964.0,SD6,CTCP Sông Đà 6,UPCOM,Công nghiệp,Hàng hóa công nghiệp,Kỹ thuật xây dựng,2006-12-24 17:00:00,HNX,"SD6: Ngày 23/08/2024, Thông báo hủy niêm yết cổ phiếu bắt buôcj của CTCP Sông Đà 6",False
965.0,SD7,CTCP Sông Đà 7,UPCOM,Công nghiệp,Hàng hóa công nghiệp,Kỹ thuật xây dựng,2018-05-31 17:00:00,HNX,"SD7: Ngày 25/05/2018, ngày hủy niêm yết cổ phiếu của Công ty Cổ phần Sông Đà 7",False
1442.0,SD8,CTCP Sông Đà 8,UPCOM,Công nghiệp,Hàng hóa công nghiệp,Kỹ thuật xây dựng,2015-12-24 17:00:00,HNX,SD8: Hủy niêm yết cổ phiếu SD8,False
1098.0,SD9,CTCP Sông Đà 9,HNX,Tiện ích,Tiện ích,Phát điện độc lập và điện tái tạo,2006-12-19 17:00:00,,,False
966.0,SDA,CTCP Simco Sông Đà,UPCOM,Công nghiệp,Dịch vụ thương mại và chuyên nghiệp,Dịch vụ chuyên nghiệp,2026-06-01 17:00:00,HNX,"SDA: Ngày 22/05/2026, Thông báo hủy niêm yết của CTCP SIMCO Sông Đà",False
967.0,SDC,CTCP Tư vấn Sông Đà,HNX,Công nghiệp,Dịch vụ thương mại và chuyên nghiệp,Dịch vụ chuyên nghiệp,2006-12-24 17:00:00,,,False
1099.0,SDD,CTCP Đầu tư và Xây lắp Sông Đà,UPCOM,Công nghiệp,Hàng hóa công nghiệp,Kỹ thuật xây dựng,2019-06-13 17:00:00,HNX,"SDD: Ngày 04/06/2019, ngày hủy niêm yết cổ phiếu của CTCP Đầu tư và Xây lắp Sông đà",False
1889.0,SDG,CTCP Sadico Cần Thơ,HNX,Nguyên vật liệu,Nguyên vật liệu,Bao bì và vật chứa,2009-12-21 17:00:00,,,False
2649.0,SDK,CTCP Cơ khí Luyện kim,UPCOM,Nguyên vật liệu,Nguyên vật liệu,Khai khoáng và luyện kim,2010-10-27 17:00:00,,,False
817.0,SDN,CTCP Sơn Đồng Nai,HNX,Nguyên vật liệu,Nguyên vật liệu,Hóa chất,2009-06-21 17:00:00,,,False
1542.0,SDP,CTCP SDP,UPCOM,Công nghiệp,Hàng hóa công nghiệp,Kỹ thuật xây dựng,2019-02-28 17:00:00,HNX,"SDP: Ngày 21/02/2019, ngày hủy niêm yết cổ phiếu của CTCP SDP",False
968.0,SDT,CTCP Sông Đà 10,UPCOM,Công nghiệp,Hàng hóa công nghiệp,Kỹ thuật xây dựng,2024-02-04 17:00:00,HNX,"SDT: Ngày 24/01/2024, Thông báo hủy niêm yết bắt buộc cổ phiếu SDT của CTCP Sông Đà 10",False
1827.0,SDU,CTCP Đầu tư Xây dựng và Phát triển Đô thị Sông Đà,HNX,Bất động sản,Bất động sản,Bất động sản đa dạng,2009-09-27 17:00:00,,,False
2394.0,SDV,CTCP Dịch vụ Sonadezi,UPCOM,Công nghiệp,Dịch vụ thương mại và chuyên nghiệp,Dịch vụ và thiết bị thương mại ,2011-04-21 17:00:00,,,False
969.0,SDY,CTCP Xi măng Sông Đà Yaly,UPCOM,Nguyên vật liệu,Nguyên vật liệu,Vật liệu xây dựng,2017-06-08 17:00:00,HNX,"SDY: Ngày 02/06/2017, ngày hủy niêm yết cổ phiếu của CTCP Xi măng Sông Đà Yaly",False
3846.0,SEA,Tổng Công ty Thủy sản Việt Nam - CTCP,UPCOM,Tiêu dùng thiết yếu,"Thực phẩm, đồ uống và thuốc lá",Thực phẩm,2016-12-22 17:00:00,,,False
1460.0,SEB,CTCP Đầu tư và Phát triển Điện Miền Trung,HNX,Tiện ích,Tiện ích,Phát điện độc lập và điện tái tạo,2009-01-13 17:00:00,,,False
1810.0,SED,CTCP Đầu tư và Phát triển Giáo dục Phương Nam,HNX,Dịch vụ truyền thông,Truyền thông và giải trí,Truyền thông,2009-08-18 17:00:00,,,False
4446.0,SEP,CTCP Tổng Công ty Thương mại Quảng Trị,UPCOM,Tiêu dùng thiết yếu,"Thực phẩm, đồ uống và thuốc lá",Thực phẩm,2017-02-05 17:00:00,,,False
592.0,SFC,CTCP Nhiên liệu Sài Gòn,HOSE,Năng lượng,Năng lượng,Dầu khí,2004-09-20 17:00:00,,,False
3207.0,SFG,CTCP Phân Bón Miền Nam,HOSE,Nguyên vật liệu,Nguyên vật liệu,Hóa chất,2014-11-30 17:00:00,,,False
818.0,SFI,CTCP Đại lý Vận tải SAFI,HOSE,Công nghiệp,Vận tải,Hạ tầng giao thông,2006-12-28 17:00:00,,,False
819.0,SFN,CTCP Dệt lưới Sài Gòn,HNX,Nguyên vật liệu,Nguyên vật liệu,Hóa chất,2006-12-27 17:00:00,,,False
736.0,SGC,CTCP Xuất nhập khẩu Sa Giang,HNX,Tiêu dùng thiết yếu,"Thực phẩm, đồ uống và thuốc lá",Thực phẩm,2009-06-17 17:00:00,,,False
970.0,SGD,CTCP Sách Giáo dục tại Thành phố Hồ Chí Minh,HNX,Dịch vụ truyền thông,Truyền thông và giải trí,Truyền thông,2006-12-27 17:00:00,,,False
26.0,SGH,CTCP Khách sạn Sài Gòn,HNX,Tiêu dùng không thiết yếu,Dịch vụ tiêu dùng,"Khách sạn, nhà hàng và giải trí",2009-07-29 17:00:00,,,False
4877.0,SGI,CTCP Đầu tư SGI Holdings,UPCOM,Tiêu dùng không thiết yếu,Thời trang và hàng lâu bền,Thời trang và dệt may,2021-09-13 17:00:00,,,False
3847.0,SGN,CTCP Phục vụ Mặt đất Sài Gòn,HOSE,Công nghiệp,Vận tải,Hạ tầng giao thông,2018-07-31 17:00:00,UPCOM,"SGN: Ngày 23/07/2018, ngày hủy ĐKGD cổ phiếu của CTCP Phục vụ Mặt đất Sài Gòn",False
4093.0,SGP,CTCP Cảng Sài Gòn,UPCOM,Công nghiệp,Vận tải,Hạ tầng giao thông,2016-04-24 17:00:00,,,False
2015.0,SGR,CTCP Tổng CTCP Địa ốc Sài Gòn,HOSE,Bất động sản,Bất động sản,Dịch vụ bất động sản,2018-01-14 17:00:00,UPCOM,"SGR: Ngày 08/01/2018, ngày hủy ĐKGD cổ phiếu của CTCP Địa ốc Sài Gòn",False
1263.0,SGS,CTCP Vận tải biển Sài Gòn,UPCOM,Công nghiệp,Vận tải,Vận tải biển,2010-12-21 17:00:00,,,False
1037.0,SGT,CTCP Công nghệ Viễn Thông Sài Gòn,HOSE,Dịch vụ truyền thông,Dịch vụ viễn thông,Dịch vụ viễn thông đa dạng,2008-01-17 17:00:00,,,False
3269.0,SHA,CTCP Sơn Hà Sài Gòn,HOSE,Công nghiệp,Hàng hóa công nghiệp,Máy móc công nghiệp,2016-11-29 17:00:00,HNX,"SHA: Ngày 23/11/2016, ngày hủy niêm yết cổ phiếu của CTCP Sơn Hà Sài Gòn",False
773.0,SHC,CTCP Hàng hải Sài Gòn,UPCOM,Công nghiệp,Vận tải,Vận tải biển,2017-10-12 17:00:00,HNX,SHC: Thông báo về việc hủy niêm yết cổ phiếu SHC của CTCP Hàng hải Sài Gòn ,False
4725.0,SHE,CTCP Phát triển Năng lượng Sơn Hà,HNX,Công nghiệp,Hàng hóa công nghiệp,Máy móc công nghiệp,2019-01-24 17:00:00,,,False
2013.0,SHI,CTCP Quốc tế Sơn Hà,HOSE,Công nghiệp,Hàng hóa công nghiệp,Máy móc công nghiệp,2009-12-29 17:00:00,,,False
2011.0,SHN,CTCP Đầu tư Tổng hợp Hà Nội,HNX,Tiêu dùng không thiết yếu,Thương mại hàng không thiết yếu,Nhà phân phối,2009-12-15 17:00:00,,,False
1764.0,SHP,CTCP Thủy điện Miền Nam,HOSE,Tiện ích,Tiện ích,Phát điện độc lập và điện tái tạo,2014-07-20 17:00:00,UPCOM,"SHP: Ngày 14/07/2014, ngày hủy ĐKGD cổ phiếu của CTCP Thủy điện miền Nam",False
2441.0,SID,CTCP Đầu tư Phát triển Sài Gòn Co.op,UPCOM,Bất động sản,Bất động sản,Quản lý và phát triển bất động sản,2017-01-08 17:00:00,,,False
3177.0,SIG,CTCP Đầu tư và Thương mại Sông Đà,UPCOM,Tiện ích,Tiện ích,Điện,2019-10-09 17:00:00,,,False
3068.0,SII,CTCP Hạ tầng Nước Sài Gòn,UPCOM,Tiện ích,Tiện ích,Nước,2023-05-17 17:00:00,HOSE,SII: Quyết định hủy niêm yết cổ phiếu,False
4734.0,SIP,CTCP Đầu tư Sài Gòn VRG,HOSE,Bất động sản,Bất động sản,Quản lý và phát triển bất động sản,2023-08-07 17:00:00,UPCOM,"SIP: Ngày 01/08/2023, ngày hủy ĐKGD cổ phiếu của CTCP Đầu tư Sài Gòn VRG",False
4501.0,SIV,CTCP SIVICO,UPCOM,Nguyên vật liệu,Nguyên vật liệu,Hóa chất,2017-05-22 17:00:00,,,False
820.0,SJ1,CTCP Nông nghiệp Hùng Hậu,HNX,Tiêu dùng thiết yếu,"Thực phẩm, đồ uống và thuốc lá",Thực phẩm,2009-06-07 17:00:00,,,False
821.0,SJD,CTCP Thủy điện Cần Đơn,HOSE,Tiện ích,Tiện ích,Phát điện độc lập và điện tái tạo,2006-12-24 17:00:00,,,False
973.0,SJE,CTCP Sông Đà 11,HNX,Công nghiệp,Hàng hóa công nghiệp,Kỹ thuật xây dựng,2006-12-13 17:00:00,,,False
4407.0,SJF,CTCP Đầu tư Sao Thái Dương,UPCOM,Nguyên vật liệu,Nguyên vật liệu,Gỗ và giấy,2024-11-12 17:00:00,HOSE,SJF: Quyết định hủy niêm yết cổ phiếu,False
4605.0,SJG,Tổng Công ty Sông Đà - CTCP,UPCOM,Công nghiệp,Hàng hóa công nghiệp,Kỹ thuật xây dựng,2018-02-11 17:00:00,,,False
1069.0,SJM,CTCP Sunspace Holdings,UPCOM,Công nghiệp,Hàng hóa công nghiệp,Kỹ thuật xây dựng,2014-05-28 17:00:00,HNX,"SJM: Ngày 25/04/2014, ngày hủy niêm yết cổ phiếu của CTCP Sông Đà 19",False
693.0,SJS,CTCP SJ Group,HOSE,Bất động sản,Bất động sản,Quản lý và phát triển bất động sản,2006-07-05 17:00:00,,,False
3593.0,SKG,CTCP Tàu cao tốc Superdong - Kiên Giang,HOSE,Công nghiệp,Vận tải,Vận tải biển,2014-07-07 17:00:00,,,False
4538.0,SKH,CTCP Nước giải khát Sanest Khánh Hòa,UPCOM,Tiêu dùng thiết yếu,"Thực phẩm, đồ uống và thuốc lá",Đồ uống,2017-10-24 17:00:00,,,False
4706.0,SKN,CTCP Nước giải khát Sanna Khánh Hòa,UPCOM,Tiêu dùng thiết yếu,"Thực phẩm, đồ uống và thuốc lá",Đồ uống,2018-10-09 17:00:00,,,False
4329.0,SKV,CTCP Nước giải khát Yến sào Khánh Hòa,UPCOM,Tiêu dùng thiết yếu,"Thực phẩm, đồ uống và thuốc lá",Đồ uống,2017-11-02 17:00:00,,,False
4753.0,SLD,CTCP Địa ốc Sacom,UPCOM,Bất động sản,Bất động sản,Quản lý và phát triển bất động sản,2025-08-14 17:00:00,,,False
2746.0,SLS,CTCP Mía Đường Sơn La,HNX,Tiêu dùng thiết yếu,"Thực phẩm, đồ uống và thuốc lá",Thực phẩm,2012-10-15 17:00:00,,,False
2624.0,SMA,CTCP Thiết bị Phụ tùng Sài Gòn,HOSE,Tiện ích,Tiện ích,Phát điện độc lập và điện tái tạo,2010-10-18 17:00:00,,,False
2665.0,SMB,CTCP Bia Sài Gòn - Miền Trung,HOSE,Tiêu dùng thiết yếu,"Thực phẩm, đồ uống và thuốc lá",Đồ uống,2018-08-02 17:00:00,UPCOM,"SMB: Ngày 16/07/2018, ngày hủy ĐKGD cổ phiếu của CTCP Bia Sài Gòn - Miền Trung",False
823.0,SMC,CTCP Đầu tư Thương mại SMC,HOSE,Nguyên vật liệu,Nguyên vật liệu,Khai khoáng và luyện kim,2006-10-29 17:00:00,,,False
3176.0,SMN,CTCP Sách và Thiết bị Giáo dục Miền Nam,HNX,Dịch vụ truyền thông,Truyền thông và giải trí,Truyền thông,2015-07-13 17:00:00,,,False
1759.0,SMT,CTCP Sametel,HNX,Công nghệ thông tin,Phần cứng và thiết bị,Điện tử,2010-07-29 17:00:00,,,False
2447.0,SNC,CTCP Xuất nhập khẩu Thủy sản Năm Căn,UPCOM,Tiêu dùng thiết yếu,"Thực phẩm, đồ uống và thuốc lá",Thực phẩm,2014-11-10 17:00:00,,,False
4212.0,SNZ,Tổng Công ty cổ phần Phát triển Khu Công nghiệp,UPCOM,Bất động sản,Bất động sản,Quản lý và phát triển bất động sản,2017-11-19 17:00:00,,,False
4384.0,SP2,CTCP Thủy điện Sử Pán 2,UPCOM,Tiện ích,Tiện ích,Phát điện độc lập và điện tái tạo,2016-09-29 17:00:00,,,False
4360.0,SPB,CTCP Sợi Phú Bài,UPCOM,Tiêu dùng không thiết yếu,Thời trang và hàng lâu bền,Thời trang và dệt may,2016-10-16 17:00:00,,,False
2173.0,SPC,CTCP Bảo vệ Thực vật Sài Gòn,HNX,Nguyên vật liệu,Nguyên vật liệu,Hóa chất,2022-01-26 17:00:00,UPCOM,"SPC: Ngày 19/01/2021, ngày hủy ĐKGD cổ phiếu của CTCP Bảo vệ Thực vật Sài Gòn",False
2000.0,SPD,CTCP Xuất nhập khẩu Thủy sản Miền Trung,UPCOM,Tiêu dùng thiết yếu,"Thực phẩm, đồ uống và thuốc lá",Thực phẩm,2010-04-21 17:00:00,,,False
2232.0,SPH,CTCP Xuất nhập khẩu Thủy sản Hà Nội,UPCOM,Tiêu dùng thiết yếu,"Thực phẩm, đồ uống và thuốc lá",Thực phẩm,2014-05-19 17:00:00,,,False
3312.0,SPI,CTCP Spiral Galaxy,UPCOM,Nguyên vật liệu,Nguyên vật liệu,Vật liệu xây dựng,2025-07-24 17:00:00,HNX,"SPI: Ngày 10/07/2025, Thông báo về việc hủy niêm yết cổ phiếu của CTCP SPIRAL GALAXY",False
1295.0,SPM,CTCP SPM,HOSE,Chăm sóc sức khỏe,"Dược phẩm, công nghệ sinh học và khoa học sự sống",Dược phẩm,2010-05-20 17:00:00,,,False
2211.0,SPV,CTCP Thủy Đặc sản,UPCOM,Tiêu dùng thiết yếu,"Thực phẩm, đồ uống và thuốc lá",Thực phẩm,2017-02-13 17:00:00,,,False
1102.0,SRA,CTCP Sara Việt Nam,HNX,Chăm sóc sức khỏe,Thiết bị và dịch vụ chăm sóc sức khỏe,Thiết bị và vật tư chăm sóc sức khỏe,2008-01-17 17:00:00,,,False
1136.0,SRB,CTCP Tập đoàn Sara,UPCOM,Tiêu dùng không thiết yếu,Dịch vụ tiêu dùng,Dịch vụ tiêu dùng khác,2016-05-25 17:00:00,HNX,"SRB: Ngày 19/05/2016, ngày hủy niêm yết cổ phiếu của CTCP Tập đoàn Sara",False
1832.0,SRC,CTCP Cao su Sao Vàng,HOSE,Tiêu dùng không thiết yếu,Xe và linh kiện,Linh kiện xe,2009-10-06 17:00:00,,,False
1847.0,SRF,CTCP SEAREFICO,HOSE,Công nghiệp,Hàng hóa công nghiệp,Kỹ thuật xây dựng,2009-10-20 17:00:00,,,False
594.0,SSC,CTCP Giống cây trồng Miền Nam,HOSE,Tiêu dùng thiết yếu,"Thực phẩm, đồ uống và thuốc lá",Thực phẩm,2005-02-28 17:00:00,,,False
2639.0,SSG,CTCP Vận tải biển Hải Âu,UPCOM,Công nghiệp,Vận tải,Vận tải biển,2011-01-04 17:00:00,HNX,"SSG: Ngày 15/05/2015, ngày hủy niêm yết cổ phiếu của CTCP Vận tải biển Hải Âu",False
4873.0,SSH,CTCP Phát triển Sunshine Homes,UPCOM,Bất động sản,Bất động sản,Quản lý và phát triển bất động sản,2021-08-03 17:00:00,,,False
1396.0,SSM,CTCP Chế tạo kết cấu Thép Vneco.SSM,HNX,Nguyên vật liệu,Nguyên vật liệu,Khai khoáng và luyện kim,2008-11-16 17:00:00,,,False
1021.0,ST8,CTCP Tập đoàn ST8,HOSE,Tiêu dùng không thiết yếu,Thương mại hàng không thiết yếu,Nhà phân phối,2007-12-17 17:00:00,,,False
977.0,STC,CTCP Sách và Thiết bị Trường học Thành phố Hồ Chí Minh,HNX,Dịch vụ truyền thông,Truyền thông và giải trí,Truyền thông,2006-12-26 17:00:00,,,False
4763.0,STD,CTCP Bia - Nước giải khát Sài Gòn - Tây Đô,UPCOM,Tiêu dùng thiết yếu,"Thực phẩm, đồ uống và thuốc lá",Đồ uống,2026-01-26 17:00:00,,,False
1510.0,STG,CTCP Kho vận Miền Nam,HOSE,Công nghiệp,Vận tải,Hạ tầng giao thông,2010-03-01 17:00:00,,,False
4796.0,STH,CTCP STH Holdings,UPCOM,Tiêu dùng không thiết yếu,Thương mại hàng không thiết yếu,Bán lẻ chuyên doanh,2020-03-16 17:00:00,,,False
2758.0,STK,CTCP Sợi Thế Kỷ,HOSE,Tiêu dùng không thiết yếu,Thời trang và hàng lâu bền,Thời trang và dệt may,2015-09-29 17:00:00,,,False
978.0,STP,CTCP Công nghiệp Thương mại Sông Đà,HNX,Nguyên vật liệu,Nguyên vật liệu,Bao bì và vật chứa,2006-10-08 17:00:00,,,False
1669.0,STS,CTCP Dịch vụ Vận tải Sài Gòn,UPCOM,Công nghiệp,Vận tải,Hạ tầng giao thông,2010-03-29 17:00:00,,,False
1274.0,STT,CTCP Vận chuyển Sài Gòn Tourist,UPCOM,Tiêu dùng không thiết yếu,Dịch vụ tiêu dùng,Dịch vụ tiêu dùng khác,2018-07-12 17:00:00,HOSE,STT: Quyết định hủy niêm yết cổ phiếu,False
4695.0,STW,CTCP Cấp nước Sóc Trăng,UPCOM,Tiện ích,Tiện ích,Nước,2018-07-05 17:00:00,,,False
979.0,SVC,CTCP Dịch vụ Tổng hợp Sài Gòn,HOSE,Tiêu dùng không thiết yếu,Thương mại hàng không thiết yếu,Bán lẻ chuyên doanh,2009-05-31 17:00:00,,,False
4848.0,SVD,CTCP Đầu tư & Thương mại Vũ Đăng,HOSE,Tiêu dùng không thiết yếu,Thời trang và hàng lâu bền,Thời trang và dệt may,2021-02-01 17:00:00,,,False
3865.0,SVG,CTCP Hơi Kỹ nghệ Que hàn,UPCOM,Nguyên vật liệu,Nguyên vật liệu,Hóa chất,2016-04-05 17:00:00,,,False
4621.0,SVH,CTCP Thủy điện Sông Vàng,UPCOM,Tiện ích,Tiện ích,Phát điện độc lập và điện tái tạo,2017-12-27 17:00:00,,,False
3007.0,SVN,CTCP Tập đoàn Vexilla Việt Nam,HNX,Tiêu dùng thiết yếu,"Thực phẩm, đồ uống và thuốc lá",Thực phẩm,2011-07-25 17:00:00,,,False
2749.0,SVT,CTCP Công nghệ Sài Gòn Viễn Đông,HOSE,Nguyên vật liệu,Nguyên vật liệu,Gỗ và giấy,2011-10-04 17:00:00,,,False
2166.0,SWC,Tổng Công ty cổ phần Đường sông Miền Nam,UPCOM,Công nghiệp,Vận tải,Vận tải biển,2011-04-28 17:00:00,,,False
3120.0,SZB,CTCP Sonadezi Long Bình,HNX,Bất động sản,Bất động sản,Quản lý và phát triển bất động sản,2019-12-19 17:00:00,,,False
2183.0,SZC,CTCP Sonadezi Châu Đức,HOSE,Bất động sản,Bất động sản,Quản lý và phát triển bất động sản,2019-01-14 17:00:00,,,False
4122.0,SZE,CTCP Môi trường Sonadezi,UPCOM,Công nghiệp,Dịch vụ thương mại và chuyên nghiệp,Dịch vụ và thiết bị thương mại ,2016-12-08 17:00:00,,,False
4887.0,SZG,CTCP Sonadezi Giang Điền,UPCOM,Bất động sản,Bất động sản,Quản lý và phát triển bất động sản,2021-12-26 17:00:00,,,False
1292.0,SZL,CTCP Sonadezi Long Thành,HOSE,Bất động sản,Bất động sản,Quản lý và phát triển bất động sản,2008-09-08 17:00:00,,,False
4604.0,TA6,CTCP Đầu tư và Xây lắp Thành An 665,UPCOM,Công nghiệp,Hàng hóa công nghiệp,Kỹ thuật xây dựng,2017-11-27 17:00:00,,,False
2919.0,TA9,CTCP Xây lắp Thành An 96,HNX,Công nghiệp,Hàng hóa công nghiệp,Kỹ thuật xây dựng,2015-07-30 17:00:00,,,False
5699.0,TAB,CTCP Freco Việt Nam,UPCOM,Nguyên vật liệu,Nguyên vật liệu,Vật liệu xây dựng,2024-09-26 17:00:00,,,False
5824.0,TAH,CTCP Thương mại Dịch vụ Giấy Thuận An,UPCOM,Nguyên vật liệu,Nguyên vật liệu,Gỗ và giấy,,,,False
4960.0,TAL,CTCP Đầu tư Bất động sản Taseco,HOSE,Bất động sản,Bất động sản,Quản lý và phát triển bất động sản,2025-07-31 17:00:00,UPCOM,"TAL: Ngày 22/07/2025, ngày hủy ĐKGD cổ phiếu của CTCP Đầu tư Bất động sản Taseco",False
4737.0,TAN,CTCP Cà phê Thuận An,UPCOM,Tiêu dùng thiết yếu,"Thực phẩm, đồ uống và thuốc lá",Thực phẩm,2019-06-09 17:00:00,,,False
4724.0,TAR,CTCP Nông nghiệp Công nghệ cao Trung An,UPCOM,Tiêu dùng thiết yếu,"Thực phẩm, đồ uống và thuốc lá",Thực phẩm,2024-05-30 17:00:00,HNX,"TAR: Ngày 21/05/2024, Thông báo hủy niêm yết cổ phiếu của CTCP Nông nghiệp Công nghệ cao Trung An",False
3842.0,TAW,CTCP Cấp nước Trung An,UPCOM,Tiện ích,Tiện ích,Nước,2016-07-28 17:00:00,,,False
1004.0,TBC,CTCP Thủy điện Thác Bà,HOSE,Tiện ích,Tiện ích,Phát điện độc lập và điện tái tạo,2009-10-18 17:00:00,,,False
1627.0,TBD,Tổng Công ty Thiết bị Điện Đông Anh - CTCP,UPCOM,Công nghiệp,Hàng hóa công nghiệp,Thiết bị điện,2014-10-14 17:00:00,,,False
1248.0,TBR,CTCP Địa ốc Tân Bình,UPCOM,Bất động sản,Bất động sản,Bất động sản đa dạng,2022-07-19 17:00:00,,,False
5599.0,TBW,CTCP Nước sạch Thái Bình,UPCOM,Tiện ích,Tiện ích,Nước,2024-01-08 17:00:00,,,False
3613.0,TCD,CTCP Tập đoàn Xây dựng TRACODI,UPCOM,Công nghiệp,Hàng hóa công nghiệp,Kỹ thuật xây dựng,2026-07-23 17:00:00,HOSE,TCD: Quyết định về việc hủy niêm yết cổ phiếu,False
4383.0,TCH,CTCP Đầu tư Dịch vụ Tài chính Hoàng Huy,HOSE,Bất động sản,Bất động sản,Quản lý và phát triển bất động sản,2016-10-04 17:00:00,,,False
2127.0,TCJ,CTCP Tô Châu,UPCOM,Tiêu dùng thiết yếu,"Thực phẩm, đồ uống và thuốc lá",Thực phẩm,2017-11-23 17:00:00,,,False
4337.0,TCK,Tổng Công ty Cơ khí Xây dựng - CTCP,UPCOM,Công nghiệp,Hàng hóa công nghiệp,Máy móc công nghiệp,2017-10-26 17:00:00,,,False
1239.0,TCL,CTCP Đại lý Giao nhận Vận tải Xếp dỡ Tân Cảng,HOSE,Công nghiệp,Vận tải,Hạ tầng giao thông,2009-12-23 17:00:00,,,False
953.0,TCM,CTCP Dệt may - Đầu tư - Thương mại Thành Công,HOSE,Tiêu dùng không thiết yếu,Thời trang và hàng lâu bền,Thời trang và dệt may,2007-10-14 17:00:00,,,False
1825.0,TCO,CTCP Janus Group,HOSE,Tiêu dùng thiết yếu,"Thực phẩm, đồ uống và thuốc lá",Thực phẩm,2012-02-26 17:00:00,,,False
825.0,TCR,CTCP Công nghiệp Gốm sứ Taicera,HOSE,Nguyên vật liệu,Nguyên vật liệu,Vật liệu xây dựng,2006-12-28 17:00:00,,,False
734.0,TCT,CTCP Cáp treo Núi Bà Tây Ninh,HOSE,Công nghiệp,Vận tải,Vận tải mặt đất,2016-03-21 17:00:00,HNX,"TCT: Ngày 11/03/2016, ngày hủy niêm yết cổ phiếu của CTCP Cáp treo Núi Bà Tây Ninh",False
3065.0,TCW,CTCP Kho Vận Tân Cảng,UPCOM,Công nghiệp,Vận tải,Hạ tầng giao thông,2017-06-25 17:00:00,,,False
5719.0,TD6,CTCP Than Đèo Nai - Cọc Sáu - TKV,HNX,Năng lượng,Năng lượng,Dầu khí,2025-06-15 17:00:00,,,False
2944.0,TDB,CTCP Thủy điện Định Bình,UPCOM,Tiện ích,Tiện ích,Phát điện độc lập và điện tái tạo,2017-07-18 17:00:00,,,False
1933.0,TDC,CTCP Kinh doanh và Phát triển Bình Dương,HOSE,Bất động sản,Bất động sản,Quản lý và phát triển bất động sản,2010-05-03 17:00:00,,,False
2815.0,TDF,CTCP Trung Đô,UPCOM,Nguyên vật liệu,Nguyên vật liệu,Vật liệu xây dựng,2020-05-11 17:00:00,,,False
4403.0,TDG,CTCP Đầu tư TDG Global,HOSE,Tiện ích,Tiện ích,Gas sinh hoạt,2017-06-14 17:00:00,,,False
826.0,TDH,CTCP Phát triển Nhà Thủ Đức,HOSE,Bất động sản,Bất động sản,Quản lý và phát triển bất động sản,2006-12-13 17:00:00,,,False
4289.0,TDM,CTCP Nước Thủ Dầu Một,HOSE,Tiện ích,Tiện ích,Nước,2018-10-23 17:00:00,UPCOM,"TDM: Ngày 16/10/2018, ngày hủy ĐKGD cổ phiếu của CTCP Nước Thủ Dầu Một",False
4716.0,TDP,CTCP Thuận Đức,HOSE,Nguyên vật liệu,Nguyên vật liệu,Bao bì và vật chứa,2020-10-11 17:00:00,UPCOM,"TDP: Ngày 03/08/2020, ngày hủy ĐKGD cổ phiếu của CTCP Thuận Đức",False
2518.0,TDS,CTCP Thép Thủ Đức - VNSTEEL,UPCOM,Nguyên vật liệu,Nguyên vật liệu,Khai khoáng và luyện kim,2011-10-05 17:00:00,,,False
4676.0,TDT,CTCP Đầu tư và Phát triển TDT,HNX,Tiêu dùng không thiết yếu,Thời trang và hàng lâu bền,Thời trang và dệt may,2018-07-17 17:00:00,,,False
2191.0,TDW,CTCP Cấp nước Thủ Đức,HOSE,Tiện ích,Tiện ích,Nước,2010-11-10 17:00:00,,,False
3806.0,TED,Tổng công ty Tư vấn thiết kế Giao thông vận tải - CТСР,UPCOM,Công nghiệp,Hàng hóa công nghiệp,Kỹ thuật xây dựng,2022-05-09 17:00:00,,,False
4179.0,TEG,CTCP Trường Thành Energy Group,HOSE,Công nghiệp,Hàng hóa công nghiệp,Phân phối hàng công nghiệp,2018-03-08 17:00:00,HNX,"TEG: Ngày 28/02/2018, ngày hủy niêm yết cổ phiếu của Công ty cổ phần TECGROUP",False
1840.0,TET,CTCP Bất động sản Pristie,HNX,Tiêu dùng không thiết yếu,Thời trang và hàng lâu bền,Thời trang và dệt may,2010-04-27 17:00:00,,,False
4155.0,TFC,CTCP Trang,HNX,Tiêu dùng thiết yếu,"Thực phẩm, đồ uống và thuốc lá",Thực phẩm,2015-12-02 17:00:00,,,False
4678.0,TGG,CTCP The Golden Group,UPCOM,Tiêu dùng thiết yếu,Thương mại hàng thiết yếu,Thương mại hàng thiết yếu,2023-12-28 17:00:00,HOSE,TGG: Quyết định về việc hủy niêm yết cổ phiếu,False
1784.0,TGP,CTCP Trường Phú,UPCOM,Công nghiệp,Hàng hóa công nghiệp,Thiết bị điện,2009-06-23 17:00:00,,,False
1262.0,TH1,CTCP Xuất nhập khẩu Tổng hợp I Việt Nam,UPCOM,Tiêu dùng thiết yếu,Thương mại hàng thiết yếu,Thương mại hàng thiết yếu,2018-04-26 17:00:00,HNX,"TH1: Ngày 20/04/2018, ngày hủy niêm yết cổ phiếu của CTCP Xuất nhập khẩu Tổng hợp I Việt Nam",False
1428.0,THB,CTCP Bia Hà Nội - Thanh Hóa,HNX,Tiêu dùng thiết yếu,"Thực phẩm, đồ uống và thuốc lá",Đồ uống,2008-11-18 17:00:00,,,False
4817.0,THD,CTCP Thaiholdings,HNX,Công nghiệp,Hàng hóa công nghiệp,Phân phối hàng công nghiệp,2020-06-18 17:00:00,,,False
2125.0,THG,CTCP Đầu tư và Xây dựng Tiền Giang,HOSE,Nguyên vật liệu,Nguyên vật liệu,Vật liệu xây dựng,2011-07-27 17:00:00,,,False
4955.0,THM,CTCP Tứ Hải Hà Nam,UPCOM,Tiêu dùng không thiết yếu,Thời trang và hàng lâu bền,Thời trang và dệt may,2023-10-17 17:00:00,,,False
4245.0,THN,CTCP Cấp nước Thanh Hóa,UPCOM,Tiện ích,Tiện ích,Nước,2017-10-04 17:00:00,,,False
2385.0,THP,CTCP Thủy sản và Thương mại Thuận Phước,UPCOM,Tiêu dùng thiết yếu,"Thực phẩm, đồ uống và thuốc lá",Thực phẩm,2019-11-17 17:00:00,,,False
2419.0,THS,CTCP Thanh Hoa - Sông Đà,HNX,Tiêu dùng không thiết yếu,Thương mại hàng không thiết yếu,Nhà phân phối,2013-11-11 17:00:00,,,False
1414.0,THT,CTCP Than Hà Tu - Vinacomin,HNX,Năng lượng,Năng lượng,Dầu khí,2008-10-23 17:00:00,,,False
4506.0,THU,CTCP Môi trường và Công trình Đô thị Thanh Hóa,UPCOM,Công nghiệp,Dịch vụ thương mại và chuyên nghiệp,Dịch vụ và thiết bị thương mại ,2017-06-05 17:00:00,,,False
4265.0,THW,CTCP Cấp nước Tân Hòa,UPCOM,Tiện ích,Tiện ích,Nước,2016-02-29 17:00:00,,,False
4275.0,TID,CTCP Tổng Công ty Tín Nghĩa,UPCOM,Tiêu dùng thiết yếu,"Thực phẩm, đồ uống và thuốc lá",Thực phẩm,2018-12-11 17:00:00,,,False
1502.0,TIE,CTCP TIE,UPCOM,Tiêu dùng không thiết yếu,Thương mại hàng không thiết yếu,Nhà phân phối,2019-08-08 17:00:00,HOSE,TIE: Thông báo về việc hủy niêm yết đối với cổ phiếu TIE,False
2700.0,TIG,CTCP Tập đoàn Đầu tư Thăng Long,HNX,Bất động sản,Bất động sản,Bất động sản đa dạng,2010-10-07 17:00:00,,,False
2054.0,TIP,CTCP Phát triển Khu Công nghiệp Tín Nghĩa,HOSE,Bất động sản,Bất động sản,Quản lý và phát triển bất động sản,2016-06-05 17:00:00,,,False
2745.0,TIS,CTCP Gang thép Thái Nguyên,UPCOM,Nguyên vật liệu,Nguyên vật liệu,Khai khoáng và luyện kim,2011-03-23 17:00:00,,,False
1315.0,TIX,CTCP Sản xuất Kinh doanh Xuất nhập khẩu Dịch vụ và Đầu tư Tân Bình,HOSE,Bất động sản,Bất động sản,Quản lý và phát triển bất động sản,2009-11-24 17:00:00,,,False
1103.0,TJC,CTCP Dịch vụ Vận tải và Thương mại,HNX,Công nghiệp,Vận tải,Vận tải biển,2007-12-16 17:00:00,,,False
4815.0,TKA,CTCP Bao bì Tân Khánh An,UPCOM,Nguyên vật liệu,Nguyên vật liệu,Bao bì và vật chứa,2020-06-02 17:00:00,,,False
1005.0,TKU,CTCP Công nghiệp Tung Kuang,HNX,Nguyên vật liệu,Nguyên vật liệu,Khai khoáng và luyện kim,2006-06-25 17:00:00,,,False
2844.0,TL4,Tổng Công ty cổ phần Xây dựng Thủy Lợi 4 - CTCP,UPCOM,Công nghiệp,Hàng hóa công nghiệp,Kỹ thuật xây dựng,2015-02-03 17:00:00,,,False
4609.0,TLD,CTCP Đầu tư Xây dựng và Phát triển Đô thị Thăng Long,HOSE,Nguyên vật liệu,Nguyên vật liệu,Vật liệu xây dựng,2017-12-06 17:00:00,,,False
2050.0,TLG,CTCP Tập đoàn Thiên Long,HOSE,Công nghiệp,Dịch vụ thương mại và chuyên nghiệp,Dịch vụ và thiết bị thương mại ,2010-03-25 17:00:00,,,False
2164.0,TLH,CTCP Tập đoàn Thép Tiến Lên,HOSE,Nguyên vật liệu,Nguyên vật liệu,Khai khoáng và luyện kim,2010-03-15 17:00:00,,,False
4566.0,TLP,Tổng Công ty Thương mại Xuất nhập khẩu Thanh Lễ - CTCP,UPCOM,Tiêu dùng không thiết yếu,Thương mại hàng không thiết yếu,Nhà phân phối,2017-12-07 17:00:00,,,False
982.0,TLT,CTCP Viglacera Thăng Long,UPCOM,Nguyên vật liệu,Nguyên vật liệu,Vật liệu xây dựng,2013-06-18 17:00:00,,,False
2325.0,TMB,CTCP Kinh doanh Than Miền Bắc - Vinacomin,HNX,Năng lượng,Năng lượng,Dầu khí,2017-01-15 17:00:00,,,False
828.0,TMC,CTCP Thương mại Xuất nhập khẩu Thủ Đức,HNX,Tiêu dùng không thiết yếu,Thương mại hàng không thiết yếu,Nhà phân phối,2009-06-07 17:00:00,,,False
3785.0,TMG,CTCP Kim loại màu Thái Nguyên - Vimico,UPCOM,Nguyên vật liệu,Nguyên vật liệu,Khai khoáng và luyện kim,2017-02-06 17:00:00,,,False
1256.0,TMP,CTCP Thủy điện Thác Mơ,HOSE,Tiện ích,Tiện ích,Phát điện độc lập và điện tái tạo,2009-06-17 17:00:00,,,False
22.0,TMS,CTCP Transimex,HOSE,Công nghiệp,Vận tải,Hạ tầng giao thông,2000-08-03 17:00:00,,,False
2152.0,TMT,CTCP Ô tô TMT,HOSE,Tiêu dùng không thiết yếu,Xe và linh kiện,Xe,2010-01-21 17:00:00,,,False
2132.0,TMW,CTCP Tổng hợp Gỗ Tân Mai,UPCOM,Nguyên vật liệu,Nguyên vật liệu,Gỗ và giấy,2009-12-22 17:00:00,,,False
1850.0,TMX,CTCP VICEM Thương mại Xi măng,HNX,Nguyên vật liệu,Nguyên vật liệu,Vật liệu xây dựng,2009-11-01 17:00:00,,,False
4731.0,TN1,CTCP Rox Key Holdings,HOSE,Bất động sản,Bất động sản,Quản lý và phát triển bất động sản,2019-05-29 17:00:00,,,False
1334.0,TNA,CTCP Thương mại Xuất nhập khẩu Thiên Nam,UPCOM,Tiêu dùng không thiết yếu,Thương mại hàng không thiết yếu,Nhà phân phối,2024-11-28 17:00:00,HOSE,TNA: Thông báo về việc hủy niêm yết cổ phiếu,False
1728.0,TNB,CTCP Thép Nhà Bè - VNSTEEL,UPCOM,Nguyên vật liệu,Nguyên vật liệu,Khai khoáng và luyện kim,2010-04-15 17:00:00,,,False
926.0,TNC,CTCP Cao su Thống Nhất,HOSE,Nguyên vật liệu,Nguyên vật liệu,Hóa chất,2007-08-21 17:00:00,,,False
1006.0,TNG,CTCP Đầu tư và Thương mại TNG,HNX,Tiêu dùng không thiết yếu,Thời trang và hàng lâu bền,Thời trang và dệt may,2007-11-21 17:00:00,,,False
4769.0,TNH,CTCP Tập đoàn Bệnh viện TNH,HOSE,Chăm sóc sức khỏe,Thiết bị và dịch vụ chăm sóc sức khỏe,Thương mại và dịch vụ chăm sóc sức khỏe,2021-01-05 17:00:00,,,False
3098.0,TNI,CTCP Tập đoàn Thành Nam,HOSE,Nguyên vật liệu,Nguyên vật liệu,Khai khoáng và luyện kim,2017-03-22 17:00:00,,,False
3117.0,TNP,CTCP Cảng Thị Nại,UPCOM,Công nghiệp,Vận tải,Hạ tầng giao thông,2016-12-22 17:00:00,,,False
2956.0,TNS,CTCP Thép tấm lá Thống Nhất,UPCOM,Nguyên vật liệu,Nguyên vật liệu,Khai khoáng và luyện kim,2017-01-05 17:00:00,,,False
2600.0,TNT,CTCP Tập đoàn TNT,HOSE,Nguyên vật liệu,Nguyên vật liệu,Vật liệu xây dựng,2010-05-20 17:00:00,,,False
4305.0,TNV,CTCP Thống Nhất Hà Nội,UPCOM,Tiêu dùng không thiết yếu,Thời trang và hàng lâu bền,Sản phẩm giải trí,2024-11-07 17:00:00,UPCOM,"TNV: Ngày 12/06/2026, ngày hủy ĐKGD cổ phiếu của CTCP Thống nhất Hà Nội",False
4502.0,TNW,CTCP Nước sạch Thái Nguyên,UPCOM,Tiện ích,Tiện ích,Nước,2017-05-25 17:00:00,,,False
4104.0,TOP,CTCP Phân phối Top One,UPCOM,Tiêu dùng không thiết yếu,Thương mại hàng không thiết yếu,Nhà phân phối,2015-07-22 17:00:00,,,False
4875.0,TOS,CTCP Dịch vụ biển Tân Cảng,UPCOM,Công nghiệp,Vận tải,Hạ tầng giao thông,2021-09-07 17:00:00,,,False
4524.0,TOT,CTCP Transimex Logistics,HNX,Công nghiệp,Vận tải,Vận tải mặt đất,2022-01-19 17:00:00,UPCOM,"TOT: Ngày 10/01/2022, ngày hủy ĐKGD cổ phiếu của CTCP Vận tải Transimex",False
4722.0,TOW,CTCP Cấp nước Trà Nóc - Ô Môn,UPCOM,Tiện ích,Tiện ích,Nước,2019-01-24 17:00:00,,,False
1014.0,TPC,CTCP Nhựa Tân Đại Hưng,HOSE,Nguyên vật liệu,Nguyên vật liệu,Bao bì và vật chứa,2007-11-27 17:00:00,,,False
1337.0,TPP,CTCP Tân Phú Việt Nam,HNX,Nguyên vật liệu,Nguyên vật liệu,Bao bì và vật chứa,2008-09-25 17:00:00,,,False
4187.0,TPS,CTCP Bến Bãi Vận tải Sài Gòn,UPCOM,Công nghiệp,Vận tải,Vận tải mặt đất,2015-11-30 17:00:00,,,False
4381.0,TQW,CTCP Cấp thoát nước Tuyên Quang,UPCOM,Tiện ích,Tiện ích,Nước,2019-06-13 17:00:00,,,False
2190.0,TR1,CTCP Vận Tải 1 Traco,UPCOM,Công nghiệp,Vận tải,Hạ tầng giao thông,2020-08-23 17:00:00,,,False
1297.0,TRA,CTCP Traphaco,HOSE,Chăm sóc sức khỏe,"Dược phẩm, công nghệ sinh học và khoa học sự sống",Dược phẩm,2008-11-25 17:00:00,,,False
998.0,TRC,CTCP Cao su Tây Ninh,HOSE,Nguyên vật liệu,Nguyên vật liệu,Hóa chất,2007-07-23 17:00:00,,,False
4135.0,TRS,CTCP Vận tải và Dịch vụ Hàng hải,UPCOM,Công nghiệp,Vận tải,Vận tải biển,2015-09-17 17:00:00,,,False
2113.0,TRT,CTCP RedstarCera,UPCOM,Nguyên vật liệu,Nguyên vật liệu,Vật liệu xây dựng,2017-03-15 17:00:00,,,False
5720.0,TRV,CTCP Vận tải Đường sắt,UPCOM,Công nghiệp,Vận tải,Vận tải mặt đất,2025-06-18 17:00:00,,,False
4570.0,TS3,CTCP Trường Sơn 532,UPCOM,Công nghiệp,Hàng hóa công nghiệp,Kỹ thuật xây dựng,2018-01-18 17:00:00,,,False
5691.0,TSA,CTCP Đầu tư và Xây lắp Trường Sơn,HOSE,Công nghiệp,Hàng hóa công nghiệp,Kỹ thuật xây dựng,2026-01-06 17:00:00,UPCOM,"TSA: Ngày 26/12/2025, ngày hủy ĐKGD cổ phiếu của CTCP Đầu tư và Xây lắp Trường Sơn",False
2068.0,TSB,CTCP Ắc quy Tia Sáng,HNX,Công nghiệp,Hàng hóa công nghiệp,Thiết bị điện,2011-01-18 17:00:00,,,False
950.0,TSC,CTCP Vật tư Kỹ thuật nông nghiệp Cần Thơ,HOSE,Tiêu dùng không thiết yếu,Thương mại hàng không thiết yếu,Nhà phân phối,2007-10-03 17:00:00,,,False
4636.0,TSD,CTCP Du lịch Trường Sơn COECCO,UPCOM,Tiêu dùng không thiết yếu,Dịch vụ tiêu dùng,"Khách sạn, nhà hàng và giải trí",2018-01-09 17:00:00,,,False
4490.0,TSG,CTCP Thông tin Tín hiệu Đường sắt Sài Gòn,UPCOM,Công nghiệp,Vận tải,Hạ tầng giao thông,2017-04-17 17:00:00,,,False
4013.0,TSJ,CTCP Du lịch Dịch vụ Hà Nội,UPCOM,Tiêu dùng không thiết yếu,Dịch vụ tiêu dùng,"Khách sạn, nhà hàng và giải trí",2017-07-31 17:00:00,,,False
1104.0,TST,CTCP Dịch vụ Kỹ Thuật Viễn thông,UPCOM,Công nghiệp,Hàng hóa công nghiệp,Kỹ thuật xây dựng,2022-08-07 17:00:00,HNX,"TST: Ngày 29/07/2022, ngày hủy niêm yết cổ phiếu của CTCP Dịch vụ Kỹ thuật Viễn thông",False
4952.0,TT6,CTCP Tập đoàn Tiến Thịnh,UPCOM,Tiêu dùng thiết yếu,"Thực phẩm, đồ uống và thuốc lá",Thực phẩm,2024-08-01 17:00:00,,,False
4830.0,TTA,CTCP Đầu tư Xây dựng và Phát triển Trường Thành,HOSE,Tiện ích,Tiện ích,Phát điện độc lập và điện tái tạo,2020-09-17 17:00:00,,,False
2886.0,TTB,CTCP TTBGroup,UPCOM,Bất động sản,Bất động sản,Quản lý và phát triển bất động sản,2024-01-18 17:00:00,HNX,"TTB: Ngày 08/08/2018, ngày hủy niêm yết cổ phiếu của CTCP Tập đoàn Tiến Bộ",False
769.0,TTC,CTCP Gạch men Thanh Thanh,HNX,Nguyên vật liệu,Nguyên vật liệu,Vật liệu xây dựng,2010-01-06 17:00:00,,,False
1504.0,TTD,CTCP Bệnh viện tim Tâm Đức,UPCOM,Chăm sóc sức khỏe,Thiết bị và dịch vụ chăm sóc sức khỏe,Thương mại và dịch vụ chăm sóc sức khỏe,2017-02-05 17:00:00,,,False
4702.0,TTE,CTCP Đầu tư Năng lượng Trường Thịnh,HOSE,Tiện ích,Tiện ích,Phát điện độc lập và điện tái tạo,2018-12-09 17:00:00,,,False
1061.0,TTF,CTCP Tập đoàn Kỹ nghệ gỗ Trường Thành,HOSE,Tiêu dùng không thiết yếu,Thời trang và hàng lâu bền,Hàng tiêu dùng lâu bền,2008-02-17 17:00:00,,,False
2070.0,TTG,CTCP Royal Healthtech TTG ,UPCOM,Tiêu dùng không thiết yếu,Thời trang và hàng lâu bền,Thời trang và dệt may,2010-02-01 17:00:00,,,False
4321.0,TTH,CTCP Thương mại và Dịch vụ Tiến Thành,HNX,Tiêu dùng không thiết yếu,Thương mại hàng không thiết yếu,Nhà phân phối,2016-10-25 17:00:00,,,False
3801.0,TTL,Tổng Công ty Thăng Long - CTCP,HNX,Công nghiệp,Hàng hóa công nghiệp,Kỹ thuật xây dựng,2018-01-17 17:00:00,,,False
4489.0,TTN,CTCP Công nghệ và Truyền thông Việt Nam,UPCOM,Dịch vụ truyền thông,Dịch vụ viễn thông,Dịch vụ viễn thông đa dạng,2017-04-18 17:00:00,,,False
4223.0,TTS,CTCP Cán Thép Thái Trung,UPCOM,Nguyên vật liệu,Nguyên vật liệu,Khai khoáng và luyện kim,2017-05-16 17:00:00,,,False
1643.0,TTT,CTCP Du lịch - Thương mại Tây Ninh,HNX,Công nghiệp,Dịch vụ thương mại và chuyên nghiệp,Dịch vụ và thiết bị thương mại ,2017-06-01 17:00:00,,,False
3274.0,TTZ,CTCP Đầu tư Xây dựng và Công nghệ Tiến Trung,UPCOM,Nguyên vật liệu,Nguyên vật liệu,Vật liệu xây dựng,2024-02-06 17:00:00,HNX,"TTZ: Ngày 29/01/2024, Thông báo hủy niêm yết cổ phiếu của CTCP Đầu tư Xây dựng và Công nghệ Tiến Trung",False
3129.0,TUG,CTCP Lai Dắt và Vận tải Cảng Hải Phòng,UPCOM,Công nghiệp,Vận tải,Hạ tầng giao thông,2017-02-20 17:00:00,,,False
2436.0,TV1,CTCP Tư vấn Xây dựng Điện 1,UPCOM,Công nghiệp,Dịch vụ thương mại và chuyên nghiệp,Dịch vụ chuyên nghiệp,2018-06-21 17:00:00,HOSE,TV1: Quyết định hủy niêm yết cổ phiếu,False
1846.0,TV2,CTCP Tư vấn Xây dựng Điện 2,HOSE,Công nghiệp,Dịch vụ thương mại và chuyên nghiệp,Dịch vụ chuyên nghiệp,2019-06-05 17:00:00,HNX,"TV2: Ngày 28/05/2019, ngày hủy niêm yết cổ phiếu của CTCP Tư vấn Xây dựng Điện 2",False
1853.0,TV3,CTCP Tư vấn Xây dựng Điện 3,HNX,Công nghiệp,Dịch vụ thương mại và chuyên nghiệp,Dịch vụ chuyên nghiệp,2009-11-30 17:00:00,,,False
1214.0,TV4,CTCP Tư vấn Xây dựng Điện 4,HNX,Công nghiệp,Dịch vụ thương mại và chuyên nghiệp,Dịch vụ chuyên nghiệp,2008-07-21 17:00:00,,,False
4866.0,TV6,CTCP Tập đoàn EMA Land,UPCOM,Công nghiệp,Hàng hóa công nghiệp,Kỹ thuật xây dựng,2021-05-20 17:00:00,,,False
4485.0,TVA,CTCP Sứ Viglacera Thanh Trì,UPCOM,Công nghiệp,Hàng hóa công nghiệp,Sản phẩm xây dựng,2017-04-10 17:00:00,,,False
1718.0,TVD,CTCP Than Vàng Danh - Vinacomin,HNX,Năng lượng,Năng lượng,Dầu khí,2011-01-10 17:00:00,,,False
1919.0,TVG,CTCP Tư vấn Đầu tư và Xây dựng Giao thông Vận tải,UPCOM,Công nghiệp,Dịch vụ thương mại và chuyên nghiệp,Dịch vụ chuyên nghiệp,2010-01-24 17:00:00,,,False
4720.0,TVH,CTCP Tư vấn Xây dựng công trình Hàng hải,UPCOM,Công nghiệp,Dịch vụ thương mại và chuyên nghiệp,Dịch vụ chuyên nghiệp,2019-01-16 17:00:00,,,False
3213.0,TVM,CTCP Tư vấn Đầu tư mỏ và Công Nghiệp - Vinacomin,UPCOM,Công nghiệp,Dịch vụ thương mại và chuyên nghiệp,Dịch vụ chuyên nghiệp,2015-12-14 17:00:00,,,False
3022.0,TVN,Tổng Công ty Thép Việt Nam - CTCP,UPCOM,Nguyên vật liệu,Nguyên vật liệu,Khai khoáng và luyện kim,2016-01-17 17:00:00,,,False
2287.0,TVT,Tổng Công ty Việt Thắng - CTCP,HOSE,Tiêu dùng không thiết yếu,Thời trang và hàng lâu bền,Thời trang và dệt may,2017-07-16 17:00:00,,,False
4396.0,TW3,CTCP Dược Trung ương 3,UPCOM,Chăm sóc sức khỏe,"Dược phẩm, công nghệ sinh học và khoa học sự sống",Dược phẩm,2016-10-17 17:00:00,,,False
1008.0,TXM,CTCP VICEM Thạch cao Xi măng,HNX,Nguyên vật liệu,Nguyên vật liệu,Vật liệu xây dựng,2006-12-10 17:00:00,,,False
757.0,TYA,CTCP Dây và Cáp Điện Taya Việt Nam,HOSE,Công nghiệp,Hàng hóa công nghiệp,Thiết bị điện,2006-02-14 17:00:00,,,False
4405.0,UCT,CTCP Đô thị Cần Thơ,UPCOM,Công nghiệp,Dịch vụ thương mại và chuyên nghiệp,Dịch vụ và thiết bị thương mại ,2016-11-14 17:00:00,,,False
2517.0,UDC,CTCP Đầu tư Xây dựng UDCons,UPCOM,Công nghiệp,Hàng hóa công nghiệp,Kỹ thuật xây dựng,2023-05-22 17:00:00,HOSE,UDC: Quyết định hủy niêm yết cổ phiếu,False
2163.0,UDJ,CTCP Phát triển Đô thị,UPCOM,Bất động sản,Bất động sản,Quản lý và phát triển bất động sản,2009-12-21 17:00:00,,,False
4785.0,UDL,CTCP Đô thị và Môi trường Đắk Lắk,UPCOM,Công nghiệp,Dịch vụ thương mại và chuyên nghiệp,Dịch vụ và thiết bị thương mại ,2020-01-08 17:00:00,,,False
3087.0,UEM,CTCP Cơ điện Uông Bí - Vinacomin,UPCOM,Công nghiệp,Hàng hóa công nghiệp,Máy móc công nghiệp,2015-09-23 17:00:00,,,False
1001.0,UIC,CTCP Đầu tư Phát triển Nhà và Đô thị IDICO,HOSE,Tiện ích,Tiện ích,Điện,2007-11-11 17:00:00,,,False
4544.0,UMC,CTCP Công trình Đô thị Nam Định,UPCOM,Công nghiệp,Dịch vụ thương mại và chuyên nghiệp,Dịch vụ và thiết bị thương mại ,2017-08-27 17:00:00,,,False
381.0,UNI,CTCP Đầu Tư Và Phát Triển Sao Mai Việt,HNX,Bất động sản,Bất động sản,Dịch vụ bất động sản,2009-06-07 17:00:00,,,False
2725.0,UPC,CTCP Phát triển Công viên Cây xanh và Đô thị Vũng Tàu,UPCOM,Công nghiệp,Dịch vụ thương mại và chuyên nghiệp,Dịch vụ và thiết bị thương mại ,2017-04-20 17:00:00,,,False
2452.0,UPH,CTCP Dược phẩm TW 25,UPCOM,Chăm sóc sức khỏe,"Dược phẩm, công nghệ sinh học và khoa học sự sống",Dược phẩm,2016-12-28 17:00:00,,,False
3871.0,USC,CTCP Khảo sát và Xây dựng -USCO,UPCOM,Công nghiệp,Dịch vụ thương mại và chuyên nghiệp,Dịch vụ chuyên nghiệp,2017-02-05 17:00:00,,,False
4726.0,USD,CTCP Công trình Đô thị Sóc Trăng,UPCOM,Công nghiệp,Dịch vụ thương mại và chuyên nghiệp,Dịch vụ và thiết bị thương mại ,2019-01-29 17:00:00,,,False
5748.0,UTT,CTCP Môi trường Nam Thành,UPCOM,Công nghiệp,Dịch vụ thương mại và chuyên nghiệp,Dịch vụ và thiết bị thương mại ,2025-10-16 17:00:00,,,False
1294.0,UXC,CTCP Chế biến Thủy sản Út Xi,UPCOM,Tiêu dùng thiết yếu,"Thực phẩm, đồ uống và thuốc lá",Thực phẩm,2024-12-30 17:00:00,,,False
1866.0,V12,CTCP Xây dựng Số 12,HNX,Công nghiệp,Hàng hóa công nghiệp,Kỹ thuật xây dựng,2010-01-04 17:00:00,,,False
1757.0,V21,CTCP Vinaconex 21,HNX,Tiêu dùng không thiết yếu,Thời trang và hàng lâu bền,Hàng tiêu dùng lâu bền,2010-04-20 17:00:00,,,False
3602.0,VAF,CTCP Phân lân Nung chảy Văn Điển,UPCOM,Nguyên vật liệu,Nguyên vật liệu,Hóa chất,2026-05-12 17:00:00,HOSE,VAF: Quyết định về việc hủy niêm yết cổ phiếu,False
4530.0,VAV,CTCP VIWACO,UPCOM,Tiện ích,Tiện ích,Nước,2017-07-25 17:00:00,,,False
1890.0,VBC,CTCP Nhựa - Bao bì Vinh,HNX,Nguyên vật liệu,Nguyên vật liệu,Bao bì và vật chứa,2010-03-16 17:00:00,,,False
4188.0,VBG,CTCP Địa chất Việt Bắc - TKV,UPCOM,Công nghiệp,Dịch vụ thương mại và chuyên nghiệp,Dịch vụ chuyên nghiệp,2017-03-23 17:00:00,,,False
985.0,VBH,CTCP Điện tử Bình Hòa,UPCOM,Công nghệ thông tin,Phần cứng và thiết bị,Điện tử,2017-06-04 17:00:00,HNX,"VBH: Ngày 26/05/2017, ngày hủy niêm yết cổ phiếu của CTCP Điện tử Bình Hòa",False
5814.0,VBT,CTCP Vận tải Bảo Thắng,UPCOM,Công nghiệp,Vận tải,Vận tải mặt đất,2026-05-03 17:00:00,,,False
1557.0,VC1,CTCP Xây dựng Số 1,HNX,Công nghiệp,Hàng hóa công nghiệp,Kỹ thuật xây dựng,2009-05-13 17:00:00,,,False
987.0,VC2,CTCP Đầu tư và Xây dựng Vina2,HNX,Công nghiệp,Hàng hóa công nghiệp,Kỹ thuật xây dựng,2006-12-10 17:00:00,,,False
1070.0,VC3,CTCP Tập đoàn Nam Mê Kông,HNX,Bất động sản,Bất động sản,Quản lý và phát triển bất động sản,2007-12-12 17:00:00,,,False
1074.0,VC6,CTCP Xây dựng và Đầu tư Visicons,HNX,Công nghiệp,Hàng hóa công nghiệp,Kỹ thuật xây dựng,2008-01-27 17:00:00,,,False
1078.0,VC7,CTCP Tập đoàn BGI,HNX,Tiêu dùng không thiết yếu,Thời trang và hàng lâu bền,Hàng tiêu dùng lâu bền,2007-12-27 17:00:00,,,False
1833.0,VC9,CTCP Xây dựng số 9 - VC9,HNX,Công nghiệp,Hàng hóa công nghiệp,Kỹ thuật xây dựng,2009-11-04 17:00:00,,,False
1727.0,VCA,CTCP Thép VICASA,HOSE,Nguyên vật liệu,Nguyên vật liệu,Khai khoáng và luyện kim,2021-03-09 17:00:00,UPCOM,"VCA: Ngày 23/02/2021, ngày hủy ĐKGD cổ phiếu của CÔNG TY CỔ PHẦN THÉP VICASA - VNSTEEL",False
1515.0,VCC,CTCP Vinaconex 25,HNX,Công nghiệp,Hàng hóa công nghiệp,Kỹ thuật xây dựng,2009-02-01 17:00:00,,,False
4133.0,VCE,CTCP Xây lắp Môi trường,UPCOM,Công nghiệp,Hàng hóa công nghiệp,Kỹ thuật xây dựng,2016-12-28 17:00:00,,,False
1266.0,VCF,CTCP Vinacafé Biên Hòa,HOSE,Tiêu dùng thiết yếu,"Thực phẩm, đồ uống và thuốc lá",Thực phẩm,2011-01-27 17:00:00,,,False
1290.0,VCG,Tổng Công ty cổ phần Xuất nhập khẩu và Xây dựng Việt Nam,HOSE,Công nghiệp,Hàng hóa công nghiệp,Kỹ thuật xây dựng,2020-12-28 17:00:00,HNX,"VCG: Ngày 22/12/2020, ngày hủy niêm yết cổ phiếu của Tổng CTCP XNK và Xây dựng Việt Nam",False
2553.0,VCM,CTCP BV Life,HNX,Tiêu dùng không thiết yếu,Thương mại hàng không thiết yếu,Nhà phân phối,2010-05-10 17:00:00,,,False
2882.0,VCP,CTCP Xây Dựng Và Năng Lượng VCP,UPCOM,Tiện ích,Tiện ích,Điện,2016-12-15 17:00:00,,,False
2549.0,VCR,CTCP Đầu tư và Phát triển Du lịch ITC,UPCOM,Bất động sản,Bất động sản,Quản lý và phát triển bất động sản,2010-05-09 17:00:00,HNX,"VCR: Ngày 05/05/2020, ngày hủy niêm yết cổ phiếu của CTCP Đầu tư và Phát triển Du lịch Vinaconex",False
1105.0,VCS,CTCP Vicostone,HNX,Nguyên vật liệu,Nguyên vật liệu,Vật liệu xây dựng,2007-12-16 17:00:00,,,False
2646.0,VCT,CTCP Tư vấn Xây dựng Vinaconex,UPCOM,Công nghiệp,Dịch vụ thương mại và chuyên nghiệp,Dịch vụ chuyên nghiệp,2010-07-14 17:00:00,,,False
2992.0,VCX,CTCP Xi măng Yên Bình,UPCOM,Nguyên vật liệu,Nguyên vật liệu,Vật liệu xây dựng,2014-03-31 17:00:00,,,False
4718.0,VDB,CTCP Vận tải và Chế biến Than Đông Bắc,UPCOM,Năng lượng,Năng lượng,Dầu khí,2018-11-21 17:00:00,,,False
5698.0,VDG,CTCP Vạn Đạt Group,UPCOM,Tiêu dùng không thiết yếu,Thương mại hàng không thiết yếu,Bán lẻ chuyên doanh,2024-09-25 17:00:00,,,False
1106.0,VDL,CTCP Thực phẩm Lâm Đồng,HNX,Tiêu dùng thiết yếu,"Thực phẩm, đồ uống và thuốc lá",Đồ uống,2007-11-26 17:00:00,,,False
2264.0,VDN,CTCP Vinatex Đà Nẵng,UPCOM,Tiêu dùng không thiết yếu,Thời trang và hàng lâu bền,Thời trang và dệt may,2010-07-14 17:00:00,,,False
1498.0,VDP,CTCP Dược phẩm Trung ương VIDIPHA,HOSE,Chăm sóc sức khỏe,"Dược phẩm, công nghệ sinh học và khoa học sự sống",Dược phẩm,2017-08-14 17:00:00,,,False
2354.0,VDT,CTCP Lưới thép Bình Tây,UPCOM,Nguyên vật liệu,Nguyên vật liệu,Khai khoáng và luyện kim,2011-02-28 17:00:00,,,False
1236.0,VE1,CTCP Xây dựng Điện VNECO 1,HNX,Công nghiệp,Hàng hóa công nghiệp,Kỹ thuật xây dựng,2008-09-03 17:00:00,,,False
2178.0,VE3,CTCP Xây dựng Điện VNECO 3,HNX,Công nghiệp,Hàng hóa công nghiệp,Kỹ thuật xây dựng,2010-06-29 17:00:00,,,False
3231.0,VE4,CTCP Xây dựng Điện VNECO4,HNX,Công nghiệp,Hàng hóa công nghiệp,Kỹ thuật xây dựng,2012-10-15 17:00:00,,,False
2009.0,VE8,CTCP Xây dựng Điện VNECO 8,UPCOM,Công nghiệp,Hàng hóa công nghiệp,Kỹ thuật xây dựng,2012-08-26 17:00:00,HNX,"VE8: Ngày 23/05/2025, Thông báo về việc hủy bỏ niêm yết bắt buộc cổ phiếu VE8 của CTCP Xây dựng điện VNECO 8 của CTCP Xây dựng Điện Vneco 8",False
1107.0,VE9,CTCP Đầu tư và Xây dựng VNECO 9,UPCOM,Công nghiệp,Hàng hóa công nghiệp,Kỹ thuật xây dựng,2020-11-16 17:00:00,HNX,"VE9: Ngày , ngày hủy niêm yết cổ phiếu của CTCP Đầu tư và Xây dựng VNECO 9",False
4361.0,VEA,Tổng Công ty Máy động lực và Máy nông nghiệp Việt Nam – CTCP,UPCOM,Công nghiệp,Hàng hóa công nghiệp,Máy móc công nghiệp,2018-07-01 17:00:00,,,False
1782.0,VEC,Tổng Công ty cổ phần Điện tử và Tin học Việt Nam,UPCOM,Công nghệ thông tin,Phần cứng và thiết bị,Điện tử,2017-07-13 17:00:00,,,False
4001.0,VEF,CTCP Trung tâm Hội chợ Triển lãm Việt Nam,UPCOM,Công nghiệp,Dịch vụ thương mại và chuyên nghiệp,Dịch vụ và thiết bị thương mại ,2015-12-21 17:00:00,,,False
2543.0,VES,CTCP Tập đoàn VinaLiving,UPCOM,Bất động sản,Bất động sản,Quản lý và phát triển bất động sản,2015-03-17 17:00:00,HOSE,VES: Hủy niêm yết cổ phiếu ,False
4614.0,VET,CTCP Thuốc thú y Trung ương Navetco,UPCOM,Chăm sóc sức khỏe,"Dược phẩm, công nghệ sinh học và khoa học sự sống",Dược phẩm,2017-12-12 17:00:00,,,False
765.0,VFC,CTCP Vinafco,UPCOM,Công nghiệp,Vận tải,Vận tải biển,2006-07-23 17:00:00,HOSE,VFC: Hủy niêm yết cổ phiếu ,False
1875.0,VFG,CTCP Khử trùng Việt Nam,HOSE,Nguyên vật liệu,Nguyên vật liệu,Hóa chất,2009-12-16 17:00:00,,,False
988.0,VFR,CTCP Vận tải và Thuê tàu,UPCOM,Công nghiệp,Vận tải,Hạ tầng giao thông,2017-06-08 17:00:00,HNX,"VFR: Ngày 02/06/2017, ngày hủy niêm yết cổ phiếu của CTCP Vận tải và Thuê tàu",False
3619.0,VGC,Tổng Công ty Viglacera - CTCP,HOSE,Công nghiệp,Hàng hóa công nghiệp,Sản phẩm xây dựng,2019-05-28 17:00:00,UPCOM,"VGC: Ngày 16/12/2016, ngày hủy ĐKGD cổ phiếu của Tổng Công ty Viglacera - CTCP",False
2417.0,VGG,Tổng Công ty cổ phần May Việt Tiến,UPCOM,Tiêu dùng không thiết yếu,Thời trang và hàng lâu bền,Thời trang và dệt may,2016-03-09 17:00:00,,,False
2521.0,VGI,Tổng Công ty cổ phần Đầu tư Quốc tế Viettel,UPCOM,Dịch vụ truyền thông,Dịch vụ viễn thông,Dịch vụ viễn thông không dây,2018-09-24 17:00:00,,,False
3963.0,VGL,CTCP Mạ Kẽm Công Nghiệp Vingal - Vnsteel,UPCOM,Nguyên vật liệu,Nguyên vật liệu,Khai khoáng và luyện kim,2016-08-14 17:00:00,,,False
831.0,VGP,CTCP Cảng Rau Quả,HNX,Tiêu dùng thiết yếu,Thương mại hàng thiết yếu,Thương mại hàng thiết yếu,2009-06-11 17:00:00,,,False
4669.0,VGR,CTCP Cảng Xanh Vip,UPCOM,Công nghiệp,Vận tải,Hạ tầng giao thông,2018-04-11 17:00:00,,,False
1420.0,VGS,CTCP Ống thép Việt - Đức VG PIPE,HNX,Nguyên vật liệu,Nguyên vật liệu,Khai khoáng và luyện kim,2008-12-03 17:00:00,,,False
3579.0,VGT,Tập đoàn Dệt May Việt Nam,UPCOM,Tiêu dùng không thiết yếu,Thời trang và hàng lâu bền,Thời trang và dệt may,2017-01-02 17:00:00,,,False
4308.0,VGV,Tổng Công ty Tư vấn Xây dựng Việt Nam - CTCP,UPCOM,Công nghiệp,Dịch vụ thương mại và chuyên nghiệp,Dịch vụ chuyên nghiệp,2017-07-16 17:00:00,,,False
1063.0,VHC,CTCP Vĩnh Hoàn,HOSE,Tiêu dùng thiết yếu,"Thực phẩm, đồ uống và thuốc lá",Thực phẩm,2007-12-23 17:00:00,,,False
2917.0,VHD,CTCP Đầu tư Phát triển Nhà và Đô Thị VINAHUD,UPCOM,Bất động sản,Bất động sản,Quản lý và phát triển bất động sản,2017-06-21 17:00:00,,,False
4723.0,VHE,CTCP Dược liệu và Thực phẩm Việt Nam,HNX,Tiêu dùng thiết yếu,"Thực phẩm, đồ uống và thuốc lá",Thực phẩm,2019-01-13 17:00:00,,,False
2063.0,VHF,CTCP Xây dựng và Chế biến Lương thực Vĩnh Hà,UPCOM,Tiêu dùng thiết yếu,Thương mại hàng thiết yếu,Thương mại hàng thiết yếu,2010-05-06 17:00:00,,,False
1040.0,VHG,CTCP Đầu tư Phát triển Việt Trung Nam,UPCOM,Nguyên vật liệu,Nguyên vật liệu,Hóa chất,2019-05-30 17:00:00,HOSE,VHG: Thông báo về việc hủy niêm yết đối với cổ phiếu VHG,False
2345.0,VHH,CTCP Đầu tư Kinh doanh Nhà Thành Đạt,UPCOM,Nguyên vật liệu,Nguyên vật liệu,Vật liệu xây dựng,2014-06-24 17:00:00,HNX,"VHH: Ngày 23/05/2014, ngày hủy niêm yết cổ phiếu của CTCP Đầu tư và Xây dựng Viwaseen - Huế",False
1484.0,VHL,CTCP Viglacera Hạ Long,HNX,Nguyên vật liệu,Nguyên vật liệu,Vật liệu xây dựng,2009-02-11 17:00:00,,,False
4673.0,VHM,CTCP Vinhomes,HOSE,Bất động sản,Bất động sản,Quản lý và phát triển bất động sản,2018-05-16 17:00:00,,,False
942.0,VIC,Tập đoàn VINGROUP - CTCP,HOSE,Bất động sản,Bất động sản,Quản lý và phát triển bất động sản,2007-09-18 17:00:00,,,False
832.0,VID,CTCP Đầu tư Phát triển Thương mại Viễn Đông,HOSE,Nguyên vật liệu,Nguyên vật liệu,Gỗ và giấy,2006-12-24 17:00:00,,,False
2004.0,VIE,CTCP Công nghệ Viễn thông VITECO,UPCOM,Dịch vụ truyền thông,Dịch vụ viễn thông,Dịch vụ viễn thông đa dạng,2022-08-02 17:00:00,HNX,"VIE: Ngày 18/07/2022, ngày hủy niêm yết cổ phiếu của CTCP Công nghệ Viễn thông VITECO",False
4282.0,VIF,Tổng Công ty Lâm nghiệp Việt Nam - CTCP,HNX,Nguyên vật liệu,Nguyên vật liệu,Gỗ và giấy,2020-02-02 17:00:00,UPCOM,"VIF: Ngày 17/01/2020, ngày hủy ĐKGD cổ phiếu của Tổng công ty Lâm nghiệp Việt Nam- CTCP",False
1435.0,VIH,CTCP Viglacera Hà Nội,UPCOM,Nguyên vật liệu,Nguyên vật liệu,Vật liệu xây dựng,2017-04-23 17:00:00,UPCOM,"VIH: Ngày 10/04/2026, ngày hủy ĐKGD cổ phiếu của CTCP Viglacera Hà Nội",False
2490.0,VIM,CTCP Khoáng sản Viglacera,UPCOM,Nguyên vật liệu,Nguyên vật liệu,Vật liệu xây dựng,2017-01-23 17:00:00,,,False
3005.0,VIN,CTCP Giao nhận Kho vận Ngoại Thương Việt Nam,UPCOM,Công nghiệp,Vận tải,Hạ tầng giao thông,2014-09-03 17:00:00,,,False
833.0,VIP,CTCP Vận tải Xăng dầu VIPCO,HOSE,Năng lượng,Năng lượng,Dầu khí,2006-12-20 17:00:00,,,False
2143.0,VIR,CTCP Du lịch Quốc tế Vũng Tàu,UPCOM,Tiêu dùng không thiết yếu,Dịch vụ tiêu dùng,"Khách sạn, nhà hàng và giải trí",2010-06-30 17:00:00,,,False
1842.0,VIT,CTCP Viglacera Tiên Sơn,HNX,Nguyên vật liệu,Nguyên vật liệu,Vật liệu xây dựng,2009-11-02 17:00:00,,,False
3663.0,VIW,Tổng Công ty Đầu tư Nước và Môi trường Việt Nam,UPCOM,Công nghiệp,Hàng hóa công nghiệp,Kỹ thuật xây dựng,2017-01-04 17:00:00,,,False
2421.0,VJC,CTCP Hàng không Vietjet,HOSE,Công nghiệp,Vận tải,Hãng hàng không chở khách,2017-02-27 17:00:00,,,False
2701.0,VKC,CTCP VKC Holdings ,UPCOM,Tiêu dùng không thiết yếu,Thương mại hàng không thiết yếu,Nhà phân phối,2023-05-08 17:00:00,HNX,"VKC: Ngày 25/04/2023, ngày hủy niêm yết cổ phiếu của CTCP VKC Holdings",False
2601.0,VLA,CTCP Đầu tư và Phát triển Công nghệ Văn Lang,HNX,Tiêu dùng không thiết yếu,Dịch vụ tiêu dùng,Dịch vụ tiêu dùng khác,2010-08-03 17:00:00,,,False
4128.0,VLB,CTCP Xây dựng và Sản xuất Vật liệu xây dựng Biên Hòa,UPCOM,Nguyên vật liệu,Nguyên vật liệu,Vật liệu xây dựng,2016-09-21 17:00:00,,,False
3577.0,VLC,Tổng Công ty Chăn Nuôi Việt Nam - CTCP,UPCOM,Tiêu dùng thiết yếu,"Thực phẩm, đồ uống và thuốc lá",Thực phẩm,2015-10-25 17:00:00,,,False
3338.0,VLG,CTCP VIMC Logistics,UPCOM,Công nghiệp,Vận tải,Hạ tầng giao thông,2015-09-17 17:00:00,,,False
4527.0,VLP,CTCP Công trình Công cộng Vĩnh Long,UPCOM,Công nghiệp,Dịch vụ thương mại và chuyên nghiệp,Dịch vụ và thiết bị thương mại ,2017-07-17 17:00:00,,,False
5777.0,VLS,CTCP Sản xuất Thép Việt Long,UPCOM,Nguyên vật liệu,Nguyên vật liệu,Khai khoáng và luyện kim,2025-12-14 17:00:00,,,False
4277.0,VLW,CTCP Cấp nước Vĩnh Long,UPCOM,Tiện ích,Tiện ích,Nước,2017-07-16 17:00:00,,,False
2479.0,VMA,CTCP Công nghiệp Ô tô - Vinacomin,UPCOM,Tiêu dùng không thiết yếu,Xe và linh kiện,Xe,2015-08-27 17:00:00,,,False
989.0,VMC,CTCP Vimeco,HNX,Công nghiệp,Hàng hóa công nghiệp,Kỹ thuật xây dựng,2006-12-10 17:00:00,,,False
2235.0,VMD,CTCP Y Dược phẩm Vimedimex,HOSE,Chăm sóc sức khỏe,"Dược phẩm, công nghệ sinh học và khoa học sự sống",Dược phẩm,2010-09-29 17:00:00,,,False
1830.0,VMG,CTCP Thương mại và Dịch vụ Dầu khí Vũng Tàu,UPCOM,Tiện ích,Tiện ích,Gas sinh hoạt,2017-10-10 17:00:00,,,False
5600.0,VMK,CTCP Vimarko,UPCOM,Công nghiệp,Hàng hóa công nghiệp,Phân phối hàng công nghiệp,2024-01-11 17:00:00,,,False
2265.0,VMS,CTCP Phát triển Hàng Hải,HNX,Công nghiệp,Vận tải,Hạ tầng giao thông,2015-10-19 17:00:00,,,False
4926.0,VMT,CTCP Giao nhận Vận tải miền Trung,UPCOM,Công nghiệp,Vận tải,Vận tải biển,2023-01-05 17:00:00,,,False
1291.0,VNA,CTCP Vận tải Biển Vinaship,UPCOM,Công nghiệp,Vận tải,Vận tải biển,2017-05-02 17:00:00,HOSE,VNA: Quyết định hủy niêm yết cổ phiếu VNA,False
4266.0,VNB,CTCP Sách Việt Nam,UPCOM,Dịch vụ truyền thông,Truyền thông và giải trí,Truyền thông,2016-07-14 17:00:00,,,False
990.0,VNC,CTCP Tập đoàn Vinacontrol,HNX,Công nghiệp,Dịch vụ thương mại và chuyên nghiệp,Dịch vụ chuyên nghiệp,2006-12-20 17:00:00,,,False
995.0,VNE,Tổng Công ty cổ phần Xây dựng Điện Việt Nam,UPCOM,Công nghiệp,Hàng hóa công nghiệp,Kỹ thuật xây dựng,2026-07-12 17:00:00,HOSE,VNE: Quyết định về việc hủy niêm yết cổ phiếu,False
2337.0,VNF,CTCP Vinafreight,HNX,Công nghiệp,Vận tải,Vận tải và logistics hàng không,2010-11-30 17:00:00,,,False
1995.0,VNG,CTCP Du lịch Thành Thành Công,HOSE,Tiêu dùng không thiết yếu,Dịch vụ tiêu dùng,"Khách sạn, nhà hàng và giải trí",2009-12-16 17:00:00,,,False
2530.0,VNH,CTCP Đầu tư Việt Việt Nhật,UPCOM,Tiêu dùng thiết yếu,"Thực phẩm, đồ uống và thuốc lá",Thực phẩm,2017-03-30 17:00:00,HOSE,VNH: Quyết định hủy niêm yết cổ phiếu,False
1818.0,VNI,CTCP Đầu tư Bất động sản Việt Nam,UPCOM,Bất động sản,Bất động sản,Quản lý và phát triển bất động sản,2009-09-08 17:00:00,HOSE,VNI: Thông báo hủy niêm yết đối với cổ phiếu ,False
1673.0,VNL,CTCP Logistics Vinalink,HOSE,Công nghiệp,Vận tải,Vận tải và logistics hàng không,2009-08-16 17:00:00,,,False
686.0,VNM,CTCP Sữa Việt Nam,HOSE,Tiêu dùng thiết yếu,"Thực phẩm, đồ uống và thuốc lá",Thực phẩm,2006-01-18 17:00:00,,,False
2512.0,VNP,CTCP Nhựa Việt Nam,UPCOM,Nguyên vật liệu,Nguyên vật liệu,Hóa chất,2015-07-17 17:00:00,,,False
1228.0,VNS,CTCP Ánh Dương Việt Nam,HOSE,Công nghiệp,Vận tải,Vận tải mặt đất,2008-07-28 17:00:00,,,False
1672.0,VNT,CTCP Giao nhận Vận tải Ngoại thương,HNX,Công nghiệp,Vận tải,Vận tải biển,2009-08-13 17:00:00,,,False
2476.0,VNX,CTCP Quảng cáo và Hội chợ Thương mại,UPCOM,Dịch vụ truyền thông,Truyền thông và giải trí,Truyền thông,2010-06-09 17:00:00,,,False
2759.0,VNY,CTCP Thuốc thú y Trung ương I,UPCOM,Chăm sóc sức khỏe,"Dược phẩm, công nghệ sinh học và khoa học sự sống",Dược phẩm,2018-08-02 17:00:00,,,False
3095.0,VNZ,CTCP Tập đoàn VNG ,UPCOM,Dịch vụ truyền thông,Truyền thông và giải trí,Giải trí,2023-01-04 17:00:00,,,False
2402.0,VOS,CTCP Vận tải Biển Việt Nam,HOSE,Công nghiệp,Vận tải,Vận tải biển,2010-09-07 17:00:00,,,False
3171.0,VPA,CTCP Vận tải Hoá Dầu VP,UPCOM,Công nghiệp,Vận tải,Vận tải biển,2016-01-26 17:00:00,,,False
1834.0,VPC,CTCP Đầu tư và Phát triển Năng lượng Việt Nam,UPCOM,Tiêu dùng không thiết yếu,Dịch vụ tiêu dùng,Dịch vụ tiêu dùng khác,2015-05-28 17:00:00,HNX,"VPC: Ngày 15/05/2015, ngày hủy niêm yết cổ phiếu của CTCP Đầu tư và Phát triển Năng lượng Việt Nam",False
4297.0,VPD,CTCP Phát triển Điện lực Việt Nam,HOSE,Tiện ích,Tiện ích,Phát điện độc lập và điện tái tạo,2018-01-21 17:00:00,UPCOM,"VPD: Ngày 15/01/2018, ngày hủy ĐKGD cổ phiếu của CTCP Phát triển Điện lực Việt Nam",False
4644.0,VPG,CTCP Đầu tư Thương mại Xuất nhập khẩu Việt Phát,HOSE,Nguyên vật liệu,Nguyên vật liệu,Khai khoáng và luyện kim,2018-01-17 17:00:00,,,False
1819.0,VPH,CTCP Vạn Phát Hưng,HOSE,Bất động sản,Bất động sản,Quản lý và phát triển bất động sản,2009-09-08 17:00:00,,,False
4568.0,VPI,CTCP Phát triển Bất động sản Văn Phú,HOSE,Bất động sản,Bất động sản,Quản lý và phát triển bất động sản,2018-06-28 17:00:00,HNX,"VPI: Ngày 20/06/2018, ngày hủy niêm yết cổ phiếu của CTCP Đầu tư Văn Phú - Invest",False
1062.0,VPL,CTCP Vinpearl,HOSE,Tiêu dùng không thiết yếu,Dịch vụ tiêu dùng,"Khách sạn, nhà hàng và giải trí",2025-05-12 17:00:00,,,False
4413.0,VPR,CTCP VinaPrint,UPCOM,Bất động sản,Bất động sản,Quản lý và phát triển bất động sản,2016-12-19 17:00:00,,,False
1726.0,VPS,CTCP Thuốc sát trùng Việt Nam ,HOSE,Nguyên vật liệu,Nguyên vật liệu,Hóa chất,2015-08-18 17:00:00,,,False
4590.0,VPW,CTCP Cấp thoát nước Số 1 Vĩnh Phúc,UPCOM,Tiện ích,Tiện ích,Nước,2017-11-12 17:00:00,,,False
2102.0,VQC,CTCP Giám định - Vinacomin,UPCOM,Công nghiệp,Dịch vụ thương mại và chuyên nghiệp,Dịch vụ chuyên nghiệp,2010-02-25 17:00:00,,,False
2229.0,VRC,CTCP Bất động sản và Đầu tư VRC,HOSE,Bất động sản,Bất động sản,Quản lý và phát triển bất động sản,2010-07-25 17:00:00,,,False
4585.0,VRE,CTCP Vincom Retail,HOSE,Bất động sản,Bất động sản,Quản lý và phát triển bất động sản,2017-11-05 17:00:00,,,False
2503.0,VRG,CTCP Phát triển Đô thị và Khu công nghiệp Cao su Việt Nam,UPCOM,Bất động sản,Bất động sản,Quản lý và phát triển bất động sản,2014-11-09 17:00:00,,,False
1410.0,VSA,CTCP Đại lý Hàng hải Việt Nam,HNX,Công nghiệp,Vận tải,Vận tải biển,2015-12-21 17:00:00,,,False
1039.0,VSC,CTCP Container Việt Nam,HOSE,Công nghiệp,Vận tải,Hạ tầng giao thông,2008-01-08 17:00:00,,,False
4709.0,VSE,CTCP Dịch vụ Đường cao tốc Việt Nam,UPCOM,Công nghiệp,Hàng hóa công nghiệp,Kỹ thuật xây dựng,2018-10-09 17:00:00,,,False
4657.0,VSF,Tổng Công ty Lương thực Miền Nam - CTCP,UPCOM,Tiêu dùng thiết yếu,"Thực phẩm, đồ uống và thuốc lá",Thực phẩm,2018-04-22 17:00:00,,,False
1311.0,VSG,CTCP Container Phía Nam,UPCOM,Công nghiệp,Vận tải,Vận tải biển,2013-06-18 17:00:00,HOSE,VSG: Thông báo hủy niêm yết cổ phiếu                                        ,False
764.0,VSH,CTCP Thủy điện Vĩnh Sơn - Sông Hinh,HOSE,Tiện ích,Tiện ích,Phát điện độc lập và điện tái tạo,2006-07-17 17:00:00,,,False
2698.0,VSI,CTCP Đầu tư và Xây dựng Cấp thoát nước,HOSE,Công nghiệp,Hàng hóa công nghiệp,Kỹ thuật xây dựng,2010-12-23 17:00:00,,,False
4483.0,VSM,CTCP Container Miền Trung,HNX,Công nghiệp,Vận tải,Vận tải mặt đất,2017-07-16 17:00:00,,,False
4248.0,VSN,CTCP Việt Nam Kỹ nghệ Súc sản,UPCOM,Tiêu dùng thiết yếu,"Thực phẩm, đồ uống và thuốc lá",Thực phẩm,2016-10-20 17:00:00,,,False
1493.0,VST,CTCP Vận tải và Thuê tàu biển Việt Nam,UPCOM,Công nghiệp,Vận tải,Vận tải biển,2009-02-25 17:00:00,HOSE,VST: Hủy niêm yết,False
836.0,VTA,CTCP Vitaly,UPCOM,Nguyên vật liệu,Nguyên vật liệu,Vật liệu xây dựng,2011-10-30 17:00:00,,,False
837.0,VTB,CTCP Viettronics Tân Bình,HOSE,Tiêu dùng không thiết yếu,Thời trang và hàng lâu bền,Hàng tiêu dùng lâu bền,2006-12-26 17:00:00,,,False
69.0,VTC,CTCP Viễn thông VTC,HNX,Dịch vụ truyền thông,Dịch vụ viễn thông,Dịch vụ viễn thông đa dạng,2003-02-11 17:00:00,,,False
4765.0,VTD,CTCP Vietourist Holdings,UPCOM,Tiêu dùng không thiết yếu,Dịch vụ tiêu dùng,"Khách sạn, nhà hàng và giải trí",2019-11-05 17:00:00,,,False
2424.0,VTE,CTCP VINACAP Kim Long,UPCOM,Công nghệ thông tin,Phần cứng và thiết bị,Thiết bị viễn thông,2018-06-04 17:00:00,,,False
2507.0,VTG,CTCP Du lịch Tỉnh Bà Rịa - Vũng Tàu,UPCOM,Tiêu dùng không thiết yếu,Dịch vụ tiêu dùng,"Khách sạn, nhà hàng và giải trí",2015-12-24 17:00:00,,,False
1651.0,VTH,CTCP Dây cáp Điện Việt Thái,HNX,Công nghiệp,Hàng hóa công nghiệp,Thiết bị điện,2014-10-28 17:00:00,,,False
2079.0,VTI,CTCP Sản xuất - Xuất nhập khẩu Dệt may,UPCOM,Tiêu dùng không thiết yếu,Thời trang và hàng lâu bền,Thời trang và dệt may,2010-12-16 17:00:00,,,False
1729.0,VTJ,CTCP Thương mại và Đầu tư VI NA TA BA,HNX,Tiêu dùng không thiết yếu,Thương mại hàng không thiết yếu,Nhà phân phối,2017-04-25 17:00:00,UPCOM,"VTJ: Ngày 18/04/2017, ngày hủy niêm yết cổ phiếu của CTCP Thương mại và Đầu tư Vi Na Ta Ba (VTJ)",False
2945.0,VTK,CTCP Tư Vấn Và Dịch Vụ Viettel,UPCOM,Dịch vụ truyền thông,Dịch vụ viễn thông,Dịch vụ viễn thông không dây,2018-12-17 17:00:00,,,False
3222.0,VTM,CTCP Vận tải và Đưa đón thợ mỏ - VINACOMIN,UPCOM,Công nghiệp,Vận tải,Vận tải mặt đất,2015-12-28 17:00:00,,,False
952.0,VTO,CTCP Vận tải Xăng dầu Vitaco,HOSE,Năng lượng,Năng lượng,Dầu khí,2007-10-08 17:00:00,,,False
2511.0,VTP,Tổng Công ty cổ phần Bưu chính Viettel,HOSE,Công nghiệp,Vận tải,Vận tải và logistics hàng không,2024-03-11 17:00:00,UPCOM,"VTP: Ngày 01/03/2024, ngày hủy ĐKGD cổ phiếu của Tổng công ty Cổ phần Bưu chính Viettel",False
4508.0,VTQ,CTCP Việt Trung Quảng Bình,UPCOM,Nguyên vật liệu,Nguyên vật liệu,Hóa chất,2021-05-16 17:00:00,,,False
4224.0,VTR,CTCP Du lịch Vietravel,UPCOM,Tiêu dùng không thiết yếu,Dịch vụ tiêu dùng,"Khách sạn, nhà hàng và giải trí",2019-09-26 17:00:00,,,False
1109.0,VTS,CTCP Gạch ngói Từ Sơn,UPCOM,Nguyên vật liệu,Nguyên vật liệu,Vật liệu xây dựng,2021-04-15 17:00:00,HNX,"VTS: Ngày 09/04/2021, ngày hủy niêm yết cổ phiếu của CTCP Viglacera Từ Sơn",False
1113.0,VTV,CTCP Năng lượng và Môi trường VICEM,HNX,Năng lượng,Năng lượng,Dầu khí,2006-12-17 17:00:00,,,False
2826.0,VTX,CTCP Vận tải Đa Phương Thức Vietranstimex,UPCOM,Công nghiệp,Vận tải,Vận tải mặt đất,2014-05-14 17:00:00,,,False
4882.0,VTZ,CTCP Sản xuất và Thương mại Nhựa Việt Thành,HNX,Nguyên vật liệu,Nguyên vật liệu,Hóa chất,2021-11-24 17:00:00,,,False
3679.0,VVN,Tổng Công ty cổ phần Xây dựng Công nghiệp Việt Nam,UPCOM,Công nghiệp,Hàng hóa công nghiệp,Kỹ thuật xây dựng,2017-10-16 17:00:00,,,False
4917.0,VVS,CTCP Đầu tư phát triển máy Việt Nam,HOSE,Tiêu dùng không thiết yếu,Thương mại hàng không thiết yếu,Bán lẻ chuyên doanh,2025-12-09 17:00:00,UPCOM,"VVS: Ngày 28/11/2025, ngày hủy ĐKGD cổ phiếu của Công ty cổ phần Đầu tư Phát triển máy Việt Nam",False
1680.0,VW3,CTCP Viwaseen3,UPCOM,Công nghiệp,Hàng hóa công nghiệp,Kỹ thuật xây dựng,2020-04-22 17:00:00,,,False
4434.0,VWS,CTCP Nước và Môi Trường Việt Nam,UPCOM,Công nghiệp,Dịch vụ thương mại và chuyên nghiệp,Dịch vụ chuyên nghiệp,2017-01-05 17:00:00,,,False
1911.0,VXB,CTCP Vật liệu Xây dựng Bến Tre,UPCOM,Công nghiệp,Hàng hóa công nghiệp,Kỹ thuật xây dựng,2022-07-10 17:00:00,HNX,"VXB: Ngày 30/06/2022, ngày hủy niêm yết cổ phiếu của CTCP Vật liệu xây dựng Bến tre",False
4752.0,VXP,CTCP Thuốc Thú y Trung ương VETVACO,UPCOM,Chăm sóc sức khỏe,"Dược phẩm, công nghệ sinh học và khoa học sự sống",Dược phẩm,2019-08-18 17:00:00,,,False
2292.0,VXT,CTCP Kho vận và Dịch vụ Thương mại,UPCOM,Tiêu dùng không thiết yếu,Thương mại hàng không thiết yếu,Nhà phân phối,2020-05-19 17:00:00,,,False
2180.0,WCS,CTCP Bến xe Miền Tây,HNX,Công nghiệp,Vận tải,Vận tải mặt đất,2010-09-16 17:00:00,,,False
1506.0,WSB,CTCP Bia Sài Gòn - Miền Tây,UPCOM,Tiêu dùng thiết yếu,"Thực phẩm, đồ uống và thuốc lá",Đồ uống,2010-08-09 17:00:00,,,False
2615.0,WTC,CTCP Vận tải Thủy - Vinacomin,UPCOM,Công nghiệp,Vận tải,Vận tải biển,2010-07-14 17:00:00,,,False
4638.0,X20,CTCP X20,HNX,Tiêu dùng không thiết yếu,Thời trang và hàng lâu bền,Thời trang và dệt may,2018-02-04 17:00:00,,,False
4696.0,X26,CTCP 26,UPCOM,Tiêu dùng không thiết yếu,Thời trang và hàng lâu bền,Thời trang và dệt may,2018-07-08 17:00:00,,,False
4456.0,X77,CTCP Thành An 77,UPCOM,Nguyên vật liệu,Nguyên vật liệu,Vật liệu xây dựng,2017-02-16 17:00:00,,,False
2131.0,XDH,CTCP Đầu tư Xây dựng Dân dụng Hà Nội,UPCOM,Bất động sản,Bất động sản,Quản lý và phát triển bất động sản,2018-10-21 17:00:00,,,False
4085.0,XHC,CTCP Xuân Hòa Việt Nam,UPCOM,Nguyên vật liệu,Nguyên vật liệu,Gỗ và giấy,2016-11-02 17:00:00,,,False
3227.0,XLV,CTCP Xây Lắp và Dịch vụ Sông Đà,UPCOM,Công nghiệp,Hàng hóa công nghiệp,Kỹ thuật xây dựng,2018-05-21 17:00:00,,,False
1073.0,XMC,CTCP Đầu tư và Xây dựng Xuân Mai,UPCOM,Công nghiệp,Hàng hóa công nghiệp,Kỹ thuật xây dựng,2019-06-27 17:00:00,HNX,XMC: Thông báo về việc hủy niêm yết cổ phiếu XMC,False
2469.0,XMD,CTCP Xuân Mai - Đạo Tú,UPCOM,Nguyên vật liệu,Nguyên vật liệu,Vật liệu xây dựng,2015-12-24 17:00:00,,,False
4876.0,XMP,CTCP Thủy điện Xuân Minh,UPCOM,Tiện ích,Tiện ích,Phát điện độc lập và điện tái tạo,2021-08-15 17:00:00,,,False
2298.0,XPH,CTCP Xà phòng Hà Nội,UPCOM,Tiêu dùng thiết yếu,Sản phẩm chăm sóc cá nhân và gia đình,Sản phẩm chăm sóc gia đình,2014-11-24 17:00:00,,,False
1138.0,YBC,CTCP Xi măng và Khoáng sản Yên Bái,UPCOM,Nguyên vật liệu,Nguyên vật liệu,Vật liệu xây dựng,2014-06-24 17:00:00,HNX,"YBC: Ngày 28/05/2014, ngày hủy niêm yết cổ phiếu của CTCP Xi măng và Khoáng sản Yên Bái",False
4687.0,YBM,CTCP YBM,HOSE,Nguyên vật liệu,Nguyên vật liệu,Vật liệu xây dựng,2018-08-20 17:00:00,,,False
4680.0,YEG,CTCP Tập đoàn Yeah1,HOSE,Dịch vụ truyền thông,Truyền thông và giải trí,Truyền thông,2018-06-25 17:00:00,,,False
2008.0,YTC,CTCP Xuất nhập khẩu Y tế Thành phố Hồ Chí Minh,UPCOM,Chăm sóc sức khỏe,Thiết bị và dịch vụ chăm sóc sức khỏe,Thương mại và dịch vụ chăm sóc sức khỏe,2017-08-02 17:00:00,,,False
2995.0,AC4,CTCP ACC-244,OTC,,Hàng hóa công nghiệp,,,UPCOM,"AC4: Ngày 09/06/2021, ngày hủy ĐKGD cổ phiếu của CTCP ACC-244",True
4511.0,AFC,CTCP Nông Lâm nghiệp Bình Dương,OTC,,Dịch vụ thương mại và chuyên nghiệp,,,UPCOM,"AFC: Ngày 27/05/2020, ngày hủy ĐKGD cổ phiếu của CTCP Nông Lâm Nghiệp Bình Dương",True
1882.0,AGD,CTCP Gò Đàng,OTC,,"Thực phẩm, đồ uống và thuốc lá",,,HOSE,AGD: Quyết định hủy niêm yết cổ phiếu,True
4664.0,AGE,CTCP Môi trường Đô thị An Giang,OTC,,Dịch vụ thương mại và chuyên nghiệp,,,UPCOM,"AGE: Ngày 22/09/2023, ngày hủy ĐKGD cổ phiếu của CTCP Môi trường Đô thị An Giang",True
1064.0,ALP,CTCP Đầu tư Alphanam,OTC,,Hàng hóa công nghiệp,,,HOSE,ALP: Quyết định hủy niêm yết cổ phiếu,True
3728.0,AMD,CTCP Đầu tư và Khoáng sản FLC Stone,OTC,,Hàng hóa công nghiệp,,,UPCOM,"AMD: Ngày 10/06/2015, ngày hủy ĐKGD cổ phiếu của CTCP Đầu tư AMD Group",True
4732.0,AQN,CTCP 28 Quảng Ngãi,OTC,,Thời trang và hàng lâu bền,,,UPCOM,"AQN: Ngày 02/07/2021, ngày hủy ĐKGD cổ phiếu của CTCP 28 Quảng Ngãi",True
3021.0,ASA,CTCP ASA,OTC,,Thương mại hàng thiết yếu,,,HNX,"ASA: Ngày 13/06/2019, ngày hủy niêm yết cổ phiếu của CTCP Hàng tiêu dùng ASA",True
3762.0,ASD,CTCP Sông Đà Hà Nội,OTC,,Hàng hóa công nghiệp,,,UPCOM,"ASD: Ngày 04/06/2021, ngày hủy ĐKGD cổ phiếu của CTCP Sông Đà Hà Nội",True
4543.0,ATB,CTCP An Thịnh,OTC,,Hàng hóa công nghiệp,,,UPCOM,"ATB: Ngày 07/01/2026, ngày hủy ĐKGD cổ phiếu của CTCP An Thịnh",True
4746.0,ATD,CTCP 28 Đà Nẵng,OTC,,Thời trang và hàng lâu bền,,,UPCOM,"ATD: Ngày 20/08/2021, ngày hủy ĐKGD cổ phiếu của CTCP 28 Đà Nẵng",True
2835.0,AUM,CTCP Vinacafe Sơn Thành,OTC,,Thương mại hàng không thiết yếu,,,UPCOM,"AUM: Ngày 24/05/2023, ngày hủy ĐKGD cổ phiếu của CTCP Vinacafe Sơn Thành",True
2704.0,AVF,CTCP Việt An,OTC,,"Thực phẩm, đồ uống và thuốc lá",,,HOSE,AVF: Hủy niêm yết cổ phiếu,True
1135.0,B82,CTCP 482,OTC,,Hàng hóa công nghiệp,,,HNX,"B82: Ngày 20/08/2018, ngày hủy niêm yết cổ phiếu của CTCP 482",True
3763.0,BAM,CTCP Khoáng sản và Luyện kim Bắc Á,OTC,,Nguyên vật liệu,,,HNX,"BAM: Ngày 10/11/2016, ngày hủy niêm yết cổ phiếu của CTCP Khoáng sản và Luyện kim Bắc Á",True
47.0,BBC,CTCP Bibica,OTC,,"Thực phẩm, đồ uống và thuốc lá",,,HOSE,BBC: Quyết định về việc hủy niêm yết cổ phiếu,True
1489.0,BCI,Công ty TNHH MTV Đầu tư Kinh doanh Nhà Khang Phúc,Khác,,Bất động sản,,,HOSE,BCI: Thông báo hủy niêm yết đối với cổ phiếu BCI,True
4243.0,BCO,CTCP Xây dựng Bình Phước,OTC,,Nguyên vật liệu,,,UPCOM,"BCO: Ngày 31/12/2024, ngày hủy ĐKGD cổ phiếu của CTCP Xây dựng Bình Phước",True
1862.0,BDB,CTCP Sách và Thiết bị Bình Định,OTC,,Truyền thông và giải trí,,,HNX,"BDB: Ngày 15/08/2025, Về việc hủy bỏ niêm yết bắt buộc cổ phiếu BDB của Công ty cổ phần Sách và Thiết bị Bình Định của Công ty cổ phần Sách và Thiết bị Bình Định",True
3654.0,BDC,Tổng Công ty Xây dựng Bạch Đằng - CTCP,OTC,,Hàng hóa công nghiệp,,,UPCOM,"BDC: Ngày 30/11/2020, ngày hủy ĐKGD cổ phiếu của Tổng Công ty Xây dựng Bạch Đằng - CTCP",True
3104.0,BDF,CTCP Giày Bình Định,OTC,,Thời trang và hàng lâu bền,,,UPCOM,"BDF: Ngày 26/06/2020, ngày hủy ĐKGD cổ phiếu của CTCP Giày Bình Định",True
4493.0,BDP,CTCP Biệt thự và Khách sạn biển Đông Phương,OTC,,Bất động sản,,,UPCOM,"BDP: Ngày 27/10/2020, ngày hủy ĐKGD cổ phiếu của CTCP Biệt thự và Khách sạn biển Đông Phương",True
2760.0,BGM,CTCP Khai Thác và Chế Biến khoáng Sản Bắc Giang,OTC,,Nguyên vật liệu,,,HOSE,BGM: Thông báo về việc hủy niêm yết đối với cổ phiếu BGM,True
784.0,BHS,Công ty TNHH MTV Đường TTC Biên Hòa - Đồng Nai,Khác,,"Thực phẩm, đồ uống và thuốc lá",,,HOSE,BHS: Quyết định hủy niêm yết cổ phiếu,True
2659.0,BHT,CTCP Đầu tư Xây dựng Bạch Đằng TMC,OTC,,Hàng hóa công nghiệp,,,HNX,"BHT: Ngày 01/06/2018, ngày hủy niêm yết cổ phiếu của CTCP Đầu tư Xây dựng Bạch Đằng TMC",True
893.0,BHV,CTCP Bá Hiến,OTC,,Nguyên vật liệu,,,HNX,"BHV: Ngày 20/05/2014, ngày hủy niêm yết cổ phiếu của CTCP Viglacera Bá Hiến",True
3746.0,BII,CTCP Đầu tư và Phát triển Công nghiệp Bảo Thư,OTC,,Bất động sản,,,HNX,"BII: Ngày 18/05/2023, ngày hủy niêm yết cổ phiếu của CTCP Đầu tư và Phát triển Công nghiệp Bảo Thư",True
1565.0,BKH,CTCP Bánh mứt kẹo Hà Nội,OTC,,"Thực phẩm, đồ uống và thuốc lá",,,UPCOM,"BKH: Ngày 25/08/2023, ngày hủy ĐKGD cổ phiếu của CTCP Bánh Mứt Kẹo Hà Nội",True
4728.0,BLU,Trung tâm Dịch vụ Đô thị tỉnh Bạc Liêu,OTC,,Dịch vụ thương mại và chuyên nghiệp,,,UPCOM,"BLU: Ngày 04/04/2022, ngày hủy ĐKGD cổ phiếu của Trung tâm Dịch vụ Đô thị tỉnh Bạc Liêu",True
4061.0,BLW,CTCP Cấp nước Bạc Liêu,OTC,,Tiện ích,,,UPCOM,"BLW: Ngày 20/02/2024, ngày hủy ĐKGD cổ phiếu của CTCP Cấp nước Bạc Liêu",True
4748.0,BM9,CTCP Đầu tư Xây dựng 319 Miền Nam,OTC,,Thương mại hàng không thiết yếu,,,UPCOM,"BM9: Ngày 28/10/2020, ngày hủy ĐKGD cổ phiếu của CTCP Đầu tư Xây dựng 319 Miền Nam",True
4294.0,BMN,CTCP 715,OTC,,Hàng hóa công nghiệp,,,UPCOM,"BMN: Ngày 20/06/2025, ngày hủy ĐKGD cổ phiếu của Công ty Cổ phần 715",True
4240.0,BPW,CTCP Cấp thoát nước Bình Phước,OTC,,Tiện ích,,,UPCOM,"BPW: Ngày 04/04/2022, ngày hủy ĐKGD cổ phiếu của CTCP Cấp thoát nước Bình Phước",True
2081.0,BSC,CTCP Dịch vụ Bến Thành,OTC,,Bất động sản,,,HNX,"BSC: Ngày 31/12/2025, Thông báo về việc hủy bỏ niêm yết bắt buộc cổ phiếu BSC của Công ty cổ phần Dịch vụ Bến Thành của Công ty cổ phần Dịch vụ Bến Thành",True
1447.0,BST,CTCP Sách và Thiết bị Bình Thuận,OTC,,Truyền thông và giải trí,,,HNX,"BST: Ngày 29/08/2025, Về việc hủy bỏ niêm yết bắt buộc đối với cổ phiếu BST của Công ty cổ phần Sách và Thiết bị Bình Thuận   của Công ty cổ phần Sách và Thiết bị Bình Thuận",True
41.0,BTC,CTCP Cơ khí và Xây dựng Bình Triệu,OTC,,Hàng hóa công nghiệp,,,UPCOM,"BTC: Ngày 17/03/2020, ngày hủy ĐKGD cổ phiếu của CTCP Cơ Khí và Xây Dựng Bình Triệu",True
4320.0,BTR,CTCP Đường sắt Bình Trị Thiên,OTC,,Vận tải,,,UPCOM,"BTR: Ngày 25/06/2021, ngày hủy ĐKGD cổ phiếu của CTCP Đường sắt Bình Trị Thiên",True
4623.0,BUD,CTCP Khoa học Công nghệ Việt Nam,OTC,,Dịch vụ thương mại và chuyên nghiệp,,,UPCOM,"BUD: Ngày 04/04/2022, ngày hủy ĐKGD cổ phiếu của Công ty cổ phần Khoa học Công nghệ Việt Nam",True
2513.0,BXD,CTCP Vận tải và Quản lý Bến xe Đà Nẵng,OTC,,Vận tải,,,UPCOM,BXD: Thông báo hủy đăng ký giao dịch cổ phiếu BXD,True
4739.0,BXT,CTCP Bến xe Tàu Hậu Giang,OTC,,Vận tải,,,UPCOM,"BXT: Ngày 04/04/2022, ngày hủy ĐKGD cổ phiếu của CTCP Bến xe tàu Hậu Giang",True
2928.0,C12,CTCP Cầu 12,OTC,,Hàng hóa công nghiệp,,,UPCOM,"C12: Ngày 06/03/2026, ngày hủy ĐKGD cổ phiếu của CTCP Cầu 12",True
2848.0,C36,CTCP Quản lý và Xây dựng Công trình Giao thông 236,OTC,,Hàng hóa công nghiệp,,,UPCOM,"C36: Ngày 07/01/2022, ngày hủy ĐKGD cổ phiếu của CTCP Quản lý và Xây dựng công trình giao thông 236",True
3000.0,C71,CTCP 471,OTC,,Hàng hóa công nghiệp,,,UPCOM,"C71: Ngày 23/11/2021, ngày hủy ĐKGD cổ phiếu của CTCP 471",True
4665.0,CAB,CTCP Tổng Công ty Truyền hình Cáp Việt Nam,OTC,,Truyền thông và giải trí,,,UPCOM,"CAB: Ngày 31/12/2024, ngày hủy ĐKGD cổ phiếu của CTCP Tổng Công ty truyền hình cáp Việt Nam",True
4178.0,CAM,CTCP Môi trường đô thị Cà Mau,OTC,,Dịch vụ thương mại và chuyên nghiệp,,,UPCOM,"CAM: Ngày 28/01/2022, ngày hủy ĐKGD cổ phiếu của Công ty cổ phần Môi trường đô thị Cà Mau",True
1283.0,CAV,CTCP Dây Cáp điện Việt Nam,OTC,,Hàng hóa công nghiệp,,,HOSE,CAV: Quyết định hủy niêm yết cổ phiếu,True
4417.0,CBC,CTCP Chè Bàu Cạn,OTC,,"Thực phẩm, đồ uống và thuốc lá",,,UPCOM,"CBC: Ngày 29/04/2021, ngày hủy ĐKGD cổ phiếu của CTCP Chè Bàu Cạn",True
2253.0,CC4,CTCP Đầu tư và Xây dựng Số 4,OTC,,Hàng hóa công nghiệp,,,UPCOM,"CC4: Ngày 13/06/2025, ngày hủy ĐKGD cổ phiếu của CTCP Đầu tư và Xây dựng số 4",True
2112.0,CCH,CTCP Tư vấn và Đầu tư Xây dựng CCIC Hà Nội,OTC,,Dịch vụ thương mại và chuyên nghiệp,,,UPCOM,"CCH: Ngày 01/07/2021, ngày hủy ĐKGD cổ phiếu của CTCP Tư vấn và Đầu tư Xây dựng CCIC Hà Nội",True
4324.0,CDH,CTCP Công trình Công cộng và Dịch vụ Du lịch Hải Phòng,OTC,,Dịch vụ thương mại và chuyên nghiệp,,,UPCOM,"CDH: Ngày 17/11/2025, ngày hủy ĐKGD cổ phiếu của CTCP Công trình công cộng và Dịch vụ Du lịch Hải Phòng",True
3010.0,CE1,CTCP Xây dựng và Thiết bị Công nghiệp CIE1,OTC,,Hàng hóa công nghiệp,,,UPCOM,"CE1: Ngày 04/03/2025, ngày hủy ĐKGD cổ phiếu của CTCP Xây dựng và Thiết bị Công nghiệp CIE1",True
3099.0,CEC,CTCP Thiết kế Công Nghiệp Hóa chất,OTC,,Dịch vụ thương mại và chuyên nghiệp,,,UPCOM,"CEC: Ngày 19/05/2021, ngày hủy ĐKGD cổ phiếu của CTCP Thiết kế Công nghiệp Hóa chất",True
4468.0,CEE,CTCP Xây dựng Hạ tầng CII,OTC,,Hàng hóa công nghiệp,,,HOSE,CEE: Quyết định hủy niêm yết cổ phiếu,True
2005.0,CEG,CTCP Tập đoàn Xây dựng và Thiết bị Công nghiệp,OTC,,Hàng hóa công nghiệp,,,UPCOM,"CEG: Ngày 20/03/2025, ngày hủy ĐKGD cổ phiếu của CTCP Tập đoàn Xây dựng và Thiết bị Công nghiệp",True
4580.0,CER,CTCP Địa chính và Tài nguyên Môi trường,OTC,,Dịch vụ thương mại và chuyên nghiệp,,,UPCOM,"CER: Ngày 14/06/2019, ngày hủy ĐKGD cổ phiếu của CTCP Địa chính và Tài nguyên Môi trường",True
1779.0,CFC,CTCP Cafico Việt Nam,OTC,,"Thực phẩm, đồ uống và thuốc lá",,,UPCOM,"CFC: Ngày 23/11/2021, ngày hủy ĐKGD cổ phiếu của Công ty cổ phần Cafico Việt Nam",True
1731.0,CGL,CTCP Thương mại Gia Lai,OTC,,Thương mại hàng không thiết yếu,,,UPCOM,"CGL: Ngày 15/07/2022, ngày hủy ĐKGD cổ phiếu của CTCP Thương mại Gia Lai",True
1547.0,CGP,CTCP Dược phẩm Cần Giờ,Khác,,"Dược phẩm, công nghệ sinh học và khoa học sự sống",,,UPCOM,"CGP: Ngày 15/08/2019, ngày hủy ĐKGD cổ phiếu của CTCP Dược phẩm Cần Giờ",True
898.0,CIC,CTCP Đầu tư và Xây dựng Cotec,OTC,,Hàng hóa công nghiệp,,,HNX,CIC: Thông báo hủy niêm yết cổ phiếu của CTCP Đầu tư và Xây dựng Cotec,True
2861.0,CKH,CTCP Cơ khí Chế Tạo Hải Phòng,OTC,,Hàng hóa công nghiệp,,,UPCOM,"CKH: Ngày 12/05/2021, ngày hủy ĐKGD cổ phiếu của CTCP Cơ khí chế tạo Hải Phòng",True
2252.0,CLG,CTCP Đầu tư và Phát triển Nhà đất COTEC,OTC,,Hàng hóa công nghiệp,,,HOSE,CLG: Thông báo về việc hủy niêm yết đối với cổ phiếu,True
2949.0,CLP,CTCP Thủy sản Cửu Long,OTC,,"Thực phẩm, đồ uống và thuốc lá",,,HOSE,CLP: Quyết định hủy niêm yết cổ phiếu,True
3780.0,CNH,CTCP Cảng Nha Trang,OTC,,Vận tải,,,UPCOM,"CNH: Ngày 14/07/2020, ngày hủy ĐKGD cổ phiếu của CTCP Cảng Nha Trang",True
4106.0,CPW,CTCP Công trình Giao thông Công chánh,OTC,,Hàng hóa công nghiệp,,,UPCOM,"CPW: Ngày 09/07/2021, ngày hủy ĐKGD cổ phiếu của CTCP Công trình Giao thông Công chánh",True
1137.0,CSG,CTCP Cáp Sài Gòn,Khác,,Dịch vụ viễn thông,,,HOSE,CSG: Thông báo và quyết định hủy niêm yết,True
4789.0,CT5,CTCP 319.5,OTC,,Hàng hóa công nghiệp,,,UPCOM,"CT5: Ngày 04/04/2022, ngày hủy ĐKGD cổ phiếu của CTCP 319.5",True
2643.0,CTA,CTCP Vinavico,OTC,,Nguyên vật liệu,,,HNX,"CTA: Ngày 13/12/2019, ngày hủy niêm yết cổ phiếu của CTCP Vinavico",True
1213.0,CTC,CTCP Tập đoàn Hoàng Kim Tây Nguyên,OTC,,Dịch vụ tiêu dùng,,,HNX,"CTC: Ngày 14/01/2025, Thông báo hủy niêm yết bắt buộc của CTCP Tập đoàn Hoàng Kim Tây Nguyên",True
1529.0,CTM,CTCP Đầu tư Xây dựng và Khai thác mỏ Vinavico,OTC,,Hàng hóa công nghiệp,,,HNX,"CTM: Ngày 12/06/2015, ngày hủy niêm yết cổ phiếu của CTCP Đầu tư xây dựng và khai thác mỏ Vinavico",True
903.0,CTN,CTCP Xây dựng Công trình ngầm,OTC,,Hàng hóa công nghiệp,,,HNX,"CTN: Ngày 19/05/2016, ngày hủy niêm yết cổ phiếu của CTCP Xây dựng công trình ngầm",True
2946.0,CTV,CTCP Đầu tư - Sản xuất và Thương mại Việt Nam,OTC,,Thương mại hàng không thiết yếu,,,HNX,CTV: Thông báo hủy niêm yết cổ phiếu của CTCP Đầu tư - Sản xuất và Thương mại Việt Nam,True
2250.0,CVC,CTCP Cơ điện Vật tư,OTC,,Hàng hóa công nghiệp,,,UPCOM,"CVC: Ngày 22/07/2020, ngày hủy ĐKGD cổ phiếu của CTCP Cơ điện Vật tư",True
4513.0,CVH,"CTCP Công viên, Cây xanh Hải Phòng",OTC,,Dịch vụ thương mại và chuyên nghiệp,,,UPCOM,"CVH: Ngày 09/06/2021, ngày hủy ĐKGD cổ phiếu của CTCP Công viên, Cây xanh Hải Phòng",True
4897.0,CVP,CTCP Cảng Cửa Việt,OTC,,Vận tải,,,UPCOM,"CVP: Ngày 05/07/2023, ngày hủy ĐKGD cổ phiếu của CTCP Cảng Cửa Việt",True
4262.0,CXH,CTCP Xe khách Hà Nội,OTC,,Vận tải,,,UPCOM,"CXH: Ngày 24/11/2021, ngày hủy ĐKGD cổ phiếu của Công ty Cổ phần Xe Khách Hà Nội",True
2726.0,CZC,CTCP Than Miền Trung,OTC,,Năng lượng,,,UPCOM,"CZC: Ngày 03/05/2019, ngày hủy ĐKGD cổ phiếu của CTCP Than Miền Trung",True
5598.0,D17,CTCP Đồng Tân,OTC,,Nguyên vật liệu,,,UPCOM,"D17: Ngày 24/01/2025, ngày hủy ĐKGD cổ phiếu của CTCP Đồng Tân",True
1710.0,D26,CTCP Quản lý và Xây dựng Đường bộ 26,OTC,,Hàng hóa công nghiệp,,,UPCOM,"D26: Ngày 20/09/2017, ngày hủy ĐKGD cổ phiếu của CTCP Quản lý và Xây dựng Đường bộ 26",True
2540.0,DAP,CTCP Đông Á,OTC,,Nguyên vật liệu,,,UPCOM,"DAP: Ngày 28/01/2022, ngày hủy ĐKGD cổ phiếu của CTCP Đông Á",True
4194.0,DAR,CTCP Xe lửa Dĩ An,OTC,,Dịch vụ thương mại và chuyên nghiệp,,,UPCOM,"DAR: Ngày 05/07/2022, ngày hủy ĐKGD cổ phiếu của CTCP Xe lửa Dĩ An",True
4313.0,DBH,CTCP Đường bộ Hải Phòng,OTC,,Hàng hóa công nghiệp,,,UPCOM,"DBH: Ngày 08/07/2022, ngày hủy ĐKGD cổ phiếu của CTCP Đường bộ Hải Phòng",True
4109.0,DBW,CTCP Cấp nước Điện Biên,OTC,,Tiện ích,,,UPCOM,"DBW: Ngày 27/12/2022, ngày hủy ĐKGD cổ phiếu của CTCP Cấp nước Điện Biên",True
2176.0,DCD,CTCP Du lịch và Thương mại DIC,Khác,,Dịch vụ tiêu dùng,,,UPCOM,"DCD: Ngày 15/06/2020, ngày hủy ĐKGD cổ phiếu của CTCP Du lịch & Thương mại DIC",True
2471.0,DCI,CTCP Công nghiệp Hóa chất Đà Nẵng,OTC,,Nguyên vật liệu,,,UPCOM,"DCI: Ngày 23/07/2021, ngày hủy ĐKGD cổ phiếu của CTCP Công nghiệp Hóa chất Đà Nẵng",True
4185.0,DFS,CTCP Chế biến Xuất nhập khẩu Nông sản Thực phẩm Đồng Nai,OTC,,"Thực phẩm, đồ uống và thuốc lá",,,UPCOM,"DFS: Ngày 24/09/2020, ngày hủy ĐKGD cổ phiếu của CTCP Chế biến Xuất nhập khẩu Nông sản Thực phẩm Đồng Nai",True
3354.0,DGL,CTCP Hóa chất Đức Giang - Lào Cai,Khác,,Nguyên vật liệu,,,HNX,"DGL: Ngày 05/09/2018, ngày hủy niêm yết cổ phiếu của CTCP Hóa chất Đức Giang - Lào Cai",True
906.0,DHI,CTCP In Diên Hồng,Khác,,Dịch vụ thương mại và chuyên nghiệp,,,HNX,DHI: Quyết định hủy niêm yết và thông báo ngày hủy cổ phiếu DHI,True
2925.0,DHL,CTCP Cơ khí Vận tải Thương mại Đại Hưng,Khác,,Nguyên vật liệu,,,HNX,DHL: Quyết định và Thông báo hủy niêm yết cổ phiếu ,True
4797.0,DKH,Trung tâm Đăng kiểm phương tiện Giao thông Thủy bộ,OTC,,Dịch vụ thương mại và chuyên nghiệp,,,UPCOM,"DKH: Ngày 04/04/2022, ngày hủy ĐKGD cổ phiếu của Trung tâm Đăng kiểm phương tiện Giao thông Thủy bộ",True
4707.0,DKP,CTCP Dược Khoa,OTC,,"Dược phẩm, công nghệ sinh học và khoa học sự sống",,,UPCOM,"DKP: Ngày 30/06/2020, ngày hủy ĐKGD cổ phiếu của CTCP Dược khoa",True
5711.0,DKW,CTCP Cấp nước sinh hoạt Châu Thành,OTC,,Tiện ích,,,UPCOM,"DKW: Ngày 03/02/2026, ngày hủy ĐKGD cổ phiếu của CTCP Cấp nước sinh hoạt Châu Thành",True
2149.0,DLC,CTCP Du lịch Cần Thơ,OTC,,Dịch vụ tiêu dùng,,,UPCOM,,True
4927.0,DLM,CTCP Chiếu sáng công cộng Đà Nẵng,OTC,,Hàng hóa công nghiệp,,,UPCOM,"DLM: Ngày 23/02/2024, ngày hủy ĐKGD cổ phiếu của CTCP Chiếu sáng công cộng Đà Nẵng",True
3353.0,DMS,CTCP Hóa phẩm Dầu khí DMC - Miền Nam,OTC,,Nguyên vật liệu,,,UPCOM,"DMS: Ngày 22/05/2026, ngày hủy ĐKGD cổ phiếu của CTCP Hóa phẩm Dầu khí DMC - Miền Nam",True
4743.0,DNB,CTCP Sách và Thiết bị trường học tỉnh Đắk Nông,OTC,,Thương mại hàng không thiết yếu,,,UPCOM,"DNB: Ngày 04/04/2022, ngày hủy ĐKGD cổ phiếu của CTCP Sách và Thiết bị trường học Đắk Nông",True
4300.0,DNR,CTCP Đường sắt Quảng Nam - Đà Nẵng,OTC,,Vận tải,,,UPCOM,"DNR: Ngày 20/07/2021, ngày hủy ĐKGD cổ phiếu của CTCP Đường Sắt Quảng Nam - Đà Nẵng",True
2537.0,DNS,CTCP Thép Đà Nẵng,OTC,,Nguyên vật liệu,,,UPCOM,"DNS: Ngày 13/07/2021, ngày hủy ĐKGD cổ phiếu của CTCP Thép Đà Nẵng",True
2546.0,DNY,CTCP Thép DANA - Ý,OTC,,Nguyên vật liệu,,,HNX,"DNY: Ngày 05/06/2020, ngày hủy niêm yết cổ phiếu của CTCP Thép Dana-Ý",True
4854.0,DPD,CTCP Cao su Đồng Phú - Đắk Nông,Khác,,Nguyên vật liệu,,,UPCOM,"DPD: Ngày 23/02/2023, ngày hủy ĐKGD cổ phiếu của CTCP Cao su Đồng Phú - ĐắK Nông",True
4019.0,DPS,CTCP Đầu tư Phát triển Sóc Sơn,OTC,,Thương mại hàng không thiết yếu,,,HNX,"DPS: Ngày 24/06/2021, ngày hủy niêm yết cổ phiếu của CTCP Đầu tư Phát triển Sóc Sơn",True
4492.0,DSS,CTCP Đường sắt Sài Gòn,OTC,,Vận tải,,,UPCOM,"DSS: Ngày 11/06/2021, ngày hủy ĐKGD cổ phiếu của CTCP Đường sắt Sài Gòn",True
4408.0,DSV,CTCP Đường sắt Vĩnh Phú,OTC,,Vận tải,,,UPCOM,"DSV: Ngày 14/06/2024, ngày hủy ĐKGD cổ phiếu của CTCP Đường sắt Vĩnh Phú",True
4302.0,DT4,CTCP Quản Lý Đường Sông Số 4,OTC,,Năng lượng,,,UPCOM,"DT4: Ngày 08/07/2022, ngày hủy ĐKGD cổ phiếu của CTCP Quản lý đường sông số 4",True
4751.0,DTB,CTCP Công trình Đô thị Bảo Lộc,OTC,,Dịch vụ thương mại và chuyên nghiệp,,,UPCOM,"DTB: Ngày 06/08/2025, ngày hủy ĐKGD cổ phiếu của CTCP Công trình Đô thị Bảo Lộc",True
4850.0,DTE,CTCP Đầu tư Năng lượng Đại Trường Thành Holdings,OTC,,Tiện ích,,,UPCOM,"DTE: Ngày 03/06/2026, ngày hủy ĐKGD cổ phiếu của CTCP Đầu tư Năng Lượng Đại Trường Thành Holdings",True
2243.0,DTN,CTCP Diêm Thống Nhất,OTC,,Sản phẩm chăm sóc cá nhân và gia đình,,,UPCOM,"DTN: Ngày 21/10/2020, ngày hủy ĐKGD cổ phiếu của CTCP Diêm Thống nhất",True
2538.0,DTV,CTCP Phát triển Điện Trà Vinh,OTC,,Tiện ích,,,UPCOM,"DTV: Ngày 09/07/2024, ngày hủy ĐKGD cổ phiếu của CTCP Phát triển điện Trà Vinh",True
1888.0,DVD,CTCP Dược phẩm Viễn Đông,Khác,,"Dược phẩm, công nghệ sinh học và khoa học sự sống",,,HOSE,DVD: Quyết định hủy niêm yết cổ phiếu ,True
2678.0,DVH,CTCP Chế tạo Máy điện Việt Nam - Hungari,Khác,,Dịch vụ thương mại và chuyên nghiệp,,,UPCOM,"DVH: Ngày 13/03/2019, ngày hủy ĐKGD cổ phiếu của CTCP Chế tạo máy điện Việt Nam - Hungari",True
4693.0,DX2,CTCP Đầu tư và Xây dựng 319.2,OTC,,Hàng hóa công nghiệp,,,UPCOM,"DX2: Ngày 04/04/2022, ngày hủy ĐKGD cổ phiếu của CTCP Đầu tư và Xây dựng 319.2",True
4800.0,DXD,CTCP Đầu tư và Phát triển Xây lắp Đông Anh,OTC,,Hàng hóa công nghiệp,,,UPCOM,"DXD: Ngày 25/01/2022, ngày hủy ĐKGD cổ phiếu của Công ty cổ phần Đầu tư và phát triển xây lắp Đông Anh",True
1763.0,DZM,CTCP Cơ điện Dzĩ An,OTC,,Hàng hóa công nghiệp,,,HNX,"DZM: Ngày 31/01/2024, Thông báo hủy bỏ niêm yết bắt buộc cổ phiếu của CTCP Cơ điện Dzĩ An",True
3712.0,EAD,CTCP Thủy điện Điện lực Đắk Lắk,OTC,,Tiện ích,,,UPCOM,"EAD: Ngày 21/06/2022, ngày hủy ĐKGD cổ phiếu của CTCP Thủy điện Điện lực Đắk Lắk",True
4764.0,EBA,CTCP Điện Bắc Nà,OTC,,Tiện ích,,,HNX,"EBA: Ngày 01/09/2021, ngày hủy niêm yết cổ phiếu của CTCP Điện Bắc Nà",True
2028.0,EMC,CTCP Cơ điện Thủ Đức,OTC,,Hàng hóa công nghiệp,,,HOSE,EMC: Thông báo về việc hủy niêm yết cổ phiếu,True
4705.0,EPC,CTCP Cà phê Ea Pốk,OTC,,"Thực phẩm, đồ uống và thuốc lá",,,UPCOM,"EPC: Ngày 24/10/2025, ngày hủy ĐKGD cổ phiếu của CTCP Cà phê Ea Pốk",True
3126.0,EPH,CTCP Dịch vụ Xuất bản Giáo dục Hà Nội,OTC,,Truyền thông và giải trí,,,UPCOM,"EPH: Ngày 27/05/2025, ngày hủy ĐKGD cổ phiếu của CTCP Dịch vụ Xuất bản Giáo dục Hà Nội",True
1744.0,FBA,CTCP Tập đoàn Quốc tế FBA,OTC,,Thương mại hàng không thiết yếu,,,UPCOM,"FBA: Ngày 06/03/2026, ngày hủy ĐKGD cổ phiếu của CTCP Tập đoàn Quốc Tế FBA",True
2356.0,FDG,CTCP Docimexco,OTC,,Nguyên vật liệu,,,HOSE,FDG: Quyết định hủy niêm yết cổ phiếu ,True
1758.0,FDT,CTCP FIDITOUR,OTC,,Dịch vụ tiêu dùng,,,HNX,"FDT: Ngày 16/06/2020, ngày hủy niêm yết cổ phiếu của CTCP Fiditour",True
2652.0,FLC,CTCP Tập đoàn FLC,OTC,,Nguyên vật liệu,,,HNX,FLC: Quyết định hủy niêm yết cổ phiếu của CTCP Tập đoàn FLC,True
4749.0,GAB,CTCP Đầu tư Khai Khoáng và Quản lý Tài sản FLC,OTC,,Nguyên vật liệu,,,HOSE,GAB: Thông báo về việc hủy niêm yết cổ phiếu,True
4804.0,GE2,Tổng Công ty Phát điện 2 - CTCP,OTC,,Tiện ích,,,UPCOM,"GE2: Ngày 29/12/2022, ngày hủy ĐKGD cổ phiếu của Tổng công ty Phát điện 2 - Công ty cổ phần",True
2654.0,GFC,CTCP Sản xuất Thương mại Dịch vụ GFC,OTC,,Thương mại hàng không thiết yếu,,,HNX,GFC: Quyết định hủy niêm yết cổ phiếu của CTCP Thủy sản Gentraco,True
4130.0,GGS,CTCP Giống gia súc Hà Nội,OTC,,"Thực phẩm, đồ uống và thuốc lá",,,UPCOM,"GGS: Ngày 02/07/2020, ngày hủy ĐKGD cổ phiếu của Công ty Cổ phần Giống gia súc Hà Nội",True
4786.0,GQN,Trung tâm Giống Thủy sản Quảng Nam,OTC,,"Thực phẩm, đồ uống và thuốc lá",,,UPCOM,"GQN: Ngày 04/04/2022, ngày hủy ĐKGD cổ phiếu của Công ty cổ phần Giống Thủy sản Quảng Nam",True
3891.0,GTC,CTCP Trà Rồng Vàng,OTC,,"Thực phẩm, đồ uống và thuốc lá",,,UPCOM,"GTC: Ngày 12/02/2020, ngày hủy ĐKGD cổ phiếu của CTCP Trà Rồng Vàng",True
1859.0,GTH,CTCP Xây dựng - Giao thông Thừa Thiên Huế,OTC,,Hàng hóa công nghiệp,,,UPCOM,"GTH: Ngày 06/04/2023, ngày hủy ĐKGD cổ phiếu của CTCP Xây dựng- Giao thông Thừa Thiên Huế",True
3979.0,GTK,CTCP Giầy Thụy Khê,OTC,,Thời trang và hàng lâu bền,,,UPCOM,"GTK: Ngày 04/04/2022, ngày hủy ĐKGD cổ phiếu của CTCP Giầy Thụy Khuê",True
3740.0,GTN,CTCP GTNFoods,Khác,,"Thực phẩm, đồ uống và thuốc lá",,,HOSE,GTN: Quyết định về việc hủy niêm yết cổ phiếu,True
4628.0,HAB,CTCP Sách và Thiết bị Trường học Hà Nội,OTC,,Truyền thông và giải trí,,,UPCOM,"HAB: Ngày 04/04/2022, ngày hủy ĐKGD cổ phiếu của CTCP Sách và Thiết bị trường học Hà Nội",True
910.0,HAI,CTCP Nông dược H.A.I,OTC,,Thương mại hàng không thiết yếu,,,HOSE,HAI: Quyết định hủy niêm yết cổ phiếu,True
4821.0,HAW,Trung tâm Nước sạch và Vệ sinh môi trường nông thôn,OTC,,Tiện ích,,,UPCOM,"HAW: Ngày 04/04/2022, ngày hủy ĐKGD cổ phiếu của Công ty cổ phần Cấp nước và Vệ sinh môi trường nông thôn Hậu Giang",True
1080.0,HBE,CTCP Sách thiết bị Trường học Hà Tĩnh,OTC,,Truyền thông và giải trí,,,HNX,"HBE: Ngày 10/08/2021, ngày hủy niêm yết cổ phiếu của CTCP Sách - Thiết bị trường học Hà Tĩnh",True
4283.0,HBI,CTCP HBI,OTC,,Bất động sản,,,UPCOM,"HBI: Ngày 13/11/2017, ngày hủy ĐKGD cổ phiếu của Công ty Cổ phần HBI",True
4655.0,HBW,CTCP Nước sạch Hòa Bình,OTC,,Tiện ích,,,UPCOM,"HBW: Ngày 04/06/2021, ngày hủy ĐKGD cổ phiếu của CTCP Nước sạch Hòa Bình",True
1895.0,HCB,CTCP Dệt may 29/3,OTC,,Thời trang và hàng lâu bền,,,UPCOM,"HCB: Ngày 26/06/2025, ngày hủy ĐKGD cổ phiếu của CTCP Dệt may 29/3",True
4491.0,HCS,CTCP Thông tin Tín hiệu Đường sắt Hà Nội,OTC,,Vận tải,,,UPCOM,"HCS: Ngày 18/06/2021, ngày hủy ĐKGD cổ phiếu của CTCP Thông tin Tín hiệu Đường sắt Hà Nội",True
4741.0,HD3,CTCP Đầu tư phát triển Nhà và Đô thị MHDI3,OTC,,Hàng hóa công nghiệp,,,UPCOM,"Ngày 07/10/2019, ngày hủy ĐKGD cổ phiếu của CTCP Đầu tư Phát triển Nhà và Đô thị MHDI3",True
1836.0,HDO,CTCP Hưng Đạo Container,OTC,,Hàng hóa công nghiệp,,,HNX,"HDO: Ngày 26/05/2017, ngày hủy niêm yết cổ phiếu của CTCP Hưng Đạo Container",True
4181.0,HDS,CTCP Giống cây trồng Hải Dương,OTC,,"Thực phẩm, đồ uống và thuốc lá",,,UPCOM,"HDS: Ngày 03/07/2025, ngày hủy ĐKGD cổ phiếu của CTCP Giống cây trồng Hải Dương",True
2911.0,HEM,CTCP Chế tạo Điện Cơ Hà Nội,OTC,,Hàng hóa công nghiệp,,,UPCOM,"HEM: Ngày 17/05/2024, ngày hủy ĐKGD cổ phiếu của CTCP Chế tạo Điện cơ Hà Nội",True
3883.0,HFS,CTCP Thương mại Dịch vụ Thời trang Hà Nội,OTC,,Thời trang và hàng lâu bền,,,UPCOM,"HFS: Ngày 25/08/2021, ngày hủy ĐKGD cổ phiếu của CTCP Thương mại Dịch vụ Thời trang Hà Nội",True
4790.0,HGA,Trung tâm Giống Nông nghiệp tỉnh Hậu Giang,OTC,,Dịch vụ thương mại và chuyên nghiệp,,,UPCOM,"HGA: Ngày 04/04/2022, ngày hủy ĐKGD cổ phiếu của Công ty cổ phần Nông nghiệp công nghệ cao Hậu Giang",True
4795.0,HGC,Trung tâm Quy hoạch - Kiến trúc tỉnh Hậu Giang,OTC,,Dịch vụ thương mại và chuyên nghiệp,,,UPCOM,"HGC: Ngày 04/04/2022, ngày hủy ĐKGD cổ phiếu của CTCP Quy hoạch Kiến trúc và Đầu tư Xây dựng Hậu Giang",True
4820.0,HGR,CTCP Tài nguyên và Môi trường Hậu Giang,OTC,,Dịch vụ thương mại và chuyên nghiệp,,,UPCOM,"HGR: Ngày 04/04/2022, ngày hủy ĐKGD cổ phiếu của Công ty cổ phần Tài nguyên và Môi trường Hậu Giang",True
4436.0,HGW,CTCP Cấp thoát nước - Công trình Đô thị Hậu Giang,OTC,,Tiện ích,,,UPCOM,"HGW: Ngày 23/07/2024, ngày hủy ĐKGD cổ phiếu của CTCP Cấp thoát nước - Công trình đô thị Hậu Giang",True
2242.0,HHA,CTCP Văn phòng phẩm Hồng Hà,OTC,,Thời trang và hàng lâu bền,,,UPCOM,"HHA: Ngày 01/11/2019, ngày hủy ĐKGD cổ phiếu của CTCP Văn phòng phẩm Hồng Hà",True
1913.0,HHL,CTCP Hồng Hà Long An,OTC,,Nguyên vật liệu,,,HNX,"HHL: Ngày 08/05/2014, ngày hủy niêm yết cổ phiếu của CTCP Hồng Hà Long An",True
4458.0,HHR,CTCP Đường sắt Hà Hải,OTC,,Hàng hóa công nghiệp,,,UPCOM,"HHR: Ngày 28/06/2024, ngày hủy ĐKGD cổ phiếu của Công ty cổ phần Đường sắt Hà Hải",True
1778.0,HIG,CTCP Tập đoàn HIPT,OTC,,Phần mềm và dịch vụ,,,UPCOM,"HIG: Ngày 22/08/2025, ngày hủy ĐKGD cổ phiếu của CTCP Tập Đoàn HIPT",True
3331.0,HIZ,CTCP Khu Công nghiệp Hố Nai,OTC,,Bất động sản,,,UPCOM,"HIZ: Ngày 04/01/2022, ngày hủy ĐKGD cổ phiếu của CTCP Khu công nghiệp Hố Nai",True
1663.0,HKC,CTCP Dệt kim Hà Nội,OTC,,Thời trang và hàng lâu bền,,,UPCOM,"HKC: Ngày 16/12/2021, ngày hủy ĐKGD cổ phiếu của CTCP Dệt Kim Hà Nội",True
2016.0,HKP,CTCP Bao bì Hà Tiên,OTC,,Nguyên vật liệu,,,UPCOM,"HKP: Ngày 14/06/2023, ngày hủy ĐKGD cổ phiếu của Công ty Cổ phần Bao bì Hà Tiên",True
4592.0,HLE,CTCP Điện Chiếu sáng Hải Phòng,OTC,,Hàng hóa công nghiệp,,,UPCOM,"HLE: Ngày 30/06/2022, ngày hủy ĐKGD cổ phiếu của CTCP Điện chiếu sáng Hải Phòng",True
1508.0,HLG,CTCP Tập đoàn Hoàng Long,OTC,,"Thực phẩm, đồ uống và thuốc lá",,,HOSE,HLG: Quyết định về việc hủy niêm yết cổ phiếu HLG,True
4304.0,HLR,CTCP Đường sắt Hà Lạng,OTC,,Vận tải,,,UPCOM,"HLR: Ngày 02/07/2024, ngày hủy ĐKGD cổ phiếu của Công ty Cổ phần Đường sắt Hà Lạng",True
4281.0,HNE,CTCP Hanel,OTC,,Thương mại hàng không thiết yếu,,,UPCOM,"HNE: Ngày 04/04/2022, ngày hủy ĐKGD cổ phiếu của CTCP Hanel",True
3996.0,HNT,CTCP Xe điện Hà Nội,OTC,,Vận tải,,,UPCOM,"HNT: Ngày 08/07/2022, ngày hủy ĐKGD cổ phiếu của Công ty Cổ phần Xe điện Hà Nội",True
4168.0,HPM,CTCP Xây dựng Thương mại và Khoáng Sản Hoàng Phúc,OTC,,Nguyên vật liệu,,,HNX,"HPM: Ngày 18/07/2022, ngày hủy niêm yết cổ phiếu của CTCP Xây dựng Thương mại và Khoáng sản Hoàng Phúc",True
2686.0,HPR,CTCP Đầu tư Xây dựng Hồng Phát,Khác,,Bất động sản,,,HNX,HPR: Thông báo hủy niêm yết cổ phiếu,True
917.0,HPS,CTCP Đá Xây dựng Hòa Phát,Khác,,Nguyên vật liệu,,,HNX,"HPS: Ngày 30/05/2016, ngày hủy niêm yết cổ phiếu của CTCP Đá xây dựng Hòa Phát",True
4643.0,HPU,CTCP 28 Hưng Phú,OTC,,Thời trang và hàng lâu bền,,,UPCOM,"HPU: Ngày 04/06/2021, ngày hủy ĐKGD cổ phiếu của CTCP 28 Hưng Phú",True
4075.0,HRG,CTCP Cao su Hà Nội,OTC,,Thời trang và hàng lâu bền,,,UPCOM,HRG: Quyết định hủy đăng ký giao dịch cổ phiếu,True
4191.0,HRT,CTCP Vận tải Đường sắt Hà Nội,Khác,,Vận tải,,,UPCOM,"HRT: Ngày 31/10/2024, ngày hủy ĐKGD cổ phiếu của CTCP Vận tải Đường sắt Hà Nội",True
1023.0,HSI,CTCP Vật tư Tổng hợp và Phân bón Hóa Sinh,OTC,,Nguyên vật liệu,,,HOSE,HSI: Thông báo hủy niêm yết đối với cổ phiếu HSI ,True
1904.0,HST,CTCP Phát hành sách và Thiết bị Trường học Hưng Yên,OTC,,Truyền thông và giải trí,,,HNX,"HST: Ngày 10/02/2020, ngày hủy niêm yết cổ phiếu của CT CP Phát hành sách và Thiết bị trường học Hưng Yên",True
2535.0,HTB,CTCP Xây dựng Huy Thắng,OTC,,Hàng hóa công nghiệp,,,HNX,HTB: Thông báo về việc hủy niêm yết cổ phếu,True
4872.0,HTH,CTCP Hoa tiêu hàng hải - TKV,OTC,,Vận tải,,,UPCOM,"HTH: Ngày 02/11/2022, ngày hủy ĐKGD cổ phiếu của CTCP Hoa tiêu hàng hải  - TKV",True
4700.0,HTK,CTCP Đăng kiểm xe cơ giới Hải Dương,OTC,,Vận tải,,,UPCOM,"HTK: Ngày 04/04/2022, ngày hủy ĐKGD cổ phiếu của CTCP Đăng kiểm xe cơ giới Hải Dương",True
4462.0,HTR,CTCP Đường sắt Hà Thái,OTC,,Vận tải,,,UPCOM,"HTR: Ngày 04/08/2023, ngày hủy ĐKGD cổ phiếu của CTCP Đường sắt Hà Thái",True
3773.0,HTU,CTCP Môi trường và Công trình đô thị Hà Tĩnh ,OTC,,Dịch vụ thương mại và chuyên nghiệp,,,UPCOM,"HTU: Ngày 15/09/2021, ngày hủy ĐKGD cổ phiếu của CTCP Môi trường và Công trình đô thị Hà Tĩnh",True
3896.0,HTW,CTCP Cấp nước Hà Tĩnh,OTC,,Tiện ích,,,UPCOM,"HTW: Ngày 06/07/2023, ngày hủy ĐKGD cổ phiếu của CTCP Cấp nước Hà Tĩnh",True
4330.0,HUX,CTCP Khoáng sản Thừa Thiên Huế,OTC,,Nguyên vật liệu,,,UPCOM,"HUX: Ngày 04/04/2022, ngày hủy ĐKGD cổ phiếu của CTCP Khoáng sản Thừa Thiên Huế",True
1857.0,HVG,CTCP Hùng Vương,OTC,,"Thực phẩm, đồ uống và thuốc lá",,,HOSE,HVG: Thông báo về việc hủy niêm yết đối với cổ phiếu HVG,True
4295.0,I10,CTCP Đầu tư Xây dựng Số 10 IDICO,OTC,,Hàng hóa công nghiệp,,,UPCOM,"I10: Ngày 28/01/2022, ngày hủy ĐKGD cổ phiếu của Công ty Cổ phần Đầu tư Xây dựng số 10 IDICO",True
4311.0,IBC,CTCP Đầu tư Apax Holdings,OTC,,Dịch vụ tiêu dùng,,,UPCOM,"IBC: Ngày 12/12/2017, ngày hủy ĐKGD cổ phiếu của CTCP Đầu tư APAX HOLDINGS",True
4862.0,IBN,CTCP In Báo Nghệ An,OTC,,Truyền thông và giải trí,,,UPCOM,"IBN: Ngày 14/12/2022, ngày hủy ĐKGD cổ phiếu của Công ty cổ phần In báo Nghệ An",True
2532.0,IDN,CTCP In và Dịch vụ Đà Nẵng,OTC,,Dịch vụ thương mại và chuyên nghiệp,,,UPCOM,IDN: Hủy đăng ký giao dịch,True
2108.0,IFC,CTCP Thực phẩm Công nghệ Sài Gòn,OTC,,Thương mại hàng không thiết yếu,,,UPCOM,"IFC: Ngày 08/10/2021, ngày hủy ĐKGD cổ phiếu của CTCP Thực Phẩm Công Nghệ Sài Gòn",True
2270.0,IHK,CTCP In Hàng Không,OTC,,Dịch vụ thương mại và chuyên nghiệp,,,UPCOM,"IHK: Ngày 22/05/2026, ngày hủy ĐKGD cổ phiếu của CTCP In Hàng không",True
3326.0,IKH,CTCP In Khoa học Kỹ thuật,OTC,,Dịch vụ thương mại và chuyên nghiệp,,,UPCOM,"IKH: Ngày 14/07/2021, ngày hủy ĐKGD cổ phiếu của CTCP In Khoa học Kỹ thuật",True
1280.0,ING,CTCP Đầu tư và Phát triển Xây dựng,OTC,,Bất động sản,,,UPCOM,"ING: Ngày 24/11/2025, ngày hủy ĐKGD cổ phiếu của CTCP Đầu tư và Phát triển Xây dựng",True
4745.0,IPH,CTCP In và Phát hành biểu mẫu Thống kê,OTC,,Dịch vụ thương mại và chuyên nghiệp,,,UPCOM,"IPH: Ngày 04/04/2022, ngày hủy ĐKGD cổ phiếu của CTCP In và Phát hành biểu mẫu Thống kê",True
2568.0,JSC,CTCP Đầu tư và Xây dựng Cầu đường Hà Nội,OTC,,Nguyên vật liệu,,,UPCOM,"JSC: Ngày 28/04/2016, ngày hủy ĐKGD cổ phiếu của CTCP Đầu tư và Xây dựng cầu đường Hà Nội",True
2660.0,KAC,CTCP Đầu tư Địa ốc Khang An,OTC,,Bất động sản,,,HOSE,KAC: Quyết định về việc hủy niêm yết cổ phiếu KAC,True
2475.0,KBE,CTCP Sách Thiết bị Trường học Kiên Giang,OTC,,Thương mại hàng không thiết yếu,,,UPCOM,"KBE: Ngày 20/08/2021, ngày hủy ĐKGD cổ phiếu của CTCP Sách - Thiết bị trường học Kiên Giang",True
2465.0,KBT,CTCP Gạch ngói Kiên Giang,OTC,,Nguyên vật liệu,,,HNX,KBT: Thông báo hủy niêm yết cổ phiếu CTCP Gạch ngói Kiên Giang,True
2730.0,KCE,CTCP Bê tông Ly tâm Điện Lực Khánh Hòa,OTC,,Nguyên vật liệu,,,UPCOM,"KCE: Ngày 01/07/2025, ngày hủy ĐKGD cổ phiếu của CTCP Bê tông ly tâm Điện lực Khánh Hòa",True
4561.0,KDF,CTCP Thực phẩm Đông lạnh KIDO,Khác,,"Thực phẩm, đồ uống và thuốc lá",,,UPCOM,"KDF: Ngày 11/12/2020, ngày hủy ĐKGD cổ phiếu của CTCP Thực phẩm đông lạnh KIDO",True
3097.0,KGU,CTCP Phát triển Đô thị Kiên Giang,OTC,,Dịch vụ thương mại và chuyên nghiệp,,,UPCOM,KGU: Hủy đăng ký giao dịch ,True
607.0,KHA,CTCP Đầu tư và Dịch vụ Khánh Hội,OTC,,Bất động sản,,,HOSE,KHA: Thông báo hủy niêm yết đối với cổ phiếu KHA,True
2544.0,KHB,CTCP Khoáng sản Hòa Bình,OTC,,Nguyên vật liệu,,,HNX,"KHB: Ngày 18/06/2019, ngày hủy niêm yết cổ phiếu của CTCP Khoáng sản Hòa Bình",True
2876.0,KHL,CTCP Khoáng Sản Và Vật Liệu Xây Dựng Hưng Long,OTC,,Nguyên vật liệu,,,HNX,"KHL: Ngày 01/06/2018, ngày hủy niêm yết cổ phiếu của CTCP Khoảng sản và Vật liệu Xây dựng Hưng Long",True
3573.0,KLF,CTCP Đầu tư Thương mại và Xuất nhập khẩu CFS,OTC,,Thương mại hàng không thiết yếu,,,HNX,"KLF: Ngày 31/01/2024, Thông báo về việc hủy niêm yết bắt buộc cổ phiếu KLF của CTCP Đầu tư Thương mại và Xuất nhập khẩu CFS",True
2526.0,KLM,CTCP Kim loại màu Nghệ Tĩnh,OTC,,Nguyên vật liệu,,,UPCOM,"KLM: Ngày 14/06/2024, ngày hủy ĐKGD cổ phiếu của CTCP Kim loại màu Nghệ Tĩnh",True
2630.0,KSA,CTCP Công nghiệp khoáng sản Bình Thuận ,OTC,,Nguyên vật liệu,,,HOSE,KSA: Quyết định hủy niêm yết cổ phiếu KSA,True
1915.0,KSC,CTCP Muối Khánh Hòa,OTC,,"Thực phẩm, đồ uống và thuốc lá",,,UPCOM,"KSC: Ngày 01/12/2017, ngày hủy ĐKGD cổ phiếu của CTCP Muối Khánh Hòa",True
4534.0,KSE,CTCP Xuất khẩu Thủy sản Khánh Hòa,OTC,,"Thực phẩm, đồ uống và thuốc lá",,,UPCOM,"KSE: Ngày 23/06/2021, ngày hủy ĐKGD cổ phiếu của CTCP Xuất khẩu Thủy sản Khánh Hòa",True
1437.0,KSH,CTCP DAMAC GLS,OTC,,Nguyên vật liệu,,,HOSE,KSH: Quyết định về việc hủy niêm yết cổ phiếu KSH,True
3306.0,KSK,CTCP Khoáng sản Luyện kim màu,OTC,,Nguyên vật liệu,,,HNX,"KSK: Ngày 28/05/2020, ngày hủy niêm yết cổ phiếu của CTCP Khoáng sản luyện kim màu",True
1910.0,KSS,CTCP Khoáng sản Na Rì Hamico,OTC,,Nguyên vật liệu,,,HOSE,KSS: Thông báo hủy niêm yết đối với cổ phiếu KSS,True
2692.0,KTB,CTCP Đầu tư Khoáng sản Tây Bắc,OTC,,Nguyên vật liệu,,,HOSE,KTB: Quyết định hủy niêm yết cổ phiếu,True
4637.0,KTU,CTCP Môi trường Đô thị Kon Tum,OTC,,Dịch vụ thương mại và chuyên nghiệp,,,UPCOM,"KTU: Ngày 30/10/2020, ngày hủy ĐKGD cổ phiếu của CTCP Môi trường đô thị Kom Tum",True
5597.0,KTW,CTCP Cấp nước Kon Tum,OTC,,Tiện ích,,,UPCOM,"KTW: Ngày 24/01/2025, ngày hủy ĐKGD cổ phiếu của CTCP Cấp nước Kon Tum",True
4235.0,KWA,CTCP Cấp thoát nước và Môi trường Kiến Tường,OTC,,Tiện ích,,,UPCOM,"KWA: Ngày 14/01/2026, ngày hủy ĐKGD cổ phiếu của CTCP Cấp thoát nước và môi trường Kiến Tường",True
1886.0,L44,CTCP Lilama 45.4,OTC,,Hàng hóa công nghiệp,,,HNX,"L44: Ngày 01/06/2018, ngày hủy niêm yết cổ phiếu của CTCP Lilama 45.4",True
4540.0,LBC,CTCP Thương mại - Đầu tư Long Biên,OTC,,Thương mại hàng không thiết yếu,,,UPCOM,"LBC: Ngày 03/10/2024, ngày hủy ĐKGD cổ phiếu của CTCP Thương mại - Đầu tư Long Biên",True
2548.0,LCC,CTCP Xi măng Hồng Phong,OTC,,Nguyên vật liệu,,,UPCOM,"LCC: Ngày 08/05/2026, ngày hủy ĐKGD cổ phiếu của CTCP Xi măng Hồng Phong",True
2134.0,LCS,CTCP Licogi 166,OTC,,Hàng hóa công nghiệp,,,HNX,"LCS: Ngày 28/04/2023, ngày hủy niêm yết cổ phiếu của CTCP Licogi 166",True
4096.0,LCW,CTCP Nước sạch Lai Châu,OTC,,Tiện ích,,,UPCOM,"LCW: Ngày 06/06/2023, ngày hủy ĐKGD cổ phiếu của CTCP Nước sạch Lai Châu",True
1412.0,LGM,CTCP Giày da và May mặc Xuất khẩu,OTC,,Thời trang và hàng lâu bền,,,UPCOM,"LGM: Ngày 05/09/2025, ngày hủy ĐKGD cổ phiếu của CTCP Giày da và May mặc Xuất khẩu (Legamex)",True
4619.0,LWS,CTCP Cấp nước Tỉnh Lào Cai,OTC,,Tiện ích,,,UPCOM,"LWS: Ngày 02/06/2023, ngày hủy ĐKGD cổ phiếu của CTCP Cấp nước tỉnh Lào Cai",True
4865.0,LYF,CTCP Lương thực Lương Yên,OTC,,"Thực phẩm, đồ uống và thuốc lá",,,UPCOM,"LYF: Ngày 14/12/2022, ngày hủy ĐKGD cổ phiếu của Công ty cổ phần Lương thực Lương Yên",True
2682.0,MAX,CTCP Khai khoáng và Cơ khí Hữu Nghị Vĩnh Sinh,OTC,,Nguyên vật liệu,,,HNX,"MAX: Ngày 29/06/2015, ngày hủy niêm yết cổ phiếu của CTCP Khai khoáng và Cơ khí Hữu nghị Vĩnh Sinh",True
3357.0,MC3,CTCP Khoáng sản 3 - Vimico,OTC,,Nguyên vật liệu,,,UPCOM,"MC3: Ngày 12/07/2022, ngày hủy ĐKGD cổ phiếu của CTCP Khoáng sản 3- Vimico",True
4916.0,MCD,CTCP Môi trường và Công trình Đô thị Đông Hà,OTC,,Dịch vụ thương mại và chuyên nghiệp,,,UPCOM,"MCD: Ngày 05/12/2023, ngày hủy ĐKGD cổ phiếu của CTCP Môi trường và Công trình đô thị Đông Hà",True
2457.0,MCI,CTCP Đầu tư Xây dựng và Phát triển Vật liệu IDICO,OTC,,Năng lượng,,,UPCOM,"MCI: Ngày 15/08/2023, ngày hủy ĐKGD cổ phiếu của CTCP Đầu tư Xây dựng và Phát triển Vật liệu IDICO",True
2732.0,MCL,CTCP Phát triển Nhà và Sản xuất Vật liệu Xây dựng Chí Linh,OTC,,Nguyên vật liệu,,,HNX,MCL: Quyết định hủy niêm yết cổ phiếu,True
2090.0,MCT,CTCP Kinh doanh Vật Tư và Xây dựng,OTC,,Hàng hóa công nghiệp,,,UPCOM,"MCT: Ngày 28/01/2022, ngày hủy ĐKGD cổ phiếu của CTCP Kinh doanh Vật tư và Xây dựng",True
1697.0,MDN,CTCP Tổng Công ty May Đồng Nai,OTC,,Thời trang và hàng lâu bền,,,UPCOM,"MDN: Ngày 02/03/2021, ngày hủy ĐKGD cổ phiếu của CTCP Tổng công ty May Đồng Nai",True
4076.0,MDT,CTCP Cơ khí mỏ và Đóng tàu - TKV,OTC,,Hàng hóa công nghiệp,,,UPCOM,"MDT: Ngày 08/02/2021, ngày hủy ĐKGD cổ phiếu của CTCP Cơ khí Mỏ và Đóng tàu - TKV",True
4228.0,MEG,CTCP Megram,OTC,,"Dược phẩm, công nghệ sinh học và khoa học sự sống",,,UPCOM,"MEG: Ngày 17/06/2022, ngày hủy ĐKGD cổ phiếu của CTCP Megram",True
4840.0,MHP,CTCP Môi trường và Dịch vụ Đô thị Việt Trì,OTC,,Dịch vụ thương mại và chuyên nghiệp,,,UPCOM,"MHP: Ngày 26/11/2021, ngày hủy ĐKGD cổ phiếu của CTCP Môi trường và Dịch vụ đô thị Việt Trì",True
4738.0,MHY,CTCP Môi trường và Công trình Đô thị Hưng Yên,OTC,,Dịch vụ thương mại và chuyên nghiệp,,,UPCOM,"MHY: Ngày 21/10/2021, ngày hủy ĐKGD cổ phiếu của CTCP Môi trường và Công trình Đô thị Hưng Yên",True
1892.0,MIH,CTCP Xuất nhập khẩu Khoáng sản Hà Nam,OTC,,Nguyên vật liệu,,,HNX,MIH: Thông báo hủy niêm yết tự nguyện cổ phiếu,True
2408.0,MIM,CTCP Khoáng sản và Cơ khí,OTC,,Nguyên vật liệu,,,HNX,"MIM: Ngày 31/01/2024, Quyết định về việc hủy niêm yết cổ phiếu bắt buộc của CTCP Khoáng sản và Cơ khí",True
3895.0,MKT,CTCP Dệt Minh Khai,OTC,,Thời trang và hàng lâu bền,,,UPCOM,"MKT: Ngày 25/08/2017, ngày hủy ĐKGD cổ phiếu của CTCP Dệt Minh Khai",True
2226.0,MLN,CTCP Mai Linh Miền Bắc,Khác,,Vận tải,,,UPCOM,"MLN: Ngày 29/06/2018, ngày hủy ĐKGD cổ phiếu của CTCP Mai Linh Miền Bắc",True
1229.0,MMC,CTCP khoáng Sản Mangan,Khác,,Nguyên vật liệu,,,HNX,MMC: Thông báo về việc hủy niêm yết cổ phiếu,True
1743.0,MNC,CTCP Mai Linh Miền Trung,Khác,,Vận tải,,,HNX,"MNC: Ngày 29/06/2018, ngày hủy niêm yết cổ phiếu của CÔNG TY CỔ PHẦN MAI LINH MIỀN TRUNG",True
2381.0,MSC,CTCP Dịch vụ Phú Nhuận,OTC,,Thương mại hàng không thiết yếu,,,HNX,"MSC: Ngày 10/08/2020, ngày hủy niêm yết cổ phiếu của CTCP Dịch vụ Phú Nhuận",True
2484.0,MTC,CTCP Dịch vụ Du lịch Mỹ Trà,OTC,,Dịch vụ tiêu dùng,,,UPCOM,"MTC: Ngày 26/06/2025, ngày hủy ĐKGD cổ phiếu của CTCP Dịch vụ du lịch Mỹ Trà",True
3900.0,MTM,CTCP mỏ và Xuất nhập khẩu Khoáng sản Miền Trung,OTC,,Nguyên vật liệu,,,UPCOM,"MTM: Ngày 26/10/2021, ngày hủy ĐKGD cổ phiếu của CTCP Mỏ và Xuất nhập khẩu Khoáng sản Miền Trung",True
5696.0,MTX,CTCP Công trình Đô thị Gò Công,OTC,,Dịch vụ thương mại và chuyên nghiệp,,,UPCOM,"MTX: Ngày 22/09/2025, ngày hủy ĐKGD cổ phiếu của Công ty cổ phần Công trình đô thị Gò Công",True
3360.0,MVY,CTCP Môi trường và Dịch vụ Đô Thị Vĩnh Yên,OTC,,Dịch vụ thương mại và chuyên nghiệp,,,UPCOM,"MVY: Ngày 15/07/2021, ngày hủy ĐKGD cổ phiếu của CTCP Môi trường và Dịch vụ Đô thị Vĩnh Yên",True
4843.0,MXC,Trung tâm Nông nghiệp Mùa Xuân,OTC,,"Thực phẩm, đồ uống và thuốc lá",,,UPCOM,"MXC: Ngày 04/04/2022, ngày hủy ĐKGD cổ phiếu của CTCP Nông nghiệp Mùa Xuân Hậu Giang",True
4309.0,NBR,CTCP Đường sắt Nghĩa Bình,OTC,,Vận tải,,,UPCOM,"NBR: Ngày 20/07/2021, ngày hủy ĐKGD cổ phiếu của CTCP Đường Sắt Nghĩa Bình",True
2480.0,NBS,CTCP Bến xe Nghệ An,OTC,,Vận tải,,,UPCOM,NBS: Hủy niêm yết cổ phiếu NBS,True
4558.0,NCP,CTCP Nhiệt điện Cẩm Phả - TKV,Khác,,Tiện ích,,,UPCOM,"NCP: Ngày 27/12/2021, ngày hủy ĐKGD cổ phiếu của CTCP Nhiệt điện Cẩm Phả - TKV",True
4596.0,NEM,CTCP Thiết bị điện Miền Bắc,OTC,,Hàng hóa công nghiệp,,,UPCOM,"NEM: Ngày 18/09/2025, ngày hủy ĐKGD cổ phiếu của Công ty cổ phần Thiết bị điện Miền Bắc",True
3067.0,NHN,CTCP Phát triển Đô thị Nam Hà Nội,OTC,,Bất động sản,,,UPCOM,"NHN: Ngày 14/07/2017, ngày hủy ĐKGD cổ phiếu của CTCP Phát triển Đô thị Nam Hà Nội",True
3986.0,NHP,CTCP Sản xuất Xuất nhập khẩu NHP,OTC,,Nguyên vật liệu,,,HNX,"NHP: Ngày 24/06/2021, ngày hủy niêm yết cổ phiếu của CTCP Sản xuất Xuất nhập khẩu NHP",True
2155.0,NHS,CTCP Đường Ninh Hòa,OTC,,"Thực phẩm, đồ uống và thuốc lá",,,HOSE,NHS: Thông báo hủy niêm yết cổ phiếu,True
1877.0,NHW,CTCP Ngô Han,OTC,,Hàng hóa công nghiệp,,,HOSE,NHW: Quyết định hủy niêm yết cổ phiếu,True
2539.0,NIS,CTCP Dịch vụ Hạ tầng Mạng,OTC,,Dịch vụ viễn thông,,,HNX,NIS: Chấp thuận hủy niêm yết cổ phiếu của CTCP Dịch vụ Hạ tầng mạng,True
747.0,NKD,CTCP Chế biến thực phẩm Kinh Đô Miền Bắc,Khác,,"Thực phẩm, đồ uống và thuốc lá",,,HOSE,NKD: Thông báo ngày giao dịch cuối cùng trên HOSE,True
928.0,NLC,CTCP Thủy điện Nà Lơi,Khác,,Tiện ích,,,HNX,"NLC: Ngày 27/11/2014, ngày hủy niêm yết cổ phiếu của CTCP Thủy điện Nà Lơi",True
2828.0,NMK,CTCP Xây dựng Công trình 510,OTC,,Hàng hóa công nghiệp,,,UPCOM,"NMK: Ngày 20/07/2021, ngày hủy ĐKGD cổ phiếu của Công ty Cổ phần Xây dựng Công trình 510",True
4110.0,NNB,CTCP Cấp thoát nước Ninh Bình,OTC,,Tiện ích,,,UPCOM,"NNB: Ngày 10/11/2021, ngày hủy ĐKGD cổ phiếu của CTCP Cấp thoát nước Ninh Bình",True
2472.0,NNG,CTCP Công nghiệp - Dịch vụ - Thương mại Ngọc Nghĩa,OTC,,Nguyên vật liệu,,,UPCOM,"NNG: Ngày 25/07/2023, ngày hủy ĐKGD cổ phiếu của CTCP Công nghiệp - Dịch vụ - Thương mại Ngọc Nghĩa",True
4792.0,NNQ,CTCP Giống Nông nghiệp Quảng Nam,OTC,,Dịch vụ thương mại và chuyên nghiệp,,,UPCOM,"NNQ: Ngày 04/04/2022, ngày hủy ĐKGD cổ phiếu của Công ty cổ phần Giống Nông nghiệp Quảng Nam",True
4184.0,NPH,CTCP Khách Sạn Bưu Điện Nha Trang,OTC,,Dịch vụ tiêu dùng,,,UPCOM,"NPH: Ngày 28/11/2019, ngày hủy ĐKGD cổ phiếu của CTCP Khách sạn Bưu điện Nha Trang",True
929.0,NPS,CTCP May Phú Thịnh - Nhà Bè,OTC,,Thời trang và hàng lâu bền,,,HNX,"NPS: Ngày 05/12/2017, ngày hủy niêm yết cổ phiếu của CTCP May Phú Thịnh Nhà Bè",True
4201.0,NQT,CTCP Nước sạch Quảng Trị,OTC,,Tiện ích,,,UPCOM,"NQT: Ngày 02/07/2025, ngày hủy ĐKGD cổ phiếu của CTCP Nước sạch Quảng Trị",True
4005.0,NS2,CTCP Nước sạch Số 2 Hà Nội,OTC,,Tiện ích,,,UPCOM,"NS2: Ngày 13/02/2026, ngày hủy ĐKGD cổ phiếu của Công ty Cổ phần Nước sạch số 2 Hà Nội",True
3977.0,NS3,CTCP Sản xuất Kinh doanh Nước sạch Số 3 Hà Nội,OTC,,Tiện ích,,,UPCOM,"NS3: Ngày 29/06/2022, ngày hủy ĐKGD cổ phiếu của CTCP Sản xuất Kinh doanh Nước sạch số 3 Hà Nội",True
2531.0,NSN,CTCP Xây dựng 565,OTC,,Hàng hóa công nghiệp,,,HNX,NSN: Thông báo về việc hủy niêm yết cổ phiếu,True
2369.0,NTB,CTCP Đầu tư Xây dựng và Khai thác Công trình Giao thông 584,OTC,,Hàng hóa công nghiệp,,,HOSE,NTB: Quyết định hủy niêm yết cổ phiếu   ,True
4404.0,NTR,CTCP Đường sắt Nghệ Tĩnh,OTC,,Vận tải,,,UPCOM,"NTR: Ngày 20/07/2021, ngày hủy ĐKGD cổ phiếu của CTCP Đường sắt Nghệ Tĩnh",True
1083.0,NVC,CTCP Nam Vang,OTC,,Thương mại hàng không thiết yếu,,,HNX,"NVC: Ngày 26/05/2014, ngày hủy niêm yết cổ phiếu của CTCP Nam Vang",True
1244.0,NVN,CTCP Nhà Việt Nam,OTC,,Thời trang và hàng lâu bền,,,HOSE,NVN: Hủy niêm yết ,True
4599.0,PBK,CTCP Điện lực Dầu khí Bắc Kạn,OTC,,Tiện ích,,,UPCOM,"PBK: Ngày 15/12/2020, ngày hủy ĐKGD cổ phiếu của CTCP Điện lực Dầu khí Bắc Kạn",True
3352.0,PCN,CTCP Hóa phẩm Dầu khí DMC - Miền Bắc,OTC,,Nguyên vật liệu,,,HNX,"PCN: Ngày 23/05/2019, ngày hủy niêm yết cổ phiếu của CTCP Hóa phẩm dầu khí DMC - Miền Bắc",True
4717.0,PDT,CTCP Thương mại Dầu khí Đồng Tháp,OTC,,Thương mại hàng không thiết yếu,,,UPCOM,"PDT: Ngày 04/04/2022, ngày hủy ĐKGD cổ phiếu của Công ty Cổ phần Thương mại Dầu khí Đồng Tháp",True
2256.0,PEC,CTCP Cơ khí Điện lực,OTC,,Dịch vụ thương mại và chuyên nghiệp,,,UPCOM,"PEC: Ngày 23/01/2026, ngày hủy ĐKGD cổ phiếu của CTCP Cơ khí Điện lực",True
2638.0,PFV,CTCP Đầu tư và Thương mại PFV,Khác,,Bất động sản,,,UPCOM,PFV: Thông báo hủy đăng ký giao dịch cổ phiếu,True
1826.0,PHT,CTCP Sản xuất và Thương mại Phúc Tiến,Khác,,Nguyên vật liệu,,,HOSE,PHT: Hủy niêm yết và ngày đăng ký cuối cùng ,True
4432.0,PKR,CTCP Đường sắt Phú Khánh,OTC,,Vận tải,,,UPCOM,"PKR: Ngày 12/08/2021, ngày hủy ĐKGD cổ phiếu của CTCP Đường sắt Phú Khánh",True
2249.0,PME,CTCP Pymepharco,OTC,,"Dược phẩm, công nghệ sinh học và khoa học sự sống",,,HOSE,PME: Quyết định hủy niêm yết cổ phiếu,True
937.0,PPG,CTCP Sản xuất - Thương mại - Dịch vụ Phú Phong,OTC,,Hàng hóa công nghiệp,,,HNX,"PPG: Ngày 21/05/2015, ngày hủy niêm yết cổ phiếu của CTCP Sản xuất \u2013 Thương Mại - Dịch vụ Phú Phong",True
2733.0,PSG,CTCP Đầu Tư và Xây lắp Dầu khí Sài Gòn,OTC,,Bất động sản,,,HNX,"PSG: Ngày 04/06/2014, ngày hủy niêm yết cổ phiếu của CTCP Đầu tư và Xây lắp Dầu khí Sài Gòn",True
3273.0,PTK,CTCP Luyện kim Phú Thịnh,OTC,,Nguyên vật liệu,,,HOSE,PTK: Quyết định hủy niêm yết cổ phiếu,True
4918.0,PTN,CTCP Phát triển nhà Khánh Hòa,OTC,,Bất động sản,,,UPCOM,"PTN: Ngày 07/12/2023, ngày hủy ĐKGD cổ phiếu của CTCP Phát triển Nhà Khánh Hòa",True
1444.0,PVA,CTCP Tổng Công ty Xây lắp Dầu khí Nghệ An,OTC,,Hàng hóa công nghiệp,,,HNX,"PVA: Ngày 09/06/2014, ngày hủy niêm yết cổ phiếu của CTCP Tổng Công ty Xây lắp Dầu khí Nghệ An",True
2506.0,PX1,CTCP Xi măng Sông Lam 2,OTC,,Nguyên vật liệu,,,UPCOM,"PX1: Ngày 20/04/2026, ngày hủy ĐKGD cổ phiếu của CTCP Xi Măng Sông Lam 2",True
2906.0,PXC,CTCP Phát triển Đô thị Dầu khí,OTC,,Hàng hóa công nghiệp,,,UPCOM,"PXC: Ngày 21/01/2026, ngày hủy ĐKGD cổ phiếu của Công ty Cổ phần Phát triển Đô thị Dầu khí",True
3330.0,PYU,CTCP Môi trường và Công trình Đô thị Phúc Yên,OTC,,Dịch vụ thương mại và chuyên nghiệp,,,UPCOM,"PYU: Ngày 19/05/2022, ngày hủy ĐKGD cổ phiếu của CTCP Môi trường và Công trình đô thị Phúc Yên",True
4334.0,QBR,CTCP Đường sắt Quảng Bình,OTC,,Vận tải,,,UPCOM,"QBR: Ngày 13/08/2021, ngày hủy ĐKGD cổ phiếu của CTCP Đường sắt Quảng Bình",True
4630.0,QLD,CTCP Quản lý và Xây dựng Giao thông Lạng Sơn,OTC,,Dịch vụ thương mại và chuyên nghiệp,,,UPCOM,"QLD: Ngày 23/08/2022, ngày hủy ĐKGD cổ phiếu của CTCP Quản lý và Xây dựng Giao thông Lạng Sơn",True
4477.0,QLT,CTCP Quản lý Bảo trì Đường thủy Nội địa Số 10,OTC,,Vận tải,,,UPCOM,"QLT: Ngày 27/12/2022, ngày hủy ĐKGD cổ phiếu của CTCP Quản lý Bảo trì Đường thủy nội địa số 10",True
1812.0,RDP,CTCP Rạng Đông Holding,OTC,,Nguyên vật liệu,,,HOSE,RDP: Quyết định về việc hủy niêm yết cổ phiếu,True
3226.0,RGC,CTCP Đầu tư PV - Inconess,OTC,,Dịch vụ tiêu dùng,,,UPCOM,"RGC: Ngày 12/01/2024, ngày hủy ĐKGD cổ phiếu của CTCP Đầu tư PV- Inconess",True
762.0,RHC,CTCP Thủy điện Ry Ninh II,Khác,,Tiện ích,,,HNX,RHC: Thông báo hủy niêm yết cổ phiếu,True
4469.0,RHN,CTCP Đường sắt Hà Ninh,OTC,,Hàng hóa công nghiệp,,,UPCOM,"RHN: Ngày 30/06/2021, ngày hủy ĐKGD cổ phiếu của CTCP Đường sắt Hà Ninh",True
4412.0,RLC,CTCP Đường bộ Lào Cai,OTC,,Hàng hóa công nghiệp,,,UPCOM,"RLC: Ngày 08/06/2021, ngày hủy ĐKGD cổ phiếu của CTCP Đường bộ Lào Cai",True
4357.0,ROS,CTCP Xây dựng FLC Faros,OTC,,Hàng hóa công nghiệp,,,HOSE,ROS: Quyết định về việc hủy niêm yết cổ phiếu,True
4461.0,RTH,CTCP Đường sắt Thanh Hóa,OTC,,Hàng hóa công nghiệp,,,UPCOM,"RTH: Ngày 20/07/2021, ngày hủy ĐKGD cổ phiếu của CTCP Đường sắt Thanh Hóa",True
4399.0,RTS,CTCP Thông tin Tín hiệu Đường sắt Đà Nẵng,OTC,,Vận tải,,,UPCOM,"RTS: Ngày 29/06/2021, ngày hủy ĐKGD cổ phiếu của CTCP Thông tin tín hiệu Đường sắt Đà Nẵng",True
2223.0,S27,CTCP Sông Đà 27,OTC,,Nguyên vật liệu,,,HNX,S27: Thông báo hủy niêm yết cổ phiếu S27,True
2156.0,S33,CTCP Mía đường 333,OTC,,"Thực phẩm, đồ uống và thuốc lá",,,UPCOM,"S33: Ngày 18/02/2019, ngày hủy ĐKGD cổ phiếu của CTCP Mía đường 333",True
948.0,S64,CTCP Sông Đà 6.04,Khác,,Hàng hóa công nghiệp,,,HNX,S64: Hủy niêm yết cổ phiếu của CTCP Sông Đà 6.04,True
956.0,S91,CTCP Sông Đà 9.01,Khác,,Hàng hóa công nghiệp,,,HNX,S91: Quyết định và Thông báo hủy niêm yết,True
719.0,S96,CTCP Sông Đà 9.06,OTC,,Hàng hóa công nghiệp,,,HNX,"S96: Ngày 30/05/2014, ngày hủy niêm yết cổ phiếu của CTCP Sông Đà 9.06",True
957.0,SAP,CTCP In Sách giáo khoa Thành phố Hồ Chí Minh,OTC,,Dịch vụ thương mại và chuyên nghiệp,,,HNX,"SAP: Ngày 26/04/2018, ngày hủy niêm yết cổ phiếu của Công Ty Cổ phần In Sách giáo khoa Tp. HCM",True
2205.0,SBC,CTCP Vận tải và Giao nhận Bia Sài Gòn,OTC,,Vận tải,,,HOSE,SBC: Quyết định hủy niêm yết cổ phiếu,True
4819.0,SCA,CTCP Nông nghiệp Sông Con,OTC,,"Thực phẩm, đồ uống và thuốc lá",,,UPCOM,"SCA: Ngày 31/08/2022, ngày hủy ĐKGD cổ phiếu của CTCP Nông nghiệp Sông Con",True
4421.0,SCH,CTCP Thủy điện Sông Chảy 5,OTC,,Tiện ích,,,UPCOM,SCH: Công bố thông tin về việc Hủy đăng ký công ty đại chúng,True
4863.0,SCV,CTCP Muối Việt Nam,OTC,,"Thực phẩm, đồ uống và thuốc lá",,,UPCOM,"SCV: Ngày 14/12/2022, ngày hủy ĐKGD cổ phiếu của CTCP Muối Việt Nam",True
4578.0,SCY,CTCP Đóng tàu Sông Cấm,OTC,,Hàng hóa công nghiệp,,,UPCOM,"SCY: Ngày 20/06/2025, ngày hủy ĐKGD cổ phiếu của CTCP Đóng tàu Sông Cấm",True
2423.0,SD1,CTCP Sông Đà 1,OTC,,Hàng hóa công nghiệp,,,HNX,"SD1: Ngày 15/05/2015, ngày hủy niêm yết cổ phiếu của CTCP Sông Đà 1",True
1418.0,SDB,CTCP Sông Đà 207,OTC,,Hàng hóa công nghiệp,,,HNX,"SDB: Ngày 04/06/2014, ngày hủy niêm yết cổ phiếu của CTCP Sông Đà 207",True
2174.0,SDE,CTCP Kỹ thuật Điện Sông Đà,OTC,,Hàng hóa công nghiệp,,,HNX,"SDE: Ngày 19/04/2019, ngày hủy niêm yết cổ phiếu của CTCP Kỹ thuật điện Sông Đà",True
1849.0,SDH,CTCP Xây dựng Hạ tầng Sông Đà,OTC,,Hàng hóa công nghiệp,,,HNX,"SDH: Ngày 08/09/2017, ngày hủy niêm yết cổ phiếu của CTCP Xây dựng hạ tầng Sông Đà",True
3019.0,SDI,CTCP Đầu Tư và Phát triển Đô Thị Sài Đồng,Khác,,Bất động sản,,,UPCOM,"SDI: Ngày 27/12/2019, ngày hủy ĐKGD cổ phiếu của Công ty cổ phần Đầu tư và Phát triển Đô thị Sài Đồng",True
1100.0,SDJ,CTCP Sông Đà 25,OTC,,Nguyên vật liệu,,,HNX,SDJ: Thông báo hủy niêm yết cổ phiếu SDJ,True
1215.0,SDS,CTCP Xây lắp và Đầu tư Sông Đà,OTC,,Hàng hóa công nghiệp,,,HNX,SDS: Hủy niêm yết tự nguyện để chuyển sang UPCoM,True
4132.0,SDX,CTCP Phòng cháy Chữa cháy và Đầu tư Xây dựng Sông Đà,OTC,,Hàng hóa công nghiệp,,,UPCOM,"SDX: Ngày 19/09/2025, ngày hủy ĐKGD cổ phiếu của CTCP Phòng cháy chữa cháy và Đầu tư Xây dựng Sông Đà",True
1843.0,SEC,CTCP Mía đường - Nhiệt điện Gia Lai,Khác,,"Thực phẩm, đồ uống và thuốc lá",,,HOSE,SEC: Quyết định hủy niêm yết cổ phiếu,True
2628.0,SEL,CTCP Sông Đà 11 Thăng Long,Khác,,Hàng hóa công nghiệp,,,HNX,SEL: Quyết định và Thông báo Hủy niêm yết,True
3151.0,SFT,CTCP Softech,OTC,,Dịch vụ thương mại và chuyên nghiệp,,,UPCOM,"SFT: Ngày 31/01/2018, ngày hủy ĐKGD cổ phiếu của CTCP Softech",True
4114.0,SGO,CTCP Dầu thực vật Sài Gòn,OTC,,"Thực phẩm, đồ uống và thuốc lá",,,HNX,"SGO: Ngày 20/12/2019, ngày hủy niêm yết cổ phiếu của CTCP Dầu thực vật Sài Gòn",True
3102.0,SHG,Tổng Công ty cổ phần Sông Hồng,OTC,,Hàng hóa công nghiệp,,,UPCOM,"SHG: Ngày 27/05/2026, ngày hủy ĐKGD cổ phiếu của Tổng CTCP Sông Hồng",True
4395.0,SHX,CTCP Sài Gòn Hỏa xa,OTC,,Bất động sản,,,UPCOM,"SHX: Ngày 03/11/2023, ngày hủy ĐKGD cổ phiếu của CTCP Sài Gòn Hỏa xa",True
1101.0,SJC,CTCP Sông Đà 1.01,OTC,,Thời trang và hàng lâu bền,,,HNX,"SJC: Ngày 24/06/2021, ngày hủy niêm yết cổ phiếu của CTCP Sông Đà 1.01",True
4022.0,SLC,CTCP Dịch vụ Xuất khẩu Lao động và Chuyên gia,OTC,,Dịch vụ thương mại và chuyên nghiệp,,,UPCOM,"Ngày 27/05/2019, ngày hủy ĐKGD cổ phiếu của CTCP Dịch vụ Xuất khẩu lao động và chuyên gia",True
975.0,SNG,CTCP Sông Đà 10.1,Khác,,Hàng hóa công nghiệp,,,HNX,"SNG: Ngày 20/10/2014, ngày hủy niêm yết cổ phiếu của CTCP Sông Đà 10.1",True
4071.0,SON,CTCP Cung ứng Nhân lực Quốc tế và Thương mại,OTC,,Dịch vụ thương mại và chuyên nghiệp,,,UPCOM,"SON: Ngày 12/04/2022, ngày hủy ĐKGD cổ phiếu của CTCP Cung ứng nhân lực quốc tế và thương mại",True
1916.0,SOV,CTCP Mắt kính Sài Gòn,OTC,,Sản phẩm chăm sóc cá nhân và gia đình,,,UPCOM,"SOV: Ngày 08/06/2021, ngày hủy ĐKGD cổ phiếu của CTCP Mắt kính Sài Gòn",True
2323.0,SPA,CTCP Bao bì Sài Gòn,OTC,,Nguyên vật liệu,,,UPCOM,"SPA: Ngày 19/08/2022, ngày hủy ĐKGD cổ phiếu của CTCP Bao bì Sài Gòn",True
1264.0,SPP,CTCP Bao bì Nhựa Sài Gòn,OTC,,Nguyên vật liệu,,,HNX,"SPP: Ngày 22/05/2020, ngày hủy niêm yết cổ phiếu của CTCP Bao bì Nhựa Sài Gòn",True
1871.0,SQC,CTCP Khoáng sản Sài Gòn - Quy Nhơn,OTC,,Bất động sản,,,HNX,"SQC: Ngày 19/05/2016, ngày hủy niêm yết cổ phiếu của CTCP Khoáng sản Sài Gòn - Quy Nhơn",True
4186.0,SRT,CTCP Vận tải Đường sắt Sài Gòn,Khác,,Vận tải,,,UPCOM,"SRT: Ngày 31/10/2024, ngày hủy ĐKGD cổ phiếu của CTCP Vận tải Đường sắt Sài Gòn",True
2313.0,SSF,CTCP Giáo dục G Sài Gòn,OTC,,Bất động sản,,,UPCOM,"SSF: Ngày 03/07/2026, ngày hủy ĐKGD cổ phiếu của CTCP Giáo dục G Sài Gòn",True
2078.0,SSN,CTCP Xuất nhập khẩu Thủy sản Sài Gòn,OTC,,Bất động sản,,,UPCOM,"SSN: Ngày 07/07/2026, ngày hủy ĐKGD cổ phiếu của CTCP Xuất nhập khẩu Thủy sản Sài Gòn",True
976.0,SSS,CTCP Sông Đà 6.06,Khác,,Nguyên vật liệu,,,HNX,SSS: Hủy niêm yết từ 13/07 để sáp nhập vào SD6,True
4415.0,SSU,CTCP Môi trường Đô thị Sóc Sơn,OTC,,Dịch vụ thương mại và chuyên nghiệp,,,UPCOM,"SSU: Ngày 12/08/2022, ngày hủy ĐKGD cổ phiếu của CTCP Môi trường Đô thị Sóc Sơn",True
1333.0,STL,CTCP Sông Đà Thăng Long,OTC,,Bất động sản,,,HNX,STL: Thông báo và Quyết định hủy niêm yết cổ phiếu,True
2718.0,STU,CTCP Môi Trường và Công trình Đô Thị Sơn Tây,OTC,,Dịch vụ thương mại và chuyên nghiệp,,,UPCOM,"STU: Ngày 15/07/2021, ngày hủy ĐKGD cổ phiếu của CTCP Môi trường và Công trình Đô thị Sơn Tây",True
1626.0,STV,CTCP Chế tác Đá Việt Nam,OTC,,Nguyên vật liệu,,,UPCOM,"STV: Ngày 17/06/2021, ngày hủy ĐKGD cổ phiếu của CTCP Chế tác đá Việt Nam",True
4635.0,SUM,CTCP Đo đạc và Khoáng sản,OTC,,Dịch vụ thương mại và chuyên nghiệp,,,UPCOM,"SUM: Ngày 02/12/2021, ngày hủy ĐKGD cổ phiếu của CTCP Đo đạc và Khoáng sản",True
1429.0,SVI,CTCP Bao bì Biên Hòa,OTC,,Nguyên vật liệu,,,HNX,SVI: Ngày giao dịch cuối cùng của cổ phiếu niêm yết trên HNX,True
4062.0,SVL,CTCP Nhân lực Quốc tế Sovilaco,OTC,,Dịch vụ thương mại và chuyên nghiệp,,,UPCOM,"SVL: Ngày 12/04/2022, ngày hủy niêm yết cổ phiếu của CTCP Nhân lực Quốc tế Sovilaco",True
4081.0,T12,CTCP Thương mại Dịch vụ Tràng Thi,OTC,,Thương mại hàng không thiết yếu,,,UPCOM,T12: Thông báo hủy đăng ký giao dịch cổ phiếu,True
4631.0,TA3,CTCP Đầu tư và Xây lắp Thành An 386,OTC,,Hàng hóa công nghiệp,,,UPCOM,"TA3: Ngày 02/08/2024, ngày hủy ĐKGD cổ phiếu của CTCP Đầu tư và Xây lắp Thành An 386",True
824.0,TAC,CTCP Dầu thực vật Tường An,OTC,,"Thực phẩm, đồ uống và thuốc lá",,,HOSE,TAC: Quyết định hủy niêm yết cổ phiếu,True
1734.0,TAG,CTCP Thế Giới Số Trần Anh,OTC,,Thương mại hàng không thiết yếu,,,HNX,"TAG: Ngày 17/09/2018, ngày hủy niêm yết cổ phiếu của CTCP Thế giới số Trần Anh",True
4376.0,TAP,CTCP Đô thị Tân An,OTC,,Dịch vụ thương mại và chuyên nghiệp,,,UPCOM,"TAP: Ngày 12/08/2022, ngày hủy ĐKGD cổ phiếu của CTCP Đô thị Tân An",True
4430.0,TB8,CTCP Sản xuất và Kinh doanh Vật tư Thiết bị - VVMI,OTC,,Nguyên vật liệu,,,UPCOM,"TB8: Ngày 05/05/2026, ngày hủy ĐKGD cổ phiếu của CTCP Sản xuất và Kinh doanh Vật tư thiết bị- VVMI",True
2198.0,TBH,CTCP Tổng Bách Hóa,OTC,,Bất động sản,,,UPCOM,"TBH: Ngày 23/01/2026, ngày hủy ĐKGD cổ phiếu của CTCP Tổng Bách Hóa",True
4555.0,TBN,CTCP Thoát nước và Xử lý Nước thải Bắc Ninh,OTC,,Dịch vụ thương mại và chuyên nghiệp,,,UPCOM,"Ngày 12/04/2019, ngày hủy ĐKGD cổ phiếu của CTCP Thoát nước và Xử lý Nước thải Bắc Ninh",True
2238.0,TBT,CTCP Xây dựng Công trình Giao thông Bến Tre,OTC,,Hàng hóa công nghiệp,,,UPCOM,"TBT: Ngày 11/07/2025, ngày hủy ĐKGD cổ phiếu của CTCP Xây Dựng Công Trình Giao Thông Bến Tre",True
1439.0,TBX,CTCP Xi măng Thái Bình,OTC,,Nguyên vật liệu,,,HNX,"TBX: Ngày 26/12/2025, Thông báo về việc hủy bỏ niêm yết cổ phiếu của CTCP Xi măng Thái Bình",True
1386.0,TCS,CTCP Than Cao Sơn - Vinacomin,Khác,,Năng lượng,,,HNX,"TCS: Ngày 04/08/2020, ngày hủy niêm yết cổ phiếu của CTCP Than Cao Sơn - Vinacomin",True
4924.0,TDI,CTCP Tập đoàn TDI,OTC,,Hàng hóa công nghiệp,,,UPCOM,"TDI: Ngày 16/08/2023, ngày hủy ĐKGD cổ phiếu của CTCP Tập đoàn TDI",True
2453.0,TEC,CTCP TRAENCO,OTC,,Dịch vụ tiêu dùng,,,UPCOM,"TEC: Ngày 11/07/2022, ngày hủy ĐKGD cổ phiếu của CTCP Traenco",True
2814.0,TEL,CTCP Phát triển Công trình Viễn thông,OTC,,Hàng hóa công nghiệp,,,UPCOM,"TEL: Ngày 03/02/2026, ngày hủy ĐKGD cổ phiếu của CTCP Phát triển công trình Viễn thông",True
2137.0,THI,CTCP Thiết bị Điện,OTC,,Hàng hóa công nghiệp,,,HOSE,THI: Quyết định về việc hủy niêm yết cổ phiếu,True
4486.0,THR,CTCP Đường sắt Thuận Hải,OTC,,Vận tải,,,UPCOM,"THR: Ngày 25/06/2021, ngày hủy ĐKGD cổ phiếu của CTCP Đường sắt Thuận Hải",True
2720.0,THV,CTCP Tập đoàn Thái Hòa Việt Nam,OTC,,"Thực phẩm, đồ uống và thuốc lá",,,HNX,THV: Hủy niêm yết cổ phiếu THV của CTCP Tập đoàn Thái Hòa Việt Nam,True
1814.0,TIC,CTCP Đầu tư Điện Tây Nguyên,Khác,,Tiện ích,,,HOSE,TIC: Quyết định hủy niêm yết cổ phiếu,True
1872.0,TKC,CTCP Xây dựng và Kinh doanh Địa ốc Tân Kỷ,OTC,,Hàng hóa công nghiệp,,,HNX,"TKC: Ngày 22/12/2023, ngày hủy niêm yết cổ phiếu của CTCP Xây dựng và Kinh doanh Địa ốc Tân Kỷ",True
4859.0,TKG,CTCP Sản xuất và Thương mại Tùng Khánh,OTC,,Thời trang và hàng lâu bền,,,UPCOM,"TKG: Ngày 17/08/2022, ngày hủy ĐKGD cổ phiếu của CTCP Sản xuất và Thương mại Tùng Khánh",True
981.0,TLC,CTCP Viễn thông Thăng Long,OTC,,Dịch vụ viễn thông,,,HNX,TLC: Thông báo hủy niêm yết cổ phiếu TLC,True
2177.0,TLI,CTCP May Quốc tế Thắng Lợi,OTC,,Thời trang và hàng lâu bền,,,UPCOM,"TLI: Ngày 21/01/2026, ngày hủy ĐKGD cổ phiếu của CTCP May Quốc tế Thắng Lợi",True
3562.0,TND,CTCP Than Tây Nam Đá mài - Vinacomin,Khác,,Năng lượng,,,UPCOM,"TND: Ngày 04/08/2020, ngày hủy ĐKGD cổ phiếu của CTCP Than Tây Nam Đá Mài - Vinacomin",True
1845.0,TNM,CTCP Xuất nhập khẩu và Xây dựng Công trình,OTC,,Hàng hóa công nghiệp,,,UPCOM,"TNM: Ngày 22/04/2026, ngày hủy ĐKGD cổ phiếu của CTCP Xuất nhập khẩu và Xây dựng công trình",True
2110.0,TNY,CTCP Đầu tư Xây dựng Thanh Niên,OTC,,Hàng hóa công nghiệp,,,UPCOM,"TNY: Ngày 08/01/2018, ngày hủy ĐKGD cổ phiếu của CTCP Đầu tư Xây dựng Thanh niên",True
983.0,TPH,CTCP In sách giáo khoa tại Thành phố Hà Nội,OTC,,Truyền thông và giải trí,,,HNX,"TPH: Ngày 15/07/2025, Thông báo về việc hủy niêm yết bắt buộc cổ phiếu của CTCP In Sách giáo khoa tại Tp. Hà Nội",True
3334.0,TQN,CTCP Thông Quảng Ninh,OTC,,Nguyên vật liệu,,,UPCOM,"TQN: Ngày 05/06/2026, ngày hủy ĐKGD cổ phiếu của CTCP Thông Quảng Ninh",True
44.0,TRI,CTCP Nước giải khát Sài Gòn,OTC,,"Thực phẩm, đồ uống và thuốc lá",,,HOSE,TRI hủy niêm yết cổ phiếu từ ngày 10/04,True
606.0,TS4,CTCP Thủy sản Số 4,OTC,,"Thực phẩm, đồ uống và thuốc lá",,,HOSE,TS4: Thông báo về việc hủy niêm yết đối với cổ phiếu TS4,True
4577.0,TS5,CTCP Trường Sơn 145,OTC,,Hàng hóa công nghiệp,,,UPCOM,"TS5: Ngày 04/04/2022, ngày hủy ĐKGD cổ phiếu của Công ty cổ phần Trường Sơn 145",True
2135.0,TSM,CTCP Xi măng Tiên Sơn Hà Tây,OTC,,Nguyên vật liệu,,,HNX,"TSM: Ngày 12/06/2015, ngày hủy niêm yết cổ phiếu của CTCP Xi măng  Tiên Sơn Hà Tây",True
2864.0,TTJ,CTCP Thủy Tạ,OTC,,"Thực phẩm, đồ uống và thuốc lá",,,UPCOM,"TTJ:	Ngày 19/01/2021, ngày hủy ĐKGD cổ phiếu của CTCP Thủy Tạ",True
829.0,TTP,CTCP Bao bì Tân Tiến,OTC,,Nguyên vật liệu,,,HOSE,TTP: Thông báo hủy niêm yết đối với cổ phiếu TTP,True
1647.0,TTR,CTCP Du lịch Thương mại và Đầu Tư,OTC,,Dịch vụ tiêu dùng,,,UPCOM,"TTR: Ngày 13/02/2019, ngày hủy ĐKGD cổ phiếu của CTCP Du lịch Thương mại và Đầu tư",True
4392.0,TTV,CTCP Thông tin Tín hiệu Đường sắt Vinh,OTC,,Vận tải,,,UPCOM,"TTV: Ngày 11/06/2021, ngày hủy ĐKGD cổ phiếu của CTCP Thông tin Tín hiệu Đường sắt Vinh",True
2171.0,TVP,CTCP Dược phẩm TV.Pharm,OTC,,"Dược phẩm, công nghệ sinh học và khoa học sự sống",,,UPCOM,"TVP: Ngày 25/10/2023, ngày hủy ĐKGD cổ phiếu của CTCP Dược phẩm TV.Pharm",True
4402.0,TVU,CTCP Công trình Đô thị Trà Vinh,OTC,,Dịch vụ thương mại và chuyên nghiệp,,,UPCOM,"TVU: Ngày 05/08/2021, ngày hủy ĐKGD cổ phiếu của CTCP Công trình Đô thị Trà Vinh",True
4296.0,TVW,CTCP Cấp thoát nước Trà Vinh,OTC,,Tiện ích,,,UPCOM,"TVW: Ngày 13/09/2023, ngày hủy ĐKGD cổ phiếu của CTCP Cấp thoát nước Trà Vinh",True
1446.0,V11,CTCP Xây dựng Số 11,OTC,,Hàng hóa công nghiệp,,,HNX,V11 bị hủy niêm yết bắt buộc từ 17/08/2012,True
1878.0,V15,CTCP Xây dựng Số 15,OTC,,Hàng hóa công nghiệp,,,HNX,"V15: Ngày 14/07/2015, ngày hủy niêm yết cổ phiếu của CTCP Xây dựng số 15",True
2645.0,VAT,CTCP Viễn thông Vạn Xuân,OTC,,Hàng hóa công nghiệp,,,HNX,"VAT: Ngày 24/12/2021, ngày hủy niêm yết cổ phiếu của CTCP VT Vạn Xuân",True
1071.0,VC5,CTCP Xây dựng Số 5,OTC,,Hàng hóa công nghiệp,,,HNX,"VC5: Ngày 27/05/2016, ngày hủy niêm yết cổ phiếu của CTCP Xây dựng số 5",True
2342.0,VCH,CTCP Đầu tư Xây dựng và Phát triển Hạ tầng Vinaconex,OTC,,Hàng hóa công nghiệp,,,HNX,VCH: Thông báo về việc hủy niêm yết cổ phiếu của CTCP Đầu tư và Phát triển Hạ tầng Vinaconex  ,True
2627.0,VCV,CTCP Vận tải Vinaconex,OTC,,Vận tải,,,HNX,"VCV: Ngày 20/05/2014, ngày hủy niêm yết cổ phiếu của CTCP Vận tải Vinaconex",True
3327.0,VCW,CTCP Đầu tư Nước sạch Sông Đà,OTC,,Tiện ích,,,UPCOM,"VCW: Ngày 06/01/2026, ngày hủy ĐKGD cổ phiếu của CTCP Đầu tư Nước sạch Sông Đà",True
4656.0,VDM,Viện Dệt May,OTC,,Dịch vụ thương mại và chuyên nghiệp,,,UPCOM,"VDM: Ngày 27/05/2022, ngày hủy ĐKGD cổ phiếu của Công ty cổ phần - Viện Nghiên cứu Dệt May",True
1899.0,VE2,CTCP Xây dựng Điện VNECO 2,OTC,,Hàng hóa công nghiệp,,,HNX,"VE2: Ngày 27/09/2023, ngày hủy niêm yết cổ phiếu của CTCP Xây dựng điện VNECO 2",True
2216.0,VEE,CTCP Thiết bị Điện Cẩm Phả,OTC,,Hàng hóa công nghiệp,,,UPCOM,"VEE: Ngày 22/01/2020, ngày hủy ĐKGD cổ phiếu của CTCP Thiết bị Điện Cẩm Phả",True
4232.0,VHI,CTCP Kinh doanh và Đầu tư Việt Hà,OTC,,Thương mại hàng không thiết yếu,,,UPCOM,"VHI: Ngày 04/04/2022, ngày hủy ĐKGD cổ phiếu của CTCP Kinh doanh và Đầu tư Việt Hà",True
834.0,VIS,CTCP Thép Việt Ý,OTC,,Nguyên vật liệu,,,HOSE,VIS: Quyết định hủy niêm yết cổ phiếu,True
2139.0,VKD,CTCP Nước khoáng Khánh Hòa,OTC,,"Thực phẩm, đồ uống và thuốc lá",,,UPCOM,"VKD: Ngày 13/09/2022, ngày hủy ĐKGD cổ phiếu của CTCP Nước khoáng Khánh Hòa",True
1156.0,VKP,CTCP Nhựa Tân Hóa,OTC,,Nguyên vật liệu,,,HOSE,VKP: Cổ phiếu bị hủy niêm yết ,True
2213.0,VLF,CTCP Lương thực Thực phẩm Vĩnh Long,OTC,,"Thực phẩm, đồ uống và thuốc lá",,,HOSE,VLF: Quyết định hủy niêm yết cổ phiếu ,True
3749.0,VMI,CTCP Khoáng sản và Đầu tư Visaco,OTC,,Hàng hóa công nghiệp,,,HNX,"VMI: Ngày 24/06/2021, ngày hủy niêm yết cổ phiếu của CTCP Khoáng sản và Đầu tư VISACO",True
3309.0,VNN,CTCP Đầu tư Thương mại VNN,OTC,,Hàng hóa công nghiệp,,,HNX,"VNN: Ngày 15/05/2015, ngày hủy niêm yết cổ phiếu của CTCP Đầu tư và Thương mại VNN",True
3748.0,VOC,Tổng Công ty Công Nghiệp Dầu Thực Vật Việt Nam - CTCP,OTC,,"Thực phẩm, đồ uống và thuốc lá",,,UPCOM,"VOC: Ngày 29/01/2026, ngày hủy ĐKGD cổ phiếu của Tổng công ty Công nghiệp Dầu thực vật Việt Nam – CTCP",True
835.0,VPK,CTCP Bao bì Dầu Thực Vật,Khác,,Nguyên vật liệu,,,HOSE,VPK: Thông báo về việc hủy niêm yết cổ phiếu,True
1118.0,VSP,CTCP Vận tải biển và Bất động sản Việt Hải,OTC,,Vận tải,,,HNX,VSP chính thức nhận quyết định hủy niêm yết,True
2077.0,VT1,CTCP Vật tư Bến Thành,OTC,,Nguyên vật liệu,,,UPCOM,"VT1: Ngày 26/05/2020, ngày hủy ĐKGD cổ phiếu của CTCP Vật tư Bến Thành",True
3121.0,VT8,CTCP Dịch vụ Vận tải Ô Tô Số 8,OTC,,Thương mại hàng không thiết yếu,,,UPCOM,"VT8: Ngày 28/11/2019, ngày hủy ĐKGD cổ phiếu của CTCP Dịch vụ Vận tải ô tô số 8",True
2219.0,VTF,CTCP Thức ăn Chăn nuôi Việt Thắng,OTC,,"Thực phẩm, đồ uống và thuốc lá",,,HOSE,VTF: Quyết định hủy niêm yết cổ phiếu,True
1108.0,VTL,CTCP Vang Thăng Long,OTC,,"Thực phẩm, đồ uống và thuốc lá",,,HNX,"VTL: Ngày 19/05/2023, ngày hủy niêm yết cổ phiếu của CTCP Vang Thăng Long",True
4200.0,WTN,CTCP Cấp thoát nước Tây Ninh,OTC,,Tiện ích,,,UPCOM,"WTN: Ngày 04/09/2020, ngày hủy ĐKGD cổ phiếu của CTCP Cấp thoát nước Tây Ninh",True
2350.0,X18,CTCP Xi măng X18,OTC,,Nguyên vật liệu,,,UPCOM,"X18: Ngày 17/07/2020, ngày hủy ĐKGD cổ phiếu của CTCP Xi măng X18",True
4922.0,XDC,CTCP Xây Dựng Công Trình Tân Cảng,OTC,,Hàng hóa công nghiệp,,,UPCOM,"XDC: Ngày 29/12/2023, ngày hủy ĐKGD cổ phiếu của Công ty cổ phần Xây dựng Công trình Tân Cảng",True
4377.0,YRC,CTCP Đường sắt Yên Lào,OTC,,Vận tải,,,UPCOM,"YRC: Ngày 13/08/2021, ngày hủy ĐKGD cổ phiếu của CTCP Đường sắt Yên Lào",True
,24H,CTCP Quảng cáo trực tuyến 24H,OTC,,Phần mềm và dịch vụ,,,,,True
,ABA,,OTC,,,,,,,True
,BJC,Công Ty Cổ Phần VRG - Bảo Lộc,OTC,,,,,,,True
,BNC,Công ty cổ phần Dịch vụ Cáp treo Bà Nà,OTC,,Dịch vụ,,,,,True
,BTA,CTCP Bất động sản Bình Thiên An,OTC,,Bất động sản và Xây dựng,,,,,True
,BTJ,CTCP Vàng bạc đá quý Bến Thành,OTC,,Dịch vụ,,,,,True
,BTL,Công ty Cổ phần Đầu tư Địa ốc Bến Thành,OTC,,,,,,,True
,CNS,Tổng Công ty Công nghiệp Sài Gòn - TNHH Một thành viên,OTC,,Công nghiệp,,,,,True
,DAF,Ngân hàng Thương mại cổ phần Đông Á,OTC,,,,,,,True
,DJL,Công ty TNHH Đầu tư Bất động sản Doji Land,OTC,,,,,,,True
,DNV,CTCP Thương mại Dịch vụ VDA Đà Nẵng,OTC,,,,,,,True
,DTS,CTCP Dịch Vụ Du Lịch Đà Lạt ,OTC,,,,,,,True
,DVS,Công ty Cổ phần Thép Đình Vũ,OTC,,,,,,,True
,EPS,Công ty Cổ Phần Chứng khoán Gia Quyền,OTC,,,,,,,True
,EVN,Tập đoàn Điện lực Việt Nam - Công ty TNHH MTV,OTC,,Năng lượng,,,,,True
,FHH,CTCP Đầu tư Kinh doanh Phát triển Bất Động Sản FLCHOMES,OTC,,,,,,,True
,FIS,Công ty Cổ phần Hệ thống Thông tin FPT,OTC,,,,,,,True
,FTG,Công ty cổ phần Thương mại FPT,OTC,,,,,,,True
,GCC,CTCP Văn hóa Tổng hợp Bến Thành,OTC,,Hàng tiêu dùng,,,,,True
,GDC,CTCP Xuất Nhập khẩu Gia Định,OTC,,,,,,,True
,GMS,CTCP Thiết kế và gia công phần mền GMS888,OTC,,,,,,,True
,GSC,Công ty cổ phần Thủy điện Geruco Sông Côn,OTC,,,,,,,True
,HIS,Công ty cổ phần Đầu tư phát triển thương mại tổng hợp Sơn Hà,OTC,,,,,,,True
,ICA,Công ty Cổ phần Công nghệ Sinh học - Dược phẩm ICA ,OTC,,,,,,,True
,JPA,Công ty CP Hàng không Jetstar Pacific Airlines,OTC,,Công nghiệp,,,,,True
,KAL,Công ty cổ phần Nhôm Khánh Hoà,OTC,,,,,,,True
,KHV,Công ty TNHH Kim Hà Việt,OTC,,Nông nghiệp,,,,,True
,LNS,Công ty cổ phần Mía đường La Ngà,OTC,,Nông nghiệp,,,,,True
,MLG,Công ty Cổ phần Tập đoàn Mai Linh,OTC,,,,,,,True
,MSM,Công ty TNHH Truyền thông Megastar,OTC,,Dịch vụ,,,,,True
,NPM,Công ty TNHH Khai thác Chế biến Khoáng sản Núi Pháo,OTC,,,,,,,True
,PQG,CTCP Đầu tư vàng Phú Quý,OTC,,Dịch vụ,,,,,True
,PVN,Tập đoàn Công nghiệp-Năng lượng Quốc gia Việt Nam,OTC,,Năng lượng,,,,,True
,RTD,CTCP Phát triển công nghệ nông thôn,OTC,,Nông nghiệp,,,,,True
,SEV,Công ty TNHH Samsung Electronics Việt Nam,OTC,,Công nghệ,,,,,True
,SIC,Công ty cổ phần ANI,HNX,,Bất động sản và Xây dựng,,,,,True
,SNP,Công ty TNHH MTV - Tổng Công ty Tân Cảng Sài Gòn,OTC,,Công nghiệp,,,,,True
,SPT,Công ty cổ phần Dịch vụ Bưu chính Viễn thông Sài Gòn,OTC,,,,,,,True
,STJ,Công ty Cổ phần Vận tải Sonadezi,OTC,,,,,,,True
,SVJ,CTCP Santomas Việt Nam,OTC,,,,,,,True
,TC6,Công ty cổ phần Than Cọc Sáu - Vinacomin,HNX,,Năng lượng,,,,,True
,TDL,CTCP Da Tây Đô ,OTC,,,,,,,True
,TDN,Công ty Cổ phần Than Đèo Nai - Vinacomin,HNX,,Năng lượng,,,,,True
,THA,CÔNG TY CỔ PHẦN TẬP ĐOÀN TRƯỜNG HẢI,OTC,,Công nghiệp,,,,,True
,TKR,Công ty Cổ phần Cao su Tân Biên - Kampong Thom,OTC,,,,,,,True
,TSH,Công ty Cổ phần Tiên Sơn Thanh Hóa,OTC,,Hàng tiêu dùng,,,,,True
,VBL,Công ty TNHH Nhà máy Bia Việt Nam,OTC,,Hàng tiêu dùng,,,,,True
,VED,Công ty cổ phần Phát triển Thể thao Điện tử Việt Nam,OTC,,Công nghệ,,,,,True
,VHW,CTCP Nước Khoáng Vĩnh Hảo,OTC,,Hàng tiêu dùng,,,,,True
,VLD,Công ty Cổ phần Bất Động Sản Viettronics,OTC,,,,,,,True
,VTT,,HNX,,,,,,,True
,YAN,CTCP Công nghệ và Tầm nhìn Yêu âm nhạc,OTC,,Dịch vụ,,,,,True
