score_year,fiscal_year,ticker,fscore,sector,bm,f_roa,f_cfo,f_droa,f_accrual,f_dlever,f_dliquid,f_eq_offer,f_dmargin,f_dturn
2011,2011,AAA,3,Materials,3.1318069943058906,1,1,0,0,1,0,0,0,0
2011,2011,AAM,6,Consumer Staples,1.4088627262212916,1,1,1,0,1,0,1,0,1
2011,2011,ACC,4,Materials,1.067459082961111,1,1,0,0,0,1,1,0,0
2011,2011,ACL,8,Consumer Staples,0.9419242503967382,1,1,1,0,1,1,1,1,1
2011,2011,ADC,6,Communication Services,2.211919421147541,1,1,0,1,0,1,1,0,1
2011,2011,AGD,6,Unknown,0.8458705412191369,1,0,1,0,1,1,1,1,0
2011,2011,AGF,7,Consumer Staples,2.396552210674256,1,0,1,0,1,1,1,1,1
2011,2011,ALP,3,Unknown,1.738815557844687,1,0,0,0,1,0,1,0,0
2011,2011,ALT,5,Materials,3.473604185305064,1,0,0,0,1,1,1,0,1
2011,2011,ANI,4,Real Estate,3.4026122610879628,1,0,0,0,1,0,1,1,0
2011,2011,ANV,5,Consumer Staples,2.9802270759374996,1,0,1,0,1,0,1,0,1
2011,2011,APC,5,Industrials,0.9339809273145188,1,1,1,0,0,0,1,0,1
2011,2011,ARM,4,Industrials,1.021706299461831,1,0,1,0,0,0,1,0,1
2011,2011,ASM,3,Consumer Staples,0.7511211368594686,1,0,0,0,1,1,0,0,0
2011,2011,ASP,5,Utilities,2.8818031855035273,0,1,0,1,1,0,1,0,1
2011,2011,ATA,5,Consumer Staples,2.0577673445220706,1,1,0,0,1,0,1,1,0
2011,2011,AVF,4,Unknown,1.8441027319007093,1,0,0,0,1,1,1,0,0
2011,2011,BBC,7,Unknown,3.365997647130137,1,0,1,0,1,1,1,1,1
2011,2011,BCC,8,Materials,3.489791834341057,1,1,0,1,1,1,1,1,1
2011,2011,BCE,4,Industrials,1.7413159504722222,1,0,1,0,0,1,0,1,0
2011,2011,BCI,4,Real Estate,1.609917468645124,1,0,0,0,1,0,1,1,0
2011,2011,BGM,5,Materials,2.9952596481997675,1,0,0,0,1,1,1,1,0
2011,2011,BHC,4,Materials,1.851257137984496,0,1,0,1,1,0,1,0,0
2011,2011,BKC,4,Materials,2.344916677223837,1,1,0,0,0,0,1,1,0
2011,2011,BLF,6,Consumer Staples,4.695463614294118,1,0,1,0,1,1,1,1,0
2011,2011,BMC,9,Materials,0.8855057218151695,1,1,1,1,1,1,1,1,1
2011,2011,BMJ,3,Materials,0.6652270885037879,1,0,0,0,0,0,1,0,1
2011,2011,BMP,5,Materials,0.8569990183288747,1,1,0,0,0,1,1,0,1
2011,2011,BRC,5,Consumer Discretionary,2.143185736062343,1,1,0,0,1,0,1,0,1
2011,2011,BT6,3,Materials,2.1630664735057454,1,0,0,0,0,0,1,1,0
2011,2011,BTP,7,Utilities,5.1573875230096,1,1,1,1,1,1,0,0,1
2011,2011,BTS,7,Materials,2.799281598252971,0,1,0,1,1,1,1,1,1
2011,2011,BTT,8,Consumer Discretionary,1.7550778906283422,1,1,1,1,1,0,1,1,1
2011,2011,BTW,6,Utilities,1.2317545320229182,1,1,1,0,0,1,1,0,1
2011,2011,C21,3,Real Estate,1.6386587128502592,1,1,0,0,0,0,1,0,0
2011,2011,CAN,5,Consumer Staples,0.9601993505083334,1,0,1,0,1,0,1,0,1
2011,2011,CAP,8,Materials,1.7948196870528623,1,1,1,1,1,1,1,0,1
2011,2011,CLC,6,Consumer Staples,1.4291328793323643,1,1,1,1,0,0,1,1,0
2011,2011,CLG,4,Real Estate,1.0335030599349593,1,0,0,0,0,1,1,0,1
2011,2011,CLW,8,Utilities,1.6921521340265906,1,1,1,1,1,0,1,1,1
2011,2011,CMI,0,Materials,2.28212065963662,0,0,0,0,0,0,0,0,0
2011,2011,CMV,6,Consumer Discretionary,0.6343144557497651,1,0,1,0,0,1,1,1,1
2011,2011,CMX,5,Consumer Staples,2.4084771488803542,1,1,0,1,0,0,1,1,0
2011,2011,CNG,5,Utilities,0.8484591800061291,1,1,0,1,0,0,1,0,1
2011,2011,CNT,5,Real Estate,2.8012805654585917,1,1,0,1,1,0,1,0,0
2011,2011,COM,7,Energy,0.9709979615109976,1,1,0,1,1,1,1,0,1
2011,2011,CSC,6,Real Estate,3.366803194522475,1,1,0,0,1,1,1,1,0
2011,2011,CSG,3,Industrials,2.704622405710291,1,0,0,0,0,1,1,0,0
2011,2011,CSM,3,Consumer Discretionary,1.646731566619812,1,0,0,0,0,0,1,0,1
2011,2011,CTA,3,Industrials,2.981557138737027,1,0,0,0,0,0,1,1,0
2011,2011,CTI,2,Industrials,0.563809359990991,1,0,0,0,0,1,0,0,0
2011,2011,CTM,5,Materials,3.3675540594647293,1,0,0,0,1,1,1,1,0
2011,2011,CTN,5,Industrials,4.2856898782253845,1,0,0,0,1,1,1,1,0
2011,2011,CYC,6,Materials,3.7364644575780113,1,0,1,0,1,0,1,1,1
2011,2011,D11,6,Consumer Discretionary,2.103821956008926,1,1,1,1,0,0,1,0,1
2011,2011,D2D,4,Real Estate,1.864907032015258,1,1,0,0,0,0,1,0,1
2011,2011,DBC,4,Consumer Staples,2.258407496608891,1,0,0,0,1,1,0,0,1
2011,2011,DCT,5,Materials,3.4838098623973632,1,1,0,0,1,0,1,1,0
2011,2011,DHG,3,Health Care,0.3785772720484052,1,1,0,0,0,0,0,0,1
2011,2011,DMC,6,Health Care,1.5459282983259035,1,1,0,1,1,0,0,1,1
2011,2011,DNY,3,Materials,0.9655497337292818,1,0,0,0,0,1,1,0,0
2011,2011,DPM,8,Materials,0.9153473171716132,1,1,1,0,1,1,1,1,1
2011,2011,DQC,6,Industrials,3.2098010089141544,1,1,0,1,1,1,1,0,0
2011,2011,DRH,3,Industrials,3.700372014979625,0,0,0,0,1,0,1,0,1
2011,2011,DTL,4,Materials,1.0570615877900913,1,1,0,1,0,0,1,0,0
2011,2011,DXG,3,Real Estate,1.7919194872008928,1,0,0,0,1,0,0,1,0
2011,2011,DXP,5,Materials,1.003459993646115,1,1,0,1,0,1,1,0,0
2011,2011,DZM,6,Industrials,3.4053779162499818,1,1,1,1,0,1,0,0,1
2011,2011,ELC,7,Information Technology,0.6410151390552035,1,1,0,1,1,1,1,1,0
2011,2011,EVE,1,Consumer Discretionary,1.6669796161865271,1,0,0,0,0,0,0,0,0
2011,2011,FBA,6,Unknown,6.6653959085874535,1,0,1,0,1,1,1,0,1
2011,2011,FDC,6,Real Estate,0.766280669533585,1,1,0,1,1,1,0,1,0
2011,2011,FDG,3,Unknown,1.167122668589302,1,0,0,0,1,0,0,0,1
2011,2011,FLC,4,Unknown,0.6478646652121745,1,1,0,1,0,0,1,0,0
2011,2011,FMC,4,Consumer Staples,2.4019709193622174,1,0,1,0,0,0,1,0,1
2011,2011,FPT,6,Information Technology,0.5139591663158236,1,1,1,1,1,0,0,0,1
2011,2011,GDT,6,Consumer Discretionary,0.882006124873026,1,1,1,0,0,1,1,0,1
2011,2011,GFC,2,Unknown,0.926865741509434,0,0,0,0,1,0,0,1,0
2011,2011,GGG,2,Consumer Discretionary,1.3218273270366507,0,1,0,1,0,0,0,0,0
2011,2011,GIL,7,Consumer Discretionary,0.924154737253668,1,1,1,1,0,0,1,1,1
2011,2011,GLT,4,Communication Services,1.2452201372508824,1,1,1,0,0,0,1,0,0
2011,2011,GMC,5,Consumer Discretionary,1.2520476001678735,1,1,0,0,0,1,1,1,0
2011,2011,GMD,3,Industrials,2.3830701109318437,1,0,0,0,1,0,1,0,0
2011,2011,GMX,5,Materials,1.116782417426736,1,1,0,1,1,1,0,0,0
2011,2011,GTT,4,Consumer Discretionary,1.9811340112308788,1,0,0,0,1,1,1,0,0
2011,2011,HAG,1,Consumer Staples,1.031454387543105,1,0,0,0,0,0,0,0,0
2011,2011,HAP,2,Materials,6.61026882228397,1,0,0,0,0,0,0,0,1
2011,2011,HAS,4,Industrials,4.270765960722611,1,0,0,0,1,1,1,0,0
2011,2011,HAX,2,Consumer Discretionary,1.9687090133637768,0,0,0,0,1,0,1,0,0
2011,2011,HBC,3,Industrials,1.6336786582352458,1,0,0,0,1,0,0,0,1
2011,2011,HDG,2,Utilities,1.6473964189956871,1,0,0,0,0,1,0,0,0
2011,2011,HDO,3,Industrials,1.751782468738999,1,0,0,0,0,1,0,1,0
2011,2011,HGM,5,Materials,0.3747674958371647,1,1,1,0,0,0,0,1,1
2011,2011,HHC,2,Consumer Staples,1.4914278267092012,1,0,0,0,0,0,0,0,1
2011,2011,HIG,1,Information Technology,2.6773497417515313,0,0,0,0,0,0,1,0,0
2011,2011,HLC,5,Energy,1.6066244539831502,1,1,0,1,1,0,1,0,0
2011,2011,HLG,6,Unknown,1.2342374407777237,1,0,1,0,1,0,1,1,1
2011,2011,HMC,6,Materials,1.8661559385497837,1,0,1,0,1,1,1,0,1
2011,2011,HMH,5,Industrials,1.8587070968624049,1,1,0,0,1,0,1,1,0
2011,2011,HNM,6,Consumer Staples,2.299809582452174,1,0,1,0,1,1,1,1,0
2011,2011,HOM,8,Materials,3.561545974550746,1,1,1,1,0,1,1,1,1
2011,2011,HPB,4,Materials,2.187222115253201,1,0,1,0,0,0,1,0,1
2011,2011,HPG,4,Materials,1.3508307996544722,1,1,0,0,1,1,0,0,0
2011,2011,HQC,5,Real Estate,3.787039167021277,1,1,0,1,1,0,1,0,0
2011,2011,HSI,4,Materials,1.661118600261143,1,0,1,0,0,0,1,0,1
2011,2011,HT1,5,Materials,3.0829555287976467,0,1,0,1,1,0,1,1,0
2011,2011,HTV,3,Industrials,3.800444099828431,1,0,1,0,0,0,1,0,0
2011,2011,HUT,6,Consumer Discretionary,2.3234341526803597,1,1,0,1,1,1,1,0,0
2011,2011,HVG,8,Unknown,1.6065147477246349,1,1,1,0,1,1,1,1,1
2011,2011,HVX,8,Materials,4.05664962002079,1,1,1,1,0,1,1,1,1
2011,2011,ICF,4,Consumer Staples,2.7790971034883265,1,0,0,0,1,0,1,0,1
2011,2011,IDJ,1,Real Estate,3.1700154193548387,0,0,0,0,0,0,1,0,0
2011,2011,IFS,2,Consumer Staples,0.6116192437567569,0,0,0,1,0,0,1,0,0
2011,2011,IJC,3,Real Estate,1.3643888880370432,1,0,0,0,1,1,0,0,0
2011,2011,IMP,3,Health Care,1.2041715107485778,1,0,0,0,0,1,0,1,0
2011,2011,ITA,7,Real Estate,2.635442433707903,1,1,1,1,1,0,1,1,0
2011,2011,ITC,3,Real Estate,3.5867746040852992,0,0,0,1,1,0,1,0,0
2011,2011,ITD,3,Information Technology,2.3579848219657458,1,1,0,1,0,0,0,0,0
2011,2011,JVC,6,Health Care,0.9468193093050796,1,1,1,0,0,0,1,1,1
2011,2011,KAC,2,Real Estate,0.9048531618571428,1,0,0,0,0,0,1,0,0
2011,2011,KBC,3,Real Estate,1.508118306664158,1,0,0,0,1,0,1,0,0
2011,2011,KDC,6,Consumer Staples,1.2431046497151654,1,1,0,1,0,0,1,1,1
2011,2011,KDH,2,Real Estate,1.4213158922185372,1,0,0,0,1,0,0,0,0
2011,2011,KHP,6,Utilities,1.805982199992993,1,1,0,1,1,0,1,0,1
2011,2011,KSA,5,Materials,3.3195846440508987,1,1,0,1,1,0,1,0,0
2011,2011,KSB,4,Materials,1.068690461284228,1,1,0,0,0,1,1,0,0
2011,2011,KSS,4,Materials,2.2785718919350595,1,1,0,0,1,0,1,0,0
2011,2011,KTB,5,Materials,0.6108963240181773,1,1,0,1,0,0,1,1,0
2011,2011,KTT,2,Materials,4.778914358426501,0,0,0,0,1,0,1,0,0
2011,2011,L18,2,Industrials,2.887287604597701,1,0,0,0,0,0,1,0,0
2011,2011,L43,3,Industrials,1.8959413531477,1,0,0,0,0,0,1,1,0
2011,2011,LBM,9,Materials,2.168662369892046,1,1,1,1,1,1,1,1,1
2011,2011,LCM,6,Materials,0.3564564642773083,1,1,1,0,0,0,1,1,1
2011,2011,LDP,4,Health Care,1.306983445330836,1,1,0,0,0,1,1,0,0
2011,2011,LIG,5,Industrials,1.903704029875541,1,1,0,0,1,0,1,1,0
2011,2011,LIX,5,Consumer Staples,0.9207349422925926,1,1,0,1,0,0,1,0,1
2011,2011,LSS,3,Consumer Staples,1.3652788891812808,1,1,0,0,0,0,1,0,0
2011,2011,MAC,7,Industrials,3.362511971200848,1,1,1,1,0,1,1,0,1
2011,2011,MCG,6,Industrials,1.9682402982082443,1,1,0,1,1,0,1,0,1
2011,2011,MCO,5,Industrials,2.3659263144772127,1,0,0,0,1,1,1,1,0
2011,2011,MCP,6,Materials,1.2109602730303013,1,1,1,0,1,0,0,1,1
2011,2011,MDC,4,Energy,1.4903813796665668,1,1,0,1,0,0,1,0,0
2011,2011,MDG,4,Materials,3.087733053242431,1,1,0,1,0,0,0,1,0
2011,2011,MHC,8,Industrials,3.115051499537508,1,1,1,1,1,0,1,1,1
2011,2011,MKP,4,Health Care,0.8358906587568755,1,1,0,0,0,0,1,0,1
2011,2011,MKV,5,Health Care,1.5974054436467475,1,1,0,1,0,0,1,0,1
2011,2011,MNC,8,Industrials,3.623533777829547,1,1,0,1,1,1,1,1,1
2011,2011,MPC,3,Consumer Staples,1.5057645822495107,1,0,0,0,1,0,0,1,0
2011,2011,MSN,5,Consumer Staples,0.3404444205802456,1,1,0,0,1,1,0,1,0
2011,2011,MTG,7,Utilities,4.229406447971077,1,1,1,1,1,0,1,1,0
2011,2011,NAG,0,Consumer Discretionary,3.0614021043008233,0,0,0,0,0,0,0,0,0
2011,2011,NAV,6,Consumer Discretionary,1.6612100015866478,1,1,1,0,0,0,1,1,1
2011,2011,NBB,3,Real Estate,1.146540754259178,1,0,0,0,1,0,0,1,0
2011,2011,NBC,5,Energy,1.5549509559577115,1,1,0,1,0,1,1,0,0
2011,2011,NBP,3,Utilities,1.0635039863148212,1,1,0,0,0,0,1,0,0
2011,2011,NET,3,Consumer Staples,0.7789946589578713,1,1,0,0,0,0,1,0,0
2011,2011,NGC,6,Consumer Staples,2.053930972512438,1,1,0,1,1,0,1,0,1
2011,2011,NHA,4,Real Estate,3.5500827983919754,1,1,0,1,0,0,1,0,0
2011,2011,NKG,4,Materials,0.9363961875985646,1,1,0,1,0,0,1,0,0
2011,2011,NLC,8,Utilities,1.6223175322,1,1,1,1,1,1,1,0,1
2011,2011,NST,6,Consumer Staples,1.9321424181578264,1,1,0,1,0,1,1,1,0
2011,2011,NTL,2,Real Estate,1.048892784432495,1,0,0,0,0,0,1,0,0
2011,2011,NTP,3,Materials,0.7149147904793136,1,1,0,0,1,0,0,0,0
2011,2011,NVN,5,Unknown,2.0142576819495535,1,1,0,1,1,0,1,0,0
2011,2011,NVT,1,Consumer Discretionary,5.771497479678121,0,0,0,1,0,0,0,0,0
2011,2011,OCH,2,Consumer Staples,1.0927374510838384,1,0,0,0,0,0,1,0,0
2011,2011,OGC,3,Consumer Staples,1.4071763902925,1,0,0,0,0,1,1,0,0
2011,2011,ONE,6,Communication Services,2.5684916078296007,1,1,0,1,1,1,0,1,0
2011,2011,PAC,4,Industrials,1.3581592412620662,1,1,0,0,1,0,1,0,0
2011,2011,PAN,4,Consumer Staples,1.8367325612821532,1,0,0,0,1,0,1,1,0
2011,2011,PCT,6,Industrials,5.05033248773913,1,1,0,1,1,0,1,0,1
2011,2011,PDC,8,Consumer Discretionary,2.7712850550114942,1,1,1,1,0,1,1,1,1
2011,2011,PDN,5,Industrials,0.9545962662971962,1,1,0,0,1,0,1,0,1
2011,2011,PET,7,Consumer Discretionary,1.4629047476746888,1,1,1,1,0,1,1,1,0
2011,2011,PGC,6,Utilities,3.3805751220913227,1,1,0,1,0,1,1,1,0
2011,2011,PGD,5,Utilities,0.6823793772393162,1,1,1,1,0,0,0,0,1
2011,2011,PGS,6,Utilities,1.042885977675439,1,1,0,1,1,1,0,1,0
2011,2011,PIT,6,Consumer Staples,2.4306078546825858,1,1,0,1,1,0,1,0,1
2011,2011,PJT,9,Energy,2.192628999559083,1,1,1,1,1,1,1,1,1
2011,2011,PLC,3,Materials,1.343800576495496,1,0,0,0,1,0,1,0,0
2011,2011,PMC,5,Health Care,1.0804361359142554,1,1,1,0,0,0,1,1,0
2011,2011,PMT,5,Communication Services,4.514930658860876,0,1,0,1,1,0,1,0,1
2011,2011,PNJ,6,Consumer Discretionary,0.4686902578050937,1,1,0,0,0,1,1,1,1
2011,2011,POM,4,Materials,1.6656144314522072,1,1,0,1,0,0,1,0,0
2011,2011,POV,7,Energy,4.170436388733333,1,0,1,0,1,1,1,1,1
2011,2011,PPC,4,Utilities,1.3254641403530207,1,1,0,1,0,0,1,0,0
2011,2011,PPI,3,Real Estate,4.230459490692155,1,0,0,0,1,0,0,1,0
2011,2011,PPS,3,Industrials,1.1220145555451713,1,1,0,0,0,0,1,0,0
2011,2011,PSB,4,Energy,3.57984504935625,1,0,0,0,0,1,1,0,1
2011,2011,PSG,1,Industrials,1.9612342663443223,0,0,0,0,0,0,1,0,0
2011,2011,PSP,4,Industrials,3.326928707088319,0,0,0,1,1,0,0,1,1
2011,2011,PTC,6,Industrials,6.7388897445706375,1,0,1,0,1,1,1,0,1
2011,2011,PTD,6,Industrials,1.4973180966,1,0,1,0,1,1,1,0,1
2011,2011,PTL,4,Real Estate,2.563069889555544,1,0,0,0,1,0,1,1,0
2011,2011,PTS,3,Industrials,2.4535692654990138,1,0,0,0,1,1,0,0,0
2011,2011,PVD,7,Energy,0.8914181068353748,1,1,1,1,1,0,1,0,1
2011,2011,PVE,5,Industrials,1.2696461543986255,1,0,1,0,0,1,0,1,1
2011,2011,PVG,7,Utilities,1.5889962136564593,1,1,1,0,1,0,1,1,1
2011,2011,PVS,8,Energy,1.3508206254733512,1,1,1,1,1,1,0,1,1
2011,2011,PVT,6,Energy,3.1543119045391506,1,1,0,1,1,1,1,0,0
2011,2011,PVV,4,Industrials,3.0953184879238096,1,0,0,0,1,1,0,1,0
2011,2011,PVX,1,Industrials,1.6211444375511763,0,0,0,0,0,0,1,0,0
2011,2011,PXA,5,Real Estate,4.203817536666667,1,1,0,1,1,0,0,1,0
2011,2011,PXI,2,Industrials,2.5411138676541363,1,0,0,0,0,0,1,0,0
2011,2011,PXL,5,Real Estate,2.8518696297002197,1,0,0,0,0,1,1,1,1
2011,2011,QCG,2,Real Estate,1.368542036444575,0,0,0,0,0,1,1,0,0
2011,2011,RAL,8,Industrials,1.87591611864233,1,1,1,0,1,1,1,1,1
2011,2011,RCL,3,Real Estate,2.42924972391702,1,0,0,0,0,1,1,0,0
2011,2011,RDP,5,Unknown,1.8307689606976745,1,0,0,0,1,0,1,1,1
2011,2011,REE,5,Utilities,1.4278130458584732,1,1,0,0,0,1,1,1,0
2011,2011,RIC,6,Consumer Discretionary,2.8626341312974444,1,1,0,1,1,0,1,0,1
2011,2011,SAM,1,Industrials,3.971107514930141,0,0,0,1,0,0,0,0,0
2011,2011,SAV,4,Consumer Discretionary,1.4835433488709913,1,0,1,0,0,0,1,0,1
2011,2011,SBC,3,Industrials,1.4378288204044118,0,0,0,0,1,0,1,0,1
2011,2011,SBT,6,Consumer Staples,1.124973044004704,1,1,1,0,1,0,1,0,1
2011,2011,SC5,2,Industrials,2.8214095703621243,1,0,0,0,1,0,0,0,0
2011,2011,SCC,3,Materials,6.359307072472982,0,0,0,1,0,0,1,0,1
2011,2011,SCD,5,Consumer Staples,1.6609775255456314,1,1,0,1,0,0,1,0,1
2011,2011,SCJ,4,Materials,3.974200852512378,1,1,0,0,1,0,1,0,0
2011,2011,SCR,3,Real Estate,3.676875923240678,1,0,0,0,1,0,0,1,0
2011,2011,SDA,3,Industrials,2.7593599685104384,1,0,0,0,0,0,1,1,0
2011,2011,SDB,2,Industrials,3.732251135672727,0,0,0,0,1,1,0,0,0
2011,2011,SDS,5,Industrials,2.3547421146499072,1,0,0,0,0,1,1,1,1
2011,2011,SDV,5,Industrials,1.474646858877551,1,1,0,1,0,0,1,0,1
2011,2011,SEL,5,Industrials,3.340004525804878,1,1,0,0,1,0,1,1,0
2011,2011,SFC,6,Energy,0.6369870577658706,1,1,0,0,1,1,1,0,1
2011,2011,SFI,5,Industrials,2.0964635423269766,1,1,0,0,0,1,1,1,0
2011,2011,SGS,4,Industrials,1.5604930478621646,0,1,0,1,0,0,1,0,1
2011,2011,SGT,5,Communication Services,1.157816023221938,0,1,0,1,1,0,1,1,0
2011,2011,SHC,8,Industrials,0.7269958948455036,1,1,1,1,1,0,1,1,1
2011,2011,SHI,3,Industrials,3.089033757934635,1,0,0,0,1,0,1,0,0
2011,2011,SHP,6,Utilities,2.826494687172892,1,1,1,1,0,0,0,1,1
2011,2011,SJE,7,Industrials,3.866801494491898,1,1,0,1,1,0,1,1,1
2011,2011,SJS,2,Real Estate,0.8153523711569306,0,0,0,1,0,1,0,0,0
2011,2011,SMC,6,Materials,2.544993177688156,1,1,0,1,1,1,1,0,0
2011,2011,SPM,2,Health Care,0.902727736498108,1,0,0,0,0,0,1,0,0
2011,2011,SRC,4,Consumer Discretionary,2.158272977443837,1,0,0,0,1,0,1,0,1
2011,2011,SRF,4,Industrials,2.2077301484959833,1,0,1,0,1,0,0,0,1
2011,2011,ST8,5,Consumer Discretionary,1.7479716101758465,1,1,0,1,0,1,1,0,0
2011,2011,STP,2,Materials,2.783292582024136,1,0,0,0,0,0,1,0,0
2011,2011,STT,5,Consumer Discretionary,3.4402964013970587,1,1,0,1,1,0,1,0,0
2011,2011,SVC,6,Consumer Discretionary,1.6953248111233823,1,1,0,1,0,0,1,1,1
2011,2011,SVT,2,Materials,1.6222309850869436,1,0,0,0,0,0,1,0,0
2011,2011,SZL,5,Real Estate,2.2101876910888993,1,1,0,1,0,1,1,0,0
2011,2011,TAC,3,Consumer Staples,0.8671326741556646,1,0,0,0,1,0,1,0,0
2011,2011,TBC,9,Utilities,1.2732259765559055,1,1,1,1,1,1,1,1,1
2011,2011,TC6,7,Energy,2.525098152883214,1,1,1,1,0,1,1,0,1
2011,2011,TCL,2,Industrials,1.18988472187521,1,1,0,0,0,0,0,0,0
2011,2011,TCM,4,Consumer Discretionary,1.9283928213835275,1,0,0,0,0,1,1,0,1
2011,2011,TCR,6,Materials,3.2532296545759163,1,1,1,1,0,0,1,0,1
2011,2011,TCT,6,Industrials,0.9302617070549094,1,1,1,0,0,0,1,1,1
2011,2011,TDC,6,Real Estate,1.5251849728256095,1,0,1,0,1,1,0,1,1
2011,2011,TDN,7,Energy,2.2673904835069445,1,1,1,1,0,1,1,0,1
2011,2011,TGP,3,Industrials,5.651099242905864,1,0,0,0,0,1,1,0,0
2011,2011,THB,7,Consumer Staples,1.7057374954376774,1,1,0,1,1,1,1,1,0
2011,2011,THG,4,Materials,2.0714802791151685,1,1,0,0,1,0,1,0,0
2011,2011,THT,6,Energy,2.778127511668107,1,1,1,0,0,1,1,0,1
2011,2011,THV,4,Unknown,2.61871244317164,0,1,0,1,1,0,1,0,0
2011,2011,TIE,5,Consumer Discretionary,3.553468193024856,1,0,0,0,0,1,1,1,1
2011,2011,TIG,4,Real Estate,3.114845016852395,0,1,0,1,0,0,1,1,0
2011,2011,TKC,4,Real Estate,3.3688068905062107,1,0,0,0,1,1,1,0,0
2011,2011,TLG,5,Industrials,1.8544996784353296,1,0,0,0,1,1,0,1,1
2011,2011,TLH,7,Materials,2.9698927656369665,1,1,0,1,1,1,1,1,0
2011,2011,TLT,8,Materials,0.5302104388497093,1,1,0,1,1,1,1,1,1
2011,2011,TMP,9,Utilities,1.4664780955009042,1,1,1,1,1,1,1,1,1
2011,2011,TNA,4,Consumer Discretionary,1.4534844843006949,1,1,0,1,0,0,1,0,0
2011,2011,TNB,4,Materials,2.3756037470164952,1,0,0,0,0,1,1,0,1
2011,2011,TNC,6,Materials,1.3354598425887445,1,1,1,0,0,1,1,1,0
2011,2011,TNG,2,Consumer Discretionary,2.415258091978316,1,0,0,0,0,0,0,0,1
2011,2011,TPC,3,Materials,2.3931040866695157,1,0,0,0,0,0,1,0,1
2011,2011,TPP,8,Materials,2.517125881556604,1,1,1,1,0,1,1,1,1
2011,2011,TS4,4,Consumer Staples,2.5675412512182416,1,0,0,0,1,0,1,0,1
2011,2011,TST,5,Industrials,4.147365972183642,0,1,0,1,0,1,1,1,0
2011,2011,TTC,9,Materials,3.4603940901316412,1,1,1,1,1,1,1,1,1
2011,2011,TTF,4,Consumer Discretionary,3.782447603749365,1,0,0,0,1,0,1,0,1
2011,2011,TTG,7,Consumer Discretionary,3.6811965448392554,1,1,1,1,0,0,1,1,1
2011,2011,TV1,3,Industrials,2.3857540106608988,1,0,0,0,0,0,1,1,0
2011,2011,TV2,6,Industrials,2.0992099177479338,1,1,1,1,0,0,1,1,0
2011,2011,TV3,6,Industrials,1.7519722426836315,1,1,0,1,0,1,1,0,1
2011,2011,TV4,6,Industrials,2.9742883779448688,1,1,0,1,0,1,1,1,0
2011,2011,TVD,6,Energy,1.5767524411302007,1,1,1,0,0,1,1,1,0
2011,2011,TXM,8,Materials,5.413523955204082,1,1,1,1,1,0,1,1,1
2011,2011,TYA,5,Industrials,3.231385124496634,1,0,1,0,0,1,1,1,0
2011,2011,UDC,2,Industrials,2.8440575702745163,1,0,0,0,0,0,1,0,0
2011,2011,UDJ,6,Real Estate,1.9655981547972028,1,1,1,0,0,0,1,1,1
2011,2011,UNI,2,Real Estate,2.6884217699062813,0,0,0,0,1,0,1,0,0
2011,2011,V11,4,Industrials,5.8605604787753744,0,0,0,1,1,1,0,0,1
2011,2011,V12,4,Industrials,2.9544659631030137,1,0,0,0,1,1,1,0,0
2011,2011,V15,4,Industrials,4.04454086878125,1,0,0,0,1,0,1,0,1
2011,2011,V21,3,Consumer Discretionary,1.0808338522703818,1,0,0,0,1,0,1,0,0
2011,2011,VBH,4,Information Technology,0.6805212610049262,1,0,0,0,0,1,1,1,0
2011,2011,VC1,4,Industrials,2.897104221777562,1,0,0,0,1,1,1,0,0
2011,2011,VC2,3,Industrials,1.9632678779166663,1,0,0,0,1,0,0,1,0
2011,2011,VC5,4,Industrials,3.696076722867924,1,0,0,0,0,0,1,1,1
2011,2011,VC6,4,Industrials,1.8806193145394736,1,0,0,0,1,1,0,0,1
2011,2011,VC7,6,Consumer Discretionary,2.8679189727598566,1,1,0,1,1,1,1,0,0
2011,2011,VC9,5,Industrials,2.6839845059691605,1,1,0,1,1,0,0,1,0
2011,2011,VCF,4,Consumer Staples,0.2998230953616911,1,0,0,0,0,1,1,1,0
2011,2011,VCG,4,Industrials,1.1808671275602995,1,0,0,0,1,0,1,1,0
2011,2011,VCH,4,Industrials,0.818006526875,0,1,0,1,1,0,1,0,0
2011,2011,VCM,3,Consumer Discretionary,1.5388953066433566,1,0,0,0,0,1,1,0,0
2011,2011,VCR,3,Real Estate,1.989542675224435,1,0,0,0,0,1,0,1,0
2011,2011,VCS,2,Materials,1.8372432501703049,1,0,0,0,0,0,0,1,0
2011,2011,VCT,6,Industrials,3.1797763156060608,1,1,0,1,1,0,1,1,0
2011,2011,VFR,4,Industrials,3.0218178819234973,1,0,1,0,0,1,1,0,0
2011,2011,VGS,6,Materials,3.331130733108022,1,1,0,1,1,0,1,0,1
2011,2011,VHC,7,Consumer Staples,0.9524840837525864,1,1,1,0,1,1,1,0,1
2011,2011,VIC,4,Real Estate,0.1670435696057781,1,1,0,1,1,0,0,0,0
2011,2011,VIP,6,Energy,3.4313828909761326,1,1,0,1,1,0,1,1,0
2011,2011,VIS,7,Materials,1.5177239752289855,1,1,0,1,1,1,1,0,1
2011,2011,VIT,5,Materials,2.437824782570806,1,1,0,1,1,0,1,0,0
2011,2011,VKC,4,Consumer Discretionary,4.175517239846154,1,0,0,0,1,0,1,0,1
2011,2011,VLF,4,Consumer Staples,1.272663984375,1,1,0,0,0,0,1,0,1
2011,2011,VNF,3,Industrials,1.1720578793261305,1,0,0,0,0,1,1,0,0
2011,2011,VNI,2,Real Estate,2.68817375995031,1,0,0,0,0,0,1,0,0
2011,2011,VNL,6,Industrials,1.2741839402579365,1,1,1,0,0,0,1,1,1
2011,2011,VNM,4,Consumer Staples,0.2594955042301886,1,1,0,0,0,1,0,0,1
2011,2011,VNS,7,Industrials,1.3457038665782484,1,1,0,1,1,1,1,0,1
2011,2011,VNT,4,Industrials,1.432621235120772,1,1,0,1,0,0,1,0,0
2011,2011,VPC,7,Consumer Discretionary,5.259506854647343,1,1,0,1,1,0,1,1,1
2011,2011,VPH,3,Real Estate,4.018356231245719,1,0,0,0,0,1,1,0,0
2011,2011,VPK,8,Materials,1.9425097444044233,1,1,1,0,1,1,1,1,1
2011,2011,VRC,3,Real Estate,1.5297533913975905,1,0,0,0,1,1,0,0,0
2011,2011,VSG,6,Industrials,1.495558648507574,0,1,0,1,0,1,1,1,1
2011,2011,VSH,5,Utilities,1.3958623114468245,1,1,0,0,1,0,1,1,0
2011,2011,VTC,4,Communication Services,4.440842610798555,0,0,0,1,1,0,1,0,1
2011,2011,VTF,7,Consumer Staples,1.3358860895889384,1,1,1,0,0,1,1,1,1
2011,2011,VTO,6,Energy,3.071800671392681,1,1,0,1,1,0,1,0,1
2011,2011,XMC,2,Industrials,1.9957635028885563,1,0,0,0,1,0,0,0,0
2012,2012,AAA,5,Materials,1.8841532419773273,1,1,0,1,1,1,0,0,0
2012,2012,AAM,6,Consumer Staples,1.191591655864214,1,1,0,1,1,1,1,0,0
2012,2012,ACC,5,Materials,0.8058285937003891,1,1,0,0,0,1,1,0,1
2012,2012,ACL,3,Consumer Staples,1.1871518178126896,1,1,0,0,0,0,1,0,0
2012,2012,AGD,2,Unknown,0.6699286478779599,1,0,0,0,0,1,0,0,0
2012,2012,AGF,5,Consumer Staples,2.397671964564667,1,1,0,1,0,1,1,0,0
2012,2012,AGM,7,Consumer Staples,0.9042455030944055,1,1,0,1,1,0,1,1,1
2012,2012,ALP,3,Unknown,1.1395804677614771,0,1,0,1,0,0,1,0,0
2012,2012,ALT,4,Materials,2.006014558026752,0,1,0,1,1,0,1,0,0
2012,2012,AMV,8,Health Care,3.521179498995628,0,1,1,1,1,1,1,1,1
2012,2012,ANI,6,Real Estate,3.721179556274038,1,1,1,0,1,0,1,1,0
2012,2012,ANV,4,Consumer Staples,2.2036650320170215,1,0,0,0,1,0,1,1,0
2012,2012,APC,5,Industrials,1.313972490910425,1,1,0,1,1,0,1,0,0
2012,2012,ARM,6,Industrials,0.9342388032964188,1,1,1,0,0,1,1,0,1
2012,2012,ASA,3,Unknown,0.7458914670212766,1,0,0,0,1,0,1,0,0
2012,2012,ASM,5,Consumer Staples,1.9595205447464608,1,1,0,1,0,0,1,0,1
2012,2012,ASP,7,Utilities,2.486491580541548,1,1,1,1,1,1,1,0,0
2012,2012,ATA,6,Consumer Staples,3.118318229124467,1,1,0,1,1,0,1,1,0
2012,2012,AVF,5,Unknown,2.2436207170856326,1,1,0,1,1,1,0,0,0
2012,2012,BBC,3,Unknown,2.221901850415296,1,0,0,0,0,1,1,0,0
2012,2012,BCC,7,Materials,2.8463352291814172,1,1,1,1,1,0,1,0,1
2012,2012,BCE,3,Industrials,1.5200729249349594,1,1,0,0,0,0,1,0,0
2012,2012,BCI,6,Real Estate,1.6145964679797626,1,1,1,0,1,1,1,0,0
2012,2012,BGM,5,Materials,2.053940394990079,1,1,0,1,1,0,1,0,0
2012,2012,BHC,3,Materials,2.1019625804166666,0,1,0,1,0,0,1,0,0
2012,2012,BKC,2,Materials,1.736015419236297,0,0,0,1,0,0,1,0,0
2012,2012,BLF,7,Consumer Staples,4.900034548363636,1,1,0,1,1,1,1,1,0
2012,2012,BMC,5,Materials,0.3380629474174165,1,1,0,0,1,0,1,1,0
2012,2012,BMP,7,Materials,0.8184259683746955,1,1,1,1,0,1,1,1,0
2012,2012,BPC,2,Materials,2.6686129650834403,1,0,0,0,0,0,1,0,0
2012,2012,BRC,5,Consumer Discretionary,1.4920898050869358,1,0,1,0,0,1,1,0,1
2012,2012,BST,5,Communication Services,1.7436662412384716,1,1,1,0,0,0,1,0,1
2012,2012,BT6,4,Materials,2.19506261373374,1,0,0,0,1,1,1,0,0
2012,2012,BTP,7,Utilities,2.6695545621008345,1,1,1,1,1,0,1,1,0
2012,2012,BTS,4,Materials,2.505452120565719,0,1,0,1,1,0,1,0,0
2012,2012,BTT,7,Consumer Discretionary,1.448714247212693,1,1,1,1,1,0,1,0,1
2012,2012,BTW,7,Utilities,1.4672784572120674,1,1,1,0,0,1,1,1,1
2012,2012,BVN,4,Consumer Discretionary,2.3699267233125,1,0,0,0,1,1,1,0,0
2012,2012,C21,4,Real Estate,1.9842741350656357,1,1,0,0,0,1,1,0,0
2012,2012,C32,6,Materials,1.2031789348345587,1,1,0,1,1,1,1,0,0
2012,2012,CAN,5,Consumer Staples,0.8879444982695652,1,1,0,1,1,0,1,0,0
2012,2012,CAP,8,Materials,1.0531196350822671,1,1,1,1,1,0,1,1,1
2012,2012,CKV,4,Communication Services,2.3202091848887703,1,0,1,0,0,0,1,0,1
2012,2012,CLC,3,Consumer Staples,1.2124305333020955,1,0,0,0,0,1,1,0,0
2012,2012,CLG,6,Real Estate,2.269464167031915,1,1,0,1,1,1,1,0,0
2012,2012,CLW,6,Utilities,1.3021285473776223,1,1,0,1,1,0,1,0,1
2012,2012,CMI,6,Materials,1.323568770060677,1,1,1,1,0,0,1,1,0
2012,2012,CMT,3,Information Technology,2.6977276469296743,1,0,0,0,0,1,1,0,0
2012,2012,CMV,3,Consumer Discretionary,0.6706131262802093,1,1,0,0,0,1,0,0,0
2012,2012,CMX,6,Consumer Staples,3.394655644914335,1,1,0,1,1,0,1,0,1
2012,2012,CNG,4,Utilities,0.7343144945937162,1,1,0,1,1,0,0,0,0
2012,2012,CNT,4,Real Estate,3.777703563798716,0,1,0,1,0,1,1,0,0
2012,2012,COM,5,Energy,0.9115211992857232,1,0,0,0,1,0,1,1,1
2012,2012,CSC,2,Real Estate,2.166860732218548,0,0,0,0,1,0,1,0,0
2012,2012,CSM,5,Consumer Discretionary,0.7121164296687841,1,1,1,0,0,1,0,1,0
2012,2012,CTA,4,Industrials,2.2932391302578363,0,1,0,1,0,0,1,1,0
2012,2012,CTI,2,Industrials,1.6040001759722222,1,0,0,0,0,0,1,0,0
2012,2012,CTM,3,Materials,3.3469389455126777,0,0,0,0,1,0,1,1,0
2012,2012,CTN,4,Industrials,3.547428280657101,1,0,0,0,1,1,1,0,0
2012,2012,CX8,6,Industrials,4.311283749137623,1,1,0,1,0,1,1,0,1
2012,2012,CYC,7,Materials,5.372558718147576,1,1,1,1,1,1,1,0,0
2012,2012,D11,3,Consumer Discretionary,2.144370214674806,1,0,0,0,0,1,1,0,0
2012,2012,D2D,7,Real Estate,1.8010427605991712,1,1,1,1,0,1,1,0,1
2012,2012,DAD,5,Communication Services,1.3184652760084337,1,1,1,0,0,0,1,0,1
2012,2012,DAE,6,Communication Services,1.551917321164193,1,1,1,0,0,1,1,0,1
2012,2012,DBC,5,Consumer Staples,1.386856178829275,1,1,0,0,1,0,1,1,0
2012,2012,DBT,5,Health Care,1.5910690502693237,1,1,0,1,0,0,1,1,0
2012,2012,DCT,4,Materials,4.371703603146546,0,0,0,1,1,0,1,0,1
2012,2012,DHG,6,Health Care,0.3536905431675791,1,1,1,0,0,1,0,1,1
2012,2012,DHM,6,Materials,0.4577767851486895,1,1,1,1,0,1,1,0,0
2012,2012,DMC,7,Health Care,1.1042997698200694,1,1,1,1,1,0,1,0,1
2012,2012,DNM,8,Health Care,1.279898492462048,1,1,1,1,1,1,1,1,0
2012,2012,DNY,3,Materials,2.55166038535,1,0,0,0,1,0,1,0,0
2012,2012,DPC,6,Materials,1.298171030337563,1,1,0,1,1,1,1,0,0
2012,2012,DPM,5,Materials,0.6628909973744208,1,1,0,1,0,0,1,0,1
2012,2012,DQC,7,Industrials,1.9046161049400192,1,1,1,1,0,1,1,1,0
2012,2012,DRH,3,Industrials,3.886236981995878,0,1,0,1,0,0,0,0,1
2012,2012,DSN,4,Consumer Discretionary,0.4323980051990317,1,1,0,0,0,1,1,0,0
2012,2012,DST,4,Consumer Discretionary,3.9623722133333334,0,1,0,1,0,1,1,0,0
2012,2012,DTA,6,Real Estate,3.1665179007142856,1,1,0,1,1,0,1,1,0
2012,2012,DTL,4,Materials,1.2165564503096198,1,1,0,1,0,0,1,0,0
2012,2012,DTT,3,Materials,1.9386238583005304,0,1,0,1,0,0,1,0,0
2012,2012,DVP,6,Industrials,0.6211204982886364,1,1,0,1,1,0,1,1,0
2012,2012,DXG,7,Real Estate,1.225167767585979,1,1,1,1,1,1,0,0,1
2012,2012,DXP,8,Materials,0.8639012912967322,1,1,1,1,0,1,1,1,1
2012,2012,DXV,5,Materials,2.557365932297332,1,1,0,0,1,0,1,0,1
2012,2012,DZM,1,Industrials,3.0268574914628985,0,0,0,1,0,0,0,0,0
2012,2012,ECI,6,Communication Services,1.4866369752604167,1,1,1,1,0,0,1,0,1
2012,2012,EMC,7,Industrials,1.9295267539633052,1,1,0,1,1,1,1,1,0
2012,2012,EVE,4,Consumer Discretionary,1.124927946109996,1,1,0,1,0,0,1,0,0
2012,2012,FBA,3,Unknown,0.5653894569057467,1,1,0,0,0,0,1,0,0
2012,2012,FCN,4,Industrials,1.4907479190067343,1,1,0,0,1,0,0,1,0
2012,2012,FDC,7,Real Estate,0.9128673973543312,1,1,1,1,0,1,1,1,0
2012,2012,FDG,4,Unknown,1.097639653772418,0,1,0,1,0,1,1,0,0
2012,2012,FDT,5,Consumer Discretionary,0.7662709149949964,1,1,0,1,0,0,1,0,1
2012,2012,FLC,6,Unknown,2.219534430611187,1,1,1,1,0,1,0,0,1
2012,2012,FMC,6,Consumer Staples,2.1238532229976625,1,1,0,1,0,1,1,1,0
2012,2012,FPT,4,Information Technology,0.641196993400299,1,1,0,1,0,1,0,0,0
2012,2012,GAS,8,Utilities,0.3717336237882757,1,1,1,1,1,1,1,1,0
2012,2012,GDT,3,Consumer Discretionary,1.032933830063507,1,1,0,0,0,0,1,0,0
2012,2012,GDW,8,Utilities,1.432274653431579,1,1,1,0,1,1,1,1,1
2012,2012,GFC,2,Unknown,0.3005748797807241,0,0,0,0,0,1,1,0,0
2012,2012,GGG,5,Consumer Discretionary,0.6647156301023673,0,1,1,1,0,0,1,1,0
2012,2012,GHC,8,Utilities,0.6354168443826087,1,1,1,1,1,0,1,1,1
2012,2012,GMC,3,Consumer Discretionary,1.0507999980781495,1,1,0,0,0,0,1,0,0
2012,2012,GMD,8,Industrials,2.217839338417068,1,1,1,1,0,1,1,1,1
2012,2012,GTA,7,Materials,2.2351420891686447,1,1,1,1,0,1,1,0,1
2012,2012,GTT,5,Consumer Discretionary,1.358887852198941,1,0,1,0,1,1,1,0,0
2012,2012,HAD,7,Consumer Staples,0.9017823202785924,1,1,1,1,0,1,1,1,0
2012,2012,HAG,6,Consumer Staples,0.8402782694245826,1,1,0,1,0,1,1,0,1
2012,2012,HAP,4,Materials,3.90023137369123,1,1,0,1,0,0,1,0,0
2012,2012,HAS,6,Industrials,3.882115522153846,1,1,1,0,0,1,1,0,1
2012,2012,HAT,6,Consumer Staples,0.8594430766741074,1,1,0,1,0,0,1,1,1
2012,2012,HBC,2,Industrials,1.5891554539921149,1,0,0,0,0,1,0,0,0
2012,2012,HBD,5,Materials,1.3886891428704786,1,1,0,1,0,1,1,0,0
2012,2012,HDG,1,Utilities,1.0173226273944405,1,0,0,0,0,0,0,0,0
2012,2012,HDO,3,Industrials,1.630252826616983,1,0,0,0,1,0,1,0,0
2012,2012,HEV,6,Communication Services,1.30210205248,1,1,1,0,0,1,1,0,1
2012,2012,HGM,4,Materials,0.4565216380453005,1,1,0,0,0,1,1,0,0
2012,2012,HHC,6,Consumer Staples,1.4710962825359877,1,1,0,1,0,1,1,1,0
2012,2012,HHL,4,Unknown,1.1142044045486392,0,1,0,1,1,0,1,0,0
2012,2012,HHS,4,Consumer Discretionary,0.4853258983682873,1,1,0,1,0,0,1,0,0
2012,2012,HIG,7,Information Technology,4.039141142368366,1,1,1,1,0,1,1,1,0
2012,2012,HLC,5,Energy,1.2255468197593966,1,1,0,1,1,0,1,0,0
2012,2012,HLG,3,Unknown,1.3292830477132287,1,0,0,0,1,0,1,0,0
2012,2012,HMC,7,Materials,2.006888784656085,1,1,0,1,1,1,1,1,0
2012,2012,HMH,4,Industrials,1.426600955397809,1,1,0,0,0,1,0,1,0
2012,2012,HNM,3,Consumer Staples,2.11787917552,1,0,0,0,0,1,1,0,0
2012,2012,HOM,6,Materials,2.361028315470064,1,1,0,0,1,1,1,0,1
2012,2012,HPB,6,Materials,1.8132011104579095,1,1,0,1,0,1,1,1,0
2012,2012,HPG,4,Materials,0.9187545802008642,1,1,0,1,1,0,0,0,0
2012,2012,HPS,1,Materials,2.408927060964008,0,0,0,0,0,0,1,0,0
2012,2012,HQC,6,Real Estate,2.669817632570922,1,0,1,0,1,1,1,0,1
2012,2012,HRC,3,Materials,0.7583909946155811,1,0,0,0,0,1,1,0,0
2012,2012,HSI,1,Materials,1.8846259776676384,0,0,0,0,0,0,1,0,0
2012,2012,HST,7,Communication Services,2.115741140816132,1,1,1,0,1,1,1,0,1
2012,2012,HT1,7,Materials,2.3234610088772443,1,1,1,1,0,1,1,0,1
2012,2012,HTI,7,Industrials,1.5958450559380817,1,1,1,1,0,0,1,1,1
2012,2012,HTL,4,Consumer Discretionary,2.6281078053869047,1,0,0,0,1,0,1,0,1
2012,2012,HTV,5,Industrials,2.080778240318527,1,0,1,0,0,0,1,1,1
2012,2012,HUT,6,Consumer Discretionary,1.9171002206278651,1,1,0,1,1,0,1,0,1
2012,2012,HVG,2,Unknown,1.1790885733723089,1,0,0,0,1,0,0,0,0
2012,2012,HVX,8,Materials,2.6351218067052766,1,1,1,1,0,1,1,1,1
2012,2012,ICF,5,Consumer Staples,4.115325444891643,1,1,0,1,0,0,1,1,0
2012,2012,IDJ,5,Real Estate,2.9033321620443884,1,0,1,0,0,1,1,1,0
2012,2012,IJC,5,Real Estate,1.1949828126769078,1,1,0,0,1,0,1,1,0
2012,2012,IMP,4,Health Care,1.2332099966733785,1,1,0,1,0,0,1,0,0
2012,2012,INC,4,Industrials,3.4135193992857142,1,0,0,0,0,1,1,1,0
2012,2012,ITA,4,Real Estate,2.819495755410916,1,0,0,0,0,1,1,1,0
2012,2012,ITC,5,Real Estate,3.1833158739620413,1,0,1,0,0,1,1,1,0
2012,2012,ITD,4,Information Technology,3.1239402236474496,1,1,0,1,1,0,0,0,0
2012,2012,ITQ,4,Materials,0.7171273823888888,1,1,0,1,0,0,1,0,0
2012,2012,JVC,4,Health Care,0.9466678843136376,1,0,0,0,1,1,0,1,0
2012,2012,KAC,7,Real Estate,1.2439970915204082,1,1,0,1,1,1,1,0,1
2012,2012,KBC,3,Real Estate,2.326869449869019,0,0,0,1,0,1,1,0,0
2012,2012,KDC,7,Consumer Staples,0.6328172747197522,1,1,1,1,1,1,0,1,0
2012,2012,KDH,2,Real Estate,2.820880118957226,0,0,0,0,0,1,1,0,0
2012,2012,KHA,6,Unknown,1.6602505722794831,1,1,1,1,0,0,1,1,0
2012,2012,KHP,9,Utilities,1.658381078032361,1,1,1,1,1,1,1,1,1
2012,2012,KKC,5,Materials,2.0095931763142834,1,1,0,1,0,0,1,0,1
2012,2012,KMR,5,Consumer Discretionary,4.021078216026,0,1,0,1,1,0,1,1,0
2012,2012,KSA,6,Materials,1.3604042957687348,1,0,1,0,1,1,1,1,0
2012,2012,KSB,5,Materials,1.3349948264635605,1,1,0,1,0,1,1,0,0
2012,2012,KSH,2,Unknown,1.3876856075454134,0,0,0,1,0,0,1,0,0
2012,2012,KSS,5,Materials,2.1392906605569757,1,0,0,0,1,0,1,1,1
2012,2012,KTB,5,Materials,1.4466854246373766,1,1,1,0,0,1,1,0,0
2012,2012,KTT,6,Materials,4.107433017878261,1,1,1,1,0,0,1,0,1
2012,2012,L10,8,Industrials,2.388234406516854,1,1,1,1,1,1,1,0,1
2012,2012,L14,4,Consumer Discretionary,2.2413673594417736,1,0,0,0,1,1,1,0,0
2012,2012,L35,5,Industrials,2.8881690400864075,1,0,0,0,1,0,1,1,1
2012,2012,L43,2,Industrials,3.5397314047306794,1,0,0,0,0,0,1,0,0
2012,2012,L44,7,Industrials,2.739413481407035,1,1,0,1,1,1,1,1,0
2012,2012,L61,4,Industrials,2.3517797261225946,1,0,0,0,1,0,1,1,0
2012,2012,LBM,6,Materials,1.5499450088492186,1,1,0,1,1,1,1,0,0
2012,2012,LCM,4,Materials,0.7459188121762672,1,1,1,0,0,0,0,0,1
2012,2012,LGC,3,Industrials,1.7615820515531249,1,0,0,0,0,0,1,1,0
2012,2012,LGL,5,Real Estate,4.607509983253909,1,1,0,1,0,0,1,1,0
2012,2012,LHC,6,Industrials,1.629172461498409,1,1,1,1,0,0,1,1,0
2012,2012,LHG,4,Real Estate,1.7397390205674808,1,1,0,1,1,0,0,0,0
2012,2012,LIG,5,Industrials,2.2249472571433704,1,1,0,1,1,0,1,0,0
2012,2012,LIX,4,Consumer Staples,0.8863935369284802,1,1,0,0,0,0,1,1,0
2012,2012,LM3,7,Industrials,5.439664112770725,1,1,1,1,1,0,1,1,0
2012,2012,LM7,6,Industrials,3.6214413080606063,1,0,1,0,1,1,1,0,1
2012,2012,LO5,6,Industrials,4.709635751419355,1,1,0,1,1,0,1,0,1
2012,2012,LSS,4,Consumer Staples,1.5794364456201258,1,1,0,1,0,0,1,0,0
2012,2012,MAC,8,Industrials,3.7114631729292937,1,1,1,1,1,0,1,1,1
2012,2012,MAX,2,Industrials,3.083966538106061,1,0,0,0,0,0,1,0,0
2012,2012,MCG,3,Industrials,3.5630211425501797,1,0,0,0,0,0,1,0,1
2012,2012,MCO,5,Industrials,3.1252998196971733,1,0,1,0,1,1,1,0,0
2012,2012,MCP,5,Materials,1.2229025868560792,1,1,0,1,1,0,1,0,0
2012,2012,MDG,3,Materials,4.353808590092656,1,0,0,0,1,0,1,0,0
2012,2012,MHC,4,Industrials,2.552988167793995,1,0,1,0,1,0,1,0,0
2012,2012,MIC,5,Materials,0.9220476004827088,0,0,1,1,1,0,1,1,0
2012,2012,MIH,6,Materials,1.177493689275916,1,1,0,1,1,1,1,0,0
2012,2012,MKV,6,Health Care,1.045857994807092,0,1,0,1,1,0,1,1,1
2012,2012,MMC,2,Materials,1.3067133569544906,0,0,0,1,0,0,1,0,0
2012,2012,MNC,5,Industrials,3.968667460084656,1,1,0,1,1,0,1,0,0
2012,2012,MPC,3,Consumer Staples,0.6280203597698946,1,0,0,0,1,0,1,0,0
2012,2012,MSN,3,Consumer Staples,0.1980503276896972,1,1,0,1,0,0,0,0,0
2012,2012,MTG,4,Utilities,3.974639182578154,1,0,0,0,1,0,1,1,0
2012,2012,NAG,6,Consumer Discretionary,3.2671027450548085,0,1,1,1,1,0,1,1,0
2012,2012,NAV,2,Consumer Discretionary,1.6688626617816544,1,0,0,0,0,0,1,0,0
2012,2012,NBB,4,Real Estate,2.6948268970478666,1,0,1,0,0,1,0,1,0
2012,2012,NBC,5,Energy,1.0808179641048383,1,1,0,1,1,0,1,0,0
2012,2012,NBP,4,Utilities,1.3101077768771283,1,1,0,1,0,0,1,0,0
2012,2012,NET,5,Consumer Staples,0.6101117358870608,1,1,0,1,0,0,1,0,1
2012,2012,NHA,3,Real Estate,2.652902172188121,1,0,0,0,0,1,1,0,0
2012,2012,NKG,3,Materials,0.9683929223662208,0,1,0,1,0,0,1,0,0
2012,2012,NLC,6,Utilities,1.3659690418709678,1,1,0,1,1,0,1,0,1
2012,2012,NNC,4,Materials,0.5624941657027761,1,1,0,0,0,1,1,0,0
2012,2012,NPS,4,Consumer Discretionary,1.8279383861751153,1,0,1,0,0,0,1,1,0
2012,2012,NST,3,Consumer Staples,2.0227987146589927,1,0,0,0,0,0,1,0,1
2012,2012,NT2,8,Utilities,2.2643639432804363,1,1,0,1,1,1,1,1,1
2012,2012,NTL,4,Real Estate,0.898407029954004,1,0,0,0,0,1,1,0,1
2012,2012,NTP,6,Materials,0.7559485433290455,1,1,0,1,0,1,1,1,0
2012,2012,NVC,3,Unknown,1.0694283681111112,0,1,0,1,0,0,1,0,0
2012,2012,NVN,5,Unknown,2.8210013303555788,0,0,0,1,1,0,1,1,1
2012,2012,NVT,7,Consumer Discretionary,1.8530158311336349,0,0,1,1,1,1,1,1,1
2012,2012,OCH,5,Consumer Staples,0.6642311229595238,1,1,0,1,1,0,1,0,0
2012,2012,OGC,3,Consumer Staples,1.108258956588667,1,0,0,0,0,0,1,1,0
2012,2012,ONE,5,Communication Services,1.6057986143119658,1,1,1,0,0,0,1,0,1
2012,2012,PAC,5,Industrials,1.3274677939567916,1,1,0,1,1,0,1,0,0
2012,2012,PAN,5,Consumer Staples,1.4127965285454545,1,1,1,0,0,0,0,1,1
2012,2012,PCT,7,Industrials,3.360237576044881,1,1,1,1,0,1,1,0,1
2012,2012,PDC,8,Consumer Discretionary,2.402440853771429,1,1,1,1,1,1,1,0,1
2012,2012,PDN,6,Industrials,1.4375210929930542,1,1,1,0,1,0,1,0,1
2012,2012,PDR,4,Real Estate,0.6258661180276498,1,0,0,0,1,0,1,1,0
2012,2012,PET,7,Consumer Discretionary,1.4379816645307264,1,1,0,1,1,1,1,0,1
2012,2012,PFL,2,Industrials,3.701276434925926,0,0,0,1,0,0,1,0,0
2012,2012,PGC,6,Utilities,1.6471442191844845,1,1,1,1,0,0,1,0,1
2012,2012,PGD,2,Utilities,0.8115801803837188,1,0,0,0,0,0,1,0,0
2012,2012,PGS,5,Utilities,1.2471038537626962,1,1,0,1,1,0,1,0,0
2012,2012,PHR,4,Materials,0.91774368958437,1,1,0,0,0,1,1,0,0
2012,2012,PIT,3,Consumer Staples,2.7840325652728932,1,0,0,0,1,0,1,0,0
2012,2012,PJT,6,Energy,1.641003616968053,1,1,1,1,0,0,1,0,1
2012,2012,PLC,6,Materials,0.9946844698696744,1,1,0,1,1,1,1,0,0
2012,2012,PMC,4,Health Care,0.6645608296627316,1,1,0,0,0,0,1,1,0
2012,2012,PMS,5,Energy,2.842819983543051,1,1,0,1,0,1,1,0,0
2012,2012,PNC,3,Consumer Discretionary,3.0555222008447567,0,0,0,1,0,0,1,1,0
2012,2012,PNJ,5,Consumer Discretionary,0.4984700483036253,1,1,0,0,1,0,1,1,0
2012,2012,POM,3,Materials,1.083799075338865,1,0,0,0,1,0,1,0,0
2012,2012,POT,6,Information Technology,1.6810883529380491,1,1,0,1,1,1,1,0,0
2012,2012,PPC,7,Utilities,1.0977357277169597,1,1,1,1,1,0,1,0,1
2012,2012,PPE,1,Materials,1.9300867670731707,0,0,0,0,0,0,1,0,0
2012,2012,PPI,4,Real Estate,4.512210035336291,1,0,0,0,0,1,1,0,1
2012,2012,PPS,5,Industrials,0.9254614890325814,1,1,0,0,0,1,1,0,1
2012,2012,PRC,8,Industrials,3.237259441114278,1,1,1,1,0,1,1,1,1
2012,2012,PSB,4,Energy,3.746083818693333,1,0,0,0,0,1,1,1,0
2012,2012,PSC,4,Energy,1.856840992615176,1,1,0,0,0,0,1,1,0
2012,2012,PSG,4,Industrials,0.3355305447755102,0,1,0,1,1,0,1,0,0
2012,2012,PSP,4,Industrials,1.538117327804272,1,0,1,0,1,0,0,1,0
2012,2012,PTB,7,Materials,1.3274830775218858,1,1,1,1,1,1,1,0,0
2012,2012,PTC,4,Industrials,2.521695821403509,0,1,0,1,1,0,1,0,0
2012,2012,PTL,4,Real Estate,3.391184808461525,0,1,0,1,1,0,1,0,0
2012,2012,PTS,3,Industrials,2.1108964530794303,0,0,0,1,1,0,1,0,0
2012,2012,PVA,3,Industrials,0.7762986499927647,0,0,0,1,1,0,1,0,0
2012,2012,PVC,5,Energy,1.2784838598625954,1,1,0,0,0,1,0,1,1
2012,2012,PVD,9,Energy,0.8872154914452413,1,1,1,1,1,1,1,1,1
2012,2012,PVE,3,Industrials,1.481955771405,1,0,0,0,1,1,0,0,0
2012,2012,PVG,4,Utilities,1.8229392374947604,1,0,0,0,1,0,1,1,0
2012,2012,PVL,4,Real Estate,2.8836036659333333,0,1,0,1,0,1,1,0,0
2012,2012,PVS,5,Energy,1.5309036887452407,1,1,0,0,1,1,1,0,0
2012,2012,PVT,9,Energy,2.715335836890506,1,1,1,1,1,1,1,1,1
2012,2012,PVV,3,Industrials,2.9144657716458333,0,0,0,1,1,0,1,0,0
2012,2012,PVX,3,Industrials,1.2714886153263332,0,0,0,1,1,1,0,0,0
2012,2012,PXA,4,Real Estate,2.044981140172043,0,1,0,1,0,1,1,0,0
2012,2012,PXI,5,Industrials,2.621336385328264,1,1,0,1,0,0,1,1,0
2012,2012,PXL,5,Real Estate,3.091792430523458,1,1,0,1,0,0,1,1,0
2012,2012,PXM,4,Consumer Discretionary,1.2823084683888888,0,1,0,1,1,0,1,0,0
2012,2012,PXS,4,Industrials,1.656890137886874,1,0,0,0,1,1,1,0,0
2012,2012,PXT,4,Industrials,2.3069148107498134,1,0,0,0,1,0,1,1,0
2012,2012,QCG,4,Real Estate,2.473688453134765,1,0,1,0,0,0,1,1,0
2012,2012,QTC,6,Industrials,1.6318559252962963,1,1,1,0,0,1,1,0,1
2012,2012,RAL,7,Industrials,1.675334190118577,1,1,1,1,1,1,1,0,0
2012,2012,RCL,4,Real Estate,1.836877108606052,1,1,0,0,0,1,1,0,0
2012,2012,RDP,7,Unknown,1.433515115918074,1,1,1,1,1,0,1,0,1
2012,2012,REE,4,Utilities,1.0380877987061248,1,1,1,0,0,0,0,0,1
2012,2012,RIC,6,Consumer Discretionary,2.651706813276407,1,1,0,1,1,0,1,0,1
2012,2012,S12,5,Industrials,4.3755703378,1,0,0,0,1,1,1,1,0
2012,2012,S55,7,Industrials,2.6365883034727973,1,1,0,1,1,1,1,1,0
2012,2012,S96,5,Industrials,1.7846954288602963,0,1,1,1,1,0,1,0,0
2012,2012,SAM,6,Industrials,2.41187245352142,1,0,1,0,0,1,1,1,1
2012,2012,SAV,5,Consumer Discretionary,4.276433431615606,1,1,0,0,1,0,1,0,1
2012,2012,SBC,8,Industrials,1.4739277136666666,1,1,1,1,1,0,1,1,1
2012,2012,SBT,1,Consumer Staples,0.828487224769163,1,0,0,0,0,0,0,0,0
2012,2012,SC5,5,Industrials,1.6850765740090443,1,0,0,0,0,1,1,1,1
2012,2012,SCD,5,Consumer Staples,2.0859114307637503,1,1,0,0,0,1,1,1,0
2012,2012,SCJ,1,Materials,5.485981743486491,0,0,0,0,0,0,1,0,0
2012,2012,SCR,6,Real Estate,2.2216513217243077,1,1,1,1,0,1,0,0,1
2012,2012,SD7,3,Industrials,6.928269498154762,0,1,0,1,0,0,1,0,0
2012,2012,SDA,3,Industrials,3.016744808508057,0,1,0,1,0,0,1,0,0
2012,2012,SDB,3,Industrials,3.378453231868687,0,0,0,1,1,0,1,0,0
2012,2012,SED,5,Communication Services,1.3880807695789474,1,1,0,0,0,1,1,0,1
2012,2012,SEL,7,Industrials,2.5780451204210526,1,1,1,0,1,1,1,0,1
2012,2012,SFC,3,Energy,0.7225865502786115,1,0,0,0,0,0,1,0,1
2012,2012,SFI,4,Industrials,1.55222888845068,1,0,1,0,0,0,0,1,1
2012,2012,SGD,9,Communication Services,1.6112365888841265,1,1,1,1,1,1,1,1,1
2012,2012,SGT,5,Communication Services,1.2143259523732004,0,0,0,1,0,1,1,1,1
2012,2012,SHI,5,Industrials,2.3732100010298267,1,1,0,1,0,1,1,0,0
2012,2012,SHP,5,Utilities,1.8600503180425751,1,1,1,1,0,0,0,1,0
2012,2012,SJ1,2,Consumer Staples,1.2840925441033717,1,0,0,0,0,0,1,0,0
2012,2012,SJE,8,Industrials,3.045059388070676,1,1,1,1,1,1,1,0,1
2012,2012,SJM,4,Industrials,4.539729518454545,0,1,0,1,0,1,1,0,0
2012,2012,SJS,4,Real Estate,0.7069462492747929,0,0,0,1,1,1,1,0,0
2012,2012,SMB,9,Consumer Staples,1.07174970632609,1,1,1,1,1,1,1,1,1
2012,2012,SMC,6,Materials,1.5828488242826737,1,1,0,1,0,1,1,0,1
2012,2012,SRA,4,Health Care,2.916114528870968,0,0,0,1,0,1,1,1,0
2012,2012,SRC,8,Consumer Discretionary,1.082427808525425,1,1,1,1,1,1,1,1,0
2012,2012,SRF,3,Industrials,1.7319166417311005,1,0,0,0,1,0,1,0,0
2012,2012,ST8,6,Consumer Discretionary,1.5961142615247736,1,1,1,0,0,1,1,1,0
2012,2012,STC,6,Communication Services,1.9590418664978548,1,1,1,0,0,0,1,1,1
2012,2012,STP,5,Materials,2.5765931451394044,1,1,0,1,0,1,1,0,0
2012,2012,STT,4,Consumer Discretionary,2.0672500041666666,0,0,0,1,1,0,1,0,1
2012,2012,STV,5,Materials,4.143955662238472,1,1,1,0,1,0,0,0,1
2012,2012,SVC,7,Consumer Discretionary,2.158108189487758,1,1,0,1,1,1,1,1,0
2012,2012,SVI,3,Materials,0.8646126450670915,1,1,0,0,0,0,1,0,0
2012,2012,SVT,7,Materials,0.8549248071848233,1,1,0,1,1,1,1,1,0
2012,2012,SZL,6,Real Estate,2.314325552814238,1,1,0,1,0,1,1,1,0
2012,2012,TAC,8,Consumer Staples,0.488497336858369,1,1,1,1,1,1,1,1,0
2012,2012,TBC,9,Utilities,1.153629548075167,1,1,1,1,1,1,1,1,1
2012,2012,TC6,6,Energy,1.9007246616467777,1,1,0,1,1,1,1,0,0
2012,2012,TCL,5,Industrials,1.2275457948402957,1,1,0,1,1,0,1,0,0
2012,2012,TCM,4,Consumer Discretionary,2.406448827428169,0,1,0,1,1,0,1,0,0
2012,2012,TCR,4,Materials,3.4924122247818414,1,1,0,0,1,0,1,0,0
2012,2012,TCT,4,Industrials,0.6204325430274923,1,1,0,0,0,0,1,1,0
2012,2012,TDC,3,Real Estate,1.3841612045034484,1,1,0,0,0,0,0,1,0
2012,2012,TDH,4,Real Estate,2.9246125400605516,1,1,0,0,1,0,1,0,0
2012,2012,TDN,5,Energy,1.5120663014194915,1,1,0,1,1,0,1,0,0
2012,2012,TDW,7,Utilities,0.8572702426333789,1,1,0,1,1,0,1,1,1
2012,2012,TGP,3,Industrials,3.2804686624343256,1,0,0,0,0,0,1,0,1
2012,2012,THB,7,Consumer Staples,1.4305187486404336,1,1,1,1,0,1,1,0,1
2012,2012,THG,6,Materials,2.673531400954861,1,1,0,1,1,0,1,0,1
2012,2012,THT,3,Energy,1.5979189432624443,1,0,0,0,1,0,1,0,0
2012,2012,TIE,4,Consumer Discretionary,2.3459284295076706,1,0,0,0,0,1,1,1,0
2012,2012,TIG,7,Real Estate,2.6443348997870597,1,1,1,1,0,1,1,0,1
2012,2012,TKC,4,Real Estate,3.2611769201700302,1,0,0,0,1,0,1,1,0
2012,2012,TLG,6,Industrials,1.4081538987454094,1,1,0,1,1,1,1,0,0
2012,2012,TLH,7,Materials,2.6779369380621176,1,1,1,1,1,0,1,0,1
2012,2012,TMP,9,Utilities,1.1130954374819877,1,1,1,1,1,1,1,1,1
2012,2012,TNA,4,Consumer Discretionary,2.035753154395022,1,1,0,0,0,1,1,0,0
2012,2012,TNB,4,Materials,2.7728267980815424,0,1,0,1,0,0,1,1,0
2012,2012,TNC,4,Materials,1.0977974797668997,1,1,0,0,0,0,1,0,1
2012,2012,TNG,4,Consumer Discretionary,2.229122731074937,1,0,0,0,0,1,1,1,0
2012,2012,TNT,4,Materials,4.792865982870588,0,1,0,1,1,0,1,0,0
2012,2012,TPC,6,Materials,1.5987678864073311,1,1,0,1,1,1,1,0,0
2012,2012,TPH,7,Industrials,2.053593085904972,1,1,1,1,0,1,1,1,0
2012,2012,TPP,5,Materials,1.2330752529910711,1,1,0,1,0,0,1,1,0
2012,2012,TRC,4,Materials,1.0386290214478673,1,0,0,0,1,1,1,0,0
2012,2012,TS4,5,Consumer Staples,2.436653493890179,1,0,0,0,1,1,1,1,0
2012,2012,TSB,4,Industrials,1.3635168084500775,0,1,0,1,1,0,1,0,0
2012,2012,TSC,4,Consumer Discretionary,2.440465151724531,0,1,0,1,1,0,1,0,0
2012,2012,TST,4,Industrials,4.127103182490079,0,1,0,1,0,1,1,0,0
2012,2012,TTC,8,Materials,1.9733787860620384,1,1,1,1,0,1,1,1,1
2012,2012,TTF,6,Consumer Discretionary,3.3587895854186005,1,1,0,1,0,1,1,1,0
2012,2012,TTG,6,Consumer Discretionary,1.341498534905942,1,1,1,1,0,0,1,0,1
2012,2012,TTP,3,Materials,0.927570185286551,1,1,0,0,0,0,1,0,0
2012,2012,TV1,4,Industrials,1.6337854122592654,1,1,0,0,0,0,1,1,0
2012,2012,TV2,5,Industrials,1.780782957547706,1,1,0,1,0,0,1,0,1
2012,2012,TV4,4,Industrials,1.9187180895856064,1,0,0,0,1,0,1,1,0
2012,2012,TVD,4,Energy,1.5434596027518803,1,1,0,1,0,1,0,0,0
2012,2012,TXM,4,Materials,4.493573565210084,1,1,0,0,0,1,1,0,0
2012,2012,TYA,6,Industrials,2.765842444433896,1,1,1,1,0,1,1,0,0
2012,2012,UDC,3,Industrials,2.828322797210857,1,0,0,0,0,0,1,1,0
2012,2012,UDJ,5,Real Estate,1.6986296538780208,1,1,0,0,0,1,1,1,0
2012,2012,UIC,6,Utilities,2.089644064274194,1,1,0,1,1,0,1,0,1
2012,2012,UNI,8,Real Estate,1.401371475872106,1,1,1,1,1,0,1,1,1
2012,2012,V12,7,Industrials,2.777511921223543,1,1,1,1,1,0,1,1,0
2012,2012,V15,2,Industrials,3.4300038013030303,0,0,0,0,0,0,1,1,0
2012,2012,VBH,6,Information Technology,1.2855912848659004,1,1,0,1,0,0,1,1,1
2012,2012,VC2,4,Industrials,2.5065475688287635,1,0,0,0,1,1,0,1,0
2012,2012,VC5,4,Industrials,3.4155024980357145,1,0,0,0,1,0,1,1,0
2012,2012,VC6,3,Industrials,2.3076574902459015,1,0,0,0,1,0,1,0,0
2012,2012,VC7,7,Consumer Discretionary,3.1778796014848485,1,1,0,1,1,1,1,1,0
2012,2012,VC9,5,Industrials,3.0354058760217866,1,0,1,0,0,1,1,0,1
2012,2012,VCF,7,Consumer Staples,0.2237316956606657,1,1,1,1,0,0,1,1,1
2012,2012,VCG,4,Industrials,1.3045754359216837,1,0,1,0,1,1,0,0,0
2012,2012,VCR,4,Real Estate,3.4135625684084645,0,1,0,1,0,1,1,0,0
2012,2012,VCS,7,Materials,1.8316743356255671,1,1,0,1,1,1,1,1,0
2012,2012,VCV,2,Industrials,1.8730094810512976,0,0,0,1,0,0,1,0,0
2012,2012,VDT,6,Materials,3.479748803842595,1,0,1,0,1,1,1,1,0
2012,2012,VE3,7,Industrials,2.1561833525572967,1,1,1,1,0,1,1,0,1
2012,2012,VFR,5,Industrials,3.0998587861420765,1,1,0,1,1,0,1,0,0
2012,2012,VGS,5,Materials,2.837381206540011,1,0,1,0,1,0,1,0,1
2012,2012,VHC,4,Consumer Staples,1.1614894244794916,1,1,0,0,1,0,1,0,0
2012,2012,VHG,3,Materials,4.221904427764706,0,1,0,1,0,0,1,0,0
2012,2012,VHH,7,Materials,3.4755054064367816,0,1,1,1,1,0,1,1,1
2012,2012,VHL,6,Materials,2.4811408019201724,1,1,0,1,1,1,1,0,0
2012,2012,VIC,5,Real Estate,0.1883858146446276,1,0,1,0,0,1,0,1,1
2012,2012,VIP,7,Energy,2.3559775430141636,1,1,1,1,1,0,1,0,1
2012,2012,VIR,5,Consumer Discretionary,1.3798498310679612,1,1,1,0,0,0,0,1,1
2012,2012,VIS,2,Materials,1.6107615582066148,0,0,0,0,0,0,1,0,1
2012,2012,VKC,5,Consumer Discretionary,2.155825080091265,1,1,0,1,0,1,1,0,0
2012,2012,VLF,2,Consumer Staples,1.4166860101035432,1,0,0,0,0,0,1,0,0
2012,2012,VMC,6,Industrials,1.7219625204871796,1,1,0,1,1,0,1,1,0
2012,2012,VNA,3,Industrials,5.623228161017857,0,0,0,1,1,0,1,0,0
2012,2012,VNC,6,Industrials,1.4501096754720968,1,1,0,0,0,1,1,1,1
2012,2012,VNF,2,Industrials,1.6540593206598917,1,0,0,0,0,0,0,0,1
2012,2012,VNG,7,Consumer Discretionary,1.9685498843916085,1,1,0,1,1,1,1,1,0
2012,2012,VNH,4,Consumer Staples,1.992144896939686,0,0,0,1,1,0,1,0,1
2012,2012,VNI,4,Real Estate,2.4443471071977534,0,0,0,0,0,1,1,1,1
2012,2012,VNL,4,Industrials,1.2074368263866306,1,1,0,0,0,0,1,0,1
2012,2012,VNM,4,Consumer Staples,0.2112207469203657,1,1,0,0,0,0,1,1,0
2012,2012,VNS,8,Industrials,1.2383869891971646,1,1,1,1,1,0,1,1,1
2012,2012,VNT,6,Industrials,1.0783341874113217,1,1,1,0,0,1,1,1,0
2012,2012,VOS,5,Industrials,4.426652553490759,0,1,0,1,1,0,1,1,0
2012,2012,VPC,5,Consumer Discretionary,4.205464045297778,0,1,0,1,0,1,1,0,1
2012,2012,VPH,6,Real Estate,3.837921505722988,1,0,1,0,1,0,1,1,1
2012,2012,VPK,8,Materials,0.6587141179297396,1,1,1,1,0,1,1,1,1
2012,2012,VRC,4,Real Estate,2.309444880683865,1,1,0,1,0,0,1,0,0
2012,2012,VSH,5,Utilities,1.1757579380999668,1,1,0,1,1,0,1,0,0
2012,2012,VTB,7,Consumer Discretionary,2.4519188116156507,1,1,0,1,0,1,1,1,1
2012,2012,VTC,6,Communication Services,3.9107279591549906,0,1,1,1,0,1,0,1,1
2012,2012,VTF,2,Consumer Staples,1.2969939609833832,1,0,0,0,0,0,0,0,1
2012,2012,VTO,6,Energy,2.8642137739210987,1,1,0,1,1,0,1,0,1
2012,2012,WCS,7,Industrials,0.6765207322149532,1,1,1,1,0,0,1,1,1
2012,2012,WSB,4,Consumer Staples,0.9893464475775862,1,0,0,0,0,1,1,1,0
2013,2013,AAA,5,Materials,1.5506662692575472,1,1,0,1,0,0,1,0,1
2013,2013,AAM,6,Consumer Staples,1.8307101098508227,1,1,0,1,0,0,1,1,1
2013,2013,ACC,5,Materials,0.7463223888,1,1,0,1,0,1,1,0,0
2013,2013,ACL,5,Consumer Staples,1.5388981830614428,1,1,0,1,0,0,1,1,0
2013,2013,AGF,3,Consumer Staples,1.6121097101429227,1,0,0,0,0,1,0,0,1
2013,2013,AGM,3,Consumer Staples,1.5201922700258077,1,0,0,0,0,1,1,0,0
2013,2013,ALP,5,Unknown,2.2965420574574003,0,1,1,1,0,1,1,0,0
2013,2013,AME,7,Industrials,1.9264761497222225,1,1,1,1,0,1,1,1,0
2013,2013,AMV,6,Health Care,1.378847498982499,1,1,1,1,0,0,1,1,0
2013,2013,ANI,4,Real Estate,3.4695589721590907,1,0,0,0,0,1,1,1,0
2013,2013,ANV,4,Consumer Staples,2.446904967675426,1,0,0,0,0,0,1,1,1
2013,2013,APC,9,Industrials,1.011660354281347,1,1,1,1,1,1,1,1,1
2013,2013,ARM,4,Industrials,0.7477669985463044,1,0,0,0,0,1,1,1,0
2013,2013,ASM,4,Consumer Staples,2.167775633899316,1,0,1,0,0,1,1,0,0
2013,2013,ASP,6,Utilities,1.547608485162824,1,0,0,0,1,1,1,1,1
2013,2013,ATA,7,Consumer Staples,3.350864978862112,1,1,0,1,1,1,1,1,0
2013,2013,AVF,2,Unknown,2.3251593836194564,1,0,0,0,0,0,1,0,0
2013,2013,B82,7,Unknown,1.4896761722857144,1,1,1,1,1,0,1,0,1
2013,2013,BBC,8,Unknown,1.312128573011028,1,1,1,1,0,1,1,1,1
2013,2013,BCC,5,Materials,2.0629289566648894,0,1,0,1,1,0,1,0,1
2013,2013,BCE,2,Industrials,1.377842031962963,1,0,0,0,0,0,1,0,0
2013,2013,BCI,5,Real Estate,1.2637426249230286,1,0,0,0,1,0,1,1,1
2013,2013,BGM,4,Materials,2.613346210353652,1,0,0,0,0,1,0,1,1
2013,2013,BMC,7,Materials,0.4294290890461992,1,1,0,1,1,1,1,0,1
2013,2013,BMJ,2,Materials,1.591490434371981,1,0,0,0,0,0,1,0,0
2013,2013,BMP,3,Materials,0.4677481025484078,1,1,0,0,0,0,1,0,0
2013,2013,BPC,3,Materials,2.1116884064548165,1,0,0,0,0,1,1,0,0
2013,2013,BRC,3,Consumer Discretionary,1.356523071026276,1,0,0,0,0,1,0,1,0
2013,2013,BT6,4,Materials,2.062145815936285,1,0,0,0,1,1,1,0,0
2013,2013,BTP,5,Utilities,1.1873419963829062,1,1,0,1,1,1,0,0,0
2013,2013,BTS,5,Materials,1.999835960025085,0,1,0,1,0,1,1,0,1
2013,2013,BTT,5,Consumer Discretionary,0.8624144587295915,1,1,1,0,0,0,1,0,1
2013,2013,BVG,6,Materials,2.530120324578664,0,1,1,1,0,1,1,1,0
2013,2013,BVN,7,Consumer Discretionary,1.417792113903846,1,1,0,1,1,1,1,1,0
2013,2013,BXH,6,Materials,1.515776359852689,1,0,1,0,1,0,1,1,1
2013,2013,C21,4,Real Estate,1.5436643052639902,1,1,0,0,0,1,1,0,0
2013,2013,C32,7,Materials,0.843000460127989,1,1,1,0,1,0,1,1,1
2013,2013,C47,4,Industrials,1.1236438422542134,1,0,0,0,0,1,1,0,1
2013,2013,CAN,8,Consumer Staples,1.06753842289,1,1,1,1,1,1,1,1,0
2013,2013,CAP,5,Materials,0.5804310726858911,1,1,0,1,1,1,0,0,0
2013,2013,CCL,5,Real Estate,2.5623530735534885,1,1,0,1,0,1,1,0,0
2013,2013,CDC,7,Industrials,3.071712437884339,1,1,0,1,1,1,1,1,0
2013,2013,CHP,9,Utilities,1.1117708820886525,1,1,1,1,1,1,1,1,1
2013,2013,CKV,5,Communication Services,2.081654962585034,1,0,0,0,0,1,1,1,1
2013,2013,CLC,7,Consumer Staples,0.6936974489881093,1,1,1,1,0,1,1,0,1
2013,2013,CLG,5,Real Estate,1.3028613183021978,1,0,1,0,1,0,1,0,1
2013,2013,CLW,6,Utilities,1.067764323119957,1,1,1,1,0,1,1,0,0
2013,2013,CMI,7,Materials,1.1383653064356851,1,1,1,0,1,0,1,1,1
2013,2013,CMT,7,Information Technology,2.654045079178091,1,1,1,1,1,0,1,0,1
2013,2013,CMV,3,Consumer Discretionary,0.9386956079899672,1,0,0,0,0,1,1,0,0
2013,2013,CMX,4,Consumer Staples,0.4575060615742243,0,1,0,1,1,0,1,0,0
2013,2013,CNG,7,Utilities,0.5281692905778663,1,1,1,1,1,1,0,0,1
2013,2013,CSC,7,Real Estate,1.7928257632723064,1,1,1,1,0,1,1,0,1
2013,2013,CSM,4,Consumer Discretionary,0.5029742465168388,1,1,1,0,0,0,0,1,0
2013,2013,CT6,5,Industrials,2.3534943770069616,1,0,1,0,0,1,1,1,0
2013,2013,CTA,3,Industrials,3.280217221602274,1,0,1,0,0,0,1,0,0
2013,2013,CTD,5,Industrials,1.082126538349811,1,1,0,1,0,0,1,1,0
2013,2013,CTI,5,Industrials,1.1386749916440129,1,1,1,1,0,0,1,0,0
2013,2013,CTM,3,Materials,2.8844695792098816,0,0,0,1,1,0,1,0,0
2013,2013,CTN,6,Industrials,2.569720242327758,1,1,0,1,1,1,1,0,0
2013,2013,CVT,8,Materials,1.5117892964155333,1,1,1,1,1,1,1,0,1
2013,2013,CX8,4,Industrials,3.722732816551805,1,0,0,0,0,1,1,0,1
2013,2013,CYC,7,Materials,2.6290004336474557,1,1,1,1,0,1,1,0,1
2013,2013,D2D,5,Real Estate,1.5030274004418245,1,1,0,1,0,0,1,1,0
2013,2013,DAD,3,Communication Services,0.7379270069028584,1,0,0,0,0,0,1,1,0
2013,2013,DBC,5,Consumer Staples,1.4226041182336646,1,1,0,0,1,1,1,0,0
2013,2013,DC4,5,Industrials,2.288009288503185,1,0,1,0,0,0,1,1,1
2013,2013,DCL,9,Health Care,1.1916099176536563,1,1,1,1,1,1,1,1,1
2013,2013,DCT,3,Materials,2.8619249185854514,0,0,0,1,1,0,1,0,0
2013,2013,DHA,5,Materials,2.2793239914125216,1,1,0,1,0,1,1,0,0
2013,2013,DHC,9,Materials,1.729061887196433,1,1,1,1,1,1,1,1,1
2013,2013,DHG,5,Health Care,0.2658923506685614,1,1,1,0,0,0,1,0,1
2013,2013,DHM,2,Materials,1.469566299274026,1,0,0,0,0,1,0,0,0
2013,2013,DHP,6,Consumer Discretionary,1.4311868922107882,1,1,0,0,1,1,1,1,0
2013,2013,DID,4,Materials,2.1033534992142857,0,1,0,1,0,0,1,0,1
2013,2013,DIH,5,Industrials,1.7269177853713478,1,1,0,1,1,0,1,0,0
2013,2013,DMC,6,Health Care,0.7461032295837697,1,1,1,0,1,0,1,0,1
2013,2013,DNM,8,Health Care,0.7194116835779291,1,1,1,1,1,1,1,1,0
2013,2013,DNY,7,Materials,2.0518818196227557,1,1,1,1,0,1,1,0,1
2013,2013,DPM,5,Materials,0.5920661712513043,1,1,0,0,1,1,1,0,0
2013,2013,DPR,4,Materials,1.1634629460768506,1,1,0,1,0,0,1,0,0
2013,2013,DRH,6,Industrials,4.2770625576444505,1,1,1,1,0,0,1,1,0
2013,2013,DRL,4,Utilities,0.4572025219772961,1,1,0,1,0,0,1,0,0
2013,2013,DSN,5,Consumer Discretionary,0.3216008054356253,1,1,0,0,0,1,1,1,0
2013,2013,DTA,5,Real Estate,2.8862017372857145,0,1,0,1,1,1,1,0,0
2013,2013,DTL,4,Materials,1.3416396291155102,1,0,1,0,0,0,1,0,1
2013,2013,DXG,3,Real Estate,0.9592982118933636,1,0,1,0,0,0,0,1,0
2013,2013,DXP,5,Materials,0.649911909071139,1,1,0,1,0,1,1,0,0
2013,2013,DXV,5,Materials,2.738081436709197,1,0,0,0,1,1,1,1,0
2013,2013,DZM,3,Industrials,4.460310344841787,0,0,1,0,0,1,1,0,0
2013,2013,EBS,5,Communication Services,1.5389696691414565,1,1,0,0,0,1,1,1,0
2013,2013,EID,5,Communication Services,0.953079406814046,1,1,0,1,1,0,1,0,0
2013,2013,EMC,4,Industrials,2.0319005533088994,1,0,0,0,1,0,1,0,1
2013,2013,EVE,7,Consumer Discretionary,0.9743799451838424,1,1,1,0,0,1,1,1,1
2013,2013,FCM,5,Materials,1.1300290640571893,1,0,1,0,1,1,0,0,1
2013,2013,FCN,5,Industrials,0.8292156478030825,1,1,0,1,1,1,0,0,0
2013,2013,FDC,5,Real Estate,1.3162634132274886,1,0,1,0,1,1,0,0,1
2013,2013,FLC,6,Unknown,1.852482192952131,1,1,0,1,1,0,1,1,0
2013,2013,FMC,4,Consumer Staples,1.3861103261477647,1,0,1,0,0,1,0,0,1
2013,2013,FPT,5,Information Technology,0.5560924836872314,1,1,1,0,0,0,0,1,1
2013,2013,GAS,8,Utilities,0.2647095523192652,1,1,1,1,1,1,1,1,0
2013,2013,GDT,6,Consumer Discretionary,0.729405024998755,1,1,0,1,0,1,1,1,0
2013,2013,GIL,5,Consumer Discretionary,0.8954113664857779,1,0,1,0,1,1,1,0,0
2013,2013,GMC,2,Consumer Discretionary,0.6542298147717175,1,1,0,0,0,0,0,0,0
2013,2013,GMD,4,Industrials,1.1664053985141678,1,1,1,1,0,0,0,0,0
2013,2013,GSP,5,Energy,1.039425539807792,1,1,1,1,0,0,0,0,1
2013,2013,GTA,5,Materials,1.453737299414369,1,1,0,1,0,0,1,1,0
2013,2013,GTT,3,Consumer Discretionary,0.863596545927867,1,0,0,0,1,0,1,0,0
2013,2013,HAG,4,Consumer Staples,0.8730131539514644,1,0,1,0,1,0,0,1,0
2013,2013,HAP,4,Materials,2.6284185740528514,1,1,1,0,0,0,1,0,0
2013,2013,HAR,6,Real Estate,1.299904916582818,1,1,0,1,1,0,1,1,0
2013,2013,HAS,3,Industrials,3.816730006410257,1,0,0,0,0,0,1,1,0
2013,2013,HAX,7,Consumer Discretionary,1.798883189433338,1,0,1,0,1,1,1,1,1
2013,2013,HBC,5,Industrials,1.3590530990070102,1,1,0,1,1,1,0,0,0
2013,2013,HDG,6,Utilities,0.8980851870889442,1,1,1,1,1,0,0,1,0
2013,2013,HDO,5,Industrials,2.2105703707009163,0,1,0,1,0,1,1,0,1
2013,2013,HGM,4,Materials,0.3917320864948783,1,1,0,0,0,1,1,0,0
2013,2013,HHC,8,Consumer Staples,1.1588368594513123,1,1,1,1,0,1,1,1,1
2013,2013,HHG,9,Industrials,3.3014758041413055,1,1,1,1,1,1,1,1,1
2013,2013,HHS,5,Consumer Discretionary,0.4361683511124068,1,1,0,1,0,1,0,1,0
2013,2013,HIG,3,Information Technology,3.0599920225336232,1,0,0,0,0,0,1,0,1
2013,2013,HJS,6,Utilities,1.160351480477878,1,1,0,1,1,1,1,0,0
2013,2013,HLG,4,Unknown,1.0353808228765748,0,1,0,1,0,1,1,0,0
2013,2013,HMC,5,Materials,1.893913344392157,1,0,0,0,1,1,1,1,0
2013,2013,HMH,5,Industrials,1.1731422583855164,1,1,0,0,0,1,1,1,0
2013,2013,HNM,5,Consumer Staples,1.3235279950617285,1,0,1,0,0,0,1,1,1
2013,2013,HOM,6,Materials,2.038599357158746,1,1,0,1,1,0,1,0,1
2013,2013,HPG,6,Materials,0.5516051008001179,1,1,1,1,0,0,0,1,1
2013,2013,HQC,5,Real Estate,1.3793674104978355,1,0,1,0,0,1,1,0,1
2013,2013,HRC,3,Materials,0.6107449552075348,1,0,0,0,0,1,1,0,0
2013,2013,HSI,3,Materials,1.2260085138514183,0,1,0,1,0,0,1,0,0
2013,2013,HT1,6,Materials,2.0109599197476347,1,1,0,1,1,0,1,0,1
2013,2013,HTI,4,Industrials,1.3561759143856913,1,1,0,1,0,0,1,0,0
2013,2013,HTL,7,Consumer Discretionary,0.7387305693014706,1,1,1,1,1,0,1,0,1
2013,2013,HTV,4,Industrials,1.7533354579110103,1,0,0,0,0,0,1,1,1
2013,2013,HU1,6,Industrials,2.3877994067014927,1,1,0,1,1,0,1,0,1
2013,2013,HU3,3,Industrials,1.951637478560124,1,0,0,0,0,1,1,0,0
2013,2013,HUT,4,Consumer Discretionary,1.4438642044284853,1,1,0,1,0,0,0,1,0
2013,2013,HVG,3,Unknown,0.7954700394612625,1,0,0,0,1,0,0,0,1
2013,2013,HVT,9,Materials,0.9727682140586296,1,1,1,1,1,1,1,1,1
2013,2013,HVX,3,Materials,2.3802455598868635,0,1,0,1,0,0,1,0,0
2013,2013,ICF,7,Consumer Staples,2.634149997492357,1,1,1,1,0,1,1,0,1
2013,2013,ICG,7,Industrials,1.9675249357857143,1,1,1,1,0,0,1,1,1
2013,2013,ICI,4,Industrials,2.5117521286320756,1,0,0,0,1,1,1,0,0
2013,2013,IDI,5,Consumer Staples,2.1107727923611113,1,0,1,0,1,0,1,0,1
2013,2013,IDJ,4,Real Estate,2.1096386279004773,0,0,0,1,0,1,1,0,1
2013,2013,IJC,3,Real Estate,1.2188017139555294,1,0,0,0,1,0,1,0,0
2013,2013,IMP,6,Health Care,1.186157623938801,1,1,0,1,0,1,1,1,0
2013,2013,ITA,4,Real Estate,1.748731465629538,1,0,1,0,1,1,0,0,0
2013,2013,ITC,4,Real Estate,2.786414261178737,0,0,0,1,1,0,1,0,1
2013,2013,ITQ,6,Materials,1.9969447706981132,1,1,1,1,1,0,1,0,0
2013,2013,JVC,4,Health Care,0.915055532525183,1,1,0,1,0,1,0,0,0
2013,2013,KBC,8,Real Estate,1.426401366013108,1,1,1,1,1,0,1,1,1
2013,2013,KDC,6,Consumer Staples,0.5761454090486672,1,1,1,1,0,1,0,0,1
2013,2013,KDH,4,Real Estate,1.6476017675262662,0,0,0,0,0,1,1,1,1
2013,2013,KHA,6,Unknown,1.5175398425292217,1,1,0,1,0,1,1,1,0
2013,2013,KHL,6,Materials,3.4078958854166665,1,1,0,1,1,1,1,0,0
2013,2013,KHP,5,Utilities,1.119986864776987,1,1,0,1,0,0,1,0,1
2013,2013,KKC,6,Materials,1.3054457318100423,1,1,1,0,0,1,1,1,0
2013,2013,KLF,4,Unknown,0.8187813781560284,1,1,0,0,0,0,1,1,0
2013,2013,KMR,7,Consumer Discretionary,1.8294051515204777,1,1,1,1,1,0,1,0,1
2013,2013,KSA,4,Materials,1.152594989457126,1,0,1,0,0,1,0,1,0
2013,2013,KSB,6,Materials,1.1915276951643192,1,1,0,1,0,1,1,1,0
2013,2013,KSH,6,Unknown,1.7774063453569051,1,0,1,0,1,0,1,1,1
2013,2013,KSS,5,Materials,2.7755571630174805,1,0,1,0,1,0,1,1,0
2013,2013,KTB,5,Materials,1.8108908045168892,1,1,0,1,0,0,1,1,0
2013,2013,L10,6,Industrials,1.589088845541863,1,1,0,1,1,1,1,0,0
2013,2013,L14,4,Consumer Discretionary,2.227709826876218,1,0,0,0,0,1,1,1,0
2013,2013,L18,4,Industrials,2.515785874517747,1,0,0,0,1,0,1,0,1
2013,2013,L35,3,Industrials,2.800450015452278,1,0,0,0,0,0,1,0,1
2013,2013,L61,4,Industrials,1.84337145050784,1,0,0,0,1,0,1,0,1
2013,2013,LAS,7,Materials,0.4812092394100113,1,1,0,1,1,1,1,1,0
2013,2013,LBM,8,Materials,1.115621642455818,1,1,1,1,0,1,1,1,1
2013,2013,LCM,5,Materials,1.5399981173397128,1,1,0,1,0,1,1,0,0
2013,2013,LDP,4,Health Care,0.6119580625900864,1,1,0,0,0,0,1,1,0
2013,2013,LGL,5,Real Estate,4.146513757633277,0,1,0,1,1,1,1,0,0
2013,2013,LHC,5,Industrials,1.0216849480909092,1,1,1,0,0,1,0,0,1
2013,2013,LHG,7,Real Estate,2.4249957095867125,1,1,0,1,0,1,1,1,1
2013,2013,LIG,4,Industrials,2.287295964129389,1,0,0,0,1,0,1,1,0
2013,2013,LIX,7,Consumer Staples,0.4875243573051948,1,1,1,1,0,1,1,1,0
2013,2013,LM8,4,Industrials,1.068813312221153,1,0,1,0,0,0,1,0,1
2013,2013,LO5,4,Industrials,3.916631489243243,1,0,0,0,1,1,1,0,0
2013,2013,LSS,7,Consumer Staples,2.2215971924706897,1,1,0,1,1,1,1,1,0
2013,2013,MAC,8,Industrials,2.6671575603598017,1,1,1,1,0,1,1,1,1
2013,2013,MAX,2,Industrials,4.337876970833333,0,0,0,1,0,0,1,0,0
2013,2013,MCG,3,Industrials,1.8778640356921763,0,0,0,1,0,1,1,0,0
2013,2013,MCO,6,Industrials,3.7103648099461872,1,1,0,1,0,1,1,1,0
2013,2013,MCP,7,Materials,0.967731208150954,1,1,1,1,0,0,1,1,1
2013,2013,MDG,5,Materials,3.8708535098226298,1,0,0,0,1,0,1,1,1
2013,2013,MEC,5,Industrials,2.785563647573696,1,1,0,1,1,0,1,0,0
2013,2013,MHC,6,Industrials,2.073139494322334,1,1,1,0,0,1,1,1,0
2013,2013,MKV,4,Health Care,1.1430691352205644,1,0,1,0,0,1,0,0,1
2013,2013,MNC,8,Industrials,1.2968535968082513,1,1,1,1,0,1,1,1,1
2013,2013,MPC,5,Consumer Staples,0.951635188366688,1,1,1,0,1,0,0,0,1
2013,2013,MSN,3,Consumer Staples,0.2380492432051035,1,0,0,0,1,0,0,1,0
2013,2013,MTG,3,Utilities,2.71390614555872,1,0,0,0,0,0,1,0,1
2013,2013,NAG,7,Consumer Discretionary,3.418091147518286,1,1,1,1,0,1,1,0,1
2013,2013,NAV,5,Consumer Discretionary,1.7679437734623749,1,1,0,0,0,1,1,0,1
2013,2013,NBB,3,Real Estate,2.32070167582999,1,0,0,0,0,1,0,1,0
2013,2013,NBC,6,Energy,1.12605370174994,1,1,1,1,0,1,0,1,0
2013,2013,NDC,6,Health Care,0.734121351709347,1,1,0,0,1,1,1,1,0
2013,2013,NET,4,Consumer Staples,0.4611080151017272,1,1,0,0,0,0,1,1,0
2013,2013,NHC,7,Materials,1.1959166445712586,1,1,1,1,0,0,1,1,1
2013,2013,NHS,4,Consumer Staples,1.197506372387506,1,1,0,0,0,1,0,1,0
2013,2013,NKG,9,Materials,1.253484913229705,1,1,1,1,1,1,1,1,1
2013,2013,NLC,7,Utilities,1.1519815565849056,1,1,1,1,0,1,1,1,0
2013,2013,NLG,4,Real Estate,0.7852455869636873,1,0,0,0,0,1,1,0,1
2013,2013,NNC,5,Materials,0.4668314452315707,1,1,0,0,0,1,1,0,1
2013,2013,NPS,4,Consumer Discretionary,1.331786247394541,1,1,0,0,0,0,1,0,1
2013,2013,NT2,9,Utilities,1.7563480700075604,1,1,1,1,1,1,1,1,1
2013,2013,NTL,5,Real Estate,0.9819059801921418,1,0,1,0,0,1,1,1,0
2013,2013,NTW,5,Utilities,0.978682355645283,1,1,0,0,0,1,1,1,0
2013,2013,NVN,3,Unknown,3.071989725272663,0,0,1,1,0,0,1,0,0
2013,2013,NVT,9,Consumer Discretionary,1.4275963003008925,1,1,1,1,1,1,1,1,1
2013,2013,OCH,5,Consumer Staples,0.3906203775431159,1,0,1,0,1,1,0,0,1
2013,2013,OGC,4,Consumer Staples,0.9894861445978396,1,0,0,0,1,0,1,0,1
2013,2013,ONE,5,Communication Services,2.0078425959473796,1,1,0,1,0,1,1,0,0
2013,2013,OPC,6,Health Care,0.4404909754464251,1,1,0,0,1,0,1,1,1
2013,2013,PAC,4,Industrials,0.964744049639279,1,1,0,1,0,0,0,0,1
2013,2013,PAN,4,Consumer Staples,0.6869449283758688,0,1,0,1,0,0,0,1,1
2013,2013,PCG,4,Utilities,1.6741077688621395,1,0,1,0,0,0,1,1,0
2013,2013,PCT,6,Industrials,2.50674644471183,1,1,1,1,0,0,1,0,1
2013,2013,PDC,7,Consumer Discretionary,2.611575921862745,1,1,1,1,0,1,1,1,0
2013,2013,PDN,4,Industrials,1.0368033774106609,1,1,0,1,0,0,1,0,0
2013,2013,PDR,4,Real Estate,0.6374512348310292,1,0,0,0,0,1,1,1,0
2013,2013,PET,2,Consumer Discretionary,0.8490433289225076,1,0,0,0,0,0,0,0,1
2013,2013,PFL,4,Industrials,2.8639473042785712,0,0,0,1,0,1,1,0,1
2013,2013,PGC,4,Utilities,1.048251829554231,1,1,0,1,0,0,1,0,0
2013,2013,PGD,4,Utilities,0.6521157887220248,1,1,0,1,0,0,1,0,0
2013,2013,PGS,8,Utilities,0.8464862765761675,1,1,1,1,1,1,0,1,1
2013,2013,PHH,6,Real Estate,3.447192550027624,1,0,1,0,1,0,1,1,1
2013,2013,PHR,4,Materials,0.9091281149450656,1,1,0,0,0,1,1,0,0
2013,2013,PIT,2,Consumer Staples,2.2682412699973056,0,0,0,0,1,0,1,0,0
2013,2013,PIV,6,Consumer Discretionary,3.235027750617284,1,0,1,0,1,1,1,1,0
2013,2013,PJT,3,Energy,1.5453363917162577,1,1,0,0,0,0,1,0,0
2013,2013,PLC,7,Materials,0.9505832296910126,1,1,1,1,0,0,1,1,1
2013,2013,PMC,7,Health Care,0.390729733930012,1,1,1,0,0,1,1,1,1
2013,2013,PMS,8,Energy,0.7802593695688762,1,1,1,1,0,1,1,1,1
2013,2013,PNJ,4,Consumer Discretionary,0.569857111331495,1,0,0,0,1,1,0,0,1
2013,2013,POM,5,Materials,1.0098365288425122,0,1,0,1,1,1,1,0,0
2013,2013,POT,7,Information Technology,2.0766034464261693,1,1,1,0,0,1,1,1,1
2013,2013,PPC,8,Utilities,0.6758472378302851,1,1,1,0,1,1,1,1,1
2013,2013,PPE,5,Materials,3.185786758,1,0,1,0,0,0,1,1,1
2013,2013,PPI,4,Real Estate,4.121048364086084,1,0,0,0,0,1,1,1,0
2013,2013,PPS,6,Industrials,1.3062932352765957,1,1,1,0,0,1,1,1,0
2013,2013,PSB,3,Energy,3.1109387802111113,1,0,0,0,0,0,1,0,1
2013,2013,PSD,2,Consumer Discretionary,0.2780522560129905,1,0,0,0,0,0,0,0,1
2013,2013,PSP,7,Industrials,1.2498058523090896,1,1,1,1,1,1,0,0,1
2013,2013,PTB,7,Materials,0.6025723417115663,1,1,1,0,0,1,1,1,1
2013,2013,PTC,8,Industrials,3.297994809362069,1,1,1,1,1,1,1,1,0
2013,2013,PTL,3,Real Estate,3.0286719192947356,0,0,0,1,0,0,1,0,1
2013,2013,PTS,8,Industrials,3.0183362634125093,1,1,1,1,0,1,1,1,1
2013,2013,PVC,4,Energy,1.1654579195972414,1,1,0,0,1,0,1,0,0
2013,2013,PVD,7,Energy,0.5859324210314083,1,1,1,1,1,1,0,0,1
2013,2013,PVE,6,Industrials,1.6011397368486486,1,0,1,0,1,0,1,1,1
2013,2013,PVG,8,Utilities,1.122250610742734,1,1,1,1,1,0,1,1,1
2013,2013,PVL,3,Real Estate,2.009384267860606,0,1,0,1,0,0,1,0,0
2013,2013,PVS,8,Energy,0.9121274049767876,1,1,1,1,1,1,0,1,1
2013,2013,PVT,6,Energy,1.0357234222813825,1,1,1,1,0,0,0,1,1
2013,2013,PVV,4,Industrials,2.108542456126437,0,1,0,1,0,1,1,0,0
2013,2013,PVX,5,Industrials,0.9010024700633464,0,1,0,1,1,0,1,1,0
2013,2013,PXA,5,Real Estate,1.24868436432,0,0,1,1,1,1,1,0,0
2013,2013,PXI,6,Industrials,2.452775237984496,1,0,1,0,0,1,1,1,1
2013,2013,PXL,2,Real Estate,2.8285413497322223,0,0,0,0,0,1,1,0,0
2013,2013,PXS,7,Industrials,0.8461108382,1,1,1,1,1,0,0,1,1
2013,2013,PXT,4,Industrials,2.655023783550414,0,1,0,1,1,0,1,0,0
2013,2013,QCC,5,Industrials,6.881339522766105,1,0,1,0,0,0,1,1,1
2013,2013,QCG,4,Real Estate,2.79604145127416,1,0,1,0,0,0,1,0,1
2013,2013,QTC,3,Industrials,0.9429718358760684,1,0,0,0,0,0,1,0,1
2013,2013,RAL,8,Industrials,0.7527616987886057,1,1,1,1,1,1,1,0,1
2013,2013,RDP,4,Unknown,1.1398398446869018,1,1,0,0,1,0,1,0,0
2013,2013,REE,4,Utilities,0.6658038911509679,1,0,1,0,1,0,0,1,0
2013,2013,RIC,3,Consumer Discretionary,2.3206496206309835,0,1,0,1,0,0,1,0,0
2013,2013,S12,5,Industrials,2.9898763085,1,0,0,0,1,1,1,0,1
2013,2013,S55,7,Industrials,1.7689329754052838,1,1,1,1,1,0,1,1,0
2013,2013,S74,5,Materials,2.0815828447897897,1,1,0,0,0,1,1,0,1
2013,2013,SAM,4,Industrials,2.234909635304526,1,1,1,0,0,0,0,0,1
2013,2013,SAV,3,Consumer Discretionary,2.1827293566426724,1,0,0,0,0,1,1,0,0
2013,2013,SBC,5,Industrials,1.1817124056043955,0,1,0,1,1,0,1,0,1
2013,2013,SBT,1,Consumer Staples,1.0344192413941022,1,0,0,0,0,0,0,0,0
2013,2013,SC5,6,Industrials,0.96598374009563,1,1,1,1,1,0,1,0,0
2013,2013,SCD,7,Consumer Staples,0.8906171154101512,1,1,1,1,0,0,1,1,1
2013,2013,SCJ,8,Materials,3.461384102176281,1,1,1,1,1,1,1,0,1
2013,2013,SCL,8,Materials,0.9225865948232324,1,1,1,0,1,1,1,1,1
2013,2013,SCR,8,Real Estate,1.9809548638151095,1,1,0,1,1,1,1,1,1
2013,2013,SD1,4,Industrials,2.287311032148148,0,0,0,1,1,0,1,1,0
2013,2013,SD2,7,Industrials,1.8287778360531135,1,1,0,1,1,1,1,1,0
2013,2013,SD3,5,Utilities,5.662637414301087,1,0,1,0,0,0,1,1,1
2013,2013,SD4,5,Industrials,2.172785518966713,1,0,1,0,0,1,1,0,1
2013,2013,SD7,7,Industrials,3.3697039619585687,1,1,1,1,1,1,1,0,0
2013,2013,SD9,6,Utilities,1.599031853784722,1,1,0,1,1,1,1,0,0
2013,2013,SDA,8,Industrials,2.0299099424924125,1,1,1,1,0,1,1,1,1
2013,2013,SDG,7,Materials,0.9949182985513026,1,1,0,1,1,1,1,0,1
2013,2013,SDH,8,Industrials,1.4998014855522286,1,1,1,1,1,1,1,1,0
2013,2013,SDI,6,Real Estate,1.0331899070745254,1,0,1,0,1,1,1,1,0
2013,2013,SDU,6,Real Estate,2.441363619125,1,1,0,1,0,1,1,1,0
2013,2013,SDY,7,Materials,4.431538689444444,1,1,1,1,0,1,1,1,0
2013,2013,SED,7,Communication Services,0.8260817862291666,1,1,1,1,0,1,1,0,1
2013,2013,SFC,2,Energy,0.6517702493323064,1,0,0,0,0,0,0,1,0
2013,2013,SFI,4,Industrials,0.8608560397987003,1,0,0,0,0,1,1,0,1
2013,2013,SGT,5,Communication Services,1.2545945381099135,1,0,1,0,0,1,1,0,1
2013,2013,SHA,5,Industrials,1.98291344375,1,0,0,0,1,1,1,0,1
2013,2013,SHI,7,Industrials,2.9733176251061897,1,1,0,1,1,1,1,1,0
2013,2013,SHN,6,Consumer Discretionary,0.9249595261873618,1,1,1,0,0,1,1,1,0
2013,2013,SHP,6,Utilities,1.153345662206462,1,1,0,1,1,0,1,1,0
2013,2013,SJE,6,Industrials,1.3431038648558775,1,1,0,1,1,1,1,0,0
2013,2013,SJM,4,Industrials,1.5855579988888888,0,1,0,1,0,0,1,1,0
2013,2013,SJS,8,Real Estate,0.8709554011606844,1,1,1,1,1,0,1,1,1
2013,2013,SLS,5,Consumer Staples,0.98741311386633,1,1,0,1,0,1,1,0,0
2013,2013,SMB,7,Consumer Staples,1.0171249240841609,1,1,1,1,1,0,1,0,1
2013,2013,SMC,4,Materials,1.5414216077579956,1,0,0,0,0,0,1,1,1
2013,2013,SPM,3,Health Care,1.7849057667382044,1,0,0,0,0,1,1,0,0
2013,2013,SRA,5,Health Care,2.08122043984375,0,1,0,1,0,1,1,0,1
2013,2013,SRB,3,Consumer Discretionary,3.0582342627180528,0,0,0,1,1,0,1,0,0
2013,2013,SRC,9,Consumer Discretionary,0.8302169903284391,1,1,1,1,1,1,1,1,1
2013,2013,SRF,7,Industrials,1.253684706249134,1,1,1,1,1,1,0,1,0
2013,2013,SSC,4,Consumer Staples,0.4360222616082484,1,1,0,0,1,0,1,0,0
2013,2013,SSM,6,Materials,1.9008152866420829,1,1,1,0,0,0,1,1,1
2013,2013,ST8,5,Consumer Discretionary,1.2656054882618222,1,1,1,0,0,0,1,0,1
2013,2013,STC,4,Communication Services,1.0337642278170642,1,1,0,1,0,0,1,0,0
2013,2013,STP,3,Materials,2.8054150203487436,1,0,0,0,0,0,1,0,1
2013,2013,STT,5,Consumer Discretionary,1.9291857915808823,0,0,1,1,0,0,1,1,1
2013,2013,STV,5,Materials,2.4345631669864676,1,1,0,0,1,1,0,1,0
2013,2013,SVC,6,Consumer Discretionary,1.9795654201587711,1,1,0,1,1,1,0,0,1
2013,2013,SZL,3,Real Estate,1.437156729558308,1,0,0,0,0,0,1,0,1
2013,2013,TAC,8,Consumer Staples,0.5099881904442263,1,1,1,1,0,1,1,1,1
2013,2013,TBC,8,Utilities,0.8414167526049097,1,1,1,1,0,1,1,1,1
2013,2013,TBX,4,Materials,1.311176908056784,1,0,0,0,1,1,1,0,0
2013,2013,TC6,7,Energy,2.65302794443982,1,1,1,1,1,0,1,1,0
2013,2013,TCL,8,Industrials,0.8863824578209982,1,1,1,1,1,1,1,1,0
2013,2013,TCM,9,Consumer Discretionary,0.727529050374825,1,1,1,1,1,1,1,1,1
2013,2013,TCR,5,Materials,3.3890399533564755,0,1,0,1,1,0,1,0,1
2013,2013,TCS,8,Energy,1.9023552020036196,1,1,1,0,1,1,1,1,1
2013,2013,TCT,5,Industrials,0.3519494141141936,1,1,0,1,0,0,1,0,1
2013,2013,TDC,6,Real Estate,1.3105460777076088,1,1,0,1,1,0,1,1,0
2013,2013,TDN,6,Energy,2.0049372109375,1,1,0,1,1,0,1,1,0
2013,2013,THB,8,Consumer Staples,1.1222410000690697,1,1,1,1,0,1,1,1,1
2013,2013,THG,5,Materials,2.2649577676470587,1,1,0,1,1,0,1,0,0
2013,2013,THT,8,Energy,1.58014730102346,1,1,1,1,1,0,1,1,1
2013,2013,TIC,5,Utilities,1.055094789961167,1,1,1,0,0,0,1,0,1
2013,2013,TIE,3,Consumer Discretionary,1.7055299530920112,1,0,1,0,0,0,1,0,0
2013,2013,TIG,5,Real Estate,1.378434003878788,1,0,1,0,1,1,0,0,1
2013,2013,TIS,3,Materials,2.3604392966998793,0,1,0,1,0,0,1,0,0
2013,2013,TJC,9,Industrials,3.278251475436508,1,1,1,1,1,1,1,1,1
2013,2013,TKC,4,Real Estate,3.4486311303009396,1,0,1,0,0,1,1,0,0
2013,2013,TLG,7,Industrials,0.6358444744362444,1,1,1,0,1,1,1,0,1
2013,2013,TLH,5,Materials,1.712097117473843,1,0,1,0,1,0,1,0,1
2013,2013,TMP,6,Utilities,0.796927577952381,1,1,0,1,1,1,1,0,0
2013,2013,TMT,8,Consumer Discretionary,2.2734928425547927,1,1,1,1,0,1,1,1,1
2013,2013,TNB,2,Materials,2.354651408554829,0,0,0,0,1,0,0,0,1
2013,2013,TNC,3,Materials,1.1733473865454545,1,0,0,0,0,1,1,0,0
2013,2013,TNG,4,Consumer Discretionary,1.4417867340887232,1,1,0,1,0,0,1,0,0
2013,2013,TNM,2,Industrials,2.9796226064985545,1,0,0,0,0,0,1,0,0
2013,2013,TNT,3,Materials,3.233243723529412,0,1,0,1,0,0,1,0,0
2013,2013,TPC,6,Materials,1.5657963181346757,1,0,1,0,1,0,1,1,1
2013,2013,TPP,6,Materials,1.0061892137066435,1,1,1,0,1,0,0,1,1
2013,2013,TRA,8,Health Care,0.3277145310798437,1,1,1,1,1,1,0,1,1
2013,2013,TRC,3,Materials,1.114568378183333,1,0,0,0,1,0,1,0,0
2013,2013,TS4,5,Consumer Staples,1.8709071355910527,1,1,0,1,1,1,0,0,0
2013,2013,TSC,7,Consumer Discretionary,1.77082670400084,1,1,1,1,0,1,1,1,0
2013,2013,TST,8,Industrials,3.970258555298913,1,1,1,1,0,1,1,1,1
2013,2013,TTC,8,Materials,1.07256313329107,1,1,1,1,0,1,1,1,1
2013,2013,TTF,5,Consumer Discretionary,1.8385146929492504,1,0,1,0,1,1,0,1,0
2013,2013,TTZ,5,Materials,2.8148042610526316,1,0,0,0,0,1,1,1,1
2013,2013,TV1,5,Industrials,1.0803798076761502,1,0,0,0,1,1,1,1,0
2013,2013,TV2,6,Industrials,1.3904254841120078,1,1,1,1,0,0,1,1,0
2013,2013,TV4,4,Industrials,1.271808523045742,1,0,0,0,1,0,1,1,0
2013,2013,TVD,8,Energy,1.3176652971660938,1,1,1,1,1,0,1,1,1
2013,2013,TXM,8,Materials,2.4503633807589287,1,1,1,1,0,1,1,1,1
2013,2013,TYA,6,Industrials,1.513152267885711,1,1,0,1,0,1,1,0,1
2013,2013,UDC,6,Industrials,2.163762086018179,1,1,0,1,0,1,1,1,0
2013,2013,UDJ,4,Real Estate,1.5592437986635586,1,1,0,1,0,0,1,0,0
2013,2013,UIC,7,Utilities,1.6925519166929135,1,1,1,1,0,1,1,0,1
2013,2013,UNI,3,Real Estate,1.4358860967431168,1,0,0,0,1,0,1,0,0
2013,2013,V11,5,Industrials,5.042782509759951,0,1,0,1,1,0,1,0,1
2013,2013,V12,4,Industrials,1.8182010513963232,1,0,0,0,0,1,1,0,1
2013,2013,V15,3,Industrials,2.10137075972,0,1,0,1,0,0,1,0,0
2013,2013,VBH,2,Information Technology,0.9022773514655172,1,0,0,0,0,0,1,0,0
2013,2013,VC2,6,Industrials,2.2413529554665375,1,1,0,1,1,0,1,1,0
2013,2013,VC3,6,Real Estate,2.456038123771831,1,1,0,1,0,1,1,0,1
2013,2013,VC5,7,Industrials,2.83770258915625,1,1,0,1,1,1,1,1,0
2013,2013,VC6,6,Industrials,2.259603393387097,1,1,0,1,1,1,1,0,0
2013,2013,VC7,6,Consumer Discretionary,2.795009102897436,1,1,0,1,1,1,1,0,0
2013,2013,VC9,4,Industrials,2.3554264976539367,1,0,0,0,1,0,1,1,0
2013,2013,VCC,4,Industrials,1.212171524197995,1,0,0,0,1,1,0,1,0
2013,2013,VCF,5,Consumer Staples,0.3136335726166519,1,1,0,1,0,0,1,1,0
2013,2013,VCG,6,Industrials,1.2091302740368806,1,1,1,0,1,1,1,0,0
2013,2013,VCM,4,Consumer Discretionary,1.8003895496755162,1,0,0,0,0,1,1,0,1
2013,2013,VCR,5,Real Estate,3.423658520737798,0,1,1,1,1,0,1,0,0
2013,2013,VCS,7,Materials,1.4844622570078432,1,1,1,1,1,0,1,0,1
2013,2013,VE1,9,Industrials,2.0801546338605856,1,1,1,1,1,1,1,1,1
2013,2013,VE3,4,Industrials,1.5553950231129423,1,0,1,0,0,0,1,0,1
2013,2013,VE9,6,Industrials,1.544135594386279,1,0,1,0,1,0,1,1,1
2013,2013,VFR,6,Industrials,3.260505587688889,1,1,1,0,0,1,1,1,0
2013,2013,VGS,6,Materials,2.3711122670168527,1,1,0,1,0,1,1,1,0
2013,2013,VHC,4,Consumer Staples,1.037494444155585,1,1,0,0,0,1,1,0,0
2013,2013,VHL,9,Materials,1.138361616620545,1,1,1,1,1,1,1,1,1
2013,2013,VIC,7,Real Estate,0.2273061538715592,1,1,1,1,1,1,0,0,1
2013,2013,VID,6,Materials,2.7113219541889797,1,0,1,0,1,1,1,1,0
2013,2013,VIP,7,Energy,1.541925999386572,1,1,1,1,1,1,0,1,0
2013,2013,VIS,6,Materials,1.1353301971488283,0,1,1,1,1,0,1,1,0
2013,2013,VIT,7,Materials,1.704035956838657,1,1,1,1,1,0,1,0,1
2013,2013,VKC,5,Consumer Discretionary,1.8916015267218935,1,1,0,1,0,0,1,0,1
2013,2013,VLF,5,Consumer Staples,2.0630715163139532,0,1,0,1,0,1,1,1,0
2013,2013,VNA,3,Industrials,3.3188356964375,0,1,0,1,0,0,1,0,0
2013,2013,VNC,6,Industrials,1.1822220596130475,1,1,0,1,1,0,0,1,1
2013,2013,VNE,7,Industrials,1.6485877546689498,1,1,1,1,1,0,1,0,1
2013,2013,VNF,5,Industrials,1.6532043678018171,1,1,1,0,0,1,0,1,0
2013,2013,VNG,7,Consumer Discretionary,2.2457105421314103,1,1,0,1,0,1,1,1,1
2013,2013,VNH,7,Consumer Staples,1.9385547333457311,1,1,1,1,1,1,1,0,0
2013,2013,VNI,4,Real Estate,2.4056074801028027,0,1,0,1,1,0,0,1,0
2013,2013,VNM,4,Consumer Staples,0.1559348816565312,1,1,0,0,0,0,1,1,0
2013,2013,VNS,7,Industrials,0.5148763815459544,1,1,1,1,1,0,0,1,1
2013,2013,VOS,5,Industrials,1.9382105456698413,0,1,0,1,1,1,1,0,0
2013,2013,VPC,4,Consumer Discretionary,3.364604564380953,0,0,1,1,1,0,1,0,0
2013,2013,VPH,4,Real Estate,1.887321543551166,1,0,0,0,1,0,1,0,1
2013,2013,VPK,5,Materials,0.6178321655241095,1,1,0,1,0,1,1,0,0
2013,2013,VRC,6,Real Estate,2.2921470212645634,1,0,1,0,0,1,1,1,1
2013,2013,VSH,6,Utilities,0.8549581089898883,1,1,0,1,1,0,1,1,0
2013,2013,VST,4,Industrials,1.6707251142008048,0,1,0,1,0,1,1,0,0
2013,2013,VTA,5,Materials,0.50931289765625,1,1,1,1,0,1,0,0,0
2013,2013,VTB,4,Consumer Discretionary,1.5960181437044028,1,0,1,0,0,0,1,0,1
2013,2013,VTC,8,Communication Services,3.8157883729722313,1,1,1,1,0,1,1,1,1
2013,2013,VTF,2,Consumer Staples,1.32126412247736,1,0,0,0,0,1,0,0,0
2013,2013,VTL,7,Consumer Staples,1.0697829018148148,1,1,1,1,1,0,1,1,0
2013,2013,VTO,7,Energy,2.117521188211144,1,1,1,1,1,0,1,0,1
2013,2013,VTS,3,Materials,1.959231269517544,0,0,0,1,0,1,1,0,0
2013,2013,VTV,6,Energy,2.324250815186916,1,1,0,1,1,1,1,0,0
2013,2013,WSB,4,Consumer Staples,0.9624251999199276,1,1,0,1,0,0,1,0,0
2014,2014,AAA,5,Materials,1.4114834933053555,1,1,0,1,0,1,0,0,1
2014,2014,AAM,6,Consumer Staples,1.798680964616331,1,1,1,1,0,1,1,0,0
2014,2014,ACC,7,Materials,0.6269514671567398,1,1,1,1,0,0,1,1,1
2014,2014,ACL,5,Consumer Staples,1.3367345793841372,1,0,1,0,1,0,1,0,1
2014,2014,AGF,7,Consumer Staples,1.5882622668082294,1,1,1,1,0,1,1,1,0
2014,2014,AGM,5,Consumer Staples,1.6520989058098423,1,0,0,0,0,1,1,1,1
2014,2014,AME,4,Industrials,2.837275638739316,1,0,0,0,1,0,1,0,1
2014,2014,AMV,3,Health Care,1.4677517927573276,0,0,0,1,0,1,1,0,0
2014,2014,ANI,7,Real Estate,2.8526538108208954,1,1,0,1,1,1,1,0,1
2014,2014,ANV,6,Consumer Staples,2.103213360825637,1,1,1,1,0,0,1,1,0
2014,2014,APC,8,Industrials,0.8107794121962361,1,1,1,1,1,1,0,1,1
2014,2014,ARM,6,Industrials,0.6388362417523334,1,1,1,1,0,0,1,0,1
2014,2014,ASA,5,Unknown,1.3689945356666666,1,0,1,0,1,0,1,1,0
2014,2014,ASM,5,Consumer Staples,1.373405636307321,1,0,1,0,1,1,0,1,0
2014,2014,ASP,4,Utilities,1.555558399033901,1,0,0,0,1,1,0,1,0
2014,2014,ATA,3,Consumer Staples,2.954658663672278,0,1,0,1,0,0,1,0,0
2014,2014,B82,4,Unknown,1.4653855244554457,1,0,0,0,0,1,1,1,0
2014,2014,BBC,8,Unknown,0.7424782970798757,1,1,1,1,0,1,1,1,1
2014,2014,BCC,8,Materials,1.0152365360153703,1,1,1,1,1,0,1,1,1
2014,2014,BCE,2,Industrials,1.1139579757777778,1,0,0,0,0,0,1,0,0
2014,2014,BCI,5,Real Estate,1.1189402090345717,1,0,1,0,0,1,1,1,0
2014,2014,BGM,4,Materials,2.249326905221761,1,0,1,0,0,0,0,1,1
2014,2014,BHS,6,Consumer Staples,1.185058489713993,1,1,1,0,1,0,1,1,0
2014,2014,BHT,8,Industrials,2.7833889598861283,1,1,1,1,1,1,1,1,0
2014,2014,BII,4,Unknown,0.8291574667207231,1,0,1,0,0,1,0,0,1
2014,2014,BKC,6,Materials,1.153026357273796,1,0,1,0,0,1,1,1,1
2014,2014,BLF,4,Consumer Staples,1.921733006850575,1,0,0,0,0,1,1,0,1
2014,2014,BMC,4,Materials,0.6769066851029619,1,0,0,0,1,1,1,0,0
2014,2014,BMP,5,Materials,0.5175593793468549,1,1,0,1,0,1,1,0,0
2014,2014,BRC,7,Consumer Discretionary,1.4148357767977224,1,1,1,1,1,0,1,1,0
2014,2014,BSC,7,Unknown,2.1256284009791964,1,1,1,0,0,1,1,1,1
2014,2014,BT6,5,Materials,2.051761678477561,1,0,1,0,1,1,1,0,0
2014,2014,BTP,6,Utilities,1.1671694012029534,1,1,1,0,1,0,1,0,1
2014,2014,BTS,8,Materials,1.3198822462455628,1,1,1,1,1,0,1,1,1
2014,2014,BTW,4,Utilities,0.92443376892911,1,1,0,1,0,0,1,0,0
2014,2014,BVN,6,Consumer Discretionary,1.5749449367333332,1,1,0,1,1,0,1,0,1
2014,2014,BXH,7,Materials,1.4191991315145074,1,1,0,1,1,1,1,0,1
2014,2014,C21,7,Real Estate,1.5229379803675849,1,1,1,1,0,1,1,0,1
2014,2014,C32,4,Materials,0.7797526013362895,1,1,0,0,0,1,1,0,0
2014,2014,CAP,8,Materials,0.6026596167517414,1,1,1,1,0,1,1,1,1
2014,2014,CAV,7,Industrials,0.517191296459961,1,1,0,1,1,1,1,0,1
2014,2014,CCL,7,Real Estate,2.09378593885283,1,1,1,1,0,1,1,1,0
2014,2014,CCM,6,Materials,0.5151865003725529,1,1,1,0,0,1,1,0,1
2014,2014,CDC,8,Industrials,1.7334782350206566,1,1,1,1,0,1,1,1,1
2014,2014,CFC,7,Consumer Staples,2.475948415680215,1,1,1,1,0,0,1,1,1
2014,2014,CHP,9,Utilities,0.7790894232072368,1,1,1,1,1,1,1,1,1
2014,2014,CIG,5,Industrials,1.4025004405613124,0,1,0,1,1,0,1,0,1
2014,2014,CLC,4,Consumer Staples,0.733454122862831,1,0,1,0,0,0,1,1,0
2014,2014,CLG,4,Real Estate,1.7944304977523728,1,1,0,1,1,0,0,0,0
2014,2014,CLL,6,Industrials,0.480231695163471,1,1,0,1,1,0,1,0,1
2014,2014,CLW,7,Utilities,0.9655616096410256,1,1,0,1,1,1,1,0,1
2014,2014,CMI,6,Materials,0.775031218496701,1,1,1,0,1,1,0,0,1
2014,2014,CMS,7,Industrials,1.1455160721047009,1,1,1,1,1,1,0,0,1
2014,2014,CMT,3,Information Technology,1.5827459509095638,1,0,0,0,0,1,1,0,0
2014,2014,CMV,5,Consumer Discretionary,0.8256605816247098,1,1,0,1,0,0,1,1,0
2014,2014,CMX,9,Consumer Staples,0.3996723238417414,1,1,1,1,1,1,1,1,1
2014,2014,CNG,6,Utilities,0.4942535613907547,1,1,0,1,1,0,1,0,1
2014,2014,COM,8,Energy,0.93306874560767,1,1,1,1,1,1,0,1,1
2014,2014,CPC,5,Materials,0.8332753275931556,1,1,0,1,0,1,1,0,0
2014,2014,CSC,4,Real Estate,0.7983903704166667,1,0,1,0,0,1,1,0,0
2014,2014,CSM,5,Consumer Discretionary,0.4716086059177704,1,1,0,1,1,0,1,0,0
2014,2014,CT6,5,Industrials,1.4761259800015183,1,0,0,0,0,1,1,1,1
2014,2014,CTA,3,Industrials,1.9562425779530288,0,1,0,1,0,0,1,0,0
2014,2014,CTC,6,Unknown,1.8363378381953035,1,1,1,1,0,0,1,1,0
2014,2014,CTD,4,Industrials,1.0523153509548913,1,1,1,0,0,0,1,0,0
2014,2014,CTI,3,Industrials,0.9765690306750272,1,0,1,0,0,0,0,1,0
2014,2014,CTX,4,Real Estate,1.9740694840858992,1,0,0,0,0,1,1,1,0
2014,2014,CVT,6,Materials,0.635372280482595,1,1,1,1,0,1,0,1,0
2014,2014,CX8,7,Industrials,3.0843943476515454,1,1,1,1,0,1,1,0,1
2014,2014,CYC,2,Materials,3.2560107689896443,0,0,0,0,1,0,1,0,0
2014,2014,D2D,5,Real Estate,1.0332551329222917,1,1,0,1,0,1,1,0,0
2014,2014,DAE,3,Communication Services,1.0074394731301166,1,0,0,0,0,0,1,0,1
2014,2014,DBC,5,Consumer Staples,1.0607736034010016,1,1,0,1,0,0,1,1,0
2014,2014,DBM,7,Health Care,0.7543451143963712,1,1,1,1,0,1,1,0,1
2014,2014,DBT,5,Health Care,0.6161137696334548,1,0,1,0,1,0,0,1,1
2014,2014,DC2,4,Industrials,3.5023082286226317,0,1,0,1,0,1,1,0,0
2014,2014,DCL,9,Health Care,0.616568023464921,1,1,1,1,1,1,1,1,1
2014,2014,DCS,5,Materials,1.9262880628531969,1,0,0,0,1,1,0,1,1
2014,2014,DGC,4,Materials,0.5388811725875826,1,1,0,1,0,0,1,0,0
2014,2014,DHA,8,Materials,1.5133506971906971,1,1,1,1,0,1,1,1,1
2014,2014,DHC,6,Materials,0.8002655386507703,1,1,1,0,1,1,0,0,1
2014,2014,DHG,4,Health Care,0.2721224591556068,1,1,0,0,0,0,1,1,0
2014,2014,DHM,5,Materials,2.201755934592686,1,1,0,1,1,0,1,0,0
2014,2014,DHP,6,Consumer Discretionary,1.3793286748899831,1,1,0,1,0,1,1,0,1
2014,2014,DHT,3,Health Care,0.6258450891754509,1,1,0,0,0,0,1,0,0
2014,2014,DID,6,Materials,2.34875806148,1,0,1,0,1,1,1,1,0
2014,2014,DIH,6,Industrials,1.99785924111282,1,0,1,0,1,1,1,0,1
2014,2014,DLR,3,Industrials,1.8296169683141763,0,0,0,0,0,1,1,1,0
2014,2014,DMC,5,Health Care,0.6590603807426716,1,1,1,0,0,1,1,0,0
2014,2014,DNM,6,Health Care,0.489207941873412,1,1,1,0,1,1,0,0,1
2014,2014,DNP,4,Materials,1.8156854944615708,1,0,1,0,1,0,0,0,1
2014,2014,DNY,4,Materials,2.5333115444809415,1,0,0,0,1,0,1,1,0
2014,2014,DPM,5,Materials,0.7508662428579118,1,1,0,0,1,1,1,0,0
2014,2014,DPR,4,Materials,1.4398968340237648,1,1,0,0,0,1,1,0,0
2014,2014,DRH,7,Industrials,1.9300393050692308,1,1,1,0,0,1,1,1,1
2014,2014,DSN,6,Consumer Discretionary,0.3224265098399457,1,1,1,0,0,1,1,1,0
2014,2014,DTA,5,Real Estate,1.722391644762712,1,0,1,0,0,0,1,1,1
2014,2014,DTL,2,Materials,1.504731941906271,1,0,0,0,1,0,0,0,0
2014,2014,DXG,4,Real Estate,0.9550096324771428,1,1,1,1,0,0,0,0,0
2014,2014,DXP,5,Materials,0.7116701599511043,1,1,0,1,0,1,1,0,0
2014,2014,DXV,8,Materials,2.2214076807874665,1,1,1,1,0,1,1,1,1
2014,2014,DZM,6,Industrials,3.483207171549674,1,0,1,0,1,0,1,1,1
2014,2014,EBS,3,Communication Services,1.5322961515893527,1,0,0,0,0,0,1,0,1
2014,2014,EID,5,Communication Services,1.0530939785187157,1,1,0,0,1,0,1,1,0
2014,2014,EMC,4,Industrials,1.765015577547502,1,0,1,0,0,1,1,0,0
2014,2014,EVE,5,Consumer Discretionary,1.1396210400791569,1,1,1,0,0,0,1,0,1
2014,2014,FCM,3,Materials,1.0620541072108187,1,0,0,0,1,0,0,1,0
2014,2014,FCN,2,Industrials,0.7753098714613165,1,0,0,0,0,0,0,1,0
2014,2014,FDC,4,Real Estate,0.9646919379832628,1,1,0,0,0,0,1,1,0
2014,2014,FIT,5,Health Care,0.5719481592805323,1,1,1,0,0,1,0,0,1
2014,2014,FLC,5,Unknown,1.1404993347486858,1,0,1,0,0,1,0,1,1
2014,2014,FMC,4,Consumer Staples,0.8537167429407895,1,0,1,0,0,1,0,1,0
2014,2014,FPT,3,Information Technology,0.4792289368932524,1,1,0,0,0,0,1,0,0
2014,2014,GAS,8,Utilities,0.269326932981478,1,1,1,1,0,1,1,1,1
2014,2014,GDT,7,Consumer Discretionary,0.5640576784600455,1,1,1,0,0,1,1,1,1
2014,2014,GIL,8,Consumer Discretionary,0.7685608560635199,1,1,0,1,1,1,1,1,1
2014,2014,GMC,5,Consumer Discretionary,0.5428403262198914,1,1,0,1,0,0,1,1,0
2014,2014,GMD,6,Industrials,1.4533424232154004,1,1,1,0,0,1,0,1,1
2014,2014,GMX,7,Materials,1.13466478384706,1,1,1,1,0,1,1,1,0
2014,2014,GSP,6,Energy,0.9855167775752685,1,1,0,1,1,1,1,0,0
2014,2014,GTA,6,Materials,1.0041621670120442,1,1,0,1,0,1,1,1,0
2014,2014,GTH,4,Industrials,2.5609118901960786,1,0,0,0,1,0,1,0,1
2014,2014,GTN,1,Consumer Staples,0.913553432142693,1,0,0,0,0,0,0,0,0
2014,2014,GTT,3,Consumer Discretionary,1.5179660216421855,0,0,0,1,1,0,1,0,0
2014,2014,HAD,5,Consumer Staples,0.8072310712391304,1,1,0,1,0,1,1,0,0
2014,2014,HAG,4,Consumer Staples,0.815598999514634,1,0,1,0,1,0,0,0,1
2014,2014,HAP,4,Materials,2.186466836232647,1,0,0,0,0,1,1,1,0
2014,2014,HAR,4,Real Estate,1.1329176581187963,1,0,1,0,1,0,0,0,1
2014,2014,HAS,4,Industrials,2.4869900288787483,1,0,1,0,0,0,1,0,1
2014,2014,HAT,7,Consumer Staples,0.5097549569191175,1,1,1,1,0,1,1,0,1
2014,2014,HAX,8,Consumer Discretionary,1.0436015049106735,1,1,1,1,1,1,1,0,1
2014,2014,HBC,6,Industrials,1.2604337598938062,1,1,1,1,0,1,0,1,0
2014,2014,HCC,6,Materials,1.2364651761902306,1,0,1,0,0,1,1,1,1
2014,2014,HCT,5,Industrials,1.6697156931009371,1,0,0,0,0,1,1,1,1
2014,2014,HDG,6,Utilities,0.3929408620997848,1,1,0,1,1,1,0,0,1
2014,2014,HDO,4,Industrials,2.632272531514526,0,1,0,1,0,1,1,0,0
2014,2014,HEV,5,Communication Services,1.2170020711111111,1,1,0,1,0,1,1,0,0
2014,2014,HHC,7,Consumer Staples,0.7368720345272345,1,1,1,1,0,1,1,0,1
2014,2014,HHG,4,Industrials,1.283735141924311,1,0,1,0,0,0,1,0,1
2014,2014,HHS,5,Consumer Discretionary,0.7489033786214311,1,1,1,1,0,0,0,0,1
2014,2014,HIG,6,Information Technology,3.844744066146897,1,1,1,1,0,1,1,0,0
2014,2014,HJS,7,Utilities,1.0534712994067306,1,1,1,1,0,1,1,0,1
2014,2014,HLC,5,Energy,1.2179701571183308,1,1,0,1,0,1,1,0,0
2014,2014,HLG,7,Unknown,1.4440581199143487,0,1,1,1,0,1,1,1,1
2014,2014,HMC,5,Materials,1.6757395804407296,1,1,1,0,1,0,1,0,0
2014,2014,HMH,2,Industrials,0.8121471701177305,1,0,0,0,0,1,0,0,0
2014,2014,HNM,3,Consumer Staples,0.8227714578992248,1,0,0,0,0,1,0,1,0
2014,2014,HOM,9,Materials,1.379963037925248,1,1,1,1,1,1,1,1,1
2014,2014,HOT,4,Consumer Discretionary,0.5168014300942808,1,1,0,0,0,0,1,0,1
2014,2014,HPG,7,Materials,0.4618426245753968,1,1,1,0,1,1,0,1,1
2014,2014,HQC,3,Real Estate,1.439177935995165,1,0,1,0,0,1,0,0,0
2014,2014,HSG,2,Materials,0.5468845226462946,1,0,0,0,0,0,1,0,0
2014,2014,HSI,4,Materials,0.3982279916261073,0,1,1,1,0,0,1,0,0
2014,2014,HT1,8,Materials,0.6713207623289773,1,1,1,1,1,1,1,0,1
2014,2014,HTC,6,Consumer Discretionary,0.7750054545922277,1,1,1,1,0,0,1,1,0
2014,2014,HTI,5,Industrials,1.2215076346688194,1,1,0,1,0,1,1,0,0
2014,2014,HTL,7,Consumer Discretionary,0.6918759585338345,1,1,1,0,0,1,1,1,1
2014,2014,HU1,8,Industrials,1.8245935768314607,1,1,1,1,0,1,1,1,1
2014,2014,HU3,7,Industrials,1.7422136777902126,1,1,0,1,0,1,1,1,1
2014,2014,HUT,8,Consumer Discretionary,0.9641926966946864,1,1,1,1,1,1,0,1,1
2014,2014,HVG,3,Unknown,0.6674998175370508,1,0,0,0,0,1,1,0,0
2014,2014,HVT,5,Materials,0.8743594318264089,1,1,1,0,0,0,1,0,1
2014,2014,ICF,6,Consumer Staples,2.5096359414773173,1,1,1,1,0,0,1,0,1
2014,2014,ICG,7,Industrials,1.593842217914634,1,1,1,1,0,1,1,0,1
2014,2014,ICI,5,Industrials,2.1931258402678573,1,1,0,1,1,0,1,0,0
2014,2014,IJC,4,Real Estate,0.8283535934181521,1,0,1,0,0,0,1,0,1
2014,2014,IMP,5,Health Care,0.724333408277286,1,1,1,0,0,0,0,1,1
2014,2014,INC,7,Industrials,2.9271971309302325,1,1,1,1,0,1,1,1,0
2014,2014,ITA,5,Real Estate,1.3802143986283564,1,0,1,0,1,0,0,1,1
2014,2014,ITC,9,Real Estate,2.874858052802669,1,1,1,1,1,1,1,1,1
2014,2014,JVC,6,Health Care,1.0138278413745254,1,1,1,0,0,1,0,1,1
2014,2014,KAC,8,Real Estate,0.7286218515975067,1,1,0,1,1,1,1,1,1
2014,2014,KBC,7,Real Estate,0.8675061228672083,1,1,1,1,0,1,1,1,0
2014,2014,KDC,5,Consumer Staples,0.4858895009862931,1,1,0,1,1,1,0,0,0
2014,2014,KDH,6,Real Estate,0.9890952290429044,1,1,1,1,0,0,0,1,1
2014,2014,KHA,7,Unknown,1.038089455965604,1,1,1,1,0,1,1,0,1
2014,2014,KHP,6,Utilities,1.0060482173190295,1,1,0,1,1,0,1,0,1
2014,2014,KKC,3,Materials,1.0045997722168627,1,0,0,0,0,0,1,0,1
2014,2014,KLF,4,Unknown,0.9843447170936532,1,1,1,0,0,0,0,0,1
2014,2014,KMR,3,Consumer Discretionary,1.6131316058378276,1,0,0,0,0,1,0,0,1
2014,2014,KSA,7,Materials,1.2519958332141603,1,1,1,1,1,0,1,0,1
2014,2014,KSB,6,Materials,0.8545945668248945,1,1,1,1,0,0,1,0,1
2014,2014,KSS,3,Materials,2.257930514979249,1,0,0,0,0,1,0,0,1
2014,2014,KTB,4,Materials,2.0206382630621404,1,0,1,0,0,1,0,0,1
2014,2014,L10,4,Industrials,1.3491948363223856,1,0,0,0,1,1,1,0,0
2014,2014,L14,7,Consumer Discretionary,0.725581736039959,1,0,1,0,1,1,1,1,1
2014,2014,L35,6,Industrials,2.7998634901559036,1,1,1,1,0,0,1,0,1
2014,2014,L44,5,Industrials,2.4542203582495814,1,1,0,1,0,1,1,0,0
2014,2014,LAF,3,Consumer Staples,0.7171858820988304,1,0,0,0,0,0,1,0,1
2014,2014,LAS,5,Materials,0.5491499565859801,1,1,0,0,0,1,1,0,1
2014,2014,LBM,5,Materials,1.2544753495650534,1,1,0,1,0,0,1,0,1
2014,2014,LCG,7,Industrials,1.4595242352758988,1,1,1,1,1,1,0,0,1
2014,2014,LCM,2,Materials,1.70628280108983,0,0,0,1,0,0,1,0,0
2014,2014,LDP,4,Health Care,0.5110899349125958,1,1,0,1,0,0,1,0,0
2014,2014,LGL,5,Real Estate,2.39286120920186,1,0,1,0,0,1,1,0,1
2014,2014,LHC,5,Industrials,0.9679012266614666,1,1,0,0,0,1,1,1,0
2014,2014,LHG,8,Real Estate,1.889384719756951,1,1,1,1,1,1,1,0,1
2014,2014,LIG,7,Industrials,2.1553268122537057,1,1,1,1,1,0,1,0,1
2014,2014,LIX,6,Consumer Staples,0.5292493497540509,1,1,1,1,0,0,1,1,0
2014,2014,LM8,3,Industrials,0.9744794874653344,1,0,1,0,0,0,1,0,0
2014,2014,LSS,8,Consumer Staples,2.204074943269173,1,1,1,1,1,1,1,0,1
2014,2014,LTC,2,Industrials,2.358318360441761,0,0,0,0,1,0,1,0,0
2014,2014,LUT,3,Industrials,2.326484139435932,1,0,0,0,0,0,1,0,1
2014,2014,MAC,6,Industrials,1.0756624740720508,1,0,1,0,0,1,1,1,1
2014,2014,MCC,7,Materials,0.9511981602980768,1,1,1,0,1,0,1,1,1
2014,2014,MCG,8,Industrials,1.6993851329460854,1,1,1,1,1,0,1,1,1
2014,2014,MCO,5,Industrials,3.0857505708286483,1,1,0,1,0,1,1,0,0
2014,2014,MCP,2,Materials,1.0063642050510366,1,0,0,0,0,1,0,0,0
2014,2014,MDG,3,Materials,2.489274587382038,0,0,0,1,1,0,1,0,0
2014,2014,MEC,7,Industrials,3.417382155724409,1,1,1,1,1,0,1,0,1
2014,2014,MHC,6,Industrials,0.9133393043435328,1,0,1,0,0,1,1,1,1
2014,2014,MNC,6,Industrials,1.0322485302872404,1,1,0,1,0,1,1,0,1
2014,2014,MSN,5,Consumer Staples,0.2458747907920589,1,1,1,0,0,1,0,0,1
2014,2014,MWG,6,Consumer Discretionary,0.120869005970892,1,1,1,0,0,1,0,1,1
2014,2014,NAG,7,Consumer Discretionary,1.6807441723875638,1,1,1,0,0,1,1,1,1
2014,2014,NBB,4,Real Estate,1.243295438100997,1,0,1,0,0,1,0,0,1
2014,2014,NBC,6,Energy,1.182487310981314,1,1,1,1,1,0,1,0,0
2014,2014,NDC,7,Health Care,0.6762127477167693,1,1,0,0,1,1,1,1,1
2014,2014,NDF,5,Consumer Staples,0.7816192774540248,1,0,1,0,1,1,0,1,0
2014,2014,NET,4,Consumer Staples,0.5596592757074489,1,1,0,0,0,1,1,0,0
2014,2014,NGC,5,Consumer Staples,0.8011227096343179,1,0,1,0,1,0,1,0,1
2014,2014,NHA,8,Real Estate,1.596351314468968,1,1,1,1,0,1,1,1,1
2014,2014,NHC,7,Materials,0.5429030415887731,1,1,1,1,0,0,1,1,1
2014,2014,NHS,5,Consumer Staples,1.3559284705698766,1,1,0,0,1,0,1,1,0
2014,2014,NKG,7,Materials,0.947267867459694,1,1,1,1,1,1,0,0,1
2014,2014,NLG,6,Real Estate,0.8201043506832298,1,1,1,1,0,1,0,0,1
2014,2014,NST,7,Consumer Staples,1.2528845253112748,1,1,0,1,1,1,1,1,0
2014,2014,NT2,8,Utilities,0.7937133225201854,1,1,1,0,1,1,1,1,1
2014,2014,NTL,4,Real Estate,0.995929477217148,1,1,0,0,0,0,1,1,0
2014,2014,NTP,4,Materials,0.487253160334832,1,0,1,0,0,0,1,0,1
2014,2014,NTW,7,Utilities,0.9235145666397696,1,1,1,1,0,1,1,1,0
2014,2014,NVT,6,Consumer Discretionary,1.7964200701827455,1,1,0,1,0,1,1,1,0
2014,2014,OGC,4,Consumer Staples,0.4273973506892018,0,0,0,1,1,0,1,0,1
2014,2014,ONE,6,Communication Services,1.4716135091575464,1,1,1,1,0,0,1,0,1
2014,2014,OPC,6,Health Care,0.5195749267810145,1,1,1,1,0,1,0,0,1
2014,2014,PAC,5,Industrials,0.8499746633192088,1,1,0,0,0,1,1,1,0
2014,2014,PAN,4,Consumer Staples,0.4692745388435128,1,1,1,0,0,0,0,1,0
2014,2014,PCG,5,Utilities,1.800400399294515,1,1,0,1,0,1,1,0,0
2014,2014,PCT,5,Industrials,1.5840386771530672,1,0,1,0,0,1,1,1,0
2014,2014,PDC,5,Consumer Discretionary,2.4547128667207208,1,1,0,1,0,1,1,0,0
2014,2014,PDN,5,Industrials,0.7222628836822227,1,1,0,0,0,1,1,0,1
2014,2014,PDR,7,Real Estate,0.7004484692937764,1,1,1,1,1,0,1,0,1
2014,2014,PEN,4,Industrials,2.2069386621,1,0,1,0,0,0,1,0,1
2014,2014,PET,6,Consumer Discretionary,0.9350746525345616,1,1,0,1,0,1,1,1,0
2014,2014,PFL,6,Industrials,2.41170207071875,0,0,1,1,1,0,1,1,1
2014,2014,PGC,3,Utilities,0.901463665010861,1,0,0,0,0,0,1,1,0
2014,2014,PGD,3,Utilities,0.6311097181174108,1,1,0,1,0,0,0,0,0
2014,2014,PGS,6,Utilities,0.9211652592887888,1,1,0,1,1,0,1,0,1
2014,2014,PGT,4,Industrials,1.4388524212242375,1,0,1,0,0,1,1,0,0
2014,2014,PHC,5,Industrials,2.816650830010849,1,0,0,0,1,1,1,1,0
2014,2014,PHH,4,Real Estate,2.223275133505614,1,0,0,0,0,1,1,1,0
2014,2014,PHR,4,Materials,1.071094119995249,1,1,0,0,0,1,1,0,0
2014,2014,PIT,6,Consumer Staples,1.749294909376153,1,0,1,0,1,0,1,1,1
2014,2014,PIV,5,Consumer Discretionary,2.17222795528169,1,0,1,0,1,0,1,0,1
2014,2014,PJS,5,Utilities,0.7960757837875998,1,1,0,1,0,0,1,1,0
2014,2014,PJT,6,Energy,1.4369338525389506,1,1,0,1,1,0,1,1,0
2014,2014,PLC,7,Materials,0.5225915266651321,1,1,1,1,1,0,1,1,0
2014,2014,PMC,5,Health Care,0.4382227434955595,1,1,0,0,0,1,1,1,0
2014,2014,PMS,4,Energy,1.529852178485248,1,0,1,0,0,0,1,0,1
2014,2014,PNJ,5,Consumer Discretionary,0.4298397524551775,1,0,1,0,0,1,1,1,0
2014,2014,POT,4,Information Technology,1.078004392631149,1,0,1,0,0,0,0,1,1
2014,2014,POV,5,Energy,1.6570634836117648,1,1,0,1,1,0,1,0,0
2014,2014,PPC,5,Utilities,0.6755762947315885,1,1,0,0,1,0,1,0,1
2014,2014,PPE,7,Materials,1.2107244780952382,1,1,1,0,0,1,1,1,1
2014,2014,PPI,4,Real Estate,1.0507737029394884,1,0,1,0,0,1,0,0,1
2014,2014,PSB,4,Energy,1.9350828777206897,1,0,1,0,0,0,1,1,0
2014,2014,PSC,8,Energy,1.893572950436828,1,1,1,1,1,0,1,1,1
2014,2014,PSD,6,Consumer Discretionary,0.2735404829182256,1,1,0,1,0,1,1,1,0
2014,2014,PSP,5,Industrials,1.0019567837932692,1,0,1,0,1,1,0,0,1
2014,2014,PTB,6,Materials,0.5310986523371909,1,1,0,0,1,1,1,1,0
2014,2014,PTC,5,Industrials,2.191619345269663,1,0,1,0,0,1,1,0,1
2014,2014,PTL,7,Real Estate,2.8423373066118116,1,1,1,1,1,0,1,1,0
2014,2014,PTS,8,Industrials,2.478186464020594,1,1,1,1,0,1,1,1,1
2014,2014,PTT,7,Industrials,2.754697996588235,1,1,1,1,0,1,1,1,0
2014,2014,PVA,7,Industrials,0.4992198671530755,0,1,1,1,1,0,1,1,1
2014,2014,PVB,8,Energy,0.4177310238639837,1,1,1,1,1,0,1,1,1
2014,2014,PVC,8,Energy,0.7731652132326693,1,1,1,0,1,1,1,1,1
2014,2014,PVD,7,Energy,0.58726309533461,1,1,1,1,1,1,0,0,1
2014,2014,PVE,7,Industrials,1.106594633373913,1,1,1,1,1,1,1,0,0
2014,2014,PVG,3,Utilities,1.452535732865829,0,1,0,1,0,0,1,0,0
2014,2014,PVL,5,Real Estate,1.9844067134235297,1,1,1,0,0,0,1,0,1
2014,2014,PVS,8,Energy,0.7782613416036588,1,1,1,1,1,1,1,0,1
2014,2014,PVT,6,Energy,0.8740275042558086,1,1,1,1,1,1,0,0,0
2014,2014,PVV,8,Industrials,2.3301225073580247,1,1,1,1,1,0,1,1,1
2014,2014,PVX,8,Industrials,0.5798455340641626,1,1,1,1,0,1,1,1,1
2014,2014,PXA,7,Real Estate,0.6887678401269841,1,1,1,1,0,0,1,1,1
2014,2014,PXI,7,Industrials,1.4942301306659045,1,1,1,1,0,1,1,0,1
2014,2014,PXL,5,Real Estate,2.5326388590186677,0,1,1,1,0,0,1,1,0
2014,2014,PXS,7,Industrials,0.5808593423719298,1,1,1,1,0,1,1,0,1
2014,2014,PXT,4,Industrials,0.254688042625,0,1,0,1,1,0,1,0,0
2014,2014,QCC,5,Industrials,3.4443196364770685,1,0,1,0,0,1,1,0,1
2014,2014,QCG,5,Real Estate,1.4220966826580532,1,0,1,0,1,1,1,0,0
2014,2014,QNC,7,Materials,1.3859772290554069,1,1,1,1,1,0,1,0,1
2014,2014,RAL,4,Industrials,0.9745843310396136,1,0,0,0,1,0,1,1,0
2014,2014,RDP,2,Unknown,0.9913884863413812,1,1,0,0,0,0,0,0,0
2014,2014,REE,6,Utilities,0.7789111991304908,1,1,1,0,0,1,0,1,1
2014,2014,RIC,5,Consumer Discretionary,0.7544432448175707,0,1,0,1,1,0,1,0,1
2014,2014,S55,6,Industrials,0.9684014174285074,1,1,0,1,1,1,1,0,0
2014,2014,S74,6,Materials,2.377288375634921,1,1,0,1,1,1,1,0,0
2014,2014,S96,4,Industrials,2.760527227137173,0,1,0,1,1,0,1,0,0
2014,2014,SAM,4,Industrials,1.431102802243308,1,0,0,0,1,0,1,0,1
2014,2014,SAV,4,Consumer Discretionary,2.0559749916531005,0,1,0,1,0,0,1,0,1
2014,2014,SBT,4,Consumer Staples,0.9737277201320516,1,0,0,0,1,1,1,0,0
2014,2014,SC5,8,Industrials,0.8835073178946163,1,1,0,1,1,1,1,1,1
2014,2014,SCD,4,Consumer Staples,0.8652174459610131,1,0,0,0,0,1,1,1,0
2014,2014,SCJ,9,Materials,1.498683213558106,1,1,1,1,1,1,1,1,1
2014,2014,SCL,6,Materials,0.9821909473415132,1,1,0,1,1,0,1,1,0
2014,2014,SCR,7,Real Estate,1.5747844314136652,1,1,1,1,0,1,1,1,0
2014,2014,SD2,3,Industrials,1.8470392952359256,1,0,0,0,0,0,1,0,1
2014,2014,SD3,3,Utilities,2.308071422960217,1,0,0,0,0,0,1,0,1
2014,2014,SD4,6,Industrials,1.204911831059054,1,0,1,0,1,1,1,0,1
2014,2014,SD7,7,Industrials,3.518719750906433,1,1,0,1,0,1,1,1,1
2014,2014,SD9,6,Utilities,1.453127606523877,1,1,1,0,0,1,1,0,1
2014,2014,SDA,7,Industrials,1.8892560233255205,1,1,1,1,0,1,1,1,0
2014,2014,SDD,2,Industrials,2.6282453451713175,0,0,0,0,0,0,1,1,0
2014,2014,SDE,5,Industrials,2.3986576557681643,1,1,0,1,0,0,1,1,0
2014,2014,SDI,7,Real Estate,0.4271103379445475,1,1,1,1,1,0,1,0,1
2014,2014,SDJ,8,Industrials,0.4637805777683021,1,1,1,1,1,0,1,1,1
2014,2014,SDP,4,Industrials,1.2951962912643504,1,0,0,0,0,1,1,1,0
2014,2014,SDU,8,Real Estate,1.1954406344428572,1,1,1,1,1,1,1,0,1
2014,2014,SDY,6,Materials,2.3544861022222223,1,1,1,1,0,0,1,0,1
2014,2014,SED,6,Communication Services,0.9726382837804878,1,1,0,0,0,1,1,1,1
2014,2014,SFC,7,Energy,0.6074720576932072,1,1,1,1,0,1,1,1,0
2014,2014,SFG,7,Materials,0.7715793163868757,1,1,0,1,1,1,1,1,0
2014,2014,SFI,8,Industrials,0.9293707805167906,1,1,1,1,1,1,0,1,1
2014,2014,SGS,6,Industrials,1.6138527912956917,1,0,1,0,1,1,0,1,1
2014,2014,SGT,5,Communication Services,1.0012648292834667,1,0,1,0,0,1,1,0,1
2014,2014,SHA,9,Industrials,1.7380568050506755,1,1,1,1,1,1,1,1,1
2014,2014,SHI,5,Industrials,1.7147825952116185,1,0,1,0,0,1,0,1,1
2014,2014,SHN,4,Consumer Discretionary,0.1588560509368142,0,1,0,1,0,0,1,1,0
2014,2014,SHP,8,Utilities,0.6359920206827577,1,1,1,1,1,1,1,0,1
2014,2014,SJ1,3,Consumer Staples,1.0096045959147284,1,0,1,0,0,1,0,0,0
2014,2014,SJM,7,Industrials,2.426063579875,0,1,1,1,1,1,1,1,0
2014,2014,SJS,7,Real Estate,0.7047624546277871,1,1,1,1,1,0,1,0,1
2014,2014,SKG,7,Industrials,0.3910956991748168,1,1,1,1,0,0,1,1,1
2014,2014,SMB,8,Consumer Staples,0.8197901472972777,1,1,1,1,1,1,1,0,1
2014,2014,SMC,4,Materials,1.7813792656009932,1,0,0,0,1,0,1,1,0
2014,2014,SNC,7,Consumer Staples,0.571304784,1,0,1,0,1,1,1,1,1
2014,2014,SPM,6,Health Care,1.7873810180498255,1,0,1,0,0,1,1,1,1
2014,2014,SPP,4,Materials,2.426222459245457,1,0,0,0,1,0,1,0,1
2014,2014,SRB,4,Consumer Discretionary,2.6502839564326375,0,1,1,1,0,0,1,0,0
2014,2014,SRC,8,Consumer Discretionary,0.5190599550087319,1,1,1,1,1,1,1,0,1
2014,2014,SRF,5,Industrials,0.9675234587019408,1,0,1,0,1,0,1,0,1
2014,2014,SSC,6,Consumer Staples,0.4628212007698597,1,1,1,0,0,1,1,1,0
2014,2014,SSM,4,Materials,1.3384732787883602,1,1,0,1,0,0,1,0,0
2014,2014,SSN,7,Consumer Staples,0.65462004953125,1,1,1,1,0,1,1,1,0
2014,2014,ST8,4,Consumer Discretionary,0.9841447008063262,1,1,0,0,0,1,0,0,1
2014,2014,STC,5,Communication Services,0.9174195728328876,1,1,1,0,0,1,1,0,0
2014,2014,STG,4,Industrials,0.5240250546195894,1,1,1,0,0,0,0,0,1
2014,2014,STP,6,Materials,2.357979602979261,0,1,0,1,0,1,1,1,1
2014,2014,STS,5,Industrials,1.3390705358586348,1,1,0,1,0,0,1,0,1
2014,2014,STT,7,Consumer Discretionary,1.4264452892287234,1,1,1,1,0,1,1,0,1
2014,2014,STV,5,Materials,1.7985108849486573,1,1,1,0,0,1,0,0,1
2014,2014,SVC,9,Consumer Discretionary,1.8883583220377669,1,1,1,1,1,1,1,1,1
2014,2014,SVI,6,Materials,0.6606062968296115,1,1,0,0,1,1,1,0,1
2014,2014,SVN,5,Consumer Staples,1.3432219473933331,1,0,1,0,1,0,0,1,1
2014,2014,SVT,8,Materials,1.723013394037825,1,1,1,1,1,1,1,1,0
2014,2014,SWC,7,Industrials,1.6054270916681108,1,1,1,1,0,1,1,1,0
2014,2014,SZL,9,Real Estate,1.3833807740416175,1,1,1,1,1,1,1,1,1
2014,2014,TAC,4,Consumer Staples,0.502674739539948,1,0,0,0,0,1,1,1,0
2014,2014,TBC,5,Utilities,0.5485884053353142,1,1,0,1,0,0,1,0,1
2014,2014,TC6,5,Energy,1.6364859074283271,1,1,0,1,0,0,1,0,1
2014,2014,TCL,8,Industrials,0.7643667659382608,1,1,1,1,1,0,1,1,1
2014,2014,TCM,7,Consumer Discretionary,0.513735197692615,1,1,1,1,1,0,1,1,0
2014,2014,TCR,9,Materials,2.0604451667963986,1,1,1,1,1,1,1,1,1
2014,2014,TCS,6,Energy,1.7344996793619505,1,1,0,1,1,1,1,0,0
2014,2014,TCT,6,Industrials,0.2233869965079829,1,1,1,0,0,1,1,0,1
2014,2014,TDC,3,Real Estate,1.105372432223585,1,0,0,0,0,1,1,0,0
2014,2014,TDN,7,Energy,1.8213532718564356,1,1,1,1,1,0,1,0,1
2014,2014,TDW,7,Utilities,0.9231393823135065,1,1,1,1,1,0,1,0,1
2014,2014,TH1,4,Consumer Staples,1.5075700618028205,1,0,0,0,1,0,1,1,0
2014,2014,THB,7,Consumer Staples,0.6994167268792335,1,1,0,1,0,1,1,1,1
2014,2014,THG,7,Materials,1.05331436684,1,1,1,1,1,0,1,0,1
2014,2014,THT,8,Energy,1.1478526567172844,1,1,1,1,1,1,1,0,1
2014,2014,TIC,5,Utilities,0.8560608743527016,1,0,1,0,0,0,1,1,1
2014,2014,TIE,3,Consumer Discretionary,1.8853646499147512,1,0,0,0,0,0,1,1,0
2014,2014,TIG,8,Real Estate,1.2066270943115214,1,1,1,1,1,1,0,1,1
2014,2014,TIS,4,Materials,2.511687806611945,0,0,1,0,0,1,1,0,1
2014,2014,TIX,6,Real Estate,1.107241858626894,1,1,1,1,0,0,1,0,1
2014,2014,TJC,9,Industrials,1.416043321841398,1,1,1,1,1,1,1,1,1
2014,2014,TKC,7,Real Estate,1.0974912705344024,1,1,1,1,0,0,1,1,1
2014,2014,TLG,8,Industrials,0.5156157976068058,1,1,1,1,0,1,1,1,1
2014,2014,TLH,3,Materials,1.5133926619389628,1,0,0,0,0,1,0,1,0
2014,2014,TMP,8,Utilities,0.5130516261791936,1,1,1,1,0,1,1,1,1
2014,2014,TMS,7,Industrials,0.646496251977999,1,1,1,0,0,1,1,1,1
2014,2014,TNA,4,Consumer Discretionary,1.331042470122668,1,0,1,0,0,0,1,1,0
2014,2014,TNB,8,Materials,1.8167040280657127,1,1,1,1,1,1,1,1,0
2014,2014,TNC,3,Materials,1.3282130775874972,1,1,0,0,0,0,1,0,0
2014,2014,TNG,6,Consumer Discretionary,0.8252803284380694,1,0,1,0,1,0,1,1,1
2014,2014,TNT,6,Materials,2.388381068891929,1,0,1,0,0,1,1,1,1
2014,2014,TPC,5,Materials,1.7579981076301203,1,1,0,1,1,0,1,0,0
2014,2014,TPP,2,Materials,1.0381284196649103,1,0,0,0,1,0,0,0,0
2014,2014,TRA,7,Health Care,0.4371017511653243,1,1,0,1,1,1,1,1,0
2014,2014,TRC,4,Materials,1.6982950814448357,1,1,0,0,0,1,1,0,0
2014,2014,TS4,6,Consumer Staples,1.645954759897412,1,0,1,0,1,1,1,1,0
2014,2014,TSC,7,Consumer Discretionary,0.408055233664682,1,1,1,0,1,1,0,1,1
2014,2014,TST,5,Industrials,3.846451917447917,1,0,1,0,0,1,1,1,0
2014,2014,TTC,4,Materials,1.1726687898365262,1,1,0,0,0,0,1,0,1
2014,2014,TTF,4,Consumer Discretionary,1.1001669964326382,1,0,1,0,1,1,0,0,0
2014,2014,TTG,4,Consumer Discretionary,1.0741073153668663,1,1,0,1,0,0,1,0,0
2014,2014,TTZ,3,Materials,2.1202210301333335,1,0,1,0,0,1,0,0,0
2014,2014,TV1,6,Industrials,0.9677786672248972,1,0,1,0,1,1,1,1,0
2014,2014,TV2,7,Industrials,0.8560285120912432,1,1,1,1,0,0,1,1,1
2014,2014,TV4,8,Industrials,0.8771036362559935,1,1,1,1,1,1,1,0,1
2014,2014,TVD,6,Energy,0.8990170432803265,1,1,0,1,1,1,0,0,1
2014,2014,TYA,6,Industrials,1.1844709115140288,1,0,1,0,0,1,1,1,1
2014,2014,UDC,4,Industrials,1.9495945080955157,1,0,1,0,0,1,1,0,0
2014,2014,UDJ,5,Real Estate,1.6472927163070707,1,1,1,0,1,0,1,0,0
2014,2014,UIC,7,Utilities,1.3365622404411766,1,1,1,0,1,1,1,0,1
2014,2014,UNI,7,Real Estate,1.279572945777195,1,1,1,1,0,1,1,1,0
2014,2014,V11,7,Industrials,4.018564006087023,0,1,1,1,1,1,1,1,0
2014,2014,V12,6,Industrials,1.72687690227646,1,0,1,0,0,1,1,1,1
2014,2014,V21,7,Consumer Discretionary,4.286576852714932,1,1,1,1,1,0,1,0,1
2014,2014,VAT,5,Communication Services,1.458366180926246,1,0,1,0,0,0,1,1,1
2014,2014,VC1,4,Industrials,2.102038447615627,1,1,0,1,0,0,1,0,0
2014,2014,VC2,7,Industrials,1.5391763702675616,1,1,1,1,1,0,1,1,0
2014,2014,VC3,8,Real Estate,1.6548964751373167,1,1,1,1,1,0,1,1,1
2014,2014,VC5,4,Industrials,3.023563240318182,0,0,0,1,0,1,1,1,0
2014,2014,VC6,6,Industrials,1.8040585423557691,1,1,0,1,0,1,1,1,0
2014,2014,VC7,8,Consumer Discretionary,1.7853034472,1,1,1,1,0,1,1,1,1
2014,2014,VC9,6,Industrials,2.2361178357479043,1,1,0,1,1,0,1,1,0
2014,2014,VCC,5,Industrials,0.9377571869814816,1,0,1,0,0,1,1,0,1
2014,2014,VCF,5,Consumer Staples,0.3218504407162587,1,1,1,0,0,0,1,1,0
2014,2014,VCG,4,Industrials,0.9895572959304072,1,1,0,1,0,0,1,0,0
2014,2014,VCR,8,Real Estate,2.6110751937364567,1,1,1,1,0,1,1,1,1
2014,2014,VE1,5,Industrials,2.212348316264567,1,0,1,0,0,1,1,1,0
2014,2014,VE3,4,Industrials,1.3240391939643306,1,1,0,0,0,1,1,0,0
2014,2014,VE4,6,Industrials,1.6834814037639172,1,1,1,0,0,1,1,1,0
2014,2014,VE8,6,Industrials,1.615427422072072,1,0,1,0,1,1,1,1,0
2014,2014,VE9,5,Industrials,0.6689362517987685,1,1,0,1,0,0,1,1,0
2014,2014,VFR,6,Industrials,1.059782141944134,0,1,0,1,1,0,1,1,1
2014,2014,VGP,6,Consumer Staples,1.1239831853738236,1,1,0,1,0,1,1,1,0
2014,2014,VGS,5,Materials,1.867488319362258,1,0,1,0,1,0,1,0,1
2014,2014,VHC,6,Consumer Staples,0.5339394184809318,1,1,1,0,1,0,0,1,1
2014,2014,VIC,4,Real Estate,0.2939661514828543,1,1,0,1,0,0,0,0,1
2014,2014,VID,5,Materials,2.722259806686014,1,1,0,1,0,1,1,0,0
2014,2014,VIP,5,Energy,1.2426508106412897,1,1,1,0,1,0,1,0,0
2014,2014,VIR,6,Consumer Discretionary,1.0784414150485435,1,1,1,0,0,0,1,1,1
2014,2014,VIS,8,Materials,1.5628060563255315,1,1,1,1,1,1,1,0,1
2014,2014,VIT,8,Materials,0.940250993132545,1,1,1,1,1,1,1,0,1
2014,2014,VKC,7,Consumer Discretionary,1.7146937889567966,1,1,1,1,1,1,1,0,0
2014,2014,VLF,3,Consumer Staples,1.0526862865958606,0,1,0,1,0,0,1,0,0
2014,2014,VNA,8,Industrials,2.972084538763889,1,1,1,1,0,1,1,1,1
2014,2014,VNC,6,Industrials,0.8323915961264702,1,1,1,1,0,0,1,0,1
2014,2014,VNE,8,Industrials,1.2384887355811975,1,1,1,1,0,1,1,1,1
2014,2014,VNF,6,Industrials,0.788121611149513,1,1,1,1,0,0,1,0,1
2014,2014,VNG,5,Consumer Discretionary,0.7665340291153846,1,0,0,0,1,1,1,0,1
2014,2014,VNH,2,Consumer Staples,1.3850441977356835,0,0,0,1,0,0,1,0,0
2014,2014,VNI,2,Real Estate,2.061702401580455,0,0,0,0,0,0,1,1,0
2014,2014,VNL,5,Industrials,0.7307795913165619,1,1,1,1,0,0,1,0,0
2014,2014,VNM,3,Consumer Staples,0.206051819187681,1,1,0,0,0,1,0,0,0
2014,2014,VNS,6,Industrials,0.512918093453505,1,1,1,1,0,0,1,0,1
2014,2014,VNT,5,Industrials,0.4566008766684821,1,0,1,0,0,0,1,1,1
2014,2014,VOS,8,Industrials,1.4876465685702764,1,1,1,1,1,1,1,1,0
2014,2014,VPC,5,Consumer Discretionary,3.2963360599033815,0,1,0,1,1,0,1,0,1
2014,2014,VPH,5,Real Estate,1.5371131948491557,1,1,0,1,0,1,1,0,0
2014,2014,VPK,3,Materials,1.099042956216458,1,1,0,0,0,0,1,0,0
2014,2014,VRC,4,Real Estate,1.8690635254691488,1,0,1,0,1,0,0,1,0
2014,2014,VSH,8,Utilities,1.0638806281879267,1,1,1,0,1,1,1,1,1
2014,2014,VSI,8,Industrials,1.2508862872654656,1,1,1,1,1,1,1,0,1
2014,2014,VST,7,Industrials,1.6019635207426144,0,1,1,1,0,1,1,1,1
2014,2014,VTA,8,Materials,0.3697395532862903,1,1,0,1,1,1,1,1,1
2014,2014,VTB,6,Consumer Discretionary,1.5228719462000608,1,1,1,0,0,1,1,0,1
2014,2014,VTC,5,Communication Services,2.326117825646044,1,0,1,0,0,0,1,1,1
2014,2014,VTF,5,Consumer Staples,0.8046315306323906,1,1,0,0,0,1,1,1,0
2014,2014,VTH,5,Industrials,1.0887028769308176,1,1,1,0,0,0,1,0,1
2014,2014,VTJ,6,Consumer Discretionary,0.9532986331441348,1,1,0,1,0,1,1,1,0
2014,2014,VTO,8,Energy,1.5832155487652564,1,1,1,1,1,0,1,1,1
2014,2014,VTV,6,Energy,1.118741111881271,1,1,1,0,1,0,1,0,1
2014,2014,VTX,8,Industrials,1.1049062214378222,1,1,1,1,1,1,1,0,1
2014,2014,WCS,8,Industrials,0.3325099501660947,1,1,1,1,0,1,1,1,1
2014,2014,WSB,6,Consumer Staples,0.7049405253684923,1,1,0,1,1,0,1,0,1
2014,2014,XPH,5,Consumer Staples,1.57622837815502,0,1,0,1,0,1,1,1,0
2015,2015,AAA,4,Materials,1.329660298403318,1,0,0,0,0,1,1,1,0
2015,2015,AAM,2,Consumer Staples,2.4160471048757945,1,0,0,0,0,0,1,0,0
2015,2015,ACC,6,Materials,0.8482950946460905,1,1,0,1,0,1,1,1,0
2015,2015,ACE,9,Materials,1.2484579867156818,1,1,1,1,1,1,1,1,1
2015,2015,ACL,5,Consumer Staples,1.7002186589969206,1,0,1,0,0,0,1,1,1
2015,2015,AGM,7,Consumer Staples,2.064436853959276,1,1,1,0,0,1,1,1,1
2015,2015,AMC,6,Materials,0.5907032219479734,1,1,1,1,0,0,1,0,1
2015,2015,ANI,7,Real Estate,2.1672330698026316,1,1,1,1,1,0,1,1,0
2015,2015,ANV,6,Consumer Staples,2.4679758704676837,1,1,0,1,0,1,1,1,0
2015,2015,APC,7,Industrials,0.8699416826546854,1,1,1,0,1,0,1,1,1
2015,2015,API,4,Real Estate,0.9339751884379026,1,0,1,0,0,1,0,1,0
2015,2015,ARM,4,Industrials,0.5323415921001641,1,0,0,0,0,1,1,1,0
2015,2015,ASA,7,Unknown,3.4614547017,1,0,1,0,1,1,1,1,1
2015,2015,ASM,4,Consumer Staples,0.6680152777993247,1,0,0,0,1,1,0,1,0
2015,2015,ASP,5,Utilities,2.3899937178805404,0,1,0,1,1,0,1,1,0
2015,2015,ATA,4,Consumer Staples,2.696086178830455,0,1,0,1,0,1,1,0,0
2015,2015,B82,4,Unknown,2.015754883480392,1,0,0,0,1,0,1,1,0
2015,2015,BBC,7,Unknown,0.8244380623685809,1,1,1,1,0,1,1,1,0
2015,2015,BCC,6,Materials,1.3146235225016332,1,1,1,1,1,0,1,0,0
2015,2015,BCE,6,Industrials,1.6320224782777777,1,1,0,1,0,1,1,1,0
2015,2015,BCG,5,Industrials,0.5659007259429063,1,1,1,1,0,0,0,0,1
2015,2015,BCI,7,Real Estate,0.977114175577752,1,1,1,0,0,1,1,1,1
2015,2015,BFC,4,Materials,0.7068678823413254,1,1,0,0,0,0,1,1,0
2015,2015,BGM,6,Materials,5.102651087843118,1,0,1,0,0,1,1,1,1
2015,2015,BHS,7,Consumer Staples,0.8153457050677041,1,1,1,1,0,0,1,1,1
2015,2015,BII,2,Unknown,1.1012427749321274,1,0,0,0,0,0,0,1,0
2015,2015,BLF,8,Consumer Staples,3.4876078679183675,1,1,1,1,1,1,1,1,0
2015,2015,BMC,5,Materials,0.9456923541977124,1,1,0,1,1,0,1,0,0
2015,2015,BMJ,6,Materials,1.315492105833333,1,1,1,0,0,1,1,1,0
2015,2015,BMP,7,Materials,0.3382656984531202,1,1,1,1,0,0,1,1,1
2015,2015,BPC,6,Materials,1.902538499094737,1,0,1,0,0,1,1,1,1
2015,2015,BRC,6,Consumer Discretionary,1.510021912819731,1,1,0,0,1,1,1,1,0
2015,2015,BTP,6,Utilities,1.594163772777773,1,1,0,0,1,1,1,1,0
2015,2015,BTS,8,Materials,1.2589510157927473,1,1,1,1,1,1,1,0,1
2015,2015,BTT,6,Consumer Discretionary,0.6403289618667638,1,1,1,0,0,1,1,0,1
2015,2015,BTW,3,Utilities,0.9785106187092332,1,0,0,0,0,0,1,1,0
2015,2015,BXH,4,Materials,0.991329304766174,1,1,0,0,0,0,1,1,0
2015,2015,C32,7,Materials,0.8453256695675873,1,1,1,0,0,1,1,1,1
2015,2015,CAP,6,Materials,0.5658963322468753,1,1,1,0,0,1,1,1,0
2015,2015,CAV,8,Industrials,0.4398980728919142,1,1,1,1,1,0,1,1,1
2015,2015,CCI,7,Energy,1.5898244522330074,1,1,1,1,1,0,1,1,0
2015,2015,CDC,8,Industrials,2.1090323931393007,1,1,1,0,1,1,1,1,1
2015,2015,CDO,3,Industrials,0.4589752701164122,1,0,0,0,0,0,1,1,0
2015,2015,CGP,7,Health Care,0.0787624881453214,1,1,1,1,0,1,1,0,1
2015,2015,CHP,9,Utilities,0.6234541121637757,1,1,1,1,1,1,1,1,1
2015,2015,CIG,6,Industrials,0.7849578708833272,0,1,1,1,1,0,1,1,0
2015,2015,CLC,6,Consumer Staples,0.5491680209780906,1,1,1,1,0,0,1,1,0
2015,2015,CLG,8,Real Estate,1.722402330196399,1,1,0,1,1,1,1,1,1
2015,2015,CLL,6,Industrials,0.6548689334282353,1,1,1,1,0,1,0,0,1
2015,2015,CLW,4,Utilities,0.9619024023805188,1,0,0,0,1,0,1,0,1
2015,2015,CMC,2,Industrials,3.143898192247399,1,0,0,0,0,0,1,0,0
2015,2015,CMI,1,Materials,1.3527724005421686,1,0,0,0,0,0,0,0,0
2015,2015,CMS,5,Industrials,1.16096257455972,1,0,1,0,1,1,0,1,0
2015,2015,CMT,5,Information Technology,1.1358170705180066,1,0,1,0,0,0,1,1,1
2015,2015,CMV,5,Consumer Discretionary,0.8124323287655539,1,0,1,0,0,1,1,1,0
2015,2015,CMX,7,Consumer Staples,1.0045152308475895,1,1,1,1,1,0,1,1,0
2015,2015,CNC,7,Health Care,0.5487742456821584,1,1,1,1,0,1,1,0,1
2015,2015,CNG,6,Utilities,0.4703246166349359,1,1,1,1,0,0,1,1,0
2015,2015,CNT,6,Real Estate,1.0537769680843034,0,1,1,1,0,1,1,1,0
2015,2015,COM,7,Energy,0.5287768473507574,1,1,1,1,0,0,1,1,1
2015,2015,CPC,7,Materials,0.9839111152531576,1,1,1,1,0,0,1,1,1
2015,2015,CSC,7,Real Estate,0.707473092625,1,1,1,1,0,1,0,1,1
2015,2015,CSM,6,Consumer Discretionary,0.7374690076462006,1,1,0,1,1,1,1,0,0
2015,2015,CSV,8,Materials,0.6300907939549666,1,1,1,1,1,1,1,0,1
2015,2015,CTA,6,Industrials,2.0954441188541715,1,0,1,0,0,1,1,1,1
2015,2015,CTB,4,Industrials,0.5920360122799836,1,1,0,0,0,1,0,0,1
2015,2015,CTD,6,Industrials,0.4529311491191874,1,1,1,1,0,0,0,1,1
2015,2015,CTI,6,Industrials,0.6726698947757402,1,1,1,1,0,0,1,0,1
2015,2015,CTX,2,Real Estate,0.841778641030895,1,0,0,0,0,0,1,0,0
2015,2015,CVT,3,Materials,0.6561665619329474,1,1,0,0,0,0,1,0,0
2015,2015,CX8,6,Industrials,1.6059828482117713,1,1,0,1,0,1,1,1,0
2015,2015,CYC,4,Materials,2.014362032024314,0,1,0,1,1,0,1,0,0
2015,2015,CZC,6,Energy,2.4307868109067736,1,1,0,1,0,1,1,1,0
2015,2015,D2D,5,Real Estate,1.0677944515990754,1,1,0,1,0,1,1,0,0
2015,2015,DAD,6,Communication Services,0.94892054244354,1,1,1,0,0,1,1,0,1
2015,2015,DAE,5,Communication Services,1.2395071532354864,1,1,0,1,0,0,1,1,0
2015,2015,DAG,4,Industrials,1.0092498092567823,1,0,1,0,0,1,0,1,0
2015,2015,DAT,7,Consumer Staples,0.2036986213987115,1,1,1,1,0,1,0,1,1
2015,2015,DBC,6,Consumer Staples,1.1795846936982215,1,1,1,0,0,0,1,1,1
2015,2015,DBT,6,Health Care,0.7208932868607988,1,1,1,0,1,0,1,1,0
2015,2015,DCL,5,Health Care,1.1307157194288373,1,1,1,1,0,1,0,0,0
2015,2015,DCM,6,Materials,0.9093300686941193,1,1,0,0,1,1,1,1,0
2015,2015,DCS,7,Materials,3.0419805159112387,1,1,1,0,1,1,1,0,1
2015,2015,DDV,7,Materials,0.7891145147240912,1,1,1,0,1,1,1,1,0
2015,2015,DGC,8,Materials,0.38428473071686,1,1,1,1,0,1,1,1,1
2015,2015,DGW,4,Consumer Discretionary,0.6017244581420832,1,0,0,0,1,1,0,1,0
2015,2015,DHA,6,Materials,1.0499789435918248,1,1,1,0,0,0,1,1,1
2015,2015,DHC,8,Materials,0.6245952678817469,1,1,1,1,0,1,1,1,1
2015,2015,DHG,4,Health Care,0.4325611663561514,1,1,0,0,0,1,1,0,0
2015,2015,DHM,5,Materials,2.048133965535658,1,0,1,0,1,1,1,0,0
2015,2015,DHP,5,Consumer Discretionary,1.516145998883932,1,1,1,0,0,0,1,0,1
2015,2015,DHT,5,Health Care,0.6236649219208552,1,0,1,0,1,0,1,0,1
2015,2015,DID,7,Materials,2.2079339839636365,1,1,1,1,1,0,1,0,1
2015,2015,DIH,6,Industrials,2.153977672881915,1,1,1,1,0,0,1,1,0
2015,2015,DLR,7,Industrials,0.8708634261958569,1,1,1,1,1,0,1,0,1
2015,2015,DMC,7,Health Care,0.7155893389661538,1,1,1,1,0,1,1,1,0
2015,2015,DNM,4,Health Care,0.5580389360239979,1,1,0,1,0,1,0,0,0
2015,2015,DNP,6,Materials,0.7852028739280179,1,1,1,0,0,1,0,1,1
2015,2015,DNS,4,Materials,0.3376846713126121,0,1,0,1,1,0,1,0,0
2015,2015,DNY,6,Materials,2.6988525733664805,1,1,1,1,1,0,1,0,0
2015,2015,DPM,7,Materials,0.7556125719472779,1,1,1,1,0,0,1,1,1
2015,2015,DPR,4,Materials,1.510606991912191,1,1,0,1,0,0,1,0,0
2015,2015,DRH,5,Industrials,0.5914091638334121,1,1,1,0,0,0,1,1,0
2015,2015,DRL,5,Utilities,0.3181576909883041,1,1,0,0,0,1,1,1,0
2015,2015,DSN,6,Consumer Discretionary,0.2793222128698225,1,1,0,0,0,1,1,1,1
2015,2015,DTA,3,Real Estate,2.5424326052,1,0,0,0,0,0,1,0,1
2015,2015,DTL,4,Materials,1.573411199984568,0,1,0,1,1,0,1,0,0
2015,2015,DTT,9,Materials,1.145784943740093,1,1,1,1,1,1,1,1,1
2015,2015,DXG,5,Real Estate,0.7149843110477379,1,1,1,0,0,1,0,0,1
2015,2015,DXP,7,Materials,0.6667099934883959,1,1,1,1,0,0,1,1,1
2015,2015,DXV,4,Materials,2.883244713183114,1,0,0,0,0,1,1,1,0
2015,2015,DZM,2,Industrials,4.326693176646984,0,0,0,0,0,0,1,1,0
2015,2015,EID,4,Communication Services,1.048693234857143,1,0,0,0,0,1,0,1,1
2015,2015,EMC,4,Industrials,0.9916699233049824,1,0,0,0,0,1,1,0,1
2015,2015,EVE,6,Consumer Discretionary,1.221231962192345,1,1,1,0,0,0,1,1,1
2015,2015,FCM,6,Materials,1.7212293354934334,1,1,0,1,1,1,1,0,0
2015,2015,FCN,4,Industrials,0.832514088961923,1,0,0,0,1,1,1,0,0
2015,2015,FDC,6,Real Estate,0.935068018479939,1,1,1,0,0,1,1,0,1
2015,2015,FID,3,Consumer Discretionary,1.004396067115943,1,0,0,0,1,0,1,0,0
2015,2015,FIT,3,Health Care,1.274115073548904,1,1,0,0,0,0,0,0,1
2015,2015,FLC,4,Unknown,1.4881333282693656,1,1,0,0,1,0,0,0,1
2015,2015,FMC,5,Consumer Staples,0.6686669383003876,1,1,0,1,0,0,1,1,0
2015,2015,FPT,3,Information Technology,0.4468572028302234,1,1,0,0,0,0,0,1,0
2015,2015,GAS,6,Utilities,0.5987651578188945,1,1,0,1,1,1,1,0,0
2015,2015,GDT,6,Consumer Discretionary,0.4412970384318753,1,1,1,1,0,1,0,1,0
2015,2015,GEX,4,Industrials,0.7109123563967918,1,1,0,0,1,1,0,0,0
2015,2015,GIL,7,Consumer Discretionary,0.7986900505540122,1,1,1,0,1,1,0,1,1
2015,2015,GMC,5,Consumer Discretionary,0.5304302710587168,1,0,1,0,1,0,0,1,1
2015,2015,GMD,6,Industrials,1.00268937244107,1,1,0,1,1,0,0,1,1
2015,2015,GMX,6,Materials,0.8343284416390369,1,1,1,0,0,1,1,0,1
2015,2015,GSP,8,Energy,0.8390347201998608,1,1,1,1,1,0,1,1,1
2015,2015,GTA,5,Materials,0.9970211972255618,1,1,1,0,0,0,1,0,1
2015,2015,GTH,6,Industrials,3.0776556807539683,1,1,1,1,0,0,1,1,0
2015,2015,GTN,3,Consumer Staples,0.681142420793173,1,0,0,0,0,0,1,0,1
2015,2015,HAG,4,Consumer Staples,1.7403566659474403,1,1,0,1,0,0,0,0,1
2015,2015,HAH,6,Industrials,0.525019276904259,1,1,0,1,1,0,1,1,0
2015,2015,HAP,5,Materials,2.2515697695496795,1,1,1,0,0,1,0,0,1
2015,2015,HAR,2,Real Estate,2.3411661799150347,1,0,0,0,0,1,0,0,0
2015,2015,HAS,6,Industrials,3.148617454971219,1,1,1,1,0,0,1,0,1
2015,2015,HAT,4,Consumer Staples,0.2116341492941447,1,1,0,1,0,0,1,0,0
2015,2015,HAX,4,Consumer Discretionary,0.6607730413913283,1,0,1,0,0,0,1,0,1
2015,2015,HBC,2,Industrials,0.7474955557108579,1,0,0,0,0,0,0,0,1
2015,2015,HCC,5,Materials,0.5539397407422089,1,1,1,0,0,0,1,1,0
2015,2015,HCT,7,Industrials,2.25606018559617,1,1,1,1,0,0,1,1,1
2015,2015,HDG,2,Utilities,0.5041060515018216,1,0,0,0,0,1,0,0,0
2015,2015,HDM,8,Consumer Discretionary,0.4801033843495085,1,1,1,1,1,1,1,1,0
2015,2015,HDO,7,Industrials,3.862056060241787,1,0,1,0,1,1,1,1,1
2015,2015,HGM,3,Materials,0.3818337787405691,1,1,0,0,0,0,1,0,0
2015,2015,HHA,7,Industrials,0.6755200114066345,1,1,0,1,0,1,1,1,1
2015,2015,HHC,5,Consumer Staples,0.8605927445811399,1,1,0,1,0,0,1,1,0
2015,2015,HHS,4,Consumer Discretionary,0.917833906042028,1,0,1,0,0,1,0,0,1
2015,2015,HIG,4,Information Technology,2.9824148854886787,1,0,1,0,0,0,1,0,1
2015,2015,HJS,5,Utilities,0.8199643645307682,1,1,1,0,0,1,0,0,1
2015,2015,HLC,5,Energy,1.3030944648868354,1,1,0,1,0,0,1,1,0
2015,2015,HLG,5,Unknown,1.7297757092401045,1,0,1,0,1,0,1,0,1
2015,2015,HMC,3,Materials,1.8784715635170068,0,0,0,1,1,0,1,0,0
2015,2015,HMH,4,Industrials,1.2073832298695235,1,1,0,0,0,1,0,0,1
2015,2015,HNF,5,Consumer Staples,1.2975625293142856,1,1,0,1,1,0,1,0,0
2015,2015,HNG,5,Consumer Staples,0.4733478123213142,1,1,0,1,0,1,0,0,1
2015,2015,HNM,4,Consumer Staples,1.181295620505618,1,0,1,0,1,0,1,0,0
2015,2015,HOM,8,Materials,1.8768194096366504,1,1,1,1,1,0,1,1,1
2015,2015,HOT,5,Consumer Discretionary,0.5253030295690502,1,1,0,1,0,1,1,0,0
2015,2015,HPG,7,Materials,0.6749403955430928,1,1,1,1,1,0,0,1,1
2015,2015,HQC,6,Real Estate,1.8917483276240743,1,0,1,0,1,1,0,1,1
2015,2015,HSG,6,Materials,0.7786783389010373,1,1,1,1,0,1,0,1,0
2015,2015,HT1,9,Materials,0.5279159433089825,1,1,1,1,1,1,1,1,1
2015,2015,HTC,6,Consumer Discretionary,0.7875348086008837,1,1,0,1,0,1,1,0,1
2015,2015,HTI,8,Industrials,1.0504727614711675,1,1,1,1,1,0,1,1,1
2015,2015,HTL,7,Consumer Discretionary,0.1728717718258333,1,1,1,0,0,1,1,1,1
2015,2015,HTV,7,Industrials,1.6404768936809004,1,1,1,1,0,1,0,1,1
2015,2015,HU1,6,Industrials,2.18821503868,1,0,1,0,0,1,1,1,1
2015,2015,HU3,7,Industrials,2.2319587687824387,1,1,1,1,0,0,1,1,1
2015,2015,HUT,4,Consumer Discretionary,1.1846608361170623,1,1,0,1,0,1,0,0,0
2015,2015,HVG,3,Unknown,1.0984608131066476,1,0,0,0,1,0,0,0,1
2015,2015,HVT,4,Materials,0.9396093818475452,1,1,0,1,0,0,1,0,0
2015,2015,HVX,3,Materials,1.6515577334795732,1,0,0,0,1,0,1,0,0
2015,2015,ICF,7,Consumer Staples,3.796715089024372,1,1,0,1,1,1,1,1,0
2015,2015,ICG,6,Industrials,2.266855639127119,1,0,1,0,0,1,1,1,1
2015,2015,ICN,8,Industrials,0.9628373376148148,1,1,1,1,1,1,1,0,1
2015,2015,IJC,7,Real Estate,1.4984572716035771,1,1,0,1,1,1,1,1,0
2015,2015,IMP,3,Health Care,0.8355200218768295,1,1,0,0,0,1,0,0,0
2015,2015,ITA,4,Real Estate,1.9696110044944244,1,0,0,0,1,1,0,0,1
2015,2015,ITC,5,Real Estate,2.57925371911545,1,0,1,0,0,1,1,1,0
2015,2015,ITS,4,Energy,1.5467740861010637,1,0,0,0,1,0,1,1,0
2015,2015,JVC,3,Health Care,2.1331158864420496,0,0,0,1,1,1,0,0,0
2015,2015,KAC,4,Real Estate,1.636773961438965,1,0,1,0,0,0,1,0,1
2015,2015,KBC,6,Real Estate,1.1643864237965031,1,0,1,0,1,1,1,0,1
2015,2015,KDC,4,Consumer Staples,1.0537098506693832,1,0,1,0,0,1,1,0,0
2015,2015,KDH,5,Real Estate,0.8395393302469136,1,1,1,0,0,1,0,1,0
2015,2015,KHA,7,Unknown,0.989185713938877,1,1,1,1,0,1,1,0,1
2015,2015,KHP,7,Utilities,1.272843923022681,1,1,1,1,1,0,1,0,1
2015,2015,KKC,4,Materials,1.372529531588225,0,1,0,1,0,1,1,0,0
2015,2015,KLF,3,Unknown,2.3446435707650264,1,0,0,0,0,1,1,0,0
2015,2015,KMR,5,Consumer Discretionary,2.3188656364681464,1,1,0,1,0,0,1,1,0
2015,2015,KSA,3,Materials,1.9303079974349393,1,0,0,0,0,1,0,0,1
2015,2015,KSB,7,Materials,0.5997515707534199,1,1,1,1,0,0,1,1,1
2015,2015,KSD,6,Consumer Discretionary,1.640272062351852,1,1,1,0,0,1,1,1,0
2015,2015,KTL,6,Consumer Discretionary,1.0960766845721726,1,1,1,0,0,0,1,1,1
2015,2015,L10,8,Industrials,1.423958897205056,1,1,1,1,1,1,1,0,1
2015,2015,L14,4,Consumer Discretionary,0.6271871189612367,1,1,1,0,0,0,0,0,1
2015,2015,L35,7,Industrials,2.5944117075327484,1,1,1,1,0,0,1,1,1
2015,2015,L44,3,Industrials,3.985424113812305,1,0,0,0,0,0,1,1,0
2015,2015,L61,2,Industrials,1.9936950634778376,1,0,0,0,0,0,1,0,0
2015,2015,LAF,4,Consumer Staples,0.6981074093059847,1,0,1,0,0,1,1,0,0
2015,2015,LAS,4,Materials,0.5534395835782778,1,1,0,1,0,0,1,0,0
2015,2015,LBM,7,Materials,0.7439179587404882,1,1,1,1,0,0,1,1,1
2015,2015,LCG,5,Industrials,1.830675941850058,1,0,1,0,1,0,1,1,0
2015,2015,LCM,5,Materials,4.308195336958931,1,0,1,0,0,1,1,0,1
2015,2015,LDG,9,Real Estate,1.0955359752706553,1,1,1,1,1,1,1,1,1
2015,2015,LDP,5,Health Care,0.6211209583744081,1,1,0,0,1,0,1,1,0
2015,2015,LGL,5,Real Estate,2.2149129682324364,1,0,0,0,1,1,1,1,0
2015,2015,LHC,6,Industrials,0.9181736974263038,1,1,1,1,0,0,0,1,1
2015,2015,LHG,7,Real Estate,1.5289177069911029,1,1,1,1,1,1,1,0,0
2015,2015,LIG,4,Industrials,1.25472931053957,1,0,1,0,0,1,0,1,0
2015,2015,LIX,6,Consumer Staples,0.3613986574816411,1,1,1,1,0,0,1,1,0
2015,2015,LKW,6,Utilities,1.4382407614693875,1,1,1,1,0,0,1,0,1
2015,2015,LM7,4,Industrials,3.554213044363636,1,0,0,0,0,1,1,0,1
2015,2015,LM8,4,Industrials,1.13472999893363,1,0,1,0,1,0,0,0,1
2015,2015,LSS,4,Consumer Staples,2.371308692304762,1,1,0,0,0,0,1,1,0
2015,2015,LTC,7,Industrials,4.1389730359099275,1,1,1,1,0,1,1,0,1
2015,2015,LUT,4,Industrials,4.182830813087774,1,0,0,0,1,0,1,1,0
2015,2015,MAC,5,Industrials,1.11419897995447,1,0,1,0,0,1,0,1,1
2015,2015,MAS,6,Industrials,0.1345455381282607,1,1,1,1,0,0,1,0,1
2015,2015,MBG,5,Consumer Discretionary,0.7221428977983871,1,1,0,1,0,0,1,1,0
2015,2015,MCC,6,Materials,1.0144488829083391,1,1,1,0,0,1,1,1,0
2015,2015,MCF,7,Consumer Staples,0.8621609790104167,1,1,1,1,0,1,1,1,0
2015,2015,MCG,7,Industrials,2.760137232225112,1,1,0,1,1,1,1,1,0
2015,2015,MCP,7,Materials,1.3542419699832886,1,1,1,1,1,1,0,1,0
2015,2015,MDG,8,Materials,2.1740394411115074,1,1,1,1,0,1,1,1,1
2015,2015,MEC,4,Industrials,3.28855740735525,1,0,0,0,0,1,1,0,1
2015,2015,MHC,4,Industrials,1.0620858536611046,1,1,1,0,0,1,0,0,0
2015,2015,MIC,9,Materials,1.7450621030103823,1,1,1,1,1,1,1,1,1
2015,2015,MNC,5,Industrials,1.408709991960123,1,1,0,1,0,1,1,0,0
2015,2015,MSN,5,Consumer Staples,0.2870992554649551,1,1,1,1,0,0,0,0,1
2015,2015,MSR,6,Materials,1.3293020281925845,1,1,1,0,1,0,1,1,0
2015,2015,MTG,6,Utilities,5.031112816998761,1,0,1,0,1,1,1,1,0
2015,2015,MWG,5,Consumer Discretionary,0.2155633179933931,1,0,1,0,0,0,1,1,1
2015,2015,NAF,4,Consumer Staples,0.3965600878833333,1,0,1,0,0,1,0,1,0
2015,2015,NAG,4,Consumer Discretionary,2.382909732793776,1,0,0,0,0,1,1,0,1
2015,2015,NBB,4,Real Estate,1.030603753199536,1,0,1,0,1,0,1,0,0
2015,2015,NBC,6,Energy,1.5442808371080643,1,1,0,1,0,1,1,1,0
2015,2015,NBP,6,Utilities,1.388096974639038,1,1,1,0,0,1,1,1,0
2015,2015,NCS,7,Industrials,0.1936500868466491,1,1,1,0,0,1,1,1,1
2015,2015,NCT,5,Industrials,0.1152271560812756,1,1,0,1,0,0,1,1,0
2015,2015,NDF,3,Consumer Staples,3.90466582362112,1,0,0,0,1,1,0,0,0
2015,2015,NET,8,Consumer Staples,0.464608300980106,1,1,1,1,0,1,1,1,1
2015,2015,NGC,5,Consumer Staples,1.3094679863389116,1,1,0,1,0,1,1,0,0
2015,2015,NHA,5,Real Estate,1.2862018822185293,1,1,1,1,0,0,0,0,1
2015,2015,NHC,6,Materials,0.5488370925827015,1,1,1,0,0,0,1,1,1
2015,2015,NKG,3,Materials,1.156860030116616,1,0,1,0,0,0,0,1,0
2015,2015,NLG,5,Real Estate,0.6871291580093231,1,1,1,0,1,0,0,0,1
2015,2015,NNG,9,Unknown,1.4010184430539314,1,1,1,1,1,1,1,1,1
2015,2015,NST,5,Consumer Staples,1.1303343962953385,0,1,0,1,1,0,1,0,1
2015,2015,NT2,7,Utilities,0.6544445333811667,1,1,0,1,1,1,1,1,0
2015,2015,NTL,7,Real Estate,1.1557904067434062,1,1,1,0,0,1,1,1,1
2015,2015,NTP,4,Materials,0.4608187555465122,1,1,0,0,0,0,1,1,0
2015,2015,NTW,4,Utilities,0.6139705949619377,1,1,0,1,0,0,1,0,0
2015,2015,NVT,2,Consumer Discretionary,2.9373459721833437,0,0,0,1,0,0,1,0,0
2015,2015,OCH,6,Consumer Staples,0.4567865014228,1,0,1,0,0,1,1,1,1
2015,2015,OGC,4,Consumer Staples,1.018047628878788,1,0,1,0,0,0,1,1,0
2015,2015,ONE,3,Communication Services,1.4221820386796116,1,0,1,0,0,0,0,0,1
2015,2015,OPC,6,Health Care,0.5154042417601277,1,1,1,1,0,1,0,0,1
2015,2015,PAC,8,Industrials,0.496383432515061,1,1,1,1,1,1,1,0,1
2015,2015,PAN,4,Consumer Staples,0.602338250832496,1,1,1,0,0,0,0,0,1
2015,2015,PBP,5,Materials,0.9102686827511148,1,1,0,0,1,0,1,1,0
2015,2015,PCE,5,Materials,1.141142285,1,1,0,1,0,1,1,0,0
2015,2015,PCG,4,Utilities,2.2609411290514045,1,1,0,0,0,0,1,1,0
2015,2015,PCT,4,Industrials,0.9893826327356676,1,0,0,0,0,1,1,0,1
2015,2015,PDN,4,Industrials,0.7176134987121134,1,1,0,1,0,0,1,0,0
2015,2015,PDR,4,Real Estate,0.8460352369431796,1,0,1,0,1,0,0,1,0
2015,2015,PET,5,Consumer Discretionary,1.2579928802628395,1,1,0,1,0,1,0,1,0
2015,2015,PFL,4,Industrials,6.631330629927272,0,0,0,0,0,1,1,1,1
2015,2015,PGC,6,Utilities,0.9465731175494232,1,1,1,1,0,0,1,1,0
2015,2015,PGD,5,Utilities,0.3897944174913359,1,0,1,0,0,1,1,1,0
2015,2015,PGS,6,Utilities,1.017035179263381,1,1,0,1,1,0,1,1,0
2015,2015,PGT,3,Industrials,1.7891255509396924,1,0,0,0,0,1,1,0,0
2015,2015,PHC,7,Industrials,2.499854032119106,1,1,1,1,0,1,1,0,1
2015,2015,PHH,6,Real Estate,2.165734382831698,0,1,0,1,0,1,1,1,1
2015,2015,PHR,3,Materials,1.6686318770552764,1,1,0,1,0,0,0,0,0
2015,2015,PIC,4,Utilities,1.036099459397069,1,1,1,0,0,0,0,0,1
2015,2015,PIT,2,Consumer Staples,1.7676697210464123,0,0,0,0,0,0,1,1,0
2015,2015,PIV,5,Consumer Discretionary,1.4412568970833333,1,1,0,1,0,0,1,1,0
2015,2015,PJS,4,Utilities,1.1021575008136484,1,1,0,1,0,0,1,0,0
2015,2015,PJT,7,Energy,1.1942134778489666,1,1,0,1,1,1,1,1,0
2015,2015,PLC,4,Materials,0.3946601822063623,1,0,1,0,0,0,1,1,0
2015,2015,PMB,7,Materials,1.0710384616124662,1,1,1,1,0,1,1,0,1
2015,2015,PMC,4,Health Care,0.5150518062520776,1,1,0,0,0,1,1,0,0
2015,2015,PMP,5,Materials,1.0694142834013605,1,1,1,0,0,0,1,0,1
2015,2015,PMS,6,Energy,1.649917441176313,1,1,1,0,0,1,1,1,0
2015,2015,PNJ,6,Consumer Discretionary,0.3307320762862583,1,1,0,0,1,1,1,1,0
2015,2015,POM,8,Materials,1.8414286213413469,1,1,1,1,1,1,1,1,0
2015,2015,POT,3,Information Technology,1.068110036034366,1,0,1,0,0,0,0,0,1
2015,2015,PPC,6,Utilities,0.9789676379610484,1,1,0,1,0,0,1,1,1
2015,2015,PPE,5,Materials,0.6416424507278481,1,0,1,0,0,1,1,0,1
2015,2015,PPG,3,Unknown,0.590266042236676,0,0,0,0,1,0,1,0,1
2015,2015,PPI,4,Real Estate,2.130097492996275,1,0,1,0,0,0,0,1,1
2015,2015,PPP,6,Health Care,1.2696384399532163,1,1,0,1,1,0,1,1,0
2015,2015,PPS,5,Industrials,1.1740301832363635,1,1,0,1,0,0,1,1,0
2015,2015,PSB,3,Energy,2.2808741135836734,1,0,0,0,0,0,1,0,1
2015,2015,PSC,6,Energy,0.9664392379930966,1,1,1,1,0,0,1,1,0
2015,2015,PSD,6,Consumer Discretionary,0.4785080804685293,1,1,0,1,0,1,1,0,1
2015,2015,PSL,5,Consumer Staples,0.8168573556686869,1,1,0,0,1,1,1,0,0
2015,2015,PSP,7,Industrials,1.1668345761510417,1,1,1,1,1,0,1,1,0
2015,2015,PTB,8,Materials,0.4446834217912074,1,1,1,1,1,1,0,1,1
2015,2015,PTC,5,Industrials,1.1106958216877796,0,1,0,1,1,0,1,0,1
2015,2015,PTD,6,Industrials,1.116374529392361,1,1,1,0,0,0,1,1,1
2015,2015,PTL,8,Real Estate,5.188124226804258,1,1,1,1,0,1,1,1,1
2015,2015,PTM,3,Consumer Discretionary,1.6939081596666667,0,1,0,1,0,0,1,0,0
2015,2015,PTS,5,Industrials,2.504773748054358,1,1,0,0,0,1,1,1,0
2015,2015,PVB,5,Energy,0.8564818336292703,1,1,0,0,1,1,1,0,0
2015,2015,PVC,5,Energy,1.22877915014125,1,1,0,0,1,1,1,0,0
2015,2015,PVD,5,Energy,1.409461565886873,1,1,0,1,0,1,0,1,0
2015,2015,PVE,4,Industrials,1.7831779640864864,1,0,1,0,0,0,1,0,1
2015,2015,PVG,6,Utilities,1.7901064806770262,1,1,1,1,0,0,1,1,0
2015,2015,PVL,2,Real Estate,3.9243603422625,0,0,0,0,0,0,1,1,0
2015,2015,PVR,4,Real Estate,2.9174345184203707,0,0,0,1,0,0,1,1,1
2015,2015,PVS,6,Energy,1.374184962630251,1,1,0,0,1,1,1,1,0
2015,2015,PVT,7,Energy,1.301627683662647,1,1,1,1,1,0,0,1,1
2015,2015,PVV,6,Industrials,2.1572927726,1,0,1,0,1,0,1,1,1
2015,2015,PVX,4,Industrials,0.906205117044152,1,0,1,0,0,0,0,1,1
2015,2015,PXA,7,Real Estate,0.9070708335625,1,1,1,1,0,1,1,1,0
2015,2015,PXI,2,Industrials,2.038733977267857,1,0,0,0,0,0,1,0,0
2015,2015,PXL,3,Real Estate,3.7570380521426863,0,0,0,0,0,0,1,1,1
2015,2015,PXS,3,Industrials,1.0953826605960888,1,0,0,0,1,1,0,0,0
2015,2015,PXT,8,Industrials,0.5213589930638298,1,1,1,1,0,1,1,1,1
2015,2015,QCC,4,Industrials,2.0179071987386843,1,0,0,0,0,1,1,1,0
2015,2015,QCG,4,Real Estate,2.705833534005051,1,0,0,0,1,0,1,1,0
2015,2015,QNC,6,Materials,1.923335804145586,1,1,0,1,1,0,1,1,0
2015,2015,RAL,7,Industrials,0.8619623131232549,1,1,1,1,1,1,1,0,0
2015,2015,RCD,5,Industrials,1.356498881228344,1,0,1,0,0,1,1,0,1
2015,2015,RDP,7,Unknown,0.6643870880424176,1,1,1,1,0,1,1,1,0
2015,2015,REE,3,Utilities,0.9323115304120868,1,1,0,0,0,0,0,1,0
2015,2015,RIC,7,Consumer Discretionary,1.4455833165450327,1,0,1,0,1,1,1,1,1
2015,2015,S55,6,Industrials,1.2719962698539886,1,1,1,1,0,1,0,0,1
2015,2015,S74,6,Materials,3.6661561669949494,1,1,0,1,1,1,1,0,0
2015,2015,S96,7,Industrials,5.979987948311206,0,1,0,1,1,1,1,1,1
2015,2015,S99,3,Industrials,1.9913353844361603,1,0,1,0,0,0,0,0,1
2015,2015,SAM,4,Industrials,1.5799657061770291,1,0,0,0,1,0,1,0,1
2015,2015,SAS,6,Industrials,0.3254392823377898,1,1,0,1,0,1,1,1,0
2015,2015,SAV,2,Consumer Discretionary,1.810732213123983,0,0,0,0,1,0,1,0,0
2015,2015,SC5,6,Industrials,0.7693249039073163,1,1,1,1,0,1,1,0,0
2015,2015,SCD,7,Consumer Staples,0.5155712558903766,1,1,1,1,0,1,1,1,0
2015,2015,SCI,3,Industrials,1.1867409914190477,1,0,1,0,0,1,0,0,0
2015,2015,SCJ,2,Materials,1.673112509778816,0,0,0,0,1,0,1,0,0
2015,2015,SCR,6,Real Estate,1.5924432561034945,1,1,1,1,1,1,0,0,0
2015,2015,SD2,4,Industrials,2.396207125824547,1,0,1,0,1,0,1,0,0
2015,2015,SD3,3,Utilities,2.191727607066305,1,0,0,0,1,0,1,0,0
2015,2015,SD4,5,Industrials,1.2168431185739297,1,0,1,0,1,1,1,0,0
2015,2015,SD9,8,Utilities,1.6305505887932386,1,1,1,1,1,1,1,0,1
2015,2015,SDA,3,Industrials,1.2694707078576983,1,0,0,0,1,0,0,0,1
2015,2015,SDD,3,Industrials,4.478584571269971,1,0,1,0,0,0,1,0,0
2015,2015,SDI,5,Real Estate,0.7068324258071461,1,0,0,0,1,1,1,1,0
2015,2015,SDK,6,Materials,0.7774165125368249,1,1,1,0,0,0,1,1,1
2015,2015,SDP,3,Industrials,2.987564566543825,1,0,0,0,0,0,1,0,1
2015,2015,SDV,5,Industrials,1.1494253675466666,1,1,1,1,0,0,1,0,0
2015,2015,SFG,6,Materials,0.9434821274445964,1,1,1,0,0,1,1,0,1
2015,2015,SFI,4,Industrials,0.8578786484845069,1,1,0,0,0,1,0,1,0
2015,2015,SFN,8,Materials,1.0706396097666857,1,1,1,1,0,1,1,1,1
2015,2015,SGC,8,Consumer Staples,0.4148769157665384,1,1,1,1,0,1,1,1,1
2015,2015,SGS,8,Industrials,1.1586168650312068,1,1,1,0,1,1,1,1,1
2015,2015,SGT,5,Communication Services,1.1289520768544914,1,0,0,0,1,1,1,0,1
2015,2015,SHA,5,Industrials,1.1552862080349795,1,0,1,0,0,1,0,1,1
2015,2015,SHI,5,Industrials,1.0808185419422802,1,0,1,0,1,1,0,1,0
2015,2015,SHN,6,Consumer Discretionary,0.8277685123356744,1,1,1,0,0,1,1,0,1
2015,2015,SHP,4,Utilities,0.6947339808793493,1,1,0,0,0,1,1,0,0
2015,2015,SJ1,4,Consumer Staples,0.9529800432591412,1,1,1,0,0,0,0,1,0
2015,2015,SJE,5,Industrials,1.0959241184671846,1,1,1,1,0,0,0,1,0
2015,2015,SJS,6,Real Estate,0.8412218673319148,1,1,1,0,1,0,1,1,0
2015,2015,SKG,7,Industrials,0.2392578260796422,1,1,1,1,0,1,0,1,1
2015,2015,SLS,8,Consumer Staples,0.5657703944117647,1,1,1,1,0,1,1,1,1
2015,2015,SMA,5,Utilities,1.970158280075771,1,1,0,1,1,0,1,0,0
2015,2015,SMB,9,Consumer Staples,0.7204210147502202,1,1,1,1,1,1,1,1,1
2015,2015,SMC,4,Materials,1.7171579523527187,0,1,0,1,1,0,1,0,0
2015,2015,SNC,7,Consumer Staples,0.9499770938265896,1,1,0,1,1,1,1,1,0
2015,2015,SPM,6,Health Care,3.0130477667663103,1,1,0,1,0,1,1,0,1
2015,2015,SRC,7,Consumer Discretionary,0.4876977688456514,1,1,1,1,0,1,1,1,0
2015,2015,SRF,4,Industrials,1.1804328037683187,1,1,0,0,1,0,1,0,0
2015,2015,SSC,3,Consumer Staples,0.4201243629255874,1,0,0,0,0,1,1,0,0
2015,2015,SSM,8,Materials,1.3222835904671957,1,1,1,1,0,1,1,1,1
2015,2015,SSN,6,Consumer Staples,1.0061611227568237,1,1,1,1,1,1,0,0,0
2015,2015,ST8,5,Consumer Discretionary,0.9511083098852128,1,1,0,1,0,0,1,0,1
2015,2015,STC,5,Communication Services,0.7758040169964316,1,1,0,0,0,1,1,0,1
2015,2015,STG,5,Industrials,0.6877683623915682,1,1,0,1,0,1,0,1,0
2015,2015,STK,2,Consumer Discretionary,0.4646551405594862,1,0,0,0,0,0,0,1,0
2015,2015,STP,5,Materials,2.862380319966511,1,0,1,0,0,1,1,1,0
2015,2015,STT,3,Consumer Discretionary,1.1636589784027778,0,0,0,1,1,0,1,0,0
2015,2015,STV,8,Materials,1.0076511554700978,1,1,1,1,0,1,1,1,1
2015,2015,SVC,8,Consumer Discretionary,0.7820294811000349,1,1,1,1,1,1,1,0,1
2015,2015,SVI,6,Materials,0.6800385400917517,1,1,0,1,1,0,1,0,1
2015,2015,SVN,7,Consumer Staples,2.3197101149444443,1,1,1,1,1,1,1,0,0
2015,2015,SWC,6,Industrials,1.1559196268101342,1,1,1,0,0,1,1,1,0
2015,2015,SZL,6,Real Estate,1.134236057544305,1,1,0,1,1,0,1,1,0
2015,2015,TA9,6,Industrials,0.694125265403935,1,1,1,1,0,0,1,0,1
2015,2015,TAC,5,Consumer Staples,0.6063105694246818,1,1,1,0,0,1,1,0,0
2015,2015,TBC,6,Utilities,0.5044379319703003,1,1,0,1,0,1,1,1,0
2015,2015,TBD,4,Industrials,0.6754123211618471,1,0,1,0,0,0,1,0,1
2015,2015,TC6,7,Energy,2.2067086487047596,1,1,1,1,0,0,1,1,1
2015,2015,TCL,6,Industrials,0.8294614990246647,1,1,0,1,1,0,1,1,0
2015,2015,TCM,4,Consumer Discretionary,0.5879547900916232,1,0,0,0,0,0,1,1,1
2015,2015,TCR,8,Materials,2.3921132936454597,1,1,1,1,1,1,1,1,0
2015,2015,TCS,6,Energy,2.0137026587136617,1,1,1,1,0,0,1,1,0
2015,2015,TCT,5,Industrials,0.3320439298274682,1,1,0,1,0,0,1,0,1
2015,2015,TDC,4,Real Estate,1.6720603121485715,1,0,0,0,0,1,1,1,0
2015,2015,TDN,6,Energy,2.1845232933235295,1,1,0,1,1,0,1,0,1
2015,2015,TDW,5,Utilities,0.8092673649503438,1,1,0,1,0,0,1,0,1
2015,2015,TEG,4,Industrials,0.7629778954968094,1,0,1,0,0,1,0,1,0
2015,2015,TFC,3,Consumer Staples,0.5373787609459076,1,0,0,0,0,1,0,1,0
2015,2015,THG,5,Materials,0.6145076197138462,1,0,1,0,0,0,1,1,1
2015,2015,THT,6,Energy,1.3855554719449672,1,1,0,1,1,0,1,0,1
2015,2015,TIC,6,Utilities,0.9764939852024828,1,1,0,0,0,1,1,1,1
2015,2015,TIE,3,Consumer Discretionary,2.494788523127372,1,0,0,0,0,0,1,0,1
2015,2015,TIG,4,Real Estate,1.0331863161510388,1,0,1,0,0,0,0,1,1
2015,2015,TIS,5,Materials,1.4939667981816582,1,0,1,0,1,1,0,0,1
2015,2015,TKC,5,Real Estate,0.973614272142352,1,1,1,0,0,0,1,0,1
2015,2015,TKU,6,Materials,1.437137721383463,1,1,0,1,1,1,1,0,0
2015,2015,TLG,6,Industrials,0.327991646217108,1,1,1,0,0,0,1,1,1
2015,2015,TLH,3,Materials,2.426970625245013,0,1,0,1,0,0,1,0,0
2015,2015,TLT,9,Materials,0.0910936188088357,1,1,1,1,1,1,1,1,1
2015,2015,TMC,8,Consumer Discretionary,1.1527274392452598,1,1,1,1,0,1,1,1,1
2015,2015,TMS,4,Industrials,0.3671718683430469,1,1,0,0,0,1,0,1,0
2015,2015,TNA,4,Consumer Discretionary,1.0319563707494377,1,0,0,0,1,1,1,0,0
2015,2015,TNB,9,Materials,1.116701558367647,1,1,1,1,1,1,1,1,1
2015,2015,TNC,4,Materials,1.636574751672078,1,0,0,0,0,1,1,0,1
2015,2015,TNG,5,Consumer Discretionary,0.7642159815922558,1,1,1,0,0,1,0,0,1
2015,2015,TNM,7,Industrials,3.3835914293386127,1,1,1,1,1,0,1,0,1
2015,2015,TNT,5,Materials,0.4442730289788235,1,1,1,0,0,0,1,0,1
2015,2015,TPC,7,Materials,2.362788235948437,1,1,0,1,1,1,1,1,0
2015,2015,TPH,4,Industrials,0.7834824380022171,1,1,0,0,0,0,1,1,0
2015,2015,TPP,7,Materials,0.7683932329386988,1,1,1,1,0,1,0,1,1
2015,2015,TRA,7,Health Care,0.4026500570426079,1,1,1,1,0,0,1,1,1
2015,2015,TRC,4,Materials,2.305907186643791,1,1,0,1,0,0,1,0,0
2015,2015,TRS,6,Industrials,0.6896040635746178,1,0,1,0,0,1,1,1,1
2015,2015,TS4,3,Consumer Staples,2.0917784458867636,1,0,0,0,1,0,1,0,0
2015,2015,TSC,4,Consumer Discretionary,0.7964678243832932,1,0,1,0,0,1,0,0,1
2015,2015,TST,4,Industrials,3.4067956500757575,1,0,1,0,0,0,1,0,1
2015,2015,TTB,6,Real Estate,1.1107180596983142,1,1,1,1,1,0,0,0,1
2015,2015,TTC,7,Materials,1.2166896812207502,1,1,1,1,0,1,1,1,0
2015,2015,TTF,5,Consumer Discretionary,0.4254525779324951,1,0,1,0,1,1,0,0,1
2015,2015,TTZ,6,Materials,1.721438691279762,1,1,1,1,0,0,1,0,1
2015,2015,TV2,4,Industrials,0.7914691067726795,1,0,1,0,0,1,1,0,0
2015,2015,TV3,3,Industrials,0.906569852900098,1,0,0,0,0,0,1,0,1
2015,2015,TVD,5,Energy,1.322184358111876,1,1,0,1,1,0,1,0,0
2015,2015,TXM,3,Materials,1.5307212655238096,1,0,0,0,0,1,1,0,0
2015,2015,TYA,7,Industrials,1.4917290668533911,1,1,1,0,0,1,1,1,1
2015,2015,UDC,8,Industrials,2.8836955295057636,1,1,1,1,1,0,1,1,1
2015,2015,UDJ,4,Real Estate,2.065324190259047,1,1,0,0,0,0,1,1,0
2015,2015,UIC,8,Utilities,1.1769106845631068,1,1,1,1,0,1,1,1,1
2015,2015,UNI,8,Real Estate,1.0969639833658245,1,1,1,1,0,1,1,1,1
2015,2015,V12,6,Industrials,1.615018268958405,1,1,1,1,0,0,1,0,1
2015,2015,VAF,5,Materials,0.8985954672543525,1,1,0,0,0,0,1,1,1
2015,2015,VBC,7,Materials,0.7289561370690543,1,1,1,0,1,1,1,0,1
2015,2015,VC2,5,Industrials,2.081370931990997,1,0,0,0,1,1,1,0,1
2015,2015,VC3,5,Real Estate,0.5267527331112246,1,1,1,0,0,0,1,1,0
2015,2015,VC5,3,Industrials,1.0666315126666666,0,1,0,1,0,0,1,0,0
2015,2015,VC6,2,Industrials,1.5966317576041666,1,0,0,0,0,0,1,0,0
2015,2015,VC7,7,Consumer Discretionary,1.1192437223188405,1,1,1,1,0,0,1,1,1
2015,2015,VC9,7,Industrials,1.9452026328261656,1,1,1,1,1,0,1,0,1
2015,2015,VCA,8,Materials,1.5740434606603162,1,1,1,1,1,1,1,1,0
2015,2015,VCC,5,Industrials,0.9733521438662792,1,0,1,0,1,0,1,0,1
2015,2015,VCF,5,Consumer Staples,0.4892980358008928,1,1,0,1,0,1,1,0,0
2015,2015,VCG,7,Industrials,1.1303959627290687,1,1,1,1,1,0,1,1,0
2015,2015,VCR,7,Real Estate,3.4774511218842226,1,1,1,1,1,0,1,1,0
2015,2015,VE1,5,Industrials,1.265785782832073,1,0,0,0,0,1,1,1,1
2015,2015,VE4,3,Industrials,1.3118373790076212,1,0,0,0,0,0,1,0,1
2015,2015,VE8,5,Industrials,1.2879831953309693,1,1,0,0,0,1,1,0,1
2015,2015,VE9,4,Industrials,1.5607084417084824,1,0,0,0,1,1,0,1,0
2015,2015,VEF,3,Industrials,0.5289155462117872,1,0,1,0,0,1,0,0,0
2015,2015,VFC,7,Industrials,1.1178043039491743,1,1,0,1,1,1,1,1,0
2015,2015,VFR,5,Industrials,1.076687598467066,0,1,0,1,1,0,1,1,0
2015,2015,VGP,6,Consumer Staples,1.2346734883646726,1,0,1,0,0,1,1,1,1
2015,2015,VGS,7,Materials,2.773719565145014,1,1,1,1,0,1,1,1,0
2015,2015,VHC,4,Consumer Staples,0.7697580872953228,1,1,0,0,0,1,1,0,0
2015,2015,VIC,5,Real Estate,0.2709765259603642,1,1,0,1,1,0,0,0,1
2015,2015,VID,5,Materials,1.916053357674738,1,0,1,0,1,0,1,0,1
2015,2015,VIP,6,Energy,1.7143339869029257,1,1,0,1,1,0,1,1,0
2015,2015,VIS,4,Materials,1.591741252294753,0,1,0,1,1,0,1,0,0
2015,2015,VIT,5,Materials,0.6558422279894264,1,1,1,0,0,0,0,1,1
2015,2015,VKC,7,Consumer Discretionary,1.2228934742487418,1,1,1,1,0,0,1,1,1
2015,2015,VLA,5,Consumer Discretionary,1.2051351353874884,1,1,0,0,0,1,1,0,1
2015,2015,VLF,4,Consumer Staples,0.0757010788143326,0,0,0,1,1,0,1,1,0
2015,2015,VLG,7,Industrials,1.4404710572226778,1,1,0,1,1,1,1,0,1
2015,2015,VMD,7,Health Care,0.731079614487907,1,1,0,1,1,1,1,1,0
2015,2015,VNA,4,Industrials,3.827578247521739,0,1,0,1,1,0,1,0,0
2015,2015,VNC,5,Industrials,0.5065582401163791,1,1,0,1,0,0,1,0,1
2015,2015,VNE,4,Industrials,1.079209392684072,1,0,1,0,1,0,0,0,1
2015,2015,VNF,4,Industrials,0.5327874644037699,1,0,0,0,1,1,1,0,0
2015,2015,VNG,5,Consumer Discretionary,0.7795185580164835,1,0,1,0,0,1,1,0,1
2015,2015,VNH,7,Consumer Staples,3.6141526583433294,0,1,1,1,0,1,1,1,1
2015,2015,VNI,4,Real Estate,2.3883632210627828,0,0,1,0,1,0,1,1,0
2015,2015,VNL,4,Industrials,0.7084159840454884,1,0,0,0,0,1,1,1,0
2015,2015,VNM,6,Consumer Staples,0.1347015804014465,1,1,1,0,1,0,0,1,1
2015,2015,VNP,5,Materials,0.3967821094637292,1,0,1,0,1,0,1,1,0
2015,2015,VNS,4,Industrials,0.6925293527061308,1,1,0,1,0,0,1,0,0
2015,2015,VNT,3,Industrials,0.3948564296383183,1,0,0,0,0,0,0,1,1
2015,2015,VOS,4,Industrials,2.626834809698413,0,1,0,1,1,0,1,0,0
2015,2015,VPC,4,Consumer Discretionary,4.199264562598291,0,0,0,0,0,1,1,1,1
2015,2015,VPH,7,Real Estate,1.3422381505409078,1,1,1,1,1,0,1,1,0
2015,2015,VPK,4,Materials,1.0265033541613202,1,1,0,0,0,0,1,1,0
2015,2015,VPS,4,Materials,1.0386589033093,1,0,0,0,1,0,1,1,0
2015,2015,VQC,7,Industrials,4.5421182601593575,1,1,1,1,0,1,1,0,1
2015,2015,VRC,4,Real Estate,1.8165668146715503,0,1,0,1,1,0,0,0,1
2015,2015,VRG,5,Real Estate,1.7852304936307402,0,1,0,1,0,1,1,1,0
2015,2015,VSH,5,Utilities,0.8458353178002886,1,1,0,1,0,1,1,0,0
2015,2015,VSI,8,Industrials,1.051142988687526,1,1,1,1,0,1,1,1,1
2015,2015,VTA,9,Materials,0.5928898393097015,1,1,1,1,1,1,1,1,1
2015,2015,VTB,4,Consumer Discretionary,1.487508197851099,1,1,0,0,0,0,1,0,1
2015,2015,VTC,6,Communication Services,2.35450703406488,1,1,1,0,0,1,1,1,0
2015,2015,VTH,5,Industrials,1.082649349626506,1,1,0,1,0,0,1,1,0
2015,2015,VTJ,5,Consumer Discretionary,1.3360645245614036,1,1,1,0,0,0,1,0,1
2015,2015,VTO,7,Energy,2.0264959867910255,1,1,1,1,1,0,1,1,0
2015,2015,VTV,4,Energy,0.9305294314638296,1,0,0,0,1,0,1,1,0
2015,2015,VTX,9,Industrials,0.8406209233659998,1,1,1,1,1,1,1,1,1
2015,2015,WCS,5,Industrials,0.4079001397447368,1,1,0,0,0,1,1,1,0
2015,2015,WSB,3,Consumer Staples,0.9062096853142856,1,0,0,0,1,0,1,0,0
2015,2015,XPH,5,Consumer Staples,1.9463134474831176,0,1,0,1,0,1,1,1,0
2016,2016,AAA,4,Materials,0.7081053426027679,1,1,1,0,0,0,0,1,0
2016,2016,AAM,3,Consumer Staples,2.58995583378033,1,0,0,0,0,1,1,0,0
2016,2016,ABT,5,Consumer Staples,0.8217504202148549,1,1,0,1,0,0,1,0,1
2016,2016,ACC,5,Materials,0.6319286349387097,1,0,1,0,0,1,1,0,1
2016,2016,ACE,8,Materials,0.843541438730828,1,1,1,1,0,1,1,1,1
2016,2016,ACL,6,Consumer Staples,1.8183139352025075,1,1,0,1,1,1,1,0,0
2016,2016,ACV,6,Industrials,0.2296087576708957,1,1,1,0,0,1,0,1,1
2016,2016,ADS,4,Consumer Discretionary,0.692667043100922,1,0,1,0,0,0,1,1,0
2016,2016,AFX,7,Consumer Staples,2.842124850742857,1,1,1,1,0,1,1,0,1
2016,2016,AGM,3,Consumer Staples,1.9902726654778968,1,0,0,0,0,0,1,1,0
2016,2016,AMC,5,Materials,0.5655391407923034,1,1,0,1,1,0,1,0,0
2016,2016,AMV,9,Health Care,0.6257421025199543,1,1,1,1,1,1,1,1,1
2016,2016,ANI,6,Real Estate,0.4001758717425639,1,0,1,0,1,1,1,1,0
2016,2016,ANT,4,Consumer Staples,0.7261053467291667,1,1,0,0,1,0,1,0,0
2016,2016,ANV,8,Consumer Staples,3.610291171077793,1,1,1,1,1,1,1,0,1
2016,2016,APC,8,Industrials,0.999985586650512,1,1,1,0,1,1,1,1,1
2016,2016,API,3,Real Estate,1.054322132539548,0,0,0,0,0,0,1,1,1
2016,2016,ASA,7,Unknown,5.805837132055555,1,1,1,1,1,0,1,1,0
2016,2016,ASM,8,Consumer Staples,0.8057976123333302,1,1,1,1,1,0,1,1,1
2016,2016,ASP,6,Utilities,2.6837092615308125,1,0,1,0,1,0,1,1,1
2016,2016,BBC,6,Unknown,0.5232682110720194,1,1,0,1,0,1,1,1,0
2016,2016,BCC,8,Materials,1.1695109203018843,1,1,1,1,1,0,1,1,1
2016,2016,BCE,2,Industrials,1.9913515519742728,1,0,0,0,0,0,1,0,0
2016,2016,BCG,6,Industrials,2.020775772455917,1,1,0,1,1,1,0,1,0
2016,2016,BCI,7,Real Estate,1.000169352500173,1,1,0,1,1,1,1,0,1
2016,2016,BFC,7,Materials,0.5338490883306987,1,1,1,1,0,1,1,1,0
2016,2016,BHN,6,Consumer Staples,0.1945805949656078,1,1,0,0,1,1,1,1,0
2016,2016,BHP,9,Consumer Staples,1.0859333351821108,1,1,1,1,1,1,1,1,1
2016,2016,BHS,3,Consumer Staples,1.2342378696713052,1,0,0,0,0,1,0,1,0
2016,2016,BII,2,Unknown,4.761801920289056,1,0,0,0,0,0,1,0,0
2016,2016,BKC,6,Materials,1.7996845119106286,1,1,0,1,1,0,1,0,1
2016,2016,BMC,6,Materials,1.0152073009267777,1,1,0,1,1,1,1,0,0
2016,2016,BMP,4,Materials,0.2644796854961036,1,1,0,0,0,0,1,1,0
2016,2016,BPC,7,Materials,1.4104585299146517,1,1,1,0,0,1,1,1,1
2016,2016,BRC,7,Consumer Discretionary,1.5078316169257688,1,1,1,0,1,1,1,0,1
2016,2016,BSG,6,Industrials,0.9380273024921556,1,1,0,1,0,1,1,1,0
2016,2016,BSP,6,Consumer Staples,0.6505745370828572,1,1,1,1,0,0,1,0,1
2016,2016,BTP,6,Utilities,1.3547969845788823,1,1,1,0,1,1,1,0,0
2016,2016,BTS,6,Materials,1.27876681175536,1,1,1,0,0,1,1,0,1
2016,2016,BTT,6,Consumer Discretionary,0.7931311869943966,1,1,0,1,1,0,1,0,1
2016,2016,BTU,5,Industrials,0.8603905781509121,1,0,1,0,0,1,1,0,1
2016,2016,BTW,8,Utilities,1.000604328518612,1,1,1,1,0,1,1,1,1
2016,2016,BVG,5,Materials,6.741674971705315,0,1,1,1,1,0,1,0,0
2016,2016,C21,5,Real Estate,1.8549733190720417,1,1,0,1,0,0,1,1,0
2016,2016,C32,4,Materials,0.7193485390738499,1,1,0,0,0,0,1,1,0
2016,2016,CAP,4,Materials,0.3692620580673169,1,1,0,1,0,0,1,0,0
2016,2016,CAV,5,Industrials,0.447926831302682,1,1,1,0,0,0,1,1,0
2016,2016,CCM,7,Materials,1.962320799579779,1,1,1,1,0,0,1,1,1
2016,2016,CDC,3,Industrials,1.3216907545229717,1,0,0,0,1,0,1,0,0
2016,2016,CDO,1,Industrials,1.2165583863082392,1,0,0,0,0,0,0,0,0
2016,2016,CGP,8,Health Care,0.3230898451889978,1,1,1,1,1,1,1,0,1
2016,2016,CHP,6,Utilities,0.640353081160568,1,1,0,1,1,1,1,0,0
2016,2016,CIG,5,Industrials,2.179371195032974,1,0,1,0,1,1,0,1,0
2016,2016,CLC,7,Consumer Staples,0.5455039299456436,1,1,1,0,0,1,1,1,1
2016,2016,CLG,7,Real Estate,2.9555644412076623,1,1,1,1,1,0,1,0,1
2016,2016,CLL,6,Industrials,0.6442908870856632,1,1,0,1,1,1,1,0,0
2016,2016,CLW,8,Utilities,0.9939847268566002,1,1,0,1,1,1,1,1,1
2016,2016,CMI,1,Materials,1.0879452864638155,0,0,0,0,0,0,1,0,0
2016,2016,CMS,3,Industrials,2.30417412842781,1,0,0,0,1,0,1,0,0
2016,2016,CMT,3,Information Technology,1.4925097939247598,1,0,0,0,1,0,1,0,0
2016,2016,CMX,3,Consumer Staples,0.3804903873235702,0,1,0,1,0,0,1,0,0
2016,2016,CNG,8,Utilities,0.4217474661909903,1,1,1,1,1,1,1,1,0
2016,2016,COM,4,Energy,0.5906222570854164,1,0,1,0,0,0,1,1,0
2016,2016,CPC,5,Materials,0.7201685593646143,1,1,0,0,0,0,1,1,1
2016,2016,CSC,6,Real Estate,0.5108155463138075,1,1,1,0,1,0,1,1,0
2016,2016,CSM,2,Consumer Discretionary,0.635640046489441,1,0,0,0,1,0,0,0,0
2016,2016,CSV,7,Materials,0.5547026055683979,1,1,1,1,0,1,1,1,0
2016,2016,CTA,3,Industrials,3.4578052236124295,0,1,0,1,0,0,1,0,0
2016,2016,CTB,7,Industrials,0.7017020535714286,1,1,1,1,0,1,1,1,0
2016,2016,CTC,5,Unknown,1.5523064605884185,0,1,0,1,1,0,1,0,1
2016,2016,CTD,5,Industrials,0.4450356907184192,1,1,1,0,0,1,0,1,0
2016,2016,CTI,7,Industrials,0.6288283186251244,1,1,1,1,1,1,0,1,0
2016,2016,CTP,3,Consumer Staples,1.051881096779661,1,0,0,0,1,0,1,0,0
2016,2016,CTX,6,Real Estate,1.0748285533031758,1,1,0,1,0,1,1,1,0
2016,2016,CVT,9,Materials,0.5203739187541195,1,1,1,1,1,1,1,1,1
2016,2016,CX8,4,Industrials,1.4094340836575503,1,0,1,0,0,0,1,0,1
2016,2016,CYC,7,Materials,1.810816493776379,0,1,1,1,0,1,1,1,1
2016,2016,D2D,6,Real Estate,1.0045329278348722,1,1,1,1,0,0,1,0,1
2016,2016,DAD,7,Communication Services,0.8869106128797672,1,1,1,1,0,0,1,1,1
2016,2016,DAE,6,Communication Services,1.1958880348039609,1,1,1,0,0,1,1,0,1
2016,2016,DAG,5,Industrials,0.7985829524208716,1,1,1,0,0,0,1,1,0
2016,2016,DBC,4,Consumer Staples,0.8396876862826692,1,1,1,0,0,0,0,1,0
2016,2016,DBT,6,Health Care,1.057268805643998,1,1,0,1,1,0,1,1,0
2016,2016,DC1,7,Industrials,3.5349005122222223,1,1,1,1,0,1,1,0,1
2016,2016,DC2,8,Industrials,2.450917139047619,1,1,1,1,0,1,1,1,1
2016,2016,DCD,5,Consumer Discretionary,0.5278578374372294,1,1,0,1,1,0,1,0,0
2016,2016,DCL,7,Health Care,0.4990709269693036,1,1,1,0,1,1,1,1,0
2016,2016,DCM,7,Materials,1.083734958830054,1,1,1,1,1,0,1,0,1
2016,2016,DCS,7,Materials,4.787046841884546,1,1,1,1,1,0,1,1,0
2016,2016,DDV,4,Materials,0.9770882747878724,0,1,0,1,1,0,1,0,0
2016,2016,DGC,5,Materials,0.4881480374574829,1,1,0,1,0,1,1,0,0
2016,2016,DGT,4,Materials,3.9810215652290744,1,1,0,1,0,0,1,0,0
2016,2016,DGW,6,Consumer Discretionary,1.2694756223992385,1,1,0,1,1,0,1,1,0
2016,2016,DHA,4,Materials,0.7475913605504059,1,1,0,0,0,1,1,0,0
2016,2016,DHC,5,Materials,0.543212188634964,1,0,1,0,0,1,0,1,1
2016,2016,DHG,5,Health Care,0.334821343743502,1,1,1,0,0,0,0,1,1
2016,2016,DHM,5,Materials,1.4879839909277712,1,0,1,0,1,0,1,0,1
2016,2016,DHP,4,Consumer Discretionary,1.5633279424911282,1,1,0,0,0,0,1,1,0
2016,2016,DHT,7,Health Care,0.5084675980164023,1,1,1,0,1,1,1,0,1
2016,2016,DIC,4,Materials,2.0401634740792054,1,0,0,0,0,1,1,1,0
2016,2016,DMC,6,Health Care,0.3769599999808029,1,1,1,0,0,1,1,1,0
2016,2016,DNP,3,Materials,0.6050316801678189,1,0,1,0,0,0,0,1,0
2016,2016,DNY,7,Materials,2.222053945963756,1,1,1,1,1,0,1,1,0
2016,2016,DPM,5,Materials,0.9209830069207486,1,1,0,1,1,1,0,0,0
2016,2016,DPR,7,Materials,1.434748622265417,1,1,1,1,1,1,0,1,0
2016,2016,DQC,7,Industrials,0.5784807707264282,1,1,1,1,1,0,1,0,1
2016,2016,DRH,3,Industrials,0.4881979653916797,1,0,1,0,0,1,0,0,0
2016,2016,DRL,7,Utilities,0.372093362116736,1,1,1,1,0,1,1,0,1
2016,2016,DTA,4,Real Estate,3.850284146869455,1,0,1,0,0,1,0,1,0
2016,2016,DTL,7,Materials,0.5112284854369626,1,1,1,0,0,1,1,1,1
2016,2016,DTT,6,Materials,1.5562245035212887,1,0,1,0,1,0,1,1,1
2016,2016,DVP,6,Industrials,0.3171798343833333,1,1,0,1,1,0,1,1,0
2016,2016,DXG,3,Real Estate,1.026021225171159,1,0,0,0,0,1,0,0,1
2016,2016,DXP,4,Materials,0.6998678926300467,1,1,0,0,0,1,1,0,0
2016,2016,DXV,7,Materials,2.3620621087878786,1,1,1,1,0,0,1,1,1
2016,2016,DZM,5,Industrials,1.7257949168384057,1,0,1,0,1,0,1,0,1
2016,2016,EBS,4,Communication Services,1.45913600148597,1,1,1,0,0,0,1,0,0
2016,2016,EID,5,Communication Services,0.9963181629957264,1,1,1,0,0,0,1,1,0
2016,2016,EMC,6,Industrials,0.8424383064305255,1,1,0,1,1,1,0,1,0
2016,2016,EVE,3,Consumer Discretionary,0.9544805642280793,1,1,0,0,0,1,0,0,0
2016,2016,FCM,5,Materials,2.175912535678785,1,0,1,0,1,0,1,0,1
2016,2016,FCN,3,Industrials,1.0649461027360907,1,0,0,0,0,1,1,0,0
2016,2016,FDC,3,Real Estate,0.5074405056380198,0,0,0,1,0,0,1,0,1
2016,2016,FIT,2,Health Care,2.5157006973432066,1,0,0,0,0,1,0,0,0
2016,2016,FLC,4,Unknown,2.5063619578124454,1,1,0,1,0,0,0,1,0
2016,2016,FMC,3,Consumer Staples,0.8257827056840278,1,1,0,0,0,1,0,0,0
2016,2016,FPT,4,Information Technology,0.4711445461020158,1,1,0,1,0,0,0,1,0
2016,2016,GAS,2,Utilities,0.3373358300911238,1,1,0,0,0,0,0,0,0
2016,2016,GDT,4,Consumer Discretionary,0.3265839080013533,1,1,1,0,0,0,0,0,1
2016,2016,GEX,5,Industrials,0.8063366063770748,1,1,1,0,0,1,0,1,0
2016,2016,GIL,7,Consumer Discretionary,0.7212583681247554,1,1,1,0,1,0,1,1,1
2016,2016,GLT,5,Communication Services,0.2823213731656361,1,1,0,1,0,0,1,1,0
2016,2016,GMC,5,Consumer Discretionary,0.7127457429078531,1,1,0,1,0,1,0,1,0
2016,2016,GMD,6,Industrials,1.0663550871653749,1,1,0,1,1,0,1,1,0
2016,2016,GMX,6,Materials,0.5781156969039282,1,1,1,1,0,1,0,1,0
2016,2016,GSM,8,Utilities,1.1332818782259255,1,1,1,1,1,0,1,1,1
2016,2016,GSP,6,Energy,1.157865016836825,1,1,0,1,1,1,1,0,0
2016,2016,GTA,5,Materials,1.2550415781235549,1,1,0,1,0,0,1,1,0
2016,2016,GTN,6,Consumer Staples,0.6669183762816867,1,1,0,1,1,1,0,1,0
2016,2016,HAD,5,Consumer Staples,0.9378714022403382,1,1,0,1,0,1,1,0,0
2016,2016,HAG,3,Consumer Staples,3.255889221143161,0,1,0,1,1,0,0,0,0
2016,2016,HAH,5,Industrials,0.6359454059377271,1,1,0,1,1,1,0,0,0
2016,2016,HAP,8,Materials,3.858108426166568,1,1,0,1,1,1,1,1,1
2016,2016,HAR,5,Real Estate,3.969893571981592,1,1,0,1,0,1,1,0,0
2016,2016,HAS,5,Industrials,2.012435634932127,1,0,1,0,0,1,1,1,0
2016,2016,HAT,4,Consumer Staples,0.2696990961025647,1,0,1,0,0,1,1,0,0
2016,2016,HAX,5,Consumer Discretionary,0.5166725769945709,1,0,1,0,0,1,1,1,0
2016,2016,HBC,6,Industrials,0.5630205697906647,1,1,1,0,0,1,0,1,1
2016,2016,HCD,7,Industrials,1.3776549408324992,1,1,1,1,0,1,1,1,0
2016,2016,HD2,7,Real Estate,1.4923163249485767,1,1,1,1,0,0,1,1,1
2016,2016,HDG,5,Utilities,0.6511203947378418,1,1,1,0,0,0,0,1,1
2016,2016,HDM,3,Consumer Discretionary,0.68622678174,1,1,0,0,0,1,0,0,0
2016,2016,HEV,5,Communication Services,1.0764810131034483,1,1,1,0,0,0,1,1,0
2016,2016,HHC,6,Consumer Staples,0.6130539820461304,1,1,1,1,0,1,0,1,0
2016,2016,HHS,4,Consumer Discretionary,3.1224479400607494,1,1,0,1,0,1,0,0,0
2016,2016,HIG,5,Information Technology,3.841140710719509,1,1,0,1,0,0,1,1,0
2016,2016,HJS,6,Utilities,0.7358204994027103,1,1,0,1,1,0,1,0,1
2016,2016,HLD,5,Real Estate,1.9721729790381357,1,0,0,0,1,1,1,1,0
2016,2016,HLG,7,Unknown,1.175458022032306,1,1,0,1,0,1,1,1,1
2016,2016,HLY,8,Materials,1.3673020675752074,1,1,1,1,0,1,1,1,1
2016,2016,HMC,8,Materials,1.8979941257310924,1,1,1,1,0,1,1,1,1
2016,2016,HMH,3,Industrials,1.4813752105078413,1,1,0,0,0,0,1,0,0
2016,2016,HND,7,Utilities,0.8189600747064348,1,1,0,1,1,1,1,0,1
2016,2016,HNF,9,Consumer Staples,0.7058926385025,1,1,1,1,1,1,1,1,1
2016,2016,HNG,3,Consumer Staples,2.1916696969911045,0,1,0,1,0,1,0,0,0
2016,2016,HNP,8,Materials,0.9695323029304348,1,1,1,1,0,1,1,1,1
2016,2016,HOM,6,Materials,2.2038974138498313,1,1,0,1,1,1,1,0,0
2016,2016,HPG,7,Materials,0.5429503596806002,1,1,1,1,0,1,0,1,1
2016,2016,HPM,2,Materials,0.4789829743421052,0,0,0,1,0,0,1,0,0
2016,2016,HPP,6,Materials,0.6497089000472489,1,1,1,1,0,0,1,1,0
2016,2016,HQC,4,Real Estate,4.118844865407145,1,0,0,0,1,1,0,1,0
2016,2016,HSG,6,Materials,0.455912977185262,1,0,1,0,0,1,1,1,1
2016,2016,HT1,8,Materials,0.6641290091870303,1,1,1,1,1,1,1,0,1
2016,2016,HTI,7,Industrials,0.8946176910118232,1,1,1,1,1,0,1,0,1
2016,2016,HTL,4,Consumer Discretionary,0.374406260535,1,1,0,0,0,1,1,0,0
2016,2016,HTV,5,Industrials,1.5141204791189713,1,1,0,1,0,1,1,0,0
2016,2016,HU1,3,Industrials,3.5337563064537445,1,0,0,0,0,0,1,1,0
2016,2016,HU3,4,Industrials,2.1926643497280507,1,0,1,0,0,0,1,0,1
2016,2016,HU4,5,Real Estate,2.745397913977778,1,0,1,0,0,0,1,1,1
2016,2016,HUT,7,Consumer Discretionary,1.2126404665081243,1,1,1,1,1,0,0,1,1
2016,2016,HVG,5,Unknown,1.3313211937025466,0,1,0,1,1,0,1,1,0
2016,2016,HVT,9,Materials,0.6398150135302421,1,1,1,1,1,1,1,1,1
2016,2016,HVX,7,Materials,1.797716563520589,1,1,1,1,1,0,1,0,1
2016,2016,ICC,6,Consumer Discretionary,1.657336474004636,1,1,1,0,0,0,1,1,1
2016,2016,ICF,5,Consumer Staples,4.21801896644684,0,1,0,1,1,1,1,0,0
2016,2016,ICG,3,Industrials,1.9595033539347824,1,0,0,0,0,0,1,1,0
2016,2016,ICN,7,Industrials,0.5659794331755102,1,1,1,1,1,0,1,1,0
2016,2016,IFS,8,Consumer Staples,0.2729452234420167,1,1,1,1,1,0,1,1,1
2016,2016,IJC,5,Real Estate,1.3878700126240855,1,1,0,0,1,0,1,0,1
2016,2016,IMP,5,Health Care,0.578478232729815,1,1,1,0,0,0,1,1,0
2016,2016,IPA,6,Industrials,1.4953548250934057,1,1,1,0,0,1,1,0,1
2016,2016,ITA,6,Real Estate,2.7414714453702542,1,1,0,1,1,1,0,1,0
2016,2016,ITC,5,Real Estate,2.113265353229146,1,0,1,0,0,0,1,1,1
2016,2016,ITS,4,Energy,2.455378834153005,1,0,0,0,1,1,1,0,0
2016,2016,JVC,5,Health Care,1.2618916918530234,0,1,1,1,1,0,1,0,0
2016,2016,KAC,7,Real Estate,2.8333772950433684,1,1,1,1,0,1,1,1,0
2016,2016,KBC,7,Real Estate,1.1839158711053344,1,1,0,1,1,0,1,1,1
2016,2016,KCE,7,Materials,1.126774536142322,1,1,1,1,0,1,1,0,1
2016,2016,KDC,4,Consumer Staples,0.7938422753633098,1,0,0,0,0,1,1,1,0
2016,2016,KDH,5,Real Estate,0.7429125567716074,1,1,0,1,1,0,0,0,1
2016,2016,KHA,5,Unknown,0.7444521056401575,1,1,0,1,0,1,0,1,0
2016,2016,KHP,5,Utilities,1.3650760228088088,1,1,0,1,0,0,1,0,1
2016,2016,KKC,8,Materials,1.1367156513691663,1,1,1,1,0,1,1,1,1
2016,2016,KLF,7,Unknown,4.304331925285391,1,1,0,1,1,1,1,1,0
2016,2016,KMR,6,Consumer Discretionary,2.1441844146212143,1,1,1,1,0,0,1,0,1
2016,2016,KPF,4,Real Estate,1.0078010744106525,1,0,0,0,1,0,1,0,1
2016,2016,KSA,2,Materials,7.134928482420573,1,0,0,0,0,0,1,0,0
2016,2016,KSB,8,Materials,0.3987054226194683,1,1,1,1,0,1,1,1,1
2016,2016,KSD,5,Consumer Discretionary,2.294687431617647,1,1,0,1,0,0,1,0,1
2016,2016,KST,6,Communication Services,3.797445334909809,1,1,1,1,0,0,1,0,1
2016,2016,KTL,3,Consumer Discretionary,0.9172522724069148,1,0,0,0,0,1,1,0,0
2016,2016,KTS,4,Consumer Staples,0.5447368448543914,1,0,1,0,0,0,1,1,0
2016,2016,L10,5,Industrials,1.55994799690841,1,0,1,0,1,0,1,1,0
2016,2016,L14,5,Consumer Discretionary,0.3748770715485584,1,0,1,0,0,1,1,1,0
2016,2016,L44,3,Industrials,4.060129218844221,0,1,0,1,0,0,1,0,0
2016,2016,LAF,6,Consumer Staples,1.0663634682107814,1,1,0,1,0,1,1,1,0
2016,2016,LAS,3,Materials,0.873963659495266,1,1,0,0,0,0,1,0,0
2016,2016,LBM,6,Materials,0.6194141189759089,1,1,1,1,0,0,1,1,0
2016,2016,LCG,7,Industrials,3.4557983856381345,1,1,1,1,0,1,1,0,1
2016,2016,LCM,4,Materials,5.463893692075782,0,1,0,1,0,0,1,0,1
2016,2016,LCS,3,Industrials,4.233891842105264,1,0,0,0,0,0,1,1,0
2016,2016,LDG,5,Real Estate,2.2501474597738675,1,1,0,1,0,0,1,1,0
2016,2016,LDP,6,Health Care,0.3773661682187098,1,1,0,0,1,1,1,1,0
2016,2016,LGL,4,Real Estate,2.08306859044166,1,0,1,0,0,0,1,0,1
2016,2016,LHC,6,Industrials,0.805657996787783,1,1,0,1,0,1,1,1,0
2016,2016,LHG,7,Real Estate,1.4195254324775464,1,1,1,1,0,0,1,1,1
2016,2016,LIG,3,Industrials,2.3452678908737705,1,0,0,0,0,1,0,1,0
2016,2016,LIX,3,Consumer Staples,0.2447260235652758,1,1,0,0,0,0,1,0,0
2016,2016,LM8,3,Industrials,1.2214741533677205,1,0,0,0,1,0,0,1,0
2016,2016,LTC,2,Industrials,3.1028335561826963,0,0,0,0,1,0,1,0,0
2016,2016,LUT,5,Industrials,3.932666581442988,1,0,0,0,1,1,1,0,1
2016,2016,MAC,3,Industrials,1.394723964482654,1,0,1,0,0,0,1,0,0
2016,2016,MAS,7,Industrials,0.1345171254012121,1,1,1,1,0,1,1,0,1
2016,2016,MBG,6,Consumer Discretionary,3.634084174632353,1,1,0,1,1,0,1,0,1
2016,2016,MCF,6,Consumer Staples,0.933358015079114,1,1,1,0,0,0,1,1,1
2016,2016,MCG,5,Industrials,5.63186465283193,1,1,0,1,0,1,1,0,0
2016,2016,MCO,6,Industrials,7.935999029375265,1,1,0,1,0,1,1,0,1
2016,2016,MCP,9,Materials,0.6657350448911118,1,1,1,1,1,1,1,1,1
2016,2016,MDG,9,Materials,1.229341906354444,1,1,1,1,1,1,1,1,1
2016,2016,MEC,1,Industrials,5.6499118827608825,0,0,0,0,0,0,1,0,0
2016,2016,MHC,3,Industrials,2.343605650066347,1,0,0,0,1,0,0,1,0
2016,2016,MNC,6,Industrials,2.2350105705325856,1,1,1,1,1,0,1,0,0
2016,2016,MSN,6,Consumer Staples,0.3106619225911832,1,1,1,1,0,1,0,0,1
2016,2016,MSR,6,Materials,1.0701647366988871,1,1,0,1,0,1,1,0,1
2016,2016,MST,4,Industrials,1.0764464782897605,1,0,0,0,0,1,1,1,0
2016,2016,MTG,7,Utilities,2.670306370060086,1,1,1,1,0,1,1,1,0
2016,2016,MWG,3,Consumer Discretionary,0.159901759220889,1,0,0,0,0,0,1,1,0
2016,2016,NAF,3,Consumer Staples,0.4130819593024494,1,0,0,0,1,0,0,1,0
2016,2016,NAG,6,Consumer Discretionary,2.3485931910150986,1,0,1,0,1,0,1,1,1
2016,2016,NAV,4,Consumer Discretionary,1.621579725320281,0,1,0,1,0,1,1,0,0
2016,2016,NBB,5,Real Estate,1.12162811863757,1,1,0,0,1,1,1,0,0
2016,2016,NBC,3,Energy,1.582283732139472,1,0,0,0,0,0,1,1,0
2016,2016,NCS,5,Industrials,0.221694105271406,1,1,0,1,0,1,0,1,0
2016,2016,NCT,6,Industrials,0.1874714844114741,1,1,0,1,0,1,1,1,0
2016,2016,ND2,6,Utilities,0.7002099007461852,1,1,1,0,1,0,1,0,1
2016,2016,NDF,4,Consumer Staples,3.992918911864321,0,1,0,1,1,0,1,0,0
2016,2016,NET,5,Consumer Staples,0.3610551249542909,1,1,0,1,0,0,1,1,0
2016,2016,NHA,5,Real Estate,0.9409347753886376,1,1,0,0,0,1,1,1,0
2016,2016,NHC,3,Materials,0.4451853425926036,1,0,0,0,0,0,1,1,0
2016,2016,NKG,6,Materials,0.6825220753471493,1,1,1,0,0,1,0,1,1
2016,2016,NLG,5,Real Estate,0.7872598632197665,1,0,1,0,1,1,0,0,1
2016,2016,NNT,6,Utilities,0.8610162769480912,1,1,1,0,1,0,1,0,1
2016,2016,NSG,7,Materials,0.915689934291854,1,1,1,1,1,0,1,1,0
2016,2016,NST,7,Consumer Staples,1.6282396108088883,1,1,1,1,1,1,1,0,0
2016,2016,NT2,7,Utilities,0.6311381213048249,1,1,1,1,1,0,1,0,1
2016,2016,NTC,8,Real Estate,0.5036802579883334,1,1,1,1,1,1,1,1,0
2016,2016,NTL,2,Real Estate,1.6573085439643327,1,0,0,0,0,0,1,0,0
2016,2016,NTP,6,Materials,0.3180022246581049,1,1,0,1,0,1,1,1,0
2016,2016,NTW,5,Utilities,0.6718019102309859,1,1,0,1,0,1,1,0,0
2016,2016,NVL,7,Real Estate,0.2565835316959874,1,1,1,0,1,1,1,1,0
2016,2016,NVT,8,Consumer Discretionary,4.708571881257969,1,1,1,1,1,0,1,1,1
2016,2016,OCH,5,Consumer Staples,0.750113759505,0,1,0,1,1,0,1,0,1
2016,2016,OGC,5,Consumer Staples,1.6948853492703413,0,1,0,1,1,0,1,0,1
2016,2016,ONE,4,Communication Services,1.7806587957281106,1,1,0,1,0,1,0,0,0
2016,2016,OPC,6,Health Care,0.4836654519505757,1,1,1,1,0,0,1,0,1
2016,2016,PAC,5,Industrials,0.371973000780766,1,1,1,1,0,0,0,0,1
2016,2016,PAN,4,Consumer Staples,0.5293815305233295,1,1,0,0,1,1,0,0,0
2016,2016,PBP,7,Materials,1.1499711381089217,1,1,1,1,0,0,1,1,1
2016,2016,PC1,2,Industrials,0.7226925703477775,1,0,0,0,0,0,0,1,0
2016,2016,PCG,4,Utilities,1.2837695715606168,1,0,0,0,0,1,1,1,0
2016,2016,PDC,7,Consumer Discretionary,2.057204088927536,1,1,1,1,0,1,1,1,0
2016,2016,PDN,6,Industrials,0.5178300868140172,1,1,0,1,1,0,1,0,1
2016,2016,PDR,5,Real Estate,0.909251186258833,1,0,1,0,0,1,1,0,1
2016,2016,PET,4,Consumer Discretionary,1.6430862378004631,1,1,0,1,0,0,0,0,1
2016,2016,PFL,5,Industrials,6.647834191236363,1,0,1,0,0,1,1,1,0
2016,2016,PGC,7,Utilities,0.9229133130335628,1,1,1,1,0,1,1,1,0
2016,2016,PGD,8,Utilities,0.3924898845826837,1,1,1,1,0,1,1,1,1
2016,2016,PGS,7,Utilities,1.2161705518425154,1,1,1,0,1,1,1,0,1
2016,2016,PGT,2,Industrials,1.7677635066920092,0,0,0,0,0,0,1,0,1
2016,2016,PHC,4,Industrials,1.8756223855454783,1,0,1,0,0,0,0,1,1
2016,2016,PHH,4,Real Estate,1.445280956480663,1,0,1,0,1,1,0,0,0
2016,2016,PHR,7,Materials,1.1283751884850035,1,1,1,1,1,1,1,0,0
2016,2016,PIC,5,Utilities,0.9805309088329062,1,1,0,1,0,0,1,1,0
2016,2016,PIT,5,Consumer Staples,1.7258056535729944,1,0,1,0,0,1,1,1,0
2016,2016,PJC,7,Energy,1.0396843861154563,1,1,1,1,1,0,1,1,0
2016,2016,PJT,9,Energy,1.0580151927575614,1,1,1,1,1,1,1,1,1
2016,2016,PLC,5,Materials,0.6059851703760267,1,1,0,1,0,1,1,0,0
2016,2016,PMB,5,Materials,1.0002555935271318,1,1,0,1,0,0,1,1,0
2016,2016,PMC,6,Health Care,0.3706508371698918,1,1,1,0,0,1,1,1,0
2016,2016,PMP,3,Materials,0.9674930454942736,1,0,0,0,0,0,1,1,0
2016,2016,PMS,3,Energy,0.960677239737645,1,0,0,0,0,0,1,1,0
2016,2016,PMT,4,Communication Services,2.4920153070286055,1,0,1,0,0,0,1,0,1
2016,2016,PNC,5,Consumer Discretionary,0.5276894775552483,1,1,0,1,0,1,1,0,0
2016,2016,PNJ,7,Consumer Discretionary,0.2295758209065242,1,0,1,0,1,1,1,1,1
2016,2016,POM,9,Materials,1.7681339603362187,1,1,1,1,1,1,1,1,1
2016,2016,POS,5,Energy,1.7605954592623967,1,1,0,0,0,1,1,1,0
2016,2016,POT,6,Information Technology,0.863143261553628,1,1,0,1,0,1,1,1,0
2016,2016,PPC,4,Utilities,0.9703222572358076,1,0,1,0,1,0,1,0,0
2016,2016,PPE,4,Materials,0.6171574325630252,0,1,0,1,0,1,1,0,0
2016,2016,PPI,4,Real Estate,4.7663222489530295,0,1,0,1,1,0,1,0,0
2016,2016,PPS,4,Industrials,1.1215433306144929,1,0,1,0,0,0,1,1,0
2016,2016,PSB,5,Energy,2.9462283794,1,0,1,0,0,1,1,1,0
2016,2016,PSC,8,Energy,1.000692833366402,1,1,1,1,1,1,1,1,0
2016,2016,PSD,5,Consumer Discretionary,0.5145218439271221,1,1,0,1,0,0,1,0,1
2016,2016,PSE,6,Materials,1.275990191896,1,1,0,1,0,1,1,1,0
2016,2016,PSL,5,Consumer Staples,0.574291638571949,1,1,0,0,0,1,1,1,0
2016,2016,PSP,6,Industrials,1.33636169703125,1,1,0,1,1,0,1,1,0
2016,2016,PTB,5,Materials,0.2866272312599771,1,1,1,0,0,0,0,1,1
2016,2016,PTC,5,Industrials,1.7470985729759676,1,0,1,0,0,1,1,0,1
2016,2016,PTE,7,Materials,0.131420540367739,0,1,1,1,1,1,1,1,0
2016,2016,PTL,7,Real Estate,3.396260524926418,1,1,0,1,1,1,1,1,0
2016,2016,PTS,7,Industrials,2.5900540442752495,1,1,1,1,0,0,1,1,1
2016,2016,PVB,4,Energy,1.5331939005514634,0,1,0,1,1,0,1,0,0
2016,2016,PVC,3,Energy,2.09985401932,0,0,0,0,1,0,1,0,1
2016,2016,PVD,6,Energy,1.666380431913712,1,1,0,1,1,1,1,0,0
2016,2016,PVE,4,Industrials,1.9767784832786883,1,0,0,0,1,0,1,0,1
2016,2016,PVG,5,Utilities,1.996864642569092,1,1,0,1,0,0,1,1,0
2016,2016,PVL,5,Real Estate,2.9144096553454544,1,1,1,1,0,0,1,0,0
2016,2016,PVM,7,Industrials,1.7866337703329598,1,1,1,1,1,0,1,1,0
2016,2016,PVO,5,Energy,3.245967545091662,1,0,1,0,0,0,1,1,1
2016,2016,PVS,3,Energy,1.4089348027575592,1,0,0,0,1,0,1,0,0
2016,2016,PVT,7,Energy,1.0944537740372382,1,1,1,1,1,1,0,0,1
2016,2016,PVV,4,Industrials,4.261849348388889,0,1,0,1,0,1,1,0,0
2016,2016,PVX,7,Industrials,1.2441981350837317,1,1,1,1,1,1,1,0,0
2016,2016,PXA,2,Real Estate,1.117548661190476,0,0,0,1,0,0,1,0,0
2016,2016,PXI,2,Industrials,2.747116786153846,0,0,0,0,0,1,1,0,0
2016,2016,PXL,5,Real Estate,4.993208345595001,1,0,1,0,0,1,1,0,1
2016,2016,PXS,5,Industrials,1.4344018511693686,1,1,0,1,1,0,1,0,0
2016,2016,PXT,5,Industrials,0.859438521655914,1,0,0,0,1,1,1,0,1
2016,2016,QCG,6,Real Estate,3.67439809410887,1,1,1,1,1,0,0,0,1
2016,2016,QNC,4,Materials,1.513118701485188,0,1,0,1,0,0,1,0,1
2016,2016,QNS,4,Consumer Staples,0.2195192280821013,1,1,0,0,1,0,0,1,0
2016,2016,QPH,7,Utilities,1.0207993529485273,1,1,1,0,0,1,1,1,1
2016,2016,RAL,8,Industrials,0.5585056605902888,1,1,1,1,0,1,1,1,1
2016,2016,RCD,8,Industrials,0.9672696804571074,1,1,1,1,0,1,1,1,1
2016,2016,RDP,3,Unknown,0.749310084351191,1,1,0,0,0,0,0,0,1
2016,2016,REE,5,Utilities,0.9363285759788867,1,1,1,0,0,0,1,0,1
2016,2016,RIC,6,Consumer Discretionary,1.3358344073117614,0,1,0,1,1,0,1,1,1
2016,2016,ROS,3,Industrials,0.098961733300298,1,0,0,0,0,1,0,1,0
2016,2016,S12,6,Industrials,0.662460596,1,0,1,0,0,1,1,1,1
2016,2016,S4A,8,Utilities,0.6846743562114929,1,1,1,1,1,0,1,1,1
2016,2016,S55,3,Industrials,1.333549709195381,1,0,0,0,1,0,0,1,0
2016,2016,S74,3,Materials,3.12365839535108,0,1,0,1,0,0,1,0,0
2016,2016,S99,6,Industrials,2.318713912537103,1,1,0,1,1,0,1,1,0
2016,2016,SAB,5,Consumer Staples,0.089815629477331,1,1,1,0,1,0,0,0,1
2016,2016,SAC,6,Industrials,1.5551685981302843,1,1,1,0,0,0,1,1,1
2016,2016,SAM,4,Industrials,1.4786479820783,1,1,0,1,1,0,0,0,0
2016,2016,SAS,7,Industrials,0.3974521380623356,1,1,1,0,0,1,1,1,1
2016,2016,SAV,8,Consumer Discretionary,2.6223635787790647,1,1,1,1,0,1,1,1,1
2016,2016,SB1,4,Consumer Staples,0.5405048458081825,1,1,0,1,0,0,1,0,0
2016,2016,SBA,8,Utilities,1.006300139946932,1,1,1,1,1,0,1,1,1
2016,2016,SC5,5,Industrials,0.7700776609002784,1,0,1,0,0,1,1,1,0
2016,2016,SCD,6,Consumer Staples,0.5282377456710271,1,1,1,0,0,1,1,0,1
2016,2016,SCI,3,Industrials,1.6318098713974358,1,1,0,0,0,0,1,0,0
2016,2016,SCJ,2,Materials,6.2206535404283665,0,0,1,0,0,0,1,0,0
2016,2016,SCR,4,Real Estate,1.6842944769126809,1,1,0,0,0,0,0,1,1
2016,2016,SD2,4,Industrials,2.167722224452316,1,0,0,0,1,0,1,0,1
2016,2016,SD3,5,Utilities,2.2763077754426493,1,0,1,0,1,0,1,1,0
2016,2016,SD4,4,Industrials,1.5140125293837925,1,0,0,0,1,0,1,1,0
2016,2016,SD5,5,Industrials,2.087624514656799,1,1,0,1,0,0,1,1,0
2016,2016,SD6,5,Industrials,1.5984005502330303,1,1,0,0,1,0,1,1,0
2016,2016,SD7,3,Industrials,2.6859440646226416,0,0,0,1,1,1,0,0,0
2016,2016,SD9,6,Utilities,2.464527133452854,1,1,0,1,1,1,0,1,0
2016,2016,SDA,4,Industrials,2.317306271858075,0,1,0,1,1,0,1,0,0
2016,2016,SDD,5,Industrials,4.573669845107476,0,1,0,1,0,1,1,1,0
2016,2016,SDE,3,Industrials,3.126989162889341,0,0,1,1,0,0,1,0,0
2016,2016,SDI,8,Real Estate,0.5356223703883455,1,1,1,1,1,0,1,1,1
2016,2016,SDJ,4,Industrials,0.6466061470251936,1,0,1,0,0,0,1,0,1
2016,2016,SDK,6,Materials,0.7190643207412587,1,1,0,1,0,1,1,1,0
2016,2016,SDP,8,Industrials,3.467271348035817,1,1,1,1,1,1,1,1,0
2016,2016,SEA,4,Consumer Staples,0.9635544800191208,1,0,1,0,0,0,1,0,1
2016,2016,SFC,5,Energy,0.6735814646222351,1,1,0,0,0,1,1,1,0
2016,2016,SFG,8,Materials,1.0106298585158575,1,1,1,1,0,1,1,1,1
2016,2016,SFI,5,Industrials,1.0055624798913407,1,1,1,0,0,1,0,0,1
2016,2016,SFN,8,Materials,0.5939977994603686,1,1,1,1,0,1,1,1,1
2016,2016,SGC,5,Consumer Staples,0.3317885266960672,1,1,1,0,0,0,1,1,0
2016,2016,SGD,4,Communication Services,1.464669395524428,1,1,0,1,0,0,0,0,1
2016,2016,SGN,7,Industrials,0.124035849651824,1,1,1,1,0,1,0,1,1
2016,2016,SGS,6,Industrials,0.9248407635072424,1,1,1,0,1,1,1,0,0
2016,2016,SGT,8,Communication Services,1.3044138026067855,1,1,1,1,1,0,1,1,1
2016,2016,SHA,4,Industrials,1.4918227524294283,1,0,0,0,1,1,1,0,0
2016,2016,SHI,6,Industrials,1.6477782824793965,1,1,1,0,0,1,1,1,0
2016,2016,SHN,5,Consumer Discretionary,0.9728924275898312,1,1,0,0,0,1,1,0,1
2016,2016,SHP,5,Utilities,0.6313049104633488,1,1,0,1,1,0,1,0,0
2016,2016,SII,2,Utilities,0.4522449602209694,1,0,0,0,1,0,0,0,0
2016,2016,SJ1,5,Consumer Staples,0.703777314180178,1,0,1,0,0,0,1,1,1
2016,2016,SJE,3,Industrials,1.1551941107852362,1,1,0,0,1,0,0,0,0
2016,2016,SJM,6,Industrials,1.6618637858333334,0,1,1,1,0,0,1,1,1
2016,2016,SJS,5,Real Estate,0.892254412579149,1,0,0,0,1,1,1,1,0
2016,2016,SKG,6,Industrials,0.2767848064917564,1,1,0,1,0,1,1,1,0
2016,2016,SMA,7,Utilities,1.7063386589875178,1,1,1,1,1,0,1,1,0
2016,2016,SMB,9,Consumer Staples,0.4976121264326455,1,1,1,1,1,1,1,1,1
2016,2016,SMC,6,Materials,1.1076589781886068,1,0,1,0,1,1,0,1,1
2016,2016,SMN,4,Communication Services,1.3970214850627138,1,0,1,0,0,0,1,1,0
2016,2016,SNC,3,Consumer Staples,0.8905044522424242,1,0,0,0,0,0,1,0,1
2016,2016,SPM,6,Health Care,2.9771109004588365,1,1,0,1,1,0,1,1,0
2016,2016,SRA,7,Health Care,1.5410720859,1,1,1,0,0,1,1,1,1
2016,2016,SRB,7,Consumer Discretionary,5.722144864919786,0,1,0,1,1,1,1,1,1
2016,2016,SRC,5,Consumer Discretionary,0.7048569343219917,1,1,0,1,0,0,1,1,0
2016,2016,SRF,4,Industrials,0.6684336188499829,1,0,1,0,0,0,1,0,1
2016,2016,SSC,5,Consumer Staples,0.5937326277767048,1,1,0,1,0,1,1,0,0
2016,2016,SSM,6,Materials,1.128717749553723,1,0,1,0,0,1,1,1,1
2016,2016,SSN,5,Consumer Staples,0.5697883684865901,1,0,1,0,1,0,1,1,0
2016,2016,ST8,3,Consumer Discretionary,0.513248669537622,1,1,0,0,0,0,0,0,1
2016,2016,STC,7,Communication Services,0.4761086446142106,1,1,0,1,1,0,1,1,1
2016,2016,STG,5,Industrials,0.4172019147850792,1,1,1,0,1,0,0,1,0
2016,2016,STK,5,Consumer Discretionary,0.6527031514606206,1,1,0,1,1,0,1,0,0
2016,2016,STP,5,Materials,2.902121817993582,1,1,0,1,0,0,1,0,1
2016,2016,STV,4,Materials,0.8018689497989862,1,0,1,0,0,0,1,0,1
2016,2016,SVC,5,Consumer Discretionary,0.7315434894107788,1,0,1,0,0,1,0,1,1
2016,2016,SVN,3,Consumer Staples,7.048816071079365,1,0,0,0,0,1,0,1,0
2016,2016,SWC,3,Industrials,0.932558308219076,1,0,0,0,1,1,0,0,0
2016,2016,SZL,9,Real Estate,0.8462927802772574,1,1,1,1,1,1,1,1,1
2016,2016,TA9,6,Industrials,0.6064363839616259,1,1,0,1,0,1,1,1,0
2016,2016,TAC,6,Consumer Staples,0.3223450798306265,1,1,0,1,0,1,1,0,1
2016,2016,TBC,6,Utilities,0.5279866998708661,1,1,1,1,0,0,1,0,1
2016,2016,TBD,5,Industrials,0.575156832270383,1,0,1,0,0,1,1,1,0
2016,2016,TC6,4,Energy,1.904142817116082,1,0,0,0,0,1,1,1,0
2016,2016,TCH,5,Real Estate,0.6979987429644536,1,0,1,0,1,1,0,1,0
2016,2016,TCL,7,Industrials,0.967992170231489,1,1,1,0,1,1,1,0,1
2016,2016,TCM,5,Consumer Discretionary,1.27576975493372,1,1,0,1,1,0,1,0,0
2016,2016,TCR,7,Materials,3.256964578323395,1,1,0,1,1,1,1,1,0
2016,2016,TCS,3,Energy,1.9721627659265548,1,0,0,0,1,0,1,0,0
2016,2016,TCT,7,Industrials,0.3451678003027634,1,1,1,1,0,1,1,1,0
2016,2016,TDC,5,Real Estate,2.0229452114271185,1,1,0,0,0,1,1,1,0
2016,2016,TDN,7,Energy,2.026010204818494,1,1,1,1,0,1,1,1,0
2016,2016,TDS,6,Materials,1.563015561251563,1,1,0,1,0,1,1,0,1
2016,2016,TEG,5,Industrials,1.4781475422628096,1,1,0,0,1,0,1,1,0
2016,2016,TFC,2,Consumer Staples,1.485954606266249,1,0,0,0,0,0,1,0,0
2016,2016,THG,5,Materials,0.4051335225336006,1,1,1,1,0,0,0,1,0
2016,2016,THS,5,Consumer Discretionary,1.82471088162768,1,1,1,1,0,0,1,0,0
2016,2016,THT,4,Energy,1.6945781472123171,1,0,0,0,0,1,1,1,0
2016,2016,TIC,5,Utilities,0.8333235676811444,1,1,0,0,0,1,1,0,1
2016,2016,TIE,5,Consumer Discretionary,2.5023256104408405,1,1,0,1,0,1,1,0,0
2016,2016,TIG,3,Real Estate,2.957894170125437,1,0,0,0,1,1,0,0,0
2016,2016,TIP,7,Real Estate,0.8926825907646767,1,1,0,1,1,1,1,1,0
2016,2016,TIS,8,Materials,1.3007525993647404,1,1,1,1,1,1,1,1,0
2016,2016,TKC,6,Real Estate,0.7628603169752041,1,1,1,0,1,0,1,0,1
2016,2016,TKU,6,Materials,1.4001020296925175,1,1,1,0,0,0,1,1,1
2016,2016,TL4,5,Industrials,2.790941800065758,1,1,0,1,1,1,0,0,0
2016,2016,TLG,8,Industrials,0.2388441354568323,1,1,1,1,1,1,1,1,0
2016,2016,TLH,6,Materials,1.2606691723764838,1,0,1,0,0,1,1,1,1
2016,2016,TLT,8,Materials,0.3655481128394232,1,1,1,1,1,1,1,0,1
2016,2016,TMP,5,Utilities,0.513547639821978,1,1,0,1,1,0,1,0,0
2016,2016,TMS,3,Industrials,0.6522191589864443,1,1,0,0,0,0,0,1,0
2016,2016,TNA,7,Consumer Discretionary,0.6642817286712287,1,0,1,0,1,1,1,1,1
2016,2016,TNC,5,Materials,1.521005077308596,1,0,1,0,0,1,1,1,0
2016,2016,TND,7,Energy,1.0488969695666666,1,1,1,1,1,0,1,1,0
2016,2016,TNG,2,Consumer Discretionary,1.2364408466315104,1,0,0,0,1,0,0,0,0
2016,2016,TNT,2,Materials,4.634174578039215,1,0,0,0,0,0,0,1,0
2016,2016,TOP,4,Consumer Discretionary,6.668391370940171,1,0,1,0,0,1,0,1,0
2016,2016,TPC,8,Materials,1.9490339145552895,1,1,1,1,1,0,1,1,1
2016,2016,TPP,5,Materials,0.4450957154812501,1,1,1,0,0,0,1,1,0
2016,2016,TRA,5,Health Care,0.2355268383890098,1,1,1,0,0,0,1,1,0
2016,2016,TRC,6,Materials,1.816077119799377,1,1,1,1,1,0,1,0,0
2016,2016,TS4,3,Consumer Staples,2.031651741613277,0,1,0,1,0,0,1,0,0
2016,2016,TSB,8,Industrials,0.9812032680061716,1,1,1,1,1,1,1,0,1
2016,2016,TSC,3,Consumer Discretionary,4.232269872649892,1,1,0,1,0,0,0,0,0
2016,2016,TST,5,Industrials,3.670995959855769,1,0,1,0,0,1,1,0,1
2016,2016,TTB,5,Real Estate,1.7539414067798695,1,0,1,0,1,1,0,0,1
2016,2016,TTC,4,Materials,0.9025170657726048,1,1,0,0,0,0,1,1,0
2016,2016,TTF,2,Consumer Discretionary,0.1396374605562143,0,0,0,1,1,0,0,0,0
2016,2016,TTH,6,Consumer Discretionary,2.206847724348559,1,0,1,0,0,1,1,1,1
2016,2016,TTZ,6,Materials,4.022967367908163,1,1,1,1,0,0,0,1,1
2016,2016,TV1,8,Industrials,0.7757019019929289,1,1,1,1,1,1,1,0,1
2016,2016,TV2,5,Industrials,0.2982626200207614,1,1,1,1,0,0,0,0,1
2016,2016,TV3,7,Industrials,0.7227618837359542,1,1,1,1,0,0,1,1,1
2016,2016,TV4,6,Industrials,0.8895245607976291,1,1,1,0,1,0,1,0,1
2016,2016,TVD,5,Energy,1.6941539710009266,1,1,0,0,0,1,1,1,0
2016,2016,TVN,6,Materials,1.4199296447132983,1,0,1,0,0,1,1,1,1
2016,2016,TXM,7,Materials,2.215751073395176,1,1,1,1,0,0,1,1,1
2016,2016,TYA,4,Industrials,1.3349762431937728,1,1,0,0,0,1,1,0,0
2016,2016,UDC,8,Industrials,5.389452816141302,1,1,1,1,1,1,1,0,1
2016,2016,UDJ,5,Real Estate,1.555817028587977,1,1,0,1,0,0,1,0,1
2016,2016,UIC,6,Utilities,0.9467126798189656,1,1,1,0,0,1,1,0,1
2016,2016,UNI,2,Real Estate,2.1919615385104803,1,0,0,0,0,0,1,0,0
2016,2016,V21,4,Consumer Discretionary,0.7973088052058666,0,0,0,1,0,1,0,1,1
2016,2016,VAF,3,Materials,0.9770845740754656,1,0,0,0,0,1,1,0,0
2016,2016,VBC,4,Materials,0.4676496943298316,1,1,0,0,0,0,1,1,0
2016,2016,VC2,5,Industrials,1.1514982057679324,1,0,1,0,1,0,0,1,1
2016,2016,VC3,8,Real Estate,0.3904797838660113,1,1,1,1,0,1,1,1,1
2016,2016,VC7,4,Consumer Discretionary,0.7905835814082862,1,0,1,0,0,1,0,1,0
2016,2016,VC9,6,Industrials,1.7228074199311638,1,1,1,0,1,0,1,0,1
2016,2016,VCA,7,Materials,1.6557264893719892,1,1,1,1,0,1,1,0,1
2016,2016,VCC,7,Industrials,1.3567616811290322,1,1,0,1,0,1,1,1,1
2016,2016,VCF,8,Consumer Staples,0.4548295032935598,1,1,1,1,1,0,1,1,1
2016,2016,VCG,9,Industrials,0.9725873193207728,1,1,1,1,1,1,1,1,1
2016,2016,VCM,5,Consumer Discretionary,1.3851649955753969,1,0,1,0,0,1,1,0,1
2016,2016,VCP,5,Utilities,0.7656817658675922,1,1,0,1,0,1,1,0,0
2016,2016,VCR,8,Real Estate,3.0712787900798464,1,1,1,1,1,1,1,1,0
2016,2016,VDT,8,Materials,1.041257535658353,1,1,1,1,0,1,1,1,1
2016,2016,VE1,4,Industrials,1.520582117530118,0,1,0,1,0,1,1,0,0
2016,2016,VE3,3,Industrials,1.211697177673751,1,1,0,0,0,0,1,0,0
2016,2016,VE8,5,Industrials,1.068504717917918,1,1,0,1,0,0,1,0,1
2016,2016,VE9,6,Industrials,1.6555189688344143,1,1,1,1,0,0,1,0,1
2016,2016,VEF,3,Industrials,0.2464638352349908,1,0,0,0,0,1,1,0,0
2016,2016,VGG,8,Consumer Discretionary,0.4548927717747224,1,1,1,0,1,1,1,1,1
2016,2016,VGS,6,Materials,1.4643456944642332,1,0,1,0,1,1,0,1,1
2016,2016,VHC,8,Consumer Staples,0.4474262925557976,1,1,1,1,0,1,1,1,1
2016,2016,VIC,6,Real Estate,0.2426557093196228,1,1,1,1,1,0,0,0,1
2016,2016,VID,6,Materials,3.1924019452203254,1,0,1,0,1,1,1,1,0
2016,2016,VIP,7,Energy,2.0481903226303686,1,1,1,1,0,1,1,0,1
2016,2016,VIS,6,Materials,0.7267984886603973,1,0,1,0,0,1,1,1,1
2016,2016,VIT,8,Materials,0.5703862002847248,1,1,1,1,1,1,1,0,1
2016,2016,VKC,7,Consumer Discretionary,0.83640271298125,1,1,1,1,0,1,0,1,1
2016,2016,VLG,8,Industrials,2.030289867243572,1,1,1,1,1,1,1,0,1
2016,2016,VMC,7,Industrials,0.8039227893540983,1,1,0,1,1,1,1,0,1
2016,2016,VMD,5,Health Care,0.6829856366156491,1,1,0,1,0,1,0,0,1
2016,2016,VNA,4,Industrials,2.3052440454464285,0,1,0,1,1,0,1,0,0
2016,2016,VNE,6,Industrials,1.421304605426016,1,1,0,1,1,1,1,0,0
2016,2016,VNF,6,Industrials,0.7907342876950855,1,0,1,0,1,1,1,1,0
2016,2016,VNG,9,Consumer Discretionary,0.8417659775327635,1,1,1,1,1,1,1,1,1
2016,2016,VNH,4,Consumer Staples,0.6816740249912464,0,1,0,1,1,0,1,0,0
2016,2016,VNI,5,Real Estate,1.256846046083353,0,1,0,1,1,0,1,0,1
2016,2016,VNL,3,Industrials,0.8470270272133333,1,0,0,0,0,1,1,0,0
2016,2016,VNM,7,Consumer Staples,0.1216054165853973,1,1,1,0,1,1,0,1,1
2016,2016,VNP,6,Materials,0.8016169591610007,1,1,1,1,1,0,1,0,0
2016,2016,VNS,4,Industrials,0.6871967615894381,1,1,0,1,0,0,1,0,0
2016,2016,VOC,6,Consumer Staples,0.4863256831830021,1,1,1,0,0,1,1,0,1
2016,2016,VOS,4,Industrials,4.403352993529412,0,1,0,1,1,0,1,0,0
2016,2016,VPC,7,Consumer Discretionary,4.52158025382716,0,1,1,1,1,0,1,1,1
2016,2016,VPH,4,Real Estate,1.9540000932528845,1,0,0,0,1,0,1,0,1
2016,2016,VPK,3,Materials,1.2454910813266749,1,1,0,0,0,0,1,0,0
2016,2016,VPS,7,Materials,0.7725892609736885,1,1,1,0,1,1,1,1,0
2016,2016,VQC,7,Industrials,2.2162043755512557,1,1,1,1,0,1,1,0,1
2016,2016,VRC,5,Real Estate,0.6760776682512957,1,1,1,1,0,0,0,1,0
2016,2016,VRG,3,Real Estate,1.5368617160333662,0,1,0,1,0,0,1,0,0
2016,2016,VSH,4,Utilities,0.8861172092839964,1,1,0,0,0,1,1,0,0
2016,2016,VSI,4,Industrials,1.2052663665829044,1,0,1,0,0,1,1,0,0
2016,2016,VTA,8,Materials,1.0014111827330507,1,1,1,1,1,1,1,0,1
2016,2016,VTB,5,Consumer Discretionary,1.5272238744756823,1,1,0,1,0,0,1,0,1
2016,2016,VTC,5,Communication Services,1.3223181019616133,1,0,1,0,1,0,1,0,1
2016,2016,VTG,5,Consumer Discretionary,0.7797829681628513,0,1,0,1,1,0,1,1,0
2016,2016,VTH,4,Industrials,1.554625719037037,1,0,0,0,0,1,1,1,0
2016,2016,VTJ,7,Consumer Discretionary,0.8825796436488508,1,1,1,1,0,1,1,0,1
2016,2016,VTO,6,Energy,1.7650909620521358,1,1,1,1,0,0,1,1,0
2016,2016,VTS,8,Materials,1.9592406052966105,1,1,1,1,0,1,1,1,1
2016,2016,VTV,3,Energy,0.7020651867658001,1,0,1,0,0,0,1,0,0
2016,2016,VTX,8,Industrials,0.9443114486163522,1,1,1,1,1,1,1,1,0
2016,2016,WCS,5,Industrials,0.4248113932487805,1,1,0,0,0,1,1,1,0
2016,2016,WSB,8,Consumer Staples,0.600789136453202,1,1,1,1,1,0,1,1,1
2016,2016,XPH,7,Consumer Staples,2.6057057567359276,1,1,1,1,0,1,1,1,0
2016,2016,YBC,4,Materials,2.659270545922955,1,0,0,0,1,1,1,0,0
2017,2017,AAA,3,Materials,0.4975690979641385,1,0,0,0,1,0,0,0,1
2017,2017,AAM,7,Consumer Staples,2.3431532225967966,1,1,0,1,0,1,1,1,1
2017,2017,ABC,4,Communication Services,1.6350381980446531,1,0,1,0,0,1,1,0,0
2017,2017,ABT,3,Consumer Staples,1.1716481775435654,1,1,0,0,0,0,1,0,0
2017,2017,ACC,4,Materials,0.978720686470297,1,1,0,1,0,1,0,0,0
2017,2017,ACE,6,Materials,0.8688748172570142,1,1,0,1,1,1,1,0,0
2017,2017,ACL,7,Consumer Staples,2.024950784545919,1,1,0,1,1,1,1,1,0
2017,2017,ACV,7,Industrials,0.1157257989752122,1,1,0,1,1,1,1,1,0
2017,2017,ADS,4,Consumer Discretionary,0.9253378141229026,1,0,1,0,0,1,0,0,1
2017,2017,AGM,8,Consumer Staples,2.222981331238425,1,1,1,1,1,1,1,0,1
2017,2017,ALV,5,Industrials,0.9482485602926036,1,1,1,0,0,0,1,0,1
2017,2017,AMC,7,Materials,0.6326341547493735,1,1,1,1,0,1,1,1,0
2017,2017,AMD,3,Materials,1.2687196765110722,1,1,0,0,0,1,0,0,0
2017,2017,AMV,7,Health Care,0.6052985498567691,1,1,1,0,1,1,0,1,1
2017,2017,ANI,6,Real Estate,1.3517294142932874,1,1,0,1,0,1,1,0,1
2017,2017,ANV,8,Consumer Staples,1.0148693211546174,1,1,1,1,1,0,1,1,1
2017,2017,APC,8,Industrials,0.2780556526922148,1,1,1,0,1,1,1,1,1
2017,2017,APF,5,Consumer Staples,0.8547350109869727,1,1,0,1,1,0,0,1,0
2017,2017,API,9,Real Estate,0.3920402296381621,1,1,1,1,1,1,1,1,1
2017,2017,ASA,4,Unknown,3.455318050033333,0,1,0,1,0,1,1,0,0
2017,2017,ASM,4,Consumer Staples,1.0825277587914408,1,0,0,0,1,0,1,0,1
2017,2017,ASP,5,Utilities,1.5766725044645251,1,0,1,0,0,0,1,1,1
2017,2017,ATS,4,Consumer Discretionary,0.1931104481268812,1,0,0,0,0,1,1,0,1
2017,2017,BBC,4,Unknown,0.5970700058123373,1,1,1,0,0,0,1,0,0
2017,2017,BCC,5,Materials,2.151261811957468,1,1,0,1,0,1,1,0,0
2017,2017,BCE,6,Industrials,2.1220770713690476,1,1,1,1,0,0,1,1,0
2017,2017,BCG,1,Industrials,1.674812702901418,1,0,0,0,0,0,0,0,0
2017,2017,BDB,6,Communication Services,1.1344283891150615,1,1,0,1,0,1,1,0,1
2017,2017,BFC,6,Materials,0.5066653338311333,1,0,1,0,1,0,1,1,1
2017,2017,BHN,5,Consumer Staples,0.198705681855372,1,1,0,0,1,1,1,0,0
2017,2017,BMC,7,Materials,1.0353418263704584,1,1,1,1,1,0,1,0,1
2017,2017,BMP,5,Materials,0.3495042422816387,1,1,0,1,0,1,1,0,0
2017,2017,BSL,6,Consumer Staples,0.6808278894663923,1,1,1,1,0,0,1,0,1
2017,2017,BSP,7,Consumer Staples,0.7325398857629629,1,1,1,0,0,1,1,1,1
2017,2017,BTD,4,Materials,1.516897451395918,1,1,0,0,0,0,1,0,1
2017,2017,BTP,6,Utilities,1.5452097758626295,1,1,0,1,1,0,1,0,1
2017,2017,BVG,5,Materials,5.782454820375755,1,1,1,0,0,0,1,0,1
2017,2017,BWE,6,Utilities,0.983906846784141,1,1,0,1,1,0,1,0,1
2017,2017,C21,5,Real Estate,1.6340390534946194,1,1,1,0,0,0,1,0,1
2017,2017,CAP,3,Materials,0.3963596567155997,1,0,0,0,0,0,1,1,0
2017,2017,CAV,7,Industrials,0.4275951471721421,1,1,1,0,1,1,0,1,1
2017,2017,CC4,6,Industrials,1.0920250147722868,1,1,0,1,1,0,1,1,0
2017,2017,CDC,4,Industrials,1.0616528218043566,1,0,1,0,0,0,1,1,0
2017,2017,CDN,4,Industrials,0.6309634248339858,1,1,0,1,0,0,1,0,0
2017,2017,CET,5,Consumer Discretionary,2.923550420399113,1,1,0,0,1,0,1,0,1
2017,2017,CHP,9,Utilities,0.5637784922873971,1,1,1,1,1,1,1,1,1
2017,2017,CIG,5,Industrials,2.6891482078984907,1,1,0,1,1,0,1,0,0
2017,2017,CLG,4,Real Estate,2.2933406110615646,1,0,0,0,1,1,1,0,0
2017,2017,CLL,8,Industrials,0.6122021707075422,1,1,1,1,1,1,1,1,0
2017,2017,CLW,6,Utilities,0.8846283532528078,1,1,0,1,1,1,1,0,0
2017,2017,CMN,6,Consumer Staples,0.7940728373425388,1,1,1,1,0,0,1,0,1
2017,2017,CMS,5,Industrials,2.35577050408188,1,1,1,1,0,0,1,0,0
2017,2017,CMX,7,Consumer Staples,1.0212423027897664,1,1,1,1,0,1,0,1,1
2017,2017,CNG,6,Utilities,0.5580218526115769,1,1,0,1,1,0,1,0,1
2017,2017,COM,5,Energy,0.5630461022118837,1,1,0,1,0,1,1,0,0
2017,2017,CPC,3,Materials,0.519224237715856,1,0,0,0,0,0,1,0,1
2017,2017,CSC,5,Real Estate,0.5727043424089456,1,0,1,0,0,1,1,0,1
2017,2017,CSM,3,Consumer Discretionary,0.7554497093802927,1,0,0,0,1,0,1,0,0
2017,2017,CSV,7,Materials,0.4751721301946419,1,1,1,1,0,1,1,1,0
2017,2017,CTB,1,Industrials,0.4689115089501661,1,0,0,0,0,0,0,0,0
2017,2017,CTD,3,Industrials,0.4214956980825836,1,1,0,0,0,0,1,0,0
2017,2017,CTF,2,Consumer Discretionary,0.4830356028340081,1,0,0,0,0,0,1,0,0
2017,2017,CTI,6,Industrials,0.6119040128130196,1,1,1,0,1,1,0,1,0
2017,2017,CTP,7,Consumer Staples,0.9129466652266668,1,1,1,0,1,0,1,1,1
2017,2017,CTR,4,Communication Services,0.5587392778848834,1,0,1,0,0,0,1,0,1
2017,2017,CTX,7,Real Estate,1.0975818136143414,1,1,1,0,1,1,0,1,1
2017,2017,CVT,6,Materials,0.3521210043020632,1,1,1,1,1,0,0,1,0
2017,2017,D2D,5,Real Estate,0.6227746989049913,1,0,1,0,0,1,1,1,0
2017,2017,DAG,4,Industrials,1.2977059829063566,1,0,0,0,1,0,1,0,1
2017,2017,DAT,4,Consumer Staples,0.4412157047244158,1,0,0,0,1,0,1,0,1
2017,2017,DBC,4,Consumer Staples,1.0313344495688814,1,1,0,0,0,0,1,1,0
2017,2017,DBD,4,Health Care,0.2825103152919977,1,1,0,0,0,1,1,0,0
2017,2017,DBT,6,Health Care,0.9146496828604976,1,1,1,1,0,1,0,0,1
2017,2017,DC1,2,Industrials,1.0473134468065268,1,0,0,0,0,0,1,0,0
2017,2017,DCL,3,Health Care,0.5624222528302062,1,1,0,0,0,0,0,1,0
2017,2017,DCM,8,Materials,0.8510104737612225,1,1,1,1,1,1,1,0,1
2017,2017,DCS,5,Materials,5.243314892299034,0,1,0,1,1,1,1,0,0
2017,2017,DDV,8,Materials,1.043743629983576,1,1,1,1,1,0,1,1,1
2017,2017,DGC,4,Materials,0.406150978365715,1,0,0,0,0,1,1,1,0
2017,2017,DGL,5,Materials,0.5677915603898797,1,1,1,0,0,0,1,0,1
2017,2017,DGW,3,Consumer Discretionary,0.8001411085249907,1,0,1,0,0,0,0,1,0
2017,2017,DHA,7,Materials,0.717681855404567,1,1,1,0,0,1,1,1,1
2017,2017,DHC,2,Materials,0.4476430692127616,1,1,0,0,0,0,0,0,0
2017,2017,DHG,3,Health Care,0.1827254690241447,1,1,0,0,0,0,1,0,0
2017,2017,DHM,3,Materials,3.027310933448217,1,0,0,0,0,0,1,1,0
2017,2017,DHT,8,Health Care,0.2708689717563783,1,1,1,0,1,1,1,1,1
2017,2017,DIC,4,Materials,1.717234867041843,1,0,0,0,1,0,1,0,1
2017,2017,DIH,3,Industrials,1.5024853013773756,1,0,0,0,0,0,1,1,0
2017,2017,DLG,2,Industrials,2.9240966268157864,1,0,0,0,0,0,0,0,1
2017,2017,DMC,6,Health Care,0.2373414152678494,1,1,1,1,0,0,1,1,0
2017,2017,DNA,5,Utilities,1.97612916358875,1,1,0,1,1,0,1,0,0
2017,2017,DNP,4,Materials,0.6709698137891321,1,1,0,0,1,1,0,0,0
2017,2017,DNR,5,Industrials,1.2105706394015303,1,0,1,0,0,0,1,1,1
2017,2017,DNW,7,Utilities,0.7952147409053333,1,1,0,1,1,0,1,1,1
2017,2017,DPG,4,Industrials,0.6535539275524084,1,1,1,0,0,0,0,1,0
2017,2017,DPM,4,Materials,0.9356293781224624,1,1,0,0,0,0,1,0,1
2017,2017,DPR,9,Materials,1.3289450212181315,1,1,1,1,1,1,1,1,1
2017,2017,DQC,2,Industrials,0.8730668968343824,1,0,0,0,0,0,1,0,0
2017,2017,DRH,5,Industrials,0.7253703124558707,1,1,0,0,0,1,1,1,0
2017,2017,DRI,9,Materials,1.00627302746357,1,1,1,1,1,1,1,1,1
2017,2017,DRL,7,Utilities,0.2923379114709851,1,1,1,1,0,0,1,1,1
2017,2017,DTA,5,Real Estate,1.0273274968118813,1,0,1,0,1,0,1,1,0
2017,2017,DTC,7,Materials,0.4440824632142857,1,1,1,0,1,1,0,1,1
2017,2017,DTT,5,Materials,1.225142975116804,1,1,0,1,1,0,1,0,0
2017,2017,DVN,4,Health Care,0.4793631131614994,1,0,0,0,1,0,1,0,1
2017,2017,DVP,8,Industrials,0.3825405162187011,1,1,1,0,1,1,1,1,1
2017,2017,DXG,2,Real Estate,0.5841446834316582,1,0,0,0,0,0,0,1,0
2017,2017,DXP,4,Materials,1.0024888532573146,1,1,0,0,0,1,1,0,0
2017,2017,DXV,4,Materials,2.8119811626721765,1,0,0,0,0,1,1,1,0
2017,2017,EID,5,Communication Services,1.1076819959954955,1,1,0,1,0,1,0,1,0
2017,2017,EIN,7,Consumer Discretionary,3.1627343975142743,1,1,0,1,0,1,1,1,1
2017,2017,EMC,5,Industrials,0.6606318681314478,1,1,0,0,1,1,1,0,0
2017,2017,EME,5,Materials,1.0748037981794027,1,0,1,0,0,1,1,0,1
2017,2017,EVE,5,Consumer Discretionary,1.1529825719934286,1,1,0,1,0,0,1,0,1
2017,2017,FCM,6,Materials,1.8877950166692807,1,1,0,0,1,0,1,1,1
2017,2017,FCN,3,Industrials,0.8755940598351888,1,0,0,0,1,0,1,0,0
2017,2017,FDC,7,Real Estate,0.5573380137558762,1,1,1,1,1,0,1,1,0
2017,2017,FIT,3,Health Care,1.3573738992617388,1,1,0,0,0,0,0,1,0
2017,2017,FLC,5,Unknown,1.8924128655957733,1,1,0,1,1,0,0,0,1
2017,2017,FMC,5,Consumer Staples,0.6457422651225821,1,0,1,0,0,1,0,1,1
2017,2017,FOX,7,Communication Services,0.2703640497583832,1,1,0,1,1,0,1,1,1
2017,2017,FPT,6,Information Technology,0.3769397462930677,1,1,1,0,1,1,0,1,0
2017,2017,G36,6,Industrials,1.3870317601689977,1,1,1,0,1,1,0,1,0
2017,2017,GAS,7,Utilities,0.2226317070174153,1,1,1,1,0,0,1,1,1
2017,2017,GDT,4,Consumer Discretionary,0.3670686459335316,1,1,0,0,0,1,1,0,0
2017,2017,GEG,8,Utilities,0.8076337381754093,1,1,1,1,1,1,0,1,1
2017,2017,GEX,4,Industrials,0.6540050200114086,1,0,0,0,1,0,1,1,0
2017,2017,GHC,7,Utilities,0.4779668559974623,1,1,1,0,0,1,1,1,1
2017,2017,GIL,7,Consumer Discretionary,1.1503054187618535,1,1,1,0,1,1,1,0,1
2017,2017,GMC,6,Consumer Discretionary,0.7291046797100822,1,1,1,0,1,1,1,0,0
2017,2017,GMD,6,Industrials,0.5480724248507367,1,1,1,1,0,1,1,0,0
2017,2017,GND,7,Materials,0.9054853561262626,1,1,1,1,0,1,0,1,1
2017,2017,GSM,9,Utilities,1.026873829292797,1,1,1,1,1,1,1,1,1
2017,2017,GSP,6,Energy,0.9229431195091482,1,1,1,0,0,1,1,0,1
2017,2017,GTA,3,Materials,1.1195762980264496,1,0,0,0,0,1,1,0,0
2017,2017,GTN,8,Consumer Staples,0.6525549831476544,1,1,1,1,1,0,1,1,1
2017,2017,HAG,6,Consumer Staples,2.0501144734970813,1,1,1,1,1,0,0,1,0
2017,2017,HAH,4,Industrials,0.9801903024921492,1,1,1,0,0,0,0,0,1
2017,2017,HAP,7,Materials,2.8933858495953086,1,1,1,1,1,1,1,0,0
2017,2017,HAR,5,Real Estate,1.201053015445393,1,0,1,0,1,0,1,1,0
2017,2017,HAS,5,Industrials,2.245273239701935,1,1,1,0,0,1,1,0,0
2017,2017,HAT,7,Consumer Staples,0.392068255707501,1,1,1,1,0,0,1,1,1
2017,2017,HAX,3,Consumer Discretionary,0.4508979482727558,1,0,0,0,0,0,1,1,0
2017,2017,HBC,2,Industrials,0.390002111238893,1,0,0,0,1,0,0,0,0
2017,2017,HC3,7,Real Estate,1.2315511568244846,1,0,1,0,1,1,1,1,1
2017,2017,HCD,4,Industrials,1.5405071910270174,1,0,1,0,0,0,1,1,0
2017,2017,HD2,6,Real Estate,1.4155345671830544,1,1,0,1,0,1,1,1,0
2017,2017,HDC,7,Real Estate,0.9424838192825116,1,1,1,1,1,1,0,1,0
2017,2017,HDG,6,Utilities,0.488842796051927,1,1,0,1,1,1,0,1,0
2017,2017,HDM,6,Consumer Discretionary,0.9395255842456895,1,1,0,1,1,1,1,0,0
2017,2017,HDO,3,Industrials,4.1289242499901455,0,1,0,1,1,0,0,0,0
2017,2017,HEC,3,Industrials,1.064986335726131,1,0,0,0,0,0,1,1,0
2017,2017,HGM,7,Materials,0.4702853405433133,1,1,1,1,0,0,1,1,1
2017,2017,HHC,4,Consumer Staples,0.4205719049786611,1,1,0,0,0,0,1,1,0
2017,2017,HHS,2,Consumer Discretionary,2.434041587617043,1,0,0,0,0,0,1,0,0
2017,2017,HIG,5,Information Technology,2.697737337640044,1,1,0,1,0,0,1,0,1
2017,2017,HII,4,Materials,0.5041848405679513,1,0,1,0,1,0,0,0,1
2017,2017,HLD,5,Real Estate,1.8148784822554744,1,0,1,0,1,0,1,0,1
2017,2017,HMC,6,Materials,1.4054707885141424,1,1,1,0,0,0,1,1,1
2017,2017,HMH,4,Industrials,1.7806447328053094,1,1,0,0,0,1,1,0,0
2017,2017,HMS,5,Industrials,1.1684498934612342,1,1,0,1,1,0,1,0,0
2017,2017,HNA,7,Utilities,0.9568580386897776,1,1,1,1,1,0,1,0,1
2017,2017,HND,8,Utilities,0.7977864666952308,1,1,1,0,1,1,1,1,1
2017,2017,HNG,7,Consumer Staples,1.3774237515921637,1,1,1,1,1,0,1,1,0
2017,2017,HNM,2,Consumer Staples,1.9744989831875,0,0,0,0,1,0,1,0,0
2017,2017,HOM,5,Materials,3.2457902597319324,1,1,0,1,1,0,1,0,0
2017,2017,HOT,8,Consumer Discretionary,0.7796369877488204,1,1,1,1,0,1,1,1,1
2017,2017,HPD,8,Utilities,1.1741494990029695,1,1,1,1,0,1,1,1,1
2017,2017,HPG,4,Materials,0.4543158887213008,1,1,0,0,0,1,0,0,1
2017,2017,HPI,6,Real Estate,0.8391279264875,1,1,0,1,1,0,1,0,1
2017,2017,HPP,4,Materials,0.6065618563811276,1,1,0,0,1,0,1,0,0
2017,2017,HQC,5,Real Estate,3.4112361188461953,1,0,1,0,1,0,1,1,0
2017,2017,HSG,1,Materials,0.6370860007889395,1,0,0,0,0,0,0,0,0
2017,2017,HSI,8,Materials,0.031211467482804,1,1,1,1,1,1,1,1,0
2017,2017,HT1,6,Materials,0.8732422319434462,1,1,0,1,1,0,1,0,1
2017,2017,HTE,3,Industrials,1.9958844479765991,1,0,0,0,0,0,1,1,0
2017,2017,HTG,5,Consumer Discretionary,0.9737204212666668,1,1,0,1,1,1,0,0,0
2017,2017,HTI,7,Industrials,1.0678052083166327,1,1,1,1,0,1,1,1,0
2017,2017,HTL,2,Consumer Discretionary,0.4324250029216867,1,0,0,0,0,0,0,1,0
2017,2017,HTV,3,Industrials,1.5299385298477564,1,1,0,1,0,0,0,0,0
2017,2017,HU1,6,Industrials,2.12805839216,1,0,1,0,0,1,1,1,1
2017,2017,HU3,5,Industrials,2.033225463304353,1,1,1,0,0,0,1,1,0
2017,2017,HU6,7,Real Estate,1.904320343840796,1,1,0,1,0,1,1,1,1
2017,2017,HUT,5,Consumer Discretionary,1.1844108062050611,1,1,0,1,0,1,0,1,0
2017,2017,HVG,3,Unknown,1.0560082417042935,0,1,0,1,1,0,0,0,0
2017,2017,HVN,6,Industrials,0.3166908283624315,1,1,1,1,1,0,0,0,1
2017,2017,HVT,9,Materials,0.5042972790901303,1,1,1,1,1,1,1,1,1
2017,2017,HVX,5,Materials,2.399386066572447,1,1,0,1,1,0,1,0,0
2017,2017,ICF,5,Consumer Staples,4.444942640930143,0,1,0,1,1,0,1,0,1
2017,2017,ICG,4,Industrials,1.956341396804348,1,1,0,1,0,0,1,0,0
2017,2017,IDC,6,Real Estate,2.280900365548007,1,1,0,1,0,0,1,1,1
2017,2017,IDI,6,Consumer Staples,1.0457538314576762,1,1,1,0,1,0,1,1,0
2017,2017,IDJ,5,Real Estate,3.603664780888237,1,0,1,0,0,0,1,1,1
2017,2017,IFS,8,Consumer Staples,0.367953388040695,1,1,1,0,1,1,1,1,1
2017,2017,IJC,7,Real Estate,1.22892741864334,1,1,1,1,1,0,1,1,0
2017,2017,IMP,4,Health Care,0.4921307413510468,1,1,1,0,0,0,0,0,1
2017,2017,INC,9,Industrials,1.2169358571818183,1,1,1,1,1,1,1,1,1
2017,2017,INN,6,Materials,0.4793592728891093,1,1,0,1,1,1,1,0,0
2017,2017,IPA,6,Industrials,0.8956204601993107,1,0,1,0,1,1,1,0,1
2017,2017,ITA,7,Real Estate,3.3579497303531873,1,1,0,1,1,0,1,1,1
2017,2017,ITC,5,Real Estate,1.609299587525838,1,0,1,0,1,0,1,0,1
2017,2017,ITS,3,Energy,3.448549711549183,1,0,0,0,1,0,0,1,0
2017,2017,JVC,9,Health Care,1.1465147223270895,1,1,1,1,1,1,1,1,1
2017,2017,KBC,4,Real Estate,1.316715029643355,1,1,0,0,0,1,1,0,0
2017,2017,KDC,3,Consumer Staples,0.7834266371535146,1,0,0,0,1,0,0,0,1
2017,2017,KDH,6,Real Estate,0.5663011100973236,1,1,1,1,1,0,0,1,0
2017,2017,KGU,4,Real Estate,0.9007496678578356,1,0,0,0,1,1,1,0,0
2017,2017,KHP,4,Utilities,1.5307291320376055,1,1,0,1,0,0,1,0,0
2017,2017,KKC,4,Materials,1.2576765585628968,1,1,0,0,0,1,1,0,0
2017,2017,KLF,6,Unknown,3.049386651674112,1,0,1,0,1,1,1,0,1
2017,2017,KMR,5,Consumer Discretionary,2.429788245458312,1,0,1,0,1,1,0,1,0
2017,2017,KPF,7,Real Estate,0.4061415109634402,1,1,1,1,1,1,1,0,0
2017,2017,KSB,7,Materials,0.3795148966352409,1,1,1,1,0,1,1,0,1
2017,2017,KSD,6,Consumer Discretionary,2.6473784659375,1,1,1,0,0,1,1,0,1
2017,2017,KSH,5,Unknown,4.656903930225378,1,0,1,0,0,1,0,1,1
2017,2017,KTL,5,Consumer Discretionary,1.2154427046386718,1,0,1,0,1,1,1,0,0
2017,2017,KTS,5,Consumer Staples,0.9979141272636056,1,1,0,1,0,0,1,0,1
2017,2017,KVC,3,Materials,3.796329312978056,1,0,0,0,1,0,1,0,0
2017,2017,L10,6,Industrials,1.4875328925158386,1,1,0,1,1,0,1,1,0
2017,2017,L14,7,Consumer Discretionary,0.2472202922910437,1,1,1,0,0,1,1,1,1
2017,2017,LAF,3,Consumer Staples,0.947388040078653,1,0,0,0,0,0,1,0,1
2017,2017,LAS,5,Materials,0.8095666064592556,1,1,1,0,0,0,1,1,0
2017,2017,LBM,4,Materials,0.7719375619573139,1,1,0,1,0,0,0,0,1
2017,2017,LCG,4,Industrials,1.2599718248079774,1,1,0,1,0,0,0,0,1
2017,2017,LCM,4,Materials,8.76510930409926,1,0,1,0,0,0,1,1,0
2017,2017,LDG,6,Real Estate,0.6127858597548316,1,1,1,0,1,0,0,1,1
2017,2017,LGL,5,Real Estate,1.2988766873765278,1,0,1,0,1,1,0,0,1
2017,2017,LHC,5,Industrials,0.9170945153418804,1,1,1,1,0,0,0,0,1
2017,2017,LHG,6,Real Estate,1.2836242815040533,1,1,0,1,1,1,1,0,0
2017,2017,LIG,3,Industrials,2.449230896139069,1,0,0,0,0,0,1,0,1
2017,2017,LIX,6,Consumer Staples,0.3385159264988112,1,1,0,1,0,1,1,0,1
2017,2017,LLM,7,Industrials,1.5783998680019522,1,1,1,1,1,0,1,0,1
2017,2017,LM7,3,Industrials,2.4169795034117647,0,1,0,1,0,0,1,0,0
2017,2017,LM8,4,Industrials,1.3048309007404966,1,0,0,0,1,1,1,0,0
2017,2017,LUT,4,Industrials,7.62327950217246,1,0,0,0,1,0,1,1,0
2017,2017,MAS,3,Industrials,0.1692403984192865,1,1,0,1,0,0,0,0,0
2017,2017,MBG,3,Consumer Discretionary,3.657273807344165,1,0,0,0,1,1,0,0,0
2017,2017,MCF,5,Consumer Staples,0.7505227342115385,1,1,0,1,0,1,1,0,0
2017,2017,MCG,4,Industrials,2.8800980273919308,1,0,0,0,0,1,1,1,0
2017,2017,MCH,4,Consumer Staples,0.3011662591946578,1,1,0,0,1,0,0,1,0
2017,2017,MCO,5,Industrials,6.687887283265942,1,1,0,1,0,0,1,1,0
2017,2017,MDG,8,Materials,1.1037372467874773,1,1,1,1,1,1,1,1,0
2017,2017,MHC,2,Industrials,2.211353502725345,1,0,0,0,0,0,1,0,0
2017,2017,MPC,5,Consumer Staples,0.6572627127118063,1,0,1,0,0,0,1,1,1
2017,2017,MPT,6,Consumer Discretionary,3.2294981085431136,1,1,0,1,1,1,1,0,0
2017,2017,MSN,5,Consumer Staples,0.1846711537847326,1,1,1,0,1,0,0,1,0
2017,2017,MSR,8,Materials,0.6608462927659665,1,1,1,1,1,0,1,1,1
2017,2017,MST,4,Industrials,3.3641866725490197,1,1,1,0,0,0,1,0,0
2017,2017,MTG,3,Utilities,1.651627176882377,0,1,0,1,0,0,1,0,0
2017,2017,MWG,5,Consumer Discretionary,0.1423344278986702,1,1,0,1,0,1,0,1,0
2017,2017,NAF,5,Consumer Staples,0.6885430798153365,1,1,1,0,0,0,0,1,1
2017,2017,NAG,5,Consumer Discretionary,1.7876948760601428,1,0,1,0,0,0,1,1,1
2017,2017,NAV,8,Consumer Discretionary,1.779454591796857,1,1,1,1,0,1,1,1,1
2017,2017,NBB,8,Real Estate,0.9075347930592208,1,1,1,1,1,1,0,1,1
2017,2017,NBC,4,Energy,1.7107115388874157,1,0,1,0,0,0,1,1,0
2017,2017,NCS,5,Industrials,0.2659072200447844,1,1,1,0,0,1,0,1,0
2017,2017,NCT,5,Industrials,0.1474668425219804,1,1,1,0,0,0,1,0,1
2017,2017,NDN,3,Real Estate,1.2806681307607048,1,0,1,0,0,0,1,0,0
2017,2017,NED,6,Utilities,0.7106707342421879,1,1,1,1,1,0,1,0,0
2017,2017,NET,4,Consumer Staples,0.4668386784647053,1,1,0,1,0,0,1,0,0
2017,2017,NHA,6,Real Estate,1.0292241428597038,1,1,1,0,0,1,1,1,0
2017,2017,NHT,9,Materials,0.5823577911418653,1,1,1,1,1,1,1,1,1
2017,2017,NKG,3,Materials,0.5829610187200635,1,0,0,0,1,1,0,0,0
2017,2017,NLG,7,Real Estate,0.617033747712518,1,1,1,1,1,0,0,1,1
2017,2017,NNG,7,Unknown,1.9844258771378565,1,1,1,1,1,1,1,0,0
2017,2017,NSC,7,Consumer Staples,0.5585512953991064,1,1,1,1,1,0,1,0,1
2017,2017,NSH,5,Materials,1.1643780602901257,1,0,1,0,1,0,1,1,0
2017,2017,NST,5,Consumer Staples,1.487646922383053,1,0,1,0,0,1,1,1,0
2017,2017,NT2,6,Utilities,0.5169329299169293,1,1,0,1,1,1,0,1,0
2017,2017,NTC,6,Real Estate,0.2547784671764232,1,1,0,1,1,1,1,0,0
2017,2017,NTL,5,Real Estate,1.4429407507843957,1,0,1,0,0,1,1,1,0
2017,2017,NTP,4,Materials,0.3338283056128929,1,1,1,0,0,0,1,0,0
2017,2017,NVL,5,Real Estate,0.2981746476672806,1,1,0,0,1,0,0,1,1
2017,2017,NVT,6,Consumer Discretionary,0.7818056593110172,0,1,0,1,1,0,1,1,1
2017,2017,OCH,8,Consumer Staples,0.7906484013598685,0,1,1,1,1,1,1,1,1
2017,2017,OGC,6,Consumer Staples,0.3987409589174917,0,1,1,1,0,0,1,1,1
2017,2017,ONE,6,Communication Services,2.526042082173038,1,1,0,1,0,1,1,1,0
2017,2017,OPC,4,Health Care,0.3317445396178378,1,1,0,1,0,0,1,0,0
2017,2017,PAC,2,Industrials,0.2970739291254802,1,0,0,0,0,0,1,0,0
2017,2017,PAN,4,Consumer Staples,0.6411814624070045,1,1,1,0,0,0,0,0,1
2017,2017,PC1,2,Industrials,0.6022999430573532,1,0,0,0,0,1,0,0,0
2017,2017,PCG,4,Utilities,0.9970431201216974,1,0,1,0,0,0,1,1,0
2017,2017,PDB,3,Materials,1.191524239496949,1,1,0,0,0,0,1,0,0
2017,2017,PDN,8,Industrials,0.3700333373440472,1,1,1,1,1,1,1,0,1
2017,2017,PDR,8,Real Estate,0.3567008701165355,1,1,1,1,1,1,1,1,0
2017,2017,PET,4,Consumer Discretionary,1.4647177409872014,1,1,0,0,0,1,0,1,0
2017,2017,PFL,4,Industrials,4.961532853485714,0,0,0,0,1,0,1,1,1
2017,2017,PGC,6,Utilities,0.8199689878658655,1,1,1,0,0,1,1,0,1
2017,2017,PGD,6,Utilities,0.4193561213571209,1,1,0,1,1,0,1,0,1
2017,2017,PGS,5,Utilities,0.7690435536753146,1,1,0,0,1,0,1,0,1
2017,2017,PGT,3,Industrials,1.9346777627088785,0,0,0,0,0,1,1,1,0
2017,2017,PHC,4,Industrials,0.9340353563518204,1,0,1,0,0,1,0,0,1
2017,2017,PHP,5,Industrials,0.8115402944898182,1,1,0,1,0,1,1,0,0
2017,2017,PHR,6,Materials,0.6902232617479068,1,1,1,0,1,0,0,1,1
2017,2017,PIA,5,Information Technology,0.7252833488888889,1,1,0,1,0,1,1,0,0
2017,2017,PIC,7,Utilities,0.7613351796425327,1,1,1,1,0,0,1,1,1
2017,2017,PIT,4,Consumer Staples,1.6239640879419437,0,1,0,1,1,0,1,0,0
2017,2017,PJT,5,Energy,0.953822284660962,1,1,1,1,0,0,0,0,1
2017,2017,PLC,4,Materials,0.6652154219823899,1,0,1,0,0,0,1,0,1
2017,2017,PLX,4,Energy,0.2360959049150774,1,1,0,0,1,0,0,0,1
2017,2017,PMC,4,Health Care,0.4234916962342539,1,1,0,0,0,1,1,0,0
2017,2017,PME,6,Health Care,0.2937717359165996,1,1,1,0,0,1,1,1,0
2017,2017,PMS,3,Energy,1.4535955751811946,1,1,0,0,0,0,1,0,0
2017,2017,PMT,6,Communication Services,3.4393653575514875,1,0,1,0,0,1,1,1,1
2017,2017,PNC,3,Consumer Discretionary,0.111264412636465,0,1,0,1,0,0,1,0,0
2017,2017,PNJ,7,Consumer Discretionary,0.1991608499232744,1,1,1,0,1,1,0,1,1
2017,2017,POM,8,Materials,1.132207206777549,1,1,1,0,1,1,1,1,1
2017,2017,POS,5,Energy,1.5631769649795082,1,1,0,1,0,1,1,0,0
2017,2017,POT,4,Information Technology,0.7562636626823481,1,0,1,0,0,0,1,0,1
2017,2017,PPC,5,Utilities,0.7508889212506085,1,0,1,0,1,0,0,1,1
2017,2017,PPI,4,Real Estate,4.119214786201945,0,1,0,1,1,0,1,0,0
2017,2017,PPS,5,Industrials,1.4685402561818182,1,1,1,0,0,0,1,0,1
2017,2017,PSB,3,Energy,1.8671084058566667,1,0,0,0,0,1,1,0,0
2017,2017,PSD,5,Consumer Discretionary,0.7206951794201224,1,0,0,0,1,1,1,1,0
2017,2017,PSE,4,Materials,1.431689765066667,1,0,0,0,0,1,1,0,1
2017,2017,PSW,3,Materials,1.2959571418933824,1,0,0,0,0,0,1,0,1
2017,2017,PTB,4,Materials,0.3073088883930515,1,1,0,0,0,0,1,1,0
2017,2017,PTC,4,Industrials,2.246656110281068,1,0,0,0,0,1,1,1,0
2017,2017,PTL,3,Real Estate,1.928187255903524,0,0,0,0,1,0,1,0,1
2017,2017,PVB,6,Energy,0.916840555489957,1,0,1,0,0,1,1,1,1
2017,2017,PVC,6,Energy,1.2427971969056,0,1,1,1,1,0,1,0,1
2017,2017,PVD,5,Energy,1.4775169117305789,1,1,0,1,1,0,1,0,0
2017,2017,PVE,6,Industrials,1.4593297305270587,1,1,0,1,1,0,1,0,1
2017,2017,PVG,5,Utilities,1.827472176381241,1,0,1,0,0,1,1,0,1
2017,2017,PVL,6,Real Estate,1.4845184473846154,0,1,0,1,0,1,1,1,1
2017,2017,PVM,5,Industrials,0.9775294579918842,1,0,1,0,0,1,1,0,1
2017,2017,PVO,5,Energy,2.403079099227528,1,1,0,1,0,1,1,0,0
2017,2017,PVS,7,Energy,1.0192184105848312,1,1,0,1,1,1,1,1,0
2017,2017,PVT,6,Energy,0.695077191733491,1,1,1,1,1,0,0,1,0
2017,2017,PVV,4,Industrials,2.665120269911111,0,0,1,1,0,0,1,0,1
2017,2017,PVX,2,Industrials,0.8596173547600764,0,0,0,0,1,0,1,0,0
2017,2017,PXA,3,Real Estate,0.0672964588717948,0,0,0,1,0,0,1,0,1
2017,2017,PXI,3,Industrials,3.42613152528,0,1,0,1,0,0,1,0,0
2017,2017,PXL,4,Real Estate,4.381362730729413,1,1,0,0,0,0,1,0,1
2017,2017,PXS,3,Industrials,1.2052052827851598,1,0,0,0,1,0,1,0,0
2017,2017,PXT,5,Industrials,1.105818178624454,1,0,0,0,1,1,1,1,0
2017,2017,QCG,6,Real Estate,0.9777855734566316,1,1,1,1,0,0,1,1,0
2017,2017,QHW,8,Consumer Staples,0.609597352787745,1,1,1,1,0,1,1,1,1
2017,2017,QNC,3,Materials,0.44044028462334,0,1,0,1,1,0,0,0,0
2017,2017,QTP,9,Utilities,0.9817858443814816,1,1,1,1,1,1,1,1,1
2017,2017,RAL,8,Industrials,0.4830382943543642,1,1,1,0,1,1,1,1,1
2017,2017,RDP,2,Unknown,0.885499121599913,0,0,0,1,0,1,0,0,0
2017,2017,REE,5,Utilities,0.6244085512554939,1,1,1,0,0,1,0,0,1
2017,2017,RIC,4,Consumer Discretionary,1.906585461789522,0,1,0,1,1,0,1,0,0
2017,2017,ROS,4,Industrials,0.0660578758128099,1,1,0,0,1,0,1,0,0
2017,2017,S4A,9,Utilities,0.5440592360601689,1,1,1,1,1,1,1,1,1
2017,2017,S55,5,Industrials,1.9641317821695363,1,1,0,1,0,0,1,1,0
2017,2017,S99,2,Industrials,2.2588395175851512,0,0,0,0,0,0,1,0,1
2017,2017,SAB,7,Consumer Staples,0.0837130895189575,1,1,1,1,1,1,0,0,1
2017,2017,SAC,6,Industrials,1.092386638608786,1,1,1,0,0,1,1,1,0
2017,2017,SAM,6,Industrials,1.422237111628571,1,0,1,0,0,1,1,1,1
2017,2017,SAS,7,Industrials,0.3903824406332465,1,1,1,1,0,1,0,1,1
2017,2017,SAV,8,Consumer Discretionary,1.9293210320934904,1,1,1,1,0,1,1,1,1
2017,2017,SBA,8,Utilities,0.7242502360979646,1,1,1,1,1,1,1,0,1
2017,2017,SBV,6,Consumer Discretionary,0.4729429886104364,1,1,0,1,1,1,1,0,0
2017,2017,SCD,2,Consumer Staples,0.5495931095191219,0,0,0,0,0,1,1,0,0
2017,2017,SCJ,6,Materials,4.844404230251394,1,0,1,0,0,1,1,1,1
2017,2017,SCR,3,Real Estate,1.4636922814422444,1,0,0,0,1,0,0,0,1
2017,2017,SCS,8,Industrials,0.1499431434888739,1,1,1,1,1,1,0,1,1
2017,2017,SD2,3,Industrials,2.5570150657998942,1,0,0,0,1,0,1,0,0
2017,2017,SD4,5,Industrials,1.497594508737864,1,0,1,0,1,1,1,0,0
2017,2017,SD5,6,Industrials,1.9360307714456289,1,1,0,0,1,1,1,0,1
2017,2017,SD6,4,Industrials,1.68356143610497,1,0,0,0,1,1,1,0,0
2017,2017,SD9,6,Utilities,2.3666585752162614,1,1,1,0,0,1,1,0,1
2017,2017,SDD,3,Industrials,4.836039645296338,0,1,0,1,0,0,1,0,0
2017,2017,SDI,6,Real Estate,0.5606106240293871,1,1,1,1,0,0,1,0,1
2017,2017,SDP,4,Industrials,3.7445101460891927,0,1,0,1,1,0,1,0,0
2017,2017,SDT,5,Industrials,2.6818992953069656,1,0,0,0,1,1,1,0,1
2017,2017,SDV,5,Industrials,1.2424355943552632,1,1,0,1,1,0,1,0,0
2017,2017,SEB,9,Utilities,0.3520401528707415,1,1,1,1,1,1,1,1,1
2017,2017,SFC,4,Energy,0.7186167868146234,1,1,0,0,0,0,1,0,1
2017,2017,SFG,6,Materials,1.024808068887329,1,1,1,1,0,0,1,0,1
2017,2017,SFI,2,Industrials,1.004568841686648,1,0,0,0,0,0,0,0,1
2017,2017,SGN,5,Industrials,0.1182987572542621,1,1,0,1,0,1,0,1,0
2017,2017,SGP,6,Industrials,0.8340212358661072,1,1,1,1,1,0,1,0,0
2017,2017,SGT,6,Communication Services,1.2023025144698214,1,1,1,0,1,0,1,0,1
2017,2017,SHA,4,Industrials,1.5624390923570937,1,0,0,0,1,0,1,0,1
2017,2017,SHI,3,Industrials,1.90018103583323,1,0,0,0,0,0,1,0,1
2017,2017,SHN,4,Consumer Discretionary,1.203564100175738,1,1,0,1,0,0,1,0,0
2017,2017,SHP,9,Utilities,0.5772229680985753,1,1,1,1,1,1,1,1,1
2017,2017,SII,4,Utilities,0.7446875975741042,1,1,0,1,1,0,0,0,0
2017,2017,SJ1,3,Consumer Staples,1.0414827647622928,1,0,0,0,1,1,0,0,0
2017,2017,SJC,5,Industrials,1.1818618154301364,1,0,1,0,1,0,1,0,1
2017,2017,SJD,8,Utilities,0.6724937440507018,1,1,1,1,1,1,1,0,1
2017,2017,SJE,4,Industrials,1.5338828916861729,1,0,1,0,0,1,0,1,0
2017,2017,SJF,2,Materials,0.7369638712074876,1,0,0,0,1,0,0,0,0
2017,2017,SJM,5,Industrials,1.8236417324444445,0,1,1,1,0,0,1,1,0
2017,2017,SKG,3,Industrials,0.5299309409969669,1,1,0,0,0,0,1,0,0
2017,2017,SMA,7,Utilities,1.1970253003934457,1,1,1,0,0,1,1,1,1
2017,2017,SMB,6,Consumer Staples,0.5157845025581994,1,1,1,1,0,0,1,0,1
2017,2017,SMC,5,Materials,1.028502134456391,1,1,0,1,1,1,0,0,0
2017,2017,SNC,6,Consumer Staples,1.321687672966667,1,1,1,1,0,0,1,1,0
2017,2017,SNZ,5,Real Estate,0.7614608983220366,1,1,0,1,1,0,1,0,0
2017,2017,SPI,5,Materials,2.953258500964275,1,0,0,0,1,1,1,0,1
2017,2017,SPM,5,Health Care,3.982656390550705,1,0,1,0,0,1,1,0,1
2017,2017,SRA,3,Health Care,1.5705321887058823,1,0,1,0,0,0,0,0,1
2017,2017,SRB,5,Consumer Discretionary,3.3918728774901963,0,1,1,1,0,0,1,0,1
2017,2017,SRC,3,Consumer Discretionary,0.951121963684706,1,1,0,0,0,0,1,0,0
2017,2017,SRF,2,Industrials,0.7742009588275376,1,0,0,0,1,0,0,0,0
2017,2017,SSC,6,Consumer Staples,0.365504109997734,1,1,1,1,0,0,1,0,1
2017,2017,SSN,3,Consumer Staples,0.6183801972376045,1,0,0,0,0,1,1,0,0
2017,2017,ST8,5,Consumer Discretionary,0.5626588685342373,1,1,0,1,0,0,1,0,1
2017,2017,STC,8,Communication Services,0.604866400888497,1,1,1,1,0,1,1,1,1
2017,2017,STG,6,Industrials,0.7146606199350676,1,1,1,0,1,1,1,0,0
2017,2017,STK,8,Consumer Discretionary,0.7060317710355833,1,1,1,1,1,0,1,1,1
2017,2017,STP,5,Materials,3.0781752516862304,1,1,0,1,0,1,1,0,0
2017,2017,SVC,6,Consumer Discretionary,0.7449191218214687,1,1,0,1,1,0,1,1,0
2017,2017,SVI,4,Materials,0.6029410940078443,1,1,0,1,0,0,0,0,1
2017,2017,SVN,3,Consumer Staples,4.990286434580499,0,0,0,0,1,1,0,1,0
2017,2017,SVT,5,Materials,1.8712424402420045,1,0,1,0,0,1,1,1,0
2017,2017,SWC,6,Industrials,1.35941913694579,1,0,1,0,1,1,1,1,0
2017,2017,SZL,4,Real Estate,0.7868269278747299,1,1,0,0,1,0,1,0,0
2017,2017,TAC,7,Consumer Staples,0.3838037717098522,1,1,1,1,0,1,0,1,1
2017,2017,TBC,7,Utilities,0.5653715330774278,1,1,1,0,0,1,1,1,1
2017,2017,TBD,2,Industrials,0.3842897091321174,1,0,0,0,0,0,1,0,0
2017,2017,TC6,8,Energy,2.492305330732885,1,1,1,1,1,1,1,1,0
2017,2017,TCD,3,Industrials,0.6782446495848931,1,0,0,0,1,0,1,0,0
2017,2017,TCH,3,Real Estate,0.5624413722366471,1,1,0,0,0,0,0,1,0
2017,2017,TCL,9,Industrials,1.1162775697908691,1,1,1,1,1,1,1,1,1
2017,2017,TCM,8,Consumer Discretionary,0.7227794631658092,1,1,1,1,1,1,1,1,0
2017,2017,TCR,4,Materials,3.724063540656656,0,0,0,1,1,0,1,0,1
2017,2017,TCS,9,Energy,2.372933043937596,1,1,1,1,1,1,1,1,1
2017,2017,TCT,6,Industrials,0.2969554618367805,1,1,0,1,0,0,1,1,1
2017,2017,TCW,7,Industrials,1.065667677077199,1,1,0,1,1,1,1,0,1
2017,2017,TDC,7,Real Estate,1.6354127030636856,1,1,1,1,1,0,1,1,0
2017,2017,TDG,5,Utilities,1.2027021688920074,1,0,1,0,0,0,1,1,1
2017,2017,TDM,6,Utilities,0.6359365124819056,1,1,0,1,1,1,0,1,0
2017,2017,TDN,7,Energy,1.901880724835482,1,1,1,1,0,1,1,0,1
2017,2017,TDS,7,Materials,1.785040263897219,1,1,1,0,0,1,1,1,1
2017,2017,TEG,4,Industrials,1.7815263523264575,1,0,0,0,1,0,1,0,1
2017,2017,TFC,6,Consumer Staples,2.268490609004376,1,1,1,1,0,0,1,0,1
2017,2017,THG,5,Materials,0.5929648869427467,1,1,0,0,0,1,1,1,0
2017,2017,THT,6,Energy,1.8233910552619008,1,1,1,0,0,1,1,0,1
2017,2017,TIE,3,Consumer Discretionary,2.5355333708642025,0,0,0,0,0,1,1,1,0
2017,2017,TIG,4,Real Estate,2.721942274069255,1,0,1,0,0,0,1,1,0
2017,2017,TIP,6,Real Estate,1.0538690833177409,1,1,0,1,0,1,1,0,1
2017,2017,TIS,5,Materials,0.827466149854383,1,1,0,1,0,0,1,0,1
2017,2017,TKC,5,Real Estate,0.5711311347873899,1,0,1,0,1,0,1,0,1
2017,2017,TL4,3,Industrials,2.4088566295472544,1,0,0,0,0,0,1,1,0
2017,2017,TLD,5,Materials,0.905979671945597,1,0,1,0,0,1,0,1,1
2017,2017,TLG,5,Industrials,0.207582652780669,1,1,1,0,1,0,0,0,1
2017,2017,TLH,4,Materials,1.4981293566829168,1,1,0,0,0,1,1,0,0
2017,2017,TMP,9,Utilities,0.4302111780247334,1,1,1,1,1,1,1,1,1
2017,2017,TMS,6,Industrials,0.8235581812653215,1,1,0,1,1,0,1,0,1
2017,2017,TNA,4,Consumer Discretionary,0.952373347696264,1,0,0,0,1,1,1,0,0
2017,2017,TNC,6,Materials,1.4105992967272727,1,1,1,0,0,0,1,1,1
2017,2017,TND,9,Energy,2.3147577461502657,1,1,1,1,1,1,1,1,1
2017,2017,TNG,6,Consumer Discretionary,1.1253090062005215,1,0,1,0,1,1,1,0,1
2017,2017,TNI,5,Materials,1.7882517945830574,1,0,1,0,0,1,1,0,1
2017,2017,TNS,9,Materials,0.2660656206956521,1,1,1,1,1,1,1,1,1
2017,2017,TNT,5,Materials,3.976138889694825,1,1,1,0,0,1,1,0,0
2017,2017,TOP,3,Consumer Discretionary,6.692896421012492,1,0,0,0,0,1,1,0,0
2017,2017,TPC,4,Materials,1.4754159027162137,1,0,1,0,0,0,1,1,0
2017,2017,TRA,5,Health Care,0.2122809223730216,1,1,1,0,0,0,1,1,0
2017,2017,TRC,7,Materials,1.7895760362824074,1,1,1,0,0,1,1,1,1
2017,2017,TS4,6,Consumer Staples,2.2326872995907294,1,0,1,0,1,1,1,1,0
2017,2017,TSC,3,Consumer Discretionary,2.946520188037666,0,0,0,0,1,0,1,1,0
2017,2017,TTB,4,Real Estate,0.9529016150917649,1,1,0,0,1,0,1,0,0
2017,2017,TTC,3,Materials,1.0055756331760408,1,1,0,0,0,0,1,0,0
2017,2017,TTF,7,Consumer Discretionary,0.5167194180992459,1,1,1,1,0,1,0,1,1
2017,2017,TTH,1,Consumer Discretionary,2.2531240344600887,1,0,0,0,0,0,0,0,0
2017,2017,TTN,6,Communication Services,1.7337667216663264,1,0,1,0,1,1,1,0,1
2017,2017,TTT,4,Industrials,0.890906111491193,1,1,0,0,0,0,1,0,1
2017,2017,TTZ,2,Materials,2.401422716200608,1,0,0,0,1,0,0,0,0
2017,2017,TV2,7,Industrials,0.6075880769756723,1,1,0,1,1,1,1,1,0
2017,2017,TV3,6,Industrials,0.6620467859657703,1,1,0,1,0,1,1,0,1
2017,2017,TV4,6,Industrials,0.8391216888562996,1,1,1,1,0,0,1,0,1
2017,2017,TVD,5,Energy,1.9409623527095603,1,1,0,1,1,0,1,0,0
2017,2017,TVN,5,Materials,1.4393483050471976,1,1,0,0,0,1,1,0,1
2017,2017,TVT,6,Consumer Discretionary,1.4197075706341684,1,1,0,1,1,1,1,0,0
2017,2017,TYA,5,Industrials,1.38530012193795,1,0,1,0,0,0,1,1,1
2017,2017,UDC,6,Industrials,2.8974688084903666,1,1,1,1,0,0,1,1,0
2017,2017,UDJ,6,Real Estate,1.5837008531903136,1,0,1,0,0,1,1,1,1
2017,2017,UIC,6,Utilities,0.9635328886244378,1,1,1,1,0,0,1,1,0
2017,2017,UNI,4,Real Estate,1.7563076227155918,1,0,1,0,0,0,1,1,0
2017,2017,V12,5,Industrials,1.3048441335412666,1,0,0,0,1,1,1,0,1
2017,2017,VAF,5,Materials,1.28277686364666,1,0,1,0,0,1,1,0,1
2017,2017,VAV,5,Utilities,0.5638519820220588,1,1,0,1,0,1,1,0,0
2017,2017,VBH,7,Information Technology,0.2791712815575358,1,1,1,1,0,1,1,1,0
2017,2017,VC1,3,Industrials,1.450086218218599,1,0,0,0,1,0,0,1,0
2017,2017,VC2,6,Industrials,1.172711247752941,1,0,1,0,0,1,1,1,1
2017,2017,VC3,5,Real Estate,0.6507530844146947,1,1,0,0,1,1,0,0,1
2017,2017,VC7,4,Consumer Discretionary,0.7334279771511512,1,0,1,0,0,1,1,0,0
2017,2017,VCA,6,Materials,1.355232088413055,1,1,1,0,0,0,1,1,1
2017,2017,VCC,3,Industrials,1.013986451653646,1,0,0,0,0,1,0,1,0
2017,2017,VCF,4,Consumer Staples,0.109336504658245,1,1,0,0,0,0,1,1,0
2017,2017,VCG,6,Industrials,0.6639604565575485,1,1,1,0,1,1,0,0,1
2017,2017,VCP,9,Utilities,0.5287234328500727,1,1,1,1,1,1,1,1,1
2017,2017,VCR,5,Real Estate,2.3493701191275695,0,1,0,1,1,1,1,0,0
2017,2017,VCS,7,Materials,0.1290889258309267,1,1,1,0,1,1,1,0,1
2017,2017,VCW,8,Utilities,0.4439042033104167,1,1,1,1,1,1,1,0,1
2017,2017,VDP,5,Health Care,0.8005081925469589,1,1,0,0,0,1,1,1,0
2017,2017,VE3,4,Industrials,1.166925357250753,1,0,0,0,0,1,1,0,1
2017,2017,VE8,5,Industrials,0.9314536471280602,1,1,0,0,1,0,1,0,1
2017,2017,VE9,6,Industrials,2.3787404542958535,1,0,1,0,1,1,1,1,0
2017,2017,VEC,4,Information Technology,1.820134053377546,0,1,0,1,0,0,1,1,0
2017,2017,VEF,3,Industrials,0.169863496499491,1,0,0,0,0,0,1,1,0
2017,2017,VGC,7,Industrials,0.5215661301868636,1,1,1,1,1,1,0,0,1
2017,2017,VGG,3,Consumer Discretionary,0.5367401254765815,1,1,0,1,0,0,0,0,0
2017,2017,VGS,4,Materials,1.7027976139628644,1,0,0,0,1,1,1,0,0
2017,2017,VGT,4,Consumer Discretionary,1.156295908072233,1,1,1,0,0,0,0,0,1
2017,2017,VIC,6,Real Estate,0.1553460237976658,1,1,1,1,1,0,0,0,1
2017,2017,VID,5,Materials,1.9685238963746663,1,0,1,0,1,0,1,0,1
2017,2017,VIH,5,Materials,0.7209753164596272,1,1,0,1,0,0,1,1,0
2017,2017,VIP,8,Energy,2.0659601976221964,1,1,0,1,1,1,1,1,1
2017,2017,VIS,5,Materials,0.4421479744891875,1,1,0,1,0,1,0,0,1
2017,2017,VIT,1,Materials,0.6943521868262846,1,0,0,0,0,0,0,0,0
2017,2017,VJC,7,Industrials,0.1598673401740511,1,1,1,1,1,1,0,1,0
2017,2017,VKC,3,Consumer Discretionary,1.7202485453785714,1,0,0,0,1,0,1,0,0
2017,2017,VLC,6,Consumer Staples,0.7545714033307885,1,1,0,1,1,1,1,0,0
2017,2017,VMC,4,Industrials,0.948431124086598,1,0,1,0,0,0,1,1,0
2017,2017,VMD,4,Health Care,0.8480275893278137,1,0,1,0,1,0,0,1,0
2017,2017,VMG,5,Utilities,2.027640436600379,1,0,1,0,0,1,1,0,1
2017,2017,VNC,7,Industrials,0.4454998110977751,1,1,1,1,1,0,1,1,0
2017,2017,VNE,8,Industrials,1.4601054537571774,1,1,1,1,1,0,1,1,1
2017,2017,VNG,7,Consumer Discretionary,0.6479813259508894,1,1,1,1,0,1,0,1,1
2017,2017,VNL,4,Industrials,1.140939090612245,1,0,1,0,0,0,1,0,1
2017,2017,VNM,6,Consumer Staples,0.0772131943104196,1,1,1,0,1,0,1,0,1
2017,2017,VNP,6,Materials,0.9298854440127526,1,0,1,0,1,1,1,1,0
2017,2017,VNS,7,Industrials,1.555368114302902,1,1,0,1,1,1,1,1,0
2017,2017,VNT,4,Industrials,0.6894070039257193,1,1,0,0,1,0,1,0,0
2017,2017,VOC,4,Consumer Staples,0.7819873383262783,1,0,1,0,0,1,1,0,0
2017,2017,VOS,8,Industrials,1.3571123526530613,1,1,1,1,1,0,1,1,1
2017,2017,VPC,5,Consumer Discretionary,1.3726776958222222,0,1,0,1,1,0,1,0,1
2017,2017,VPH,8,Real Estate,1.3382517851214917,1,1,1,1,1,1,0,1,1
2017,2017,VPI,4,Real Estate,0.3033207906985197,1,0,1,0,0,1,0,1,0
2017,2017,VPK,3,Materials,1.148717441199274,0,0,0,1,1,0,1,0,0
2017,2017,VPS,6,Materials,0.7238640639229807,1,1,0,1,1,0,1,0,1
2017,2017,VRC,5,Real Estate,0.7649254356556213,1,0,1,0,0,1,0,1,1
2017,2017,VRE,6,Real Estate,0.2907685371715949,1,1,0,1,1,0,1,1,0
2017,2017,VRG,8,Real Estate,1.915685956724945,1,1,1,1,0,1,1,1,1
2017,2017,VSC,5,Industrials,0.6815580121243139,1,1,0,1,1,0,0,0,1
2017,2017,VSH,4,Utilities,0.8188447188639058,1,1,0,1,0,0,1,0,0
2017,2017,VSI,4,Industrials,1.121167051884168,1,0,1,0,0,0,1,0,1
2017,2017,VSM,5,Industrials,1.0371364738312083,1,1,0,1,1,0,1,0,0
2017,2017,VTB,6,Consumer Discretionary,1.0100939188884177,1,1,0,1,0,1,1,1,0
2017,2017,VTO,8,Energy,1.643511416283275,1,1,1,1,1,1,1,0,1
2017,2017,VTV,4,Energy,0.9675144920043622,1,0,1,0,1,0,1,0,0
2017,2017,WCS,4,Industrials,0.6018282414225,1,1,0,0,0,1,1,0,0
2017,2017,WSB,7,Consumer Staples,0.6859955945510914,1,1,1,1,1,0,1,0,1
2018,2018,AAA,5,Materials,1.025528489582718,1,1,0,0,1,1,0,0,1
2018,2018,AAM,6,Consumer Staples,1.9658452187586224,1,1,1,1,0,0,1,1,0
2018,2018,ABC,3,Communication Services,2.6946192433248584,1,0,0,0,0,0,1,1,0
2018,2018,ABT,7,Consumer Staples,0.9080210231862368,1,1,1,0,0,1,1,1,1
2018,2018,ACC,5,Materials,0.9378421575596332,1,1,1,1,0,0,0,0,1
2018,2018,ACE,4,Materials,1.1319483409142728,1,0,0,0,0,0,1,1,1
2018,2018,ACL,8,Consumer Staples,0.816917281955408,1,1,1,0,1,1,1,1,1
2018,2018,ACM,4,Materials,12.015252135434174,0,0,0,1,0,0,1,1,1
2018,2018,ACV,9,Industrials,0.1566602391486068,1,1,1,1,1,1,1,1,1
2018,2018,ADS,3,Consumer Discretionary,1.1133042383470748,1,0,0,0,1,0,1,0,0
2018,2018,AFX,3,Consumer Staples,2.9715448939510205,1,0,0,0,0,0,1,0,1
2018,2018,AGM,7,Consumer Staples,1.9016776696743625,1,1,1,1,0,1,1,1,0
2018,2018,AMD,5,Materials,4.109712074052,1,0,1,0,1,1,0,0,1
2018,2018,AMS,5,Industrials,1.4163953995791667,1,0,1,0,1,1,0,0,1
2018,2018,AMV,4,Health Care,0.4995077666873544,1,1,0,0,1,0,1,0,0
2018,2018,ANI,5,Real Estate,0.936272700514302,1,0,1,0,0,0,1,1,1
2018,2018,ANV,9,Consumer Staples,0.5201890356663048,1,1,1,1,1,1,1,1,1
2018,2018,APC,7,Industrials,0.9187016461943314,1,1,0,1,1,1,1,1,0
2018,2018,APF,8,Consumer Staples,1.160034734468364,1,1,1,1,1,1,1,0,1
2018,2018,API,4,Real Estate,0.5884549391889516,1,0,0,0,0,1,1,0,1
2018,2018,ASM,5,Consumer Staples,1.9329602397465735,1,1,1,0,0,0,0,1,1
2018,2018,ASP,2,Utilities,1.9775494212741531,1,0,0,0,0,0,1,0,0
2018,2018,AST,6,Industrials,0.2204148394829801,1,1,0,1,1,0,1,1,0
2018,2018,ATS,7,Consumer Discretionary,0.3100161297128129,1,1,0,1,1,1,1,1,0
2018,2018,BAX,5,Real Estate,0.5696262216398547,1,1,0,1,0,0,1,1,0
2018,2018,BBC,6,Unknown,0.8536822538871233,1,1,1,1,0,0,1,0,1
2018,2018,BBT,3,Health Care,0.186384515354443,1,0,0,0,0,1,1,0,0
2018,2018,BCC,8,Materials,2.634844166455774,1,1,1,1,1,0,1,1,1
2018,2018,BCE,5,Industrials,2.1406414810760235,1,1,1,0,0,0,1,1,0
2018,2018,BCG,2,Industrials,1.7893204073055802,0,0,0,0,1,0,0,1,0
2018,2018,BCM,7,Real Estate,0.5044684842645613,1,1,1,0,1,0,1,1,1
2018,2018,BDG,5,Consumer Discretionary,0.6337955500833333,1,1,1,0,0,1,1,0,0
2018,2018,BEL,7,Information Technology,0.5514092207855626,1,1,1,1,0,1,1,1,0
2018,2018,BFC,5,Materials,0.6376453370452851,1,1,0,1,1,0,1,0,0
2018,2018,BHN,4,Consumer Staples,0.226166591594446,1,1,0,0,1,0,1,0,0
2018,2018,BII,7,Unknown,11.65821506690168,1,0,1,0,1,1,1,1,1
2018,2018,BMC,5,Materials,1.172662761334761,1,0,1,0,1,0,1,1,0
2018,2018,BMP,5,Materials,0.5698369391363785,1,1,0,0,0,1,1,0,1
2018,2018,BRC,8,Consumer Discretionary,1.7686409489845292,1,1,1,1,1,0,1,1,1
2018,2018,BSA,5,Utilities,0.7923320900823444,1,1,0,1,1,0,1,0,0
2018,2018,BSL,6,Consumer Staples,0.8162234323939394,1,1,0,1,0,1,1,0,1
2018,2018,BSP,3,Consumer Staples,1.0226712382844445,1,0,0,0,1,0,1,0,0
2018,2018,BSR,7,Energy,0.7414318623190462,1,1,0,1,1,1,1,0,1
2018,2018,BTD,2,Materials,1.9846935499933305,1,0,0,0,0,0,1,0,0
2018,2018,BTP,7,Utilities,1.578008103195912,1,1,0,1,1,1,1,1,0
2018,2018,BTT,6,Consumer Discretionary,0.7465358980459192,1,1,1,1,0,0,1,1,0
2018,2018,BTU,8,Industrials,1.1998028720125786,1,1,1,1,1,0,1,1,1
2018,2018,BTV,5,Consumer Discretionary,0.3086655104127465,1,0,0,0,1,1,1,0,1
2018,2018,BVG,5,Materials,4.806881245119278,1,0,1,0,0,0,1,1,1
2018,2018,BWE,7,Utilities,1.117248529794038,1,1,1,1,1,0,1,1,0
2018,2018,C4G,5,Industrials,1.1288437842949497,1,0,1,0,1,0,1,1,0
2018,2018,CAP,7,Materials,0.4155092180545071,1,1,1,0,0,1,1,1,1
2018,2018,CAT,6,Consumer Staples,1.1517643538317064,1,0,1,0,0,1,1,1,1
2018,2018,CAV,5,Industrials,0.447963129702729,1,1,0,0,0,1,1,1,0
2018,2018,CDC,6,Industrials,1.1816365596644665,1,1,0,1,0,1,1,0,1
2018,2018,CDN,6,Industrials,0.7828453632201764,1,1,0,1,1,1,0,0,1
2018,2018,CDO,3,Industrials,10.510573413437085,0,1,0,1,0,0,1,0,0
2018,2018,CDP,6,Health Care,0.8339717971393251,1,1,0,1,1,0,1,1,0
2018,2018,CEE,5,Industrials,0.7038662963058947,1,1,0,1,0,1,1,0,0
2018,2018,CEN,7,Consumer Discretionary,0.8530491351743585,1,1,1,1,0,0,1,1,1
2018,2018,CEO,4,Real Estate,0.9568427486361292,1,1,0,1,1,0,0,0,0
2018,2018,CET,3,Consumer Discretionary,3.4440928521694216,1,0,0,0,0,0,1,0,1
2018,2018,CGV,4,Consumer Discretionary,2.272548017739267,0,1,0,1,0,1,1,0,0
2018,2018,CHP,4,Utilities,0.6021280371514289,1,1,0,0,1,0,1,0,0
2018,2018,CIG,8,Industrials,1.8579764101589,1,1,1,1,1,1,1,1,0
2018,2018,CII,5,Industrials,0.7656724077434082,1,1,0,1,1,0,0,1,0
2018,2018,CKA,4,Industrials,1.6096598879521795,1,0,0,0,1,0,1,0,1
2018,2018,CKV,8,Communication Services,1.0395620508092946,1,1,1,1,1,1,1,0,1
2018,2018,CLG,3,Real Estate,4.700507743098528,1,0,1,0,0,0,0,1,0
2018,2018,CLL,6,Industrials,0.7414415245526961,1,1,1,1,0,0,1,0,1
2018,2018,CLW,5,Utilities,0.934287999796054,1,1,0,1,0,0,1,1,0
2018,2018,CMT,5,Information Technology,3.208668618848354,1,0,1,0,0,0,1,1,1
2018,2018,CMX,8,Consumer Staples,0.6783164356302261,1,1,1,0,1,1,1,1,1
2018,2018,CNC,6,Health Care,0.6122698205429239,1,1,0,1,0,1,1,1,0
2018,2018,CNG,6,Utilities,0.7653654349016061,1,1,0,1,1,0,1,0,1
2018,2018,COM,6,Energy,0.65404520593573,1,1,0,1,0,1,1,0,1
2018,2018,CRC,3,Industrials,0.7388517432357724,1,0,0,0,1,0,1,0,0
2018,2018,CRE,4,Real Estate,0.6980338192204761,1,0,1,0,0,1,0,0,1
2018,2018,CSC,5,Real Estate,0.8133403137708961,1,0,1,0,1,0,0,1,1
2018,2018,CSM,5,Consumer Discretionary,0.7856416219885327,1,1,0,1,1,0,1,0,0
2018,2018,CSV,4,Materials,0.6632808251742365,1,1,0,0,0,0,1,0,1
2018,2018,CT3,5,Industrials,1.8345716504602512,1,0,1,0,0,0,1,1,1
2018,2018,CTD,2,Industrials,0.636415273530583,1,0,0,0,0,1,0,0,0
2018,2018,CTF,4,Consumer Discretionary,0.5902275649787234,1,0,1,0,0,0,1,1,0
2018,2018,CTI,6,Industrials,0.9642588216267812,1,1,0,0,1,1,1,1,0
2018,2018,CTP,4,Consumer Staples,3.1858640494209483,1,1,0,1,0,0,1,0,0
2018,2018,CTR,4,Communication Services,0.7298455640963332,1,1,0,1,0,0,1,0,0
2018,2018,CTX,5,Real Estate,1.2323288216703083,1,1,0,1,1,0,1,0,0
2018,2018,CVT,4,Materials,0.8967116327637261,1,1,0,0,1,0,1,0,0
2018,2018,D2D,6,Real Estate,0.6480138816197829,1,1,1,1,0,0,1,0,1
2018,2018,DAE,7,Communication Services,1.310322492168108,1,1,1,1,0,1,1,1,0
2018,2018,DAG,6,Industrials,1.810039061830094,1,1,0,1,1,0,1,1,0
2018,2018,DAS,3,Consumer Discretionary,1.1537752512713824,1,0,0,0,0,0,1,0,1
2018,2018,DBC,5,Consumer Staples,1.275509131576097,1,1,1,0,0,0,1,1,0
2018,2018,DBD,4,Health Care,0.4112441552357461,1,1,0,0,0,1,1,0,0
2018,2018,DCD,7,Consumer Discretionary,1.237068999374484,1,1,0,1,1,1,1,1,0
2018,2018,DCL,3,Health Care,1.4086584658088162,1,0,0,0,1,1,0,0,0
2018,2018,DCM,7,Materials,1.144412354955051,1,1,1,1,1,0,1,0,1
2018,2018,DGW,4,Consumer Discretionary,0.8215793640785808,1,0,1,0,0,0,1,0,1
2018,2018,DHA,5,Materials,0.8494860714856637,1,1,1,0,0,0,1,0,1
2018,2018,DHC,3,Materials,0.6787048760930334,1,0,0,0,0,0,1,1,0
2018,2018,DHG,5,Health Care,0.3034898094397407,1,1,0,0,0,1,1,1,0
2018,2018,DHM,7,Materials,2.16762600894195,1,1,1,1,1,1,0,0,1
2018,2018,DHT,6,Health Care,0.3134582738693325,1,1,0,1,1,1,1,0,0
2018,2018,DIC,7,Materials,3.308782836081327,1,1,0,1,1,1,1,1,0
2018,2018,DIG,6,Real Estate,0.8003566702253562,1,1,1,1,1,0,0,0,1
2018,2018,DLG,4,Industrials,6.832326751658783,1,1,0,1,1,0,0,0,0
2018,2018,DLT,4,Industrials,3.3325855408085236,1,1,0,1,0,0,1,0,0
2018,2018,DMC,4,Health Care,0.4308057751728374,1,1,0,0,0,1,1,0,0
2018,2018,DNP,4,Materials,0.7277493866668742,1,1,0,1,0,1,0,0,0
2018,2018,DNW,5,Utilities,0.9669494131584616,1,1,1,1,0,0,1,0,0
2018,2018,DPG,5,Industrials,0.4741686075022401,1,1,0,1,1,0,0,1,0
2018,2018,DPH,5,Health Care,2.018947272313546,1,0,1,0,0,1,1,1,0
2018,2018,DPM,4,Materials,0.9267124541858776,1,1,0,0,0,0,1,0,1
2018,2018,DPR,7,Materials,1.4972734060712831,1,1,1,1,1,0,1,1,0
2018,2018,DQC,3,Industrials,1.241313419177031,1,0,0,0,0,0,1,0,1
2018,2018,DRH,4,Industrials,1.232641331483584,1,1,0,1,1,0,0,0,0
2018,2018,DRI,5,Materials,2.148159500139096,1,1,0,1,1,0,1,0,0
2018,2018,DRL,4,Utilities,0.2802917118596491,1,1,0,0,0,1,1,0,0
2018,2018,DST,9,Consumer Discretionary,4.730406834476551,1,1,1,1,1,1,1,1,1
2018,2018,DTA,5,Real Estate,1.4758862101143302,1,0,1,0,1,0,0,1,1
2018,2018,DVN,5,Health Care,0.6381894188543664,1,1,0,1,0,1,1,0,0
2018,2018,DVP,5,Industrials,0.6345326771053571,1,1,0,0,0,1,1,1,0
2018,2018,DXG,3,Real Estate,0.6005063103735399,1,0,1,0,1,0,0,0,0
2018,2018,DXP,6,Materials,1.250351231748751,1,1,1,0,0,0,1,1,1
2018,2018,DXV,3,Materials,3.2902868041526374,1,0,0,0,0,0,1,0,1
2018,2018,EID,6,Communication Services,1.2464611643238095,1,1,1,0,0,1,1,0,1
2018,2018,EIN,4,Consumer Discretionary,3.101886259262774,1,0,1,0,0,0,1,1,0
2018,2018,EMC,5,Industrials,0.7176428721523045,1,1,0,1,0,0,1,0,1
2018,2018,EMS,3,Industrials,0.5406449766863051,1,0,0,0,0,0,1,0,1
2018,2018,EVE,7,Consumer Discretionary,1.546310788293216,1,1,1,1,1,0,1,0,1
2018,2018,FCM,8,Materials,1.7978992811500325,1,1,1,1,1,1,1,0,1
2018,2018,FCN,6,Industrials,1.2835172445506418,1,0,1,0,1,1,0,1,1
2018,2018,FDC,5,Real Estate,0.8691175087638081,0,1,0,1,1,0,1,0,1
2018,2018,FID,3,Consumer Discretionary,7.830565891931824,1,0,0,0,0,1,1,0,0
2018,2018,FIT,3,Health Care,4.496484713788229,1,0,0,0,1,1,0,0,0
2018,2018,FLC,5,Unknown,2.4470554539211973,1,1,0,1,0,1,0,1,0
2018,2018,FMC,6,Consumer Staples,0.5899409233745215,1,1,1,1,0,1,0,1,0
2018,2018,FOC,3,Communication Services,0.4064583847841702,1,1,0,0,0,1,0,0,0
2018,2018,FOX,6,Communication Services,0.3253737013432497,1,1,1,1,0,1,0,0,1
2018,2018,FPT,6,Information Technology,0.481630294989034,1,1,1,1,1,0,0,1,0
2018,2018,FRT,4,Consumer Discretionary,0.2318954776756933,1,0,1,0,0,1,0,0,1
2018,2018,G36,4,Industrials,1.863459539153267,1,1,1,1,0,0,0,0,0
2018,2018,GAS,6,Utilities,0.2719353195313526,1,1,1,1,1,0,0,0,1
2018,2018,GDT,5,Consumer Discretionary,0.3820297496304743,1,1,0,0,0,1,0,1,1
2018,2018,GEG,2,Utilities,0.7326984135164653,1,1,0,0,0,0,0,0,0
2018,2018,GEX,3,Industrials,0.623405594379379,1,1,0,0,1,0,0,0,0
2018,2018,GHC,4,Utilities,0.5409905115661912,1,1,0,1,0,0,1,0,0
2018,2018,GIL,3,Consumer Discretionary,1.1248996604086663,1,0,0,0,0,1,0,1,0
2018,2018,GKM,4,Materials,0.8036471093066504,1,0,0,0,1,1,0,1,0
2018,2018,GLT,5,Communication Services,0.1462471442878201,1,1,0,0,0,1,1,1,0
2018,2018,GMC,8,Consumer Discretionary,0.7008260822557698,1,1,1,0,1,1,1,1,1
2018,2018,GMD,5,Industrials,0.757319529126632,1,1,1,0,0,1,0,1,0
2018,2018,GSP,6,Energy,0.9965676102888888,1,1,1,0,0,0,1,1,1
2018,2018,GTA,4,Materials,1.1959478293095296,1,0,1,0,0,0,1,0,1
2018,2018,GTN,7,Consumer Staples,1.0335776341324272,1,1,0,1,1,1,1,1,0
2018,2018,GVR,6,Materials,1.089475244839175,1,1,0,1,1,1,1,0,0
2018,2018,GVT,8,Materials,0.7650932775408762,1,1,1,1,1,0,1,1,1
2018,2018,HAD,4,Consumer Staples,0.7797898910580913,1,1,0,0,0,1,1,0,0
2018,2018,HAG,6,Consumer Staples,2.931540717205096,1,0,1,0,1,0,1,1,1
2018,2018,HAH,4,Industrials,1.469570786932323,1,0,0,0,1,1,0,0,1
2018,2018,HAP,8,Materials,3.655048114689665,1,1,1,1,1,0,1,1,1
2018,2018,HAR,7,Real Estate,2.130649943863049,1,1,0,1,1,1,1,0,1
2018,2018,HAS,3,Industrials,1.8585058441410256,1,0,0,0,0,1,1,0,0
2018,2018,HAT,4,Consumer Staples,0.546267186213875,1,1,0,0,0,1,1,0,0
2018,2018,HAX,5,Consumer Discretionary,0.8173402730620483,1,1,0,0,0,1,1,1,0
2018,2018,HBC,3,Industrials,0.7982853866451248,1,0,0,0,1,1,0,0,0
2018,2018,HCD,5,Industrials,2.5423754568402073,1,0,1,0,1,1,0,1,0
2018,2018,HD2,4,Real Estate,1.517262281879488,1,0,0,0,0,1,1,1,0
2018,2018,HDA,5,Materials,1.6146100659270364,1,1,0,1,0,0,0,1,1
2018,2018,HDC,5,Real Estate,1.1224917749187515,1,0,1,0,1,0,1,0,1
2018,2018,HDG,5,Utilities,0.5600133781960628,1,1,1,0,0,0,0,1,1
2018,2018,HDM,3,Consumer Discretionary,1.016424982019139,1,0,0,0,0,0,1,0,1
2018,2018,HDO,5,Industrials,2.8584329248147387,0,0,1,1,0,1,1,0,1
2018,2018,HEC,6,Industrials,0.8275892596125908,1,1,1,0,0,1,1,0,1
2018,2018,HEM,6,Industrials,0.9836374676448912,1,1,0,1,0,1,1,1,0
2018,2018,HHS,6,Consumer Discretionary,3.2389998913592564,1,1,1,1,0,0,1,1,0
2018,2018,HII,5,Materials,1.043185907323459,1,1,0,1,1,0,0,0,1
2018,2018,HKB,4,Consumer Staples,7.41119071072075,0,0,0,1,1,0,1,1,0
2018,2018,HLD,6,Real Estate,1.8053600016283189,1,1,1,1,1,0,1,0,0
2018,2018,HLY,4,Materials,0.8171193305182174,0,1,0,1,1,0,1,0,0
2018,2018,HMC,5,Materials,1.368625443630137,1,1,0,0,0,1,1,0,1
2018,2018,HMH,5,Industrials,1.5670112428935163,1,1,0,0,0,1,1,0,1
2018,2018,HMS,6,Industrials,1.5548767415272726,1,1,1,1,0,0,1,1,0
2018,2018,HND,8,Utilities,1.1384563555586,1,1,1,1,1,1,1,0,1
2018,2018,HNG,4,Consumer Staples,0.7503133425612633,0,0,0,0,1,0,1,1,1
2018,2018,HOM,7,Materials,3.88087235686242,1,1,1,1,0,1,1,0,1
2018,2018,HPD,7,Utilities,0.6982385153969453,1,1,1,1,1,0,1,1,0
2018,2018,HPG,2,Materials,0.6160497980377369,1,1,0,0,0,0,0,0,0
2018,2018,HPT,7,Information Technology,1.5086124569158483,1,1,1,1,0,1,1,1,0
2018,2018,HPX,5,Real Estate,0.4893066114367617,1,0,1,0,1,0,1,0,1
2018,2018,HQC,6,Real Estate,6.158964815392342,1,1,0,1,0,0,1,1,1
2018,2018,HRT,5,Industrials,3.2060111871197656,1,0,1,0,0,1,1,1,0
2018,2018,HSL,6,Consumer Staples,1.0035353192349676,1,1,1,0,0,0,1,1,1
2018,2018,HT1,8,Materials,0.9924679383099568,1,1,1,1,1,0,1,1,1
2018,2018,HTE,7,Industrials,1.6458462833804477,1,1,1,1,1,1,1,0,0
2018,2018,HTG,7,Consumer Discretionary,0.8271756694577778,1,1,1,1,1,0,1,0,1
2018,2018,HTI,6,Industrials,1.5384141047353983,1,1,0,1,1,1,1,0,0
2018,2018,HTL,5,Consumer Discretionary,1.045656042430998,1,1,0,1,0,1,1,0,0
2018,2018,HTN,5,Industrials,0.892254536256982,1,1,0,0,1,0,1,1,0
2018,2018,HTT,4,Real Estate,5.288117451058201,0,1,0,1,1,0,1,0,0
2018,2018,HTV,5,Industrials,1.6790446882224257,1,1,1,0,0,1,0,0,1
2018,2018,HU3,5,Industrials,1.5818064076558829,1,1,0,1,0,0,1,0,1
2018,2018,HUG,7,Consumer Discretionary,1.0142136317011483,1,1,1,0,0,1,1,1,1
2018,2018,HUT,5,Consumer Discretionary,3.095694382709973,1,1,0,1,1,0,1,0,0
2018,2018,HVG,5,Unknown,1.776471087294047,0,0,1,0,1,1,1,1,0
2018,2018,HVN,6,Industrials,0.3871813573850217,1,1,1,1,1,0,0,0,1
2018,2018,HVT,8,Materials,0.361160207163495,1,1,1,1,1,1,1,0,1
2018,2018,HVX,6,Materials,2.5188481761411023,1,1,1,0,1,0,1,0,1
2018,2018,ICC,5,Consumer Discretionary,1.2156071579761905,1,1,0,1,0,1,1,0,0
2018,2018,ICF,7,Consumer Staples,3.968415864972492,0,1,1,1,0,1,1,1,1
2018,2018,ICG,7,Industrials,1.5574230231813726,1,1,1,1,1,1,0,0,1
2018,2018,IDC,7,Real Estate,0.5000788251033333,1,1,0,1,1,1,1,1,0
2018,2018,IDI,8,Consumer Staples,1.7901846800199868,1,1,1,0,1,1,1,1,1
2018,2018,IDJ,4,Real Estate,3.290628430347648,1,0,1,0,0,0,1,1,0
2018,2018,IFC,4,Consumer Staples,1.1674749108114857,1,1,0,1,0,1,0,0,0
2018,2018,IFS,8,Consumer Staples,0.4789203311804084,1,1,1,0,1,1,1,1,1
2018,2018,IJC,7,Real Estate,1.6778444681416775,1,1,1,1,1,0,1,0,1
2018,2018,ILS,7,Industrials,0.7207716871452992,1,1,1,1,1,1,0,0,1
2018,2018,IMP,5,Health Care,0.500113405060478,1,1,0,0,0,1,1,1,0
2018,2018,IN4,5,Industrials,1.0753939460534898,1,1,0,1,0,0,1,1,0
2018,2018,INN,6,Materials,0.8338958876347082,1,1,0,1,1,1,0,0,1
2018,2018,ITA,6,Real Estate,3.6057004914824415,1,1,1,1,1,0,1,0,0
2018,2018,ITC,6,Real Estate,1.9203109299585064,1,1,0,1,1,1,1,0,0
2018,2018,ITQ,9,Materials,3.181011237437388,1,1,1,1,1,1,1,1,1
2018,2018,JVC,7,Health Care,1.5608493093429368,1,1,1,1,1,0,1,0,1
2018,2018,KBC,7,Real Estate,1.462536562026132,1,1,1,0,1,0,1,1,1
2018,2018,KDC,3,Consumer Staples,1.2177384360972403,1,0,0,0,1,0,1,0,0
2018,2018,KDF,5,Consumer Staples,0.6742885246835317,1,1,0,1,1,0,1,0,0
2018,2018,KDH,4,Real Estate,0.5024049702175455,1,0,1,0,1,0,0,1,0
2018,2018,KHP,8,Utilities,1.5415723818960838,1,1,1,1,0,1,1,1,1
2018,2018,KHS,6,Consumer Staples,1.5218455310837526,1,0,1,0,0,1,1,1,1
2018,2018,KLF,7,Unknown,5.492895965055062,1,1,1,1,1,0,1,0,1
2018,2018,KMR,3,Consumer Discretionary,3.189606342724803,1,0,0,0,1,0,1,0,0
2018,2018,KPF,6,Real Estate,0.359510476479344,1,1,1,0,0,0,1,1,1
2018,2018,KSB,4,Materials,0.7427391037290363,1,1,0,1,0,0,0,1,0
2018,2018,KSH,3,Unknown,7.350553664877133,1,0,0,0,0,1,1,0,0
2018,2018,KSV,2,Materials,1.1491676890063829,1,0,0,0,1,0,0,0,0
2018,2018,KTL,4,Consumer Discretionary,0.8302599931372548,1,0,1,0,0,0,1,0,1
2018,2018,KTT,7,Materials,2.664892441285956,1,1,0,1,1,1,1,1,0
2018,2018,KVC,5,Materials,10.247031110045912,1,1,0,1,1,0,1,0,0
2018,2018,L14,7,Consumer Discretionary,0.6041668298553513,1,1,1,1,0,1,0,1,1
2018,2018,L35,6,Industrials,3.2096146965657733,1,0,1,0,1,0,1,1,1
2018,2018,LAF,4,Consumer Staples,1.4400471470111835,0,1,0,1,0,1,1,0,0
2018,2018,LAS,4,Materials,0.9792148674668216,1,0,0,0,1,0,1,1,0
2018,2018,LBM,6,Materials,0.9133502215979477,1,1,0,1,0,1,1,1,0
2018,2018,LCG,6,Industrials,1.752421952118429,1,0,1,0,1,1,0,1,1
2018,2018,LCM,4,Materials,13.073966328537017,0,1,0,1,0,0,1,1,0
2018,2018,LGL,3,Real Estate,1.8909194904811728,1,0,0,0,1,0,0,0,1
2018,2018,LHC,6,Industrials,0.9784208055466668,1,1,0,1,1,1,1,0,0
2018,2018,LHG,3,Real Estate,1.2356649322180522,1,0,0,0,0,1,0,1,0
2018,2018,LIG,3,Industrials,2.791575024056497,1,0,1,0,0,0,0,0,1
2018,2018,LIX,5,Consumer Staples,0.3036806583899177,1,1,1,0,0,0,1,0,1
2018,2018,LKW,6,Utilities,0.9924640695491328,1,1,0,1,0,1,1,1,0
2018,2018,LM8,7,Industrials,1.1516149411346457,1,1,0,1,1,1,1,0,1
2018,2018,LMH,5,Consumer Discretionary,1.1500482856523606,1,0,0,0,1,1,1,0,1
2018,2018,LTC,7,Industrials,3.454869502087097,1,1,1,1,1,0,1,1,0
2018,2018,LTG,4,Consumer Staples,1.187885854574622,1,0,0,0,1,1,1,0,0
2018,2018,MAS,4,Industrials,0.3026948624219405,1,1,0,1,0,0,1,0,0
2018,2018,MBG,4,Consumer Discretionary,2.83547962333891,1,0,1,0,0,1,0,1,0
2018,2018,MCG,2,Industrials,1.6999554096697074,0,1,0,1,0,0,0,0,0
2018,2018,MCH,6,Consumer Staples,0.1712908548653466,1,1,1,1,1,0,0,0,1
2018,2018,MCO,6,Industrials,8.480723579119749,1,1,1,1,0,1,1,0,0
2018,2018,MCP,6,Materials,0.6009048479201302,1,1,0,1,1,1,1,0,0
2018,2018,MDG,4,Materials,1.1693043460841122,1,1,0,1,0,0,1,0,0
2018,2018,MEC,3,Industrials,4.281388107283935,0,1,0,1,0,0,1,0,0
2018,2018,MGG,6,Consumer Discretionary,0.6458553484478831,1,1,1,0,0,1,1,0,1
2018,2018,MH3,6,Real Estate,0.3370521277299578,1,1,1,0,0,0,1,1,1
2018,2018,MHC,4,Industrials,2.695317223852837,1,0,1,0,1,0,1,0,0
2018,2018,MKP,7,Health Care,0.8854793115464258,1,1,0,1,1,1,1,1,0
2018,2018,MNB,7,Consumer Discretionary,0.4794263865848832,1,1,0,1,1,1,1,0,1
2018,2018,MPC,5,Consumer Staples,0.5606592956256147,1,1,0,0,0,1,1,1,0
2018,2018,MPT,9,Consumer Discretionary,2.454430161052847,1,1,1,1,1,1,1,1,1
2018,2018,MSH,9,Consumer Discretionary,0.4780749372371652,1,1,1,1,1,1,1,1,1
2018,2018,MSN,6,Consumer Staples,0.3271068045242957,1,1,1,0,1,0,0,1,1
2018,2018,MSR,8,Materials,0.7096649000274399,1,1,1,1,0,1,1,1,1
2018,2018,MST,6,Industrials,2.119194256024247,1,1,0,1,0,0,1,1,1
2018,2018,MWG,5,Consumer Discretionary,0.2328485330471019,1,1,0,0,1,1,0,1,0
2018,2018,NAF,4,Consumer Staples,0.8448891271053259,1,1,0,1,0,0,1,0,0
2018,2018,NAG,4,Consumer Discretionary,2.2982759797697954,1,0,0,0,1,0,1,0,1
2018,2018,NAV,5,Consumer Discretionary,1.592989321808167,1,1,1,1,0,0,1,0,0
2018,2018,NBB,8,Real Estate,0.9636232398261612,1,1,1,1,1,0,1,1,1
2018,2018,NBC,6,Energy,1.970974909512484,1,1,0,1,1,0,1,0,1
2018,2018,NCS,4,Industrials,0.3449765250679175,1,1,0,1,0,0,1,0,0
2018,2018,NCT,5,Industrials,0.2318220578754937,1,1,0,1,0,1,1,0,0
2018,2018,NDN,6,Real Estate,1.076343267451311,1,1,0,1,1,0,1,1,0
2018,2018,NET,5,Consumer Staples,0.4785539664438406,1,1,0,1,0,1,1,0,0
2018,2018,NHA,6,Real Estate,1.7414577651551235,1,1,1,0,0,0,1,1,1
2018,2018,NHH,7,Materials,1.5317236177573448,1,1,1,1,1,0,1,0,1
2018,2018,NHT,3,Materials,0.3361457416229557,1,1,0,0,0,0,1,0,0
2018,2018,NKG,5,Materials,2.063863468336175,1,1,0,1,1,0,1,0,0
2018,2018,NLG,6,Real Estate,0.7456263256646493,1,1,1,1,0,1,0,1,0
2018,2018,NNG,6,Unknown,2.7612408445913803,1,1,1,0,1,1,1,0,0
2018,2018,NRC,6,Real Estate,0.4287632180662393,1,1,0,1,0,1,1,1,0
2018,2018,NS3,5,Utilities,0.5841790618859785,1,1,0,1,0,0,1,1,0
2018,2018,NSC,7,Consumer Staples,0.613652755561898,1,1,1,1,0,1,1,0,1
2018,2018,NSH,5,Materials,3.925052105567377,1,0,0,0,1,1,1,0,1
2018,2018,NT2,7,Utilities,0.52013637797356,1,1,1,1,1,0,1,0,1
2018,2018,NTC,9,Real Estate,0.4671268432693528,1,1,1,1,1,1,1,1,1
2018,2018,NTL,6,Real Estate,0.8577632285949096,1,1,0,0,1,0,1,1,1
2018,2018,NTP,3,Materials,0.6232321055373268,1,0,0,0,1,0,1,0,0
2018,2018,NVL,5,Real Estate,0.3260635580428573,1,1,1,0,0,1,0,1,0
2018,2018,NVT,8,Consumer Discretionary,0.3998665111668178,1,1,1,1,0,1,1,1,1
2018,2018,OGC,8,Consumer Staples,0.2496457960018832,1,1,1,1,1,1,1,0,1
2018,2018,ONE,6,Communication Services,2.7733929764441565,1,1,0,1,0,1,1,1,0
2018,2018,OPC,4,Health Care,0.4234721119213782,1,1,0,0,0,1,0,1,0
2018,2018,PAC,7,Industrials,0.3330572028660849,1,1,1,0,0,1,1,1,1
2018,2018,PAN,5,Consumer Staples,0.62374493696142,1,1,0,1,0,1,0,0,1
2018,2018,PC1,8,Industrials,0.9473225752637904,1,1,1,1,1,1,0,1,1
2018,2018,PDN,9,Industrials,0.5506936658594225,1,1,1,1,1,1,1,1,1
2018,2018,PDR,6,Real Estate,0.5073150202894747,1,1,1,0,0,1,1,0,1
2018,2018,PET,6,Consumer Discretionary,2.1455205554208856,1,1,0,1,0,1,1,0,1
2018,2018,PFL,3,Industrials,8.157623725025,0,0,0,1,0,0,1,0,1
2018,2018,PGC,4,Utilities,0.9608577818534664,1,1,0,0,0,1,1,0,0
2018,2018,PGD,5,Utilities,0.4044529035483982,1,0,1,0,0,1,1,0,1
2018,2018,PGS,6,Utilities,0.632621955205798,1,1,0,1,1,0,1,0,1
2018,2018,PHC,5,Industrials,1.1710112266924644,1,0,1,0,1,0,1,1,0
2018,2018,PHP,6,Industrials,0.8680992851073822,1,1,1,1,1,0,1,0,0
2018,2018,PHR,5,Materials,0.5770303018455049,1,1,1,0,0,1,0,1,0
2018,2018,PIA,6,Information Technology,0.7625123653379954,1,0,1,0,0,1,1,1,1
2018,2018,PIC,6,Utilities,0.8604596825971738,1,1,0,1,1,0,1,0,1
2018,2018,PJT,6,Energy,1.1834857164492754,1,1,0,1,1,1,1,0,0
2018,2018,PLC,4,Materials,0.9817745871287592,1,0,0,0,1,0,1,0,1
2018,2018,PLX,6,Energy,0.3296352303972304,1,1,0,1,1,0,1,0,1
2018,2018,PMC,4,Health Care,0.5672134258697682,1,1,0,0,0,1,1,0,0
2018,2018,PME,5,Health Care,0.3748564070723368,1,1,0,0,0,1,1,1,0
2018,2018,PMG,5,Utilities,0.5801622345393923,1,1,1,0,0,0,1,0,1
2018,2018,PNC,6,Consumer Discretionary,0.7887976578304464,1,0,1,0,0,1,1,1,1
2018,2018,PNG,5,Consumer Discretionary,0.3542902188065843,0,1,0,1,0,0,1,1,1
2018,2018,PNJ,5,Consumer Discretionary,0.2406136154294754,1,0,1,0,1,0,0,1,1
2018,2018,POM,3,Materials,1.89087940108214,1,0,0,0,0,0,1,0,1
2018,2018,POT,5,Information Technology,0.9683802432589226,1,1,0,1,1,0,1,0,0
2018,2018,POW,6,Utilities,0.6540301921191206,1,1,0,1,1,0,1,0,1
2018,2018,PPC,8,Utilities,0.9736121938373892,1,1,1,0,1,1,1,1,1
2018,2018,PPH,6,Consumer Discretionary,1.2856816164840927,1,1,1,0,1,0,1,0,1
2018,2018,PPI,4,Real Estate,6.258534452449694,0,1,0,1,0,0,1,0,1
2018,2018,PSB,6,Energy,3.399174178472727,1,0,1,0,0,1,1,1,1
2018,2018,PSD,4,Consumer Discretionary,0.7970993339637698,1,0,1,0,0,1,1,0,0
2018,2018,PSP,8,Industrials,1.8176064022868852,1,1,1,1,1,0,1,1,1
2018,2018,PTB,5,Materials,0.5421502605200477,1,1,0,0,1,1,0,1,0
2018,2018,PTL,3,Real Estate,2.694383250949499,0,0,1,0,0,1,1,0,0
2018,2018,PTS,6,Industrials,2.8240798233640856,1,1,1,1,0,0,1,0,1
2018,2018,PVB,7,Energy,1.2514337738317722,1,1,0,1,0,1,1,1,1
2018,2018,PVC,6,Energy,2.6815238636421053,1,0,1,0,1,1,1,1,0
2018,2018,PVD,7,Energy,2.4318684081623583,1,1,1,0,0,1,1,1,1
2018,2018,PVG,5,Utilities,1.7272801122067016,1,1,0,0,0,1,1,0,1
2018,2018,PVH,4,Industrials,4.161265954444445,0,0,1,0,0,1,1,1,0
2018,2018,PVL,4,Real Estate,2.4182320865714284,1,0,1,0,0,0,1,1,0
2018,2018,PVM,5,Industrials,1.0108914693805506,1,0,1,0,0,1,1,0,1
2018,2018,PVO,6,Energy,2.354104227832397,1,1,0,1,0,1,1,0,1
2018,2018,PVS,7,Energy,1.4113153361173043,1,1,1,0,1,1,1,1,0
2018,2018,PVT,6,Energy,0.9103959095565942,1,1,1,1,0,0,0,1,1
2018,2018,PVV,3,Industrials,3.8731735165,0,1,0,1,0,0,1,0,0
2018,2018,PVX,5,Industrials,1.2011557651469456,0,1,1,1,1,0,1,0,0
2018,2018,PXL,6,Real Estate,3.174009938895497,1,1,0,1,0,1,1,1,0
2018,2018,PXS,4,Industrials,1.9516823127478888,0,1,0,1,1,0,1,0,0
2018,2018,PXT,6,Industrials,3.187024925216049,1,1,0,1,1,1,1,0,0
2018,2018,QCG,6,Real Estate,3.071261972946038,1,1,0,1,0,1,1,1,0
2018,2018,QHW,3,Consumer Staples,1.0667518541168834,1,0,0,0,0,1,1,0,0
2018,2018,QTP,7,Utilities,0.8389963174552497,1,1,0,1,1,1,1,0,1
2018,2018,RAL,3,Industrials,0.8360229070541572,1,0,0,0,1,0,1,0,0
2018,2018,RCC,4,Industrials,0.5143053601946385,0,1,0,1,1,0,1,0,0
2018,2018,RDP,6,Unknown,1.1973734774588196,1,1,1,1,0,0,1,1,0
2018,2018,REE,5,Utilities,0.975839066655268,1,1,1,0,1,1,0,0,0
2018,2018,RIC,9,Consumer Discretionary,2.3398499679103755,1,1,1,1,1,1,1,1,1
2018,2018,ROS,5,Industrials,0.2669410601611552,1,1,0,0,1,1,1,0,0
2018,2018,S4A,7,Utilities,0.4133609306204222,1,1,1,1,1,0,1,0,1
2018,2018,S55,5,Industrials,1.7054382305791669,1,0,1,0,1,1,0,0,1
2018,2018,S74,6,Materials,4.365483835845535,0,1,0,1,0,1,1,1,1
2018,2018,S99,6,Industrials,1.7472577689176312,1,1,1,1,0,0,1,1,0
2018,2018,SAB,5,Consumer Staples,0.0877120997567353,1,1,0,1,0,1,1,0,0
2018,2018,SAM,7,Industrials,1.5006998722775222,1,1,0,1,1,0,1,1,1
2018,2018,SAS,7,Industrials,0.4905610486132653,1,1,1,0,1,0,1,1,1
2018,2018,SAV,5,Consumer Discretionary,2.3116202511555475,1,0,1,0,0,1,1,0,1
2018,2018,SBA,6,Utilities,0.8870918558976665,1,1,0,1,1,0,1,1,0
2018,2018,SBL,4,Consumer Staples,0.6797740076590076,1,1,0,1,0,0,1,0,0
2018,2018,SBV,2,Consumer Discretionary,1.1405352751535325,1,0,0,0,0,0,1,0,0
2018,2018,SC5,5,Industrials,0.7899231057614938,1,1,0,0,0,1,1,0,1
2018,2018,SCD,8,Consumer Staples,1.0009055004689411,1,1,1,1,0,1,1,1,1
2018,2018,SCI,7,Industrials,2.131778164648148,1,1,1,1,1,1,1,0,0
2018,2018,SCJ,4,Materials,2.1745035657418836,1,0,0,0,0,1,1,1,0
2018,2018,SCR,5,Real Estate,1.7007749833502546,1,1,0,1,0,1,0,0,1
2018,2018,SCS,8,Industrials,0.1135379727385365,1,1,1,1,1,0,1,1,1
2018,2018,SD2,6,Industrials,2.61878205277566,1,1,0,1,0,1,1,1,0
2018,2018,SD3,5,Utilities,2.594407905119794,0,1,1,1,0,0,1,1,0
2018,2018,SD5,8,Industrials,2.6008256361052355,1,1,0,1,1,1,1,1,1
2018,2018,SD9,5,Utilities,3.0495854839022343,1,1,0,1,0,0,1,1,0
2018,2018,SDI,3,Real Estate,1.2000698454221357,1,0,0,0,1,0,1,0,0
2018,2018,SDP,5,Industrials,4.433119120166032,0,1,0,1,1,0,1,0,1
2018,2018,SDT,6,Industrials,4.13054020879405,1,1,0,1,1,0,1,1,0
2018,2018,SDU,7,Real Estate,2.2059253436898736,1,1,1,1,1,0,1,1,0
2018,2018,SDV,6,Industrials,1.34290036996,1,1,1,0,1,0,1,0,1
2018,2018,SEA,6,Consumer Staples,1.256973982975595,1,1,0,0,1,1,1,1,0
2018,2018,SEB,6,Utilities,0.3764305169712685,1,1,0,1,1,1,1,0,0
2018,2018,SFC,7,Energy,0.7490924926730017,1,1,1,1,0,1,1,0,1
2018,2018,SFG,2,Materials,0.8981021858055345,1,0,0,0,0,0,1,0,0
2018,2018,SFI,5,Industrials,1.2063881189842651,1,1,1,1,0,0,0,0,1
2018,2018,SFN,2,Materials,0.574559434027111,1,0,0,0,0,0,1,0,0
2018,2018,SGN,5,Industrials,0.2107107469765052,1,1,0,1,0,1,0,1,0
2018,2018,SGP,7,Industrials,0.9277714906662792,1,1,0,1,1,1,1,1,0
2018,2018,SGS,6,Industrials,1.0075284995274054,1,1,0,1,0,0,1,1,1
2018,2018,SGT,6,Communication Services,1.7560467477117,1,1,1,0,1,1,0,1,0
2018,2018,SHA,3,Industrials,2.236905753564262,1,0,0,0,0,0,1,1,0
2018,2018,SHI,4,Industrials,1.894134387652304,1,1,0,0,1,0,1,0,0
2018,2018,SHN,3,Consumer Discretionary,1.1564213121216351,1,0,0,0,1,0,1,0,0
2018,2018,SHP,7,Utilities,0.5959669555536729,1,1,1,1,1,0,1,0,1
2018,2018,SII,4,Utilities,0.9917375039644832,1,0,1,0,1,1,0,0,0
2018,2018,SIV,4,Materials,0.93843687552358,1,1,0,0,1,0,1,0,0
2018,2018,SJC,6,Industrials,5.404288884972547,0,1,0,1,1,1,1,0,1
2018,2018,SJD,4,Utilities,0.6519694649886496,1,1,0,0,1,0,1,0,0
2018,2018,SJE,3,Industrials,1.2870715608968806,1,1,0,1,0,0,0,0,0
2018,2018,SJF,3,Materials,1.2291907506714543,1,0,0,0,1,0,0,1,0
2018,2018,SKG,4,Industrials,0.8564564176450012,1,1,0,1,0,0,1,0,0
2018,2018,SMB,6,Consumer Staples,0.458432786638032,1,1,0,1,1,0,1,0,1
2018,2018,SMC,3,Materials,1.509403657380938,1,0,0,0,0,0,1,0,1
2018,2018,SNZ,7,Real Estate,1.0261055110520685,1,1,1,1,0,0,1,1,1
2018,2018,SPC,3,Materials,1.2452403915579855,1,0,0,0,0,1,1,0,0
2018,2018,SPI,1,Materials,14.18746085145066,0,0,0,0,0,0,1,0,0
2018,2018,SPM,3,Health Care,4.454167343363453,1,0,0,0,0,0,1,1,0
2018,2018,SRA,6,Health Care,1.523781534117647,1,1,1,0,0,1,1,0,1
2018,2018,SRB,4,Consumer Discretionary,2.935387609117647,0,0,1,1,0,0,1,1,0
2018,2018,SRC,6,Consumer Discretionary,0.9000349587563561,1,1,0,1,1,1,1,0,0
2018,2018,SRF,3,Industrials,1.2248722653670852,1,0,0,0,1,1,0,0,0
2018,2018,SSC,7,Consumer Staples,0.448448664577556,1,1,1,1,0,0,1,1,1
2018,2018,SSG,6,Industrials,0.5977837324012937,1,1,1,0,0,1,1,1,0
2018,2018,SSN,3,Consumer Staples,1.2004914181765018,1,0,0,0,1,0,1,0,0
2018,2018,ST8,6,Consumer Discretionary,0.5786820905691492,1,1,1,0,0,1,1,1,0
2018,2018,STG,5,Industrials,0.8658212419278041,1,1,0,0,1,0,1,0,1
2018,2018,STK,9,Consumer Discretionary,0.9538746280207896,1,1,1,1,1,1,1,1,1
2018,2018,SVC,6,Consumer Discretionary,0.9815599376165004,1,0,1,0,1,1,1,1,0
2018,2018,SVI,4,Materials,0.5294551984677579,1,1,0,0,1,0,1,0,0
2018,2018,SWC,5,Industrials,0.995840996787444,1,1,0,0,0,0,1,1,1
2018,2018,SZE,6,Industrials,1.4213726013909465,1,1,1,1,0,0,1,0,1
2018,2018,SZL,7,Real Estate,1.0333187150910976,1,1,1,1,0,0,1,1,1
2018,2018,TA9,5,Industrials,1.3087284800754462,1,0,0,0,1,1,1,1,0
2018,2018,TAC,2,Consumer Staples,0.6379994878127515,1,0,0,0,0,0,1,0,0
2018,2018,TBC,6,Utilities,0.557862321735433,1,1,1,0,0,0,1,1,1
2018,2018,TC6,5,Energy,2.0607476663098265,1,1,0,0,1,1,1,0,0
2018,2018,TCD,5,Industrials,0.914073780757327,1,0,1,0,0,0,1,1,1
2018,2018,TCH,7,Real Estate,0.6864319891487138,1,1,0,1,1,1,1,1,0
2018,2018,TCL,5,Industrials,1.3078734730243322,1,1,1,0,0,0,1,0,1
2018,2018,TCM,8,Consumer Discretionary,1.0183875129033604,1,1,1,0,1,1,1,1,1
2018,2018,TCO,6,Consumer Staples,1.0448992812168327,1,1,0,1,0,1,1,0,1
2018,2018,TCR,1,Materials,4.150021675988904,0,0,0,0,0,0,1,0,0
2018,2018,TCS,8,Energy,2.038936655488923,1,1,1,1,1,1,1,0,1
2018,2018,TCT,6,Industrials,0.4073780071501327,1,1,0,1,0,1,1,0,1
2018,2018,TCW,6,Industrials,1.1734209822219288,1,1,0,1,1,1,1,0,0
2018,2018,TDC,6,Real Estate,1.5748088084967236,1,1,0,1,1,0,1,0,1
2018,2018,TDG,3,Utilities,3.715038631809703,1,0,0,0,0,0,1,0,1
2018,2018,TDH,3,Real Estate,2.084129933636017,1,0,0,0,0,0,1,0,1
2018,2018,TDM,7,Utilities,0.6794935330815136,1,1,1,0,1,1,1,0,1
2018,2018,TDN,8,Energy,2.291539669684338,1,1,1,1,1,1,1,0,1
2018,2018,TDP,6,Materials,0.8325835081808219,1,0,1,0,1,0,1,1,1
2018,2018,TDS,3,Materials,1.8326545905709428,1,0,0,0,0,0,1,0,1
2018,2018,TDT,6,Consumer Discretionary,1.077162073283784,1,0,1,0,1,0,1,1,1
2018,2018,TEG,5,Industrials,1.666830579279048,1,1,0,1,0,0,1,1,0
2018,2018,TFC,7,Consumer Staples,1.6832674920337778,1,1,1,1,1,0,1,1,0
2018,2018,THB,7,Consumer Staples,1.2153022627965049,1,1,0,1,0,1,1,1,1
2018,2018,THG,4,Materials,0.8115103984632231,1,1,0,0,1,0,1,0,0
2018,2018,THI,3,Industrials,0.6787442728403263,1,1,0,0,0,0,1,0,0
2018,2018,THT,7,Energy,1.6771031443999145,1,1,1,1,0,1,1,0,1
2018,2018,TIG,4,Real Estate,4.533271810848458,1,1,0,0,1,0,0,0,1
2018,2018,TIP,6,Real Estate,1.1152912853723522,1,1,1,1,0,0,1,1,0
2018,2018,TKC,4,Real Estate,0.5114572983784103,1,0,0,0,1,1,1,0,0
2018,2018,TLD,3,Materials,1.6336875898068963,1,1,0,0,0,0,1,0,0
2018,2018,TLG,6,Industrials,0.2969739511062402,1,1,0,0,1,1,1,0,1
2018,2018,TLH,3,Materials,2.81048465101116,1,0,0,0,0,1,1,0,0
2018,2018,TLT,4,Materials,1.063413867363873,1,0,0,0,1,1,1,0,0
2018,2018,TMG,5,Materials,0.4255746177268872,1,1,0,0,0,1,1,0,1
2018,2018,TMP,7,Utilities,0.5715982157786597,1,1,1,0,1,0,1,1,1
2018,2018,TMS,3,Industrials,1.1213744518087057,1,1,0,0,0,1,0,0,0
2018,2018,TMX,7,Materials,2.1178046752156865,1,1,1,1,0,1,1,1,0
2018,2018,TNA,2,Consumer Discretionary,1.2856854887933735,1,0,0,0,1,0,0,0,0
2018,2018,TND,7,Energy,2.6616901240660917,1,1,0,1,1,1,1,0,1
2018,2018,TNG,8,Consumer Discretionary,0.9694979789059428,1,1,1,0,1,1,1,1,1
2018,2018,TNI,4,Materials,1.1891444809419611,1,0,0,0,1,1,0,0,1
2018,2018,TNS,3,Materials,0.611452496425,0,0,0,0,1,1,1,0,0
2018,2018,TNT,3,Materials,4.183587780595266,0,0,0,0,0,1,1,1,0
2018,2018,TOP,6,Consumer Discretionary,12.563206313313607,1,1,0,1,0,1,1,1,0
2018,2018,TRA,5,Health Care,0.3514029443021559,1,1,0,1,0,1,1,0,0
2018,2018,TRC,3,Materials,2.3952152966573426,1,1,0,0,0,0,1,0,0
2018,2018,TRS,6,Industrials,1.1559092169554146,1,1,1,0,1,0,1,0,1
2018,2018,TS4,6,Consumer Staples,2.3825306506732677,1,0,1,0,1,1,1,0,1
2018,2018,TSC,5,Consumer Discretionary,8.288117242211182,0,1,0,1,1,0,1,0,1
2018,2018,TTB,3,Real Estate,0.4881878854362771,1,0,0,0,1,0,1,0,0
2018,2018,TTC,4,Materials,1.0143069956574515,1,1,0,0,0,0,1,0,1
2018,2018,TTD,4,Health Care,0.2399219401730599,1,1,0,0,0,0,1,1,0
2018,2018,TTF,4,Consumer Discretionary,0.1495069922451147,0,1,0,1,1,0,1,0,0
2018,2018,TTH,5,Consumer Discretionary,2.7242121503184165,1,0,1,0,0,1,1,1,0
2018,2018,TTL,5,Industrials,0.9996260443309172,1,1,0,1,1,0,1,0,0
2018,2018,TTN,7,Communication Services,1.5661443778406603,1,1,1,0,1,1,1,1,0
2018,2018,TTT,6,Industrials,1.0995886002262478,1,1,1,1,0,1,1,0,0
2018,2018,TTZ,8,Materials,1.200766246331282,1,1,1,1,1,1,1,0,1
2018,2018,TV2,5,Industrials,0.4307066659730118,1,1,0,1,0,1,1,0,0
2018,2018,TV3,3,Industrials,0.3081500428835412,1,0,0,0,0,0,1,1,0
2018,2018,TV4,5,Industrials,0.6926604629176009,1,1,0,1,0,0,1,0,1
2018,2018,TVA,5,Industrials,1.0635739151666668,1,1,1,0,0,1,0,1,0
2018,2018,TVD,8,Energy,1.99944024384602,1,1,1,1,1,1,1,0,1
2018,2018,TVN,4,Materials,1.33359447643117,1,0,0,0,0,1,1,0,1
2018,2018,TVP,5,Health Care,1.2091560289539447,1,1,0,1,0,0,1,1,0
2018,2018,TVT,9,Consumer Discretionary,1.2032019376226826,1,1,1,1,1,1,1,1,1
2018,2018,TXM,6,Materials,2.0736627873571427,1,1,0,1,0,1,1,1,0
2018,2018,TYA,5,Industrials,1.3587139687995184,1,1,0,1,0,1,1,0,0
2018,2018,UDC,3,Industrials,2.1901894665158173,1,0,0,0,1,0,1,0,0
2018,2018,UDJ,5,Real Estate,1.509587203155213,1,0,1,0,0,0,1,1,1
2018,2018,UIC,6,Utilities,1.1070459371984924,1,1,0,1,1,0,1,0,1
2018,2018,UNI,5,Real Estate,1.10361963677404,1,1,0,1,0,1,1,0,0
2018,2018,UPC,4,Industrials,1.2460955219012606,1,0,1,0,0,0,1,1,0
2018,2018,V21,2,Consumer Discretionary,0.4007320138780467,0,0,0,0,0,0,1,1,0
2018,2018,VAF,6,Materials,1.13773541794778,1,1,0,1,0,1,1,0,1
2018,2018,VC2,3,Industrials,1.5798883701653332,1,0,0,0,1,0,1,0,0
2018,2018,VC3,4,Real Estate,0.5035773432974465,1,0,0,0,0,1,1,1,0
2018,2018,VC6,8,Industrials,1.9559050186979168,1,1,0,1,1,1,1,1,1
2018,2018,VC7,5,Consumer Discretionary,1.2051547967826597,1,0,1,0,0,1,0,1,1
2018,2018,VCA,3,Materials,1.3483173526598558,1,0,0,0,0,0,1,0,1
2018,2018,VCC,8,Industrials,1.2838888154372938,1,1,1,1,1,0,1,1,1
2018,2018,VCF,4,Consumer Staples,0.3633585764225899,1,0,1,0,0,1,1,0,0
2018,2018,VCG,3,Industrials,0.6638716036740843,1,0,0,0,1,1,0,0,0
2018,2018,VCP,8,Utilities,0.4152288839245945,1,1,1,1,1,1,0,1,1
2018,2018,VCR,5,Real Estate,1.8940925750798512,0,0,1,0,1,0,1,1,1
2018,2018,VCS,4,Materials,0.2576070726917228,1,1,0,0,0,0,1,1,0
2018,2018,VCW,7,Utilities,0.4177841374797884,1,1,1,1,0,0,1,1,1
2018,2018,VDP,4,Health Care,1.0051731947604898,1,1,0,0,0,0,1,0,1
2018,2018,VE3,4,Industrials,1.1584432038640524,1,1,0,1,0,0,1,0,0
2018,2018,VE9,4,Industrials,3.72678173896668,1,0,0,0,0,1,1,1,0
2018,2018,VEA,5,Industrials,0.4754710273490058,1,0,1,0,1,1,1,0,0
2018,2018,VEC,5,Information Technology,2.2133997136621004,1,0,1,0,0,1,1,1,0
2018,2018,VEF,5,Industrials,0.1528537772665636,1,0,0,0,0,1,1,1,1
2018,2018,VFG,4,Materials,0.7131041075074087,1,0,0,0,1,0,1,1,0
2018,2018,VGC,4,Industrials,0.7600446635904299,1,1,0,1,1,0,0,0,0
2018,2018,VGG,7,Consumer Discretionary,0.7041866546767587,1,1,1,1,0,0,1,1,1
2018,2018,VGI,4,Communication Services,0.6596387439528728,0,1,0,1,0,1,0,1,0
2018,2018,VGL,5,Materials,0.987534532016492,1,1,0,1,0,0,1,0,1
2018,2018,VGS,7,Materials,1.831687850059143,1,1,0,1,1,1,1,0,1
2018,2018,VGT,6,Consumer Discretionary,1.1446069827313208,1,1,1,0,1,0,0,1,1
2018,2018,VHD,7,Real Estate,1.3806342604661654,1,1,0,1,1,1,1,0,1
2018,2018,VHL,5,Materials,0.9055060801544828,1,1,0,1,1,0,1,0,0
2018,2018,VHM,4,Real Estate,0.1758495337220298,1,0,1,0,0,1,0,0,1
2018,2018,VIC,3,Real Estate,0.1762163720571094,1,0,0,0,0,1,0,0,1
2018,2018,VID,4,Materials,2.3150511721904397,1,0,0,0,0,0,1,1,1
2018,2018,VIF,4,Materials,1.024698781344762,1,0,0,0,1,1,1,0,0
2018,2018,VIM,7,Materials,3.50008397776,1,0,1,0,1,1,1,1,1
2018,2018,VIP,9,Energy,2.5230679939840286,1,1,1,1,1,1,1,1,1
2018,2018,VIT,5,Materials,1.1671403115575771,1,1,0,1,1,0,1,0,0
2018,2018,VJC,5,Industrials,0.215970923307309,1,1,0,0,1,1,1,0,0
2018,2018,VKC,2,Consumer Discretionary,2.2792553465686276,1,0,0,0,0,0,1,0,0
2018,2018,VKD,5,Consumer Staples,0.8494736850657904,0,1,0,1,1,0,1,1,0
2018,2018,VLB,6,Materials,0.4506106302711762,1,1,1,1,0,1,0,0,1
2018,2018,VLC,6,Consumer Staples,0.8175530246285434,1,1,1,0,0,1,1,1,0
2018,2018,VMC,2,Industrials,1.0808698620747423,1,0,0,0,0,1,0,0,0
2018,2018,VNA,9,Industrials,1.5816534978636363,1,1,1,1,1,1,1,1,1
2018,2018,VNC,5,Industrials,0.4332357504795734,1,1,0,0,0,1,1,1,0
2018,2018,VNE,5,Industrials,2.9483504495168145,1,0,1,0,1,1,1,0,0
2018,2018,VNF,3,Industrials,1.7316107247466783,1,1,0,0,0,1,0,0,0
2018,2018,VNG,5,Consumer Discretionary,0.5296534176906195,1,1,0,1,1,0,0,1,0
2018,2018,VNL,4,Industrials,1.5027842917165242,1,0,0,0,0,0,1,1,1
2018,2018,VNM,4,Consumer Staples,0.1233727808039632,1,1,0,0,1,0,1,0,0
2018,2018,VNP,5,Materials,1.556301220510604,1,0,0,0,1,1,1,1,0
2018,2018,VNS,7,Industrials,1.3653492000179934,1,1,0,1,1,1,1,1,0
2018,2018,VNX,7,Communication Services,23.478005758883914,1,1,1,1,0,0,1,1,1
2018,2018,VOC,4,Consumer Staples,1.003646900965197,1,0,0,0,1,1,1,0,0
2018,2018,VOS,9,Industrials,2.8679382438212095,1,1,1,1,1,1,1,1,1
2018,2018,VPC,7,Consumer Discretionary,0.5033452203174603,0,1,1,1,1,0,1,1,1
2018,2018,VPG,6,Materials,0.5903056325656084,1,0,1,0,1,1,1,1,0
2018,2018,VPH,5,Real Estate,2.5954460054600266,1,1,0,0,1,0,1,1,0
2018,2018,VPI,2,Real Estate,0.3316018954989669,1,0,0,0,0,0,0,1,0
2018,2018,VPK,3,Materials,1.7557977131680302,0,0,0,1,1,0,1,0,0
2018,2018,VPS,4,Materials,1.0674614969515777,1,0,0,0,1,1,1,0,0
2018,2018,VRC,2,Real Estate,1.0102334406483515,1,0,0,0,0,0,1,0,0
2018,2018,VRE,7,Real Estate,0.4381392583519791,1,1,1,1,1,0,1,0,1
2018,2018,VRG,5,Real Estate,1.9301557402446277,1,1,0,1,0,0,1,1,0
2018,2018,VSC,7,Industrials,0.8090808977960671,1,1,1,1,1,1,0,0,1
2018,2018,VSH,5,Utilities,0.866861637433622,1,1,0,1,0,0,1,1,0
2018,2018,VSI,4,Industrials,0.5958736254737643,1,1,0,0,0,0,1,0,1
2018,2018,VTA,8,Materials,1.334248332324219,1,1,1,1,0,1,1,1,1
2018,2018,VTB,5,Consumer Discretionary,1.0414418246441692,1,0,1,0,0,1,1,1,0
2018,2018,VTK,3,Communication Services,1.1049426810960534,1,1,0,0,0,0,1,0,0
2018,2018,VTO,8,Energy,1.9225535135985836,1,1,1,1,1,1,1,0,1
2018,2018,VTP,7,Industrials,0.1261789302765404,1,1,1,1,0,1,1,1,0
2018,2018,VWS,2,Industrials,0.9684986733670032,1,0,0,0,0,0,1,0,0
2018,2018,WCS,4,Industrials,0.8729493307458647,1,1,0,0,0,1,1,0,0
2018,2018,WSB,7,Consumer Staples,0.7480661762535331,1,1,1,1,0,1,1,0,1
2018,2018,X26,3,Consumer Discretionary,1.462863991970297,1,0,0,0,0,1,1,0,0
2018,2018,XPH,1,Consumer Staples,3.0127572137975847,0,0,0,0,0,0,1,0,0
2018,2018,YBM,2,Materials,0.7981186757434682,1,0,0,0,0,0,1,0,0
2018,2018,YEG,6,Communication Services,0.207787846999049,1,0,1,0,1,1,0,1,1
2019,2019,AAA,8,Materials,1.3461702653537313,1,1,1,1,1,1,1,1,0
2019,2019,AAM,3,Consumer Staples,1.5803790831760107,1,0,0,0,0,1,0,0,1
2019,2019,ABC,3,Communication Services,2.571355185694367,1,0,0,0,0,0,1,0,1
2019,2019,ABT,3,Consumer Staples,0.9981647931207516,1,0,0,0,0,0,1,0,1
2019,2019,ACC,5,Materials,1.1362348421958763,1,1,1,0,0,0,1,0,1
2019,2019,ACL,4,Consumer Staples,1.25961503491448,1,1,0,0,0,1,1,0,0
2019,2019,ACM,6,Materials,21.03256711867647,1,1,1,1,1,0,1,0,0
2019,2019,ACV,9,Industrials,0.2247992826794059,1,1,1,1,1,1,1,1,1
2019,2019,ADG,6,Communication Services,0.175363687686201,1,1,1,0,0,0,1,1,1
2019,2019,ADS,5,Consumer Discretionary,1.153182263697965,1,1,0,1,1,0,1,0,0
2019,2019,AFX,6,Consumer Staples,2.9272301737387756,1,1,0,1,0,1,1,1,0
2019,2019,AGM,6,Consumer Staples,2.3755878244720967,1,1,1,0,0,0,1,1,1
2019,2019,AMD,3,Materials,5.651653221359016,1,0,0,0,1,0,0,1,0
2019,2019,AME,3,Industrials,1.886880408234127,1,0,0,0,1,1,0,0,0
2019,2019,AMS,3,Industrials,1.70276054536301,1,1,0,1,0,0,0,0,0
2019,2019,AMV,2,Health Care,0.7905854098594681,1,0,0,0,0,0,1,0,0
2019,2019,ANI,7,Real Estate,1.435879152833491,1,1,1,0,0,1,1,1,1
2019,2019,ANV,4,Consumer Staples,0.819605845325075,1,1,0,0,0,1,0,1,0
2019,2019,APC,2,Industrials,1.4845447528680216,1,1,0,0,0,0,0,0,0
2019,2019,APF,6,Consumer Staples,1.5581152920346768,1,1,1,1,0,1,0,0,1
2019,2019,API,6,Real Estate,1.5300292931272117,1,1,0,1,1,0,1,1,0
2019,2019,ASM,3,Consumer Staples,2.3245497542993014,1,1,0,1,0,0,0,0,0
2019,2019,ASP,6,Utilities,1.783280124675169,1,1,0,1,1,0,1,1,0
2019,2019,AST,8,Industrials,0.1542004779419608,1,1,1,1,0,1,1,1,1
2019,2019,ATB,5,Unknown,13.292133557602275,0,1,0,1,1,1,1,0,0
2019,2019,ATG,3,Materials,13.864737879229631,0,1,0,1,0,0,1,0,0
2019,2019,BAX,8,Real Estate,0.4383044209906117,1,1,1,1,0,1,1,1,1
2019,2019,BBC,5,Unknown,1.1185393955351135,1,1,0,1,0,0,1,1,0
2019,2019,BBT,5,Health Care,0.2504962836602661,1,0,1,0,0,1,1,0,1
2019,2019,BCC,8,Materials,2.581401041912759,1,1,1,1,1,0,1,1,1
2019,2019,BCE,6,Industrials,1.7749774461973875,1,1,0,1,0,1,1,0,1
2019,2019,BCG,3,Industrials,1.4112344767480238,1,0,1,0,0,1,0,0,0
2019,2019,BCM,6,Real Estate,0.4694083563841943,1,1,1,1,1,0,0,0,1
2019,2019,BDG,5,Consumer Discretionary,0.6710815436595238,1,1,0,1,0,1,1,0,0
2019,2019,BFC,5,Materials,1.4348920254404127,1,1,0,1,1,0,1,0,0
2019,2019,BHK,8,Consumer Staples,0.6959312133756025,1,1,1,1,1,1,1,0,1
2019,2019,BHN,9,Consumer Staples,0.2584089573064606,1,1,1,1,1,1,1,1,1
2019,2019,BHP,8,Consumer Staples,1.8580620280876132,1,1,1,1,0,1,1,1,1
2019,2019,BII,5,Unknown,9.787763975554784,0,1,0,1,1,0,1,1,0
2019,2019,BMC,5,Materials,1.1661044275810786,1,0,1,0,0,1,1,0,1
2019,2019,BMP,7,Materials,0.6673533067660415,1,1,1,1,0,0,1,1,1
2019,2019,BRR,7,Materials,1.1735276522524822,1,1,0,0,1,1,1,1,1
2019,2019,BSA,8,Utilities,1.05925081744712,1,1,1,0,1,1,1,1,1
2019,2019,BSL,8,Consumer Staples,0.8227385001285714,1,1,1,1,0,1,1,1,1
2019,2019,BSP,8,Consumer Staples,0.816538424653617,1,1,1,1,0,1,1,1,1
2019,2019,BSR,7,Energy,1.336629637418174,1,1,0,1,1,1,1,0,1
2019,2019,BST,3,Communication Services,0.2790014322677323,1,0,0,0,0,1,1,0,0
2019,2019,BTD,6,Materials,1.8622796797683308,1,1,0,1,0,1,1,1,0
2019,2019,BTP,5,Utilities,1.6496586865747045,1,0,1,0,0,1,1,0,1
2019,2019,BTS,8,Materials,2.733972178417671,1,1,1,1,1,1,1,0,1
2019,2019,BTT,5,Consumer Discretionary,0.6916735975985817,1,1,0,0,0,1,1,1,0
2019,2019,BTV,5,Consumer Discretionary,0.291904598466262,1,0,1,0,0,0,1,1,1
2019,2019,BTW,8,Utilities,0.6851856639736221,1,1,1,1,1,1,1,1,0
2019,2019,BVG,3,Materials,4.007485645954059,1,0,0,0,1,1,0,0,0
2019,2019,BWE,6,Utilities,0.6374095408063768,1,1,1,0,0,1,1,1,0
2019,2019,BWS,5,Utilities,0.2616576305410305,1,1,0,1,1,1,0,0,0
2019,2019,C47,7,Industrials,1.5399160816460549,1,1,0,1,1,1,1,0,1
2019,2019,C4G,6,Industrials,1.9833584055639344,1,1,0,1,1,1,1,0,0
2019,2019,C69,5,Industrials,1.335008782316239,1,1,0,0,1,1,0,0,1
2019,2019,C92,3,Industrials,1.248039550818962,0,0,0,0,1,0,1,1,0
2019,2019,CAP,4,Materials,0.3993119134267084,1,1,0,1,0,0,1,0,0
2019,2019,CAT,5,Consumer Staples,1.38660745696678,1,1,0,1,0,1,1,0,0
2019,2019,CAV,4,Industrials,0.4946839136936367,1,0,1,0,0,0,1,1,0
2019,2019,CCA,3,Consumer Staples,1.356334768778926,1,0,0,0,1,0,1,0,0
2019,2019,CCI,5,Energy,1.0163202384275307,1,1,1,0,0,1,1,0,0
2019,2019,CDC,6,Industrials,1.0817894287240264,1,1,0,1,1,1,1,0,0
2019,2019,CDN,7,Industrials,0.6906836158249158,1,1,0,1,1,1,1,1,0
2019,2019,CDO,4,Industrials,10.689191780839552,0,0,0,1,0,0,1,1,1
2019,2019,CEE,2,Industrials,0.6236011996619327,0,0,0,0,1,0,1,0,0
2019,2019,CEN,4,Consumer Discretionary,1.0252615357000163,1,0,0,0,0,1,1,1,0
2019,2019,CEO,4,Real Estate,1.2327220152554217,1,0,1,0,0,1,0,0,1
2019,2019,CET,5,Consumer Discretionary,3.1843330678172097,0,1,0,1,0,1,1,1,0
2019,2019,CHP,7,Utilities,0.633291637399962,1,1,1,1,0,0,1,1,1
2019,2019,CHS,8,Industrials,2.03319990506245,1,1,1,1,0,1,1,1,1
2019,2019,CIA,5,Industrials,1.2523831185885026,1,1,0,0,1,1,0,0,1
2019,2019,CIG,5,Industrials,2.755972208248287,1,1,0,1,1,0,1,0,0
2019,2019,CII,6,Industrials,0.9200348040227296,1,1,1,0,0,1,1,1,0
2019,2019,CKA,6,Industrials,1.5612379823052795,1,1,1,1,0,0,1,1,0
2019,2019,CKV,7,Communication Services,1.3296072343575334,1,1,1,1,0,1,1,0,1
2019,2019,CLG,4,Real Estate,0.4656305891905111,0,1,0,1,0,1,1,0,0
2019,2019,CLH,9,Materials,1.1060148741708862,1,1,1,1,1,1,1,1,1
2019,2019,CLL,6,Industrials,0.7031888199632353,1,1,0,1,1,0,1,1,0
2019,2019,CLX,5,Consumer Staples,1.1184891175333698,1,1,0,0,1,0,1,1,0
2019,2019,CMN,5,Consumer Staples,0.6354461223698482,1,1,0,1,0,0,1,0,1
2019,2019,CMS,5,Industrials,3.62740169501938,1,0,1,0,1,0,1,1,0
2019,2019,CMT,2,Information Technology,2.6113962102817574,1,0,0,0,0,0,1,0,0
2019,2019,CMV,2,Consumer Discretionary,0.8014919831641861,1,0,0,0,0,0,1,0,0
2019,2019,CMX,4,Consumer Staples,0.8893986995610372,1,0,0,0,0,1,1,1,0
2019,2019,CNC,5,Health Care,0.5755829976095154,1,1,1,0,0,0,1,0,1
2019,2019,CNG,6,Utilities,0.8042345389605274,1,1,0,1,0,1,1,0,1
2019,2019,COM,2,Energy,0.6601909076339482,1,0,0,0,0,0,1,0,0
2019,2019,CPC,6,Materials,0.8896898101816182,1,1,0,1,0,1,1,1,0
2019,2019,CRC,4,Industrials,0.8602591663034825,1,0,0,0,1,0,1,0,1
2019,2019,CRE,3,Real Estate,0.924272776756656,1,1,0,0,0,1,0,0,0
2019,2019,CSC,2,Real Estate,0.4202154184115854,1,0,0,0,0,0,0,1,0
2019,2019,CSM,9,Consumer Discretionary,0.8773119389128085,1,1,1,1,1,1,1,1,1
2019,2019,CSV,3,Materials,0.954984462742292,1,0,0,0,0,0,1,1,0
2019,2019,CTB,5,Industrials,0.4908167533382066,1,0,1,0,0,1,0,1,1
2019,2019,CTD,2,Industrials,2.150198338403844,1,0,0,0,0,1,0,0,0
2019,2019,CTF,4,Consumer Discretionary,0.4751449208958903,1,0,0,0,1,1,0,0,1
2019,2019,CTI,5,Industrials,0.8553179107037779,1,1,0,1,1,0,1,0,0
2019,2019,CTP,3,Consumer Staples,2.934245727029839,1,0,0,0,0,1,1,0,0
2019,2019,CTR,4,Communication Services,0.3631654248710602,1,1,0,1,0,0,1,0,0
2019,2019,CTX,7,Real Estate,0.9804365102518794,1,1,1,0,1,0,1,1,1
2019,2019,CVT,6,Materials,0.9194265141909208,1,1,0,1,1,1,1,0,0
2019,2019,D11,7,Consumer Discretionary,0.9490266896336372,1,1,1,1,1,0,1,0,1
2019,2019,D2D,7,Real Estate,0.473499660731066,1,1,1,1,0,0,1,1,1
2019,2019,DAD,6,Communication Services,0.8333444150408095,1,1,1,0,0,0,1,1,1
2019,2019,DAG,5,Industrials,1.9003262148417384,1,1,0,0,1,0,1,1,0
2019,2019,DAH,5,Consumer Discretionary,1.109646486395685,1,1,0,1,1,0,1,0,0
2019,2019,DBC,6,Consumer Staples,1.36690707176792,1,1,0,1,1,0,1,1,0
2019,2019,DBD,3,Health Care,0.3183008051902001,1,0,0,0,0,0,1,1,0
2019,2019,DBT,4,Health Care,1.1386970822100906,1,0,1,0,0,0,0,1,1
2019,2019,DCL,6,Health Care,0.5259198920309301,1,1,1,0,1,1,1,0,0
2019,2019,DCM,6,Materials,1.7666006093199849,1,1,0,1,1,0,1,0,1
2019,2019,DDG,6,Utilities,0.4866145802253086,1,1,1,1,0,1,1,0,0
2019,2019,DDV,3,Materials,1.244753379784173,1,0,0,0,0,1,1,0,0
2019,2019,DGW,7,Consumer Discretionary,0.9583030462058691,1,1,1,1,0,1,0,1,1
2019,2019,DHA,4,Materials,0.8239714881545649,1,1,0,0,0,0,1,0,1
2019,2019,DHC,6,Materials,0.5269602450529087,1,1,0,1,1,1,0,0,1
2019,2019,DHG,5,Health Care,0.281874704709058,1,1,0,1,0,1,1,0,0
2019,2019,DHM,7,Materials,3.0080287527408403,1,1,0,1,1,1,1,0,1
2019,2019,DHP,5,Consumer Discretionary,2.038727947677015,1,1,0,0,1,0,1,0,1
2019,2019,DHT,7,Health Care,0.2812209381511868,1,1,1,1,1,0,1,0,1
2019,2019,DIC,5,Materials,4.142052075722485,0,1,0,1,1,0,1,0,1
2019,2019,DIG,4,Real Estate,0.907616832606635,1,0,1,0,0,1,0,1,0
2019,2019,DLG,5,Industrials,5.422104998364919,0,1,0,1,1,0,1,1,0
2019,2019,DMC,4,Health Care,0.5008318542282664,1,1,0,0,0,1,1,0,0
2019,2019,DNM,6,Health Care,2.279165507650335,1,1,1,1,0,0,1,0,1
2019,2019,DNP,5,Materials,0.6552227386760907,1,1,0,1,1,0,0,1,0
2019,2019,DNW,8,Utilities,0.7147364514973262,1,1,1,1,1,0,1,1,1
2019,2019,DPC,7,Materials,1.4129325164365365,1,1,1,1,0,0,1,1,1
2019,2019,DPG,9,Industrials,0.4856588377611632,1,1,1,1,1,1,1,1,1
2019,2019,DPH,6,Health Care,2.1297257259882008,1,1,1,1,0,0,1,0,1
2019,2019,DPM,5,Materials,1.5778249710651775,1,1,0,1,1,0,1,0,0
2019,2019,DPR,6,Materials,1.131123847842572,1,1,0,1,1,1,1,0,0
2019,2019,DQC,6,Industrials,2.1954710572822114,1,1,0,0,1,1,1,1,0
2019,2019,DRC,9,Consumer Discretionary,0.589656542969087,1,1,1,1,1,1,1,1,1
2019,2019,DRH,6,Industrials,3.346128637093878,1,1,0,1,1,0,1,0,1
2019,2019,DRI,7,Materials,1.826887195899436,1,1,0,1,1,1,1,0,1
2019,2019,DRL,6,Utilities,0.2159580535969868,1,1,1,0,0,0,1,1,1
2019,2019,DS3,6,Industrials,3.385352848871293,1,1,1,0,0,0,1,1,1
2019,2019,DSN,3,Consumer Discretionary,0.3480034655822086,1,1,0,0,0,0,1,0,0
2019,2019,DSP,5,Consumer Discretionary,0.800323008394336,1,1,1,0,0,1,1,0,0
2019,2019,DST,4,Consumer Discretionary,12.1613624498355,0,1,0,1,1,0,1,0,0
2019,2019,DTA,5,Real Estate,1.9477484762881896,1,0,1,0,0,1,1,0,1
2019,2019,DTD,7,Real Estate,1.2871047376195583,1,1,1,1,0,1,1,1,0
2019,2019,DVN,7,Health Care,1.0566479138794682,1,1,1,0,0,1,1,1,1
2019,2019,DVP,5,Industrials,0.804358615945055,1,1,0,0,0,1,1,1,0
2019,2019,DXG,3,Real Estate,0.929065900595168,1,0,0,0,1,1,0,0,0
2019,2019,DXP,6,Materials,1.36434699860384,1,1,1,0,0,0,1,1,1
2019,2019,DXV,5,Materials,3.419957349011588,0,1,0,1,0,1,1,1,0
2019,2019,DZM,9,Industrials,3.763323314979152,1,1,1,1,1,1,1,1,1
2019,2019,EBS,6,Communication Services,1.6055581905812042,1,1,0,1,0,1,1,1,0
2019,2019,EID,7,Communication Services,1.340702487852381,1,1,1,1,0,1,1,0,1
2019,2019,EIN,6,Consumer Discretionary,2.4812433610308973,1,1,1,1,0,0,1,0,1
2019,2019,ELC,6,Information Technology,2.683760689390763,1,1,1,1,1,0,0,0,1
2019,2019,EMC,4,Industrials,0.7870096375770024,1,0,1,0,1,0,0,0,1
2019,2019,EVE,5,Consumer Discretionary,2.294600364268771,1,1,0,0,1,0,1,1,0
2019,2019,EVG,3,Real Estate,4.30033553860687,1,1,0,0,1,0,0,0,0
2019,2019,FCM,7,Materials,1.9922320057039824,1,1,1,1,1,1,1,0,0
2019,2019,FDC,6,Real Estate,0.947913323863468,1,0,1,0,1,1,1,0,1
2019,2019,FID,3,Consumer Discretionary,10.17992314752643,1,0,0,0,0,0,1,1,0
2019,2019,FIT,7,Health Care,1.164901548759687,1,1,1,1,1,0,1,1,0
2019,2019,FLC,5,Unknown,2.8237709252266807,1,1,0,1,1,0,0,0,1
2019,2019,FMC,7,Consumer Staples,0.7223069897050473,1,1,1,1,0,1,0,1,1
2019,2019,FOC,3,Communication Services,0.3814469891081093,1,1,0,0,0,0,1,0,0
2019,2019,FOX,5,Communication Services,0.4197161582914754,1,1,0,1,0,0,1,1,0
2019,2019,FPT,7,Information Technology,0.3530656056425564,1,1,1,1,1,0,0,1,1
2019,2019,FRT,1,Consumer Discretionary,0.766120323819069,1,0,0,0,0,0,0,0,0
2019,2019,FTM,1,Consumer Discretionary,4.770412691587629,0,0,0,0,0,0,1,0,0
2019,2019,G36,6,Industrials,2.2310581301804873,1,1,0,1,1,0,1,1,0
2019,2019,GAS,7,Utilities,0.2704792399408789,1,1,1,1,1,1,1,0,0
2019,2019,GDT,3,Consumer Discretionary,0.5583830950781908,1,1,0,0,0,0,1,0,0
2019,2019,GEG,2,Utilities,0.4216387366555029,1,0,0,0,0,0,0,1,0
2019,2019,GEX,4,Industrials,0.6746812213238279,1,1,0,1,0,0,0,1,0
2019,2019,GHC,5,Utilities,0.5808011044936198,1,1,0,1,0,0,1,0,1
2019,2019,GIL,5,Consumer Discretionary,2.072706283643353,1,1,0,1,0,1,1,0,0
2019,2019,GKM,2,Materials,0.7473083275187227,1,0,0,0,0,0,1,0,0
2019,2019,GLT,5,Communication Services,0.3589071180333671,1,1,0,1,0,1,1,0,0
2019,2019,GMC,6,Consumer Discretionary,1.4450836072210942,1,1,0,1,1,1,1,0,0
2019,2019,GMD,7,Industrials,0.8493006189865708,1,1,0,1,1,0,1,1,1
2019,2019,GSP,5,Energy,1.1215207114434524,1,1,0,1,0,0,1,1,0
2019,2019,GTA,3,Materials,1.411034176389569,1,0,0,0,0,1,1,0,0
2019,2019,GTN,7,Consumer Staples,0.52930651844,0,1,0,1,1,1,1,1,1
2019,2019,GVR,9,Materials,1.1025660405030897,1,1,1,1,1,1,1,1,1
2019,2019,GVT,7,Materials,1.1551666946972117,1,0,1,0,1,1,1,1,1
2019,2019,HAD,8,Consumer Staples,0.9804300831770834,1,1,1,1,0,1,1,1,1
2019,2019,HAG,5,Consumer Staples,3.4369363416846364,1,0,1,0,1,1,1,0,0
2019,2019,HAH,4,Industrials,1.7433296680309214,1,1,0,1,0,0,1,0,0
2019,2019,HAP,6,Materials,3.5722488541207955,1,1,0,1,1,1,1,0,0
2019,2019,HAR,8,Real Estate,2.6536043586183955,1,1,0,1,1,1,1,1,1
2019,2019,HAS,6,Industrials,2.646407216978022,1,1,0,1,0,1,1,1,0
2019,2019,HAT,2,Consumer Staples,0.5919484610195469,1,0,0,0,0,0,1,0,0
2019,2019,HAX,4,Consumer Discretionary,0.7633934754819224,1,1,0,1,0,1,0,0,0
2019,2019,HBC,3,Industrials,1.4523548002112434,1,0,0,0,1,1,0,0,0
2019,2019,HCD,5,Industrials,4.468452540910277,1,1,0,1,1,0,1,0,0
2019,2019,HCT,6,Industrials,0.9120976101108264,1,1,0,1,0,1,1,1,0
2019,2019,HD2,6,Real Estate,1.852771438151011,1,1,0,1,0,1,1,0,1
2019,2019,HDA,3,Materials,1.5205171712446717,1,0,0,0,0,0,0,1,1
2019,2019,HDC,6,Real Estate,0.6661448365789119,1,1,1,0,0,0,1,1,1
2019,2019,HDG,5,Utilities,0.680249242068711,1,1,1,0,0,0,0,1,1
2019,2019,HEC,9,Industrials,1.1058683291984126,1,1,1,1,1,1,1,1,1
2019,2019,HEM,2,Industrials,1.2480718545539438,1,0,0,0,0,0,1,0,0
2019,2019,HEP,8,Industrials,1.7932517705220885,1,1,1,1,1,0,1,1,1
2019,2019,HHS,4,Consumer Discretionary,4.293602001874356,1,0,0,0,0,1,1,1,0
2019,2019,HID,6,Industrials,4.34075812758098,1,1,1,1,0,0,1,1,0
2019,2019,HIG,7,Information Technology,2.4368438086772817,1,1,1,1,0,1,1,1,0
2019,2019,HII,5,Materials,1.7095296703882406,1,0,0,0,1,1,1,1,0
2019,2019,HKB,7,Consumer Staples,14.904194258802214,1,1,1,1,0,1,1,1,0
2019,2019,HKT,5,Consumer Staples,3.8415954072914738,1,1,0,1,0,0,1,0,1
2019,2019,HLD,9,Real Estate,1.3872951227909092,1,1,1,1,1,1,1,1,1
2019,2019,HMC,5,Materials,1.4625016881076605,1,1,0,1,0,0,1,0,1
2019,2019,HMH,7,Industrials,1.8144711310872723,1,1,1,1,0,0,1,1,1
2019,2019,HNA,5,Utilities,0.8820352016828252,1,1,0,1,1,0,1,0,0
2019,2019,HND,7,Utilities,0.9183983683411852,1,1,1,0,1,1,1,0,1
2019,2019,HNF,4,Consumer Staples,0.4471691362243107,1,1,0,0,0,1,0,1,0
2019,2019,HNG,3,Consumer Staples,0.6313506237723563,0,0,0,1,1,0,1,0,0
2019,2019,HNI,5,Consumer Discretionary,0.6595920700069193,1,1,0,1,0,0,1,1,0
2019,2019,HOM,5,Materials,3.824954141853543,1,1,1,0,0,1,1,0,0
2019,2019,HOT,5,Consumer Discretionary,0.2830411041844518,1,1,0,1,0,1,1,0,0
2019,2019,HPD,6,Utilities,0.7798442259323621,1,1,0,1,1,1,1,0,0
2019,2019,HPG,4,Materials,0.7339638601135563,1,1,0,1,0,1,0,0,0
2019,2019,HPP,8,Materials,1.4270330054367206,1,1,1,0,1,1,1,1,1
2019,2019,HPT,7,Information Technology,1.881126335088312,1,1,1,1,0,0,1,1,1
2019,2019,HPW,4,Utilities,1.121527959598098,1,1,0,1,0,0,1,0,0
2019,2019,HPX,6,Real Estate,0.560681599334673,1,1,0,1,1,1,0,0,1
2019,2019,HQC,6,Real Estate,8.406383185068478,1,1,0,0,1,1,1,0,1
2019,2019,HRC,6,Materials,0.4705453259689594,1,1,0,1,1,1,1,0,0
2019,2019,HSL,6,Consumer Staples,1.998799006083542,1,1,1,0,0,1,1,0,1
2019,2019,HT1,8,Materials,0.9389902782764366,1,1,1,1,1,0,1,1,1
2019,2019,HTE,6,Industrials,2.2634433097049436,1,1,0,0,1,0,1,1,1
2019,2019,HTG,6,Consumer Discretionary,1.0116834921333333,1,1,1,1,1,1,0,0,0
2019,2019,HTI,5,Industrials,1.6575045525227985,1,1,0,1,1,0,1,0,0
2019,2019,HTL,8,Consumer Discretionary,0.9096178622363466,1,1,1,1,0,1,1,1,1
2019,2019,HTN,4,Industrials,1.2308163871501434,1,0,0,0,1,0,1,1,0
2019,2019,HTV,6,Industrials,1.894968742843576,1,1,1,1,0,0,1,0,1
2019,2019,HU1,7,Industrials,1.846498461404762,1,1,1,1,1,0,1,0,1
2019,2019,HU3,4,Industrials,2.0363055204628133,1,0,0,0,0,1,1,1,0
2019,2019,HU4,6,Real Estate,2.791331496027211,1,0,1,0,0,1,1,1,1
2019,2019,HU6,6,Real Estate,1.1430369833268608,1,1,0,1,0,1,1,0,1
2019,2019,HUB,5,Materials,1.2288033087927102,1,1,0,0,1,1,1,0,0
2019,2019,HUT,6,Consumer Discretionary,4.994032937363764,1,1,0,1,0,1,1,1,0
2019,2019,HVH,4,Industrials,0.9791140475938876,1,1,0,1,0,0,1,0,0
2019,2019,HVN,6,Industrials,0.3791155556117724,1,1,1,1,1,0,0,0,1
2019,2019,HVX,6,Materials,3.417831968097116,1,1,0,1,1,0,1,1,0
2019,2019,IBC,5,Unknown,0.4593843385748862,1,1,0,1,1,0,0,0,1
2019,2019,ICF,5,Consumer Staples,7.158618912782073,0,1,1,1,0,0,1,1,0
2019,2019,ICG,5,Industrials,2.015183406451783,1,1,0,1,0,1,0,1,0
2019,2019,ICN,6,Industrials,0.2904910982463768,1,1,1,1,0,0,1,1,0
2019,2019,IDC,6,Real Estate,0.6084839178580247,1,1,1,1,1,0,1,0,0
2019,2019,IDI,5,Consumer Staples,2.349786905770977,1,0,0,0,1,1,1,0,1
2019,2019,IDJ,5,Real Estate,1.734796115842074,1,1,0,1,0,0,1,0,1
2019,2019,IFS,8,Consumer Staples,0.4617780187614641,1,1,1,1,1,1,1,1,0
2019,2019,IJC,7,Real Estate,0.8353310706256459,1,1,1,1,1,0,1,0,1
2019,2019,ILB,6,Industrials,0.962749049261074,1,1,0,1,1,0,1,1,0
2019,2019,ILC,5,Industrials,0.3152157525994301,1,1,0,1,1,0,1,0,0
2019,2019,ILS,4,Industrials,0.5671685471475695,0,1,0,1,1,0,0,1,0
2019,2019,IMP,5,Health Care,0.657594582645379,1,1,1,0,0,0,1,0,1
2019,2019,INC,5,Industrials,1.7333944348051948,1,0,1,0,1,0,1,1,0
2019,2019,INN,5,Materials,0.9371658364467198,1,1,0,1,0,0,1,1,0
2019,2019,ITA,7,Real Estate,3.9061417281151862,1,1,1,1,1,0,1,0,1
2019,2019,ITC,5,Real Estate,1.4185210954413794,1,1,1,0,1,0,0,1,0
2019,2019,ITD,3,Information Technology,1.443829149371166,1,1,0,0,0,0,1,0,0
2019,2019,ITQ,5,Materials,5.4137303271085955,1,1,0,1,0,1,1,0,0
2019,2019,ITS,5,Energy,3.4700344732178414,1,1,0,1,0,0,1,0,1
2019,2019,KBC,7,Real Estate,1.30662231181033,1,1,1,1,1,0,1,0,1
2019,2019,KDC,7,Consumer Staples,1.4732282555078429,1,1,1,1,1,0,1,1,0
2019,2019,KDF,8,Consumer Staples,0.3892851721348101,1,1,1,1,1,0,1,1,1
2019,2019,KDH,3,Real Estate,0.5206546035970415,1,0,1,0,0,0,0,1,0
2019,2019,KDM,5,Consumer Discretionary,4.568723894483568,1,0,1,0,1,0,1,0,1
2019,2019,KHP,5,Utilities,1.61801122231274,1,1,0,0,0,1,1,0,1
2019,2019,KHS,3,Consumer Staples,1.2876270728531825,1,0,0,0,0,0,1,1,0
2019,2019,KKC,6,Materials,1.7960369745611604,0,1,1,1,0,1,1,0,1
2019,2019,KLF,4,Unknown,6.528119741652353,1,0,0,0,0,0,1,1,1
2019,2019,KMR,5,Consumer Discretionary,3.7170947729485926,1,1,0,1,0,0,1,0,1
2019,2019,KOS,3,Utilities,0.3969850369495373,1,0,0,0,1,0,1,0,0
2019,2019,KPF,3,Real Estate,0.5440916254405835,1,0,0,0,0,0,1,1,0
2019,2019,KSB,5,Materials,1.4164008810409163,1,1,0,1,1,0,1,0,0
2019,2019,KSD,6,Consumer Discretionary,1.3695413194318182,1,1,1,1,0,0,1,1,0
2019,2019,KSQ,5,Materials,7.423030157880952,0,1,0,1,0,0,1,1,1
2019,2019,KTL,5,Consumer Discretionary,0.7759263694518179,1,0,1,0,0,0,1,1,1
2019,2019,KVC,5,Materials,9.49113341949495,1,0,0,0,1,1,1,0,1
2019,2019,L10,7,Industrials,1.7542592739601814,1,1,1,1,0,1,1,0,1
2019,2019,L12,6,Industrials,0.9516281220417728,1,1,0,1,0,1,1,1,0
2019,2019,L14,5,Consumer Discretionary,0.3074903126194226,1,1,0,0,1,1,1,0,0
2019,2019,LAF,7,Consumer Staples,0.8896941724676403,1,1,1,0,0,1,1,1,1
2019,2019,LAS,6,Materials,1.5905565957731895,1,1,0,1,1,1,1,0,0
2019,2019,LBM,6,Materials,1.0874396644266666,1,1,1,1,0,1,0,0,1
2019,2019,LCG,3,Industrials,1.7751193178195144,1,0,0,0,1,0,0,1,0
2019,2019,LCM,7,Materials,13.113591627460568,1,1,1,0,0,1,1,1,1
2019,2019,LCS,7,Industrials,3.971685557612782,1,1,1,1,1,1,1,0,0
2019,2019,LDP,4,Health Care,0.5458601589846643,1,0,1,0,0,0,1,1,0
2019,2019,LEC,3,Consumer Discretionary,0.7928729410875136,0,0,0,0,0,1,1,1,0
2019,2019,LGC,5,Industrials,0.393176333882289,1,1,1,0,0,0,1,0,1
2019,2019,LGL,6,Real Estate,1.5615338694212917,1,1,0,1,1,0,1,0,1
2019,2019,LHC,5,Industrials,1.1659844632305194,1,1,1,1,0,0,0,1,0
2019,2019,LHG,4,Real Estate,1.5458017751876258,1,1,0,0,0,0,1,0,1
2019,2019,LIG,6,Industrials,2.5312218842530108,1,1,0,1,0,1,1,1,0
2019,2019,LIX,8,Consumer Staples,0.3985041021016365,1,1,1,0,1,1,1,1,1
2019,2019,LKW,7,Utilities,0.9192865143809524,1,1,1,1,0,1,1,0,1
2019,2019,LM7,5,Industrials,0.6693203093870967,1,0,1,0,0,0,1,1,1
2019,2019,LM8,4,Industrials,1.3896831037526862,1,0,0,0,1,1,1,0,0
2019,2019,LMH,3,Consumer Discretionary,1.103512621862538,0,1,0,1,0,1,0,0,0
2019,2019,LO5,4,Industrials,3.633588657816846,0,1,0,1,0,0,1,0,1
2019,2019,LTG,6,Consumer Staples,1.5343225879050837,1,1,0,1,1,1,1,0,0
2019,2019,LUT,5,Industrials,6.448032435301154,1,1,0,1,1,0,1,0,0
2019,2019,M10,6,Consumer Discretionary,0.7171692838762029,1,1,1,1,1,0,1,0,0
2019,2019,MAC,5,Industrials,2.14322348039458,1,1,1,1,0,0,1,0,0
2019,2019,MAS,8,Industrials,0.2521445756978951,1,1,1,1,1,1,1,0,1
2019,2019,MBG,4,Consumer Discretionary,0.5309283859161498,1,1,0,1,0,0,1,0,0
2019,2019,MCC,7,Materials,1.2074644095370397,1,1,1,1,0,0,1,1,1
2019,2019,MCG,7,Industrials,2.664109554620125,1,1,1,1,0,1,0,1,1
2019,2019,MCH,5,Consumer Staples,0.2395831564219195,1,1,1,0,0,1,0,0,1
2019,2019,MCO,6,Industrials,7.49224276770182,1,0,1,0,0,1,1,1,1
2019,2019,MDC,7,Energy,1.599544905877406,1,1,1,1,1,0,1,1,0
2019,2019,MDG,5,Materials,1.1504379898498571,1,0,1,0,0,1,1,0,1
2019,2019,MEC,4,Industrials,2.898203123840323,0,1,0,1,1,0,1,0,0
2019,2019,MFS,7,Communication Services,1.0527793260131888,1,1,1,1,0,1,1,0,1
2019,2019,MH3,5,Real Estate,0.5802274111256038,1,1,0,1,0,1,1,0,0
2019,2019,MHC,6,Industrials,4.169590641634025,1,1,0,1,1,0,1,1,0
2019,2019,MIC,6,Materials,1.62219427862767,1,0,1,0,1,0,1,1,1
2019,2019,MKP,4,Health Care,0.9823338289436176,1,0,0,0,0,1,0,1,1
2019,2019,MLS,5,Consumer Staples,0.00412004464,0,1,0,1,1,0,1,0,1
2019,2019,MML,7,Consumer Staples,0.248853256355339,1,1,1,1,0,0,1,1,1
2019,2019,MPC,5,Consumer Staples,1.1438927993891552,1,1,0,1,0,1,0,0,1
2019,2019,MPT,5,Consumer Discretionary,5.830419736125569,1,0,0,0,1,1,1,0,1
2019,2019,MSH,8,Consumer Discretionary,0.5246261139393379,1,1,1,1,1,1,0,1,1
2019,2019,MSN,5,Consumer Staples,0.6477373083062367,1,1,1,0,1,1,0,0,0
2019,2019,MSR,5,Materials,0.7878411586082461,1,1,0,1,1,0,1,0,0
2019,2019,MST,5,Industrials,2.0373111816866665,1,1,1,1,0,0,0,1,0
2019,2019,MTA,6,Materials,6.77073501891463,0,1,0,1,1,0,1,1,1
2019,2019,MVB,8,Energy,2.4752055298742137,1,1,1,1,1,0,1,1,1
2019,2019,MWG,4,Consumer Discretionary,0.2404717831284739,1,0,1,0,1,0,0,1,0
2019,2019,NAF,5,Consumer Staples,0.5943243789556396,1,0,1,0,1,1,0,0,1
2019,2019,NAG,5,Consumer Discretionary,2.7939066884942005,1,1,0,0,1,1,1,0,0
2019,2019,NAV,4,Consumer Discretionary,0.9519941392299524,1,1,0,1,0,0,1,0,0
2019,2019,NBB,5,Real Estate,1.154249139616702,1,1,1,0,0,0,1,1,0
2019,2019,NBC,5,Energy,1.8753632983310633,1,1,0,1,1,0,1,0,0
2019,2019,NBE,5,Communication Services,1.908788246138889,1,1,1,0,0,0,1,0,1
2019,2019,NBP,4,Utilities,1.635920239871406,1,0,0,0,0,1,1,0,1
2019,2019,NBW,8,Utilities,0.4243364580359219,1,1,1,1,0,1,1,1,1
2019,2019,NCP,9,Utilities,0.5356651673638173,1,1,1,1,1,1,1,1,1
2019,2019,NCS,5,Industrials,0.4712760965388194,1,1,0,1,0,1,1,0,0
2019,2019,NCT,5,Industrials,0.2710977944598525,1,1,0,0,0,1,1,0,1
2019,2019,ND2,5,Utilities,0.5732194109231729,1,1,0,1,0,1,1,0,0
2019,2019,NDN,3,Real Estate,0.7792513323850205,1,0,0,0,1,1,0,0,0
2019,2019,NET,8,Consumer Staples,0.3001861816058224,1,1,1,1,0,1,1,1,1
2019,2019,NGC,3,Consumer Staples,0.8779332931173418,0,1,0,1,0,0,1,0,0
2019,2019,NHA,6,Real Estate,2.0766771339867884,1,1,1,0,0,0,1,1,1
2019,2019,NHC,7,Materials,0.5696848788746198,1,1,1,1,0,0,1,1,1
2019,2019,NHH,2,Materials,0.3172239080074848,1,0,0,0,0,0,0,0,1
2019,2019,NHT,3,Materials,0.3644711670128989,1,1,0,0,0,0,1,0,0
2019,2019,NKG,7,Materials,2.4023063923703316,1,1,1,1,1,0,1,0,1
2019,2019,NLG,4,Real Estate,0.7361233474495881,1,1,1,0,1,0,0,0,0
2019,2019,NNG,4,Unknown,1.6009453301934404,0,1,0,1,0,0,0,1,1
2019,2019,NRC,3,Real Estate,1.941596349199438,1,0,0,0,1,0,0,0,1
2019,2019,NSC,6,Consumer Staples,0.6656672953054424,1,1,0,1,1,0,1,1,0
2019,2019,NSH,8,Materials,6.744119200719931,1,1,1,1,1,1,1,1,0
2019,2019,NT2,8,Utilities,0.6621625397747513,1,1,1,1,1,1,1,0,1
2019,2019,NTC,6,Real Estate,0.2189927546695836,1,1,0,1,1,1,1,0,0
2019,2019,NTL,8,Real Estate,0.738998958323918,1,1,1,0,1,1,1,1,1
2019,2019,NTP,7,Materials,0.8097345587808444,1,1,1,1,1,1,1,0,0
2019,2019,NUE,5,Industrials,1.4144474695325204,1,1,0,1,1,0,1,0,0
2019,2019,NVL,3,Real Estate,0.3861903870533,1,1,0,0,0,1,0,0,0
2019,2019,NVT,8,Consumer Discretionary,0.4941680531506396,1,1,1,1,1,1,1,0,1
2019,2019,OCH,5,Consumer Staples,0.8121581331243422,1,1,0,1,1,0,0,0,1
2019,2019,OGC,7,Consumer Staples,0.2706852740678128,1,1,1,1,1,0,0,1,1
2019,2019,ONE,6,Communication Services,3.561879032443879,1,1,0,1,0,1,1,0,1
2019,2019,OPC,4,Health Care,0.5070531759555857,1,1,0,0,0,1,1,0,0
2019,2019,PAC,6,Industrials,0.5753512528920016,1,1,0,1,0,1,1,1,0
2019,2019,PAN,3,Consumer Staples,0.7817919935580061,1,0,0,0,1,0,0,1,0
2019,2019,PBP,6,Materials,2.103655646069995,1,1,0,1,1,1,1,0,0
2019,2019,PC1,2,Industrials,1.2330473982518009,1,0,0,0,0,0,0,0,1
2019,2019,PCC,3,Materials,1.9213592646273292,1,0,0,0,0,1,1,0,0
2019,2019,PCE,5,Materials,2.006421214037037,1,1,0,0,0,1,1,1,0
2019,2019,PDB,8,Materials,1.6541958601796307,1,1,1,1,1,1,1,1,0
2019,2019,PDN,9,Industrials,0.4395474738796183,1,1,1,1,1,1,1,1,1
2019,2019,PDR,5,Real Estate,0.500554293468491,1,0,1,0,0,0,1,1,1
2019,2019,PET,7,Consumer Discretionary,2.3398065713067338,1,1,1,1,0,1,0,1,1
2019,2019,PFL,3,Industrials,6.495280910044444,0,0,0,1,0,0,1,1,0
2019,2019,PGC,8,Utilities,0.9515525384854602,1,1,1,1,0,1,1,1,1
2019,2019,PGD,6,Utilities,0.2877558686751336,1,1,1,1,0,0,1,0,1
2019,2019,PGN,5,Materials,0.9767711639646464,1,0,1,0,0,0,1,1,1
2019,2019,PGS,4,Utilities,0.6913362729773831,1,0,0,0,1,1,1,0,0
2019,2019,PGT,3,Industrials,0.970837358367941,0,0,0,0,0,0,1,1,1
2019,2019,PGV,8,Utilities,1.1388856518101222,1,1,1,1,1,1,1,0,1
2019,2019,PHC,6,Industrials,1.3367344954019331,1,1,0,1,1,0,1,1,0
2019,2019,PHP,8,Industrials,1.1944673057730824,1,1,1,1,1,1,1,1,0
2019,2019,PHR,7,Materials,0.4885068097563854,1,1,0,1,1,1,1,1,0
2019,2019,PIA,5,Information Technology,0.5230954050289496,1,1,0,1,0,0,1,1,0
2019,2019,PIC,5,Utilities,1.0095257015315948,1,1,0,1,0,1,1,0,0
2019,2019,PIT,8,Consumer Staples,2.2111709230612977,1,1,1,1,1,1,1,1,0
2019,2019,PJT,5,Energy,1.2693890927160771,1,1,0,1,0,0,1,0,1
2019,2019,PLC,5,Materials,1.4477625359725117,1,1,0,1,0,0,1,1,0
2019,2019,PLX,7,Energy,0.3454459217629899,1,1,1,1,0,1,0,1,1
2019,2019,PMC,4,Health Care,0.673950350400136,1,1,0,0,0,1,1,0,0
2019,2019,PME,5,Health Care,0.4798436189838089,1,1,0,1,0,0,1,0,1
2019,2019,PMG,6,Utilities,0.6286044408416585,1,0,0,0,1,1,1,1,1
2019,2019,PMS,8,Energy,1.6702182628892477,1,1,1,1,1,1,1,0,1
2019,2019,PNC,7,Consumer Discretionary,1.0835344835566016,1,1,0,1,0,1,1,1,1
2019,2019,PNJ,3,Consumer Discretionary,0.2363535333319384,1,0,0,0,1,0,0,1,0
2019,2019,POM,2,Materials,2.4001397424227333,0,0,0,1,0,0,1,0,0
2019,2019,POS,7,Energy,2.052417324912088,1,1,1,1,0,0,1,1,1
2019,2019,POT,6,Information Technology,1.0901431096339214,1,1,0,1,1,0,1,1,0
2019,2019,POW,8,Utilities,1.0026942899522746,1,1,1,1,1,1,0,1,1
2019,2019,PPC,6,Utilities,0.6916165645932394,1,1,1,0,0,1,1,0,1
2019,2019,PPH,5,Consumer Discretionary,1.340767638971749,1,0,0,0,1,1,1,1,0
2019,2019,PPI,4,Real Estate,2.6625244087004956,0,1,0,1,1,0,1,0,0
2019,2019,PPP,9,Health Care,0.6514736271397968,1,1,1,1,1,1,1,1,1
2019,2019,PPS,6,Industrials,1.8956236352717948,1,1,0,1,0,1,1,1,0
2019,2019,PSB,3,Energy,3.401158413921212,1,0,0,0,0,1,1,0,0
2019,2019,PSD,7,Consumer Discretionary,0.8441592398909691,1,1,0,1,0,1,1,1,1
2019,2019,PSL,3,Consumer Staples,0.5089664555440414,0,0,0,1,0,1,1,0,0
2019,2019,PSP,8,Industrials,1.8422815923483609,1,1,1,1,1,1,1,0,1
2019,2019,PTB,4,Materials,0.5389684974507113,1,1,0,0,0,0,1,1,0
2019,2019,PTC,6,Industrials,2.332287048710003,1,1,1,1,0,1,1,0,0
2019,2019,PTL,7,Real Estate,1.5845553454988126,1,1,1,1,0,0,1,1,1
2019,2019,PTS,6,Industrials,3.2394012698994255,1,1,0,1,1,0,1,1,0
2019,2019,PTT,8,Industrials,2.7477889755609755,1,1,1,1,1,1,1,1,0
2019,2019,PVB,4,Energy,1.1322231393618292,1,0,1,0,0,0,1,0,1
2019,2019,PVC,8,Energy,2.3481159735119617,1,1,1,1,0,1,1,1,1
2019,2019,PVD,4,Energy,2.164970989212085,1,0,0,0,1,0,1,1,0
2019,2019,PVG,4,Utilities,1.646927757729452,1,1,0,1,0,1,0,0,0
2019,2019,PVL,5,Real Estate,2.9333761454125,0,1,0,1,0,1,1,1,0
2019,2019,PVM,6,Industrials,0.7754222475227709,1,0,1,0,1,1,1,0,1
2019,2019,PVO,7,Energy,3.520560051439607,1,1,1,1,0,0,1,1,1
2019,2019,PVP,6,Energy,2.414608500380544,1,1,0,1,1,0,1,0,1
2019,2019,PVS,5,Energy,1.4430153983472649,1,1,0,1,0,0,1,0,1
2019,2019,PVT,5,Energy,0.9266110526121526,1,1,0,1,1,0,0,1,0
2019,2019,PVV,4,Industrials,3.0945879598333335,0,0,1,1,0,0,1,1,0
2019,2019,PWA,6,Real Estate,1.1703688254134614,1,1,1,1,0,0,1,0,1
2019,2019,PXI,7,Industrials,3.137215666550926,0,1,0,1,1,1,1,1,1
2019,2019,PXL,4,Real Estate,1.25823742117905,0,1,0,1,0,1,1,0,0
2019,2019,PXS,6,Industrials,1.0048750281982153,0,1,0,1,1,0,1,1,1
2019,2019,PXT,4,Industrials,3.15705414,0,1,0,1,1,0,1,0,0
2019,2019,QCG,4,Real Estate,3.62308182535237,1,0,0,0,1,0,1,0,1
2019,2019,QNC,9,Materials,1.3338033430498266,1,1,1,1,1,1,1,1,1
2019,2019,QTP,8,Utilities,0.9542229834530216,1,1,1,1,1,1,1,0,1
2019,2019,RAL,6,Industrials,1.0366727542124223,1,1,0,0,1,0,1,1,1
2019,2019,RDP,6,Unknown,1.712450466307649,1,0,1,0,1,1,0,1,1
2019,2019,REE,3,Utilities,0.9237820309283244,1,1,0,0,0,0,0,1,0
2019,2019,RGC,4,Unknown,2.309610258383347,0,0,0,1,0,0,1,1,1
2019,2019,RIC,3,Consumer Discretionary,2.5432178941781625,0,0,0,1,1,0,1,0,0
2019,2019,ROS,4,Industrials,0.6153011707047181,1,0,0,0,0,1,1,0,1
2019,2019,RTS,6,Industrials,0.7799308119347553,1,1,1,1,0,0,1,0,1
2019,2019,S4A,6,Utilities,0.4356434041514925,1,1,0,1,1,1,1,0,0
2019,2019,S55,3,Industrials,1.8891970355584415,1,1,0,1,0,0,0,0,0
2019,2019,S99,4,Industrials,1.4497699628443688,1,0,0,0,0,1,1,0,1
2019,2019,SAB,7,Consumer Staples,0.128616313958526,1,1,1,0,0,1,1,1,1
2019,2019,SAC,6,Industrials,2.0698562677983356,1,1,0,1,0,1,1,1,0
2019,2019,SAM,5,Industrials,1.2707811370838256,1,1,0,1,1,0,1,0,0
2019,2019,SAS,6,Industrials,0.3602878686314566,1,1,1,0,0,0,1,1,1
2019,2019,SAV,8,Consumer Discretionary,2.204925943996674,1,1,1,1,0,1,1,1,1
2019,2019,SBA,7,Utilities,0.8626140712212497,1,1,1,1,1,0,1,0,1
2019,2019,SBV,4,Consumer Discretionary,1.7895136643725356,1,1,0,0,0,1,1,0,0
2019,2019,SC5,4,Industrials,0.9332814373875729,1,0,0,0,0,1,1,1,0
2019,2019,SCD,6,Consumer Staples,0.8435924606118941,1,1,1,0,0,1,1,1,0
2019,2019,SCI,6,Industrials,1.2991116954141124,1,0,1,0,0,1,1,1,1
2019,2019,SCJ,5,Materials,5.868566393730832,1,1,0,1,0,0,1,1,0
2019,2019,SCR,6,Real Estate,2.2552167131783456,1,0,1,0,1,1,1,1,0
2019,2019,SCS,7,Industrials,0.1661590332574218,1,1,1,1,0,1,0,1,1
2019,2019,SD2,5,Industrials,2.5545449740795116,0,1,0,1,1,0,1,0,1
2019,2019,SD3,5,Utilities,3.0308154355816987,0,1,0,1,1,1,1,0,0
2019,2019,SD4,5,Industrials,4.705460315875098,1,0,0,0,1,1,1,0,1
2019,2019,SD5,6,Industrials,3.526321386541597,1,1,1,0,1,1,1,0,0
2019,2019,SD6,6,Industrials,4.811646003833414,1,1,0,1,0,1,1,0,1
2019,2019,SD9,4,Utilities,3.169504762344405,1,1,0,1,0,0,1,0,0
2019,2019,SDA,3,Industrials,2.205838821709591,0,1,0,1,0,0,1,0,0
2019,2019,SDD,8,Industrials,3.285756221871264,1,1,1,1,0,1,1,1,1
2019,2019,SDK,4,Materials,0.5196918266889632,1,1,0,1,0,0,1,0,0
2019,2019,SDP,5,Industrials,3.049802881774321,0,1,0,1,1,1,1,0,0
2019,2019,SDT,6,Industrials,5.829161814854026,1,1,0,1,1,0,1,1,0
2019,2019,SDV,7,Industrials,1.1446750530461538,1,1,1,1,1,0,1,0,1
2019,2019,SEA,6,Consumer Staples,1.4002303160590204,1,1,1,0,0,1,1,1,0
2019,2019,SEB,7,Utilities,0.3119424435254921,1,1,1,1,1,0,1,1,0
2019,2019,SED,5,Communication Services,1.3887843305220129,1,1,0,0,0,0,1,1,1
2019,2019,SFC,6,Energy,0.7113625218065044,1,1,1,0,0,0,1,1,1
2019,2019,SFG,5,Materials,1.9086060324719931,1,1,0,1,0,1,1,0,0
2019,2019,SFI,5,Industrials,1.3300305455679875,1,1,0,1,0,1,1,0,0
2019,2019,SGD,3,Communication Services,1.1222189843294752,1,1,0,1,0,0,0,0,0
2019,2019,SGN,6,Industrials,0.2973664019755225,1,1,0,1,0,1,1,1,0
2019,2019,SGP,7,Industrials,1.2458894865952452,1,1,1,1,1,1,1,0,0
2019,2019,SGR,4,Real Estate,0.8199515989166747,1,0,0,0,1,0,1,1,0
2019,2019,SGS,7,Industrials,0.8513153477319905,1,1,1,1,0,0,1,1,1
2019,2019,SGT,4,Communication Services,2.077189822293145,1,1,0,1,1,0,0,0,0
2019,2019,SHA,4,Industrials,2.650442046925831,1,1,0,0,1,0,1,0,0
2019,2019,SHC,8,Industrials,2.00448769914403,1,1,1,1,0,1,1,1,1
2019,2019,SHE,7,Industrials,1.036317977108108,1,1,1,1,0,0,1,1,1
2019,2019,SHI,4,Industrials,1.4256008371008542,1,0,0,0,1,0,1,1,0
2019,2019,SHN,8,Consumer Discretionary,1.3046173950924596,1,1,1,1,1,1,1,0,1
2019,2019,SHP,8,Utilities,0.6220822574167673,1,1,1,1,1,0,1,1,1
2019,2019,SID,4,Real Estate,1.8552575978991452,1,0,0,0,0,1,1,1,0
2019,2019,SIG,5,Utilities,2.5649315659846152,1,1,0,1,0,0,1,1,0
2019,2019,SII,4,Utilities,1.0612937468784789,1,0,1,0,1,0,1,0,0
2019,2019,SIP,6,Real Estate,0.2492163025482244,1,1,1,1,1,0,0,1,0
2019,2019,SJ1,8,Consumer Staples,0.6329163866123062,1,1,1,0,1,1,1,1,1
2019,2019,SJD,6,Utilities,0.7718805288310409,1,1,0,1,0,1,1,1,0
2019,2019,SJE,3,Industrials,1.9224406055949412,1,0,1,0,0,0,0,1,0
2019,2019,SJF,6,Materials,4.893275728714901,1,1,0,1,1,1,0,0,1
2019,2019,SJG,5,Industrials,1.947796378544604,1,1,0,1,0,1,1,0,0
2019,2019,SJM,4,Industrials,0.9057802611428571,1,0,1,0,0,1,1,0,0
2019,2019,SJS,4,Real Estate,1.1393225361671484,1,0,0,0,0,0,1,1,1
2019,2019,SKG,5,Industrials,1.1248230562832655,1,1,0,1,0,1,1,0,0
2019,2019,SMB,8,Consumer Staples,0.4013837942411251,1,1,1,1,1,1,1,1,0
2019,2019,SMC,6,Materials,1.917513585487664,1,1,0,1,1,0,1,0,1
2019,2019,SMT,2,Information Technology,0.5363383062990558,0,0,0,0,1,0,1,0,0
2019,2019,SNZ,9,Real Estate,0.7198018585326175,1,1,1,1,1,1,1,1,1
2019,2019,SPI,7,Materials,9.943834300743385,1,1,1,1,0,0,1,1,1
2019,2019,SPM,4,Health Care,4.416979857399095,1,0,0,0,0,1,1,0,1
2019,2019,SRA,3,Health Care,2.279321553162879,1,1,0,0,0,1,0,0,0
2019,2019,SRB,3,Consumer Discretionary,5.023334305228758,0,0,1,1,0,0,1,0,0
2019,2019,SRC,8,Consumer Discretionary,0.746619599135017,1,1,1,1,0,1,1,1,1
2019,2019,SRF,3,Industrials,1.024795284827078,1,0,0,0,0,0,0,1,1
2019,2019,SSC,3,Consumer Staples,0.4112234925895058,1,1,0,0,0,0,1,0,0
2019,2019,SSN,6,Consumer Staples,3.258647194365079,1,0,0,0,1,1,1,1,1
2019,2019,ST8,1,Consumer Discretionary,0.5618437218982082,1,0,0,0,0,0,0,0,0
2019,2019,STC,6,Communication Services,1.6553666711108868,1,1,0,1,0,1,1,0,1
2019,2019,STG,8,Industrials,0.9511875283966604,1,1,0,1,1,1,1,1,1
2019,2019,STK,6,Consumer Discretionary,0.872598334351971,1,1,1,0,1,1,0,1,0
2019,2019,STP,5,Materials,3.2715178592810576,1,1,1,0,0,0,1,1,0
2019,2019,STV,5,Materials,1.7858713282,1,1,0,1,0,0,1,0,1
2019,2019,SVC,5,Consumer Discretionary,1.0754401147250123,1,0,0,0,1,1,1,0,1
2019,2019,SVI,7,Materials,0.5478642993166694,1,1,1,1,0,1,1,1,0
2019,2019,SVN,5,Consumer Staples,5.531359902531328,1,1,0,1,0,1,1,0,0
2019,2019,SVT,6,Materials,1.6929885979787664,1,1,1,0,0,1,1,0,1
2019,2019,SWC,4,Industrials,0.9616224110478442,1,1,0,0,0,0,1,0,1
2019,2019,SZB,8,Real Estate,0.5929935414537346,1,1,1,1,0,1,1,1,1
2019,2019,SZC,7,Real Estate,0.6756694232807909,1,1,1,1,1,0,1,1,0
2019,2019,SZE,7,Industrials,1.162355669788779,1,1,1,1,0,1,1,0,1
2019,2019,SZL,3,Real Estate,0.8994921990655482,1,1,0,0,0,0,1,0,0
2019,2019,TA9,8,Industrials,1.2996168767885214,1,1,1,0,1,1,1,1,1
2019,2019,TAC,5,Consumer Staples,0.7707576157741626,1,1,0,0,0,1,1,1,0
2019,2019,TAR,6,Consumer Staples,0.4842328461096579,1,0,1,0,1,1,1,1,0
2019,2019,TBC,4,Utilities,0.6436299890883932,1,1,0,1,0,0,1,0,0
2019,2019,TC6,5,Energy,2.2276905153241677,1,1,0,1,0,0,1,0,1
2019,2019,TCD,5,Industrials,1.2351911915691722,1,1,0,1,1,0,0,0,1
2019,2019,TCH,6,Real Estate,0.3856950617327085,1,1,1,1,0,0,0,1,1
2019,2019,TCL,6,Industrials,1.219344284760073,1,1,0,1,1,1,1,0,0
2019,2019,TCM,6,Consumer Discretionary,1.274361893401984,1,1,0,1,1,1,1,0,0
2019,2019,TCO,6,Consumer Staples,1.0008720888872429,1,1,1,1,0,0,1,0,1
2019,2019,TCR,8,Materials,4.704166506450763,1,1,1,1,1,1,1,1,0
2019,2019,TCS,7,Energy,1.4803464721351816,1,1,0,1,1,1,1,0,1
2019,2019,TCT,4,Industrials,0.622011389855432,1,1,0,1,0,0,1,0,0
2019,2019,TCW,9,Industrials,0.902359328712354,1,1,1,1,1,1,1,1,1
2019,2019,TDC,8,Real Estate,1.4394393920546968,1,1,1,1,1,0,1,1,1
2019,2019,TDG,5,Utilities,6.74761880030667,1,0,0,0,1,1,1,0,1
2019,2019,TDH,4,Real Estate,1.883082913482696,1,0,0,0,1,0,1,0,1
2019,2019,TDM,5,Utilities,0.640827267988892,1,1,1,0,0,1,0,0,1
2019,2019,TDN,6,Energy,2.437070536892778,1,1,1,1,0,1,1,0,0
2019,2019,TDS,6,Materials,2.0501377414679416,1,1,0,1,0,1,1,1,0
2019,2019,TDT,7,Consumer Discretionary,1.3206903337166216,1,1,1,1,0,1,0,1,1
2019,2019,TEG,4,Industrials,2.0969502677202594,1,1,0,1,0,1,0,0,0
2019,2019,TFC,6,Consumer Staples,2.943488777762459,1,0,1,0,1,0,1,1,1
2019,2019,THB,7,Consumer Staples,1.1615275099834954,1,1,1,1,0,1,1,0,1
2019,2019,THG,8,Materials,0.6742726784047922,1,1,1,1,0,1,1,1,1
2019,2019,THI,4,Industrials,0.8978763314623824,1,0,0,0,0,1,1,0,1
2019,2019,THP,3,Consumer Staples,1.467994150312086,1,0,0,0,0,0,1,0,1
2019,2019,THT,5,Energy,2.0932580468887676,1,1,0,1,0,0,1,1,0
2019,2019,TID,6,Consumer Staples,0.3551495948065693,1,1,0,1,0,1,1,1,0
2019,2019,TIG,5,Real Estate,1.8385050311011812,1,0,1,0,1,0,0,1,1
2019,2019,TIP,5,Real Estate,0.9238362207815488,1,1,0,1,0,0,1,1,0
2019,2019,TKC,4,Real Estate,4.44782996680412,1,0,0,0,0,1,1,1,0
2019,2019,TKU,5,Materials,0.9592807383382794,1,1,0,1,0,1,1,0,0
2019,2019,TLD,5,Materials,2.628926820144443,1,1,0,1,1,0,1,0,0
2019,2019,TLG,4,Industrials,0.5821480809171559,1,1,1,0,0,1,0,0,0
2019,2019,TLH,1,Materials,3.1824905073360426,0,0,0,0,0,0,1,0,0
2019,2019,TLT,6,Materials,0.6367790634541702,1,1,0,0,0,1,1,1,1
2019,2019,TMB,7,Energy,1.3682450881939394,1,1,1,1,0,0,1,1,1
2019,2019,TMC,3,Consumer Discretionary,1.118009053320356,1,0,0,0,0,0,1,0,1
2019,2019,TMG,5,Materials,0.5366793516233521,1,1,0,1,0,0,1,0,1
2019,2019,TMP,5,Utilities,0.5815221681384554,1,1,0,0,1,1,1,0,0
2019,2019,TMS,5,Industrials,1.1513386872611957,1,1,0,0,1,1,0,1,0
2019,2019,TMT,7,Consumer Discretionary,2.0602704449544076,1,1,1,1,0,1,1,0,1
2019,2019,TN1,5,Real Estate,0.3833789861853853,1,1,0,0,1,0,1,1,0
2019,2019,TNA,6,Consumer Discretionary,0.7665178141061122,1,1,1,0,1,1,1,0,0
2019,2019,TNB,7,Materials,1.523444956745543,1,1,1,1,0,1,1,1,0
2019,2019,TNC,4,Materials,1.0021880143241375,1,0,1,0,0,1,1,0,0
2019,2019,TND,8,Energy,2.2046636835795455,1,1,1,1,1,1,1,0,1
2019,2019,TNG,6,Consumer Discretionary,1.097843634643109,1,1,1,1,0,1,0,0,1
2019,2019,TNI,4,Materials,1.058663610655885,1,0,0,0,1,0,1,1,0
2019,2019,TNT,6,Materials,6.63417202627451,1,0,1,0,1,1,1,0,1
2019,2019,TPC,5,Materials,1.5663908199975642,1,1,0,1,0,1,0,0,1
2019,2019,TRA,6,Health Care,0.4105692934261866,1,1,0,1,1,0,1,1,0
2019,2019,TRC,3,Materials,1.555885207566057,1,0,0,0,0,0,1,1,0
2019,2019,TS4,3,Consumer Staples,4.358466336069011,0,0,0,0,0,1,1,1,0
2019,2019,TSC,8,Consumer Discretionary,3.470996614391485,1,1,1,1,1,1,1,1,0
2019,2019,TSJ,5,Consumer Discretionary,0.3540540445634499,1,1,0,0,0,1,1,0,1
2019,2019,TST,3,Industrials,3.0184344103483607,1,0,0,0,1,0,1,0,0
2019,2019,TTB,5,Real Estate,2.686354495771313,1,1,0,1,0,1,1,0,0
2019,2019,TTH,4,Consumer Discretionary,4.333403826497475,1,1,0,0,0,0,1,0,1
2019,2019,TTL,5,Industrials,0.993981199189358,1,0,1,0,0,0,1,1,1
2019,2019,TTN,6,Communication Services,1.5624937141572082,1,1,1,1,0,1,1,0,0
2019,2019,TTT,5,Industrials,1.1618353679301223,1,1,0,1,0,0,1,1,0
2019,2019,TTZ,3,Materials,3.9018394887803143,0,0,0,0,1,0,1,1,0
2019,2019,TV2,5,Industrials,0.4965282477893995,1,0,0,0,1,1,1,0,1
2019,2019,TV3,7,Industrials,0.463051912156222,1,1,1,1,0,1,1,1,0
2019,2019,TV4,5,Industrials,0.8064697952732449,1,1,0,1,0,0,1,1,0
2019,2019,TVD,8,Energy,1.7475575118921387,1,1,1,1,1,1,1,0,1
2019,2019,TVN,5,Materials,1.9681912974020228,1,1,0,1,0,0,1,0,1
2019,2019,TVT,5,Consumer Discretionary,1.0701532390931676,1,1,0,1,1,0,1,0,0
2019,2019,TXM,7,Materials,4.9431868072268905,1,1,1,1,0,1,1,1,0
2019,2019,TYA,5,Industrials,1.1154010011911957,1,0,1,0,0,0,1,1,1
2019,2019,UDC,7,Industrials,2.801681663015206,1,1,0,1,1,1,1,1,0
2019,2019,UDJ,5,Real Estate,1.6643079705989758,1,1,0,1,0,0,1,0,1
2019,2019,UIC,8,Utilities,0.965751909777628,1,1,1,1,0,1,1,1,1
2019,2019,UNI,6,Real Estate,2.8038729052544946,1,1,0,1,0,1,1,1,0
2019,2019,V21,7,Consumer Discretionary,0.3505067559043974,1,1,1,1,1,0,1,0,1
2019,2019,VAF,4,Materials,1.2232128569904162,1,0,0,0,0,1,1,1,0
2019,2019,VAV,5,Utilities,0.4991841060392442,1,1,0,1,0,0,1,0,1
2019,2019,VC2,8,Industrials,1.0422891526968174,1,1,1,1,1,1,1,1,0
2019,2019,VC3,6,Real Estate,0.7464441249013378,1,0,1,0,1,0,1,1,1
2019,2019,VC6,7,Industrials,1.9878225998943664,1,1,1,0,1,1,1,0,1
2019,2019,VC7,2,Consumer Discretionary,1.804583680805904,1,0,0,0,0,1,0,0,0
2019,2019,VC9,3,Industrials,1.2981794462685543,1,0,0,0,0,0,1,1,0
2019,2019,VCA,5,Materials,1.3413359897832566,1,1,0,1,0,0,1,1,0
2019,2019,VCC,4,Industrials,1.3167810228367005,1,0,1,0,1,0,1,0,0
2019,2019,VCF,7,Consumer Staples,0.3071077742860237,1,1,1,0,0,1,1,1,1
2019,2019,VCG,6,Industrials,0.5628500547610267,1,0,1,0,0,1,1,1,1
2019,2019,VCP,5,Utilities,0.2778929937454862,1,1,0,1,1,0,1,0,0
2019,2019,VCR,4,Real Estate,0.3879841762013888,0,0,1,0,1,1,0,0,1
2019,2019,VCS,6,Materials,0.3074791364580064,1,1,1,0,0,1,0,1,1
2019,2019,VCX,7,Materials,2.9007830456275916,1,1,1,1,1,0,1,0,1
2019,2019,VDP,3,Health Care,1.027674715519094,1,0,0,0,0,0,1,0,1
2019,2019,VE9,2,Industrials,3.916322559460847,0,0,0,1,0,0,1,0,0
2019,2019,VEA,4,Industrials,0.445380700451301,1,1,0,0,1,0,1,0,0
2019,2019,VEC,5,Information Technology,0.9106284074285822,0,1,0,1,0,1,1,1,0
2019,2019,VEF,4,Industrials,0.1021169925722325,1,0,1,0,0,0,1,0,1
2019,2019,VFG,5,Materials,0.6817411507311778,1,1,0,1,1,0,1,0,0
2019,2019,VGC,7,Industrials,0.768766880019613,1,1,1,1,1,0,0,1,1
2019,2019,VGG,5,Consumer Discretionary,0.8237996708793729,1,1,0,0,0,1,1,1,0
2019,2019,VGI,7,Communication Services,0.3893963064810817,0,1,1,1,1,1,1,1,0
2019,2019,VGR,7,Industrials,0.9091668184161492,1,1,0,1,1,1,1,0,1
2019,2019,VGS,6,Materials,2.385088211139026,1,0,1,0,0,1,1,1,1
2019,2019,VGT,6,Consumer Discretionary,1.3850098154741572,1,1,1,1,1,1,0,0,0
2019,2019,VGV,5,Industrials,1.0908939498279502,1,0,1,0,1,0,1,0,1
2019,2019,VHE,6,Consumer Staples,2.207773990610048,1,0,1,0,1,1,1,1,0
2019,2019,VHL,7,Materials,0.8888755382503226,1,1,0,1,1,1,1,1,0
2019,2019,VHM,6,Real Estate,0.2010969711231842,1,1,0,1,1,0,1,1,0
2019,2019,VIC,6,Real Estate,0.1964562926664649,1,1,1,1,1,0,0,1,0
2019,2019,VID,3,Materials,3.6161687254521455,1,0,0,0,1,0,1,0,0
2019,2019,VIF,3,Materials,0.6472042486749844,1,0,0,0,0,0,1,1,0
2019,2019,VIM,8,Materials,0.8845263326923077,1,1,1,1,1,1,1,0,1
2019,2019,VIN,4,Industrials,1.528753309469329,1,1,0,0,0,0,1,1,0
2019,2019,VIP,6,Energy,3.3413444711363405,1,1,0,1,1,1,1,0,0
2019,2019,VIS,5,Materials,0.272300414621995,0,1,1,1,0,0,1,1,0
2019,2019,VIT,8,Materials,1.031484370746918,1,1,1,1,0,1,1,1,1
2019,2019,VJC,2,Industrials,0.1945600477627363,1,0,0,0,0,0,1,0,0
2019,2019,VKC,9,Consumer Discretionary,4.458168689840167,1,1,1,1,1,1,1,1,1
2019,2019,VLC,7,Consumer Staples,0.8725088329615674,1,1,0,1,0,1,1,1,1
2019,2019,VLG,5,Industrials,2.3619308607979628,1,1,0,0,1,0,1,1,0
2019,2019,VMC,6,Industrials,1.5739011553632478,1,1,0,1,1,1,1,0,0
2019,2019,VMD,5,Health Care,0.8817906897677783,1,1,0,1,0,0,1,0,1
2019,2019,VMG,4,Utilities,1.5228196943287038,1,0,0,0,0,1,1,1,0
2019,2019,VMS,6,Industrials,1.8245832720308504,1,1,1,0,0,0,1,1,1
2019,2019,VNA,7,Industrials,1.0172902439354838,1,1,1,1,1,0,1,0,1
2019,2019,VNE,6,Industrials,3.2185680954562113,1,1,0,0,0,1,1,1,1
2019,2019,VNG,4,Consumer Discretionary,0.5605736255539859,1,1,0,1,0,0,1,0,0
2019,2019,VNH,6,Consumer Staples,0.9626931086612596,1,1,1,0,0,1,1,1,0
2019,2019,VNM,5,Consumer Staples,0.1355744578966972,1,1,0,1,1,0,0,1,0
2019,2019,VNP,4,Materials,1.7787905226821834,0,0,0,0,1,1,1,1,0
2019,2019,VNS,8,Industrials,2.319201122153942,1,1,1,1,1,1,1,1,0
2019,2019,VNT,4,Industrials,0.4609867446599058,1,1,0,0,0,0,1,0,1
2019,2019,VNX,6,Communication Services,0.5587494618411013,1,1,0,1,0,1,1,0,1
2019,2019,VOC,6,Consumer Staples,1.624294828438981,1,1,0,0,1,1,1,1,0
2019,2019,VOS,6,Industrials,3.063158198051948,1,1,1,1,1,0,1,0,0
2019,2019,VPG,4,Materials,0.5707325643414523,1,0,0,0,0,1,1,1,0
2019,2019,VPI,4,Real Estate,0.3642859029924911,1,0,0,0,0,1,1,0,1
2019,2019,VPS,6,Materials,1.3163444673817437,1,1,0,1,0,1,1,1,0
2019,2019,VRC,4,Real Estate,1.1615173202113434,1,0,0,0,0,1,1,1,0
2019,2019,VRE,7,Real Estate,0.348434456160466,1,1,1,1,0,0,1,1,1
2019,2019,VRG,8,Real Estate,1.26169386868998,1,1,1,1,0,1,1,1,1
2019,2019,VSC,6,Industrials,1.1524940453910482,1,1,0,1,1,1,0,0,1
2019,2019,VSH,5,Utilities,0.6940616695058527,1,1,0,1,1,0,1,0,0
2019,2019,VSI,5,Industrials,0.651766910452719,1,1,0,0,0,1,1,1,0
2019,2019,VSM,6,Industrials,1.6086346331803278,1,1,1,1,0,0,1,0,1
2019,2019,VSN,6,Consumer Staples,0.4260215153931228,1,1,1,0,0,0,1,1,1
2019,2019,VTA,5,Materials,1.7241329532366072,1,1,0,0,1,0,1,1,0
2019,2019,VTB,7,Consumer Discretionary,1.072966581453601,1,1,1,0,0,1,1,1,1
2019,2019,VTD,5,Consumer Discretionary,0.3531080766327684,1,0,1,0,0,1,0,1,1
2019,2019,VTK,4,Communication Services,0.9551203059760672,1,1,0,0,0,0,1,0,1
2019,2019,VTO,6,Energy,1.9863926425005205,1,1,1,1,0,0,1,0,1
2019,2019,VTP,2,Industrials,0.1399623294686943,1,0,0,0,0,1,0,0,0
2019,2019,WCS,3,Industrials,0.6694867054496644,1,1,0,0,0,0,1,0,0
2019,2019,WSB,8,Consumer Staples,0.9053299949153732,1,1,1,1,0,1,1,1,1
2019,2019,WTC,5,Industrials,2.636194116075,1,0,1,0,0,1,1,0,1
2019,2019,XMC,4,Industrials,1.4360215022858245,1,0,1,0,1,1,0,0,0
2019,2019,XPH,6,Consumer Staples,2.7115723458672725,0,1,1,1,0,0,1,1,1
2019,2019,YBM,6,Materials,2.8984397447328925,1,1,0,1,1,1,1,0,0
2019,2019,YEG,1,Communication Services,0.9141073415186728,0,0,0,0,0,0,1,0,0
2020,2020,A32,6,Consumer Discretionary,1.032492977834612,1,1,0,0,1,1,1,0,1
2020,2020,AAA,4,Materials,1.1265894772830929,1,1,0,1,1,0,0,0,0
2020,2020,AAM,1,Consumer Staples,1.6582281914038868,0,0,0,0,0,0,1,0,0
2020,2020,ABC,3,Communication Services,0.8244843771968545,0,0,0,1,0,0,1,0,1
2020,2020,ABR,5,Communication Services,0.47288084404,1,1,0,0,0,1,1,1,0
2020,2020,ABT,3,Consumer Staples,1.1197529764781842,1,1,0,0,0,0,1,0,0
2020,2020,ACC,4,Materials,1.0651583023153153,1,0,1,0,0,1,0,1,0
2020,2020,ACE,7,Materials,0.7918542136805843,1,1,1,1,0,1,1,1,0
2020,2020,ACL,2,Consumer Staples,0.9450624328218136,1,0,0,0,0,0,1,0,0
2020,2020,ACV,5,Industrials,0.2127748424270583,1,1,0,1,0,1,1,0,0
2020,2020,ADG,2,Communication Services,0.1883081609272847,1,1,0,0,0,0,0,0,0
2020,2020,ADP,7,Materials,0.6990083213512784,1,1,1,0,0,1,1,1,1
2020,2020,ADS,6,Consumer Discretionary,1.3474292449445855,1,0,1,0,1,1,1,1,0
2020,2020,AFX,7,Consumer Staples,0.9297157596995074,1,1,1,1,0,1,1,0,1
2020,2020,AG1,4,Consumer Discretionary,0.8539628612825781,0,1,0,1,0,0,1,1,0
2020,2020,AGG,4,Real Estate,0.7220283920780265,1,1,0,0,0,1,0,0,1
2020,2020,AGM,5,Consumer Staples,1.8916014011980176,1,1,0,1,0,1,1,0,0
2020,2020,AGX,2,Consumer Staples,1.283658394100529,1,0,0,0,0,0,1,0,0
2020,2020,ALT,4,Materials,3.548332276073766,1,1,0,1,0,0,1,0,0
2020,2020,AMC,6,Materials,0.8913146561937839,1,1,0,1,0,1,1,0,1
2020,2020,AMD,5,Materials,3.925252854148338,1,0,0,0,1,1,1,1,0
2020,2020,AME,4,Industrials,1.7977271302083333,1,0,0,0,1,0,1,1,0
2020,2020,AMS,5,Industrials,1.3387235005041775,1,1,1,0,1,0,1,0,0
2020,2020,AMV,7,Health Care,0.9517136733719266,1,1,0,1,1,1,1,1,0
2020,2020,ANT,8,Consumer Staples,1.1305522188945578,1,1,1,1,1,1,1,1,0
2020,2020,ANV,2,Consumer Staples,0.7373198660629817,1,0,0,0,0,0,1,0,0
2020,2020,APC,5,Industrials,1.3232438226439327,1,1,0,0,1,1,1,0,0
2020,2020,APF,7,Consumer Staples,1.07960578646738,1,1,1,1,0,1,1,1,0
2020,2020,APH,4,Materials,0.2144595355920752,1,1,0,1,1,0,0,0,0
2020,2020,API,5,Real Estate,1.07617395883979,1,0,1,0,1,0,1,1,0
2020,2020,APL,7,Consumer Discretionary,1.2535636243939394,1,1,1,1,0,1,1,1,0
2020,2020,ASG,4,Industrials,0.4096148286021482,1,1,0,1,0,1,0,0,0
2020,2020,ASM,5,Consumer Staples,1.0264636382565582,1,1,0,0,0,1,1,1,0
2020,2020,ASP,6,Utilities,2.079667933095116,1,1,0,1,1,0,1,0,1
2020,2020,AST,2,Industrials,0.1898314311010453,0,0,0,0,0,1,1,0,0
2020,2020,AVC,7,Utilities,0.6661822291951468,1,1,1,0,0,1,1,1,1
2020,2020,BAX,6,Real Estate,0.4261979252179878,1,1,1,0,0,1,1,0,1
2020,2020,BBC,3,Unknown,1.0136219072036858,1,0,0,0,0,1,1,0,0
2020,2020,BBS,9,Materials,1.5579676431286549,1,1,1,1,1,1,1,1,1
2020,2020,BBT,6,Health Care,0.6548984493655493,1,1,1,0,0,1,0,1,1
2020,2020,BCC,7,Materials,1.8025942792405203,1,1,1,1,0,1,1,0,1
2020,2020,BCE,5,Industrials,0.8828853939703704,1,0,1,0,0,0,1,1,1
2020,2020,BCF,6,Consumer Staples,0.3102272639700821,1,1,1,0,0,1,1,1,0
2020,2020,BCG,6,Industrials,0.8744870505240311,1,0,1,0,1,1,1,1,0
2020,2020,BCM,6,Real Estate,0.3752064634993903,1,1,0,1,0,1,1,1,0
2020,2020,BCP,3,Health Care,0.8506930903703703,0,0,0,1,0,0,1,0,1
2020,2020,BDG,5,Consumer Discretionary,0.5621311211707317,1,1,0,1,0,0,1,1,0
2020,2020,BDT,4,Materials,0.582550860531091,1,1,0,0,0,0,1,1,0
2020,2020,BFC,8,Materials,0.9779490832203406,1,1,1,1,1,1,1,1,0
2020,2020,BHA,9,Utilities,1.0279544290242424,1,1,1,1,1,1,1,1,1
2020,2020,BHN,7,Consumer Staples,0.2847525854212582,1,1,1,0,1,1,1,1,0
2020,2020,BHP,7,Consumer Staples,2.231184075783639,1,1,0,1,1,1,1,0,1
2020,2020,BII,8,Unknown,2.6677129164162428,1,1,1,1,1,1,1,0,1
2020,2020,BIO,4,Health Care,1.1438249750090013,1,1,0,1,0,0,1,0,0
2020,2020,BKC,1,Materials,2.29328195698242,0,0,0,0,0,0,1,0,0
2020,2020,BKG,7,Materials,0.8764607201089015,1,1,1,1,1,0,1,1,0
2020,2020,BMC,5,Materials,1.149123876267304,1,0,1,0,0,0,1,1,1
2020,2020,BMP,7,Materials,0.4822962610525932,1,1,1,1,0,0,1,1,1
2020,2020,BNA,6,Consumer Staples,0.5432178508382353,1,1,1,0,1,0,1,0,1
2020,2020,BPC,6,Materials,2.4400446610025064,1,1,0,1,0,1,1,1,0
2020,2020,BQB,4,Consumer Staples,1.6362079343550446,0,1,0,1,0,1,1,0,0
2020,2020,BRC,4,Consumer Discretionary,1.4152057807244285,1,0,1,0,0,0,1,0,1
2020,2020,BRR,6,Materials,0.9921906357823754,1,1,1,0,1,1,1,0,0
2020,2020,BRS,6,Industrials,0.9909370625716968,1,1,1,0,0,1,1,0,1
2020,2020,BSA,7,Utilities,0.9755888677184924,1,1,0,1,1,1,1,0,1
2020,2020,BSG,6,Industrials,0.5760027259383333,0,1,1,1,1,0,1,1,0
2020,2020,BSL,5,Consumer Staples,1.095941356435466,1,1,0,1,0,1,1,0,0
2020,2020,BSQ,6,Consumer Staples,0.7722472268980057,1,1,0,1,0,1,1,0,1
2020,2020,BSR,4,Energy,1.0110930184315732,0,1,0,1,1,0,1,0,0
2020,2020,BT1,8,Materials,1.5256727325421244,1,1,1,1,1,1,1,1,0
2020,2020,BTB,7,Consumer Staples,3.312232362328427,1,1,0,1,1,0,1,1,1
2020,2020,BTD,8,Materials,1.3070101713855933,1,1,1,1,1,0,1,1,1
2020,2020,BTP,7,Utilities,1.389900266588118,1,1,0,1,1,1,1,1,0
2020,2020,BTS,5,Materials,2.405778509513127,1,1,0,1,1,0,1,0,0
2020,2020,BTT,4,Consumer Discretionary,0.5213070034190269,1,1,0,0,0,1,1,0,0
2020,2020,BTV,4,Consumer Discretionary,0.2764987943621851,0,1,0,1,0,0,1,1,0
2020,2020,BVG,5,Materials,2.7970988994332417,0,1,0,1,1,0,1,1,0
2020,2020,BVN,5,Consumer Discretionary,1.4199077664788733,0,1,1,1,0,0,1,1,0
2020,2020,BWE,7,Utilities,0.5326647044564892,1,1,1,1,0,1,0,1,1
2020,2020,BWS,7,Utilities,0.3048851366450794,1,1,0,1,1,1,1,0,1
2020,2020,C21,3,Real Estate,2.4159655491173075,1,0,1,0,0,0,1,0,0
2020,2020,C47,5,Industrials,1.4675321560489103,1,0,1,0,0,0,1,1,1
2020,2020,C4G,6,Industrials,1.0117989034,1,1,0,1,0,1,1,1,0
2020,2020,C69,5,Industrials,0.8958584096723646,1,0,1,0,1,1,0,1,0
2020,2020,C71,7,Unknown,1.300493111340909,1,1,1,1,0,0,1,1,1
2020,2020,C92,7,Industrials,3.1672972516891735,1,1,1,1,0,1,1,0,1
2020,2020,CAG,7,Industrials,0.1247241304153349,1,1,1,1,0,1,1,1,0
2020,2020,CAN,4,Consumer Staples,1.036948638744,1,0,1,0,0,0,1,0,1
2020,2020,CAP,7,Materials,0.4260197538842377,1,1,1,0,0,1,1,1,1
2020,2020,CAT,7,Consumer Staples,1.0254785915983986,1,1,1,0,0,1,1,1,1
2020,2020,CAV,5,Industrials,0.4433255470813492,1,1,0,0,1,0,1,0,1
2020,2020,CBI,8,Materials,0.2222755939155612,1,1,1,1,1,0,1,1,1
2020,2020,CC1,2,Industrials,0.8032956909502067,1,0,0,0,1,0,0,0,0
2020,2020,CCI,5,Energy,0.8463927996815606,1,1,1,0,0,0,1,1,0
2020,2020,CCM,6,Materials,1.4245547260237688,1,1,1,0,1,1,1,0,0
2020,2020,CCP,5,Industrials,1.9110093563078705,1,1,0,1,0,0,1,1,0
2020,2020,CCR,6,Industrials,0.8966002451978619,1,1,1,1,1,0,1,0,0
2020,2020,CDC,5,Industrials,0.846680530200713,1,1,0,0,1,0,1,1,0
2020,2020,CDN,9,Industrials,0.5259005167164235,1,1,1,1,1,1,1,1,1
2020,2020,CDO,3,Industrials,8.132534956261237,0,0,1,0,0,1,1,0,0
2020,2020,CDP,4,Health Care,1.1197700588346955,1,0,0,0,1,0,1,1,0
2020,2020,CEE,5,Industrials,0.5481436067688208,1,0,1,0,0,1,1,0,1
2020,2020,CEN,3,Consumer Discretionary,1.6155418765323313,1,0,0,0,0,1,0,0,1
2020,2020,CEO,3,Real Estate,0.904796667681472,0,1,0,1,0,0,1,0,0
2020,2020,CET,4,Consumer Discretionary,3.0352620193296604,1,0,1,0,0,0,1,1,0
2020,2020,CFC,7,Consumer Staples,0.4994068176189631,1,1,1,1,0,0,1,1,1
2020,2020,CGV,4,Consumer Discretionary,2.2193461909192003,1,0,0,0,0,1,1,0,1
2020,2020,CHP,8,Utilities,0.6510642456498597,1,1,1,1,1,1,1,1,0
2020,2020,CHS,7,Industrials,1.1456181048562206,1,1,1,0,0,1,1,1,1
2020,2020,CI5,6,Industrials,3.301887064607792,1,1,0,1,0,1,1,0,1
2020,2020,CIA,1,Industrials,1.0366938499548248,0,0,0,1,0,0,0,0,0
2020,2020,CIG,4,Industrials,0.44904076491168,0,1,0,1,0,0,1,0,1
2020,2020,CII,3,Industrials,0.9375281094968068,1,0,0,0,0,1,0,0,1
2020,2020,CIP,2,Industrials,0.3219856324994818,0,0,0,0,1,0,1,0,0
2020,2020,CLC,5,Consumer Staples,0.8448149712877631,1,1,0,1,0,1,1,0,0
2020,2020,CLH,8,Materials,0.7495769794047619,1,1,1,1,0,1,1,1,1
2020,2020,CLL,8,Industrials,0.595586742857685,1,1,1,1,1,1,1,0,1
2020,2020,CLX,6,Consumer Staples,0.822211859109936,1,1,1,0,0,0,1,1,1
2020,2020,CMC,4,Industrials,2.2071157400235655,1,0,1,0,0,0,1,0,1
2020,2020,CMS,5,Industrials,3.5602863826356588,0,1,0,1,1,1,1,0,0
2020,2020,CMT,8,Information Technology,3.062900520294408,1,1,1,1,0,1,1,1,1
2020,2020,CMV,7,Consumer Discretionary,1.10597896683402,1,1,0,1,1,1,1,1,0
2020,2020,CMX,3,Consumer Staples,0.6583196079764769,1,0,0,0,1,1,0,0,0
2020,2020,CNC,4,Health Care,0.6055695349861798,1,1,0,1,0,0,1,0,0
2020,2020,CNG,5,Utilities,0.9316154082603194,1,1,0,1,0,0,1,0,1
2020,2020,CNT,7,Real Estate,0.1547420675885591,1,1,1,1,0,1,0,1,1
2020,2020,CPC,7,Materials,1.248351196847934,1,1,1,1,0,1,1,1,0
2020,2020,CQT,8,Materials,1.8462753430564105,1,1,1,1,1,1,1,0,1
2020,2020,CRC,5,Industrials,1.18436265032,1,1,0,1,0,0,0,1,1
2020,2020,CRE,1,Real Estate,0.8775159596968641,1,0,0,0,0,0,0,0,0
2020,2020,CSC,3,Real Estate,0.5314888936452595,1,0,1,0,0,1,0,0,0
2020,2020,CSM,9,Consumer Discretionary,0.6993329157895924,1,1,1,1,1,1,1,1,1
2020,2020,CSV,5,Materials,0.7605907139462922,1,1,0,1,1,0,1,0,0
2020,2020,CTB,5,Industrials,0.5899334833250088,1,1,1,1,0,0,1,0,0
2020,2020,CTC,5,Unknown,2.0429415498528285,1,0,1,0,1,1,0,0,1
2020,2020,CTD,4,Industrials,1.4076466185425294,1,0,0,0,0,1,1,1,0
2020,2020,CTF,4,Consumer Discretionary,0.5606425639366086,1,1,0,1,0,0,1,0,0
2020,2020,CTI,6,Industrials,1.312167430192825,1,1,1,1,0,1,0,0,1
2020,2020,CTP,4,Consumer Staples,3.244172287143052,1,1,0,1,0,0,1,0,0
2020,2020,CTR,5,Communication Services,0.211728569550945,1,1,1,0,0,0,0,1,1
2020,2020,CVN,3,Consumer Staples,1.2392215498681771,1,1,0,0,0,0,0,1,0
2020,2020,CVT,5,Materials,0.4971424493798261,1,1,0,1,0,1,1,0,0
2020,2020,CX8,5,Industrials,1.7812799014838103,1,1,0,1,0,0,1,1,0
2020,2020,D11,5,Consumer Discretionary,0.8386027423866392,1,0,1,0,0,1,1,1,0
2020,2020,D2D,4,Real Estate,0.5150446965640083,1,0,0,0,0,1,1,1,0
2020,2020,DAD,5,Communication Services,1.0457908881424964,1,1,0,1,0,1,1,0,0
2020,2020,DAG,4,Industrials,1.8536809870055304,1,1,0,1,0,0,1,0,0
2020,2020,DAH,2,Consumer Discretionary,2.4301233711673698,0,0,0,1,0,0,1,0,0
2020,2020,DAP,7,Unknown,2.305259285634388,1,1,1,1,1,1,1,0,0
2020,2020,DAT,6,Consumer Staples,0.4528126844474082,1,1,0,1,0,1,1,1,0
2020,2020,DBC,9,Consumer Staples,0.7082288934395495,1,1,1,1,1,1,1,1,1
2020,2020,DBD,7,Health Care,0.3796188710311975,1,1,0,1,1,1,1,1,0
2020,2020,DBT,3,Health Care,1.0387618320282046,1,0,0,0,0,0,1,1,0
2020,2020,DC1,8,Industrials,1.3734790238604224,1,1,1,0,1,1,1,1,1
2020,2020,DC2,5,Industrials,1.4557044258304697,1,0,0,0,1,1,1,1,0
2020,2020,DCF,6,Industrials,1.5088282465344591,1,1,1,1,0,0,1,1,0
2020,2020,DCL,6,Health Care,0.6294724446451064,1,1,0,1,1,0,1,1,0
2020,2020,DCM,9,Materials,0.8500324145722921,1,1,1,1,1,1,1,1,1
2020,2020,DCR,6,Materials,5.135581855230769,1,1,0,1,1,1,1,0,0
2020,2020,DDG,2,Utilities,0.4352862366288764,1,0,0,0,1,0,0,0,0
2020,2020,DDN,5,Consumer Staples,1.284460888493279,1,1,0,0,0,1,1,1,0
2020,2020,DDV,8,Materials,0.9831706031283488,1,1,1,1,0,1,1,1,1
2020,2020,DFC,7,Consumer Discretionary,1.2291791322590837,1,1,0,1,1,1,1,1,0
2020,2020,DGT,5,Materials,0.256218530394,1,0,1,0,1,0,0,1,1
2020,2020,DGW,5,Consumer Discretionary,0.3139723341197603,1,1,1,1,0,0,0,0,1
2020,2020,DHA,8,Materials,0.6141568359566624,1,1,1,1,0,1,1,1,1
2020,2020,DHC,7,Materials,0.4090574034314976,1,1,1,1,1,0,1,0,1
2020,2020,DHD,8,Health Care,1.288897966324,1,1,1,1,1,0,1,1,1
2020,2020,DHG,6,Health Care,0.2621031035568291,1,1,1,1,0,0,1,1,0
2020,2020,DHM,4,Materials,0.9355067556716548,0,1,0,1,1,0,1,0,0
2020,2020,DHP,7,Consumer Discretionary,1.727992249415203,1,1,0,1,1,1,1,1,0
2020,2020,DHT,5,Health Care,0.2897202176052632,1,1,0,1,1,0,1,0,0
2020,2020,DLG,3,Industrials,4.701789189414538,0,1,0,1,0,0,1,0,0
2020,2020,DMC,3,Health Care,0.6387350391413241,1,0,0,0,0,1,1,0,0
2020,2020,DNC,5,Utilities,0.3185796225816153,1,1,0,1,0,0,1,0,1
2020,2020,DNM,5,Health Care,0.6493693880071943,1,0,1,0,0,0,1,1,1
2020,2020,DNP,5,Materials,0.6820973470649214,1,1,0,1,0,1,0,0,1
2020,2020,DNR,6,Industrials,1.2489853874877368,1,1,1,1,0,0,1,0,1
2020,2020,DNS,9,Materials,0.9068807693016154,1,1,1,1,1,1,1,1,1
2020,2020,DNW,9,Utilities,0.6239677557166666,1,1,1,1,1,1,1,1,1
2020,2020,DP1,8,Health Care,0.7672485291601856,1,1,1,1,0,1,1,1,1
2020,2020,DPC,6,Materials,1.1543206918551474,1,1,0,1,0,1,1,1,0
2020,2020,DPG,3,Industrials,0.7203856169255757,1,1,0,0,1,0,0,0,0
2020,2020,DPH,7,Health Care,1.9311646329333336,1,1,1,1,0,1,1,1,0
2020,2020,DPM,8,Materials,1.0989000312036394,1,1,1,1,1,1,1,1,0
2020,2020,DPR,5,Materials,1.0112379513151388,1,1,0,0,1,0,0,1,1
2020,2020,DQC,5,Industrials,1.8547942100374248,1,1,0,1,1,0,0,0,1
2020,2020,DRC,8,Consumer Discretionary,0.6188969669191791,1,1,1,1,1,1,1,1,0
2020,2020,DRG,7,Materials,0.8539469359130032,1,1,1,1,1,0,1,0,1
2020,2020,DRH,4,Industrials,1.3158083517622388,1,0,0,0,0,1,1,1,0
2020,2020,DRI,6,Materials,1.307519302276298,1,1,0,1,1,1,1,0,0
2020,2020,DRL,7,Utilities,0.2539862335050392,1,1,1,0,0,1,1,1,1
2020,2020,DS3,5,Industrials,2.2569922118850867,1,1,0,1,0,0,1,0,1
2020,2020,DSG,2,Industrials,0.6531290713253968,0,0,0,0,1,0,1,0,0
2020,2020,DSN,3,Consumer Discretionary,0.3492537129220737,1,0,0,0,0,1,1,0,0
2020,2020,DST,6,Consumer Discretionary,3.5220158317297248,1,0,1,0,1,1,1,1,0
2020,2020,DTA,5,Real Estate,2.1813229000724976,0,1,0,1,1,1,1,0,0
2020,2020,DTC,7,Materials,0.855346904544,1,1,1,0,1,1,1,1,0
2020,2020,DTD,6,Real Estate,0.6079047906805551,1,1,0,1,0,0,1,1,1
2020,2020,DTK,8,Utilities,0.7657034973626408,1,1,1,1,1,1,1,0,1
2020,2020,DTL,8,Materials,1.5292790860494392,1,1,1,1,1,1,1,1,0
2020,2020,DVC,7,Energy,1.6706572216497866,1,1,1,1,1,1,0,1,0
2020,2020,DVN,5,Health Care,0.6573872925875048,1,0,0,0,1,1,1,1,0
2020,2020,DVP,4,Industrials,0.6855377220213675,1,1,0,0,0,1,1,0,0
2020,2020,DXD,4,Industrials,0.7061189659019332,1,0,1,0,0,0,1,0,1
2020,2020,DXG,2,Real Estate,0.7444563883501166,0,0,0,0,1,0,0,1,0
2020,2020,DXP,6,Materials,1.0332540853085874,1,1,1,0,0,1,1,1,0
2020,2020,DXV,5,Materials,3.0076205433251433,1,0,1,0,0,1,1,1,0
2020,2020,DZM,3,Industrials,2.251763050796504,1,0,0,0,0,0,1,0,1
2020,2020,EBS,4,Communication Services,1.3272406915134074,1,1,0,1,0,1,0,0,0
2020,2020,EIC,5,Industrials,1.127746994203226,1,0,1,0,0,1,1,0,1
2020,2020,EID,7,Communication Services,1.2903387816413503,1,1,1,1,0,1,1,1,0
2020,2020,EIN,5,Consumer Discretionary,1.305102882860579,1,1,1,1,0,1,0,0,0
2020,2020,ELC,6,Information Technology,1.791999280128385,1,1,0,1,1,0,1,1,0
2020,2020,EMS,6,Industrials,0.4463242620427808,1,1,0,1,0,1,1,1,0
2020,2020,EPH,5,Communication Services,1.5623048718139534,1,0,1,0,0,1,1,0,1
2020,2020,EVE,6,Consumer Discretionary,1.939014273558098,1,1,0,1,1,1,1,0,0
2020,2020,EVG,6,Real Estate,1.2823297859478937,1,1,0,1,1,0,1,0,1
2020,2020,FCM,6,Materials,2.048493391558751,1,1,0,1,1,1,1,0,0
2020,2020,FDC,4,Real Estate,1.1276829258913683,0,1,0,1,0,0,1,1,0
2020,2020,FIC,8,Materials,1.4171779475524144,1,1,1,1,1,1,1,1,0
2020,2020,FID,3,Consumer Discretionary,6.671837517467108,0,0,0,0,0,1,1,0,1
2020,2020,FIR,4,Real Estate,0.5123679046417398,1,0,0,0,1,0,1,1,0
2020,2020,FIT,6,Health Care,0.7776821907423873,1,1,0,1,1,1,0,1,0
2020,2020,FLC,4,Unknown,2.903845928532813,1,1,0,1,1,0,0,0,0
2020,2020,FMC,5,Consumer Staples,0.6140510401324579,1,1,0,0,0,1,1,0,1
2020,2020,FOC,5,Communication Services,0.4194625902309042,1,1,0,0,0,1,1,0,1
2020,2020,FOX,8,Communication Services,0.3074293925356116,1,1,1,1,1,1,1,1,0
2020,2020,FPT,5,Information Technology,0.3398064701528197,1,1,1,1,0,0,0,1,0
2020,2020,FRC,4,Materials,1.9396104135555556,1,1,0,1,0,0,1,0,0
2020,2020,FRT,5,Consumer Discretionary,0.4802240092695193,1,1,0,1,0,1,0,1,0
2020,2020,FTM,3,Consumer Discretionary,4.403836071521127,0,0,0,1,1,0,1,0,0
2020,2020,GAS,3,Utilities,0.2922243712268927,1,1,0,0,0,0,1,0,0
2020,2020,GDT,4,Consumer Discretionary,0.3909662539545186,1,1,0,0,0,0,1,0,1
2020,2020,GDW,5,Utilities,0.8757220877957269,1,1,0,1,1,0,1,0,0
2020,2020,GEG,5,Utilities,0.5693985730117161,1,1,0,1,1,1,0,0,0
2020,2020,GEX,4,Industrials,0.6474196144977821,1,1,1,0,0,1,0,0,0
2020,2020,GHC,6,Utilities,0.6368483080113517,1,1,0,1,1,1,0,1,0
2020,2020,GIC,8,Industrials,0.9263872026281896,1,1,1,1,1,1,1,1,0
2020,2020,GIL,6,Consumer Discretionary,0.8356332285169861,1,1,1,0,0,1,0,1,1
2020,2020,GKM,6,Materials,0.7354929968142492,1,0,1,0,1,1,1,1,0
2020,2020,GLT,7,Communication Services,0.5853626092876215,1,1,1,1,0,0,1,1,1
2020,2020,GMA,5,Consumer Discretionary,0.2363300398899676,1,1,0,1,0,1,1,0,0
2020,2020,GMC,4,Consumer Discretionary,1.1624315357001194,1,1,0,1,0,1,0,0,0
2020,2020,GMD,5,Industrials,0.6006663164297884,1,1,0,1,1,1,0,0,0
2020,2020,GMX,7,Materials,0.7163436107056917,1,1,1,1,0,1,1,1,0
2020,2020,GSP,5,Energy,1.1350306985176992,1,1,0,1,1,0,1,0,0
2020,2020,GTA,8,Materials,1.2757015744847595,1,1,1,1,0,1,1,1,1
2020,2020,GTH,6,Industrials,1.722983093597226,1,1,1,1,0,0,1,1,0
2020,2020,GTN,8,Consumer Staples,0.3808910861857687,1,1,1,1,0,1,1,1,1
2020,2020,GTS,6,Industrials,1.1902723616386524,1,1,1,1,0,0,1,1,0
2020,2020,GVR,5,Materials,0.396872436775601,1,0,1,0,1,0,1,0,1
2020,2020,GVT,6,Materials,0.502570973129413,1,1,1,0,0,1,1,1,0
2020,2020,H11,3,Industrials,1.9200948333333336,1,0,1,0,0,0,1,0,0
2020,2020,HAD,8,Consumer Staples,0.844425230745614,1,1,1,1,0,1,1,1,1
2020,2020,HAF,1,Consumer Staples,0.5197311137800911,0,0,0,0,1,0,0,0,0
2020,2020,HAG,3,Consumer Staples,1.0430527003935484,0,0,0,0,1,0,1,0,1
2020,2020,HAH,6,Industrials,1.25982755523436,1,1,1,1,0,0,1,1,0
2020,2020,HAI,6,Materials,3.777046712415107,1,1,0,1,1,1,1,0,0
2020,2020,HAN,3,Industrials,0.9047676199389064,1,0,0,0,0,1,1,0,0
2020,2020,HAP,6,Materials,1.8626849093960016,1,1,1,0,1,1,1,0,0
2020,2020,HAR,4,Real Estate,1.872987883831129,1,1,0,1,0,0,0,0,1
2020,2020,HAS,6,Industrials,2.2401418685185184,1,1,0,1,0,1,1,1,0
2020,2020,HAT,3,Consumer Staples,0.7656212116917092,1,0,0,0,0,0,1,0,1
2020,2020,HAX,8,Consumer Discretionary,0.7715765809168463,1,1,1,1,0,1,1,1,1
2020,2020,HBC,4,Industrials,0.97115024124985,1,0,0,0,1,1,1,0,0
2020,2020,HBD,3,Materials,1.049103006246367,1,1,0,0,0,0,1,0,0
2020,2020,HBE,5,Communication Services,1.499010685177167,1,1,0,1,0,1,1,0,0
2020,2020,HC3,7,Real Estate,1.2575515934843706,1,1,1,0,1,1,1,1,0
2020,2020,HCC,5,Materials,1.0604488226647155,1,1,0,1,1,0,1,0,0
2020,2020,HCD,3,Industrials,4.785102583852413,1,0,0,0,1,0,1,0,0
2020,2020,HD2,6,Real Estate,2.0340216548042687,1,1,0,1,0,1,1,1,0
2020,2020,HD8,5,Real Estate,1.610446044113924,1,1,0,1,0,0,1,1,0
2020,2020,HDA,4,Materials,1.8181158039806764,1,1,0,1,0,0,1,0,0
2020,2020,HDC,6,Real Estate,0.4608359442105291,1,1,1,1,1,0,0,1,0
2020,2020,HDG,4,Utilities,0.500125440617709,1,1,0,1,0,1,0,0,0
2020,2020,HDP,6,Health Care,1.526420722076573,1,1,0,1,1,0,1,0,1
2020,2020,HEC,6,Industrials,0.707098612102502,1,1,0,1,1,0,1,0,1
2020,2020,HEP,6,Industrials,1.7253186967032967,1,1,1,1,0,0,1,0,1
2020,2020,HEV,4,Communication Services,1.120786714964539,1,1,0,1,0,0,1,0,0
2020,2020,HHP,6,Materials,0.870349790627498,1,1,1,1,1,0,1,0,0
2020,2020,HHS,4,Consumer Discretionary,2.2082777818516246,1,1,1,1,0,0,0,0,0
2020,2020,HHV,4,Industrials,0.6525451170015829,1,0,0,0,1,0,1,1,0
2020,2020,HIG,4,Information Technology,1.4805961781652242,1,0,1,0,0,0,1,0,1
2020,2020,HII,7,Materials,0.8764718233019936,1,0,1,0,1,1,1,1,1
2020,2020,HJS,8,Utilities,0.3866518239560539,1,1,1,1,1,1,1,0,1
2020,2020,HKP,9,Materials,3.1745249775609756,1,1,1,1,1,1,1,1,1
2020,2020,HKT,6,Consumer Staples,1.3563096212777597,1,0,1,0,0,1,1,1,1
2020,2020,HLC,8,Energy,1.678097892157983,1,1,1,1,0,1,1,1,1
2020,2020,HLD,8,Real Estate,0.8592654245255905,1,1,1,1,1,1,1,1,0
2020,2020,HMC,6,Materials,1.2384839316144811,1,1,1,0,0,1,1,1,0
2020,2020,HMH,4,Industrials,1.5379455312980297,1,1,1,0,0,0,1,0,0
2020,2020,HNA,6,Utilities,1.0167909190843556,1,1,0,1,1,1,0,0,1
2020,2020,HND,9,Utilities,0.7281090198248421,1,1,1,1,1,1,1,1,1
2020,2020,HNF,5,Consumer Staples,0.736171508730303,1,1,0,1,1,0,0,1,0
2020,2020,HNG,5,Consumer Staples,0.5381314669826716,1,0,1,0,0,1,1,0,1
2020,2020,HNI,6,Consumer Discretionary,0.8249858453570024,1,1,0,1,0,1,1,1,0
2020,2020,HOM,7,Materials,3.6573599988056102,1,1,0,1,0,1,1,1,1
2020,2020,HPG,6,Materials,0.4301219359890373,1,1,1,0,1,0,0,1,1
2020,2020,HPH,7,Consumer Staples,3.4106093906462585,1,1,0,1,1,1,1,0,1
2020,2020,HPP,5,Materials,1.2304934792822784,1,1,0,0,0,1,1,1,0
2020,2020,HPT,7,Information Technology,1.2906427847340758,1,1,0,1,1,1,1,1,0
2020,2020,HPX,4,Real Estate,0.4275540026430816,1,0,0,0,1,1,0,1,0
2020,2020,HQC,5,Real Estate,4.714386594361407,1,1,0,1,1,0,1,0,0
2020,2020,HRT,2,Industrials,1.8108928303420289,0,0,0,1,0,0,1,0,0
2020,2020,HSL,4,Consumer Staples,2.3333052057018437,1,1,0,1,0,0,1,0,0
2020,2020,HSM,7,Consumer Discretionary,2.2779404012663216,1,1,1,1,0,1,1,1,0
2020,2020,HSP,7,Materials,1.2929889303237112,1,1,1,1,1,0,1,1,0
2020,2020,HT1,5,Materials,0.8086138515170421,1,1,0,1,1,0,1,0,0
2020,2020,HTE,4,Industrials,1.46846284498856,1,0,0,0,1,0,1,0,1
2020,2020,HTG,5,Consumer Discretionary,1.0935872432374014,1,1,0,1,1,0,1,0,0
2020,2020,HTI,7,Industrials,1.312589302071195,1,1,0,1,1,1,1,1,0
2020,2020,HTL,7,Consumer Discretionary,0.9953305565331196,1,1,1,1,0,1,1,0,1
2020,2020,HTM,3,Consumer Discretionary,0.8221994340727755,1,0,0,0,0,1,1,0,0
2020,2020,HTN,6,Industrials,0.6936819337118327,1,0,1,0,1,1,1,1,0
2020,2020,HTV,4,Industrials,1.884130351472331,1,1,0,0,0,1,1,0,0
2020,2020,HU1,5,Industrials,1.6330493480184332,1,1,0,1,1,0,1,0,0
2020,2020,HU4,5,Real Estate,1.5703820280962963,1,0,1,0,0,0,1,1,1
2020,2020,HU6,6,Real Estate,1.8395995404222223,1,1,0,1,0,1,1,1,0
2020,2020,HUB,5,Materials,1.0327316810815017,1,1,0,0,0,1,1,1,0
2020,2020,HUG,3,Consumer Discretionary,0.5819090844501318,1,1,0,0,0,0,1,0,0
2020,2020,HUT,3,Consumer Discretionary,2.6359466721123894,0,1,0,1,0,0,1,0,0
2020,2020,HVH,2,Industrials,1.354514939998667,1,1,0,0,0,0,0,0,0
2020,2020,HVN,2,Industrials,0.1577288795580659,0,0,0,1,0,0,1,0,0
2020,2020,HVX,5,Materials,3.1105835184262447,1,1,0,1,1,0,1,0,0
2020,2020,IBC,4,Unknown,0.4477188931194242,1,0,1,0,0,1,1,0,0
2020,2020,ICF,5,Consumer Staples,3.754410672982657,0,1,1,1,0,1,1,0,0
2020,2020,ICG,6,Industrials,2.3882701027244835,1,1,1,1,0,0,1,1,0
2020,2020,ICI,3,Industrials,3.89439056015625,1,0,0,0,0,0,1,1,0
2020,2020,ICN,5,Industrials,0.2230677169754626,1,1,1,0,0,0,1,1,0
2020,2020,ICT,4,Communication Services,0.8062080333792844,1,1,0,1,0,0,1,0,0
2020,2020,IDC,6,Real Estate,0.3389013937023474,1,1,0,1,1,0,1,1,0
2020,2020,IDI,4,Consumer Staples,1.7021434769643082,1,0,0,0,1,1,1,0,0
2020,2020,IDJ,4,Real Estate,0.7824649719577541,1,0,0,0,0,1,1,1,0
2020,2020,IFS,6,Consumer Staples,0.6682384657650428,1,1,0,1,1,1,1,0,0
2020,2020,IJC,7,Real Estate,0.6163478524474686,1,1,1,1,0,1,1,0,1
2020,2020,ILA,6,Materials,3.412833273464436,1,1,1,1,0,0,1,1,0
2020,2020,ILB,5,Industrials,0.6178176658868968,1,1,0,1,1,0,1,0,0
2020,2020,ILC,7,Industrials,0.7217870146257346,1,1,1,0,1,1,1,0,1
2020,2020,ILS,7,Industrials,0.5986128292611111,0,1,1,1,1,1,1,0,1
2020,2020,IMP,4,Health Care,0.4610192452590227,1,1,1,0,0,0,0,1,0
2020,2020,INC,6,Industrials,1.1631213998636365,1,1,1,1,0,0,1,0,1
2020,2020,INN,4,Materials,0.8252648572494551,1,1,0,1,0,0,1,0,0
2020,2020,IPA,5,Industrials,0.84250544218021,1,0,1,0,0,1,1,1,0
2020,2020,ISH,5,Utilities,0.7154495994957765,1,1,0,1,1,0,1,0,0
2020,2020,IST,5,Industrials,0.7282376333632382,1,1,0,1,1,0,1,0,0
2020,2020,ITA,5,Real Estate,1.633923346614634,1,1,0,0,1,0,1,1,0
2020,2020,ITC,5,Real Estate,1.473569677333097,1,1,1,0,0,0,1,0,1
2020,2020,ITD,4,Information Technology,1.5135535024173106,1,0,1,0,0,0,1,0,1
2020,2020,ITQ,8,Materials,3.7168888348493168,1,1,1,1,0,1,1,1,1
2020,2020,ITS,6,Energy,2.83765981493994,1,1,1,1,0,1,0,0,1
2020,2020,KBC,2,Real Estate,0.8463003424690303,1,0,0,0,0,0,1,0,0
2020,2020,KCB,7,Materials,3.1792424619021737,1,0,1,0,1,1,1,1,1
2020,2020,KDC,6,Consumer Staples,0.676196868294162,1,1,1,0,1,0,1,0,1
2020,2020,KDH,4,Real Estate,0.4963928515749793,1,1,0,0,0,1,0,0,1
2020,2020,KGM,8,Consumer Staples,1.3303344118463631,1,1,1,1,1,1,1,1,0
2020,2020,KHA,6,Unknown,0.8661464359466504,1,1,1,0,0,1,1,1,0
2020,2020,KHP,7,Utilities,1.7080796294278822,1,1,0,1,1,1,1,1,0
2020,2020,KHS,6,Consumer Staples,1.1217157989349145,1,1,0,1,1,1,1,0,0
2020,2020,KKC,8,Materials,2.0437180883467314,1,1,1,1,0,1,1,1,1
2020,2020,KLF,5,Unknown,4.548165318220445,1,0,1,0,1,0,1,1,0
2020,2020,KMR,5,Consumer Discretionary,3.575471388339568,1,1,0,1,1,0,1,0,0
2020,2020,KOS,4,Utilities,0.4595877574638306,1,0,0,0,1,0,1,0,1
2020,2020,KPF,3,Real Estate,0.616057823562348,1,0,0,0,0,0,1,1,0
2020,2020,KSB,5,Materials,0.7487082974945976,1,1,0,1,1,1,0,0,0
2020,2020,KSH,3,Unknown,4.859567390298531,0,0,0,1,0,0,1,1,0
2020,2020,KSQ,5,Materials,5.5871871317017545,1,0,1,0,0,1,1,0,1
2020,2020,KSV,8,Materials,0.8077788383,1,1,1,1,1,1,0,1,1
2020,2020,KTS,6,Consumer Staples,2.260108916103128,1,0,0,0,1,1,1,1,1
2020,2020,KTT,3,Materials,3.1816939177756436,1,0,0,0,0,0,1,0,1
2020,2020,KVC,4,Materials,7.546548133665223,0,1,0,1,0,1,1,0,0
2020,2020,L14,4,Consumer Discretionary,0.2417901412709909,1,1,0,0,1,0,1,0,0
2020,2020,L18,3,Industrials,1.4611965490925145,1,0,0,0,0,1,0,1,0
2020,2020,L43,7,Industrials,5.5043380595428575,1,1,1,1,0,1,1,0,1
2020,2020,L45,4,Industrials,4.242584137604167,1,0,0,0,0,0,1,1,1
2020,2020,L62,7,Industrials,1.3352987669142184,1,1,0,1,1,1,1,1,0
2020,2020,L63,6,Industrials,1.3153584538562275,1,0,1,0,1,1,1,1,0
2020,2020,LAF,7,Consumer Staples,0.987715805350208,1,1,1,1,0,1,1,1,0
2020,2020,LAS,7,Materials,1.3632551064488332,1,1,1,1,1,1,1,0,0
2020,2020,LBM,6,Materials,0.9538447996538462,1,1,0,1,0,1,1,1,0
2020,2020,LCG,6,Industrials,1.0347978982336443,1,1,1,1,0,1,0,0,1
2020,2020,LCM,4,Materials,9.339161101593792,0,1,0,1,0,0,1,0,1
2020,2020,LCS,7,Industrials,5.577221582565789,1,1,0,1,1,1,1,1,0
2020,2020,LDP,3,Health Care,0.7577491710051626,0,0,0,1,1,1,0,0,0
2020,2020,LEC,5,Consumer Discretionary,0.9212572103831418,1,0,1,0,0,1,1,0,1
2020,2020,LGC,3,Industrials,0.2325689304819914,1,1,0,0,0,1,0,0,0
2020,2020,LGL,6,Real Estate,1.894092694874164,1,1,0,1,1,1,1,0,0
2020,2020,LHC,8,Industrials,0.7897524359293874,1,1,1,1,1,1,1,1,0
2020,2020,LHG,7,Real Estate,0.7479429967627316,1,1,1,1,0,0,1,1,1
2020,2020,LIC,6,Materials,0.6266256952666667,1,0,1,0,1,1,1,1,0
2020,2020,LIG,3,Industrials,1.666730163587112,1,0,0,0,1,0,0,1,0
2020,2020,LIX,6,Consumer Staples,0.364365720202332,1,1,1,0,1,0,1,1,0
2020,2020,LKW,6,Utilities,0.7008135721910828,1,1,1,1,0,0,1,1,0
2020,2020,LM8,6,Industrials,2.7177180316496568,1,1,0,1,1,1,1,0,0
2020,2020,LTG,7,Consumer Staples,1.249154868707103,1,1,1,1,0,1,0,1,1
2020,2020,LUT,7,Industrials,2.008930872249496,1,1,0,1,1,1,1,1,0
2020,2020,M10,7,Consumer Discretionary,0.7719117692080154,1,1,0,1,1,1,1,0,1
2020,2020,MAC,5,Industrials,2.094571882502853,1,1,0,1,0,1,1,0,0
2020,2020,MAS,4,Industrials,0.2698458974846699,0,1,0,1,1,0,1,0,0
2020,2020,MBG,6,Consumer Discretionary,1.6578629085660166,1,0,1,0,1,1,0,1,1
2020,2020,MCG,6,Industrials,2.0348343653509673,0,1,0,1,1,1,1,0,1
2020,2020,MCH,5,Consumer Staples,0.2077247416875537,1,1,0,1,0,1,0,0,1
2020,2020,MCM,8,Consumer Staples,0.1890768377776303,1,1,1,1,0,1,1,1,1
2020,2020,MCO,7,Industrials,6.074620429419153,1,1,1,1,0,0,1,1,1
2020,2020,MDC,8,Energy,1.690104120695792,1,1,1,1,1,1,1,0,1
2020,2020,MDF,5,Materials,1.9115032864702857,1,1,0,1,1,0,1,0,0
2020,2020,MDG,6,Materials,1.3822519219397624,1,1,0,1,0,1,1,1,0
2020,2020,MED,6,Health Care,0.7420890130295882,1,1,0,1,1,1,1,0,0
2020,2020,MEL,7,Materials,1.479360987770115,1,1,1,1,0,1,1,1,0
2020,2020,MFS,4,Communication Services,0.946621556504092,1,1,0,0,0,1,1,0,0
2020,2020,MH3,4,Real Estate,0.2720313256779448,1,1,0,0,0,1,1,0,0
2020,2020,MHC,3,Industrials,1.5506354960658102,0,1,0,1,0,1,0,0,0
2020,2020,MIC,7,Materials,2.078852164208256,1,1,0,1,1,1,1,1,0
2020,2020,MIM,6,Industrials,1.36992478831848,0,1,1,1,0,0,1,1,1
2020,2020,MKP,5,Health Care,1.3238523544553669,1,1,0,1,1,0,1,0,0
2020,2020,MLS,8,Consumer Staples,0.5161085184449244,1,1,1,0,1,1,1,1,1
2020,2020,MML,7,Consumer Staples,0.3389200319200193,1,1,1,1,1,0,0,1,1
2020,2020,MNB,6,Consumer Discretionary,0.5751477661306921,1,1,1,1,1,1,0,0,0
2020,2020,MPC,4,Consumer Staples,0.899319320820786,1,1,1,0,0,0,0,1,0
2020,2020,MRF,4,Health Care,0.5502653141285346,1,0,1,0,0,0,1,0,1
2020,2020,MSH,5,Consumer Discretionary,0.689350828637667,1,1,0,0,1,1,1,0,0
2020,2020,MSN,4,Consumer Staples,0.1526164920434243,1,1,0,1,0,0,0,0,1
2020,2020,MSR,3,Materials,0.579482043296314,1,0,0,0,0,1,0,0,1
2020,2020,MST,4,Industrials,1.598761524746604,1,0,0,0,0,1,1,0,1
2020,2020,MTA,7,Materials,1.30351644905673,1,1,1,0,0,1,1,1,1
2020,2020,MTG,3,Utilities,1.2771685173881673,0,0,0,1,0,1,1,0,0
2020,2020,MTL,6,Industrials,1.0727181973260074,1,0,1,0,0,1,1,1,1
2020,2020,MTP,3,Health Care,1.0887142490911426,1,0,1,0,0,0,1,0,0
2020,2020,MVB,7,Energy,1.2106627657293652,1,1,0,1,1,1,1,0,1
2020,2020,MVC,3,Materials,1.342546285584706,1,0,0,0,0,1,1,0,0
2020,2020,MVN,6,Industrials,0.512557390711468,0,1,0,1,1,1,1,1,0
2020,2020,MWG,6,Consumer Discretionary,0.2875119387807153,1,1,0,1,1,1,0,1,0
2020,2020,NAF,3,Consumer Staples,0.6827469502610942,1,1,1,0,0,0,0,0,0
2020,2020,NAG,5,Consumer Discretionary,2.462717914214652,1,0,0,0,1,0,1,1,1
2020,2020,NAP,7,Industrials,0.7783691301875443,1,1,1,1,0,1,1,0,1
2020,2020,NAV,5,Consumer Discretionary,0.7395993385262718,1,0,1,0,0,1,1,1,0
2020,2020,NBB,5,Real Estate,0.9266994527799666,1,1,0,0,0,1,1,0,1
2020,2020,NBC,6,Energy,2.0019595114012025,1,0,1,0,1,1,1,1,0
2020,2020,NBE,5,Communication Services,1.81739766755,1,0,1,0,0,0,1,1,1
2020,2020,NBP,7,Utilities,1.5440723953625832,1,1,1,1,0,1,1,1,0
2020,2020,NBW,7,Utilities,0.7953428754099919,1,1,1,1,0,1,1,0,1
2020,2020,NCP,6,Utilities,0.1765095662557101,0,1,0,1,1,1,1,0,1
2020,2020,NCS,2,Industrials,0.4764200013422231,0,0,0,1,0,0,1,0,0
2020,2020,NCT,4,Industrials,0.223443469723246,1,1,0,1,0,0,1,0,0
2020,2020,ND2,7,Utilities,0.491300165266837,1,1,1,1,1,0,1,0,1
2020,2020,NDC,7,Health Care,0.9250919957049992,1,1,1,1,0,1,1,0,1
2020,2020,NDN,8,Real Estate,0.7131833390429088,1,1,1,0,1,1,1,1,1
2020,2020,NDT,8,Consumer Discretionary,2.623583423284314,1,1,1,1,0,1,1,1,1
2020,2020,NED,4,Utilities,1.2714209938301353,1,0,1,0,1,1,0,0,0
2020,2020,NET,7,Consumer Staples,0.2880585020598668,1,1,1,0,0,1,1,1,1
2020,2020,NHA,2,Real Estate,0.5593001374769273,1,0,0,0,0,0,1,0,0
2020,2020,NHH,4,Materials,0.3079317000031887,1,1,0,1,0,0,0,1,0
2020,2020,NHT,5,Materials,0.3791793162700891,1,1,0,0,1,1,0,0,1
2020,2020,NKG,7,Materials,1.2329544976282578,1,1,1,0,1,1,1,1,0
2020,2020,NLG,2,Real Estate,0.6899814278413366,1,0,0,0,0,0,1,0,0
2020,2020,NNC,6,Materials,0.3314629828632411,1,1,1,1,0,0,1,1,0
2020,2020,NNG,4,Unknown,1.4144405262769175,1,0,1,0,1,0,1,0,0
2020,2020,NRC,4,Real Estate,1.1237152597561193,1,0,0,0,1,1,0,1,0
2020,2020,NS2,6,Utilities,1.0444229905252946,1,1,1,1,0,0,1,0,1
2020,2020,NS3,5,Utilities,0.7273823802455883,1,1,0,1,1,0,1,0,0
2020,2020,NSC,5,Consumer Staples,0.7950309603418033,1,1,0,0,1,1,1,0,0
2020,2020,NSH,7,Materials,2.910775504064405,1,0,1,0,1,1,1,1,1
2020,2020,NST,6,Consumer Staples,2.036759758343507,1,1,0,1,1,1,1,0,0
2020,2020,NT2,7,Utilities,0.606846687226215,1,1,0,1,1,1,1,1,0
2020,2020,NTL,7,Real Estate,0.7560169872395549,1,1,1,1,0,1,1,1,0
2020,2020,NTP,9,Materials,0.6105858420052164,1,1,1,1,1,1,1,1,1
2020,2020,NTW,5,Utilities,0.812373764752381,1,1,0,1,0,0,1,1,0
2020,2020,NUE,8,Industrials,1.268707650597826,1,1,1,1,1,1,1,1,0
2020,2020,NVL,3,Real Estate,0.3976434756239029,1,0,0,0,1,0,0,1,0
2020,2020,NVT,6,Consumer Discretionary,0.5737022471051808,1,1,0,1,1,1,1,0,0
2020,2020,OCH,5,Consumer Staples,0.8868960181806451,1,1,1,0,0,1,1,0,0
2020,2020,OGC,5,Consumer Staples,0.1957958769154166,1,1,1,0,0,1,1,0,0
2020,2020,OIL,6,Energy,0.7644657094602794,0,1,0,1,1,1,1,1,0
2020,2020,ONE,5,Communication Services,2.6537534112222487,1,1,1,0,0,0,1,0,1
2020,2020,OPC,6,Health Care,0.4082816187176643,1,1,1,1,0,1,1,0,0
2020,2020,PAC,7,Industrials,0.5714496111365137,1,1,0,1,1,1,1,1,0
2020,2020,PAN,3,Consumer Staples,0.515982152529484,1,0,0,0,1,0,1,0,0
2020,2020,PAS,8,Materials,1.0864500871485545,1,1,1,1,1,1,1,1,0
2020,2020,PBC,7,Health Care,0.6741443045694444,1,1,0,1,1,1,1,1,0
2020,2020,PBP,8,Materials,1.6251017684387343,1,1,1,1,1,1,1,0,1
2020,2020,PC1,6,Industrials,0.937353843349574,1,1,1,1,1,0,0,1,0
2020,2020,PCC,5,Materials,1.4000553161431528,1,1,0,0,1,0,1,0,1
2020,2020,PCE,5,Materials,1.6196971223838383,1,0,1,0,0,1,1,0,1
2020,2020,PCG,5,Utilities,1.9818905239316855,1,0,1,0,0,0,1,1,1
2020,2020,PCT,4,Industrials,2.300506400221344,1,0,0,0,0,1,1,0,1
2020,2020,PDB,5,Materials,2.0035587444537386,1,1,0,1,1,0,1,0,0
2020,2020,PDC,3,Consumer Discretionary,2.6975259350666665,0,1,0,1,0,0,1,0,0
2020,2020,PDN,8,Industrials,0.4548133710708082,1,1,1,1,1,1,1,1,0
2020,2020,PDR,7,Real Estate,0.2500795763347701,1,1,1,1,1,0,1,1,0
2020,2020,PDV,6,Industrials,2.2771365531985817,1,1,0,1,0,1,1,1,0
2020,2020,PEG,2,Consumer Discretionary,0.3331004066270726,0,0,0,1,0,0,1,0,0
2020,2020,PEN,6,Industrials,2.6453533925230768,1,1,1,1,1,0,1,0,0
2020,2020,PEQ,4,Energy,0.4341196052090788,1,1,0,1,0,0,1,0,0
2020,2020,PET,4,Consumer Discretionary,1.1432458349681065,1,0,1,0,1,0,0,0,1
2020,2020,PFL,4,Industrials,1.6032582276214289,0,0,0,1,0,1,1,0,1
2020,2020,PGC,5,Utilities,0.6348485432641437,1,1,0,1,0,0,1,1,0
2020,2020,PGD,4,Utilities,0.5216471479067811,1,1,0,1,0,0,1,0,0
2020,2020,PGN,6,Materials,0.731226915595748,1,1,1,0,0,1,1,0,1
2020,2020,PGS,4,Utilities,0.988285898296867,1,0,0,0,0,1,1,1,0
2020,2020,PGT,3,Industrials,1.3715684461356463,0,0,0,1,0,1,1,0,0
2020,2020,PGV,7,Utilities,0.7793840324773486,1,1,1,0,1,1,1,1,0
2020,2020,PHC,6,Industrials,1.1329104562716084,1,1,0,1,1,0,1,1,0
2020,2020,PHN,8,Industrials,0.5819813524153912,1,1,1,1,0,1,1,1,1
2020,2020,PHP,7,Industrials,0.7662497849210874,1,1,1,0,1,1,1,1,0
2020,2020,PHR,5,Materials,0.3745405045239303,1,1,1,0,0,1,0,1,0
2020,2020,PIA,6,Information Technology,0.6070699523994811,1,1,0,1,0,1,1,1,0
2020,2020,PIC,9,Utilities,1.1896476196037953,1,1,1,1,1,1,1,1,1
2020,2020,PIS,5,Materials,0.5875785159238095,1,1,0,1,1,1,0,0,0
2020,2020,PIT,4,Consumer Staples,1.543364435436135,1,0,0,0,0,1,1,1,0
2020,2020,PJC,6,Energy,0.6422611722758383,1,1,0,1,1,1,0,1,0
2020,2020,PJT,7,Energy,1.2863969232164083,1,1,0,1,1,1,1,1,0
2020,2020,PLC,7,Materials,0.5362435910887337,1,1,1,1,1,0,1,1,0
2020,2020,PLX,5,Energy,0.3180133510943942,1,1,0,1,1,0,0,1,0
2020,2020,PMB,4,Materials,1.2402645537677306,1,1,0,1,0,0,1,0,0
2020,2020,PMC,4,Health Care,0.6786390107143154,1,1,0,1,0,0,1,0,0
2020,2020,PME,3,Health Care,0.3564546757453902,1,1,0,0,0,0,1,0,0
2020,2020,PMG,6,Utilities,0.6680426377331099,1,1,0,1,1,1,0,1,0
2020,2020,PMS,7,Energy,1.46573658020091,1,1,1,0,1,1,1,1,0
2020,2020,PND,3,Energy,0.4353849720711059,0,1,0,1,0,0,1,0,0
2020,2020,PNJ,5,Consumer Discretionary,0.2845301902669764,1,1,0,1,1,1,0,0,0
2020,2020,PNT,4,Real Estate,1.615760052536168,1,0,0,0,0,1,1,1,0
2020,2020,POB,3,Energy,0.7948865857288481,0,0,0,0,0,1,1,1,0
2020,2020,POM,6,Materials,0.9826005833036896,1,1,1,1,0,0,1,1,0
2020,2020,POS,5,Energy,1.204583433551471,1,0,1,0,0,0,1,1,1
2020,2020,POT,6,Information Technology,0.8752087637775705,1,1,1,1,1,0,1,0,0
2020,2020,POV,6,Energy,2.161654442797972,1,1,0,1,1,0,1,1,0
2020,2020,POW,6,Utilities,0.8960042172253883,1,1,0,1,1,1,0,1,0
2020,2020,PPC,4,Utilities,0.8271377366298694,1,1,0,0,0,1,1,0,0
2020,2020,PPE,4,Materials,0.8378563554255319,1,0,1,0,0,0,1,0,1
2020,2020,PPH,7,Consumer Discretionary,1.2123215838755272,1,1,1,1,0,1,1,1,0
2020,2020,PPP,6,Health Care,1.0820200093366346,1,1,0,0,1,1,1,1,0
2020,2020,PPS,7,Industrials,1.5559611514065042,1,1,1,1,0,1,1,0,1
2020,2020,PPY,5,Energy,0.851969784959286,1,1,0,0,0,1,1,1,0
2020,2020,PRO,7,Consumer Staples,4.011581377192982,1,1,1,1,1,1,1,0,0
2020,2020,PRT,6,Materials,0.9422536860682796,1,1,1,1,0,1,1,0,0
2020,2020,PSB,4,Energy,1.5582031725408452,1,0,1,0,0,0,1,1,0
2020,2020,PSD,6,Consumer Discretionary,0.7494431433317736,1,1,1,1,0,0,1,0,1
2020,2020,PSE,5,Materials,1.6307768087684211,1,0,1,0,0,0,1,1,1
2020,2020,PSH,4,Energy,0.6965149088837104,1,0,0,0,1,0,1,1,0
2020,2020,PSL,8,Consumer Staples,0.5659611313862434,1,1,1,1,0,1,1,1,1
2020,2020,PSP,6,Industrials,1.6173365137736486,1,1,0,1,1,1,1,0,0
2020,2020,PSW,8,Materials,1.16471761409388,1,1,1,1,0,1,1,1,1
2020,2020,PTB,7,Materials,0.677727381533858,1,1,0,1,1,1,1,1,0
2020,2020,PTL,5,Real Estate,1.105748717889986,1,0,1,0,0,0,1,1,1
2020,2020,PTS,9,Industrials,1.993961759797812,1,1,1,1,1,1,1,1,1
2020,2020,PTV,4,Consumer Discretionary,2.4585335953953487,0,1,0,1,0,0,1,1,0
2020,2020,PVB,5,Energy,1.057377458787522,1,1,0,1,0,1,1,0,0
2020,2020,PVC,6,Energy,1.82545443896534,1,1,0,1,0,1,1,0,1
2020,2020,PVD,5,Energy,2.0219301021225777,1,1,1,0,0,0,1,0,1
2020,2020,PVG,7,Utilities,1.498584018016812,1,1,1,1,0,1,1,0,1
2020,2020,PVL,7,Real Estate,2.477300969031579,1,1,1,1,0,1,0,1,1
2020,2020,PVM,5,Industrials,0.5291036307456747,1,0,1,0,1,0,1,1,0
2020,2020,PVO,7,Energy,2.330163849942674,1,1,1,1,0,1,1,1,0
2020,2020,PVP,9,Energy,1.5070849362477756,1,1,1,1,1,1,1,1,1
2020,2020,PVS,4,Energy,1.4275782995954271,1,0,0,0,1,0,1,0,1
2020,2020,PVT,6,Energy,1.0782563442389996,1,1,0,1,1,1,1,0,0
2020,2020,PWA,6,Real Estate,1.052148090722689,1,1,1,0,0,1,1,1,0
2020,2020,PXI,4,Industrials,2.232830362232323,0,1,0,1,0,1,1,0,0
2020,2020,PXL,4,Real Estate,0.8668182181325838,1,0,1,0,0,1,1,0,0
2020,2020,PXS,7,Industrials,0.7732971586337148,1,0,1,0,1,1,1,1,1
2020,2020,PXT,4,Industrials,1.87678794204142,0,0,1,1,1,0,1,0,0
2020,2020,QBS,6,Materials,3.535157833130881,0,1,1,1,0,1,1,0,1
2020,2020,QCG,6,Real Estate,1.6124788511452055,1,0,0,0,1,1,1,1,1
2020,2020,QHW,6,Consumer Staples,1.2960394703473244,1,1,0,1,0,1,1,1,0
2020,2020,QNC,7,Materials,1.138267237085905,1,1,1,0,1,1,0,1,1
2020,2020,QSP,8,Industrials,0.8039104817388079,1,1,1,1,0,1,1,1,1
2020,2020,QTC,6,Industrials,1.045819677308642,1,1,1,1,0,0,1,0,1
2020,2020,QTP,9,Utilities,1.1466350035632769,1,1,1,1,1,1,1,1,1
2020,2020,RAL,8,Industrials,0.6805863336917111,1,1,1,0,1,1,1,1,1
2020,2020,RCC,8,Industrials,0.6460007520662313,1,1,1,1,1,1,1,0,1
2020,2020,RDP,6,Unknown,1.236560249411635,1,1,0,1,1,0,1,0,1
2020,2020,REE,4,Utilities,0.7546287962009036,1,1,0,0,1,0,0,1,0
2020,2020,RGC,5,Unknown,2.3303824845246126,0,0,1,0,0,1,1,1,1
2020,2020,RIC,3,Consumer Discretionary,2.263613597734017,0,1,0,1,0,0,1,0,0
2020,2020,ROS,5,Industrials,4.184206099218016,1,1,0,1,1,0,1,0,0
2020,2020,RTB,7,Materials,1.3952930615601693,1,1,1,0,1,0,1,1,1
2020,2020,S4A,5,Utilities,0.453213374427402,1,1,0,1,1,0,1,0,0
2020,2020,S55,5,Industrials,1.57000328102649,1,1,1,1,0,0,0,1,0
2020,2020,S72,5,Utilities,2.384808460095238,0,1,1,1,0,0,1,0,1
2020,2020,S99,7,Industrials,0.8313722543269839,1,1,1,1,1,0,0,1,1
2020,2020,SAB,6,Consumer Staples,0.1594582786234174,1,1,0,0,1,1,1,1,0
2020,2020,SAC,5,Industrials,1.891553274726842,1,1,0,1,0,1,1,0,0
2020,2020,SAM,3,Industrials,1.1110373262530435,1,0,1,0,0,1,0,0,0
2020,2020,SAS,5,Industrials,0.3906185248660631,1,0,0,0,1,1,1,1,0
2020,2020,SAV,7,Consumer Discretionary,1.2398423563166894,1,1,1,0,0,1,1,1,1
2020,2020,SB1,6,Consumer Staples,1.919501550966811,1,1,0,1,0,1,1,1,0
2020,2020,SBA,8,Utilities,0.8634980455096529,1,1,1,1,1,1,1,0,1
2020,2020,SBL,5,Consumer Staples,1.3441761384199846,1,1,0,1,1,0,1,0,0
2020,2020,SBV,5,Consumer Discretionary,1.532778946654526,1,0,1,0,0,0,1,1,1
2020,2020,SC5,6,Industrials,1.2351326365704456,1,1,1,1,0,0,1,1,0
2020,2020,SCC,6,Materials,2.27586692256651,1,0,1,0,1,1,0,1,1
2020,2020,SCD,2,Consumer Staples,0.9588166663653304,1,0,0,0,0,0,1,0,0
2020,2020,SCI,9,Industrials,0.5981125302889427,1,1,1,1,1,1,1,1,1
2020,2020,SCJ,5,Materials,3.604177957491726,1,1,0,0,1,0,1,0,1
2020,2020,SCL,7,Materials,1.400876092215746,1,1,1,0,0,1,1,1,1
2020,2020,SCR,5,Real Estate,1.3972887906901137,1,1,0,1,0,1,1,0,0
2020,2020,SCS,4,Industrials,0.1563760153331033,1,1,0,1,0,1,0,0,0
2020,2020,SD2,5,Industrials,2.1886169984066854,0,1,0,1,1,1,1,0,0
2020,2020,SD3,7,Utilities,2.3377187937856165,1,1,1,1,1,0,1,0,1
2020,2020,SD4,6,Industrials,4.689967183993702,1,1,0,1,1,1,1,0,0
2020,2020,SD5,6,Industrials,2.2244508187582666,1,1,1,0,1,0,1,0,1
2020,2020,SD6,7,Industrials,4.385101394065406,1,1,0,1,1,1,1,1,0
2020,2020,SD7,5,Industrials,3.593369522287736,0,1,0,1,0,1,1,1,0
2020,2020,SD9,5,Utilities,2.4814899623636864,1,1,0,1,0,0,1,1,0
2020,2020,SDA,6,Industrials,1.4910875946835056,1,1,1,0,0,1,1,1,0
2020,2020,SDC,7,Industrials,1.7400271712229336,1,1,0,1,1,1,1,1,0
2020,2020,SDD,5,Industrials,2.97423393251715,1,0,1,0,1,0,1,0,1
2020,2020,SDK,8,Materials,0.6166752012435898,1,1,1,1,1,1,1,1,0
2020,2020,SDN,7,Materials,0.9401663345762276,1,1,1,0,0,1,1,1,1
2020,2020,SDP,3,Industrials,1.3695065350382816,0,0,1,1,0,0,1,0,0
2020,2020,SDT,7,Industrials,4.599400087707246,1,1,1,1,0,1,1,1,0
2020,2020,SEA,6,Consumer Staples,0.8710571817108296,1,1,0,0,1,1,1,1,0
2020,2020,SEB,8,Utilities,0.2896825682058808,1,1,1,1,1,1,1,0,1
2020,2020,SED,5,Communication Services,1.5534938074540106,1,1,0,1,0,1,1,0,0
2020,2020,SFC,4,Energy,0.6188177180394866,1,1,0,0,0,0,1,1,0
2020,2020,SFG,7,Materials,1.5698254213289509,1,1,1,1,0,1,1,1,0
2020,2020,SFI,5,Industrials,1.127904284812308,1,1,1,1,0,0,0,0,1
2020,2020,SGD,3,Communication Services,1.564317271388133,1,0,0,0,0,0,1,0,1
2020,2020,SGN,4,Industrials,0.350744334294571,1,1,0,0,0,1,1,0,0
2020,2020,SGP,6,Industrials,0.813430598400148,1,1,1,0,1,1,1,0,0
2020,2020,SGR,6,Real Estate,0.5978749331104044,1,0,1,0,1,1,1,1,0
2020,2020,SGS,6,Industrials,0.7809189693021691,1,0,1,0,0,1,1,1,1
2020,2020,SGT,7,Communication Services,1.5717635924455324,1,1,1,1,1,1,0,1,0
2020,2020,SHA,5,Industrials,2.738588802160971,1,1,0,1,1,0,1,0,0
2020,2020,SHC,7,Industrials,2.468384083196089,1,1,1,1,0,1,1,1,0
2020,2020,SHE,3,Industrials,0.8014075353572869,1,1,0,0,0,0,1,0,0
2020,2020,SHI,5,Industrials,1.289689120910179,1,1,0,1,1,0,1,0,0
2020,2020,SHN,4,Consumer Discretionary,1.3996941510322911,1,0,0,0,0,1,1,1,0
2020,2020,SHP,5,Utilities,0.5200350429487839,1,1,0,1,1,0,1,0,0
2020,2020,SID,6,Real Estate,1.406210228254717,1,1,1,0,0,1,1,1,0
2020,2020,SIG,6,Utilities,4.6780061152,1,0,1,0,1,1,1,0,1
2020,2020,SII,4,Utilities,0.8703579440729754,0,0,0,1,1,0,0,1,1
2020,2020,SIP,5,Real Estate,0.167347991970838,1,1,1,1,0,1,0,0,0
2020,2020,SJ1,4,Consumer Staples,0.7483702986629801,1,0,0,0,1,1,1,0,0
2020,2020,SJD,3,Utilities,0.732720928083516,1,1,0,0,0,0,1,0,0
2020,2020,SJE,5,Industrials,1.2227231587536749,1,1,0,1,1,0,1,0,0
2020,2020,SJF,4,Materials,4.126930667469697,0,1,0,1,1,0,1,0,0
2020,2020,SJG,5,Industrials,1.721057357089426,1,1,0,1,1,0,1,0,0
2020,2020,SJM,3,Industrials,0.3355630137857143,0,0,0,0,0,0,1,1,1
2020,2020,SJS,7,Real Estate,0.659366393394603,1,1,0,1,1,0,1,1,1
2020,2020,SKG,5,Industrials,1.1275656365099958,1,1,0,1,0,1,1,0,0
2020,2020,SKH,5,Consumer Staples,0.580895179038961,1,1,0,1,0,1,1,0,0
2020,2020,SKN,6,Consumer Staples,1.2641458752235295,1,1,0,1,0,1,1,1,0
2020,2020,SKV,5,Consumer Staples,0.6231875344987096,1,1,0,1,0,0,1,1,0
2020,2020,SMB,6,Consumer Staples,0.3960085997398473,1,1,0,1,0,1,1,1,0
2020,2020,SMC,8,Materials,1.2803518228994164,1,1,1,1,1,1,1,1,0
2020,2020,SMN,4,Communication Services,1.4580000338377146,1,1,0,0,0,0,1,1,0
2020,2020,SMT,6,Information Technology,1.205328149198485,1,1,1,1,0,0,1,0,1
2020,2020,SNZ,6,Real Estate,0.4194466187808813,1,1,1,1,0,1,0,1,0
2020,2020,SPI,3,Materials,5.307183424463452,0,0,0,1,0,1,1,0,0
2020,2020,SPM,4,Health Care,4.148534567879556,1,0,0,0,1,0,1,0,1
2020,2020,SPV,4,Consumer Staples,0.9529491502812072,1,0,1,0,0,1,1,0,0
2020,2020,SRA,3,Health Care,1.3781158862220326,1,0,0,0,1,0,1,0,0
2020,2020,SRB,3,Consumer Discretionary,3.665659312941176,0,0,1,1,0,0,1,0,0
2020,2020,SRC,5,Consumer Discretionary,0.7300661377081363,1,0,1,0,1,0,1,0,1
2020,2020,SRF,3,Industrials,1.1450052645464288,1,1,0,0,1,0,0,0,0
2020,2020,SRT,2,Industrials,1.467540127217136,0,0,0,1,0,0,1,0,0
2020,2020,SSC,4,Consumer Staples,0.5101459990144238,1,1,0,1,0,0,1,0,0
2020,2020,SSG,4,Industrials,0.5768409651654981,0,1,0,1,0,0,1,0,1
2020,2020,SSM,6,Materials,2.4277748085419453,1,1,0,1,0,1,1,1,0
2020,2020,SSN,5,Consumer Staples,2.281345292191919,1,0,1,0,1,0,1,0,1
2020,2020,ST8,5,Consumer Discretionary,0.9949320352620744,1,1,0,1,0,0,1,1,0
2020,2020,STC,7,Communication Services,1.2538535923486105,1,1,1,1,0,0,1,1,1
2020,2020,STG,7,Industrials,1.044724636453603,1,1,1,1,0,0,1,1,1
2020,2020,STH,1,Consumer Discretionary,0.7550469949097816,1,0,0,0,0,0,0,0,0
2020,2020,STK,6,Consumer Discretionary,0.7598151045218653,1,1,0,1,1,1,1,0,0
2020,2020,STP,8,Materials,2.3386943083685185,1,1,1,1,0,1,1,1,1
2020,2020,SUM,4,Materials,3.479716024340771,1,0,1,0,0,0,1,0,1
2020,2020,SVG,6,Materials,1.8889897574610384,1,1,0,1,1,1,1,0,0
2020,2020,SVI,6,Materials,0.4910157663661236,1,1,1,0,1,0,1,0,1
2020,2020,SVN,6,Consumer Staples,5.257622675904762,1,1,1,1,0,0,1,0,1
2020,2020,SVT,5,Materials,1.10416937233107,1,1,1,0,0,0,1,1,0
2020,2020,SWC,7,Industrials,0.9373042219899144,1,1,1,1,0,0,1,1,1
2020,2020,SZB,8,Real Estate,0.5552921469343137,1,1,1,1,1,1,1,1,0
2020,2020,SZC,7,Real Estate,0.3950739678553125,1,1,1,1,0,0,1,1,1
2020,2020,SZE,7,Industrials,0.8171552263954023,1,1,1,1,0,0,1,1,1
2020,2020,SZL,5,Real Estate,0.5578600093685314,1,1,0,1,0,0,1,1,0
2020,2020,TA9,7,Industrials,1.089601710970509,1,1,1,1,0,1,1,0,1
2020,2020,TAC,4,Consumer Staples,0.2797449250304161,1,0,1,0,0,0,1,0,1
2020,2020,TAR,5,Consumer Staples,0.5598168197526282,1,1,1,1,0,0,0,0,1
2020,2020,TBC,8,Utilities,0.6442429302970794,1,1,0,1,1,1,1,1,1
2020,2020,TBD,7,Industrials,0.144386660072961,1,1,1,0,1,1,1,0,1
2020,2020,TC6,7,Energy,2.09892759540108,1,1,1,1,1,0,1,1,0
2020,2020,TCD,5,Industrials,1.1228279665160406,1,0,1,0,1,1,0,0,1
2020,2020,TCH,5,Real Estate,0.6987608684226682,1,0,1,0,1,1,0,0,1
2020,2020,TCL,7,Industrials,0.7196107752662434,1,1,0,1,1,0,1,1,1
2020,2020,TCM,9,Consumer Discretionary,0.5059420295718818,1,1,1,1,1,1,1,1,1
2020,2020,TCO,5,Consumer Staples,1.059597105521313,1,1,1,0,0,0,1,0,1
2020,2020,TCR,5,Materials,2.668020461852853,0,1,0,1,1,1,0,0,1
2020,2020,TCT,4,Industrials,0.7737859322859219,1,1,0,1,0,0,1,0,0
2020,2020,TCW,7,Industrials,0.6154308915210448,1,1,1,1,1,0,1,0,1
2020,2020,TDC,7,Real Estate,0.8175816205947882,1,1,1,1,0,0,1,1,1
2020,2020,TDG,2,Utilities,4.259710606405752,1,0,0,0,0,0,1,0,0
2020,2020,TDH,5,Real Estate,1.2125857495075822,0,1,0,1,0,1,1,1,0
2020,2020,TDM,4,Utilities,0.6052621707308958,1,1,0,1,1,0,0,0,0
2020,2020,TDN,5,Energy,1.561380953339103,1,1,0,1,0,0,1,1,0
2020,2020,TDP,5,Materials,0.344152542564039,1,1,0,0,1,0,1,1,0
2020,2020,TDS,6,Materials,1.6534692316106718,1,1,0,1,0,1,1,0,1
2020,2020,TDT,3,Consumer Discretionary,0.7862500492493631,1,0,0,0,0,0,1,1,0
2020,2020,TDW,9,Utilities,0.6519110244969041,1,1,1,1,1,1,1,1,1
2020,2020,TEG,6,Industrials,2.1093850611004017,1,1,1,1,1,0,1,0,0
2020,2020,TGP,4,Industrials,3.42197314539959,1,0,1,0,0,0,1,0,1
2020,2020,THB,6,Consumer Staples,1.3675395789373628,1,1,0,1,0,1,1,0,1
2020,2020,THD,3,Industrials,0.2444707744725336,1,0,1,0,0,0,1,0,0
2020,2020,THG,8,Materials,0.5927421372654663,1,1,1,1,0,1,1,1,1
2020,2020,THI,6,Industrials,0.9443918022340908,1,1,0,1,1,0,1,1,0
2020,2020,THP,5,Consumer Staples,1.3039406548821186,1,1,1,0,0,1,0,1,0
2020,2020,THS,6,Consumer Discretionary,1.986876426388889,1,1,1,0,0,0,1,1,1
2020,2020,THT,3,Energy,1.7114864874625486,1,0,0,0,0,1,1,0,0
2020,2020,TID,6,Consumer Staples,0.6143328252590625,1,1,1,1,0,1,0,1,0
2020,2020,TIE,6,Consumer Discretionary,4.412136725225878,1,1,1,1,0,1,1,0,0
2020,2020,TIG,6,Real Estate,1.512179599296413,1,1,0,1,1,0,1,0,1
2020,2020,TIP,7,Real Estate,0.4613630542469424,1,1,1,1,1,0,1,1,0
2020,2020,TIS,7,Materials,0.9315382016000076,1,1,0,1,1,0,1,1,1
2020,2020,TKC,4,Real Estate,1.9791805263424929,1,0,1,0,0,0,1,0,1
2020,2020,TL4,5,Industrials,2.0124180523748563,1,1,0,1,0,0,1,0,1
2020,2020,TLD,5,Materials,1.8491787239078952,1,0,1,0,1,1,0,1,0
2020,2020,TLG,5,Industrials,0.5762257903051526,1,1,0,1,0,1,0,1,0
2020,2020,TLH,7,Materials,1.9006465112711133,1,1,1,1,0,1,1,1,0
2020,2020,TLP,7,Consumer Discretionary,0.922746195491748,1,1,0,1,1,1,1,1,0
2020,2020,TLT,4,Materials,1.3151329103062082,1,1,0,1,0,0,1,0,0
2020,2020,TMB,2,Energy,1.036044713437751,1,0,0,0,0,0,1,0,0
2020,2020,TMC,6,Consumer Discretionary,1.04930431979812,1,1,0,1,0,1,1,1,0
2020,2020,TMP,4,Utilities,0.5152449565208687,1,1,0,1,0,0,1,0,0
2020,2020,TMS,6,Industrials,0.825555727944747,1,1,1,0,1,1,0,0,1
2020,2020,TMT,7,Consumer Discretionary,2.1071829488780343,1,1,0,1,1,0,1,1,1
2020,2020,TMX,4,Materials,0.9480054220285714,1,0,0,0,0,1,1,1,0
2020,2020,TN1,4,Real Estate,0.3178792182279099,1,1,0,0,0,0,1,1,0
2020,2020,TNA,5,Consumer Discretionary,1.0832623883764618,1,0,0,0,1,0,1,1,1
2020,2020,TNB,7,Materials,1.159880891046957,1,1,1,1,0,1,1,0,1
2020,2020,TNC,5,Materials,0.5595691080941558,1,1,1,0,0,0,1,1,0
2020,2020,TNI,4,Materials,3.3260909451971172,1,0,0,0,1,1,1,0,0
2020,2020,TNS,8,Materials,0.0841777689782608,1,1,1,1,0,1,1,1,1
2020,2020,TNT,3,Materials,5.712038909803922,0,0,0,1,1,0,1,0,0
2020,2020,TOT,6,Industrials,2.0807856555546365,1,1,1,0,1,0,1,1,0
2020,2020,TPC,6,Materials,1.5079730248484742,1,1,1,1,0,0,1,0,1
2020,2020,TR1,6,Industrials,1.3991096594230843,1,1,0,1,1,1,1,0,0
2020,2020,TRA,7,Health Care,0.3632188308327744,1,1,1,1,1,0,1,0,1
2020,2020,TRC,7,Materials,1.4729772993255672,1,1,1,0,1,1,1,0,1
2020,2020,TRS,5,Industrials,0.8343759794378552,1,1,0,1,0,0,1,1,0
2020,2020,TS4,4,Consumer Staples,1.9637190636643311,0,1,0,1,0,0,1,0,1
2020,2020,TSC,7,Consumer Discretionary,3.13325180225856,1,1,1,1,0,1,0,1,1
2020,2020,TST,7,Industrials,1.8259830449051155,1,1,0,1,1,1,1,1,0
2020,2020,TTA,8,Utilities,0.6214301370159805,1,1,1,1,1,1,1,0,1
2020,2020,TTB,5,Real Estate,1.847260773820323,1,1,0,1,1,0,1,0,0
2020,2020,TTC,6,Materials,1.543565859865645,1,1,1,0,0,1,1,1,0
2020,2020,TTE,3,Utilities,0.9246418813410004,0,0,0,1,1,0,1,0,0
2020,2020,TTG,2,Consumer Discretionary,1.3330563634278003,0,0,0,1,0,0,1,0,0
2020,2020,TTH,3,Consumer Discretionary,5.457570018241681,0,0,0,0,1,1,1,0,0
2020,2020,TTL,5,Industrials,1.7108707023050929,1,1,0,1,0,0,1,1,0
2020,2020,TTN,6,Communication Services,1.2128631572542523,1,1,0,1,0,1,1,1,0
2020,2020,TTS,9,Materials,0.918031520964567,1,1,1,1,1,1,1,1,1
2020,2020,TTZ,4,Materials,2.644281625513176,0,1,0,1,0,0,1,1,0
2020,2020,TV2,6,Industrials,0.6114936159717304,1,1,0,1,1,0,1,1,0
2020,2020,TV3,4,Industrials,0.5822776567443598,1,1,1,0,0,0,1,0,0
2020,2020,TV4,5,Industrials,0.9053999246174214,1,1,1,0,0,0,1,0,1
2020,2020,TVD,8,Energy,1.4340192558796967,1,1,1,1,1,1,1,0,1
2020,2020,TVM,6,Industrials,1.013678259180791,1,1,0,1,1,0,1,0,1
2020,2020,TVN,7,Materials,1.5524928668696447,1,1,0,1,1,1,1,1,0
2020,2020,TVP,6,Health Care,0.8919014265973122,1,1,1,0,0,0,1,1,1
2020,2020,TVT,7,Consumer Discretionary,1.0864835980227745,1,1,0,1,1,1,1,1,0
2020,2020,TVU,4,Industrials,1.1518428391044775,1,1,0,0,0,0,1,1,0
2020,2020,TXM,6,Materials,2.7585795646190476,1,1,0,1,0,1,1,1,0
2020,2020,TYA,5,Industrials,0.9918643206490596,1,1,0,1,0,1,1,0,0
2020,2020,UDC,4,Industrials,1.651117821148898,0,0,0,0,1,1,1,0,1
2020,2020,UDJ,3,Real Estate,1.0456195504231969,1,0,0,0,0,1,1,0,0
2020,2020,UIC,6,Utilities,0.7670052534521277,1,1,0,1,1,0,1,1,0
2020,2020,UNI,5,Real Estate,1.2250669031063428,1,1,1,1,0,0,1,0,0
2020,2020,V12,4,Industrials,1.5337180931591612,1,0,0,0,1,1,1,0,0
2020,2020,V21,6,Consumer Discretionary,2.271430192821976,1,1,1,1,0,1,1,0,0
2020,2020,VAF,7,Materials,1.1891922241439137,1,1,1,0,0,1,1,1,1
2020,2020,VAV,6,Utilities,0.4413216636261792,1,1,0,1,1,1,1,0,0
2020,2020,VBC,7,Materials,0.791012980069227,1,1,0,1,1,1,1,1,0
2020,2020,VC1,4,Industrials,2.343389383715686,1,0,1,0,0,1,1,0,0
2020,2020,VC2,8,Industrials,1.911237952616352,1,1,0,1,1,1,1,1,1
2020,2020,VC3,3,Real Estate,0.6843495581203743,1,0,0,0,0,1,0,1,0
2020,2020,VC7,3,Consumer Discretionary,1.639201994090708,1,1,0,1,0,0,0,0,0
2020,2020,VC9,4,Industrials,2.6813792890612023,0,1,0,1,0,1,1,0,0
2020,2020,VCA,7,Materials,1.3380640528795282,1,1,1,1,0,1,1,0,1
2020,2020,VCC,4,Industrials,1.1225627537575755,1,0,0,0,1,0,1,1,0
2020,2020,VCF,7,Consumer Staples,0.2516125861724687,1,1,1,1,0,1,1,1,0
2020,2020,VCG,5,Industrials,0.3369949791410587,1,0,1,0,1,0,1,1,0
2020,2020,VCM,5,Consumer Discretionary,1.4677971047188756,1,0,1,0,0,1,1,1,0
2020,2020,VCP,3,Utilities,0.2890481345720702,1,0,0,0,0,1,1,0,0
2020,2020,VCS,6,Materials,0.2850584234894454,1,1,0,0,1,1,1,1,0
2020,2020,VCW,6,Utilities,0.3419734408981685,1,1,1,1,0,1,1,0,0
2020,2020,VDP,4,Health Care,1.083055955100558,1,0,1,0,0,0,0,1,1
2020,2020,VDT,7,Materials,0.6648855330376767,1,1,1,0,0,1,1,1,1
2020,2020,VE3,3,Industrials,1.597554092872496,1,0,0,0,0,0,1,1,0
2020,2020,VE4,3,Industrials,1.0862930588963566,1,0,0,0,0,0,1,0,1
2020,2020,VE8,7,Industrials,2.0772593457777777,1,0,1,0,1,1,1,1,1
2020,2020,VE9,5,Industrials,2.0832873736663013,0,0,1,1,0,1,1,1,0
2020,2020,VEA,6,Industrials,0.3423168387356576,1,1,0,0,1,1,1,1,0
2020,2020,VEC,7,Information Technology,0.9847064899036022,0,1,0,1,1,1,1,1,1
2020,2020,VEF,2,Industrials,0.1362907384826928,1,0,1,0,0,0,0,0,0
2020,2020,VET,4,Health Care,0.2914243873797348,1,1,0,0,0,1,0,1,0
2020,2020,VFC,7,Industrials,1.1844869778127662,1,1,0,1,1,1,1,0,1
2020,2020,VFG,6,Materials,0.6417353645583584,1,0,1,0,1,1,1,1,0
2020,2020,VFR,5,Industrials,2.885350541863248,0,1,0,1,1,1,1,0,0
2020,2020,VGC,5,Industrials,0.5255133399032772,1,1,0,1,1,0,0,1,0
2020,2020,VGG,4,Consumer Discretionary,0.9557416530427244,1,1,0,1,0,0,1,0,0
2020,2020,VGI,9,Communication Services,0.2967894961866503,1,1,1,1,1,1,1,1,1
2020,2020,VGR,9,Industrials,0.5532056191884058,1,1,1,1,1,1,1,1,1
2020,2020,VGS,8,Materials,1.4045067765093862,1,1,1,1,1,1,1,1,0
2020,2020,VGT,5,Consumer Discretionary,1.1974079842009708,1,1,0,1,0,1,0,1,0
2020,2020,VGV,4,Industrials,1.123491022300542,1,0,0,0,1,1,1,0,0
2020,2020,VHC,2,Consumer Staples,0.6865842252660648,1,1,0,0,0,0,0,0,0
2020,2020,VHD,5,Real Estate,1.837964249744898,1,0,1,0,0,1,1,1,0
2020,2020,VHE,2,Consumer Staples,2.5912719406305404,1,0,0,0,0,1,0,0,0
2020,2020,VHL,5,Materials,0.9979535757511112,1,1,0,1,1,0,1,0,0
2020,2020,VHM,2,Real Estate,0.2910909127634059,1,1,0,0,0,0,0,0,0
2020,2020,VIC,4,Real Estate,0.216394599687419,1,1,0,1,1,0,0,0,0
2020,2020,VID,6,Materials,1.549200791825672,1,1,1,1,1,0,0,1,0
2020,2020,VIF,5,Materials,0.8184493526175171,1,0,0,0,1,0,1,1,1
2020,2020,VIN,5,Industrials,1.313567242055347,1,0,1,0,0,1,1,0,1
2020,2020,VIP,4,Energy,2.057891437256353,1,1,1,0,0,0,1,0,0
2020,2020,VIS,5,Materials,0.4138280930313885,1,0,1,0,0,1,1,1,0
2020,2020,VIT,6,Materials,1.0079149891561352,1,1,0,1,1,1,1,0,0
2020,2020,VIW,5,Industrials,1.4006956371416523,1,1,0,1,0,0,1,1,0
2020,2020,VJC,4,Industrials,0.2287382919353819,1,0,0,0,1,1,1,0,0
2020,2020,VKC,5,Consumer Discretionary,2.02087520769716,1,0,0,0,1,1,1,0,1
2020,2020,VLB,7,Materials,0.4339324643697821,1,1,1,1,0,1,1,1,0
2020,2020,VLC,8,Consumer Staples,0.4554204571317995,1,1,1,1,0,1,1,1,1
2020,2020,VLG,7,Industrials,3.3737394706667914,1,1,1,1,0,1,1,1,0
2020,2020,VMC,5,Industrials,1.55097098397807,1,0,0,0,1,1,1,1,0
2020,2020,VMD,7,Health Care,1.031664969063888,1,1,1,1,0,1,0,1,1
2020,2020,VMG,4,Utilities,0.5913523479166667,1,0,0,0,1,0,1,1,0
2020,2020,VNA,6,Industrials,0.805736564025,1,1,0,1,1,1,1,0,0
2020,2020,VNB,2,Communication Services,1.0692262831015902,1,0,0,0,0,0,1,0,0
2020,2020,VNC,6,Industrials,0.7303393113554544,1,1,0,1,1,1,1,0,0
2020,2020,VNE,6,Industrials,1.9447800996629976,1,1,1,1,0,0,1,0,1
2020,2020,VNF,5,Industrials,1.193597366328326,1,1,0,1,0,0,1,0,1
2020,2020,VNG,5,Consumer Discretionary,0.6963997219457971,1,1,0,0,1,1,1,0,0
2020,2020,VNH,4,Consumer Staples,0.4229137602527281,1,0,0,0,0,1,1,1,0
2020,2020,VNL,6,Industrials,1.4355794379012343,1,1,1,0,0,0,1,1,1
2020,2020,VNM,4,Consumer Staples,0.1376587324092102,1,1,0,0,0,1,1,0,0
2020,2020,VNP,7,Materials,1.2009058790370826,1,0,1,0,1,1,1,1,1
2020,2020,VNS,5,Industrials,1.98680357003913,0,1,0,1,1,1,1,0,0
2020,2020,VNT,2,Industrials,0.2180267007867767,0,0,0,0,0,0,1,0,1
2020,2020,VOC,8,Consumer Staples,0.8098083426468731,1,1,1,0,1,1,1,1,1
2020,2020,VOS,4,Industrials,1.5791844645434785,0,1,0,1,0,1,1,0,0
2020,2020,VPA,9,Industrials,1.295909320093262,1,1,1,1,1,1,1,1,1
2020,2020,VPG,6,Materials,0.7105897645207228,1,1,1,0,1,1,0,0,1
2020,2020,VPI,5,Real Estate,0.4135132326629132,1,1,0,1,1,0,0,1,0
2020,2020,VPS,7,Materials,0.9655668787946732,1,1,1,1,0,1,1,1,0
2020,2020,VRC,2,Real Estate,2.035791282165272,1,0,0,0,0,0,1,0,0
2020,2020,VRE,5,Real Estate,0.4106680344291393,1,1,0,1,0,1,1,0,0
2020,2020,VRG,2,Real Estate,0.3883010668944483,1,0,0,0,0,0,1,0,0
2020,2020,VSA,7,Industrials,1.5833632779875133,1,1,1,0,1,1,1,0,1
2020,2020,VSC,8,Industrials,0.5915622059344613,1,1,1,1,1,1,1,1,0
2020,2020,VSH,6,Utilities,0.8589034645636263,1,1,1,1,1,0,1,0,0
2020,2020,VSI,6,Industrials,0.8835249796687553,1,1,0,1,0,1,1,1,0
2020,2020,VSN,3,Consumer Staples,0.5269578958142497,1,1,0,0,0,0,1,0,0
2020,2020,VTA,5,Materials,1.6850354952419355,1,1,0,1,0,1,1,0,0
2020,2020,VTB,8,Consumer Discretionary,1.627551818754425,1,1,1,1,1,1,1,0,1
2020,2020,VTC,6,Communication Services,1.8665808309477208,1,1,0,1,0,1,1,1,0
2020,2020,VTD,5,Consumer Discretionary,0.9367684367378918,1,1,0,1,0,0,1,1,0
2020,2020,VTE,6,Information Technology,2.4570123848383503,1,1,1,1,0,0,1,1,0
2020,2020,VTJ,4,Consumer Discretionary,2.0929691904183536,0,0,0,1,0,0,1,1,1
2020,2020,VTK,5,Communication Services,0.8209286744681167,1,1,0,1,0,0,1,1,0
2020,2020,VTO,7,Energy,1.6060905930407734,1,1,0,1,1,1,1,1,0
2020,2020,VTP,4,Industrials,0.1341291217233671,1,0,0,0,0,1,1,0,1
2020,2020,VTS,2,Materials,0.6863345107368422,0,0,0,1,0,0,1,0,0
2020,2020,VTV,6,Energy,2.47602768395089,1,1,0,1,1,1,1,0,0
2020,2020,VTX,4,Industrials,0.8264714519154306,1,0,1,0,0,1,1,0,0
2020,2020,VW3,5,Industrials,2.5679839731976744,1,1,0,1,0,0,1,1,0
2020,2020,WCS,3,Industrials,0.3156962063227034,1,1,0,0,0,0,1,0,0
2020,2020,WSB,5,Consumer Staples,0.8935521778579496,1,1,0,1,0,1,1,0,0
2020,2020,X20,8,Consumer Discretionary,1.593180024921095,1,1,1,1,0,1,1,1,1
2020,2020,XLV,2,Industrials,1.7859140578888888,1,0,0,0,0,0,1,0,0
2020,2020,XMC,4,Industrials,1.1552108387306277,1,1,0,1,1,0,0,0,0
2020,2020,XPH,5,Consumer Staples,2.1618668677501702,1,0,1,0,0,1,1,1,0
2020,2020,YBC,3,Materials,0.8694068387950484,1,0,1,0,0,0,1,0,0
2020,2020,YBM,9,Materials,1.719302370976676,1,1,1,1,1,1,1,1,1
2020,2020,YEG,2,Communication Services,0.6006795576435661,0,0,1,0,0,0,0,0,1
2020,2020,YTC,3,Health Care,0.0476535657281649,0,0,0,0,1,0,1,0,1
2021,2021,AAA,6,Materials,0.7271015991620792,1,1,1,1,0,1,0,0,1
2021,2021,AAM,8,Consumer Staples,1.4756931117820886,1,1,1,1,0,1,1,1,1
2021,2021,AAV,6,Real Estate,0.4823333223095654,1,0,1,0,1,1,0,1,1
2021,2021,ABR,4,Communication Services,0.51153032917,1,1,0,0,1,0,1,0,0
2021,2021,ABT,5,Consumer Staples,1.0198406087433816,1,0,1,0,0,0,1,1,1
2021,2021,ACC,2,Materials,0.4546728504333821,1,0,0,0,0,0,1,0,0
2021,2021,ACG,3,Materials,0.397547039463299,1,1,0,0,0,0,0,1,0
2021,2021,ACL,7,Consumer Staples,0.7802913856772795,1,1,1,1,0,1,1,0,1
2021,2021,ACV,4,Industrials,0.1985634231893746,1,0,0,0,1,1,1,0,0
2021,2021,ADG,4,Communication Services,0.2458774623451025,1,1,0,1,0,1,0,0,0
2021,2021,ADS,8,Consumer Discretionary,0.392219378453232,1,1,1,1,1,1,0,1,1
2021,2021,AFX,4,Consumer Staples,0.6255927512747252,1,0,1,0,0,0,1,0,1
2021,2021,AG1,3,Consumer Discretionary,0.7392424394011929,0,0,0,1,0,0,1,0,1
2021,2021,AGG,5,Real Estate,0.4904259285195075,1,1,0,1,1,0,0,1,0
2021,2021,AGM,4,Consumer Staples,0.7346177781026453,1,0,1,0,0,0,1,0,1
2021,2021,ALT,8,Materials,1.7930413439759367,1,1,1,1,1,1,1,1,0
2021,2021,ALV,6,Industrials,1.6838450158738687,1,1,1,0,0,1,1,1,0
2021,2021,AMD,5,Materials,1.378174699340215,1,0,0,0,1,1,1,0,1
2021,2021,AME,3,Industrials,0.937835845439226,1,0,0,0,0,1,1,0,0
2021,2021,AMS,4,Industrials,0.8030743992537959,1,0,0,0,1,0,1,1,0
2021,2021,AMV,3,Health Care,0.8763003839317988,1,0,0,0,0,1,0,0,1
2021,2021,ANT,7,Consumer Staples,0.6652943851527777,1,1,0,1,1,1,0,1,1
2021,2021,ANV,6,Consumer Staples,0.5517098943961035,1,1,0,1,0,1,1,1,0
2021,2021,APC,2,Industrials,1.2466565221105443,0,0,0,0,1,0,1,0,0
2021,2021,APF,4,Consumer Staples,0.6248299684942892,1,0,0,0,0,1,1,0,1
2021,2021,APH,6,Materials,0.3941064525362409,1,1,0,1,0,1,0,1,1
2021,2021,API,5,Real Estate,0.2896489392585171,1,0,1,0,1,0,0,1,1
2021,2021,ASG,4,Industrials,0.4865635344917943,1,1,0,1,1,0,0,0,0
2021,2021,ASM,8,Consumer Staples,0.8603917094956558,1,1,1,1,1,1,1,1,0
2021,2021,ASP,7,Utilities,0.9227858289836376,1,1,0,1,1,1,1,0,1
2021,2021,AST,2,Industrials,0.1569892094482323,0,0,0,1,0,0,1,0,0
2021,2021,BAF,5,Consumer Staples,0.4514217380925198,1,1,1,0,0,1,0,1,0
2021,2021,BAL,6,Materials,1.3190145158490567,1,1,1,1,0,0,1,0,1
2021,2021,BAX,3,Real Estate,0.3834966599813685,1,1,0,0,0,0,1,0,0
2021,2021,BBC,5,Unknown,1.0086459180054026,1,1,0,1,0,0,1,1,0
2021,2021,BBM,3,Consumer Staples,0.9055775147517732,1,0,0,0,0,1,1,0,0
2021,2021,BBT,3,Health Care,0.5705160954125615,1,0,0,0,0,1,1,0,0
2021,2021,BCA,5,Materials,0.9719251166270024,1,0,1,0,0,0,1,1,1
2021,2021,BCC,6,Materials,0.7690427301666958,1,1,0,1,0,1,1,0,1
2021,2021,BCE,3,Industrials,0.6099520007484472,1,0,0,0,0,1,0,1,0
2021,2021,BCF,5,Consumer Staples,0.3052178204769177,1,1,0,1,0,1,1,0,0
2021,2021,BCG,3,Industrials,0.5024066272087985,1,0,0,0,0,1,0,1,0
2021,2021,BCM,4,Real Estate,0.2435114036336352,1,1,0,0,0,1,1,0,0
2021,2021,BDG,3,Consumer Discretionary,0.5870563158278985,1,0,0,0,0,1,1,0,0
2021,2021,BDT,3,Materials,0.3236120685761185,1,0,0,0,0,0,1,1,0
2021,2021,BFC,5,Materials,0.5824536354129152,1,0,1,0,1,0,1,0,1
2021,2021,BHA,5,Utilities,0.8357098108238636,1,1,0,1,1,0,1,0,0
2021,2021,BHN,5,Consumer Staples,0.2989329773175793,1,1,0,1,1,0,1,0,0
2021,2021,BHP,6,Consumer Staples,1.6053466213306569,1,1,0,1,1,1,1,0,0
2021,2021,BII,4,Unknown,0.7526557149111317,1,0,1,0,1,0,0,0,1
2021,2021,BIO,4,Health Care,0.2029334335583317,1,1,0,0,0,1,1,0,0
2021,2021,BKC,9,Materials,1.4003545858114304,1,1,1,1,1,1,1,1,1
2021,2021,BKG,8,Materials,0.9455689323100962,1,1,1,1,1,1,1,1,0
2021,2021,BLN,7,Industrials,1.3870999272207791,1,1,0,1,1,1,1,1,0
2021,2021,BLT,3,Consumer Staples,1.424920043698502,1,0,0,0,0,0,1,0,1
2021,2021,BMC,6,Materials,0.6559677927746925,1,1,1,1,0,0,1,1,0
2021,2021,BMJ,2,Materials,0.5516893703574879,1,0,0,0,0,1,0,0,0
2021,2021,BMP,2,Materials,0.4677248342554631,1,0,0,0,0,0,1,0,0
2021,2021,BNA,4,Consumer Staples,0.4460835641205782,1,0,1,0,0,1,0,1,0
2021,2021,BQB,3,Consumer Staples,0.8177451881093936,0,0,0,1,0,0,1,0,1
2021,2021,BRC,4,Consumer Discretionary,1.029786148041135,1,1,0,0,0,0,1,0,1
2021,2021,BRR,7,Materials,0.4908480612861226,1,1,1,0,1,0,1,1,1
2021,2021,BRS,4,Industrials,0.5840558428006326,1,1,0,0,0,0,1,0,1
2021,2021,BSA,9,Utilities,0.7843866406559125,1,1,1,1,1,1,1,1,1
2021,2021,BSG,4,Industrials,0.3904392152972222,0,1,0,1,1,0,1,0,0
2021,2021,BSL,8,Consumer Staples,0.8843454024728888,1,1,1,1,0,1,1,1,1
2021,2021,BSQ,6,Consumer Staples,0.6238567088296296,1,1,1,1,0,0,1,1,0
2021,2021,BSR,9,Energy,0.5245589041162095,1,1,1,1,1,1,1,1,1
2021,2021,BTB,5,Consumer Staples,1.8727252380593395,0,1,0,1,1,0,1,0,1
2021,2021,BTD,2,Materials,0.8764807316570283,1,0,0,0,0,0,1,0,0
2021,2021,BTN,4,Materials,1.1672318319831854,0,1,0,1,1,0,1,0,0
2021,2021,BTP,5,Utilities,1.1844939338277638,1,0,1,0,1,0,1,0,1
2021,2021,BTS,9,Materials,1.0122047919218442,1,1,1,1,1,1,1,1,1
2021,2021,BTT,4,Consumer Discretionary,0.5852838839567003,1,0,0,0,0,1,1,1,0
2021,2021,BTV,5,Consumer Discretionary,0.2075155058157431,0,0,1,1,0,1,1,0,1
2021,2021,BVL,4,Industrials,0.2642390434225432,1,0,1,0,0,0,1,0,1
2021,2021,BWE,7,Utilities,0.4686328331646582,1,1,1,1,1,1,0,1,0
2021,2021,BWS,5,Utilities,0.306880659004803,1,1,0,1,1,0,1,0,0
2021,2021,C21,2,Real Estate,2.0235967986460857,1,0,0,0,0,0,1,0,0
2021,2021,C32,4,Materials,1.1592236680267722,1,0,0,0,1,1,1,0,0
2021,2021,C47,7,Industrials,0.6069714476899895,1,1,1,1,0,1,1,1,0
2021,2021,C4G,4,Industrials,0.4567409353109242,1,0,0,0,0,1,1,1,0
2021,2021,C69,3,Industrials,0.589278618594697,1,0,0,0,0,1,0,1,0
2021,2021,C92,5,Industrials,1.364321975818327,1,1,0,1,0,1,1,0,0
2021,2021,CAB,8,Communication Services,0.0839163487665233,1,1,1,1,1,1,1,0,1
2021,2021,CAG,7,Industrials,0.4697692932156193,1,1,1,1,0,1,1,1,0
2021,2021,CAP,6,Materials,0.2306088448927877,1,1,1,0,0,0,1,1,1
2021,2021,CAT,5,Consumer Staples,0.5917923569750819,1,1,0,1,0,0,1,0,1
2021,2021,CAV,3,Industrials,0.5250566427832996,1,0,0,0,1,0,1,0,0
2021,2021,CBI,8,Materials,0.378996884188116,1,1,1,0,1,1,1,1,1
2021,2021,CC1,3,Industrials,0.4981277188642625,1,0,1,0,0,1,0,0,0
2021,2021,CC4,6,Industrials,0.8589206729144504,1,1,1,0,0,1,1,1,0
2021,2021,CCA,8,Consumer Staples,1.7764335089787795,1,1,1,1,0,1,1,1,1
2021,2021,CCI,8,Energy,0.6374325600825231,1,1,1,1,0,1,1,1,1
2021,2021,CCL,6,Real Estate,0.7101390319336999,1,1,0,0,1,1,1,1,0
2021,2021,CCP,2,Industrials,0.9390231928030304,0,0,0,0,0,1,1,0,0
2021,2021,CCR,9,Industrials,0.4543691797453528,1,1,1,1,1,1,1,1,1
2021,2021,CDC,5,Industrials,0.716522936371875,1,0,1,0,1,0,1,0,1
2021,2021,CDN,8,Industrials,0.5096040037494398,1,1,1,1,1,0,1,1,1
2021,2021,CDO,2,Industrials,0.9606301670155722,0,0,0,1,0,0,1,0,0
2021,2021,CDP,7,Health Care,0.655311269968121,1,1,0,1,1,1,1,1,0
2021,2021,CDR,5,Industrials,1.2100970144069054,1,0,1,0,0,1,1,0,1
2021,2021,CEE,3,Industrials,0.6326775100727484,1,0,0,0,1,0,1,0,0
2021,2021,CEN,7,Consumer Discretionary,0.6034384430176565,1,1,1,1,1,1,0,1,0
2021,2021,CEO,4,Real Estate,0.1644597687215052,1,0,1,0,1,0,1,0,0
2021,2021,CET,4,Consumer Discretionary,1.1900091833273445,1,0,0,0,0,1,1,0,1
2021,2021,CFM,8,Consumer Discretionary,0.9809483196938776,1,1,1,1,1,0,1,1,1
2021,2021,CGV,1,Consumer Discretionary,1.0901924826863705,0,0,0,0,0,0,1,0,0
2021,2021,CHP,6,Utilities,0.566739969941691,1,1,0,1,1,1,1,0,0
2021,2021,CHS,5,Industrials,0.8831867407100938,1,1,0,1,0,0,1,0,1
2021,2021,CI5,6,Industrials,0.868917648580998,1,1,1,1,0,0,1,0,1
2021,2021,CIA,2,Industrials,0.9138948026281084,0,0,0,1,1,0,0,0,0
2021,2021,CIG,5,Industrials,0.1002363196672785,1,0,1,0,0,0,1,1,1
2021,2021,CII,3,Industrials,0.4350387282024254,0,0,0,0,1,0,1,1,0
2021,2021,CIP,5,Industrials,0.4583747934769948,0,1,1,1,0,0,1,0,1
2021,2021,CKG,5,Real Estate,0.2967872507790167,1,1,1,0,1,0,0,1,0
2021,2021,CLC,4,Consumer Staples,0.7981916640041662,1,0,1,0,0,0,1,0,1
2021,2021,CLH,9,Materials,0.62241546497558,1,1,1,1,1,1,1,1,1
2021,2021,CLL,6,Industrials,0.5545395066856892,1,1,0,1,0,1,1,1,0
2021,2021,CLX,5,Consumer Staples,0.5998460114574368,1,0,0,0,1,1,1,1,0
2021,2021,CMC,6,Industrials,0.973983647949927,1,1,1,1,0,1,1,0,0
2021,2021,CMS,4,Industrials,0.3260267580490956,1,0,1,0,0,1,0,0,1
2021,2021,CMT,4,Information Technology,1.2675588089469023,1,0,1,0,0,0,1,1,0
2021,2021,CMV,6,Consumer Discretionary,0.927012353037848,1,1,1,1,0,1,0,0,1
2021,2021,CMX,5,Consumer Staples,0.6217573224836367,1,0,1,0,0,1,0,1,1
2021,2021,CNC,6,Health Care,0.4623670045395249,1,1,1,0,0,1,1,0,1
2021,2021,CNG,7,Utilities,0.6409255298309009,1,1,1,1,0,0,1,1,1
2021,2021,CNT,5,Real Estate,0.1435106744253887,1,1,0,1,1,1,0,0,0
2021,2021,COM,6,Energy,0.7953451648770569,1,1,1,0,0,1,1,1,0
2021,2021,CPC,6,Materials,0.8360434487883907,1,1,1,1,0,1,1,0,0
2021,2021,CRC,4,Industrials,1.0073071210087718,1,0,1,0,0,1,0,1,0
2021,2021,CRE,4,Real Estate,0.4127040071125175,1,0,1,0,0,1,0,0,1
2021,2021,CSC,6,Real Estate,0.1245198574815298,1,0,1,0,1,0,1,1,1
2021,2021,CSM,5,Consumer Discretionary,0.6419663043453918,1,0,0,0,1,1,1,0,1
2021,2021,CST,6,Energy,1.010230063273078,1,1,0,1,1,0,1,0,1
2021,2021,CSV,6,Materials,0.5981938696332768,1,1,1,0,1,0,1,0,1
2021,2021,CT6,6,Industrials,0.968446027978088,1,1,1,0,0,1,1,0,1
2021,2021,CTB,5,Industrials,0.6377112462758063,1,1,0,0,0,1,1,0,1
2021,2021,CTC,6,Unknown,0.9167858605449496,1,1,1,0,1,1,1,0,0
2021,2021,CTD,5,Industrials,1.0129952133646996,1,1,0,1,0,1,1,0,0
2021,2021,CTF,5,Consumer Discretionary,0.5348070472120197,1,0,1,0,1,1,0,1,0
2021,2021,CTI,3,Industrials,0.7039736181406951,0,1,0,1,0,0,0,1,0
2021,2021,CTP,4,Consumer Staples,1.2170293973148505,1,0,1,0,0,1,1,0,0
2021,2021,CTR,6,Communication Services,0.1611391504372548,1,1,0,1,0,1,1,1,0
2021,2021,CTT,7,Industrials,0.9634790066328264,1,1,0,1,1,1,1,0,1
2021,2021,CVN,3,Consumer Staples,1.1383968810922822,1,0,0,0,0,1,0,0,1
2021,2021,CVT,5,Materials,0.4620809521424785,1,1,0,1,0,1,1,0,0
2021,2021,CX8,4,Industrials,1.5232171091813698,1,0,0,0,0,1,1,0,1
2021,2021,D11,7,Consumer Discretionary,0.7337051109394711,1,0,1,0,1,1,1,1,1
2021,2021,D2D,4,Real Estate,0.6072468846279565,1,0,0,0,0,1,1,0,1
2021,2021,DAG,3,Industrials,0.7459429911943748,1,0,0,0,0,1,0,0,1
2021,2021,DAH,6,Consumer Discretionary,0.857956797370278,1,0,1,0,1,1,0,1,1
2021,2021,DAT,7,Consumer Staples,0.6083807383299862,1,1,0,1,1,1,1,0,1
2021,2021,DBC,5,Consumer Staples,0.5570205239046088,1,1,0,0,1,0,1,0,1
2021,2021,DBD,7,Health Care,0.3787410413603712,1,1,1,0,0,1,1,1,1
2021,2021,DBT,4,Health Care,0.8463488038460467,1,0,0,0,1,0,1,1,0
2021,2021,DC1,5,Industrials,0.832059478806239,1,1,0,1,0,1,1,0,0
2021,2021,DC4,5,Industrials,0.513800337627409,1,0,1,0,0,1,0,1,1
2021,2021,DCL,4,Health Care,0.4143833485618906,1,1,1,0,0,0,0,1,0
2021,2021,DCM,9,Materials,0.3835254908325604,1,1,1,1,1,1,1,1,1
2021,2021,DDG,5,Utilities,0.4035546583917977,1,0,1,0,0,1,0,1,1
2021,2021,DDN,8,Consumer Staples,0.6832734418396286,1,1,1,1,0,1,1,1,1
2021,2021,DDV,8,Materials,0.374383838839882,1,1,1,1,0,1,1,1,1
2021,2021,DGC,8,Materials,0.2221357911595372,1,1,1,1,0,1,1,1,1
2021,2021,DGT,5,Materials,0.3365450122190594,1,1,0,1,1,0,1,0,0
2021,2021,DGW,5,Consumer Discretionary,0.1624420022283309,1,1,1,0,0,0,0,1,1
2021,2021,DHA,4,Materials,0.5682135247789512,1,1,0,1,0,0,1,0,0
2021,2021,DHC,7,Materials,0.2724287234565287,1,1,1,0,1,1,1,0,1
2021,2021,DHD,8,Health Care,1.2134124970656588,1,1,1,1,1,0,1,1,1
2021,2021,DHG,4,Health Care,0.2565271148280587,1,1,0,0,0,1,1,0,0
2021,2021,DHM,6,Materials,0.9167549137479994,1,1,1,0,0,1,1,0,1
2021,2021,DHT,2,Health Care,0.6141105986529364,1,0,0,0,0,1,0,0,0
2021,2021,DIH,4,Industrials,0.2664769271392412,1,0,1,0,1,0,1,0,0
2021,2021,DL1,5,Utilities,0.779578846572107,1,0,1,0,0,1,1,1,0
2021,2021,DLG,7,Industrials,0.7805414486509958,1,1,1,1,1,0,1,1,0
2021,2021,DMC,5,Health Care,0.7492526953352202,1,1,0,1,0,0,1,0,1
2021,2021,DNE,4,Industrials,0.9129693005260568,1,1,0,0,0,1,1,0,0
2021,2021,DNM,6,Health Care,0.7460214823436453,1,1,0,1,1,1,1,0,0
2021,2021,DNP,6,Materials,0.6619504855444056,1,1,0,1,1,1,0,0,1
2021,2021,DNW,7,Utilities,0.6193977880583333,1,1,1,1,1,1,0,0,1
2021,2021,DP1,7,Health Care,0.4496292418592061,1,1,1,1,0,1,1,0,1
2021,2021,DPG,7,Industrials,0.2872862570783702,1,1,1,1,0,1,0,1,1
2021,2021,DPM,8,Materials,0.5374172979250015,1,1,1,0,1,1,1,1,1
2021,2021,DPR,8,Materials,0.7036684999082599,1,1,1,1,1,1,0,1,1
2021,2021,DQC,6,Industrials,1.0428322228825295,1,0,1,0,1,1,1,1,0
2021,2021,DRC,5,Consumer Discretionary,0.4573661394217632,1,0,1,0,0,0,1,1,1
2021,2021,DRG,9,Materials,0.5557810521065258,1,1,1,1,1,1,1,1,1
2021,2021,DRH,4,Industrials,0.5011309833377164,1,0,0,0,1,0,1,1,0
2021,2021,DRI,9,Materials,0.5608891454219087,1,1,1,1,1,1,1,1,1
2021,2021,DRL,3,Utilities,0.1972016510163617,1,1,0,0,0,0,1,0,0
2021,2021,DS3,8,Industrials,1.1379789167189174,1,1,1,1,1,1,1,1,0
2021,2021,DSN,3,Consumer Discretionary,0.2967291759774107,1,1,0,0,0,0,1,0,0
2021,2021,DST,6,Consumer Discretionary,0.9169755865493276,1,1,1,0,0,1,1,0,1
2021,2021,DTA,9,Real Estate,0.4638762896217446,1,1,1,1,1,1,1,1,1
2021,2021,DTB,4,Industrials,0.948528572555729,1,1,0,0,0,1,1,0,0
2021,2021,DTC,5,Materials,0.8216191414375,1,1,0,1,0,1,1,0,0
2021,2021,DTD,4,Real Estate,0.3653706476427718,1,0,0,0,1,0,1,1,0
2021,2021,DTI,3,Real Estate,0.7757108182120923,1,0,1,0,0,0,0,0,1
2021,2021,DTK,8,Utilities,0.693504185640696,1,1,1,1,1,1,1,0,1
2021,2021,DTL,8,Materials,0.3901084454128088,1,1,1,1,1,1,1,1,0
2021,2021,DTP,8,Health Care,0.4746341483681114,1,1,1,0,1,1,1,1,1
2021,2021,DTT,5,Materials,0.8603507938359891,1,1,0,1,0,1,1,0,0
2021,2021,DVG,5,Materials,0.4610161865491259,1,1,0,1,1,0,1,0,0
2021,2021,DVN,5,Health Care,0.4673243622930421,1,1,0,0,1,1,1,0,0
2021,2021,DVP,7,Industrials,0.5692178338818408,1,1,1,0,0,1,1,1,1
2021,2021,DXG,6,Real Estate,0.4203790091643754,1,1,1,1,1,0,0,0,1
2021,2021,DXL,3,Consumer Discretionary,1.843983570426193,0,0,0,0,1,1,1,0,0
2021,2021,DXP,5,Materials,0.9477288727014224,1,1,0,0,0,1,1,1,0
2021,2021,DXS,3,Real Estate,0.4210007783380358,1,0,0,0,1,0,0,0,1
2021,2021,DXV,5,Materials,1.32951027000962,1,0,1,0,0,1,1,0,1
2021,2021,DZM,4,Industrials,0.7897164172229509,0,1,0,1,0,1,1,0,0
2021,2021,E12,7,Industrials,1.2515396970833332,1,1,1,1,0,1,1,0,1
2021,2021,E29,7,Industrials,0.6507914915316456,1,1,0,1,1,1,1,1,0
2021,2021,EBS,4,Communication Services,1.1934387515125628,1,0,1,0,0,0,1,1,0
2021,2021,EIC,4,Industrials,0.6526404311547581,1,0,1,0,0,0,1,0,1
2021,2021,EID,7,Communication Services,0.891266293122807,1,1,0,1,0,1,1,1,1
2021,2021,EIN,6,Consumer Discretionary,0.6957324267246113,1,1,0,1,1,1,1,0,0
2021,2021,ELC,5,Information Technology,0.6521739654643641,1,0,1,0,1,1,0,1,0
2021,2021,EMC,3,Industrials,0.616124582087052,1,0,1,0,0,0,1,0,0
2021,2021,EPH,7,Communication Services,1.1924973148070177,1,1,1,1,0,1,1,0,1
2021,2021,EVE,5,Consumer Discretionary,1.4234487396279216,1,0,1,0,0,0,1,1,1
2021,2021,EVG,4,Real Estate,0.5045898779748917,1,0,1,0,0,1,0,0,1
2021,2021,FCM,7,Materials,0.9515119057140224,1,1,0,1,1,1,1,0,1
2021,2021,FDC,6,Real Estate,1.011325287546779,1,1,1,0,1,1,1,0,0
2021,2021,FIC,7,Materials,0.37043697631195,1,1,1,1,0,1,1,1,0
2021,2021,FID,4,Consumer Discretionary,1.0920632454695691,1,0,1,0,0,1,0,0,1
2021,2021,FIR,6,Real Estate,0.3982207874091456,1,0,1,0,1,1,1,0,1
2021,2021,FIT,4,Health Care,0.7661704088945204,1,0,1,0,0,0,0,1,1
2021,2021,FLC,5,Unknown,0.7165557668407935,1,1,0,1,0,0,1,1,0
2021,2021,FMC,6,Consumer Staples,0.5240699248046325,1,1,1,0,0,1,0,1,1
2021,2021,FOC,4,Communication Services,0.2947302819846498,1,1,0,0,0,0,1,1,0
2021,2021,FOX,5,Communication Services,0.2478491165807429,1,1,0,1,0,1,1,0,0
2021,2021,FPT,4,Information Technology,0.2125513371869926,1,1,0,1,0,1,0,0,0
2021,2021,FRC,6,Materials,1.074911479,1,1,1,1,0,0,1,1,0
2021,2021,FRT,4,Consumer Discretionary,0.2100345526576348,1,0,1,0,0,0,0,1,1
2021,2021,FT1,5,Consumer Discretionary,0.5267244771852473,1,0,1,0,0,0,1,1,1
2021,2021,FTM,6,Consumer Discretionary,0.2199110402335403,0,1,0,1,1,0,1,1,1
2021,2021,GAS,5,Utilities,0.2775022004287103,1,1,1,0,0,0,1,0,1
2021,2021,GDT,2,Consumer Discretionary,0.2368961463725105,1,1,0,0,0,0,0,0,0
2021,2021,GE2,8,Utilities,0.4917233410700967,1,1,1,1,1,1,1,1,0
2021,2021,GEG,4,Utilities,0.4742368454257342,1,1,0,1,0,0,0,1,0
2021,2021,GEX,6,Industrials,0.3463730569378389,1,0,1,0,1,1,0,1,1
2021,2021,GHC,6,Utilities,0.6349421213978579,1,1,0,1,1,1,0,1,0
2021,2021,GIC,7,Industrials,0.8378957840455098,1,1,0,1,1,1,1,0,1
2021,2021,GIL,2,Consumer Discretionary,0.5616817389999277,1,1,0,0,0,0,0,0,0
2021,2021,GKM,7,Materials,0.2718102521709635,1,1,1,0,1,1,0,1,1
2021,2021,GMC,6,Consumer Discretionary,0.8013047120578738,1,1,0,1,0,1,1,1,0
2021,2021,GMD,7,Industrials,0.443274797123536,1,1,1,1,1,0,1,0,1
2021,2021,GMX,5,Materials,0.5971690722804853,1,1,0,1,0,0,1,1,0
2021,2021,GND,2,Materials,1.05158132820931,1,1,0,0,0,0,0,0,0
2021,2021,GSP,3,Energy,0.7482244891680218,1,1,0,0,0,0,0,0,1
2021,2021,GTA,4,Materials,0.9730175620287748,1,0,0,0,0,1,1,1,0
2021,2021,GTD,7,Consumer Discretionary,0.2638717877956989,0,1,1,1,0,1,1,1,1
2021,2021,GTH,7,Industrials,1.6378607256686772,1,1,1,1,0,1,1,0,1
2021,2021,GVR,8,Materials,0.323399233503843,1,1,1,0,1,1,1,1,1
2021,2021,H11,3,Industrials,1.6395349398086634,1,0,0,0,0,0,1,0,1
2021,2021,HAD,3,Consumer Staples,1.040250540852601,1,1,0,0,0,0,1,0,0
2021,2021,HAF,5,Consumer Staples,0.318718632257434,0,0,1,0,1,1,1,1,0
2021,2021,HAG,5,Consumer Staples,0.3637533916299849,1,0,1,0,1,1,0,1,0
2021,2021,HAH,6,Industrials,0.4691566029202716,1,1,1,1,0,0,0,1,1
2021,2021,HAI,8,Materials,1.365284053343951,1,1,1,1,0,1,1,1,1
2021,2021,HAM,6,Consumer Discretionary,0.8508161153072077,1,1,1,0,1,0,1,1,0
2021,2021,HAN,7,Industrials,0.70280105477048,1,0,1,0,1,1,1,1,1
2021,2021,HAP,5,Materials,0.8226569759100695,1,0,0,0,0,1,1,1,1
2021,2021,HAR,6,Real Estate,0.7867175989089884,1,0,1,0,1,1,1,1,0
2021,2021,HAS,5,Industrials,1.5252455138547727,1,0,1,0,0,1,1,0,1
2021,2021,HAT,3,Consumer Staples,0.732769860860284,1,0,0,0,0,1,1,0,0
2021,2021,HAX,7,Consumer Discretionary,0.4895125841995417,1,1,1,1,0,1,0,1,1
2021,2021,HBC,8,Industrials,0.4992070194715709,1,1,1,1,0,1,1,1,1
2021,2021,HBH,8,Consumer Staples,1.0892624543333334,1,1,1,1,0,1,1,1,1
2021,2021,HCC,7,Materials,0.9328346428213246,1,0,1,0,1,1,1,1,1
2021,2021,HCD,7,Industrials,1.0110760392727274,1,1,1,0,1,0,1,1,1
2021,2021,HD2,3,Real Estate,1.1715372546111709,1,0,0,0,0,0,1,0,1
2021,2021,HD6,7,Real Estate,0.3804958421754307,1,1,1,1,0,0,1,1,1
2021,2021,HD8,7,Real Estate,0.9606611513359375,1,1,1,1,0,0,1,1,1
2021,2021,HDA,7,Materials,0.6276429916985106,1,1,1,1,0,1,1,1,0
2021,2021,HDC,3,Real Estate,0.1778803300341627,1,0,0,0,0,1,0,0,1
2021,2021,HDG,5,Utilities,0.331885484759506,1,1,1,0,1,0,0,1,0
2021,2021,HDM,7,Consumer Discretionary,1.1819379626052735,1,1,1,1,1,0,0,1,1
2021,2021,HDP,6,Health Care,0.8062052523818993,1,1,1,1,1,1,0,0,0
2021,2021,HEJ,4,Industrials,0.3347188801683149,1,0,1,0,0,1,1,0,0
2021,2021,HHG,5,Industrials,0.6944194612693652,0,1,0,1,1,0,1,0,1
2021,2021,HHP,5,Materials,0.8959673556773198,1,0,1,0,1,1,0,0,1
2021,2021,HHS,3,Consumer Discretionary,1.0780801954092405,1,0,0,0,0,0,1,1,0
2021,2021,HHV,7,Industrials,0.4497708663757317,1,1,1,0,1,1,1,0,1
2021,2021,HII,5,Materials,0.7023159687462471,1,0,1,0,0,1,1,0,1
2021,2021,HJC,6,Consumer Staples,1.5067863402613086,1,0,1,0,0,1,1,1,1
2021,2021,HKT,3,Consumer Staples,1.5716477663892596,1,0,0,0,0,1,1,0,0
2021,2021,HLC,7,Energy,0.9049137317107666,1,1,1,1,1,0,1,0,1
2021,2021,HLD,6,Real Estate,0.5674637377620865,1,1,0,0,1,1,1,1,0
2021,2021,HMC,6,Materials,0.900682667873884,1,1,1,0,0,0,1,1,1
2021,2021,HMH,5,Industrials,0.9836532767647944,1,1,0,1,0,0,1,1,0
2021,2021,HMS,4,Industrials,1.1836821092954009,1,0,1,0,0,1,1,0,0
2021,2021,HNA,9,Utilities,0.8447469261549805,1,1,1,1,1,1,1,1,1
2021,2021,HND,6,Utilities,0.6623608380018086,1,1,0,1,1,1,1,0,0
2021,2021,HNG,3,Consumer Staples,0.4416140117538683,0,0,0,0,1,1,1,0,0
2021,2021,HNT,6,Industrials,1.3024264544107744,1,1,1,1,1,0,1,0,0
2021,2021,HOM,8,Materials,1.4824081666694109,1,1,1,1,0,1,1,1,1
2021,2021,HOT,3,Consumer Discretionary,0.1977834013880359,0,0,0,1,0,0,1,0,1
2021,2021,HPG,7,Materials,0.4366592410946487,1,1,1,0,1,1,0,1,1
2021,2021,HPH,4,Consumer Staples,0.9505263202876983,0,1,0,1,1,0,1,0,0
2021,2021,HPP,4,Materials,0.7293011596556248,1,1,0,0,0,0,1,0,1
2021,2021,HPX,3,Real Estate,0.3286525455250237,1,0,1,0,0,0,1,0,0
2021,2021,HQC,5,Real Estate,1.034934564956784,1,1,0,1,0,0,1,1,0
2021,2021,HRC,5,Materials,0.3441959869525448,1,0,1,0,1,0,1,1,0
2021,2021,HRT,5,Industrials,0.588711101337949,0,1,1,1,0,0,1,1,0
2021,2021,HSG,6,Materials,0.6108048517534771,1,1,1,0,1,1,0,0,1
2021,2021,HSL,5,Consumer Staples,1.5580499503652676,1,0,1,0,0,0,1,1,1
2021,2021,HSM,9,Consumer Discretionary,1.5405623972754312,1,1,1,1,1,1,1,1,1
2021,2021,HSV,5,Consumer Discretionary,0.7467622897655173,1,0,1,0,0,1,0,1,1
2021,2021,HT1,4,Materials,0.6057338375205822,1,1,0,1,0,0,1,0,0
2021,2021,HTE,4,Industrials,1.14036313478799,0,1,0,1,0,1,1,0,0
2021,2021,HTG,7,Consumer Discretionary,0.7839468901011845,1,1,1,0,1,1,0,1,1
2021,2021,HTI,5,Industrials,0.9627311516242564,1,1,0,1,1,0,1,0,0
2021,2021,HTL,7,Consumer Discretionary,0.7592289904901961,1,1,1,0,0,1,1,1,1
2021,2021,HTM,4,Consumer Discretionary,0.551482868117489,1,0,0,0,1,0,1,1,0
2021,2021,HTN,4,Industrials,0.3731230938996809,1,0,0,0,1,1,0,0,1
2021,2021,HTV,4,Industrials,1.7072369761514206,1,1,0,1,0,0,0,0,1
2021,2021,HU1,5,Industrials,0.9921315735797102,0,1,0,1,0,1,1,0,1
2021,2021,HU3,3,Industrials,1.5484567967699492,1,0,0,0,0,0,1,0,1
2021,2021,HU4,6,Real Estate,0.5744870455102041,1,1,0,1,1,0,1,0,1
2021,2021,HU6,3,Real Estate,1.0732029926868687,1,0,0,0,0,0,1,1,0
2021,2021,HUB,5,Materials,0.6773705287609825,1,1,0,1,0,0,1,1,0
2021,2021,HUT,6,Consumer Discretionary,0.52935765614566,1,0,1,0,1,1,0,1,1
2021,2021,HVH,2,Industrials,0.935273782581026,1,0,0,0,0,1,0,0,0
2021,2021,HVN,3,Industrials,0.0293858311720863,0,0,0,1,1,1,0,0,0
2021,2021,HVT,9,Materials,0.461068287091404,1,1,1,1,1,1,1,1,1
2021,2021,HVX,7,Materials,1.275692634669061,1,1,0,1,1,1,1,0,1
2021,2021,HWS,4,Utilities,0.8029122725194996,1,1,0,1,0,0,1,0,0
2021,2021,IBC,6,Unknown,0.540254713564159,1,1,1,1,0,1,1,0,0
2021,2021,ICG,4,Industrials,1.0234083032305423,1,0,1,0,0,1,1,0,0
2021,2021,ICN,3,Industrials,0.172826738661265,1,0,0,0,0,0,1,1,0
2021,2021,ICT,6,Communication Services,1.1057053016669256,1,1,0,1,0,1,1,0,1
2021,2021,IDC,7,Real Estate,0.1790480814895776,1,1,1,1,1,0,1,1,0
2021,2021,IDI,8,Consumer Staples,0.8182968492638864,1,1,1,1,1,1,1,1,0
2021,2021,IDJ,5,Real Estate,0.260645054496971,1,0,1,0,1,0,0,1,1
2021,2021,IJC,5,Real Estate,0.4920860279408481,1,0,1,0,0,1,0,1,1
2021,2021,ILA,5,Materials,0.8487376606736652,1,1,0,0,1,1,1,0,0
2021,2021,ILB,8,Industrials,0.543212380822705,1,1,1,1,1,1,1,0,1
2021,2021,ILC,7,Industrials,0.4995092754029905,1,1,1,0,1,0,1,1,1
2021,2021,IMP,5,Health Care,0.3459405065263876,1,1,0,1,0,1,1,0,0
2021,2021,INN,4,Materials,0.7997043077915775,1,0,1,0,0,0,1,0,1
2021,2021,IPA,4,Industrials,0.291382894496657,1,0,1,0,0,1,0,1,0
2021,2021,ISH,8,Utilities,0.6194590035052411,1,1,1,1,0,1,1,1,1
2021,2021,ITA,8,Real Estate,0.7058044764164487,1,1,1,1,1,0,1,1,1
2021,2021,ITC,7,Real Estate,0.9403310708035127,1,1,0,1,1,1,1,1,0
2021,2021,ITD,5,Information Technology,0.871308709071581,1,1,0,1,0,1,0,1,0
2021,2021,ITQ,8,Materials,1.1455315054229729,1,1,1,1,1,0,1,1,1
2021,2021,ITS,3,Energy,1.1776758560505205,1,0,0,0,0,0,1,1,0
2021,2021,KBC,6,Real Estate,0.4668214919907375,1,0,1,0,1,1,0,1,1
2021,2021,KCB,8,Materials,1.058684750837912,1,1,1,1,0,1,1,1,1
2021,2021,KCE,3,Materials,1.267137716711111,1,0,0,0,0,1,1,0,0
2021,2021,KDH,3,Real Estate,0.3106345024405674,1,0,0,0,0,1,0,1,0
2021,2021,KHG,3,Real Estate,0.7366875392291379,1,0,1,0,0,0,0,0,1
2021,2021,KHP,6,Utilities,0.5274840690876423,1,1,1,1,0,1,1,0,0
2021,2021,KLF,5,Unknown,1.2964417614491195,1,1,1,1,0,0,1,0,0
2021,2021,KMR,8,Consumer Discretionary,1.0974170695576937,1,1,1,0,1,1,1,1,1
2021,2021,KMT,5,Consumer Discretionary,1.199753484559868,1,0,1,0,0,1,1,0,1
2021,2021,KOS,2,Utilities,0.3242204033126424,1,0,0,0,0,1,0,0,0
2021,2021,KPF,6,Real Estate,0.7022661916837383,1,1,1,1,1,1,0,0,0
2021,2021,KSB,5,Materials,0.5384623390318707,1,1,0,0,0,1,1,1,0
2021,2021,KSF,6,Real Estate,0.1656834553872395,1,1,0,1,1,1,0,1,0
2021,2021,KSQ,3,Materials,1.1674760629601448,1,0,0,0,0,0,1,1,0
2021,2021,KST,6,Communication Services,0.9467621568317068,1,1,0,1,0,1,1,1,0
2021,2021,KSV,8,Materials,0.2719002988594129,1,1,1,1,1,1,0,1,1
2021,2021,KTC,6,Consumer Staples,0.8735386655517656,1,0,0,0,1,1,1,1,1
2021,2021,KTS,4,Consumer Staples,1.4359379142804312,1,0,1,0,0,1,1,0,0
2021,2021,KTT,3,Materials,0.6981859411919534,1,0,0,0,0,0,1,0,1
2021,2021,KVC,4,Materials,1.2367462703939394,0,1,0,1,0,1,1,0,0
2021,2021,L12,4,Industrials,1.0176068910188103,1,0,0,0,0,1,1,0,1
2021,2021,L14,4,Consumer Discretionary,0.0782623277399699,1,0,1,0,0,0,0,1,1
2021,2021,L18,5,Industrials,0.2134911749040366,1,0,1,0,0,1,0,1,1
2021,2021,L61,7,Industrials,2.346996420432661,1,1,1,1,1,1,1,0,0
2021,2021,L62,3,Industrials,1.618013401455181,0,0,0,0,1,0,1,1,0
2021,2021,LAF,6,Consumer Staples,0.5444557711587494,1,1,1,0,0,0,1,1,1
2021,2021,LAS,4,Materials,0.559564286334783,1,0,1,0,0,0,1,0,1
2021,2021,LBM,6,Materials,0.5053512033858824,1,1,1,1,0,0,1,0,1
2021,2021,LCG,6,Industrials,0.6224876251467878,1,1,0,1,1,1,0,1,0
2021,2021,LCM,6,Materials,0.7486223537839802,1,1,1,1,0,0,1,1,0
2021,2021,LDG,5,Real Estate,0.6301081531980254,1,0,1,0,0,1,1,1,0
2021,2021,LDP,6,Health Care,0.3219777046889082,1,1,1,0,1,1,1,0,0
2021,2021,LEC,4,Consumer Discretionary,0.8877329361759071,1,0,1,0,0,0,1,0,1
2021,2021,LGL,5,Real Estate,0.9444233947109494,1,1,0,1,0,0,1,1,0
2021,2021,LGM,2,Consumer Discretionary,0.5748901715444016,0,0,0,1,0,0,1,0,0
2021,2021,LHC,5,Industrials,0.4333560162664783,1,1,0,1,0,0,1,0,1
2021,2021,LHG,9,Real Estate,0.5521112783973441,1,1,1,1,1,1,1,1,1
2021,2021,LIC,4,Materials,0.0647025599772765,1,0,1,0,0,1,1,0,0
2021,2021,LIG,6,Industrials,0.5711725684488728,1,1,1,1,1,0,1,0,0
2021,2021,LIX,5,Consumer Staples,0.4596498780624892,1,1,0,1,0,1,1,0,0
2021,2021,LKW,6,Utilities,0.5733735957567567,1,1,1,0,0,1,1,1,0
2021,2021,LLM,7,Industrials,0.7521922042351512,1,1,0,1,1,1,1,1,0
2021,2021,LM7,2,Industrials,0.6421333260857143,0,0,0,1,0,0,1,0,0
2021,2021,LM8,9,Industrials,1.9721478909543495,1,1,1,1,1,1,1,1,1
2021,2021,LMH,3,Consumer Discretionary,0.1559211251122474,0,1,0,1,0,0,1,0,0
2021,2021,LPT,7,Consumer Discretionary,0.8784272759854015,1,1,1,1,1,0,1,1,0
2021,2021,LTG,4,Consumer Staples,1.0417161050543786,1,1,1,0,0,0,0,0,1
2021,2021,LUT,7,Industrials,1.305350317861816,1,1,1,1,1,1,1,0,0
2021,2021,M10,5,Consumer Discretionary,0.5848275029760527,1,0,1,0,1,0,1,0,1
2021,2021,MAC,3,Industrials,0.887564841053745,0,1,0,1,0,0,1,0,0
2021,2021,MBG,6,Consumer Discretionary,0.7133708429157832,1,1,1,1,0,0,1,1,0
2021,2021,MCF,4,Consumer Staples,1.0347050749336597,1,0,1,0,0,0,1,1,0
2021,2021,MCG,5,Industrials,0.3419263701303173,0,1,0,1,1,0,1,0,1
2021,2021,MCH,4,Consumer Staples,0.1968196867527466,1,1,0,1,0,1,0,0,0
2021,2021,MCM,3,Consumer Staples,0.3466323618969697,1,1,0,0,0,1,0,0,0
2021,2021,MCO,8,Industrials,1.5037195333028996,1,1,1,1,1,1,1,0,1
2021,2021,MCP,4,Materials,0.5191513551454333,1,0,0,0,0,1,1,1,0
2021,2021,MDC,6,Energy,0.9383398631643244,1,1,0,1,1,0,1,1,0
2021,2021,MDF,8,Materials,0.5262183222625924,1,1,1,0,1,1,1,1,1
2021,2021,MDG,6,Materials,1.1205115599853903,1,1,1,0,0,1,1,1,0
2021,2021,MED,4,Health Care,0.8820905456553962,1,1,0,1,0,0,1,0,0
2021,2021,MEL,7,Materials,1.004205054654902,1,1,1,1,0,1,1,1,0
2021,2021,MFS,5,Communication Services,0.8244899919045645,1,1,0,0,0,1,1,1,0
2021,2021,MGC,6,Energy,0.9350577662878788,1,1,0,1,0,1,1,1,0
2021,2021,MH3,2,Real Estate,0.2693673902958333,1,0,0,0,0,0,1,0,0
2021,2021,MHC,3,Industrials,0.9040357061192252,1,0,1,0,0,0,0,1,0
2021,2021,MIC,6,Materials,0.9244083646002146,1,1,1,1,0,0,1,0,1
2021,2021,MKP,2,Health Care,0.760488519757683,1,0,0,0,0,0,1,0,0
2021,2021,MKV,6,Health Care,0.9743324508920864,1,0,1,0,1,1,1,0,1
2021,2021,MLS,3,Consumer Staples,0.5094553908802817,1,1,0,0,0,0,1,0,0
2021,2021,MML,4,Consumer Staples,0.2192685629205477,1,1,1,0,0,1,0,0,0
2021,2021,MPC,2,Consumer Staples,0.6348067706325428,1,0,0,0,0,0,0,1,0
2021,2021,MSH,5,Consumer Discretionary,0.3594647173959614,1,1,1,0,0,0,1,0,1
2021,2021,MSN,6,Consumer Staples,0.1625340525946172,1,1,1,0,1,1,0,1,0
2021,2021,MSR,7,Materials,0.4791643326776602,1,0,1,0,1,1,1,1,1
2021,2021,MST,6,Industrials,0.6009830467603804,1,1,1,1,0,1,0,1,0
2021,2021,MTA,5,Materials,0.7016059790236168,0,1,0,1,1,0,1,0,1
2021,2021,MTG,7,Utilities,0.724636305734127,1,1,1,0,0,1,1,1,1
2021,2021,MTP,6,Health Care,0.9938024339922502,1,1,1,0,0,1,1,0,1
2021,2021,MTS,5,Consumer Discretionary,0.6863971813099415,1,1,0,1,0,1,1,0,0
2021,2021,MTV,7,Industrials,1.0541055317248678,1,1,1,1,0,0,1,1,1
2021,2021,MVB,8,Energy,0.607018757534066,1,1,1,1,1,1,1,0,1
2021,2021,MVC,3,Materials,0.8378946690330827,0,0,0,0,0,1,1,1,0
2021,2021,MVN,9,Industrials,0.2077524502226695,1,1,1,1,1,1,1,1,1
2021,2021,MWG,6,Consumer Discretionary,0.2102359027145257,1,1,1,0,1,0,0,1,1
2021,2021,NAF,6,Consumer Staples,0.680117252208723,1,1,1,1,1,0,0,0,1
2021,2021,NAG,4,Consumer Discretionary,0.8949053026850042,1,0,1,0,0,0,1,0,1
2021,2021,NAV,4,Consumer Discretionary,0.5314325865189663,1,0,0,0,0,1,1,1,0
2021,2021,NBB,4,Real Estate,0.407262249212361,1,0,1,0,0,0,1,1,0
2021,2021,NBC,6,Energy,0.720370583904455,1,1,0,1,1,0,1,0,1
2021,2021,NBE,7,Communication Services,1.1631073038857145,1,1,1,1,0,1,1,1,0
2021,2021,NBT,5,Utilities,0.8894519751261795,1,1,0,0,1,0,1,0,1
2021,2021,NCS,3,Industrials,0.1784722653483026,0,0,0,1,1,0,1,0,0
2021,2021,NCT,7,Industrials,0.2126397081648251,1,1,1,0,0,1,1,1,1
2021,2021,NDT,9,Consumer Discretionary,0.6632295869388545,1,1,1,1,1,1,1,1,1
2021,2021,NED,5,Utilities,0.7573383035874038,1,1,0,1,0,0,1,1,0
2021,2021,NET,4,Consumer Staples,0.2880604992757691,1,1,0,1,0,0,1,0,0
2021,2021,NHA,2,Real Estate,0.1348947438226477,1,0,0,0,0,0,1,0,0
2021,2021,NHH,6,Materials,0.4480712046617728,1,0,0,0,1,1,1,1,1
2021,2021,NHT,5,Materials,0.4242993654021103,1,1,0,1,1,0,1,0,0
2021,2021,NKG,6,Materials,0.6762662437148604,1,0,1,0,1,1,0,1,1
2021,2021,NLG,7,Real Estate,0.3632106733819428,1,1,1,1,0,1,0,1,1
2021,2021,NNC,5,Materials,0.4913287217853884,1,1,0,1,0,1,1,0,0
2021,2021,NNG,6,Unknown,0.6979504748983034,0,1,0,1,1,1,1,0,1
2021,2021,NRC,4,Real Estate,0.4980344422432249,1,0,1,0,0,0,0,1,1
2021,2021,NS2,7,Utilities,1.0949079868219955,1,1,1,1,0,1,1,1,0
2021,2021,NSC,7,Consumer Staples,0.8582078477975976,1,1,1,0,1,1,1,0,1
2021,2021,NSH,7,Materials,0.8592279294649265,1,1,1,1,0,1,1,0,1
2021,2021,NST,7,Consumer Staples,1.5126604905485916,1,0,1,0,1,1,1,1,1
2021,2021,NT2,7,Utilities,0.559172591844316,1,1,1,1,0,1,1,0,1
2021,2021,NTL,5,Real Estate,0.4832603028124402,1,1,0,1,0,1,1,0,0
2021,2021,NTP,6,Materials,0.3831445179198491,1,1,1,0,1,0,1,0,1
2021,2021,NUE,6,Industrials,1.1624511872772276,1,0,1,0,1,1,1,1,0
2021,2021,NVL,6,Real Estate,0.1994381160114298,1,1,0,1,1,0,0,1,1
2021,2021,NVT,3,Consumer Discretionary,0.1998823065752512,0,1,0,1,0,0,1,0,0
2021,2021,OGC,2,Consumer Staples,0.1184295884520467,0,0,0,0,0,1,1,0,0
2021,2021,OIL,7,Energy,0.5660538781869506,1,1,1,1,0,0,1,1,1
2021,2021,ONE,5,Communication Services,1.483001688960272,1,1,0,1,1,0,1,0,0
2021,2021,OPC,8,Health Care,0.4480653875917951,1,1,1,1,0,1,1,1,1
2021,2021,PAC,8,Industrials,0.5044198090580262,1,1,1,1,1,1,1,0,1
2021,2021,PAN,5,Consumer Staples,0.5131052157458963,1,0,1,0,1,0,0,1,1
2021,2021,PAS,8,Materials,0.5690325069839084,1,1,1,0,1,1,1,1,1
2021,2021,PBC,5,Health Care,0.5856404688988269,1,0,1,0,0,1,0,1,1
2021,2021,PBP,8,Materials,0.8964507406991202,1,1,1,1,1,1,1,0,1
2021,2021,PC1,4,Industrials,0.5080472123590124,1,1,1,0,0,0,0,0,1
2021,2021,PCE,5,Materials,0.8920442528289474,1,0,1,0,0,0,1,1,1
2021,2021,PCF,4,Energy,0.9206098139285714,1,0,0,0,0,0,1,1,1
2021,2021,PCG,6,Utilities,0.8493892961162843,1,1,0,1,0,1,1,0,1
2021,2021,PCM,4,Materials,1.3568861844949844,1,0,0,0,0,1,1,0,1
2021,2021,PCT,3,Industrials,1.4950091161215415,1,0,0,0,0,1,1,0,0
2021,2021,PDB,8,Materials,0.6268060859611665,1,1,0,1,1,1,1,1,1
2021,2021,PDC,3,Consumer Discretionary,1.1741149469537038,0,0,0,1,0,1,1,0,0
2021,2021,PDR,4,Real Estate,0.1503671384737755,1,1,1,0,0,0,0,1,0
2021,2021,PDV,7,Industrials,1.2460126434558745,1,1,1,1,0,1,1,1,0
2021,2021,PEG,8,Consumer Discretionary,0.3026533017585093,1,1,1,1,0,1,1,1,1
2021,2021,PEN,5,Industrials,1.5943520764222223,0,1,0,1,0,1,1,1,0
2021,2021,PET,5,Consumer Discretionary,0.5531308677240958,1,0,1,0,1,0,0,1,1
2021,2021,PFL,8,Industrials,0.2965439401605263,1,1,1,1,0,1,1,1,1
2021,2021,PGC,5,Utilities,0.5952613871207587,1,1,1,0,0,0,1,0,1
2021,2021,PGD,5,Utilities,0.4602254173109949,1,0,1,0,0,1,1,0,1
2021,2021,PGN,4,Materials,0.8243615254081076,1,0,0,0,1,1,0,1,0
2021,2021,PGS,7,Utilities,0.8054190888996242,1,1,1,1,0,1,1,0,1
2021,2021,PGT,2,Industrials,0.3125441579617369,1,0,1,0,0,0,0,0,0
2021,2021,PGV,5,Utilities,0.3866410535214842,1,1,1,0,1,0,1,0,0
2021,2021,PHC,3,Industrials,0.7728070202372854,1,0,1,0,0,1,0,0,0
2021,2021,PHP,9,Industrials,0.4871081508396891,1,1,1,1,1,1,1,1,1
2021,2021,PHR,6,Materials,0.3093000844456414,1,1,0,0,1,0,1,1,1
2021,2021,PIA,5,Information Technology,0.6514527956277454,1,1,1,0,0,0,1,0,1
2021,2021,PIC,8,Utilities,0.9220192096658824,1,1,1,1,1,1,1,0,1
2021,2021,PIT,5,Consumer Staples,0.8621582878271313,0,1,0,1,0,1,1,0,1
2021,2021,PJT,5,Energy,1.098531987947593,1,1,0,1,0,1,0,0,1
2021,2021,PLA,7,Real Estate,1.336876626662162,1,1,1,1,0,1,1,0,1
2021,2021,PLC,8,Materials,0.4106095799139956,1,1,1,1,1,1,1,0,1
2021,2021,PLX,5,Energy,0.3668452606723411,1,0,1,0,1,1,0,0,1
2021,2021,PMB,6,Materials,0.7951778129852941,1,1,1,0,0,0,1,1,1
2021,2021,PMG,4,Utilities,0.4571774238301393,0,0,0,1,0,1,1,0,1
2021,2021,PMP,7,Materials,0.9645311224364592,1,1,0,1,1,1,1,0,1
2021,2021,PNJ,3,Consumer Discretionary,0.2748926310951125,1,0,0,0,0,0,1,0,1
2021,2021,PNT,8,Real Estate,1.8027050475933313,1,1,1,1,1,1,1,1,0
2021,2021,POM,6,Materials,0.9031735131884614,1,0,1,0,1,0,1,1,1
2021,2021,POS,3,Energy,1.0084568125277775,1,0,0,0,0,1,1,0,0
2021,2021,POT,4,Information Technology,0.8936377549267308,1,0,0,0,0,1,1,0,1
2021,2021,POV,8,Energy,1.1415233174150226,1,1,1,0,1,1,1,1,1
2021,2021,POW,6,Utilities,0.6987779515251208,1,1,0,1,1,1,1,0,0
2021,2021,PPC,4,Utilities,0.6295434890929567,1,1,0,1,0,0,1,0,0
2021,2021,PPH,7,Consumer Discretionary,0.7422075280105409,1,1,1,0,1,1,1,1,0
2021,2021,PPP,9,Health Care,0.752733577298545,1,1,1,1,1,1,1,1,1
2021,2021,PPS,5,Industrials,0.9402881802807016,1,1,0,1,0,1,1,0,0
2021,2021,PPY,5,Energy,0.7872007916199958,1,0,1,0,0,1,1,0,1
2021,2021,PRT,7,Materials,0.5550502542618153,1,1,0,0,1,1,1,1,1
2021,2021,PSB,3,Energy,1.107537945246,1,0,0,0,0,1,1,0,0
2021,2021,PSD,6,Consumer Discretionary,0.4388600804566575,1,1,1,1,0,0,1,1,0
2021,2021,PSE,6,Materials,0.8064827890765958,1,1,1,0,0,0,1,1,1
2021,2021,PSH,6,Energy,0.6244875057872017,1,0,1,0,1,1,1,1,0
2021,2021,PSL,4,Consumer Staples,0.6435204865123052,1,1,0,0,0,1,1,0,0
2021,2021,PSP,5,Industrials,0.9883653280608696,1,1,0,1,1,0,1,0,0
2021,2021,PSW,6,Materials,0.6535875269617092,1,1,1,0,0,0,1,1,1
2021,2021,PTB,7,Materials,0.4823070143833107,1,1,1,0,0,1,1,1,1
2021,2021,PTL,8,Real Estate,0.4507530436549535,1,1,1,1,0,1,1,1,1
2021,2021,PTS,8,Industrials,1.534137174615817,1,1,1,1,1,1,1,0,1
2021,2021,PTV,4,Consumer Discretionary,1.1482190696222223,0,0,1,0,0,1,1,1,0
2021,2021,PVB,5,Energy,0.892264632701698,1,1,0,1,0,1,1,0,0
2021,2021,PVC,4,Energy,0.8644318836704261,1,0,1,0,0,0,1,0,1
2021,2021,PVD,4,Energy,1.088538247044924,1,0,0,0,1,0,1,1,0
2021,2021,PVG,6,Utilities,0.9569100274782943,1,1,1,1,0,1,1,0,0
2021,2021,PVL,7,Real Estate,0.3156047339375,1,1,1,1,0,1,0,1,1
2021,2021,PVM,3,Industrials,0.5637089311779155,1,0,0,0,0,0,1,0,1
2021,2021,PVO,5,Energy,1.1426215945863123,1,1,0,1,0,0,1,0,1
2021,2021,PVP,6,Energy,0.8774774252713874,1,1,0,0,1,1,1,1,0
2021,2021,PVS,4,Energy,0.904793710840084,1,0,0,0,0,1,1,1,0
2021,2021,PVT,6,Energy,0.6660088644683935,1,1,0,1,0,1,0,1,1
2021,2021,PWA,1,Real Estate,0.5408711514074074,0,0,0,0,0,0,1,0,0
2021,2021,PXL,6,Real Estate,0.4573975825702919,1,0,1,0,0,1,1,1,1
2021,2021,PXS,6,Industrials,0.5025415169275953,1,1,0,1,1,1,1,0,0
2021,2021,PXT,6,Industrials,0.3348186875126582,0,1,1,1,1,0,1,1,0
2021,2021,QBS,6,Materials,1.0624141763846615,1,0,1,0,0,1,1,1,1
2021,2021,QCG,7,Real Estate,0.948770601025727,1,1,1,0,1,1,1,1,0
2021,2021,QLT,5,Industrials,0.5578457254273504,1,1,0,1,1,0,1,0,0
2021,2021,QNC,6,Materials,0.8154399413183061,1,1,1,1,1,1,0,0,0
2021,2021,QNS,7,Consumer Staples,0.4106813577086246,1,1,1,1,0,1,1,0,1
2021,2021,QTC,3,Industrials,0.8935871146666666,1,0,0,0,0,1,1,0,0
2021,2021,QTP,6,Utilities,0.721700840537193,1,1,0,1,1,1,1,0,0
2021,2021,RAL,2,Industrials,0.8398689804984281,1,0,0,0,1,0,0,0,0
2021,2021,RDP,7,Unknown,0.7049243493511959,1,0,1,0,1,1,1,1,1
2021,2021,REE,4,Utilities,0.6228852122088854,1,1,1,0,0,0,0,1,0
2021,2021,RGC,4,Unknown,0.2085424651037299,0,0,1,1,0,1,1,0,0
2021,2021,RIC,2,Consumer Discretionary,0.5129315187294273,0,0,0,1,0,0,1,0,0
2021,2021,ROS,8,Industrials,0.7907182578895983,1,1,1,1,1,0,1,1,1
2021,2021,RTB,7,Materials,0.5700768268853449,1,1,1,0,1,0,1,1,1
2021,2021,S4A,8,Utilities,0.4744568913302827,1,1,1,1,1,0,1,1,1
2021,2021,S55,6,Industrials,0.9862304820176472,1,1,0,1,1,0,1,1,0
2021,2021,S99,6,Industrials,0.7353670077152866,1,1,0,1,1,1,0,0,1
2021,2021,SAB,4,Consumer Staples,0.2191543350282439,1,1,0,0,1,0,1,0,0
2021,2021,SAC,8,Industrials,1.2547440728261323,1,1,1,1,0,1,1,1,1
2021,2021,SAM,3,Industrials,0.4376884339990971,1,0,1,0,0,1,0,0,0
2021,2021,SAS,6,Industrials,0.3843841546217992,1,1,0,1,1,1,1,0,0
2021,2021,SAV,4,Consumer Discretionary,0.7595143571562516,1,1,0,0,0,1,1,0,0
2021,2021,SB1,3,Consumer Staples,1.3493558594198138,0,1,0,1,0,0,1,0,0
2021,2021,SBA,9,Utilities,0.7295419513591049,1,1,1,1,1,1,1,1,1
2021,2021,SBH,7,Utilities,0.3978903750285846,1,1,1,1,0,1,1,1,0
2021,2021,SBL,6,Consumer Staples,1.4428926623147496,1,1,0,1,1,1,1,0,0
2021,2021,SBV,5,Consumer Discretionary,1.1295813151176377,1,1,0,0,1,1,1,0,0
2021,2021,SC5,4,Industrials,1.0523571498636222,1,1,0,1,0,0,1,0,0
2021,2021,SCC,5,Materials,0.8344739847221329,1,0,0,0,1,1,1,1,0
2021,2021,SCD,3,Consumer Staples,0.8691219287020338,0,0,0,1,1,0,1,0,0
2021,2021,SCG,2,Industrials,0.1676176014643046,1,0,0,0,0,1,0,0,0
2021,2021,SCI,5,Industrials,0.4855931117904856,1,1,0,0,1,1,0,0,1
2021,2021,SCJ,8,Materials,1.0963204495689352,1,1,1,1,0,1,1,1,1
2021,2021,SCL,5,Materials,0.5194484920650887,1,1,0,1,0,1,1,0,0
2021,2021,SCR,8,Real Estate,0.6178886486794748,1,1,0,1,1,1,1,1,1
2021,2021,SCS,7,Industrials,0.1538704931669087,1,1,1,1,0,0,1,1,1
2021,2021,SD2,8,Industrials,1.0355116964348514,1,1,1,1,1,1,1,1,0
2021,2021,SD3,5,Utilities,0.4021872652903349,0,1,0,1,1,0,1,0,1
2021,2021,SD4,8,Industrials,2.040429677613457,1,1,1,1,1,1,1,1,0
2021,2021,SD5,3,Industrials,1.4957925883296534,1,0,0,0,0,0,1,0,1
2021,2021,SD6,7,Industrials,1.5119772947937988,1,1,0,1,1,1,1,1,0
2021,2021,SD7,5,Industrials,1.3095748416504012,0,1,1,1,0,1,1,0,0
2021,2021,SD9,8,Utilities,1.3384484972602773,1,1,0,1,1,1,1,1,1
2021,2021,SDA,5,Industrials,0.3598082042407098,1,0,1,0,1,0,1,0,1
2021,2021,SDD,3,Industrials,1.0147986084363698,0,1,0,1,0,0,1,0,0
2021,2021,SDK,6,Materials,0.552139663003663,1,1,0,1,0,1,1,0,1
2021,2021,SDT,5,Industrials,2.205325740049751,0,1,0,1,1,0,1,0,1
2021,2021,SDU,7,Real Estate,1.130288997316129,1,1,1,1,1,0,1,1,0
2021,2021,SDV,9,Industrials,1.0025029669964665,1,1,1,1,1,1,1,1,1
2021,2021,SEA,5,Consumer Staples,0.5664033924648749,1,0,0,0,1,1,1,0,1
2021,2021,SED,5,Communication Services,1.226662327793237,1,0,1,0,1,0,1,0,1
2021,2021,SFG,6,Materials,0.6551469458913364,1,1,1,0,0,0,1,1,1
2021,2021,SFI,5,Industrials,0.6163820010682804,1,1,1,0,0,1,0,0,1
2021,2021,SGI,7,Consumer Discretionary,0.7810491547503906,1,1,1,1,0,1,1,1,0
2021,2021,SGN,5,Industrials,0.3263022355021593,1,1,0,1,0,1,1,0,0
2021,2021,SGP,7,Industrials,0.3307908037882586,1,1,1,0,1,0,1,1,1
2021,2021,SGR,6,Real Estate,0.3296314726641257,1,1,0,1,0,0,1,1,1
2021,2021,SGT,5,Communication Services,0.3214033162717469,1,0,1,0,0,0,1,1,1
2021,2021,SHA,3,Industrials,1.3600000353208097,1,0,0,0,1,0,1,0,0
2021,2021,SHE,4,Industrials,0.8444775391959112,1,1,0,0,1,1,0,0,0
2021,2021,SHI,4,Industrials,0.7375932174845755,1,0,1,0,0,0,1,0,1
2021,2021,SHN,7,Consumer Discretionary,0.7552251412781017,1,1,1,1,0,1,1,0,1
2021,2021,SHP,9,Utilities,0.5486081997990367,1,1,1,1,1,1,1,1,1
2021,2021,SID,3,Real Estate,1.2059542199643618,1,0,0,0,0,1,1,0,0
2021,2021,SII,5,Utilities,0.9205875181532304,0,0,1,1,0,0,1,1,1
2021,2021,SIP,4,Real Estate,0.2289001151052735,1,1,0,0,0,1,0,1,0
2021,2021,SJD,7,Utilities,0.656454743515857,1,0,1,0,1,1,1,1,1
2021,2021,SJE,9,Industrials,0.8601632788496767,1,1,1,1,1,1,1,1,1
2021,2021,SJF,8,Materials,0.8750014894107045,1,1,1,1,1,1,1,0,1
2021,2021,SJG,9,Industrials,0.4879391711597872,1,1,1,1,1,1,1,1,1
2021,2021,SJS,4,Real Estate,0.2292880222832314,1,0,1,0,0,1,1,0,0
2021,2021,SKG,4,Industrials,0.7248004885353875,0,1,0,1,0,1,1,0,0
2021,2021,SKH,4,Consumer Staples,0.4580799314575411,1,0,0,0,1,0,1,0,1
2021,2021,SKV,5,Consumer Staples,0.515408483034325,1,1,0,1,0,1,1,0,0
2021,2021,SLS,9,Consumer Staples,0.4178650818296555,1,1,1,1,1,1,1,1,1
2021,2021,SMB,6,Consumer Staples,0.4347703210329223,1,1,0,1,0,1,1,1,0
2021,2021,SMC,6,Materials,0.9100452587943372,1,0,1,0,0,1,1,1,1
2021,2021,SMN,5,Communication Services,1.232866613138686,1,1,1,0,0,0,1,1,0
2021,2021,SMT,4,Information Technology,0.8367006986331119,1,0,0,0,0,1,1,0,1
2021,2021,SNZ,6,Real Estate,0.3139124100562476,1,1,1,1,1,0,0,1,0
2021,2021,SPC,3,Materials,0.8157456571302706,1,0,0,0,0,1,1,0,0
2021,2021,SPI,7,Materials,0.8071957861207666,1,1,1,1,0,1,1,1,0
2021,2021,SPM,6,Health Care,2.769750669677292,1,1,1,0,0,1,1,0,1
2021,2021,SQC,3,Materials,0.0733967098590526,0,0,1,1,0,0,1,0,0
2021,2021,SRA,5,Health Care,1.1698578066926733,1,0,1,0,1,1,0,1,0
2021,2021,SRC,6,Consumer Discretionary,0.7169703399670844,1,1,0,1,1,0,1,1,0
2021,2021,SRF,4,Industrials,0.8528418633373481,1,1,0,0,0,1,0,1,0
2021,2021,SRT,5,Industrials,0.2590750801703855,0,1,1,1,0,0,1,1,0
2021,2021,SSC,7,Consumer Staples,0.7100200645083619,1,1,1,1,0,1,1,1,0
2021,2021,SSG,8,Industrials,0.2378811910863212,1,1,1,1,0,1,1,1,1
2021,2021,SSH,6,Real Estate,0.100462465224414,1,1,0,1,0,1,1,1,0
2021,2021,SSM,2,Materials,1.6809120689690753,0,0,0,0,0,0,1,0,1
2021,2021,SSN,6,Consumer Staples,0.755523052684126,1,0,1,0,1,1,1,1,0
2021,2021,ST8,3,Consumer Discretionary,0.7814227119750977,1,0,0,0,0,1,0,1,0
2021,2021,STG,6,Industrials,0.6274877644866769,1,1,1,1,0,0,1,0,1
2021,2021,STH,4,Consumer Discretionary,0.8910476737792642,1,0,0,0,0,1,1,1,0
2021,2021,STK,9,Consumer Discretionary,0.3262243057673489,1,1,1,1,1,1,1,1,1
2021,2021,STP,3,Materials,1.6824414609344966,1,0,0,0,0,0,1,0,1
2021,2021,SVD,8,Consumer Discretionary,1.1477436933098204,1,1,1,1,1,1,1,1,0
2021,2021,SVG,7,Materials,0.5667025518767433,1,0,1,0,1,1,1,1,1
2021,2021,SVI,6,Materials,0.7056474515646783,1,1,0,1,1,1,1,0,0
2021,2021,SVN,6,Consumer Staples,1.2130840407443897,1,0,1,0,0,1,1,1,1
2021,2021,SVT,4,Materials,0.89358690511432,1,1,0,0,0,0,1,0,1
2021,2021,SWC,8,Industrials,0.6023732840307233,1,1,1,1,1,1,1,0,1
2021,2021,SZB,5,Real Estate,0.5755637984896755,1,1,0,0,1,1,1,0,0
2021,2021,SZC,9,Real Estate,0.2155272741022058,1,1,1,1,1,1,1,1,1
2021,2021,SZE,3,Industrials,0.7915420386155556,1,1,0,0,0,0,1,0,0
2021,2021,SZG,4,Real Estate,0.4731883028649993,1,0,0,0,1,0,1,1,0
2021,2021,SZL,6,Real Estate,0.5002677513086823,1,1,0,1,0,0,1,1,1
2021,2021,TA9,4,Industrials,0.9301640562952024,1,1,0,1,0,0,1,0,0
2021,2021,TAR,6,Consumer Staples,0.3300034083232519,1,0,1,0,1,1,0,1,1
2021,2021,TBC,5,Utilities,0.5068038822973291,1,1,0,1,1,0,1,0,0
2021,2021,TC6,9,Energy,0.9196829137487476,1,1,1,1,1,1,1,1,1
2021,2021,TCD,4,Industrials,0.5605624638537937,1,1,0,0,1,1,0,0,0
2021,2021,TCH,4,Real Estate,0.5209421780958698,1,1,0,0,0,1,0,1,0
2021,2021,TCL,6,Industrials,0.4614685519766343,1,0,1,0,1,0,1,1,1
2021,2021,TCM,3,Consumer Discretionary,0.3658306605997937,1,0,0,0,0,0,1,0,1
2021,2021,TCO,3,Consumer Staples,0.634458601533325,1,0,1,0,0,0,0,0,1
2021,2021,TCR,7,Materials,1.2290307235470432,1,1,1,1,0,1,0,1,1
2021,2021,TCT,6,Industrials,0.6124797777906039,1,1,1,1,0,1,1,0,0
2021,2021,TCW,5,Industrials,0.4776209609812336,1,1,0,1,1,0,1,0,0
2021,2021,TDB,7,Utilities,0.2824733360251737,1,1,1,1,0,0,1,1,1
2021,2021,TDC,4,Real Estate,0.4467076471789286,1,0,0,0,0,1,1,0,1
2021,2021,TDG,5,Utilities,1.1016464537762425,1,0,1,0,1,0,1,0,1
2021,2021,TDH,3,Real Estate,0.2947048310536941,0,0,0,1,1,0,1,0,0
2021,2021,TDM,8,Utilities,0.5276331005588571,1,1,1,1,1,1,1,0,1
2021,2021,TDN,7,Energy,0.8664420865284539,1,1,1,1,0,1,1,0,1
2021,2021,TDP,5,Materials,0.4557584013897081,1,1,1,0,0,0,1,0,1
2021,2021,TDS,5,Materials,1.1368861651165802,1,0,1,0,0,0,1,1,1
2021,2021,TDT,5,Consumer Discretionary,0.7750836997167447,1,0,1,0,1,1,0,0,1
2021,2021,TEG,5,Industrials,0.7500205038077755,1,0,1,0,0,1,0,1,1
2021,2021,TFC,1,Consumer Staples,1.083981145032512,0,0,0,0,0,0,1,0,0
2021,2021,TGG,5,Consumer Staples,0.6604563197671897,1,0,1,0,0,0,1,1,1
2021,2021,THD,3,Industrials,0.0550158872802475,1,0,0,0,1,1,0,0,0
2021,2021,THG,5,Materials,0.3958004818201374,1,1,0,0,1,1,1,0,0
2021,2021,THI,4,Industrials,0.9947086051754516,1,1,0,1,0,1,0,0,0
2021,2021,THP,4,Consumer Staples,1.1045943296889382,1,0,0,0,1,0,1,1,0
2021,2021,THT,5,Energy,1.0131065943635733,1,1,0,1,1,0,1,0,0
2021,2021,TID,7,Consumer Staples,0.1947320111191972,1,1,1,1,1,1,0,1,0
2021,2021,TIE,4,Consumer Discretionary,1.916538888708621,0,1,0,1,0,1,1,0,0
2021,2021,TIG,8,Real Estate,0.4271038177129871,1,1,1,1,1,1,0,1,1
2021,2021,TIP,6,Real Estate,0.5272439076050666,1,1,0,1,1,1,1,0,0
2021,2021,TIS,9,Materials,0.8483691493337161,1,1,1,1,1,1,1,1,1
2021,2021,TKC,4,Real Estate,1.1644863436366957,1,0,0,0,1,0,1,1,0
2021,2021,TKG,2,Unknown,1.0642547424905309,1,0,0,0,0,1,0,0,0
2021,2021,TKU,5,Materials,0.4901387376311228,1,0,1,0,1,0,1,1,0
2021,2021,TL4,4,Industrials,0.7206108430250804,0,1,0,1,0,0,1,1,0
2021,2021,TLD,6,Materials,0.8221130914611482,1,1,0,1,1,1,1,0,0
2021,2021,TLG,7,Industrials,0.5146204327944055,1,1,1,0,1,0,1,1,1
2021,2021,TLH,4,Materials,0.901656978822689,1,0,1,0,0,0,0,1,1
2021,2021,TLI,4,Consumer Discretionary,1.1237219972023809,0,0,0,1,1,1,1,0,0
2021,2021,TLP,8,Consumer Discretionary,0.8016774451285559,1,1,1,0,1,1,1,1,1
2021,2021,TMB,5,Energy,1.029327302926126,1,1,0,1,0,1,1,0,0
2021,2021,TMP,6,Utilities,0.3765186401653259,1,1,1,0,0,0,1,1,1
2021,2021,TMS,6,Industrials,0.3911636284784082,1,1,1,0,1,1,0,0,1
2021,2021,TMT,5,Consumer Discretionary,0.6443502465912603,1,0,1,0,1,0,0,1,1
2021,2021,TN1,3,Real Estate,0.5651723072947419,1,0,0,0,0,1,0,1,0
2021,2021,TNA,5,Consumer Discretionary,0.6912352552007244,1,1,0,1,1,0,1,0,0
2021,2021,TNC,4,Materials,0.4839934285171225,1,0,0,0,0,0,1,1,1
2021,2021,TNH,6,Health Care,0.3449658805389632,1,1,0,1,1,0,1,1,0
2021,2021,TNI,3,Materials,1.1787568817975675,0,0,0,0,1,0,1,0,1
2021,2021,TNS,9,Materials,0.1687710697264151,1,1,1,1,1,1,1,1,1
2021,2021,TNT,6,Materials,0.5703383465541796,1,0,1,0,1,1,0,1,1
2021,2021,TPC,4,Materials,1.4175188339857498,1,1,0,1,0,0,1,0,0
2021,2021,TPP,3,Materials,0.9467647571293104,1,0,0,0,0,1,0,0,1
2021,2021,TRA,8,Health Care,0.3088206126757737,1,1,1,1,1,1,1,0,1
2021,2021,TRC,7,Materials,1.1919780400280713,1,1,1,0,1,0,1,1,1
2021,2021,TS3,3,Industrials,1.020438623222844,1,0,0,0,0,1,1,0,0
2021,2021,TSC,4,Consumer Discretionary,0.72261919649082,1,0,1,0,0,0,0,1,1
2021,2021,TST,5,Industrials,1.4647647050833332,0,1,0,1,1,0,1,0,1
2021,2021,TTA,7,Utilities,0.7315826131167058,1,1,0,1,1,1,1,0,1
2021,2021,TTB,5,Real Estate,0.9461681217853632,1,1,0,1,0,0,1,0,1
2021,2021,TTC,5,Materials,1.340711077194978,1,1,0,1,0,1,1,0,0
2021,2021,TTD,4,Health Care,0.3064318598563385,1,1,0,1,0,0,1,0,0
2021,2021,TTE,7,Utilities,0.4928008611388564,1,1,1,1,0,1,0,1,1
2021,2021,TTF,2,Consumer Discretionary,0.1051100063286798,0,0,0,0,0,1,0,0,1
2021,2021,TTG,5,Consumer Discretionary,0.3646059156476002,0,0,1,1,0,0,1,1,1
2021,2021,TTH,8,Consumer Discretionary,1.3668104294496626,1,1,1,1,1,0,1,1,1
2021,2021,TTL,3,Industrials,0.9421012428937872,1,0,0,0,0,0,1,0,1
2021,2021,TTN,5,Communication Services,0.5286991839000068,1,1,0,0,1,0,1,0,1
2021,2021,TTZ,7,Materials,1.1511214960326492,1,1,1,1,0,1,1,0,1
2021,2021,TV1,8,Industrials,1.093089633569626,1,1,1,1,1,0,1,1,1
2021,2021,TV2,3,Industrials,0.4233938881131266,1,0,0,0,1,0,1,0,0
2021,2021,TV3,2,Industrials,0.6952222832538587,1,0,0,0,0,0,1,0,0
2021,2021,TV4,7,Industrials,0.725026721921512,1,1,1,0,0,1,1,1,1
2021,2021,TVD,8,Energy,0.8763846524370487,1,1,1,1,1,0,1,1,1
2021,2021,TVN,6,Materials,0.8430585886860792,1,0,1,0,1,1,1,0,1
2021,2021,TVP,6,Health Care,0.7605123528447686,1,1,1,0,0,1,1,0,1
2021,2021,TVT,7,Consumer Discretionary,0.9501980539862024,1,1,1,1,0,1,1,1,0
2021,2021,TXM,3,Materials,1.896908630049261,1,0,0,0,0,0,1,0,1
2021,2021,TYA,3,Industrials,0.852724609425196,1,0,0,0,0,0,1,0,1
2021,2021,UDC,4,Industrials,0.8957484529614264,0,1,0,1,1,0,1,0,0
2021,2021,UDJ,7,Real Estate,0.8140452281492895,1,1,1,1,0,1,0,1,1
2021,2021,UIC,6,Utilities,0.6827472528954918,1,1,0,1,1,1,1,0,0
2021,2021,UNI,4,Real Estate,0.5871149543914226,1,1,0,1,0,0,0,1,0
2021,2021,USD,6,Industrials,1.0144965683441558,1,1,1,0,1,0,1,1,0
2021,2021,V12,8,Industrials,0.8168201098833061,1,1,1,1,0,1,1,1,1
2021,2021,V21,6,Consumer Discretionary,0.7249387744360404,1,1,1,1,1,0,1,0,0
2021,2021,VAF,6,Materials,0.9318729957886442,1,1,1,1,0,0,1,0,1
2021,2021,VAV,7,Utilities,0.3944296142323369,1,1,0,1,1,1,1,1,0
2021,2021,VBC,8,Materials,0.7407129732400239,1,1,1,1,1,1,1,0,1
2021,2021,VC1,6,Industrials,0.9109600554555556,1,1,0,1,0,1,1,1,0
2021,2021,VC2,5,Industrials,0.2477181034142307,1,0,1,0,1,1,0,1,0
2021,2021,VC3,6,Real Estate,0.197845446630169,1,0,1,0,1,0,1,1,1
2021,2021,VC7,5,Consumer Discretionary,0.4299984033827626,1,0,1,0,0,1,0,1,1
2021,2021,VC9,6,Industrials,0.0552696365152347,1,1,1,1,0,0,1,1,0
2021,2021,VCA,4,Materials,0.95965430928228,1,0,1,0,0,0,1,0,1
2021,2021,VCC,7,Industrials,0.3639109420893719,1,1,1,1,0,1,1,0,1
2021,2021,VCG,4,Industrials,0.2854705755017963,1,1,0,1,0,0,0,0,1
2021,2021,VCP,6,Utilities,0.4208389169167719,1,1,0,1,1,0,1,1,0
2021,2021,VCS,7,Materials,0.2603737722600427,1,1,1,0,1,1,0,1,1
2021,2021,VCX,7,Materials,0.8636865376374945,1,1,1,1,1,1,1,0,0
2021,2021,VDP,3,Health Care,0.9381823064117456,1,0,0,0,0,0,1,1,0
2021,2021,VE3,5,Industrials,1.0061447024306516,1,0,1,0,1,0,1,0,1
2021,2021,VE8,4,Industrials,1.0326574458595388,1,0,0,0,1,0,1,0,1
2021,2021,VE9,5,Industrials,0.3380266857528229,0,0,1,1,0,1,1,1,0
2021,2021,VEA,7,Industrials,0.397649769820769,1,0,1,0,1,1,1,1,1
2021,2021,VEC,7,Information Technology,0.609547842246844,0,1,1,1,1,1,1,0,1
2021,2021,VEF,3,Industrials,0.0625502110244717,1,0,0,0,0,1,1,0,0
2021,2021,VET,4,Health Care,0.2354673852329614,1,0,0,0,0,1,1,0,1
2021,2021,VFG,7,Materials,0.5852620735727188,1,1,1,1,0,1,1,0,1
2021,2021,VFR,7,Industrials,1.238759302611111,1,1,1,1,0,1,1,1,0
2021,2021,VGC,7,Industrials,0.2956755351764741,1,1,1,1,0,1,0,1,1
2021,2021,VGG,4,Consumer Discretionary,0.8772954295826972,1,1,0,1,0,0,1,0,0
2021,2021,VGI,6,Communication Services,0.2909375368755566,0,1,0,1,1,1,1,0,1
2021,2021,VGL,3,Materials,0.3479638254732727,1,0,0,0,0,1,1,0,0
2021,2021,VGS,8,Materials,0.4526633884210702,1,1,1,1,1,0,1,1,1
2021,2021,VGT,8,Consumer Discretionary,0.5144047989136803,1,1,1,1,1,1,0,1,1
2021,2021,VGV,6,Industrials,0.7661901920372567,1,1,0,1,1,0,1,1,0
2021,2021,VHC,6,Consumer Staples,0.5059934239004049,1,1,1,0,0,0,1,1,1
2021,2021,VHD,3,Real Estate,0.2261907134424522,1,0,1,0,0,0,0,0,1
2021,2021,VHE,6,Consumer Staples,0.8832055920450419,1,0,1,0,1,1,0,1,1
2021,2021,VHL,6,Materials,0.9681897725037036,1,1,0,1,1,1,1,0,0
2021,2021,VHM,6,Real Estate,0.349359073820764,1,1,1,0,0,1,0,1,1
2021,2021,VIC,3,Real Estate,0.2776476952675765,0,0,0,0,0,1,0,1,1
2021,2021,VID,6,Materials,1.0552884670014735,1,0,1,0,1,1,1,1,0
2021,2021,VIF,4,Materials,0.6664046265362421,1,0,1,0,0,0,1,0,1
2021,2021,VIN,4,Industrials,1.011999219924428,1,0,0,0,0,1,1,0,1
2021,2021,VIP,6,Energy,1.4068645330702323,1,1,0,1,1,1,0,0,1
2021,2021,VIT,5,Materials,0.4959074332882743,1,1,0,1,0,1,0,0,1
2021,2021,VJC,3,Industrials,0.2422593944006825,1,0,1,0,0,1,0,0,0
2021,2021,VKC,5,Consumer Discretionary,0.9804094904887072,1,0,1,0,0,1,1,1,0
2021,2021,VLA,5,Consumer Discretionary,0.6735225315789474,1,0,1,0,0,0,1,1,1
2021,2021,VLB,4,Materials,0.2666848081499944,1,1,0,0,0,1,1,0,0
2021,2021,VLC,4,Consumer Staples,0.6267502213130269,1,1,0,1,0,1,0,0,0
2021,2021,VLG,7,Industrials,1.1497571725727531,1,1,1,1,0,1,1,0,1
2021,2021,VMC,4,Industrials,0.6222821813673836,1,0,1,0,0,0,1,0,1
2021,2021,VMD,3,Health Care,0.6006757215047537,1,0,0,0,0,1,0,1,0
2021,2021,VMG,5,Utilities,0.234498307358156,1,0,1,0,0,0,1,1,1
2021,2021,VMS,3,Industrials,0.9334643055595506,1,0,0,0,0,1,1,0,0
2021,2021,VNA,9,Industrials,0.3797537324357367,1,1,1,1,1,1,1,1,1
2021,2021,VNB,4,Communication Services,0.5881234001661954,1,0,0,0,0,1,1,1,0
2021,2021,VNE,4,Industrials,0.7684112775975028,1,1,0,1,0,0,0,0,1
2021,2021,VNF,5,Industrials,1.065397897532915,1,0,1,0,0,1,0,1,1
2021,2021,VNG,2,Consumer Discretionary,0.8243186990428656,1,0,0,0,0,0,1,0,0
2021,2021,VNH,7,Consumer Staples,0.0883015053961257,1,1,1,1,0,1,1,0,1
2021,2021,VNL,7,Industrials,0.9145729012364244,1,1,1,0,0,1,1,1,1
2021,2021,VNM,4,Consumer Staples,0.1832136283411993,1,1,0,0,1,1,0,0,0
2021,2021,VNP,6,Materials,0.5269188427732588,1,1,1,0,0,1,1,0,1
2021,2021,VNS,5,Industrials,1.5751747191449024,0,1,0,1,1,1,1,0,0
2021,2021,VNY,5,Health Care,0.8080790712616938,1,0,1,0,1,1,0,0,1
2021,2021,VOC,5,Consumer Staples,0.4103014627432199,1,1,0,0,0,1,1,1,0
2021,2021,VOS,9,Industrials,0.3793647105924812,1,1,1,1,1,1,1,1,1
2021,2021,VPA,3,Industrials,0.4870184537572828,0,0,0,1,1,0,1,0,0
2021,2021,VPD,8,Utilities,0.7356368543641548,1,1,1,1,1,0,1,1,1
2021,2021,VPG,7,Materials,0.3633382114274937,1,1,1,0,0,1,1,1,1
2021,2021,VPI,8,Real Estate,0.2642870537488024,1,1,1,1,1,1,1,0,1
2021,2021,VPS,7,Materials,0.8556950492695782,1,1,1,1,0,1,1,0,1
2021,2021,VQC,5,Industrials,1.2936557696058693,1,1,0,1,0,0,1,1,0
2021,2021,VRC,4,Real Estate,0.6279904832180645,1,0,0,0,0,1,1,1,0
2021,2021,VRE,6,Real Estate,0.4476234136518041,1,1,0,1,1,1,1,0,0
2021,2021,VRG,3,Real Estate,0.3768607060929702,1,0,0,0,0,1,1,0,0
2021,2021,VSA,5,Industrials,0.9165714574247378,1,1,0,1,0,0,1,0,1
2021,2021,VSC,7,Industrials,0.5479218975690635,1,1,1,1,0,1,0,1,1
2021,2021,VSE,4,Industrials,1.0188215272339751,1,0,0,0,0,1,1,1,0
2021,2021,VSH,8,Utilities,0.5915011484584907,1,1,1,1,1,1,0,1,1
2021,2021,VSI,5,Industrials,0.6991579711030962,1,1,1,0,0,1,1,0,0
2021,2021,VSN,7,Consumer Staples,0.398316758617195,1,1,0,1,1,1,1,1,0
2021,2021,VTA,4,Materials,1.1355498470982144,0,1,0,1,1,0,1,0,0
2021,2021,VTB,6,Consumer Discretionary,1.3987266894002446,1,1,0,1,1,1,1,0,0
2021,2021,VTC,6,Communication Services,1.081448870466959,1,1,0,1,0,1,1,1,0
2021,2021,VTD,5,Consumer Discretionary,0.7695920668172691,1,0,1,0,0,1,1,0,1
2021,2021,VTJ,4,Consumer Discretionary,1.1033552071136743,0,0,1,0,0,0,1,1,1
2021,2021,VTK,6,Communication Services,0.824004437530064,1,1,0,1,0,1,1,0,1
2021,2021,VTO,7,Energy,1.1280610204833246,1,1,1,1,1,1,1,0,0
2021,2021,VTP,5,Industrials,0.1713519923146544,1,1,0,1,1,0,1,0,0
2021,2021,VTS,1,Materials,1.0490323111363635,0,0,0,0,0,0,1,0,0
2021,2021,VTV,8,Energy,1.3958200794294269,1,1,1,1,1,1,1,0,1
2021,2021,VTZ,5,Materials,1.0091817892625,1,0,1,0,1,1,0,0,1
2021,2021,VWS,4,Industrials,0.8674683137319523,1,1,0,1,0,0,1,0,0
2021,2021,WCS,3,Industrials,0.3600582960410811,1,0,0,0,0,1,1,0,0
2021,2021,WSB,6,Consumer Staples,0.8968914209513374,1,1,0,1,0,1,1,0,1
2021,2021,X20,6,Consumer Discretionary,1.1837014400973913,1,1,0,1,0,1,1,0,1
2021,2021,XMC,6,Industrials,0.8043219240354905,1,1,0,1,1,0,1,1,0
2021,2021,XMD,4,Materials,5.06287848,0,1,0,1,0,0,1,0,1
2021,2021,XMP,8,Utilities,0.6807365196707819,1,1,1,1,0,1,1,1,1
2021,2021,YBC,6,Materials,0.681372530832264,1,1,1,1,0,1,1,0,0
2021,2021,YBM,6,Materials,1.3348118601771268,1,1,1,1,0,0,1,0,1
2021,2021,YEG,5,Communication Services,1.1085335220617747,1,0,1,0,0,1,1,1,0
2022,2022,AAA,4,Materials,2.1141421427828795,1,1,0,0,1,1,0,0,0
2022,2022,AAM,5,Consumer Staples,1.751008733999665,1,0,1,0,0,0,1,1,1
2022,2022,AAV,1,Real Estate,2.562843529929754,1,0,0,0,0,0,0,0,0
2022,2022,ABC,6,Communication Services,3.9823465908720546,1,1,1,0,0,1,1,1,0
2022,2022,ABR,7,Communication Services,1.6369455283639496,1,1,1,1,0,0,1,1,1
2022,2022,ABT,6,Consumer Staples,1.152251258750815,1,1,1,1,0,1,0,0,1
2022,2022,ACC,5,Materials,1.0268633665723537,1,0,1,0,1,1,0,0,1
2022,2022,ACG,5,Materials,0.8135854285833678,1,1,1,0,0,0,0,1,1
2022,2022,ACL,7,Consumer Staples,1.5578898122793916,1,1,1,0,0,1,1,1,1
2022,2022,ACV,7,Industrials,0.2374135479233919,1,1,1,0,1,0,1,1,1
2022,2022,ADC,5,Communication Services,1.0111155768133693,1,1,1,0,0,0,1,0,1
2022,2022,ADG,5,Communication Services,0.5936218257890172,1,1,1,0,0,1,0,1,0
2022,2022,ADS,6,Consumer Discretionary,1.4942877139440245,1,1,0,1,1,0,1,0,1
2022,2022,AFX,4,Consumer Staples,0.9345641489736264,1,0,0,0,0,0,1,1,1
2022,2022,AG1,7,Consumer Discretionary,1.7335967590275585,1,1,1,0,0,1,1,1,1
2022,2022,AGG,5,Real Estate,0.6189796501312913,1,1,0,1,1,0,0,0,1
2022,2022,AGM,3,Consumer Staples,1.3564283455866344,0,0,0,1,1,0,1,0,0
2022,2022,AGP,4,Health Care,0.8020010393720975,1,1,1,0,0,0,0,0,1
2022,2022,ALT,5,Materials,2.6542247392697917,1,0,1,0,1,0,1,0,1
2022,2022,ALV,5,Industrials,4.476736864232233,1,0,1,0,0,0,1,1,1
2022,2022,AME,3,Industrials,1.0774185911676142,1,0,0,0,1,1,0,0,0
2022,2022,AMS,6,Industrials,2.370722850519628,1,1,1,0,0,0,1,1,1
2022,2022,AMV,3,Health Care,3.707547118110124,1,0,0,0,1,1,0,0,0
2022,2022,ANT,7,Consumer Staples,2.5194176109807693,1,1,1,1,0,0,1,1,1
2022,2022,ANV,8,Consumer Staples,1.0053961778486074,1,1,1,0,1,1,1,1,1
2022,2022,APC,5,Industrials,2.2634462994779554,0,1,0,1,1,0,1,0,1
2022,2022,APF,7,Consumer Staples,0.7048084579005892,1,1,1,0,1,1,0,1,1
2022,2022,APH,4,Materials,1.6614129590665505,0,1,0,1,1,1,0,0,0
2022,2022,API,2,Real Estate,1.3310065951653016,1,0,0,0,0,1,0,0,0
2022,2022,APP,6,Energy,2.494499267728304,1,1,0,1,0,1,1,0,1
2022,2022,ASG,6,Industrials,0.577593133259071,1,1,1,1,0,1,0,0,1
2022,2022,ASM,4,Consumer Staples,2.0105712160440667,1,0,1,0,0,0,0,1,1
2022,2022,ASP,4,Utilities,2.3916908217287047,1,0,0,0,1,1,0,0,1
2022,2022,AST,6,Industrials,0.1538503012140351,1,1,1,1,0,0,0,1,1
2022,2022,AVC,8,Utilities,0.5957547901032463,1,1,1,1,0,1,1,1,1
2022,2022,BAF,4,Consumer Staples,0.6583613564496703,1,0,0,0,0,1,1,1,0
2022,2022,BAL,8,Materials,2.1995070251449276,1,1,1,1,0,1,1,1,1
2022,2022,BBC,7,Unknown,1.3513022421512697,1,0,1,0,1,1,1,1,1
2022,2022,BBT,5,Health Care,1.3517969949701092,1,1,0,1,1,0,1,0,0
2022,2022,BCA,3,Materials,1.486977886670247,0,0,0,1,0,0,1,0,1
2022,2022,BCC,6,Materials,2.1296385051040354,1,1,0,1,0,1,1,0,1
2022,2022,BCE,4,Industrials,1.6910213008439248,0,1,0,1,0,0,1,0,1
2022,2022,BCF,7,Consumer Staples,0.3337475296980674,1,1,1,0,0,1,1,1,1
2022,2022,BCG,3,Industrials,1.9766994512681104,1,0,0,0,1,0,0,0,1
2022,2022,BCM,5,Real Estate,0.2029728179580201,1,1,1,0,1,0,1,0,0
2022,2022,BCP,4,Health Care,0.9297015103472224,0,0,1,0,0,0,1,1,1
2022,2022,BDG,8,Consumer Discretionary,0.8471284894837027,1,1,1,1,0,1,1,1,1
2022,2022,BDT,7,Materials,0.491312471871017,1,1,1,0,1,1,1,0,1
2022,2022,BFC,3,Materials,1.1306374158836767,1,0,0,0,1,0,1,0,0
2022,2022,BHN,9,Consumer Staples,0.4344865496876055,1,1,1,1,1,1,1,1,1
2022,2022,BHP,8,Consumer Staples,2.3853006537266475,1,1,1,1,0,1,1,1,1
2022,2022,BIG,3,Consumer Discretionary,1.2600073222765955,1,0,0,0,1,1,0,0,0
2022,2022,BIO,7,Health Care,0.5610603963705908,1,1,1,1,0,0,1,1,1
2022,2022,BKC,5,Materials,2.2967934833467747,1,1,0,1,0,1,1,0,0
2022,2022,BKG,6,Materials,2.9019296769470784,1,0,1,0,1,1,0,1,1
2022,2022,BLT,7,Consumer Staples,1.0532460724285715,1,1,1,1,0,1,1,1,0
2022,2022,BMC,7,Materials,1.43345917572108,1,1,1,1,0,1,1,0,1
2022,2022,BMF,2,Consumer Discretionary,1.1373162323300317,1,0,0,0,0,0,1,0,0
2022,2022,BMJ,3,Materials,0.6684204536606617,1,0,0,0,1,0,0,0,1
2022,2022,BMP,8,Materials,0.5336934131174587,1,1,1,1,0,1,1,1,1
2022,2022,BNA,4,Consumer Staples,1.5404592673328414,1,0,0,0,1,0,1,1,0
2022,2022,BPC,3,Materials,2.743462751023392,1,0,0,0,0,0,1,0,1
2022,2022,BQB,4,Consumer Staples,1.5723487861054766,0,0,0,1,0,0,1,1,1
2022,2022,BRC,4,Consumer Discretionary,1.666056534690671,1,1,0,0,0,1,1,0,0
2022,2022,BRR,4,Materials,0.5007847074285185,1,1,0,0,0,1,1,0,0
2022,2022,BRS,6,Industrials,0.7045185172888296,1,1,0,1,0,1,1,0,1
2022,2022,BSA,9,Utilities,0.8036747670293262,1,1,1,1,1,1,1,1,1
2022,2022,BSG,9,Industrials,0.3104101185660377,1,1,1,1,1,1,1,1,1
2022,2022,BSQ,6,Consumer Staples,0.6351960162545311,1,1,0,1,0,1,1,0,1
2022,2022,BSR,8,Energy,1.2429576992760702,1,1,1,0,1,1,1,1,1
2022,2022,BTD,4,Materials,1.070635392110419,1,0,0,0,1,0,1,1,0
2022,2022,BTN,4,Materials,2.1421089135388933,0,0,0,1,1,0,1,0,1
2022,2022,BTP,6,Utilities,1.467860731414939,1,1,0,0,1,1,1,1,0
2022,2022,BTS,7,Materials,1.7435527112525395,1,1,1,1,0,1,1,0,1
2022,2022,BTT,7,Consumer Discretionary,0.6735860746102471,1,1,1,1,0,0,1,1,1
2022,2022,BTW,8,Utilities,0.970597387674646,1,1,1,1,1,0,1,1,1
2022,2022,BVL,8,Industrials,1.0723393988866097,1,1,1,1,0,1,1,1,1
2022,2022,BWE,6,Utilities,0.4705740914633584,1,1,0,1,0,1,1,0,1
2022,2022,BWS,7,Utilities,0.4178813171696535,1,1,0,1,1,1,1,1,0
2022,2022,C32,4,Materials,2.121941144070083,1,0,0,0,1,0,1,0,1
2022,2022,C47,3,Industrials,1.9766330972373984,1,0,0,0,0,1,1,0,0
2022,2022,C4G,5,Industrials,1.1656550036195297,1,0,1,0,1,1,0,0,1
2022,2022,C69,4,Industrials,1.860800098531609,1,0,0,0,1,0,1,0,1
2022,2022,C92,5,Industrials,4.463131323916328,1,0,0,0,0,1,1,1,1
2022,2022,CAG,6,Industrials,1.3730689878187488,1,1,1,1,0,0,1,0,1
2022,2022,CAN,3,Consumer Staples,0.6065883288172484,1,0,0,0,1,0,1,0,0
2022,2022,CAP,6,Materials,0.341043074123323,1,1,1,0,0,1,1,1,0
2022,2022,CAT,4,Consumer Staples,0.763683737792675,1,0,0,0,0,1,1,1,0
2022,2022,CAV,7,Industrials,0.6372063672282018,1,1,0,1,1,1,1,1,0
2022,2022,CBI,6,Materials,1.4904199382340584,1,1,0,1,1,1,1,0,0
2022,2022,CC1,4,Industrials,0.9373528991632626,1,0,0,0,1,1,0,1,0
2022,2022,CCA,5,Consumer Staples,1.0778188276940817,1,0,1,0,0,0,1,1,1
2022,2022,CCI,5,Energy,0.529391513556501,1,1,0,1,0,0,1,0,1
2022,2022,CCR,5,Industrials,0.9152659728684938,1,1,0,1,0,1,1,0,0
2022,2022,CCT,7,Industrials,0.8108901874146093,1,1,0,1,1,1,1,0,1
2022,2022,CDC,4,Industrials,0.7074887206493387,1,0,0,0,0,1,1,0,1
2022,2022,CDN,7,Industrials,0.5582429779896526,1,1,1,1,0,0,1,1,1
2022,2022,CDP,9,Health Care,0.9352913504733976,1,1,1,1,1,1,1,1,1
2022,2022,CEN,2,Consumer Discretionary,2.9605668305954613,1,0,0,0,0,1,0,0,0
2022,2022,CEO,9,Real Estate,0.7131080433261133,1,1,1,1,1,1,1,1,1
2022,2022,CET,6,Consumer Discretionary,3.472555698863637,1,1,1,1,0,0,1,0,1
2022,2022,CFV,3,Consumer Staples,0.7037556197472437,1,0,0,0,0,0,1,0,1
2022,2022,CGV,6,Consumer Discretionary,3.3906209887287897,0,0,1,1,0,1,1,1,1
2022,2022,CHP,9,Utilities,0.601518442212767,1,1,1,1,1,1,1,1,1
2022,2022,CHS,4,Industrials,1.2933720441230718,1,0,1,0,0,0,1,0,1
2022,2022,CI5,6,Industrials,1.1081879952099956,1,1,0,1,0,1,1,1,0
2022,2022,CIA,6,Industrials,1.6926419085140634,1,0,1,0,1,1,0,1,1
2022,2022,CIG,4,Industrials,0.2871271056733228,0,0,0,0,1,1,1,0,1
2022,2022,CII,6,Industrials,1.6550930565849609,1,1,1,1,1,0,0,0,1
2022,2022,CIP,4,Industrials,2.06477540767761,1,0,1,0,0,0,1,1,0
2022,2022,CKD,5,Materials,0.7302654023504399,1,0,1,0,1,0,1,0,1
2022,2022,CKG,4,Real Estate,0.5726098099298609,1,0,1,0,0,1,0,0,1
2022,2022,CLC,3,Consumer Staples,1.003574768517379,1,0,0,0,0,0,1,1,0
2022,2022,CLH,8,Materials,0.5800698049686073,1,1,1,1,1,1,1,0,1
2022,2022,CLL,7,Industrials,0.7426264361530349,1,1,1,1,0,0,1,1,1
2022,2022,CLM,6,Energy,0.9409697155894308,1,1,1,0,0,1,1,0,1
2022,2022,CLW,8,Utilities,0.7816505133567887,1,1,1,1,0,1,1,1,1
2022,2022,CLX,7,Consumer Staples,1.4360127062872978,1,1,1,0,1,1,1,0,1
2022,2022,CMC,3,Industrials,2.435967726364178,0,0,0,0,0,0,1,1,1
2022,2022,CMD,4,Materials,1.3354789161207663,1,1,1,0,0,0,0,0,1
2022,2022,CMS,3,Industrials,1.5221643835367722,1,0,0,0,0,1,0,1,0
2022,2022,CMT,6,Information Technology,2.59296548107678,1,1,0,1,0,1,1,1,0
2022,2022,CMV,5,Consumer Discretionary,1.2356755467127456,1,1,1,0,0,0,1,0,1
2022,2022,CMX,2,Consumer Staples,1.495518763070122,1,0,0,0,1,0,0,0,0
2022,2022,CNC,6,Health Care,0.5425897903250892,1,1,1,1,0,0,1,0,1
2022,2022,CNG,8,Utilities,0.8792562380540482,1,1,1,1,0,1,1,1,1
2022,2022,CNN,8,Industrials,0.5180294496060606,1,1,0,1,1,1,1,1,1
2022,2022,CPA,5,Consumer Staples,0.2772610706737161,0,1,0,1,0,1,1,0,1
2022,2022,CPC,3,Materials,1.3615344816997228,1,0,0,0,0,0,1,0,1
2022,2022,CRC,6,Industrials,2.0503068251085144,1,0,1,0,1,0,1,1,1
2022,2022,CRE,4,Real Estate,1.168871739227675,1,0,0,0,1,1,0,1,0
2022,2022,CSC,8,Real Estate,0.634712111995916,1,1,1,1,1,1,0,1,1
2022,2022,CSM,7,Consumer Discretionary,0.8721558160685814,1,1,1,0,1,1,1,0,1
2022,2022,CST,9,Energy,1.5699402928484925,1,1,1,1,1,1,1,1,1
2022,2022,CSV,7,Materials,1.0081113190881532,1,1,1,0,0,1,1,1,1
2022,2022,CTC,5,Unknown,3.928021447252348,0,1,0,1,1,0,1,1,0
2022,2022,CTD,4,Industrials,3.3800426442770557,1,0,0,0,0,0,1,1,1
2022,2022,CTF,5,Consumer Discretionary,0.3573944514821253,1,0,1,0,0,0,1,1,1
2022,2022,CTI,8,Industrials,1.6227307541296077,1,1,1,1,1,0,1,1,1
2022,2022,CTP,4,Consumer Staples,3.136168817471225,1,0,0,0,0,0,1,1,1
2022,2022,CTR,5,Communication Services,0.2818329669023011,1,1,1,0,0,0,1,0,1
2022,2022,CVN,2,Consumer Staples,4.275482884197956,1,0,0,0,0,1,0,0,0
2022,2022,CVT,2,Materials,0.569654757523907,1,0,0,0,0,0,1,0,0
2022,2022,D11,6,Consumer Discretionary,2.544133176549464,1,1,0,1,0,1,1,1,0
2022,2022,D2D,2,Real Estate,1.4596433009614187,1,0,0,0,0,0,1,0,0
2022,2022,DAD,5,Communication Services,1.1200490654384032,1,1,0,1,0,0,1,0,1
2022,2022,DAG,4,Industrials,3.04311949317915,1,0,1,0,1,0,1,0,0
2022,2022,DAH,4,Consumer Discretionary,2.463911868925814,1,0,0,0,1,1,1,0,0
2022,2022,DAN,5,Health Care,1.043931682633319,1,1,0,0,0,0,1,1,1
2022,2022,DAT,8,Consumer Staples,1.1835299650734632,1,1,1,0,1,1,1,1,1
2022,2022,DBC,4,Consumer Staples,1.3601758426932269,1,1,0,1,0,0,1,0,0
2022,2022,DBD,6,Health Care,0.4568737752883916,1,1,1,0,1,0,1,1,0
2022,2022,DBT,7,Health Care,1.3610223368788792,1,0,1,0,1,1,1,1,1
2022,2022,DC4,2,Industrials,1.6760470926986042,0,0,0,0,0,0,1,1,0
2022,2022,DCL,4,Health Care,0.767604833999829,1,0,1,0,0,1,0,0,1
2022,2022,DCM,9,Materials,0.7538833910274358,1,1,1,1,1,1,1,1,1
2022,2022,DDG,5,Utilities,0.3188447979857315,1,1,0,1,1,0,0,1,0
2022,2022,DDN,6,Consumer Staples,1.4666960926724122,1,1,1,1,0,0,1,1,0
2022,2022,DDV,6,Materials,1.4017428975746402,1,1,1,0,0,1,1,1,0
2022,2022,DFC,7,Consumer Discretionary,1.6651493390751446,1,1,1,0,1,0,1,1,1
2022,2022,DFF,3,Industrials,0.7230879668290322,1,0,0,0,0,1,0,1,0
2022,2022,DGC,7,Materials,0.4672193898370977,1,1,1,1,0,1,0,1,1
2022,2022,DGT,2,Materials,1.5730722233050112,0,0,0,0,0,1,0,1,0
2022,2022,DGW,3,Consumer Discretionary,0.3889403224290356,1,0,0,0,0,1,0,1,0
2022,2022,DHA,4,Materials,0.8140828574370551,1,0,0,0,0,1,1,0,1
2022,2022,DHC,3,Materials,0.7615395939512837,1,1,0,0,0,0,1,0,0
2022,2022,DHG,7,Health Care,0.3866130543219594,1,1,1,0,0,1,1,1,1
2022,2022,DHM,3,Materials,1.156146398345143,1,0,0,0,0,1,1,0,0
2022,2022,DHT,4,Health Care,0.7528309004550979,1,0,1,0,0,0,1,1,0
2022,2022,DIH,5,Industrials,0.6338446030924687,1,0,1,0,0,1,1,1,0
2022,2022,DL1,6,Utilities,3.7192403883561456,1,1,0,1,0,0,1,1,1
2022,2022,DLG,5,Industrials,1.5031727497321,0,1,0,1,0,0,1,1,1
2022,2022,DMC,6,Health Care,1.0225682614456515,1,1,1,1,0,0,1,1,0
2022,2022,DNA,8,Utilities,0.7399430237277749,1,1,0,1,1,1,1,1,1
2022,2022,DND,1,Materials,0.7929201421966735,0,0,0,0,0,0,1,0,0
2022,2022,DNP,3,Materials,0.535223723357722,1,0,0,0,1,0,0,1,0
2022,2022,DNW,6,Utilities,0.6093775197122807,1,1,0,1,1,1,1,0,0
2022,2022,DOP,8,Energy,1.3010087241174957,1,1,1,1,1,1,1,0,1
2022,2022,DP1,8,Health Care,0.66328215335482,1,1,1,1,0,1,1,1,1
2022,2022,DP3,7,Health Care,0.5163903068468579,1,1,1,0,0,1,1,1,1
2022,2022,DPG,5,Industrials,0.9317712119275272,1,1,0,0,1,1,0,0,1
2022,2022,DPH,7,Health Care,1.8109428379714283,1,1,1,0,0,1,1,1,1
2022,2022,DPM,8,Materials,0.8228928046704049,1,1,1,0,1,1,1,1,1
2022,2022,DPR,6,Materials,1.0180314306721283,1,1,0,1,1,1,1,0,0
2022,2022,DQC,4,Industrials,1.9574034278449173,1,0,0,0,1,0,0,1,1
2022,2022,DRC,5,Consumer Discretionary,0.7801362183984268,1,1,0,0,1,1,1,0,0
2022,2022,DRG,5,Materials,1.6543981520472757,1,1,0,1,0,0,1,1,0
2022,2022,DRH,3,Industrials,2.7889662973768266,1,0,0,0,0,1,0,1,0
2022,2022,DRI,8,Materials,1.2898174494239527,1,1,1,1,1,1,1,1,0
2022,2022,DRL,7,Utilities,0.1866770539755351,1,1,1,1,0,0,1,1,1
2022,2022,DS3,3,Industrials,1.5596589419124631,0,0,0,1,1,0,1,0,0
2022,2022,DSG,6,Industrials,0.22842102248,0,1,1,1,0,0,1,1,1
2022,2022,DSN,6,Consumer Discretionary,0.4026858564956888,1,1,1,0,0,0,1,1,1
2022,2022,DSP,5,Consumer Discretionary,0.6159192394937609,0,0,1,1,0,0,1,1,1
2022,2022,DST,7,Consumer Discretionary,2.855811535256172,1,1,0,1,1,0,1,1,1
2022,2022,DTA,3,Real Estate,2.243271960311377,1,0,0,0,1,0,1,0,0
2022,2022,DTC,2,Materials,1.8052462250192307,0,0,0,0,1,0,1,0,0
2022,2022,DTD,5,Real Estate,1.6058168601343192,1,1,0,1,1,1,0,0,0
2022,2022,DTG,8,Health Care,0.9107781339832826,1,1,1,0,1,1,1,1,1
2022,2022,DTI,4,Real Estate,1.154615051072895,1,0,0,0,1,0,1,0,1
2022,2022,DTK,7,Utilities,1.2900204993907811,1,1,0,1,1,1,1,1,0
2022,2022,DTL,2,Materials,0.5673925037801645,0,0,0,0,0,0,1,0,1
2022,2022,DTT,7,Materials,1.289241770619212,1,1,1,1,0,0,1,1,1
2022,2022,DVG,6,Materials,3.951852638902116,1,1,0,1,1,1,1,0,0
2022,2022,DVP,5,Industrials,0.7531774346764706,1,1,0,0,0,1,1,1,0
2022,2022,DWS,8,Utilities,1.234780123942198,1,1,1,1,1,0,1,1,1
2022,2022,DXG,2,Real Estate,1.1886434530105974,1,0,0,0,0,1,0,0,0
2022,2022,DXL,7,Consumer Discretionary,2.038555544887721,1,1,1,1,0,0,1,1,1
2022,2022,DXP,4,Materials,2.345836794428134,1,1,0,0,0,0,0,1,1
2022,2022,DXS,2,Real Estate,1.9855577885916236,1,0,0,0,0,1,0,0,0
2022,2022,DXV,4,Materials,2.789923831154437,1,0,0,0,0,0,1,1,1
2022,2022,E12,3,Industrials,2.45573888496732,1,0,0,0,0,0,1,0,1
2022,2022,E29,8,Industrials,2.449327585142857,1,1,1,1,1,0,1,1,1
2022,2022,EBS,7,Communication Services,1.4746331167755549,1,1,0,1,1,1,1,1,0
2022,2022,EIC,3,Industrials,0.6572154803365965,1,0,0,0,0,1,1,0,0
2022,2022,EID,6,Communication Services,1.140999544456621,1,1,1,0,0,1,1,0,1
2022,2022,EIN,4,Consumer Discretionary,3.2736179528892664,0,0,0,0,0,1,1,1,1
2022,2022,ELC,3,Information Technology,1.5542881277807328,1,0,0,0,0,1,0,0,1
2022,2022,EMC,6,Industrials,0.8407870782468562,1,1,0,1,0,1,1,1,0
2022,2022,EMS,3,Industrials,0.5950620121703342,1,0,0,0,0,1,1,0,0
2022,2022,EVE,5,Consumer Discretionary,1.6950997627330693,1,1,1,0,0,0,0,1,1
2022,2022,EVG,2,Real Estate,3.149978846820191,1,0,0,0,0,1,0,0,0
2022,2022,FCM,7,Materials,3.2261456527848957,1,1,1,1,1,0,1,1,0
2022,2022,FCN,3,Industrials,1.7883891800003515,1,0,0,0,1,1,0,0,0
2022,2022,FHS,8,Consumer Discretionary,0.5029284097427852,1,1,1,1,0,1,1,1,1
2022,2022,FIC,7,Materials,0.5971172251554661,1,1,1,0,0,1,1,1,1
2022,2022,FID,4,Consumer Discretionary,5.911503157143394,1,0,0,0,0,1,1,1,0
2022,2022,FIR,4,Real Estate,0.3492811357280763,1,0,1,0,0,1,0,0,1
2022,2022,FIT,3,Health Care,3.1893266962708995,1,0,0,0,0,1,0,0,1
2022,2022,FOC,6,Communication Services,0.3618240509662982,1,1,1,0,0,1,1,0,1
2022,2022,FOX,5,Communication Services,0.4558669766722388,1,1,0,0,1,0,1,1,0
2022,2022,FPT,5,Information Technology,0.2494474076607308,1,1,0,0,1,1,0,1,0
2022,2022,FRC,5,Materials,1.5792399750803858,1,1,0,1,0,1,1,0,0
2022,2022,FRT,2,Consumer Discretionary,0.2456670368140966,1,0,0,0,0,0,0,1,0
2022,2022,FT1,5,Consumer Discretionary,0.587521873627541,1,1,1,0,0,0,1,0,1
2022,2022,GAS,7,Utilities,0.3081223568154271,1,1,1,0,1,1,0,1,1
2022,2022,GCF,2,Consumer Staples,0.761999212882353,1,0,0,0,0,0,1,0,0
2022,2022,GDT,7,Consumer Discretionary,0.4312087657656498,1,1,1,0,0,1,1,1,1
2022,2022,GDW,8,Utilities,0.7112370122402661,1,1,1,1,1,0,1,1,1
2022,2022,GEE,6,Industrials,0.5683930319982796,1,1,0,1,1,1,0,1,0
2022,2022,GEG,4,Utilities,0.6923855401226648,1,1,0,1,1,0,0,0,0
2022,2022,GEX,5,Industrials,1.1393401228666984,1,1,0,1,1,0,0,1,0
2022,2022,GHC,7,Utilities,0.7634230990461671,1,1,1,1,1,1,1,0,0
2022,2022,GIC,7,Industrials,1.903117544252983,1,1,0,1,0,1,1,1,1
2022,2022,GIL,2,Consumer Discretionary,1.918377313213853,1,0,0,0,0,1,0,0,0
2022,2022,GLT,6,Communication Services,0.777387489633767,1,1,1,0,0,1,1,0,1
2022,2022,GMC,3,Consumer Discretionary,1.3734685578627424,0,1,0,1,0,0,1,0,0
2022,2022,GMD,8,Industrials,0.5061956852286702,1,1,1,1,0,1,1,1,1
2022,2022,GMH,4,Materials,1.1452017670298025,1,1,0,0,0,0,1,1,0
2022,2022,GMX,9,Materials,0.7068194053087576,1,1,1,1,1,1,1,1,1
2022,2022,GND,7,Materials,1.449967881597222,1,1,1,0,0,1,1,1,1
2022,2022,GSM,9,Utilities,1.1799174749281056,1,1,1,1,1,1,1,1,1
2022,2022,GSP,5,Energy,1.434932938650214,1,1,0,1,0,0,1,1,0
2022,2022,GTA,6,Materials,1.3680725999344223,1,1,0,1,0,1,1,0,1
2022,2022,GTS,4,Industrials,1.1010813237157708,1,0,1,0,0,0,1,0,1
2022,2022,GVR,5,Materials,0.886937074326413,1,1,0,0,1,1,1,0,0
2022,2022,GVT,5,Materials,0.4893503791906536,1,1,0,0,1,1,1,0,0
2022,2022,HAD,8,Consumer Staples,1.2899602921452702,1,1,1,1,0,1,1,1,1
2022,2022,HAF,5,Consumer Staples,0.297744340799741,0,1,0,1,1,0,1,1,0
2022,2022,HAG,4,Consumer Staples,0.5879156207080767,1,1,1,0,0,0,0,0,1
2022,2022,HAH,6,Industrials,1.018685719938054,1,1,1,1,0,0,0,1,1
2022,2022,HAN,8,Industrials,1.323208030762577,1,1,1,1,1,1,1,0,1
2022,2022,HAP,4,Materials,2.610049653380438,1,0,0,0,0,1,0,1,1
2022,2022,HAR,6,Real Estate,3.0794739474571253,0,1,0,1,1,1,1,0,1
2022,2022,HAS,4,Industrials,2.4946243845089904,1,1,0,1,0,0,1,0,0
2022,2022,HAT,8,Consumer Staples,1.0116607728069775,1,1,1,1,0,1,1,1,1
2022,2022,HAX,5,Consumer Discretionary,0.9937815341567712,1,0,1,0,0,0,1,1,1
2022,2022,HBC,2,Industrials,0.4739037206935608,0,0,0,1,0,0,0,0,1
2022,2022,HBD,5,Materials,1.1264195963032977,1,1,0,0,0,1,1,1,0
2022,2022,HCC,9,Materials,1.3687971273419488,1,1,1,1,1,1,1,1,1
2022,2022,HCD,3,Industrials,2.482048903869267,1,0,0,0,1,0,1,0,0
2022,2022,HD2,5,Real Estate,0.7765397745391781,1,0,1,0,0,1,1,1,0
2022,2022,HD8,7,Real Estate,2.02694601428125,1,1,1,1,0,1,1,1,0
2022,2022,HDA,3,Materials,2.037282825400743,1,0,0,0,1,1,0,0,0
2022,2022,HDC,5,Real Estate,0.5894501038533383,1,1,1,0,0,0,1,1,0
2022,2022,HDG,6,Utilities,0.6904694216839684,1,1,0,1,1,1,0,1,0
2022,2022,HDM,4,Consumer Discretionary,1.3643316355145496,1,0,0,0,1,1,1,0,0
2022,2022,HDP,7,Health Care,0.950798605676618,1,1,1,1,0,1,0,1,1
2022,2022,HEJ,6,Industrials,1.1674871342669657,1,1,0,1,0,0,1,1,1
2022,2022,HEM,7,Industrials,0.6206733926979642,1,1,1,1,0,0,1,1,1
2022,2022,HEP,6,Industrials,0.3982751874121679,1,0,1,0,0,1,1,1,1
2022,2022,HHG,6,Industrials,3.1081838853231867,0,1,0,1,1,0,1,1,1
2022,2022,HHP,3,Materials,1.52581944787722,1,1,0,0,0,0,0,1,0
2022,2022,HHS,3,Consumer Discretionary,3.5328916199840648,1,0,0,0,0,1,1,0,0
2022,2022,HHV,5,Industrials,1.3468364257896486,1,1,0,1,1,0,0,0,1
2022,2022,HII,2,Materials,2.6245784616897443,0,0,0,0,1,1,0,0,0
2022,2022,HJC,7,Consumer Staples,1.337724974662957,1,1,0,1,0,1,1,1,1
2022,2022,HJS,8,Utilities,0.3779500118282449,1,1,1,1,0,1,1,1,1
2022,2022,HKT,5,Consumer Staples,1.524939520687949,1,0,1,0,0,0,1,1,1
2022,2022,HLC,7,Energy,1.8323913663778513,1,1,1,1,1,0,1,0,1
2022,2022,HLD,3,Real Estate,0.7388888981923077,1,0,0,0,0,1,1,0,0
2022,2022,HMC,2,Materials,1.4196999614491637,1,0,0,0,0,0,1,0,0
2022,2022,HMR,4,Materials,2.1579021482497196,1,1,0,0,0,0,1,1,0
2022,2022,HNA,9,Utilities,0.8396442361331083,1,1,1,1,1,1,1,1,1
2022,2022,HND,7,Utilities,0.9719312388143077,1,1,1,0,1,0,1,1,1
2022,2022,HNF,9,Consumer Staples,1.1236825027258883,1,1,1,1,1,1,1,1,1
2022,2022,HNG,3,Consumer Staples,0.6580109700467716,0,0,0,1,0,0,1,0,1
2022,2022,HNI,8,Consumer Discretionary,0.6721488650697467,1,1,1,1,0,1,1,1,1
2022,2022,HNM,7,Consumer Staples,1.3186311679453124,1,1,1,0,1,1,1,0,1
2022,2022,HOM,7,Materials,3.000948630484542,1,1,1,1,0,0,1,1,1
2022,2022,HPG,5,Materials,0.9172725303957844,1,1,0,1,1,1,0,0,0
2022,2022,HPP,3,Materials,0.9021195522927924,1,0,0,0,1,0,1,0,0
2022,2022,HPX,4,Real Estate,2.3285482542384583,0,1,0,1,1,0,1,0,0
2022,2022,HQC,6,Real Estate,3.4386697043795387,1,1,1,0,0,1,1,1,0
2022,2022,HRC,5,Materials,0.3299473669220309,1,1,0,0,1,0,1,0,1
2022,2022,HRT,9,Industrials,1.167321135216537,1,1,1,1,1,1,1,1,1
2022,2022,HSG,4,Materials,1.4700482884580008,0,1,0,1,1,1,0,0,0
2022,2022,HSL,5,Consumer Staples,2.7414318938657782,1,1,0,1,0,1,0,0,1
2022,2022,HSM,4,Consumer Discretionary,3.533151225707317,1,0,0,0,1,1,1,0,0
2022,2022,HSV,2,Consumer Discretionary,2.844695283590481,1,0,0,0,0,0,1,0,0
2022,2022,HT1,5,Materials,1.2921574960764544,1,1,0,1,0,1,0,0,1
2022,2022,HTE,6,Industrials,2.9724909687011216,1,0,1,0,0,1,1,1,1
2022,2022,HTG,7,Consumer Discretionary,1.0241292880302153,1,1,1,0,1,1,1,1,0
2022,2022,HTI,8,Industrials,1.105237842181733,1,1,1,1,1,1,1,0,1
2022,2022,HTL,6,Consumer Discretionary,1.2101526340416666,1,0,1,0,0,1,1,1,1
2022,2022,HTM,4,Consumer Discretionary,0.5731142098997853,0,0,0,0,1,1,1,1,0
2022,2022,HTN,3,Industrials,1.317951319539123,1,0,0,0,0,0,1,1,0
2022,2022,HTV,4,Industrials,2.339755685012632,1,1,0,1,0,0,0,0,1
2022,2022,HU3,5,Industrials,2.4279453985442316,1,1,0,1,0,1,1,0,0
2022,2022,HU4,5,Real Estate,1.696953546047619,1,0,1,0,0,1,1,1,0
2022,2022,HU6,2,Real Estate,1.7192567909777778,1,0,0,0,0,0,1,0,0
2022,2022,HUB,7,Materials,1.3789157354478223,1,1,1,1,0,1,1,1,0
2022,2022,HUG,6,Consumer Discretionary,0.527737805435926,1,1,1,1,0,0,1,0,1
2022,2022,HUT,8,Consumer Discretionary,0.7909731789740341,1,1,1,1,1,0,1,1,1
2022,2022,HVH,7,Industrials,2.655861676812525,1,1,1,1,0,1,1,1,0
2022,2022,HVT,8,Materials,0.8556338863773828,1,1,1,0,1,1,1,1,1
2022,2022,HVX,9,Materials,3.7606695997030823,1,1,1,1,1,1,1,1,1
2022,2022,HWS,8,Utilities,1.1463866739427904,1,1,1,1,0,1,1,1,1
2022,2022,ICF,5,Consumer Staples,4.410717585591213,0,1,0,1,0,1,1,1,0
2022,2022,ICG,5,Industrials,3.1223980891779943,1,1,0,1,0,0,0,1,1
2022,2022,ICI,6,Industrials,1.758951899577465,1,1,1,1,0,0,1,0,1
2022,2022,ICN,5,Industrials,0.349393867775461,1,0,1,0,0,0,1,1,1
2022,2022,ICT,3,Communication Services,1.4857135689866066,1,0,0,0,0,1,1,0,0
2022,2022,IDC,8,Real Estate,0.4728098675551256,1,1,1,1,0,1,1,1,1
2022,2022,IDI,7,Consumer Staples,1.283338951096063,1,1,1,0,1,0,1,1,1
2022,2022,IDJ,3,Real Estate,1.4285992096881324,1,0,0,0,1,1,0,0,0
2022,2022,IJC,5,Real Estate,1.452766335527791,1,1,0,0,1,0,1,1,0
2022,2022,ILA,2,Materials,4.4134383526348,0,0,0,0,0,0,1,0,1
2022,2022,ILB,7,Industrials,0.7804243145801374,1,1,1,1,0,0,1,1,1
2022,2022,ILC,7,Industrials,0.8749075642091313,1,1,0,1,1,1,1,1,0
2022,2022,ILS,4,Industrials,0.2775544453910559,0,1,1,1,0,0,1,0,0
2022,2022,IMP,9,Health Care,0.4720035464694728,1,1,1,1,1,1,1,1,1
2022,2022,INN,7,Materials,0.8453783151870032,1,1,0,1,1,1,1,1,0
2022,2022,IPA,3,Industrials,1.3369378747473166,1,0,0,0,1,0,1,0,0
2022,2022,ISH,8,Utilities,0.673664242368421,1,1,1,1,1,0,1,1,1
2022,2022,IST,8,Industrials,0.5299779923373252,1,1,1,1,1,1,1,0,1
2022,2022,ITC,8,Real Estate,3.1118400428627138,1,1,1,1,0,1,1,1,1
2022,2022,ITS,6,Energy,3.956060886239101,1,0,0,0,1,1,1,1,1
2022,2022,KBC,3,Real Estate,0.8649913288345148,1,0,1,0,1,0,0,0,0
2022,2022,KCB,6,Materials,2.0021300221590907,1,1,0,1,1,1,1,0,0
2022,2022,KCE,6,Materials,2.204152743529412,1,1,0,1,0,1,1,0,1
2022,2022,KDH,2,Real Estate,0.6084158905924699,1,0,0,0,0,0,0,1,0
2022,2022,KHD,3,Materials,1.828434420523755,0,0,0,1,0,1,1,0,0
2022,2022,KHG,3,Real Estate,2.755719411885799,1,0,0,0,1,0,1,0,0
2022,2022,KHP,7,Utilities,1.585741441004349,1,1,1,1,0,1,1,0,1
2022,2022,KKC,4,Materials,1.1832519378010595,0,1,0,1,0,1,1,0,0
2022,2022,KMR,7,Consumer Discretionary,4.0319632371433265,1,1,0,1,1,1,1,0,1
2022,2022,KMT,3,Consumer Discretionary,1.5009962254778944,1,0,0,0,0,0,1,0,1
2022,2022,KOS,3,Utilities,0.2769300713432237,1,0,0,0,0,0,1,1,0
2022,2022,KPF,4,Real Estate,1.0749139159551229,1,0,1,0,0,0,1,1,0
2022,2022,KSB,2,Materials,1.3603548518743174,1,1,0,0,0,0,0,0,0
2022,2022,KSF,9,Real Estate,0.1824582154611655,1,1,1,1,1,1,1,1,1
2022,2022,KSQ,4,Materials,4.838851422537037,0,1,0,1,0,0,1,0,1
2022,2022,KSV,5,Materials,0.4265045808865,1,1,0,1,1,0,0,0,1
2022,2022,KTS,8,Consumer Staples,2.2877385007044237,1,1,1,1,0,1,1,1,1
2022,2022,KTT,1,Materials,1.8485340802155792,0,0,0,0,0,0,1,0,0
2022,2022,KVC,7,Materials,5.675129866048723,0,1,1,1,0,1,1,1,1
2022,2022,L10,4,Industrials,1.042719277920327,1,0,0,0,0,1,1,1,0
2022,2022,L12,6,Industrials,2.7731365113728863,1,0,1,0,1,1,1,0,1
2022,2022,L14,4,Consumer Discretionary,0.2538268673865058,1,0,0,0,0,1,1,1,0
2022,2022,L18,4,Industrials,0.7062542459554837,1,0,0,0,0,1,1,1,0
2022,2022,L61,3,Industrials,1.942950064913809,0,0,0,1,1,0,1,0,0
2022,2022,L62,5,Industrials,2.2096427973846313,0,1,0,1,1,0,1,1,0
2022,2022,L63,4,Industrials,1.0924400254759643,0,1,0,1,0,0,1,0,1
2022,2022,LAF,2,Consumer Staples,0.8301003252656247,1,0,0,0,0,0,1,0,0
2022,2022,LAS,5,Materials,1.589205302485873,1,0,1,0,0,1,1,1,0
2022,2022,LBE,8,Communication Services,0.5114097775119617,1,1,1,1,1,1,1,1,0
2022,2022,LBM,7,Materials,0.6435149422141119,1,1,1,1,0,0,1,1,1
2022,2022,LCG,4,Industrials,1.7935279981718597,1,0,1,0,1,1,0,0,0
2022,2022,LCM,4,Materials,2.0539879974358763,0,0,0,1,0,1,1,0,1
2022,2022,LDG,3,Real Estate,3.1926394345739775,1,0,0,0,1,0,1,0,0
2022,2022,LDP,4,Health Care,1.7026447121880968,0,0,0,0,1,0,1,1,1
2022,2022,LEC,2,Consumer Discretionary,1.987919106415204,0,0,0,0,0,1,0,1,0
2022,2022,LGL,5,Real Estate,4.092130971177612,1,0,1,0,1,0,1,0,1
2022,2022,LGM,5,Consumer Discretionary,0.315346851425398,0,0,1,1,0,0,1,1,1
2022,2022,LHC,6,Industrials,0.5194144003917038,1,1,0,1,0,1,1,0,1
2022,2022,LHG,5,Real Estate,1.4366879447950045,1,1,0,1,1,0,1,0,0
2022,2022,LIC,2,Materials,0.2728692349773242,1,0,0,0,0,0,1,0,0
2022,2022,LIG,3,Industrials,2.787635645709872,1,0,0,0,0,0,0,1,1
2022,2022,LIX,6,Consumer Staples,0.6376900628351453,1,1,1,0,0,1,1,1,0
2022,2022,LKW,4,Utilities,0.8129081349333334,1,1,0,0,0,0,1,1,0
2022,2022,LLM,4,Industrials,1.397113687859774,0,1,0,1,0,1,1,0,0
2022,2022,LM7,4,Industrials,0.1771126335384615,0,1,0,1,0,0,1,0,1
2022,2022,LM8,9,Industrials,3.8694305557752418,1,1,1,1,1,1,1,1,1
2022,2022,LMC,5,Materials,2.6037161162068965,1,1,0,1,0,0,1,1,0
2022,2022,LMH,5,Consumer Discretionary,0.1873337153610726,0,0,1,0,0,1,1,1,1
2022,2022,LPT,4,Consumer Discretionary,1.1454827458962265,1,0,0,0,1,1,0,0,1
2022,2022,LTG,3,Consumer Staples,1.65688114138453,1,0,0,0,0,0,1,0,1
2022,2022,M10,7,Consumer Discretionary,0.8992838951055763,1,1,1,1,0,1,1,0,1
2022,2022,MAC,8,Industrials,1.0563451010028766,1,1,1,1,0,1,1,1,1
2022,2022,MBG,5,Consumer Discretionary,2.7381691785684636,1,0,1,0,1,1,0,0,1
2022,2022,MCF,6,Consumer Staples,1.4599150088333448,1,1,0,1,0,1,1,1,0
2022,2022,MCG,3,Industrials,0.537831631368548,0,0,0,1,0,0,1,1,0
2022,2022,MCH,4,Consumer Staples,0.4089371100164272,1,1,0,0,1,1,0,0,0
2022,2022,MCM,5,Consumer Staples,0.4761480361066351,1,1,0,0,0,1,1,1,0
2022,2022,MCO,8,Industrials,3.2084313183780715,1,1,1,1,1,1,1,1,0
2022,2022,MCP,6,Materials,0.9622130361551532,1,1,0,1,0,1,1,0,1
2022,2022,MDC,8,Energy,2.0990992316386814,1,1,1,0,1,1,1,1,1
2022,2022,MDF,6,Materials,1.2149083434912928,1,1,0,1,1,0,1,0,1
2022,2022,MFS,4,Communication Services,0.9772679365237096,1,1,0,0,0,1,1,0,0
2022,2022,MGC,7,Energy,2.6338065644907407,1,1,1,0,0,1,1,1,1
2022,2022,MGR,5,Real Estate,1.2183677324246576,0,0,0,1,1,1,1,1,0
2022,2022,MHC,5,Industrials,3.1826173931908084,0,1,0,1,1,0,1,0,1
2022,2022,MKP,5,Health Care,1.9221338711550384,1,0,1,0,1,0,1,1,0
2022,2022,MKV,6,Health Care,1.3385482880181818,1,1,0,1,0,1,1,1,0
2022,2022,MLS,2,Consumer Staples,0.8297876457971014,0,0,0,1,0,0,1,0,0
2022,2022,MML,2,Consumer Staples,0.4534037963059522,0,1,0,1,0,0,0,0,0
2022,2022,MSH,4,Consumer Discretionary,0.6501019423774593,1,1,0,1,0,1,0,0,0
2022,2022,MSR,6,Materials,1.2588050702493678,1,1,0,1,1,0,1,0,1
2022,2022,MTA,4,Materials,2.0885392246042715,0,1,0,1,1,0,1,0,0
2022,2022,MTG,4,Utilities,1.221592775036075,1,0,1,0,0,1,1,0,0
2022,2022,MTS,6,Consumer Discretionary,0.9348624853645834,1,1,0,0,1,1,1,0,1
2022,2022,MVB,7,Energy,0.8120911498453011,1,1,0,1,1,1,1,0,1
2022,2022,MVC,7,Materials,2.284681626554,1,1,1,0,0,1,1,1,1
2022,2022,MVN,8,Industrials,0.4645439251826737,1,1,0,1,1,1,1,1,1
2022,2022,MWG,5,Consumer Discretionary,0.3809892851687584,1,1,0,1,0,1,0,1,0
2022,2022,NAF,7,Consumer Staples,1.855794335393276,1,1,0,0,1,1,1,1,1
2022,2022,NAG,3,Consumer Discretionary,0.7493139351618125,1,0,0,0,0,1,0,1,0
2022,2022,NAV,5,Consumer Discretionary,0.6794332139464434,1,0,1,0,0,1,1,0,1
2022,2022,NBB,4,Real Estate,1.4088573764805448,1,0,0,0,0,1,1,1,0
2022,2022,NBC,8,Energy,1.693766498904136,1,1,1,1,1,1,1,0,1
2022,2022,NBE,5,Communication Services,1.454295171546875,1,0,1,0,0,0,1,1,1
2022,2022,NBP,3,Utilities,1.5158420849250276,1,0,0,0,0,0,1,0,1
2022,2022,NBT,8,Utilities,0.9264377330787944,1,1,1,1,1,0,1,1,1
2022,2022,NBW,8,Utilities,0.9270863072629968,1,1,1,1,0,1,1,1,1
2022,2022,NCS,9,Industrials,0.2249084661830724,1,1,1,1,1,1,1,1,1
2022,2022,NCT,5,Industrials,0.1939322524098033,1,1,0,0,0,1,1,1,0
2022,2022,ND2,8,Utilities,0.4550790157668693,1,1,1,1,1,0,1,1,1
2022,2022,NDC,6,Health Care,0.6189038209914,1,1,1,0,0,0,1,1,1
2022,2022,NDP,6,Health Care,0.907110749948246,1,1,0,0,0,1,1,1,1
2022,2022,NDT,3,Consumer Discretionary,2.260110247943467,1,0,0,0,1,0,1,0,0
2022,2022,NED,7,Utilities,1.970939107701971,1,1,0,0,1,1,1,1,1
2022,2022,NET,4,Consumer Staples,0.3519607851343845,1,1,0,0,0,0,1,0,1
2022,2022,NHA,6,Real Estate,0.8962260954353524,1,1,0,1,1,1,0,1,0
2022,2022,NHH,6,Materials,1.3632274863542286,1,1,1,0,1,1,0,0,1
2022,2022,NHT,8,Materials,0.9399104099843768,1,1,1,1,1,1,1,1,0
2022,2022,NKG,2,Materials,1.6494256028681238,0,0,0,0,1,1,0,0,0
2022,2022,NLG,2,Real Estate,0.7550512486218754,1,0,0,0,0,0,0,1,0
2022,2022,NNC,6,Materials,0.7271891845416161,1,1,1,1,0,1,1,0,0
2022,2022,NNG,8,Unknown,0.6604610695846366,1,1,1,1,1,1,1,0,1
2022,2022,NO1,6,Industrials,1.4057617495833334,1,1,1,1,1,0,0,0,1
2022,2022,NRC,3,Real Estate,2.9904289088448586,0,1,0,1,1,0,0,0,0
2022,2022,NS2,4,Utilities,1.464187794864185,1,1,0,0,0,0,1,0,1
2022,2022,NSC,5,Consumer Staples,1.0008996778823365,1,1,0,0,0,1,1,1,0
2022,2022,NSH,5,Materials,2.713506682278518,1,0,0,0,0,1,1,1,1
2022,2022,NST,8,Consumer Staples,2.610596723014625,1,1,1,1,1,1,1,1,0
2022,2022,NT2,8,Utilities,0.5555349276269492,1,1,1,1,0,1,1,1,1
2022,2022,NTL,3,Real Estate,1.3306476142095225,1,0,0,0,0,1,1,0,0
2022,2022,NTP,5,Materials,0.6827151379429398,1,0,0,0,1,1,1,1,0
2022,2022,NTT,6,Consumer Discretionary,0.9179013436354084,1,1,0,1,1,1,0,1,0
2022,2022,NUE,6,Industrials,1.0771836742424243,1,1,1,0,1,0,1,0,1
2022,2022,NVL,2,Real Estate,1.3714071764737803,1,0,0,0,1,0,0,0,0
2022,2022,NVT,7,Consumer Discretionary,0.27974057147378,0,1,1,1,1,0,1,1,1
2022,2022,OCH,9,Consumer Staples,0.805734000875,1,1,1,1,1,1,1,1,1
2022,2022,ODE,3,Communication Services,0.3066331337365853,1,0,0,0,0,0,1,1,0
2022,2022,OGC,9,Consumer Staples,0.1749036617670634,1,1,1,1,1,1,1,1,1
2022,2022,OIL,6,Energy,1.249663885594254,1,1,0,1,1,0,1,0,1
2022,2022,ONE,3,Communication Services,2.08374686598894,1,0,0,0,1,1,0,0,0
2022,2022,OPC,6,Health Care,0.4597666871785755,1,1,1,0,0,1,1,1,0
2022,2022,PAC,4,Industrials,0.5974791058084816,1,0,0,0,1,0,1,0,1
2022,2022,PAN,7,Consumer Staples,1.438411446322397,1,1,0,1,1,0,1,1,1
2022,2022,PAS,3,Materials,3.000132585088867,1,0,0,0,1,0,1,0,0
2022,2022,PAT,8,Materials,0.3892927201795511,1,1,1,1,0,1,1,1,1
2022,2022,PBC,7,Health Care,0.8223754170623234,1,1,1,1,0,1,1,1,0
2022,2022,PBP,7,Materials,1.1057559613695471,1,1,1,1,1,0,1,0,1
2022,2022,PC1,6,Industrials,0.9365449670199938,1,1,0,1,1,1,0,1,0
2022,2022,PCC,8,Materials,1.2321390525175735,1,1,1,1,1,1,1,0,1
2022,2022,PCE,5,Materials,0.838559711292887,1,1,0,1,0,1,1,0,0
2022,2022,PCF,3,Energy,3.0457102784057972,0,0,0,1,0,0,1,1,0
2022,2022,PCG,3,Utilities,1.3929425941226152,1,0,0,0,1,0,1,0,0
2022,2022,PCH,6,Materials,2.2882945627941176,1,1,1,1,0,1,0,0,1
2022,2022,PCM,5,Materials,1.2822673730110687,0,1,0,1,0,1,1,0,1
2022,2022,PCT,6,Industrials,2.3293665493137645,1,1,1,1,0,0,1,1,0
2022,2022,PDB,6,Materials,1.4025543273148549,1,1,0,1,1,0,1,0,1
2022,2022,PDC,7,Consumer Discretionary,1.950479549051852,1,1,1,0,0,1,1,1,1
2022,2022,PDN,9,Industrials,0.3197464155641418,1,1,1,1,1,1,1,1,1
2022,2022,PDR,3,Real Estate,0.8922991719904124,1,0,0,0,1,0,0,1,0
2022,2022,PDV,9,Industrials,2.021200454563086,1,1,1,1,1,1,1,1,1
2022,2022,PEN,6,Industrials,1.4577708307474748,1,0,1,0,1,0,1,1,1
2022,2022,PET,4,Consumer Discretionary,1.1594550580165828,1,0,0,0,1,1,0,1,0
2022,2022,PFL,5,Industrials,1.817853181784,1,0,1,0,0,1,1,1,0
2022,2022,PGC,4,Utilities,0.778590584637599,1,1,0,1,0,0,1,0,0
2022,2022,PGD,8,Utilities,0.6723951491672261,1,1,1,1,0,1,1,1,1
2022,2022,PGN,4,Materials,1.6382701638691848,1,0,0,0,1,0,1,0,1
2022,2022,PGS,5,Utilities,0.7899351495404581,1,0,1,0,0,1,1,0,1
2022,2022,PGT,2,Industrials,0.8959310312206452,0,0,0,1,0,0,0,0,1
2022,2022,PGV,6,Utilities,0.8492204360477997,1,1,0,0,1,0,1,1,1
2022,2022,PHC,5,Industrials,2.209063886492793,1,1,0,0,1,0,1,0,1
2022,2022,PHP,4,Industrials,0.8710780702074586,1,1,0,0,1,0,1,0,0
2022,2022,PHR,6,Materials,0.6151513908361153,1,1,1,0,1,1,1,0,0
2022,2022,PIC,8,Utilities,0.7089238303788495,1,1,1,1,1,0,1,1,1
2022,2022,PIT,7,Consumer Staples,1.8063353793596175,1,1,1,1,0,1,1,1,0
2022,2022,PJS,7,Utilities,1.1249460828806583,1,1,1,1,0,0,1,1,1
2022,2022,PJT,7,Energy,1.4591706654643892,1,1,0,1,1,1,1,0,1
2022,2022,PLA,6,Real Estate,1.9464796888627451,1,1,0,1,0,1,1,1,0
2022,2022,PLC,3,Materials,0.6758429617518154,1,0,0,0,0,0,1,0,1
2022,2022,PLX,6,Energy,0.6081046882345275,1,1,0,1,1,0,1,0,1
2022,2022,PMB,4,Materials,1.1584954095945943,1,0,0,0,0,1,1,0,1
2022,2022,PMC,7,Health Care,0.5392649824727423,1,1,1,0,0,1,1,1,1
2022,2022,PMG,7,Utilities,0.705891083357207,1,1,1,1,1,0,1,0,1
2022,2022,PMP,6,Materials,1.3401940135912698,1,0,1,0,1,1,1,1,0
2022,2022,PMS,5,Energy,1.048301716596466,1,1,0,0,0,1,1,0,1
2022,2022,PND,5,Energy,0.6992416122596875,1,0,0,0,1,1,1,0,1
2022,2022,PNJ,5,Consumer Discretionary,0.3815534787681184,1,1,1,0,0,1,0,0,1
2022,2022,POM,4,Materials,1.7018149404885314,0,1,0,1,1,0,1,0,0
2022,2022,POS,7,Energy,1.760890027813084,1,1,1,1,0,1,1,0,1
2022,2022,POT,4,Information Technology,0.9099092887286576,1,0,0,0,1,0,1,0,1
2022,2022,POV,6,Energy,1.7514482393338366,1,1,0,1,1,0,1,0,1
2022,2022,POW,9,Utilities,1.2235508005390323,1,1,1,1,1,1,1,1,1
2022,2022,PPC,6,Utilities,1.273528552165836,1,0,1,0,0,1,1,1,1
2022,2022,PPH,8,Consumer Discretionary,1.1809004916433905,1,1,1,0,1,1,1,1,1
2022,2022,PPP,8,Health Care,1.0971878627071077,1,1,1,1,0,1,1,1,1
2022,2022,PPS,6,Industrials,1.261998668733333,1,1,1,1,0,0,1,0,1
2022,2022,PPT,3,Energy,0.5149237479968701,1,0,0,0,0,1,0,1,0
2022,2022,PPY,7,Energy,2.17273308406634,1,1,1,1,1,0,1,0,1
2022,2022,PRC,7,Industrials,2.0475890975661377,1,1,1,0,1,1,1,0,1
2022,2022,PRT,8,Materials,1.373455811358148,1,1,1,0,1,1,1,1,1
2022,2022,PSB,4,Energy,1.880317753240678,1,0,1,0,0,0,1,0,1
2022,2022,PSE,2,Materials,1.2412369101522125,1,0,0,0,0,0,1,0,0
2022,2022,PSH,3,Energy,2.3650504643731787,0,1,0,1,0,0,0,0,1
2022,2022,PSL,2,Consumer Staples,0.7685863294465038,1,0,0,0,0,0,1,0,0
2022,2022,PSP,5,Industrials,1.6145060607321429,1,1,0,1,0,1,1,0,0
2022,2022,PSW,3,Materials,1.5853747736176471,1,0,0,0,0,1,1,0,0
2022,2022,PTB,6,Materials,0.9426241677527708,1,1,0,1,1,1,1,0,0
2022,2022,PTD,4,Industrials,0.947576092629076,1,0,0,0,0,1,1,0,1
2022,2022,PTL,2,Real Estate,1.4789007001274246,0,0,0,0,0,1,1,0,0
2022,2022,PTN,4,Real Estate,1.8884093309281835,0,0,1,1,0,0,1,0,1
2022,2022,PTS,6,Industrials,1.8468405715238685,1,1,0,1,1,0,1,0,1
2022,2022,PTV,5,Consumer Discretionary,2.201801147840426,1,0,1,0,0,1,1,1,0
2022,2022,PVB,3,Energy,1.4999707238378333,0,0,0,0,0,1,1,0,1
2022,2022,PVC,3,Energy,1.208924968715,1,0,1,0,0,0,0,1,0
2022,2022,PVD,6,Energy,1.3957496903383424,0,0,0,1,1,1,1,1,1
2022,2022,PVG,3,Utilities,2.0085308820386785,1,0,0,0,0,1,1,0,0
2022,2022,PVM,6,Industrials,1.1893501521868213,1,0,0,0,1,1,1,1,1
2022,2022,PVO,7,Energy,2.331229923045173,1,1,1,1,0,0,1,1,1
2022,2022,PVP,7,Energy,1.2781439090817912,1,1,1,1,1,0,1,0,1
2022,2022,PVS,8,Energy,1.1945612806444774,1,1,1,1,0,1,1,1,1
2022,2022,PVT,9,Energy,0.842981187051908,1,1,1,1,1,1,1,1,1
2022,2022,PWA,6,Real Estate,1.8557296167906976,0,0,1,1,0,1,1,1,1
2022,2022,PXL,4,Real Estate,2.0366535542017346,1,0,0,0,0,0,1,1,1
2022,2022,PXS,4,Industrials,1.32191832647823,0,1,0,1,0,0,1,1,0
2022,2022,PXT,9,Industrials,0.8922438547666667,1,1,1,1,1,1,1,1,1
2022,2022,QBS,4,Materials,3.5913422671537782,0,0,0,1,1,1,1,0,0
2022,2022,QCG,5,Real Estate,3.750858565847704,1,0,0,0,1,1,1,0,1
2022,2022,QHW,6,Consumer Staples,1.168738266474769,1,1,1,0,0,0,1,1,1
2022,2022,QNC,5,Materials,1.693221185510245,1,1,0,1,1,0,0,0,1
2022,2022,QNS,6,Consumer Staples,0.5841772043556979,1,1,0,1,0,1,1,0,1
2022,2022,QSP,7,Industrials,0.982234085743944,1,1,1,1,0,1,1,1,0
2022,2022,QTC,6,Industrials,1.0621285107142855,1,1,0,1,0,1,1,1,0
2022,2022,QTP,7,Utilities,1.053400424236752,1,1,1,1,1,0,1,0,1
2022,2022,RAL,3,Industrials,1.4818147314839811,1,0,0,0,1,1,0,0,0
2022,2022,RDP,4,Unknown,1.3109008561043425,1,0,0,0,1,1,0,0,1
2022,2022,REE,7,Utilities,0.6102120213631119,1,1,0,0,1,1,1,1,1
2022,2022,RGC,7,Unknown,0.7588170705013828,0,1,1,1,0,1,1,1,1
2022,2022,RIC,6,Consumer Discretionary,1.027100216807699,0,0,1,1,0,1,1,1,1
2022,2022,RTB,6,Materials,0.7862306850021221,1,1,0,0,1,1,1,0,1
2022,2022,S4A,9,Utilities,0.4387115494608146,1,1,1,1,1,1,1,1,1
2022,2022,S55,6,Industrials,1.0642904237872728,1,0,1,0,1,1,1,0,1
2022,2022,S99,5,Industrials,2.076503141040876,1,1,0,1,0,1,0,1,0
2022,2022,SAB,7,Consumer Staples,0.2162041549959404,1,1,1,0,1,0,1,1,1
2022,2022,SAC,5,Industrials,2.260098611677086,1,1,0,0,0,1,1,1,0
2022,2022,SAM,6,Industrials,1.7149479056549948,1,1,0,1,1,0,1,1,0
2022,2022,SAS,7,Industrials,0.5172468327459885,1,1,1,1,0,0,1,1,1
2022,2022,SAV,7,Consumer Discretionary,1.403038311184993,1,1,1,1,0,1,1,1,0
2022,2022,SB1,8,Consumer Staples,1.7115928499282451,1,1,1,1,0,1,1,1,1
2022,2022,SBA,9,Utilities,0.690199813824161,1,1,1,1,1,1,1,1,1
2022,2022,SBH,8,Utilities,0.5506823226374431,1,1,1,1,0,1,1,1,1
2022,2022,SBL,9,Consumer Staples,1.518784703512998,1,1,1,1,1,1,1,1,1
2022,2022,SBR,5,Materials,0.9009009009009008,1,1,0,1,0,1,1,0,0
2022,2022,SBV,6,Consumer Discretionary,1.6938105990349492,1,1,0,1,1,0,1,1,0
2022,2022,SC5,4,Industrials,1.3235695746995528,1,1,0,0,0,0,1,0,1
2022,2022,SCC,4,Materials,2.2336894722170055,0,1,0,1,1,0,1,0,0
2022,2022,SCD,3,Consumer Staples,0.6156619301520212,0,0,0,0,0,0,1,1,1
2022,2022,SCG,3,Industrials,0.1966262384444444,1,0,0,0,1,0,1,0,0
2022,2022,SCI,4,Industrials,2.236458636066786,1,0,0,0,1,1,1,0,0
2022,2022,SCJ,6,Materials,4.468290504128394,1,1,0,1,1,0,1,1,0
2022,2022,SCL,4,Materials,1.343251576856875,1,1,0,0,0,1,0,0,1
2022,2022,SCR,3,Real Estate,2.2345479111344533,1,0,0,0,0,0,1,1,0
2022,2022,SCS,5,Industrials,0.2036171844249772,1,1,0,0,0,1,1,1,0
2022,2022,SD2,6,Industrials,1.7937576660230488,1,1,0,1,1,1,1,0,0
2022,2022,SD3,7,Utilities,1.039357355113273,1,1,1,1,1,0,1,1,0
2022,2022,SD5,5,Industrials,2.498566951643254,1,1,0,1,0,0,1,1,0
2022,2022,SD6,6,Industrials,3.1360548552742658,0,1,0,1,1,1,1,1,0
2022,2022,SD9,8,Utilities,3.015096627347531,1,1,1,1,0,1,1,1,1
2022,2022,SDA,5,Industrials,1.3069866107976995,1,0,0,0,0,1,1,1,1
2022,2022,SDD,8,Industrials,2.9458487023186675,0,1,1,1,1,1,1,1,1
2022,2022,SDK,7,Materials,0.94302694009512,1,1,1,0,0,1,1,1,1
2022,2022,SDT,6,Industrials,5.449935757925994,0,1,0,1,1,1,1,1,0
2022,2022,SEA,5,Consumer Staples,0.7111705146832048,1,0,1,0,1,0,1,1,0
2022,2022,SEB,8,Utilities,0.2816052036770811,1,1,1,1,1,0,1,1,1
2022,2022,SED,8,Communication Services,1.6682549066665897,1,1,0,1,1,1,1,1,1
2022,2022,SEP,6,Consumer Staples,0.993258746815718,1,1,0,1,0,1,1,0,1
2022,2022,SFG,6,Materials,1.3547100930759337,1,1,0,1,1,1,1,0,0
2022,2022,SFI,4,Industrials,1.0545121321434818,1,1,0,0,0,1,0,1,0
2022,2022,SGI,6,Consumer Discretionary,1.5622645851090526,1,1,1,0,0,1,1,1,0
2022,2022,SGN,7,Industrials,0.3897871205690337,1,1,1,1,0,0,1,1,1
2022,2022,SGP,5,Industrials,0.915164221023002,1,1,0,0,1,1,1,0,0
2022,2022,SGR,8,Real Estate,1.0558914712455163,1,1,1,1,1,1,1,0,1
2022,2022,SGS,8,Industrials,1.1838658037702945,1,1,1,1,0,1,1,1,1
2022,2022,SGT,6,Communication Services,0.733760120634558,1,1,0,1,1,0,1,0,1
2022,2022,SHA,4,Industrials,3.073904353123293,1,0,0,0,1,0,1,0,1
2022,2022,SHC,6,Industrials,2.004431183738987,1,1,1,0,0,1,1,0,1
2022,2022,SHE,6,Industrials,1.404300759135324,1,0,1,0,1,0,1,1,1
2022,2022,SHI,3,Industrials,0.7079791543665386,1,0,0,0,1,1,0,0,0
2022,2022,SHN,4,Consumer Discretionary,1.6196990424877316,1,0,0,0,1,0,1,0,1
2022,2022,SHP,9,Utilities,0.5406342617779183,1,1,1,1,1,1,1,1,1
2022,2022,SID,4,Real Estate,3.1598662234216217,1,1,1,0,0,0,1,0,0
2022,2022,SIG,6,Utilities,2.8764956756923077,1,1,0,1,1,0,1,1,0
2022,2022,SII,6,Utilities,0.904555222476936,0,0,0,1,1,1,1,1,1
2022,2022,SIP,8,Real Estate,0.5249315156939823,1,1,1,1,1,0,1,1,1
2022,2022,SJD,8,Utilities,1.057564853232674,1,1,0,1,1,1,1,1,1
2022,2022,SJE,7,Industrials,1.0093344230679535,1,1,1,1,1,0,1,0,1
2022,2022,SJF,4,Materials,3.120380978170163,0,1,0,1,0,1,1,0,0
2022,2022,SJG,7,Industrials,1.0134683779916338,1,1,1,0,1,1,1,1,0
2022,2022,SJS,4,Real Estate,0.4860407582447183,1,0,1,0,1,0,1,0,0
2022,2022,SKG,8,Industrials,0.9254424292115688,1,1,1,1,0,1,1,1,1
2022,2022,SKH,5,Consumer Staples,0.5300769712590339,1,1,1,0,0,0,1,1,0
2022,2022,SKN,7,Consumer Staples,1.641980977060606,1,1,1,1,0,1,1,0,1
2022,2022,SKV,6,Consumer Staples,0.6033285185949488,1,1,1,0,0,1,1,0,1
2022,2022,SLS,9,Consumer Staples,0.7059043658454875,1,1,1,1,1,1,1,1,1
2022,2022,SMB,5,Consumer Staples,0.4572995012561185,1,1,0,0,0,1,1,1,0
2022,2022,SMC,3,Materials,2.396287410867511,0,1,0,1,0,0,1,0,0
2022,2022,SMN,5,Communication Services,1.3489666312604158,1,1,0,0,0,1,1,1,0
2022,2022,SMT,4,Information Technology,1.8673382889287489,1,0,0,0,1,1,1,0,0
2022,2022,SNZ,6,Real Estate,0.6874841918484484,1,1,0,1,1,1,1,0,0
2022,2022,SPI,3,Materials,3.427977776710355,0,1,0,1,0,0,1,0,0
2022,2022,SPM,6,Health Care,4.1280137684303355,1,1,1,1,0,1,1,0,0
2022,2022,SQC,4,Materials,0.5343821853959496,0,0,0,1,0,0,1,1,1
2022,2022,SRA,3,Health Care,4.816254029350419,1,1,0,0,0,0,1,0,0
2022,2022,SRC,6,Consumer Discretionary,0.8601661692218118,1,1,0,1,0,1,1,0,1
2022,2022,SRF,6,Industrials,0.9671821549474268,0,1,0,1,1,1,1,0,1
2022,2022,SRT,8,Industrials,0.447296285915325,1,1,1,1,1,0,1,1,1
2022,2022,SSC,4,Consumer Staples,0.9972753388618234,1,1,0,0,0,0,1,1,0
2022,2022,SSG,7,Industrials,2.0314959820019385,1,1,1,0,0,1,1,1,1
2022,2022,SSH,3,Real Estate,0.153060677788169,1,0,1,0,0,1,0,0,0
2022,2022,ST8,5,Consumer Discretionary,1.3134496335421872,1,0,1,0,0,1,1,1,0
2022,2022,STC,6,Communication Services,1.3741890874665363,1,1,0,1,0,1,1,1,0
2022,2022,STG,7,Industrials,0.5119950745028997,1,1,0,1,1,1,1,1,0
2022,2022,STH,7,Consumer Discretionary,2.111502071313448,1,1,1,1,1,1,1,0,0
2022,2022,STK,3,Consumer Discretionary,0.6848954881765353,1,1,0,0,0,1,0,0,0
2022,2022,STP,5,Materials,2.454447342672152,1,1,0,1,0,0,1,0,1
2022,2022,SVC,6,Consumer Discretionary,0.8665308852431968,1,0,1,0,1,1,0,1,1
2022,2022,SVD,2,Consumer Discretionary,3.5066340122625848,0,0,0,0,1,1,0,0,0
2022,2022,SVG,7,Materials,1.999412537576989,1,1,0,1,1,1,1,1,0
2022,2022,SVI,7,Materials,0.9291986558723968,1,1,1,1,0,1,1,1,0
2022,2022,SVN,5,Consumer Staples,2.4653617054817274,1,0,1,0,0,1,1,1,0
2022,2022,SVT,5,Materials,1.3005076632515633,1,0,0,0,0,1,1,1,1
2022,2022,SWC,7,Industrials,1.0450178793773486,1,1,1,0,1,1,1,0,1
2022,2022,SZB,6,Real Estate,0.7213690888704403,1,1,1,1,0,0,1,0,1
2022,2022,SZC,6,Real Estate,0.5855924078839695,1,1,0,1,1,1,1,0,0
2022,2022,SZE,7,Industrials,0.9942908913944444,1,1,0,1,1,1,1,0,1
2022,2022,SZG,9,Real Estate,0.3746222421129246,1,1,1,1,1,1,1,1,1
2022,2022,SZL,6,Real Estate,0.687234733343537,1,1,0,1,0,1,1,0,1
2022,2022,TA9,5,Industrials,1.0283568910575251,1,1,0,1,0,0,1,0,1
2022,2022,TAR,3,Consumer Staples,1.3656529739784136,1,0,0,0,1,1,0,0,0
2022,2022,TBC,9,Utilities,0.5859264233524623,1,1,1,1,1,1,1,1,1
2022,2022,TC6,7,Energy,2.4321780972270517,1,1,0,1,1,1,1,0,1
2022,2022,TCD,5,Industrials,2.5336361538458707,1,0,1,0,0,1,0,1,1
2022,2022,TCH,2,Real Estate,1.763902159534398,1,0,0,0,1,0,0,0,0
2022,2022,TCL,8,Industrials,0.5488792490939499,1,1,1,1,1,1,1,0,1
2022,2022,TCM,7,Consumer Discretionary,0.4534241324440309,1,1,1,0,0,1,1,1,1
2022,2022,TCO,4,Consumer Staples,2.1855969755581675,1,0,0,0,1,1,0,0,1
2022,2022,TCR,7,Materials,2.8252823210783524,1,1,0,1,1,1,1,0,1
2022,2022,TCT,6,Industrials,0.7300193185886074,1,1,1,0,0,0,1,1,1
2022,2022,TCW,9,Industrials,0.6567772528416279,1,1,1,1,1,1,1,1,1
2022,2022,TDC,5,Real Estate,1.178818949118812,1,1,0,1,0,0,1,0,1
2022,2022,TDG,5,Utilities,3.6451887452590688,1,0,0,0,1,1,1,1,0
2022,2022,TDH,7,Real Estate,1.3895174346418215,1,1,1,1,0,0,1,1,1
2022,2022,TDM,7,Utilities,0.5515722374378378,1,1,0,0,1,1,1,1,1
2022,2022,TDN,8,Energy,1.7673113003868874,1,1,1,1,1,1,1,0,1
2022,2022,TDP,3,Materials,0.3707118465877217,1,0,0,0,1,0,1,0,0
2022,2022,TDS,4,Materials,1.9050699507230564,0,1,0,1,0,1,1,0,0
2022,2022,TDT,7,Consumer Discretionary,1.3930039889992587,1,1,0,1,1,1,1,1,0
2022,2022,TDW,9,Utilities,0.6877422919810011,1,1,1,1,1,1,1,1,1
2022,2022,TED,6,Industrials,0.5667352643425,1,1,1,1,1,0,0,0,1
2022,2022,TEG,7,Industrials,1.4167358718139589,1,1,0,1,1,1,1,1,0
2022,2022,TFC,5,Consumer Staples,1.7959638286963424,1,0,1,0,0,0,1,1,1
2022,2022,TGG,4,Consumer Staples,3.146110293009026,0,1,0,1,1,1,0,0,0
2022,2022,THB,4,Consumer Staples,1.0653793813239416,1,0,1,0,0,0,1,0,1
2022,2022,THD,7,Industrials,0.3689790381175824,1,1,0,1,1,1,1,1,0
2022,2022,THG,6,Materials,0.8052210939400641,1,1,1,0,0,1,1,0,1
2022,2022,THT,8,Energy,1.6530935576019052,1,1,1,1,1,1,1,0,1
2022,2022,THW,8,Utilities,1.3659859420745042,1,1,1,1,0,1,1,1,1
2022,2022,TID,3,Consumer Staples,0.4150902524118677,1,0,0,0,1,0,0,0,1
2022,2022,TIE,2,Consumer Discretionary,6.311797055568327,0,0,0,0,0,0,1,1,0
2022,2022,TIG,1,Real Estate,1.5362479888369256,1,0,0,0,0,0,0,0,0
2022,2022,TIP,3,Real Estate,1.4341522231707255,1,0,1,0,0,1,0,0,0
2022,2022,TIS,2,Materials,2.1455087168268725,0,0,0,0,1,0,1,0,0
2022,2022,TKG,5,Unknown,0.8202822177926757,1,1,0,1,0,1,1,0,0
2022,2022,TKU,5,Materials,1.1406867703460912,1,0,0,0,1,1,1,0,1
2022,2022,TLD,3,Materials,3.5778525712481843,1,0,0,0,0,1,0,0,1
2022,2022,TLG,5,Industrials,0.4931855903407305,1,1,1,0,0,0,0,1,1
2022,2022,TLH,3,Materials,2.873368532466312,1,0,0,0,0,1,1,0,0
2022,2022,TLI,7,Consumer Discretionary,2.63614011031746,0,1,0,1,1,1,1,1,1
2022,2022,TLP,7,Consumer Discretionary,1.3338696124566216,1,1,0,1,1,1,1,0,1
2022,2022,TMB,6,Energy,1.3408561949613096,1,1,1,1,0,0,1,0,1
2022,2022,TMC,5,Consumer Discretionary,1.1782166325415826,1,1,0,1,0,0,1,0,1
2022,2022,TMP,8,Utilities,0.4747973521780664,1,1,1,0,1,1,1,1,1
2022,2022,TMS,6,Industrials,0.5840495249506182,1,1,0,0,1,1,1,1,0
2022,2022,TMT,3,Consumer Discretionary,1.250829478827873,1,0,0,0,1,0,1,0,0
2022,2022,TMX,6,Materials,2.0183259855907174,1,1,1,0,0,0,1,1,1
2022,2022,TN1,5,Real Estate,1.0948573742976138,1,1,0,1,0,1,0,0,1
2022,2022,TNA,3,Consumer Discretionary,1.915298287556368,1,0,0,0,0,0,1,0,1
2022,2022,TNH,6,Health Care,0.5078800037290103,1,1,0,1,1,0,1,0,1
2022,2022,TNI,6,Materials,3.147082536777478,1,1,1,1,0,0,1,1,0
2022,2022,TNP,5,Industrials,1.3674127785410577,1,1,0,1,0,1,1,0,0
2022,2022,TNT,5,Materials,3.5624490860071303,1,1,0,1,1,0,1,0,0
2022,2022,TOS,3,Industrials,0.8263420832983063,1,1,0,1,0,0,0,0,0
2022,2022,TOT,5,Industrials,1.0819340270528597,1,0,1,0,0,0,1,1,1
2022,2022,TPC,5,Materials,2.243486055461654,1,0,0,0,0,1,1,1,1
2022,2022,TPS,7,Industrials,0.5743342504758364,1,1,1,0,0,1,1,1,1
2022,2022,TR1,7,Industrials,2.0397671801620083,1,1,1,0,0,1,1,1,1
2022,2022,TRA,7,Health Care,0.3454730915461217,1,1,1,0,0,1,1,1,1
2022,2022,TRC,5,Materials,1.7763551773232955,1,1,0,0,1,0,1,0,1
2022,2022,TS3,6,Industrials,2.5169496207996755,1,1,0,1,0,1,1,1,0
2022,2022,TSB,6,Industrials,0.6876922767106095,1,1,0,0,1,1,1,1,0
2022,2022,TSC,3,Consumer Discretionary,3.250581482717424,0,0,0,0,0,1,0,1,1
2022,2022,TTA,9,Utilities,1.273728187301951,1,1,1,1,1,1,1,1,1
2022,2022,TTB,3,Real Estate,2.561732923794241,1,0,0,0,0,1,0,0,1
2022,2022,TTC,4,Materials,1.7185496847951338,1,0,1,0,0,0,1,0,1
2022,2022,TTD,8,Health Care,0.3198346979211012,1,1,1,1,0,1,1,1,1
2022,2022,TTF,7,Consumer Discretionary,0.3367191754471689,1,1,1,1,1,1,1,0,0
2022,2022,TTG,5,Consumer Discretionary,0.4144286043956044,0,0,1,1,0,0,1,1,1
2022,2022,TTH,5,Consumer Discretionary,6.047903091471378,0,1,0,1,1,0,1,0,1
2022,2022,TTL,3,Industrials,1.3680765825960428,1,0,0,0,1,0,1,0,0
2022,2022,TTN,7,Communication Services,1.578182513526004,1,1,1,1,1,1,0,0,1
2022,2022,TV1,8,Industrials,0.9998409655895304,1,1,1,1,1,0,1,1,1
2022,2022,TV2,6,Industrials,0.9006655477379429,1,1,0,0,1,1,1,1,0
2022,2022,TV3,5,Industrials,0.6878034209382593,1,0,1,0,0,1,1,1,0
2022,2022,TV4,5,Industrials,1.000618220272858,1,0,1,0,0,1,1,1,0
2022,2022,TVD,8,Energy,1.8018704384144384,1,1,1,1,1,1,1,0,1
2022,2022,TVN,4,Materials,2.5063403808300073,0,1,0,1,1,0,1,0,0
2022,2022,TVP,5,Health Care,0.5907210930215215,1,1,1,0,0,0,1,0,1
2022,2022,TVT,6,Consumer Discretionary,1.149358815749179,1,1,0,1,1,0,1,0,1
2022,2022,TXM,4,Materials,4.584898055912698,1,0,1,0,0,0,1,1,0
2022,2022,TYA,5,Industrials,1.3033872424796376,1,1,0,1,0,1,1,0,0
2022,2022,UDC,4,Industrials,1.6642983386394374,0,1,0,1,1,0,1,0,0
2022,2022,UDJ,3,Real Estate,1.6676935942934967,1,0,0,0,0,0,1,1,0
2022,2022,UIC,8,Utilities,1.1867394446796566,1,1,1,1,1,1,1,0,1
2022,2022,UNI,5,Real Estate,1.0261021089471685,1,0,1,0,0,1,1,1,0
2022,2022,V12,6,Industrials,1.2928473286585758,1,1,1,1,0,1,1,0,0
2022,2022,V21,5,Consumer Discretionary,2.9864874680664117,1,0,0,0,1,1,1,1,0
2022,2022,VAF,5,Materials,1.4339818824351134,1,0,1,0,0,1,1,1,0
2022,2022,VBC,4,Materials,0.8173463869031792,1,0,0,0,1,0,1,1,0
2022,2022,VC1,6,Industrials,2.090191764,1,1,0,1,0,1,1,0,1
2022,2022,VC2,2,Industrials,1.6915768200409658,1,0,0,0,0,1,0,0,0
2022,2022,VC3,4,Real Estate,0.4186575314895284,1,0,1,0,1,0,0,0,1
2022,2022,VC6,4,Industrials,1.6700040848626747,1,0,1,0,0,1,0,1,0
2022,2022,VC7,4,Consumer Discretionary,1.6099793586778768,1,0,0,0,0,0,1,1,1
2022,2022,VC9,7,Industrials,0.1712984105039944,1,1,1,1,0,1,1,0,1
2022,2022,VCA,4,Materials,1.137835534710569,0,1,0,1,0,1,1,0,0
2022,2022,VCC,7,Industrials,0.9821292113307494,1,1,1,1,0,1,1,0,1
2022,2022,VCF,4,Consumer Staples,0.2805450766992563,1,0,0,0,0,1,1,0,1
2022,2022,VCG,4,Industrials,0.806435854945547,1,0,1,0,1,1,0,0,0
2022,2022,VCM,4,Consumer Discretionary,1.1488063433503402,1,1,0,1,0,0,1,0,0
2022,2022,VCP,9,Utilities,0.7133266287230292,1,1,1,1,1,1,1,1,1
2022,2022,VCR,8,Real Estate,0.4002719612198941,1,1,1,1,1,0,1,1,1
2022,2022,VCS,6,Materials,0.541452140375556,1,1,0,1,1,1,1,0,0
2022,2022,VCW,4,Utilities,0.4060974460109091,1,1,0,1,0,0,1,0,0
2022,2022,VCX,5,Materials,2.389630955270763,1,1,0,1,1,0,1,0,0
2022,2022,VE3,6,Industrials,1.6559577436233788,1,1,0,1,1,0,1,1,0
2022,2022,VE8,3,Industrials,1.495248129861111,0,0,0,1,1,0,1,0,0
2022,2022,VE9,3,Industrials,1.0639259476087497,0,0,0,1,0,0,1,0,1
2022,2022,VEA,5,Industrials,0.4608042537450493,1,1,1,0,0,0,1,0,1
2022,2022,VEC,5,Information Technology,0.5926753257426807,0,1,1,1,0,0,1,1,0
2022,2022,VEF,5,Industrials,0.2369858551642723,1,1,0,1,1,0,1,0,0
2022,2022,VET,6,Health Care,0.3768318149147727,1,1,0,1,0,1,1,1,0
2022,2022,VFC,9,Industrials,0.5664465207828314,1,1,1,1,1,1,1,1,1
2022,2022,VFG,4,Materials,0.7803714943391328,1,0,1,0,0,0,1,0,1
2022,2022,VFR,6,Industrials,1.776656754514768,1,1,1,0,0,1,1,1,0
2022,2022,VGC,8,Industrials,0.4998622007546408,1,1,1,1,1,1,0,1,1
2022,2022,VGG,5,Consumer Discretionary,1.048889084802154,1,0,1,0,0,0,1,1,1
2022,2022,VGI,9,Communication Services,0.4790180700560534,1,1,1,1,1,1,1,1,1
2022,2022,VGS,5,Materials,1.804786684717265,1,1,0,0,1,0,1,0,1
2022,2022,VGT,4,Consumer Discretionary,1.3974783684858585,1,0,0,0,1,0,1,0,1
2022,2022,VGV,8,Industrials,0.9153017482943878,1,1,1,1,0,1,1,1,1
2022,2022,VHC,6,Consumer Staples,0.5877790286961517,1,1,1,0,1,0,0,1,1
2022,2022,VHD,5,Real Estate,0.633378631588181,1,1,0,1,0,0,1,1,0
2022,2022,VHE,5,Consumer Staples,3.3439560796370964,1,1,0,1,1,1,0,0,0
2022,2022,VHH,4,Materials,0.5184700917333334,0,1,0,1,1,0,1,0,0
2022,2022,VHL,6,Materials,1.0810230294791112,1,1,0,1,0,1,1,0,1
2022,2022,VHM,5,Real Estate,0.694768314993445,1,1,0,1,1,0,1,0,0
2022,2022,VIC,3,Real Estate,0.5365414842781474,1,0,1,0,1,0,0,0,0
2022,2022,VID,4,Materials,1.912243817963348,1,0,0,0,0,1,1,0,1
2022,2022,VIP,8,Energy,2.2019035535242097,1,1,1,0,1,1,1,1,1
2022,2022,VIT,3,Materials,0.6551401807588568,1,0,0,0,1,0,1,0,0
2022,2022,VJC,3,Industrials,0.2508641341672132,0,0,0,0,0,0,1,1,1
2022,2022,VLA,5,Consumer Discretionary,0.2586126174173986,1,1,0,1,0,0,1,0,1
2022,2022,VLB,2,Materials,0.4719373675140647,0,0,0,0,0,0,1,0,1
2022,2022,VLC,4,Consumer Staples,1.208294275406341,1,1,0,1,0,1,0,0,0
2022,2022,VLG,2,Industrials,2.578665138778002,0,0,0,1,0,0,1,0,0
2022,2022,VMC,3,Industrials,1.836261437214625,1,0,0,0,0,0,0,1,1
2022,2022,VMD,5,Health Care,1.0769471231461618,1,1,1,1,0,1,0,0,0
2022,2022,VMG,4,Utilities,0.4239091876551418,0,0,0,0,0,1,1,1,1
2022,2022,VMS,6,Industrials,0.914239921003933,1,1,0,1,0,1,1,0,1
2022,2022,VNA,8,Industrials,0.8515701312741379,1,1,1,1,1,1,1,1,0
2022,2022,VNB,5,Communication Services,1.9075685334255912,1,0,1,0,0,0,1,1,1
2022,2022,VNE,4,Industrials,1.3191950128736094,1,0,1,0,0,1,0,1,0
2022,2022,VNF,5,Industrials,1.9977511860869996,1,1,0,1,0,1,0,1,0
2022,2022,VNG,8,Consumer Discretionary,1.179870968786629,1,1,1,1,0,1,1,1,1
2022,2022,VNH,1,Consumer Staples,0.2841930211663014,0,0,0,0,0,0,1,0,0
2022,2022,VNL,4,Industrials,1.2641150286411371,1,1,0,0,0,1,0,1,0
2022,2022,VNM,5,Consumer Staples,0.1876760472863672,1,1,0,1,1,0,1,0,0
2022,2022,VNP,3,Materials,1.5729000606167038,1,0,0,0,0,1,1,0,0
2022,2022,VNS,8,Industrials,1.182091854700649,1,1,1,1,0,1,1,1,1
2022,2022,VNT,4,Industrials,0.2225330188295337,0,1,0,1,0,0,1,1,0
2022,2022,VNY,5,Health Care,1.310281276657977,1,1,0,1,0,1,1,0,0
2022,2022,VOC,2,Consumer Staples,0.4795543321741854,0,0,0,0,0,0,1,0,1
2022,2022,VOS,8,Industrials,0.9328779770677657,1,1,1,1,1,1,1,0,1
2022,2022,VPA,4,Industrials,0.0916400263712175,0,1,0,1,0,1,1,0,0
2022,2022,VPD,9,Utilities,0.6391494696551471,1,1,1,1,1,1,1,1,1
2022,2022,VPG,1,Materials,1.330079536499691,1,0,0,0,0,0,0,0,0
2022,2022,VPH,4,Real Estate,2.6569741550581916,1,1,0,1,0,0,0,1,0
2022,2022,VPI,5,Real Estate,0.269964213863837,1,1,1,0,0,1,0,1,0
2022,2022,VPS,5,Materials,1.5914908672531252,1,0,1,0,1,0,1,0,1
2022,2022,VQC,7,Industrials,1.501618604654203,1,1,1,1,0,0,1,1,1
2022,2022,VRC,6,Real Estate,2.339581526785542,1,1,1,1,1,0,1,0,0
2022,2022,VRE,7,Real Estate,0.5587556712525545,1,1,1,1,1,0,0,1,1
2022,2022,VRG,5,Real Estate,0.4437226273905735,1,0,1,0,0,0,1,1,1
2022,2022,VSA,4,Industrials,1.3429436556359888,1,0,0,0,0,1,1,1,0
2022,2022,VSC,4,Industrials,0.7588730541961137,1,1,0,1,0,0,0,1,0
2022,2022,VSE,4,Industrials,1.7222191996978935,1,0,0,0,0,1,1,0,1
2022,2022,VSF,7,Consumer Staples,1.0640680312306976,0,1,1,1,0,1,1,1,1
2022,2022,VSH,9,Utilities,0.6733047578100939,1,1,1,1,1,1,1,1,1
2022,2022,VSI,6,Industrials,0.8047628585999503,1,1,0,1,1,0,1,0,1
2022,2022,VSM,7,Industrials,1.4211557281581486,1,1,1,1,0,1,1,0,1
2022,2022,VSN,7,Consumer Staples,0.6914680177463364,1,1,0,1,1,1,1,1,0
2022,2022,VTA,4,Materials,1.8247780573404255,0,0,0,0,1,1,1,0,1
2022,2022,VTB,5,Consumer Discretionary,1.1311136780162376,1,0,1,0,0,1,1,1,0
2022,2022,VTC,4,Communication Services,1.2622879247611891,1,0,1,0,0,0,1,0,1
2022,2022,VTD,2,Consumer Discretionary,1.266019433290378,1,0,0,0,0,0,0,1,0
2022,2022,VTH,4,Industrials,1.3256112074734627,1,0,0,0,0,0,1,1,1
2022,2022,VTK,4,Communication Services,0.6940969692880302,1,0,1,0,0,0,1,0,1
2022,2022,VTO,6,Energy,1.9691253819879648,1,1,0,1,0,1,0,1,1
2022,2022,VTP,4,Industrials,0.4597640279472619,1,1,0,0,0,0,1,1,0
2022,2022,VTV,4,Energy,3.10347625506058,1,0,1,0,0,0,1,0,1
2022,2022,VTZ,3,Materials,1.391303817983237,1,1,0,0,1,0,0,0,0
2022,2022,WCS,6,Industrials,0.4545482645119048,1,1,1,0,0,0,1,1,1
2022,2022,WSB,4,Consumer Staples,1.0416406557444646,1,1,0,0,0,1,1,0,0
2022,2022,X20,7,Consumer Discretionary,1.8825692951678592,1,1,1,0,1,1,1,0,1
2022,2022,XDC,6,Industrials,0.7352941176470589,1,0,1,0,0,1,1,1,1
2022,2022,XLV,8,Industrials,2.2806605343243245,1,1,1,1,0,1,1,1,1
2022,2022,XMC,8,Industrials,1.852434617415702,1,1,1,1,1,0,1,1,1
2022,2022,XMD,5,Materials,1.504548523115942,1,0,1,0,0,0,1,1,1
2022,2022,YBM,7,Materials,2.18280923266489,1,1,0,1,1,1,1,1,0
2022,2022,YEG,4,Communication Services,3.208519217275767,1,0,0,0,1,0,1,1,0
2023,2023,AAA,7,Materials,1.4793562425633815,1,1,1,1,1,0,1,1,0
2023,2023,AAM,2,Consumer Staples,2.0781126003739168,1,0,0,0,0,0,1,0,0
2023,2023,AAV,4,Real Estate,2.6279814020407604,0,1,0,1,0,1,1,0,0
2023,2023,ABC,3,Communication Services,1.83721835242872,1,0,0,0,0,1,1,0,0
2023,2023,ABR,5,Communication Services,1.1495938772945455,1,1,0,0,0,1,1,1,0
2023,2023,ABT,4,Consumer Staples,1.190719688713837,1,1,0,0,0,1,1,0,0
2023,2023,ACC,3,Materials,0.9838816644962946,1,0,0,0,0,0,1,1,0
2023,2023,ACE,6,Materials,0.6423983968871729,1,1,0,1,0,1,1,1,0
2023,2023,ACG,4,Materials,0.736125334275831,1,1,0,1,0,1,0,0,0
2023,2023,ACL,2,Consumer Staples,1.344486722892618,1,0,0,0,0,0,1,0,0
2023,2023,ACV,7,Industrials,0.3504708607415746,1,1,1,0,1,0,1,1,1
2023,2023,ADC,5,Communication Services,1.0603519047824557,1,1,0,1,0,1,1,0,0
2023,2023,ADG,5,Communication Services,0.6927251467993737,1,1,0,1,0,0,1,1,0
2023,2023,ADS,3,Consumer Discretionary,0.957907317486202,1,0,0,0,0,1,0,1,0
2023,2023,AFX,3,Consumer Staples,1.4602052590097403,1,0,0,0,0,0,1,1,0
2023,2023,AG1,5,Consumer Discretionary,1.395123929405014,1,1,0,1,0,1,1,0,0
2023,2023,AGG,6,Real Estate,0.8440568452961219,1,1,1,0,0,1,1,1,0
2023,2023,AGM,4,Consumer Staples,0.1909653810982011,0,1,0,1,1,0,1,0,0
2023,2023,AGP,4,Health Care,0.6601532235908837,1,1,0,1,1,0,0,0,0
2023,2023,AGX,5,Consumer Staples,1.8974675222556583,1,1,0,1,0,1,1,0,0
2023,2023,ALT,6,Materials,2.8689878155946102,1,1,0,1,1,0,1,0,1
2023,2023,ALV,8,Industrials,3.8644662230818754,1,1,1,1,1,1,1,1,0
2023,2023,AMC,7,Materials,1.0504361823125064,1,1,1,0,1,1,1,0,1
2023,2023,AME,4,Industrials,1.4198798256261278,1,0,1,0,0,0,1,0,1
2023,2023,AMP,6,Consumer Discretionary,0.4945175965588578,1,1,1,1,0,0,1,1,0
2023,2023,AMS,4,Industrials,1.273612401972492,1,0,0,0,1,1,0,1,0
2023,2023,AMV,4,Health Care,3.16415137739717,1,0,0,0,1,1,1,0,0
2023,2023,ANT,2,Consumer Staples,1.3784516141155576,1,0,0,0,0,1,0,0,0
2023,2023,ANV,3,Consumer Staples,0.68784451276941,1,0,0,0,1,1,0,0,0
2023,2023,APC,3,Industrials,3.1566973912206016,0,0,0,1,1,0,1,0,0
2023,2023,APF,3,Consumer Staples,0.7163235987370719,1,1,0,1,0,0,0,0,0
2023,2023,APH,7,Materials,1.2830505362330216,1,1,1,1,1,0,1,1,0
2023,2023,API,3,Real Estate,1.8916801948633044,0,0,0,0,1,0,1,1,0
2023,2023,APP,3,Energy,2.026380163464178,0,1,0,1,0,0,1,0,0
2023,2023,ARM,5,Industrials,0.3981791745043456,1,0,1,0,0,0,1,1,1
2023,2023,ASG,5,Industrials,0.7046436880467127,1,1,0,1,1,0,1,0,0
2023,2023,ASM,3,Consumer Staples,1.492670293836642,1,0,0,0,0,1,1,0,0
2023,2023,ASP,5,Utilities,2.0098105488836295,0,1,0,1,1,0,1,1,0
2023,2023,AST,8,Industrials,0.2223834887568757,1,1,1,1,1,1,0,1,1
2023,2023,ATS,3,Consumer Discretionary,0.6270440162914863,1,0,0,0,0,0,1,0,1
2023,2023,AVC,3,Utilities,0.305576734207534,1,1,0,0,0,0,1,0,0
2023,2023,BAF,1,Consumer Staples,0.5115146217471628,1,0,0,0,0,0,0,0,0
2023,2023,BAX,3,Real Estate,0.6281111005247778,1,0,0,0,0,0,1,1,0
2023,2023,BBC,4,Unknown,1.5032655053454855,1,1,0,0,0,0,1,1,0
2023,2023,BBT,8,Health Care,1.6158080215500483,1,1,1,1,1,0,1,1,1
2023,2023,BCA,6,Materials,4.803612185602141,1,0,1,0,0,1,1,1,1
2023,2023,BCC,4,Materials,1.6055587941235805,0,1,0,1,1,0,1,0,0
2023,2023,BCE,5,Industrials,1.633927844381279,1,0,1,0,0,0,1,1,1
2023,2023,BCF,4,Consumer Staples,0.3533145143654054,1,1,0,1,0,0,1,0,0
2023,2023,BCG,4,Industrials,1.4552441994053285,1,0,0,0,1,1,0,1,0
2023,2023,BCM,6,Real Estate,0.2851240189196716,1,0,1,0,1,0,1,1,1
2023,2023,BCP,4,Health Care,0.6385132698333333,0,1,0,1,1,0,1,0,0
2023,2023,BCR,3,Real Estate,1.048384714660699,1,0,0,0,0,1,0,1,0
2023,2023,BDG,5,Consumer Discretionary,0.7581718653859136,1,1,0,0,1,1,1,0,0
2023,2023,BDT,5,Materials,1.0598998449548709,1,1,0,1,1,0,1,0,0
2023,2023,BDW,6,Utilities,0.7677761554331711,1,1,0,1,1,0,1,0,1
2023,2023,BFC,7,Materials,0.7597885484500262,1,1,0,1,1,1,1,1,0
2023,2023,BHN,5,Consumer Staples,0.4997812355030198,1,1,0,1,0,1,1,0,0
2023,2023,BIG,7,Consumer Discretionary,1.392858956372093,1,0,1,0,1,1,1,1,1
2023,2023,BKC,7,Materials,2.2602625485633325,1,1,1,1,0,1,1,0,1
2023,2023,BKG,7,Materials,2.45044890297786,1,1,0,1,1,1,1,1,0
2023,2023,BLF,7,Consumer Staples,2.5261287065869564,1,1,1,1,0,1,1,1,0
2023,2023,BLT,6,Consumer Staples,0.7939494230603448,1,1,1,1,0,0,1,0,1
2023,2023,BMC,6,Materials,1.2447977503455574,1,0,1,0,0,1,1,1,1
2023,2023,BMF,2,Consumer Discretionary,1.3261271544020463,1,0,0,0,0,0,1,0,0
2023,2023,BMJ,4,Materials,1.0801708308032458,1,1,0,1,0,0,1,0,0
2023,2023,BMN,7,Unknown,1.2729956848770054,1,1,1,1,0,1,1,0,1
2023,2023,BMP,6,Materials,0.3150267968856832,1,1,1,1,0,0,1,1,0
2023,2023,BNA,3,Consumer Staples,1.8032723941914248,1,0,0,0,1,0,1,0,0
2023,2023,BOT,6,Industrials,0.97307847524317,0,1,0,1,1,0,1,1,1
2023,2023,BQB,6,Consumer Staples,1.3017655925615763,0,1,1,1,0,0,1,1,1
2023,2023,BRC,6,Consumer Discretionary,1.4011831194854143,1,1,1,1,0,1,1,0,0
2023,2023,BRR,4,Materials,0.7424115445511111,1,1,0,0,0,1,1,0,0
2023,2023,BRS,5,Industrials,0.7295858157680809,1,1,1,0,0,0,1,1,0
2023,2023,BSA,5,Utilities,0.7317009064213147,1,1,0,1,1,0,1,0,0
2023,2023,BSD,5,Consumer Staples,1.1737438416319443,1,1,0,1,0,0,1,0,1
2023,2023,BSG,9,Industrials,0.4487152741693767,1,1,1,1,1,1,1,1,1
2023,2023,BSP,6,Consumer Staples,1.2738202943616,1,1,1,1,0,0,1,1,0
2023,2023,BSQ,4,Consumer Staples,0.9414139174867456,1,1,0,1,0,0,1,0,0
2023,2023,BSR,5,Energy,0.9952134337211728,1,1,0,1,0,1,1,0,0
2023,2023,BST,3,Communication Services,0.8344529880580958,1,1,0,0,0,0,1,0,0
2023,2023,BTN,3,Materials,1.536608868138443,0,0,0,1,0,0,1,0,1
2023,2023,BTP,8,Utilities,1.2498224280161323,1,1,1,1,1,1,1,0,1
2023,2023,BTS,3,Materials,1.86615808798297,0,1,0,1,0,0,1,0,0
2023,2023,BVL,5,Industrials,1.1177174991494048,1,1,0,1,1,0,1,0,0
2023,2023,BVN,6,Consumer Discretionary,1.5561572317457628,1,1,0,1,1,0,1,0,1
2023,2023,BWE,4,Utilities,0.6041568911051968,1,1,0,1,0,0,0,1,0
2023,2023,BWS,8,Utilities,0.3961631780273038,1,1,1,1,1,1,1,0,1
2023,2023,BXH,3,Materials,0.951311533081774,1,0,0,0,0,0,1,0,1
2023,2023,C21,9,Real Estate,2.8101958379884526,1,1,1,1,1,1,1,1,1
2023,2023,C32,3,Materials,2.114656130329288,0,0,0,1,1,0,1,0,0
2023,2023,C47,5,Industrials,1.630112419004831,1,1,0,1,1,0,0,0,1
2023,2023,C4G,6,Industrials,0.894626751440343,1,1,0,1,1,1,0,1,0
2023,2023,C69,4,Industrials,1.5389070720788105,1,1,0,1,0,1,0,0,0
2023,2023,C92,7,Industrials,3.7541052663343137,1,1,1,1,0,0,1,1,1
2023,2023,CAG,5,Industrials,1.4574366517669248,1,1,0,1,0,1,1,0,0
2023,2023,CAP,5,Materials,0.3464370133026432,1,1,0,1,0,1,1,0,0
2023,2023,CAR,4,Consumer Discretionary,0.6439899250301933,1,0,0,0,0,1,1,0,1
2023,2023,CAT,3,Consumer Staples,1.0179810049230251,1,1,0,0,0,1,0,0,0
2023,2023,CAV,7,Industrials,0.3681369321096003,1,1,1,1,0,0,1,1,1
2023,2023,CBI,7,Materials,1.4366082013250954,1,1,0,1,1,1,1,0,1
2023,2023,CC1,4,Industrials,0.6941607995710277,1,1,0,1,1,0,0,0,0
2023,2023,CCI,3,Energy,0.5698650605674661,1,1,0,0,0,0,1,0,0
2023,2023,CCR,8,Industrials,1.0074256748790766,1,1,1,1,1,0,1,1,1
2023,2023,CCT,8,Industrials,1.4012299340183156,1,1,1,1,1,1,1,0,1
2023,2023,CDC,6,Industrials,0.7042010693688018,1,0,1,0,1,1,1,1,0
2023,2023,CDH,3,Consumer Discretionary,6.522280951428572,1,0,0,0,0,0,1,1,0
2023,2023,CDN,5,Industrials,0.6187171894389548,1,1,0,1,0,1,1,0,0
2023,2023,CDP,4,Health Care,0.9959831878924712,1,0,0,0,1,1,1,0,0
2023,2023,CDR,6,Industrials,2.18030013416017,1,1,1,1,0,0,1,0,1
2023,2023,CEO,3,Real Estate,0.5091218857181212,1,0,0,0,1,1,0,0,0
2023,2023,CET,3,Consumer Discretionary,1.825098409700583,1,0,0,0,0,0,1,1,0
2023,2023,CFM,8,Consumer Discretionary,1.0313543015463915,1,1,1,0,1,1,1,1,1
2023,2023,CFV,4,Consumer Staples,0.4711917039305162,1,0,1,0,0,0,1,1,0
2023,2023,CGV,6,Consumer Discretionary,3.2943437374462983,1,1,1,1,1,0,1,0,0
2023,2023,CHP,5,Utilities,0.5215430158449335,1,1,0,1,1,0,1,0,0
2023,2023,CHS,7,Industrials,1.1750901160642426,1,1,1,1,0,1,1,0,1
2023,2023,CI5,6,Industrials,1.6717973786940812,1,1,1,1,0,0,1,0,1
2023,2023,CIA,3,Industrials,1.764958749581102,1,0,0,0,0,0,1,1,0
2023,2023,CIG,4,Industrials,0.1283814640253509,0,0,0,1,1,0,1,1,0
2023,2023,CII,3,Industrials,1.150101522002384,1,0,0,0,0,1,0,1,0
2023,2023,CIP,6,Industrials,1.5809294641144114,1,1,1,1,0,1,1,0,0
2023,2023,CKD,3,Materials,0.6889746198693344,1,0,0,0,0,0,1,1,0
2023,2023,CKG,4,Real Estate,0.6383008925084743,1,0,0,0,1,0,1,1,0
2023,2023,CLC,3,Consumer Staples,0.8897490083606322,1,1,0,0,0,0,1,0,0
2023,2023,CLH,6,Materials,0.6480230055895916,1,1,0,0,1,1,1,1,0
2023,2023,CLL,6,Industrials,0.4786394833723896,1,1,1,1,0,0,1,0,1
2023,2023,CLM,3,Energy,0.9931916095254236,1,0,0,0,0,0,1,0,1
2023,2023,CLW,7,Utilities,0.5076040982017982,1,1,1,1,1,0,1,1,0
2023,2023,CLX,6,Consumer Staples,1.401146938821346,1,1,0,0,1,1,1,1,0
2023,2023,CMC,7,Industrials,2.2554398554897133,1,1,1,1,1,1,1,0,0
2023,2023,CMD,3,Materials,1.0145327930259531,1,0,0,0,0,0,1,1,0
2023,2023,CMS,5,Industrials,0.5290179038811131,1,0,1,0,0,1,1,1,0
2023,2023,CMT,6,Information Technology,1.4576607821881349,1,1,0,1,0,1,1,0,1
2023,2023,CMV,3,Consumer Discretionary,1.5463270327030487,1,0,0,0,0,0,1,1,0
2023,2023,CMX,3,Consumer Staples,1.2776665925964183,1,0,0,0,0,0,1,1,0
2023,2023,CNC,4,Health Care,0.564750338309073,1,1,0,1,0,0,1,0,0
2023,2023,CNG,6,Utilities,0.6266218406406933,1,1,0,0,1,1,1,1,0
2023,2023,COM,7,Energy,0.8068052813483496,1,1,1,1,0,1,1,1,0
2023,2023,CPC,6,Materials,1.239595151638953,1,1,1,1,0,0,1,1,0
2023,2023,CQN,4,Industrials,0.4207925655894852,1,0,0,0,0,1,1,1,0
2023,2023,CRC,7,Industrials,2.4248465087728936,1,1,1,1,1,0,1,1,0
2023,2023,CRE,2,Real Estate,1.3989541253555031,1,0,0,0,0,1,0,0,0
2023,2023,CSC,2,Real Estate,0.7028419591774863,1,0,0,0,0,1,0,0,0
2023,2023,CSM,6,Consumer Discretionary,1.0474378525805517,1,1,0,1,1,1,1,0,0
2023,2023,CST,6,Energy,1.4456596374853918,1,1,1,0,0,1,1,1,0
2023,2023,CSV,5,Materials,0.766886155726741,1,1,0,1,0,1,1,0,0
2023,2023,CT6,5,Industrials,1.7217649683137948,1,1,1,0,0,0,1,0,1
2023,2023,CTB,6,Industrials,1.1316770283191089,1,1,0,1,0,1,1,1,0
2023,2023,CTD,5,Industrials,1.2315815892300883,1,1,1,1,1,0,0,0,0
2023,2023,CTF,1,Consumer Discretionary,0.3456323815062137,1,0,0,0,0,0,0,0,0
2023,2023,CTI,6,Industrials,1.42438663639997,1,1,0,1,1,0,1,1,0
2023,2023,CTP,2,Consumer Staples,2.7200478207846013,1,0,0,0,0,0,1,0,0
2023,2023,CTR,5,Communication Services,0.1893196765081386,1,1,0,1,0,1,1,0,0
2023,2023,CTW,6,Utilities,0.951845848725444,1,1,0,1,1,0,1,0,1
2023,2023,CVT,3,Materials,0.8025650118082207,1,0,0,0,1,0,1,0,0
2023,2023,D11,6,Consumer Discretionary,2.2015370326117383,1,1,0,1,0,1,1,1,0
2023,2023,D2D,4,Real Estate,1.2282988560279724,1,0,1,0,0,0,1,0,1
2023,2023,DAD,4,Communication Services,0.956598033763112,1,1,0,0,0,1,1,0,0
2023,2023,DAG,2,Industrials,0.4167611282412755,0,0,0,1,0,0,1,0,0
2023,2023,DAH,7,Consumer Discretionary,2.4685613844445045,1,1,0,1,1,0,1,1,1
2023,2023,DAT,6,Consumer Staples,1.4252023799179965,1,1,0,1,1,1,1,0,0
2023,2023,DBC,5,Consumer Staples,0.7037158431190181,1,0,1,0,0,1,1,1,0
2023,2023,DBD,5,Health Care,0.3521648345344789,1,1,0,1,1,0,1,0,0
2023,2023,DBM,4,Health Care,1.1218705415382555,1,1,0,0,0,1,1,0,0
2023,2023,DBT,6,Health Care,1.2043234237806224,1,1,0,0,1,1,0,1,1
2023,2023,DC4,5,Industrials,1.282876141841739,1,0,1,0,0,0,1,1,1
2023,2023,DCL,3,Health Care,0.7844085818532406,1,1,0,0,0,0,1,0,0
2023,2023,DCM,4,Materials,0.5792600153158479,1,1,0,1,0,0,1,0,0
2023,2023,DCR,3,Materials,1.7753122048251748,1,0,0,0,0,0,1,1,0
2023,2023,DDG,3,Utilities,1.6461306409920329,0,1,0,1,0,0,1,0,0
2023,2023,DDN,4,Consumer Staples,1.5775656157088465,1,1,0,1,0,0,1,0,0
2023,2023,DDV,5,Materials,1.226248403200893,1,1,0,1,0,1,1,0,0
2023,2023,DFF,2,Industrials,0.921559801138158,0,0,0,1,0,0,1,0,0
2023,2023,DGC,3,Materials,0.3262562349837261,1,1,0,0,0,0,1,0,0
2023,2023,DGT,5,Materials,2.3094989931921748,1,0,1,0,1,1,1,0,0
2023,2023,DGW,5,Consumer Discretionary,0.2969108365849209,1,1,0,1,1,0,0,1,0
2023,2023,DHA,7,Materials,0.5698455666113809,1,1,1,1,0,0,1,1,1
2023,2023,DHB,4,Materials,0.2246902506451139,1,1,0,0,0,1,1,0,0
2023,2023,DHC,3,Materials,0.6044589353447871,1,1,0,0,0,1,0,0,0
2023,2023,DHG,3,Health Care,0.3568966397960999,1,1,0,0,0,0,1,0,0
2023,2023,DHM,4,Materials,1.4869627009670503,1,0,1,0,0,0,1,0,1
2023,2023,DHP,5,Consumer Discretionary,1.6110525335651529,1,1,0,0,0,1,1,1,0
2023,2023,DHT,3,Health Care,0.5482407273782357,1,1,0,1,0,0,0,0,0
2023,2023,DIG,4,Real Estate,0.4689204432956713,1,1,0,1,1,0,0,0,0
2023,2023,DIH,8,Industrials,0.6977905610132644,1,1,1,1,0,1,1,1,1
2023,2023,DL1,5,Utilities,2.7511507448772767,1,0,0,0,1,1,1,1,0
2023,2023,DLG,5,Industrials,0.5347384787850102,0,1,1,1,0,0,1,0,1
2023,2023,DMC,4,Health Care,0.7614638022666673,1,1,0,0,0,1,1,0,0
2023,2023,DMN,7,Consumer Staples,2.3291256784615384,1,1,0,1,0,1,1,1,1
2023,2023,DNP,7,Materials,0.6001150230200517,1,1,1,1,1,1,0,1,0
2023,2023,DNW,8,Utilities,0.6468801970026786,1,1,0,1,1,1,1,1,1
2023,2023,DOP,9,Energy,1.363774159241811,1,1,1,1,1,1,1,1,1
2023,2023,DP1,5,Health Care,0.4870521143360969,1,0,1,0,0,1,1,1,0
2023,2023,DPC,6,Materials,0.9309328810617056,0,1,1,1,1,0,1,0,1
2023,2023,DPG,6,Industrials,0.7246336377220465,1,1,0,1,1,0,1,0,1
2023,2023,DPM,6,Materials,0.8725368419509133,1,1,0,1,1,1,1,0,0
2023,2023,DPR,5,Materials,0.8577158463289779,1,1,0,1,0,1,1,0,0
2023,2023,DQC,4,Industrials,2.1140353411767663,0,0,0,1,1,0,1,1,0
2023,2023,DRC,4,Consumer Discretionary,0.5880000868401047,1,1,0,1,0,0,1,0,0
2023,2023,DRG,5,Materials,1.4241705569536736,1,1,0,1,1,0,1,0,0
2023,2023,DRI,8,Materials,0.9572985352656744,1,1,1,1,1,1,1,0,1
2023,2023,DRL,4,Utilities,0.187685495087186,1,1,0,0,0,1,1,0,0
2023,2023,DS3,5,Industrials,1.6148917202176938,1,0,1,0,0,0,1,1,1
2023,2023,DSG,4,Industrials,0.1114600388074074,0,1,0,1,1,0,1,0,0
2023,2023,DSN,4,Consumer Discretionary,0.4776649726113293,1,1,0,0,0,1,1,0,0
2023,2023,DSP,5,Consumer Discretionary,0.3943074279816509,1,0,1,0,0,1,1,1,0
2023,2023,DST,3,Consumer Discretionary,3.160489349460145,1,0,0,0,0,1,1,0,0
2023,2023,DTA,5,Real Estate,2.080393555750726,1,1,0,1,0,0,1,1,0
2023,2023,DTC,4,Materials,1.117065452,0,1,0,1,1,0,1,0,0
2023,2023,DTD,8,Real Estate,0.7895720455716516,1,1,1,1,0,1,1,1,1
2023,2023,DTG,7,Health Care,0.8451171506968967,1,0,1,0,1,1,1,1,1
2023,2023,DTI,5,Real Estate,3.349696769986952,1,1,0,1,0,0,1,0,1
2023,2023,DTK,7,Utilities,1.0831115220946923,1,1,0,1,1,1,1,0,1
2023,2023,DTL,5,Materials,0.7437230501856742,0,1,1,1,1,0,1,0,0
2023,2023,DVP,4,Industrials,0.4784467586589012,1,1,1,0,0,0,1,0,0
2023,2023,DXG,3,Real Estate,0.7943249960429186,1,0,0,0,1,1,0,0,0
2023,2023,DXP,5,Materials,1.0955758870188224,1,1,1,1,0,0,0,0,1
2023,2023,DXS,2,Real Estate,1.3624057628382922,0,0,0,0,1,1,0,0,0
2023,2023,DXV,3,Materials,2.6942832999789563,0,1,0,1,0,0,1,0,0
2023,2023,E29,4,Industrials,2.499107773488372,1,0,1,0,0,0,1,0,1
2023,2023,EBS,6,Communication Services,1.1075677688572994,1,1,0,0,1,1,1,1,0
2023,2023,EIC,2,Industrials,0.4692949527505041,1,0,0,0,0,0,1,0,0
2023,2023,EID,4,Communication Services,1.3167558137301587,1,1,0,1,0,0,1,0,0
2023,2023,EIN,5,Consumer Discretionary,2.4661842146073245,0,1,0,1,0,0,1,1,1
2023,2023,ELC,6,Information Technology,0.5606326777168233,1,1,1,1,0,0,0,1,1
2023,2023,EMS,6,Industrials,0.6571770139180229,1,1,1,1,0,0,1,1,0
2023,2023,EPH,7,Communication Services,1.319364294728682,1,1,1,0,0,1,1,1,1
2023,2023,EVE,4,Consumer Discretionary,1.5548905093612175,1,1,0,1,0,0,1,0,0
2023,2023,EVG,3,Real Estate,1.8640854112271528,1,0,0,0,0,0,1,1,0
2023,2023,FCM,5,Materials,2.5087371762741992,1,1,0,0,0,1,1,1,0
2023,2023,FCN,4,Industrials,1.1068915875855192,0,1,0,1,1,0,0,1,0
2023,2023,FDC,6,Real Estate,0.5269002144025292,1,1,1,1,0,0,1,0,1
2023,2023,FIC,6,Materials,0.8803011412809139,1,1,0,0,1,1,1,1,0
2023,2023,FIR,5,Real Estate,0.599508133363014,1,1,0,1,1,0,1,0,0
2023,2023,FIT,2,Health Care,2.4451822977493136,0,1,0,1,0,0,0,0,0
2023,2023,FOC,4,Communication Services,0.5835671826937928,1,1,0,0,0,1,1,0,0
2023,2023,FOX,8,Communication Services,0.340577426726168,1,1,1,1,1,1,1,0,1
2023,2023,FPT,6,Information Technology,0.2046098500710887,1,1,1,1,1,0,0,0,1
2023,2023,FRC,5,Materials,2.0600996757043237,1,1,0,1,0,1,1,0,0
2023,2023,FRT,2,Consumer Discretionary,0.1097038828871497,0,0,0,0,0,0,0,1,1
2023,2023,FT1,5,Consumer Discretionary,0.5530096148683739,1,1,0,1,0,0,1,1,0
2023,2023,G36,7,Industrials,1.3693785240254035,1,1,0,1,1,1,1,0,1
2023,2023,GAS,5,Utilities,0.3693616242639556,1,1,0,1,1,0,1,0,0
2023,2023,GCF,6,Consumer Staples,0.7829752290626433,1,1,0,0,1,1,1,1,0
2023,2023,GDA,6,Materials,1.2514976603070251,1,1,1,0,0,1,1,1,0
2023,2023,GDT,2,Consumer Discretionary,0.5840316677442492,1,1,0,0,0,0,0,0,0
2023,2023,GDW,7,Utilities,0.6721127195751196,1,1,1,1,1,0,1,1,0
2023,2023,GEE,6,Industrials,0.5840856375613979,1,1,1,1,1,0,0,0,1
2023,2023,GEG,5,Utilities,0.992018705026844,1,1,0,1,1,0,0,1,0
2023,2023,GEX,5,Industrials,0.6124712421524215,1,1,1,1,0,0,0,0,1
2023,2023,GHC,8,Utilities,0.7562534404737257,1,1,1,1,1,0,1,1,1
2023,2023,GIC,6,Industrials,1.3257892317115818,1,1,0,1,0,0,1,1,1
2023,2023,GIL,2,Consumer Discretionary,1.408674579459239,1,0,0,0,0,1,0,0,0
2023,2023,GLT,5,Communication Services,0.8316550390383723,1,1,0,1,0,1,0,1,0
2023,2023,GMC,3,Consumer Discretionary,1.4903537127052278,0,0,1,0,0,1,1,0,0
2023,2023,GMD,5,Industrials,0.3978737715228213,1,0,1,0,1,1,0,1,0
2023,2023,GMH,3,Materials,1.1891660524747474,1,0,0,0,0,1,1,0,0
2023,2023,GMX,6,Materials,0.7060000591899456,1,1,0,1,1,1,1,0,0
2023,2023,GND,3,Materials,1.3797356430855316,1,0,0,0,0,1,1,0,0
2023,2023,GPC,3,Consumer Discretionary,4.105268795789268,0,0,0,0,1,0,1,1,0
2023,2023,GSM,4,Utilities,1.0468379749865648,1,1,0,1,0,0,1,0,0
2023,2023,GSP,5,Energy,1.1430996518729115,1,1,0,1,1,0,1,0,0
2023,2023,GTA,5,Materials,1.111247577536237,1,0,1,0,0,1,1,1,0
2023,2023,GTD,4,Consumer Discretionary,0.3672343675268817,0,1,0,1,1,0,1,0,0
2023,2023,GVR,6,Materials,0.5874773781004481,1,1,0,1,1,1,1,0,0
2023,2023,H11,6,Industrials,2.0998275018205894,1,1,0,1,0,1,1,1,0
2023,2023,HAF,4,Consumer Staples,0.1941542236657825,0,1,0,1,0,0,1,1,0
2023,2023,HAG,7,Consumer Staples,0.5194523483136959,1,1,1,0,1,1,1,0,1
2023,2023,HAH,4,Industrials,0.6706924229100164,1,1,0,1,1,0,0,0,0
2023,2023,HAN,4,Industrials,1.0171103476686034,1,1,0,1,0,0,1,0,0
2023,2023,HAP,4,Materials,2.2277349925698267,1,0,1,0,0,1,1,0,0
2023,2023,HAR,6,Real Estate,2.680279784062465,1,0,1,0,1,1,1,1,0
2023,2023,HAS,6,Industrials,2.5589549041312587,1,1,0,1,1,1,1,0,0
2023,2023,HAX,4,Consumer Discretionary,0.8586066061965344,1,1,0,1,0,1,0,0,0
2023,2023,HBC,4,Industrials,0.0263593656824541,0,1,1,1,1,0,0,0,0
2023,2023,HC3,5,Real Estate,1.0975231036754605,1,1,1,0,0,0,1,0,1
2023,2023,HCC,5,Materials,1.169245565174582,1,1,0,1,0,1,1,0,0
2023,2023,HCD,6,Industrials,1.587074392979514,1,1,0,0,1,1,1,1,0
2023,2023,HD2,3,Real Estate,0.3954158324262755,1,0,0,0,1,0,1,0,0
2023,2023,HD8,4,Real Estate,1.367462770866667,1,0,0,0,0,1,1,1,0
2023,2023,HDA,4,Materials,2.1866763035755565,0,1,0,1,1,1,0,0,0
2023,2023,HDC,6,Real Estate,0.427626508520406,1,1,0,1,1,0,1,1,0
2023,2023,HDG,5,Utilities,0.7011569057659084,1,1,0,1,1,1,0,0,0
2023,2023,HDM,4,Consumer Discretionary,0.6962265381678266,1,1,0,0,1,0,1,0,0
2023,2023,HEC,8,Industrials,1.1428243396474358,1,1,1,1,1,1,1,1,0
2023,2023,HEJ,2,Industrials,1.3858106150707898,1,0,0,0,0,0,0,1,0
2023,2023,HEP,6,Industrials,1.2557775091120218,1,1,1,0,0,1,1,1,0
2023,2023,HGM,5,Materials,0.4602877797649806,1,1,1,1,0,0,1,0,0
2023,2023,HHC,4,Consumer Staples,0.3244242967211229,1,0,0,0,1,0,1,1,0
2023,2023,HHG,3,Industrials,1.8016646813288104,0,0,0,1,0,1,1,0,0
2023,2023,HHP,1,Materials,1.0975716562084414,1,0,0,0,0,0,0,0,0
2023,2023,HHS,6,Consumer Discretionary,1.7748999530462264,1,1,1,0,0,1,1,1,0
2023,2023,HHV,7,Industrials,0.8299849349043786,1,1,1,1,1,1,0,0,1
2023,2023,HII,8,Materials,2.196572116487062,1,1,1,1,1,1,1,1,0
2023,2023,HIO,8,Utilities,0.4693961259031545,1,1,1,1,1,0,1,1,1
2023,2023,HJS,5,Utilities,0.3367341555644647,1,1,0,1,0,0,1,1,0
2023,2023,HKT,5,Consumer Staples,2.2138828498986345,1,1,0,1,0,1,1,0,0
2023,2023,HLC,7,Energy,1.3827553207072405,1,1,1,1,1,0,1,1,0
2023,2023,HLD,3,Real Estate,0.8297629777148438,1,0,0,0,0,1,1,0,0
2023,2023,HLR,5,Industrials,0.873375367003367,1,1,0,0,0,1,1,1,0
2023,2023,HMC,7,Materials,1.369179796208594,1,1,1,1,0,0,1,1,1
2023,2023,HMR,6,Materials,1.5483364968025826,1,1,1,1,0,0,1,0,1
2023,2023,HNA,6,Utilities,0.7415132579631547,1,1,0,1,1,1,1,0,0
2023,2023,HND,6,Utilities,0.8589341946388571,1,1,0,1,1,0,1,0,1
2023,2023,HNF,6,Consumer Staples,0.9508219412216748,1,1,0,1,1,1,1,0,0
2023,2023,HNG,5,Consumer Staples,0.4329402977779942,0,1,1,1,0,0,1,1,0
2023,2023,HNI,5,Consumer Discretionary,0.8787767692670729,1,1,0,0,0,1,1,1,0
2023,2023,HNM,4,Consumer Staples,1.0148597619460369,1,1,0,0,0,1,0,0,1
2023,2023,HOM,3,Materials,2.688375964098091,0,1,0,1,0,0,1,0,0
2023,2023,HPD,8,Utilities,0.6251448885249723,1,1,1,1,1,1,1,0,1
2023,2023,HPG,4,Materials,0.6323442514856,1,1,0,1,1,0,0,0,0
2023,2023,HPP,6,Materials,0.9360461030254876,1,1,1,0,0,1,1,1,0
2023,2023,HPW,9,Utilities,0.8917173497381021,1,1,1,1,1,1,1,1,1
2023,2023,HPX,8,Real Estate,2.0364301128273303,1,1,1,1,1,1,1,0,1
2023,2023,HQC,5,Real Estate,2.2119723771773367,1,0,0,0,1,1,1,0,1
2023,2023,HRT,9,Industrials,0.775520565635199,1,1,1,1,1,1,1,1,1
2023,2023,HSG,6,Materials,0.7728683428973624,1,0,1,0,0,1,1,1,1
2023,2023,HSL,6,Consumer Staples,1.2178947664063446,1,1,0,0,1,1,1,1,0
2023,2023,HSM,3,Consumer Discretionary,2.981447780487805,0,1,0,1,0,0,1,0,0
2023,2023,HSV,5,Consumer Discretionary,1.415247500745915,1,1,0,1,0,0,1,1,0
2023,2023,HT1,4,Materials,1.0533495784887683,1,1,0,1,0,0,1,0,0
2023,2023,HTE,2,Industrials,2.4790772299894406,1,0,0,0,0,0,0,0,1
2023,2023,HTG,5,Consumer Discretionary,0.7136730707100789,1,1,0,1,1,0,1,0,0
2023,2023,HTI,8,Industrials,1.1754334163543116,1,1,1,1,1,1,1,0,1
2023,2023,HTL,5,Consumer Discretionary,1.718136011812749,1,1,0,1,0,0,1,1,0
2023,2023,HTM,3,Consumer Discretionary,0.7739678270414384,0,0,0,0,1,0,1,0,1
2023,2023,HTN,6,Industrials,1.0482493868259013,1,1,0,1,0,1,1,1,0
2023,2023,HTV,2,Industrials,2.521218576959869,1,0,0,0,0,1,0,0,0
2023,2023,HU1,2,Industrials,1.8602637445257453,0,0,0,0,0,0,1,1,0
2023,2023,HU3,6,Industrials,4.055438798123936,1,1,0,1,0,1,1,1,0
2023,2023,HU4,2,Real Estate,1.045888405803279,1,0,0,0,0,0,1,0,0
2023,2023,HUB,7,Materials,1.2337775141340372,1,1,1,1,0,1,1,1,0
2023,2023,HUT,6,Consumer Discretionary,0.4714555886675768,1,1,0,1,1,0,1,0,1
2023,2023,HVH,4,Industrials,2.2120105090212747,1,1,0,1,0,1,0,0,0
2023,2023,HVT,4,Materials,0.7118701806795048,1,1,0,1,0,0,1,0,0
2023,2023,HVX,2,Materials,2.9470278165391353,0,0,0,1,0,0,1,0,0
2023,2023,HWS,7,Utilities,0.8563857831788476,1,1,1,1,1,0,1,1,0
2023,2023,ICF,5,Consumer Staples,2.6550174351526508,1,0,1,0,0,1,1,1,0
2023,2023,ICG,1,Industrials,2.2585661354068893,0,0,0,0,0,0,1,0,0
2023,2023,ICI,6,Industrials,1.7957417104285711,1,1,1,1,0,0,1,0,1
2023,2023,ICN,3,Industrials,0.2985406933569444,1,0,0,0,1,0,1,0,0
2023,2023,ICT,6,Communication Services,1.7682032376512449,1,1,1,0,0,0,1,1,1
2023,2023,IDC,4,Real Estate,0.2892281198102563,1,1,0,1,1,0,0,0,0
2023,2023,IDI,5,Consumer Staples,1.2154378648590176,1,1,0,1,0,1,1,0,0
2023,2023,IDJ,7,Real Estate,1.846154029881705,1,1,0,1,1,1,1,1,0
2023,2023,IFS,6,Consumer Staples,0.4803130713633744,1,1,1,0,0,1,1,1,0
2023,2023,IJC,5,Real Estate,1.0815856192224045,1,1,0,0,1,0,1,1,0
2023,2023,ILA,7,Materials,2.867747117729172,1,1,1,1,0,1,1,1,0
2023,2023,ILB,7,Industrials,0.6991649420546294,1,1,0,1,1,1,1,1,0
2023,2023,ILC,3,Industrials,1.204601984489825,1,0,0,0,0,1,1,0,0
2023,2023,ILS,5,Industrials,0.6404816097827061,1,1,1,1,0,0,0,1,0
2023,2023,IMP,5,Health Care,0.5261081542043454,1,0,1,0,0,1,1,0,1
2023,2023,INN,8,Materials,0.8185074468113206,1,1,1,1,0,1,1,1,1
2023,2023,IPA,6,Industrials,1.103984248981748,1,1,1,1,1,0,0,0,1
2023,2023,ISH,5,Utilities,0.5885548126887927,1,1,0,1,0,1,1,0,0
2023,2023,IST,6,Industrials,0.6082862845818932,1,1,1,0,1,0,1,0,1
2023,2023,ITC,6,Real Estate,2.064057457391862,1,1,0,1,0,1,1,1,0
2023,2023,ITS,4,Energy,2.8237414409289907,1,0,0,0,1,0,1,1,0
2023,2023,KBC,8,Real Estate,0.745789182744606,1,1,1,1,1,1,0,1,1
2023,2023,KCB,7,Materials,1.5501495952,1,1,0,1,1,1,1,1,0
2023,2023,KCE,6,Materials,2.586935442894737,1,1,1,1,0,0,1,1,0
2023,2023,KDH,3,Real Estate,0.5359210829756959,1,0,0,0,1,0,0,1,0
2023,2023,KGM,5,Consumer Staples,1.4601107878570774,1,0,1,0,0,1,1,0,1
2023,2023,KHG,3,Real Estate,1.8329608405871365,1,0,0,0,0,1,1,0,0
2023,2023,KHP,6,Utilities,1.295666506352304,1,1,0,1,1,0,1,0,1
2023,2023,KKC,7,Materials,1.1927348207659885,1,1,1,1,0,0,1,1,1
2023,2023,KMR,5,Consumer Discretionary,3.19278388761879,1,0,0,0,1,1,1,1,0
2023,2023,KOS,7,Utilities,0.267859727430358,1,1,0,1,1,1,1,1,0
2023,2023,KPF,4,Real Estate,2.4251660876553673,1,1,0,1,0,0,1,0,0
2023,2023,KSB,5,Materials,0.9788446755346486,1,1,0,0,0,1,1,1,0
2023,2023,KSF,5,Real Estate,0.3178858139389288,1,1,0,1,1,0,1,0,0
2023,2023,KSQ,6,Materials,4.723500490070175,1,1,1,1,0,0,1,1,0
2023,2023,KST,3,Communication Services,0.8500301785660643,1,0,0,0,0,0,1,1,0
2023,2023,KSV,6,Materials,0.3992281660431667,1,1,1,1,0,0,0,1,1
2023,2023,KTS,7,Consumer Staples,0.843544451120867,1,1,1,0,1,1,1,0,1
2023,2023,KVC,3,Materials,4.25712847292011,0,0,0,1,0,1,1,0,0
2023,2023,L12,6,Industrials,2.8218399032476356,1,1,0,1,0,1,1,1,0
2023,2023,L14,4,Consumer Discretionary,0.307812195119113,1,0,1,0,0,0,1,0,1
2023,2023,L18,6,Industrials,0.3044175211758367,1,0,1,0,1,0,1,1,1
2023,2023,L43,3,Industrials,1.194534730952381,0,1,0,1,0,0,1,0,0
2023,2023,LAF,6,Consumer Staples,1.1493314350834356,1,1,0,1,0,1,1,1,0
2023,2023,LAI,4,Real Estate,0.5201132258723732,1,0,0,0,1,0,1,1,0
2023,2023,LAS,8,Materials,0.8998218956105787,1,1,1,1,0,1,1,1,1
2023,2023,LBM,6,Materials,0.6208881613885416,1,1,0,1,0,1,1,1,0
2023,2023,LCG,6,Industrials,1.0978487673016009,1,1,0,1,0,0,1,1,1
2023,2023,LDP,5,Health Care,0.4573007893339497,0,1,1,1,1,0,1,0,0
2023,2023,LEC,5,Consumer Discretionary,1.6068171890629344,0,1,0,1,1,1,1,0,0
2023,2023,LG9,3,Industrials,2.2143551940344035,1,0,0,0,0,0,1,0,1
2023,2023,LGL,5,Real Estate,3.1363833572158053,1,0,1,0,1,1,1,0,0
2023,2023,LHC,6,Industrials,0.5862512197982679,1,1,0,1,0,1,1,1,0
2023,2023,LHG,5,Real Estate,1.05230912064955,1,1,0,0,0,1,1,1,0
2023,2023,LIC,2,Materials,0.2460777703989899,0,0,0,0,0,0,1,0,1
2023,2023,LIG,3,Industrials,2.40007699990656,1,0,0,0,0,1,1,0,0
2023,2023,LIX,4,Consumer Staples,0.5287878482979743,1,1,0,1,0,0,1,0,0
2023,2023,LLM,6,Industrials,1.2194119508843495,1,0,1,0,1,1,1,0,1
2023,2023,LPT,4,Consumer Discretionary,1.858013396015625,1,0,0,0,1,0,1,0,1
2023,2023,LTG,4,Consumer Staples,1.1585944798855183,1,0,0,0,1,0,1,0,1
2023,2023,M10,5,Consumer Discretionary,0.8621173626809439,1,1,0,1,1,1,0,0,0
2023,2023,MAC,5,Industrials,0.9403412964095952,1,0,1,0,0,1,0,1,1
2023,2023,MAS,8,Industrials,0.1993957935191017,1,1,1,1,0,1,1,1,1
2023,2023,MBG,3,Consumer Discretionary,2.3813468165294487,0,0,0,0,1,1,1,0,0
2023,2023,MCF,7,Consumer Staples,1.2901575764842843,1,1,1,1,0,1,1,0,1
2023,2023,MCG,6,Industrials,0.8879908102831526,1,1,1,1,1,0,1,0,0
2023,2023,MCH,6,Consumer Staples,0.412588212128637,1,1,1,0,1,0,1,1,0
2023,2023,MCM,5,Consumer Staples,0.5718071075965602,1,1,1,0,0,0,1,0,1
2023,2023,MCO,6,Industrials,1.5744365506572944,1,1,1,1,0,0,1,0,1
2023,2023,MCP,8,Materials,0.439996337728557,1,1,1,1,0,1,1,1,1
2023,2023,MDC,5,Energy,1.3841591859466744,1,1,0,1,1,0,1,0,0
2023,2023,MDG,3,Materials,0.8703559591963579,0,0,0,1,0,0,1,1,0
2023,2023,MFS,4,Communication Services,1.0169567008448257,1,0,0,0,0,1,1,0,1
2023,2023,MGC,8,Energy,2.2964178052334945,1,1,1,1,0,1,1,1,1
2023,2023,MGG,5,Consumer Discretionary,0.6661499271314183,1,1,0,1,0,1,1,0,0
2023,2023,MGR,5,Real Estate,1.2797611101190476,0,1,1,1,1,0,1,0,0
2023,2023,MHC,8,Industrials,1.3842288994698146,1,1,1,0,1,1,1,1,1
2023,2023,MIC,2,Materials,0.9286610671006628,1,0,0,0,0,0,1,0,0
2023,2023,MKP,6,Health Care,1.9341232833787116,1,1,0,1,0,1,1,1,0
2023,2023,MKV,7,Health Care,1.478178217462963,1,1,1,1,0,1,1,1,0
2023,2023,MLS,4,Consumer Staples,0.2708332069772727,0,1,0,1,0,0,1,0,1
2023,2023,MML,5,Consumer Staples,0.4701574606998986,0,0,0,0,1,1,1,1,1
2023,2023,MQN,5,Industrials,1.7030455359288468,1,1,1,0,0,1,0,0,1
2023,2023,MSH,3,Consumer Discretionary,0.6046219701223259,1,0,0,0,1,1,0,0,0
2023,2023,MSR,3,Materials,0.8415197119382745,0,0,0,1,0,1,1,0,0
2023,2023,MTA,1,Materials,2.6818198802414086,0,0,0,0,0,1,0,0,0
2023,2023,MTP,4,Health Care,1.2873829207835632,1,0,1,0,0,0,1,1,0
2023,2023,MTS,6,Consumer Discretionary,1.1418928312115384,1,1,0,1,1,1,1,0,0
2023,2023,MVB,8,Energy,0.7801815220262249,1,1,1,1,1,1,1,1,0
2023,2023,MVC,5,Materials,0.9641029176252032,1,1,0,0,0,1,1,0,1
2023,2023,MVN,5,Industrials,0.486120070126899,1,1,0,1,0,1,1,0,0
2023,2023,MWG,3,Consumer Discretionary,0.3729975093960728,1,1,0,1,0,0,0,0,0
2023,2023,NAF,7,Consumer Staples,1.2676047959134635,1,1,1,1,1,0,1,1,0
2023,2023,NAG,3,Consumer Discretionary,1.390173895266504,1,0,0,0,0,0,1,1,0
2023,2023,NAS,9,Industrials,0.2191825079932961,1,1,1,1,1,1,1,1,1
2023,2023,NAV,6,Consumer Discretionary,0.7585011613450087,1,1,1,0,0,1,1,0,1
2023,2023,NBB,3,Real Estate,0.8408569240378625,1,0,0,0,1,0,1,0,0
2023,2023,NBC,7,Energy,1.2847919881196277,1,1,1,1,1,0,1,1,0
2023,2023,NBE,5,Communication Services,1.5417620674126984,1,1,0,1,0,1,1,0,0
2023,2023,NBP,4,Utilities,1.3567146866300697,1,1,0,1,0,0,1,0,0
2023,2023,NBT,7,Utilities,1.1069806213285314,1,1,1,1,0,1,1,0,1
2023,2023,NBW,6,Utilities,0.7008804356561628,1,1,1,1,0,0,1,1,0
2023,2023,NCG,4,Consumer Staples,1.080888423690617,0,1,0,1,1,0,1,0,0
2023,2023,NCS,8,Industrials,0.3540450394087304,1,1,1,1,1,0,1,1,1
2023,2023,NCT,6,Industrials,0.1877975230933271,1,1,1,1,0,0,1,0,1
2023,2023,ND2,5,Utilities,0.5183078972986603,1,1,0,1,1,0,1,0,0
2023,2023,NDT,5,Consumer Discretionary,1.4204596523639357,0,1,0,1,1,0,1,0,1
2023,2023,NDX,3,Industrials,1.8592013745166,1,0,0,0,1,0,1,0,0
2023,2023,NED,5,Utilities,2.3582266307407407,1,1,0,1,1,0,1,0,0
2023,2023,NET,8,Consumer Staples,0.3020179593062678,1,1,1,1,0,1,1,1,1
2023,2023,NHA,7,Real Estate,0.6021750661042486,1,1,1,1,1,0,1,1,0
2023,2023,NHC,2,Materials,0.5407443159762483,0,0,0,1,0,0,1,0,0
2023,2023,NHH,5,Materials,1.0061394747873216,1,1,0,1,1,0,1,0,0
2023,2023,NHT,4,Materials,0.978416445390646,1,1,0,1,0,0,1,0,0
2023,2023,NKG,7,Materials,0.8356306352296752,1,1,1,1,1,1,1,0,0
2023,2023,NLG,4,Real Estate,0.6653774581326309,1,0,0,0,1,0,1,1,0
2023,2023,NNC,6,Materials,0.8895154787603596,1,1,0,1,0,0,1,1,1
2023,2023,NNT,9,Utilities,0.708710583782428,1,1,1,1,1,1,1,1,1
2023,2023,NO1,4,Industrials,1.1277575021893276,1,0,0,0,1,1,1,0,0
2023,2023,NRC,7,Real Estate,2.5782067904936694,1,1,1,1,1,0,1,1,0
2023,2023,NS2,6,Utilities,1.4663314238480885,1,1,1,1,0,0,1,0,1
2023,2023,NSC,7,Consumer Staples,1.1333091601491758,1,1,0,1,1,1,1,0,1
2023,2023,NSH,4,Materials,2.481778232634821,1,0,0,0,1,0,1,1,0
2023,2023,NSL,5,Utilities,0.5879193959448898,1,1,0,1,0,0,1,0,1
2023,2023,NST,8,Consumer Staples,2.29409743932147,1,1,1,1,1,0,1,1,1
2023,2023,NT2,4,Utilities,0.6147557485134673,1,1,0,1,0,0,1,0,0
2023,2023,NTC,5,Real Estate,0.2068326052162321,1,1,1,1,0,0,1,0,0
2023,2023,NTH,5,Utilities,0.2992576222838044,1,1,0,1,1,0,1,0,0
2023,2023,NTL,7,Real Estate,0.8781729365536165,1,1,1,1,0,0,1,1,1
2023,2023,NTP,7,Materials,0.6087068984665815,1,1,1,1,0,1,1,1,0
2023,2023,NTT,3,Consumer Discretionary,0.9902307079974968,0,1,0,1,0,0,1,0,0
2023,2023,NUE,5,Industrials,1.4572487600609756,1,1,0,1,1,0,1,0,0
2023,2023,NVL,3,Real Estate,1.1442910089965517,1,0,0,0,1,0,1,0,0
2023,2023,NVT,9,Consumer Discretionary,0.3045100532700451,1,1,1,1,1,1,1,1,1
2023,2023,NXT,6,Materials,1.218847648160173,1,1,0,1,1,0,1,1,0
2023,2023,OCH,4,Consumer Staples,1.0136351694855072,1,1,1,1,0,0,0,0,0
2023,2023,ODE,5,Communication Services,0.2981050715265589,1,1,0,1,0,1,1,0,0
2023,2023,OGC,4,Consumer Staples,0.2597036236269504,1,1,1,1,0,0,0,0,0
2023,2023,OIL,2,Energy,1.0020677570679428,1,0,0,0,0,0,1,0,0
2023,2023,ONE,7,Communication Services,2.3275421543126487,1,1,0,1,1,1,1,1,0
2023,2023,OPC,6,Health Care,0.5346968967368168,1,1,0,1,0,1,1,1,0
2023,2023,PAC,6,Industrials,0.8380829452456876,1,1,0,1,1,1,1,0,0
2023,2023,PAN,5,Consumer Staples,1.1341870489989052,1,0,1,0,0,1,1,1,0
2023,2023,PAS,3,Materials,3.140543423478789,0,1,0,1,0,0,1,0,0
2023,2023,PAT,4,Materials,0.2241407112599138,1,1,0,1,0,0,1,0,0
2023,2023,PBC,3,Health Care,1.2442635021381732,1,0,0,0,0,0,1,0,1
2023,2023,PBP,4,Materials,1.2253579916896007,1,0,0,0,0,1,1,1,0
2023,2023,PBT,7,Materials,1.4593967779314614,1,1,1,1,0,1,1,1,0
2023,2023,PC1,6,Industrials,0.5787506943366857,1,1,0,1,1,1,0,1,0
2023,2023,PCC,5,Materials,1.1177415301156337,1,0,1,0,1,0,1,1,0
2023,2023,PCE,5,Materials,0.9428187417323232,1,1,0,1,0,1,1,0,0
2023,2023,PCF,7,Energy,1.4148589203333333,1,1,1,1,0,1,1,1,0
2023,2023,PCG,6,Utilities,1.2966451570887496,1,1,1,1,0,0,1,1,0
2023,2023,PCH,4,Materials,1.1257886180260477,1,1,0,1,0,0,1,0,0
2023,2023,PCT,5,Industrials,1.5982257370421922,1,1,1,1,0,0,0,1,0
2023,2023,PDB,8,Materials,1.650183248439434,1,1,1,1,1,1,1,1,0
2023,2023,PDC,8,Consumer Discretionary,1.7092355617407406,1,1,1,1,0,1,1,1,1
2023,2023,PDN,8,Industrials,0.2873133953648689,1,1,1,0,1,1,1,1,1
2023,2023,PDR,4,Real Estate,0.4627369549225213,1,1,0,0,0,1,0,1,0
2023,2023,PDV,3,Industrials,1.4980351925385815,1,1,0,0,0,0,0,0,1
2023,2023,PEG,3,Consumer Discretionary,0.6124185365109769,0,0,0,0,0,1,1,0,1
2023,2023,PET,3,Consumer Discretionary,0.6882214922756009,1,0,0,0,1,1,0,0,0
2023,2023,PFL,1,Industrials,1.6433000402,0,0,0,0,0,0,1,0,0
2023,2023,PGC,4,Utilities,0.96074276704708,1,0,0,0,0,1,1,1,0
2023,2023,PGD,3,Utilities,0.3725563870546895,1,1,0,0,0,0,1,0,0
2023,2023,PGN,4,Materials,1.4072275456668462,1,1,0,0,1,0,1,0,0
2023,2023,PGS,7,Utilities,0.7290954562271695,1,1,1,1,0,1,1,1,0
2023,2023,PGT,7,Industrials,0.8206346892553597,1,1,1,0,0,1,1,1,1
2023,2023,PGV,3,Utilities,0.5913238193947001,1,0,0,0,1,0,1,0,0
2023,2023,PHC,4,Industrials,1.8487272255006184,1,0,0,0,1,0,1,1,0
2023,2023,PHN,7,Industrials,0.4681923137356141,1,1,1,0,0,1,1,1,1
2023,2023,PHP,5,Industrials,0.7368445529651576,1,1,0,1,1,0,1,0,0
2023,2023,PHR,6,Materials,0.5414151166199707,1,1,0,0,1,1,1,1,0
2023,2023,PIA,6,Information Technology,0.6501499638395792,1,1,0,1,0,1,1,1,0
2023,2023,PIC,5,Utilities,0.7284906908250426,1,1,0,1,1,0,1,0,0
2023,2023,PIT,2,Consumer Staples,1.3271206913113378,0,0,0,0,0,0,1,0,1
2023,2023,PJT,7,Energy,1.2356153294766536,1,1,0,1,1,1,1,1,0
2023,2023,PLC,5,Materials,0.5243992533197301,1,1,0,1,0,1,1,0,0
2023,2023,PLP,6,Materials,2.679382287305239,1,1,0,1,1,1,1,0,0
2023,2023,PLX,8,Energy,0.5917481432928521,1,1,1,1,1,1,1,1,0
2023,2023,PMB,6,Materials,1.227157850501701,1,1,0,1,0,1,1,1,0
2023,2023,PMC,4,Health Care,0.4271090765537131,1,1,0,1,0,0,1,0,0
2023,2023,PMG,7,Utilities,1.0129586944006392,1,1,0,1,1,1,1,1,0
2023,2023,PMP,9,Materials,1.3197672410138248,1,1,1,1,1,1,1,1,1
2023,2023,PMS,5,Energy,0.8441755762794675,1,1,1,0,0,0,1,1,0
2023,2023,PNC,6,Consumer Discretionary,1.8750481257932383,1,1,1,0,0,1,1,1,0
2023,2023,PNJ,5,Consumer Discretionary,0.3476386754018568,1,1,0,0,0,1,1,1,0
2023,2023,PNP,8,Industrials,0.7504977409266409,1,1,1,1,1,1,1,0,1
2023,2023,POS,7,Energy,1.53757920541,1,1,1,1,0,0,1,1,1
2023,2023,POT,3,Information Technology,0.9411940629838804,1,0,0,0,0,1,1,0,0
2023,2023,POV,6,Energy,1.7071947984041895,1,1,0,1,1,0,1,0,1
2023,2023,POW,3,Utilities,1.1923936789753973,1,1,0,1,0,0,0,0,0
2023,2023,PPC,3,Utilities,1.0595839505460876,1,0,0,0,0,0,1,0,1
2023,2023,PPH,5,Consumer Discretionary,0.9477256842422226,1,1,0,0,1,0,1,0,1
2023,2023,PPP,5,Health Care,1.0010034911291847,1,1,0,1,0,1,1,0,0
2023,2023,PPS,5,Industrials,1.185197110264151,1,1,0,0,0,1,1,0,1
2023,2023,PPY,5,Energy,1.8110933213422524,1,1,0,1,0,0,1,1,0
2023,2023,PRC,4,Industrials,1.2988848914806548,1,0,0,0,1,0,1,1,0
2023,2023,PRO,5,Consumer Staples,3.732070345984849,1,1,0,1,0,0,1,0,1
2023,2023,PRT,4,Materials,0.9572057272368,1,0,0,0,1,0,1,1,0
2023,2023,PSB,4,Energy,1.833513223819672,1,0,1,0,0,0,1,1,0
2023,2023,PSD,4,Consumer Discretionary,0.7879549906727488,1,1,0,1,0,1,0,0,0
2023,2023,PSE,4,Materials,1.2911285435184463,1,0,0,0,0,1,1,1,0
2023,2023,PSH,5,Energy,1.1688070296023234,1,0,1,0,1,0,1,1,0
2023,2023,PSL,4,Consumer Staples,1.1057971784347826,1,0,1,0,0,0,1,0,1
2023,2023,PSP,7,Industrials,1.439759548553125,1,1,1,1,0,0,1,1,1
2023,2023,PSW,3,Materials,1.4850023055661763,1,0,0,0,0,0,1,0,1
2023,2023,PTB,5,Materials,0.6896052457136082,1,1,0,1,1,0,1,0,0
2023,2023,PTC,7,Industrials,1.7637452656500971,1,1,1,1,1,0,1,1,0
2023,2023,PTL,7,Real Estate,1.1989323832074683,1,1,1,1,0,1,1,1,0
2023,2023,PTS,5,Industrials,2.039018802767515,1,1,0,1,1,0,1,0,0
2023,2023,PTV,2,Consumer Discretionary,2.3791382490697672,0,0,0,0,0,0,1,0,1
2023,2023,PVB,5,Energy,0.8067065553073854,1,0,1,0,0,0,1,1,1
2023,2023,PVC,5,Energy,0.7732936097633488,1,1,1,1,0,1,0,0,0
2023,2023,PVD,9,Energy,0.9319487559685772,1,1,1,1,1,1,1,1,1
2023,2023,PVG,6,Utilities,1.4713965468127854,1,1,0,1,0,0,1,1,1
2023,2023,PVM,5,Industrials,1.0238604988314317,1,0,1,0,1,1,0,0,1
2023,2023,PVO,6,Energy,2.202317353414002,1,1,1,1,0,0,1,1,0
2023,2023,PVP,7,Energy,1.3167061380131393,1,1,0,1,0,1,1,1,1
2023,2023,PVS,6,Energy,0.7066280089072259,1,0,1,0,1,1,1,0,1
2023,2023,PVT,4,Energy,0.7971039723427024,1,1,0,1,0,0,0,1,0
2023,2023,PWA,6,Real Estate,1.9855506035263155,0,1,1,1,0,1,1,0,1
2023,2023,PXI,4,Industrials,1.6801852514938271,0,1,0,1,0,0,1,0,1
2023,2023,PXL,5,Real Estate,1.1478214620584857,1,0,0,0,0,1,1,1,1
2023,2023,PXT,8,Industrials,0.7792330641714286,1,1,1,1,1,1,1,1,0
2023,2023,QCG,5,Real Estate,1.488110543535337,1,0,0,0,1,1,1,1,0
2023,2023,QHW,5,Consumer Staples,1.1597159152080758,1,1,0,1,0,1,1,0,0
2023,2023,QNC,3,Materials,1.2947493643719912,1,0,0,0,0,1,1,0,0
2023,2023,QNS,8,Consumer Staples,0.5248738256622311,1,1,1,1,0,1,1,1,1
2023,2023,QPH,5,Utilities,0.9471111865038836,1,1,0,1,0,1,1,0,0
2023,2023,QSP,6,Industrials,0.8260622945290857,1,1,0,1,0,1,1,1,0
2023,2023,QTP,6,Utilities,0.7946638397611111,1,1,0,1,1,0,1,0,1
2023,2023,RAL,2,Industrials,1.1684543350192935,1,0,0,0,1,0,0,0,0
2023,2023,RDP,4,Unknown,0.6912418387977081,0,0,0,1,1,0,1,1,0
2023,2023,REE,6,Utilities,0.7460014497674484,1,1,0,1,1,1,1,0,0
2023,2023,RTB,7,Materials,1.030469382992942,1,1,0,1,1,1,1,0,1
2023,2023,S55,3,Industrials,1.301636474904167,1,0,0,0,1,0,1,0,0
2023,2023,S99,7,Industrials,1.5767838359250388,1,1,1,1,1,0,1,1,0
2023,2023,SAB,5,Consumer Staples,0.2996520257108908,1,1,0,0,1,1,1,0,0
2023,2023,SAC,5,Industrials,1.995591879218506,1,1,1,0,0,0,1,0,1
2023,2023,SAM,7,Industrials,1.5760812969819984,1,1,1,1,1,0,1,0,1
2023,2023,SAP,7,Industrials,0.1684147383622202,1,1,1,1,0,0,1,1,1
2023,2023,SAS,7,Industrials,0.4466804104250229,1,1,1,1,0,0,1,1,1
2023,2023,SAV,3,Consumer Discretionary,1.0530274170932548,0,1,0,1,0,0,1,0,0
2023,2023,SBA,6,Utilities,0.6427004324718458,1,1,0,1,1,1,1,0,0
2023,2023,SBB,5,Consumer Staples,1.2927150640686689,0,1,0,1,1,1,1,0,0
2023,2023,SBG,6,Industrials,1.0659563691210192,1,1,0,0,1,1,1,1,0
2023,2023,SBH,5,Utilities,0.2941963998693631,1,1,0,1,0,1,1,0,0
2023,2023,SBR,6,Materials,1.4705882352941178,1,1,1,0,0,1,1,0,1
2023,2023,SBV,6,Consumer Discretionary,1.8504085749349648,1,1,0,1,1,1,1,0,0
2023,2023,SC5,5,Industrials,1.2476282691519869,1,0,1,0,0,1,1,1,0
2023,2023,SCG,3,Industrials,0.2022716265794293,1,0,0,0,0,1,1,0,0
2023,2023,SCI,5,Industrials,1.541694895578192,1,1,0,1,1,0,1,0,0
2023,2023,SCJ,6,Materials,2.943687733052093,1,1,1,1,1,0,0,0,1
2023,2023,SCL,5,Materials,0.7035504952203608,1,1,1,0,0,0,1,0,1
2023,2023,SCR,4,Real Estate,1.665776217930894,1,0,0,0,0,1,1,1,0
2023,2023,SCS,2,Industrials,0.1972903904818658,1,1,0,0,0,0,0,0,0
2023,2023,SCY,8,Industrials,0.9641551748059448,1,1,1,1,0,1,1,1,1
2023,2023,SD2,4,Industrials,2.981883786482237,1,0,0,0,0,1,1,1,0
2023,2023,SD3,4,Utilities,0.6338403724222123,0,1,0,1,1,0,1,0,0
2023,2023,SD4,3,Industrials,1.3067917935399551,0,1,0,1,0,0,1,0,0
2023,2023,SD5,8,Industrials,2.4835809488349856,1,1,1,1,1,1,1,0,1
2023,2023,SD9,5,Utilities,2.3901977153400487,1,1,0,1,0,1,1,0,0
2023,2023,SDA,3,Industrials,1.0950081882630065,0,0,0,1,0,1,1,0,0
2023,2023,SDD,3,Industrials,3.357147320253329,0,0,0,1,1,0,1,0,0
2023,2023,SDK,5,Materials,0.4839092436829836,1,1,0,1,0,1,1,0,0
2023,2023,SDT,6,Industrials,4.534852863718666,0,1,1,1,1,0,1,0,1
2023,2023,SDV,5,Industrials,0.9555955459602647,1,1,0,1,1,0,1,0,0
2023,2023,SEA,7,Consumer Staples,0.4867744766090442,1,1,1,0,1,1,1,1,0
2023,2023,SEB,6,Utilities,0.3424169392704829,1,1,0,1,1,1,1,0,0
2023,2023,SED,6,Communication Services,1.686826579322019,1,1,1,0,0,1,1,0,1
2023,2023,SFG,7,Materials,1.6599291072368845,1,1,1,1,1,0,1,0,1
2023,2023,SFI,6,Industrials,1.0396435930126504,1,1,0,1,0,1,1,1,0
2023,2023,SFN,5,Materials,1.654894493881145,1,1,1,0,0,0,1,1,0
2023,2023,SGC,5,Consumer Staples,0.5550410062042526,1,1,0,1,0,1,1,0,0
2023,2023,SGI,3,Consumer Discretionary,1.9382037602379492,1,0,0,0,1,0,1,0,0
2023,2023,SGN,7,Industrials,0.3859757511030326,1,1,1,1,0,0,1,1,1
2023,2023,SGP,7,Industrials,0.7237880639176129,1,1,1,1,1,0,1,1,0
2023,2023,SGR,3,Real Estate,0.7527601064254569,1,0,0,0,0,1,1,0,0
2023,2023,SGT,2,Communication Services,1.010867722494447,1,0,0,0,0,1,0,0,0
2023,2023,SHA,5,Industrials,2.655938790540368,1,0,0,0,1,1,1,1,0
2023,2023,SHC,6,Industrials,1.5995175894973217,1,1,0,1,0,1,1,1,0
2023,2023,SHE,7,Industrials,1.4019786753307852,1,1,0,1,1,1,1,1,0
2023,2023,SHI,5,Industrials,0.7906666302616912,1,1,0,1,1,0,1,0,0
2023,2023,SHN,5,Consumer Discretionary,1.7637127949735136,1,1,0,1,0,0,1,1,0
2023,2023,SHP,6,Utilities,0.4302307242695324,1,1,0,1,1,1,1,0,0
2023,2023,SID,5,Real Estate,1.855249385152381,1,0,0,0,0,1,1,1,1
2023,2023,SIP,2,Real Estate,0.3084668034183022,1,0,0,0,0,0,0,0,1
2023,2023,SJD,5,Utilities,0.972865428874761,1,1,0,1,1,0,1,0,0
2023,2023,SJE,8,Industrials,1.2728278416510936,1,1,1,1,1,1,1,1,0
2023,2023,SJG,6,Industrials,1.0349776712819465,1,1,0,1,1,0,1,0,1
2023,2023,SJS,6,Real Estate,0.342532766844561,1,0,1,0,0,1,1,1,1
2023,2023,SKG,7,Industrials,0.9410199504021338,1,1,1,1,0,1,1,1,0
2023,2023,SKH,5,Consumer Staples,0.4698782193160173,1,1,0,1,0,0,1,1,0
2023,2023,SKV,4,Consumer Staples,0.3476035336511262,1,1,0,0,0,0,1,1,0
2023,2023,SMB,4,Consumer Staples,0.5418492927925115,1,1,0,1,0,0,1,0,0
2023,2023,SMC,5,Materials,1.087300710702107,0,1,0,1,1,0,1,1,0
2023,2023,SMN,6,Communication Services,1.3506433480892923,1,0,1,0,0,1,1,1,1
2023,2023,SMT,4,Information Technology,2.187270188271203,0,1,0,1,0,1,1,0,0
2023,2023,SNZ,6,Real Estate,0.597998959478021,1,1,1,1,1,0,0,1,0
2023,2023,SPC,4,Materials,1.190217939421593,0,1,0,1,1,0,1,0,0
2023,2023,SPI,2,Materials,2.0543954072880397,0,0,0,1,0,0,1,0,0
2023,2023,SPM,6,Health Care,4.682767996031954,1,1,0,1,0,1,1,1,0
2023,2023,SRA,2,Health Care,4.158030231314491,1,0,0,0,0,0,1,0,0
2023,2023,SRC,5,Consumer Discretionary,0.5266052684458021,1,0,1,0,1,0,1,0,1
2023,2023,SRF,6,Industrials,1.2265097404462115,1,0,1,0,1,0,1,1,1
2023,2023,SRT,8,Industrials,0.4224859025181804,1,1,1,1,1,0,1,1,1
2023,2023,SSC,5,Consumer Staples,0.9775068947118516,1,1,1,1,0,0,1,0,0
2023,2023,SSG,3,Industrials,0.9521831370304742,1,0,0,0,0,1,1,0,0
2023,2023,SSH,7,Real Estate,0.2183221110781308,1,0,1,0,1,1,1,1,1
2023,2023,ST8,2,Consumer Discretionary,0.5569486121069258,1,0,0,0,0,1,0,0,0
2023,2023,STC,5,Communication Services,1.2266151966365018,1,1,0,0,0,1,1,0,1
2023,2023,STG,6,Industrials,0.4450646735144935,1,1,0,1,1,1,1,0,0
2023,2023,STH,5,Consumer Discretionary,0.7517625595023741,1,0,0,0,1,1,1,1,0
2023,2023,STK,2,Consumer Discretionary,0.6670930581628306,1,0,0,0,0,0,1,0,0
2023,2023,STP,6,Materials,2.384765583017735,1,1,1,0,0,1,1,1,0
2023,2023,SVC,4,Consumer Discretionary,0.8428043648793543,1,1,0,1,0,1,0,0,0
2023,2023,SVD,3,Consumer Discretionary,3.714999928170569,0,1,0,1,0,0,1,0,0
2023,2023,SVG,6,Materials,2.580850921584327,1,1,0,1,1,1,1,0,0
2023,2023,SVN,4,Consumer Staples,2.797976311303258,1,1,0,1,0,0,0,1,0
2023,2023,SVT,4,Materials,1.179777420485257,1,1,0,0,0,0,1,1,0
2023,2023,SWC,5,Industrials,1.065003281425627,1,1,0,0,1,1,1,0,0
2023,2023,SZB,5,Real Estate,0.6293464752949947,1,1,1,1,0,0,1,0,0
2023,2023,SZC,7,Real Estate,0.3246106062772213,1,1,0,1,1,1,1,1,0
2023,2023,SZE,8,Industrials,1.0063793963753502,1,1,1,1,1,1,1,1,0
2023,2023,SZG,7,Real Estate,0.3995600491234248,1,1,1,0,1,0,1,1,1
2023,2023,SZL,5,Real Estate,0.623531357380006,1,1,0,1,1,0,0,1,0
2023,2023,TA9,4,Industrials,1.2324554719308298,1,0,1,0,0,0,1,0,1
2023,2023,TBC,5,Utilities,0.4395121005631993,1,1,0,1,1,0,1,0,0
2023,2023,TCH,5,Real Estate,0.9739116551515544,1,0,1,0,0,0,1,1,1
2023,2023,TCL,6,Industrials,0.5049457566487624,1,1,1,0,1,0,1,0,1
2023,2023,TCM,6,Consumer Discretionary,0.5300434216301169,1,1,0,1,1,1,1,0,0
2023,2023,TCO,3,Consumer Staples,1.8650089823198583,1,0,0,0,0,0,1,1,0
2023,2023,TCR,2,Materials,2.957845276534984,0,0,0,0,1,0,1,0,0
2023,2023,TCT,3,Industrials,1.158901830988084,1,1,0,0,0,0,1,0,0
2023,2023,TCW,8,Industrials,0.6088989683748955,1,1,1,1,1,0,1,1,1
2023,2023,TDB,6,Utilities,0.281033843278188,1,1,0,1,0,1,1,1,0
2023,2023,TDC,3,Real Estate,0.7718929108375379,0,0,0,1,0,0,1,1,0
2023,2023,TDF,4,Materials,1.6371103806387095,1,1,0,0,0,1,1,0,0
2023,2023,TDG,3,Utilities,3.292280083563916,1,0,0,0,1,0,0,0,1
2023,2023,TDH,1,Real Estate,0.7185956524244494,0,0,0,0,0,0,1,0,0
2023,2023,TDM,7,Utilities,0.5022529847202505,1,1,1,1,1,0,1,0,1
2023,2023,TDP,3,Materials,0.4106698334020341,1,0,0,0,1,0,1,0,0
2023,2023,TDS,7,Materials,2.47651790047555,1,1,1,1,0,0,1,1,1
2023,2023,TDT,4,Consumer Discretionary,1.499034591461131,1,0,0,0,1,0,1,0,1
2023,2023,TED,6,Industrials,0.512891943310204,1,1,0,0,1,1,1,1,0
2023,2023,TEG,5,Industrials,1.1634649165483746,1,0,1,0,1,0,1,0,1
2023,2023,TEL,3,Industrials,0.384983411734375,0,0,0,1,0,1,1,0,0
2023,2023,TFC,7,Consumer Staples,1.9718104533687495,1,1,1,1,0,1,1,1,0
2023,2023,THD,5,Industrials,0.3839653377146786,1,1,0,1,0,1,1,0,0
2023,2023,THG,5,Materials,0.752125569528599,1,1,0,0,1,0,1,1,0
2023,2023,THM,6,Consumer Discretionary,0.8526958595011975,1,1,1,1,0,1,0,1,0
2023,2023,THP,4,Consumer Staples,1.80106643058491,1,0,0,0,1,1,1,0,0
2023,2023,THT,8,Energy,1.2434371307793433,1,1,1,1,1,0,1,1,1
2023,2023,TID,6,Consumer Staples,0.5076787851837105,1,0,1,0,1,1,1,1,0
2023,2023,TIG,4,Real Estate,0.9520662059784706,1,0,0,0,0,1,1,0,1
2023,2023,TIP,4,Real Estate,1.0974449959572163,1,1,0,0,0,1,1,0,0
2023,2023,TIS,3,Materials,2.2368898128650363,0,1,0,1,0,0,1,0,0
2023,2023,TJC,3,Industrials,1.3604819574493623,1,0,0,0,0,1,1,0,0
2023,2023,TLD,6,Materials,1.8735087456715729,1,1,0,1,1,1,1,0,0
2023,2023,TLG,5,Industrials,0.5223223273380824,1,1,0,0,1,1,0,1,0
2023,2023,TLH,6,Materials,1.971783071678846,1,1,0,1,1,0,1,0,1
2023,2023,TLI,6,Consumer Discretionary,1.459162173,0,1,1,1,1,1,1,0,0
2023,2023,TLP,5,Consumer Discretionary,1.533025750146574,1,0,1,0,1,0,1,1,0
2023,2023,TLT,6,Materials,0.7575231882450096,1,1,0,1,1,1,1,0,0
2023,2023,TMB,2,Energy,1.1258476420873786,1,0,0,0,0,0,1,0,0
2023,2023,TMC,5,Consumer Discretionary,1.740486224283154,1,0,1,0,0,1,1,1,0
2023,2023,TMP,4,Utilities,0.3246145474703167,1,1,0,0,1,0,1,0,0
2023,2023,TMS,2,Industrials,0.5455578381143634,1,0,0,0,0,0,0,1,0
2023,2023,TMT,4,Consumer Discretionary,0.7514059393193964,1,0,0,0,1,1,1,0,0
2023,2023,TN1,7,Real Estate,1.1725677442254865,1,1,0,1,1,1,1,0,1
2023,2023,TNC,5,Materials,0.2686548578012966,1,1,0,0,0,1,1,0,1
2023,2023,TNH,5,Health Care,0.7819736585883359,1,1,0,0,1,1,0,0,1
2023,2023,TNI,3,Materials,3.747463897535224,1,0,0,0,1,0,1,0,0
2023,2023,TNT,4,Materials,2.4399153393005686,1,0,1,0,0,0,1,0,1
2023,2023,TOS,7,Industrials,0.7787881881745429,1,1,1,1,1,0,1,1,0
2023,2023,TOT,6,Industrials,0.8222761560910843,1,1,0,1,1,0,1,1,0
2023,2023,TPC,3,Materials,2.198790817967549,0,1,0,1,0,0,1,0,0
2023,2023,TR1,7,Industrials,1.9043570352688064,1,1,1,1,0,1,1,1,0
2023,2023,TRA,4,Health Care,0.3737606261396044,1,1,0,1,0,0,1,0,0
2023,2023,TRC,8,Materials,1.8224037766374563,1,1,0,1,1,1,1,1,1
2023,2023,TS3,8,Industrials,2.2457628288569196,1,1,1,1,1,1,1,1,0
2023,2023,TSB,6,Industrials,0.2674074172395306,1,1,1,1,1,0,1,0,0
2023,2023,TSC,2,Consumer Discretionary,2.719792364527088,0,0,1,0,0,0,1,0,0
2023,2023,TSG,5,Industrials,1.161693997437093,1,1,1,0,0,0,1,1,0
2023,2023,TTA,3,Utilities,1.4583810366333267,1,1,0,0,0,0,1,0,0
2023,2023,TTC,3,Materials,1.5518021960337531,1,1,0,0,0,0,1,0,0
2023,2023,TTE,5,Utilities,1.0169142400388786,0,1,0,1,1,1,1,0,0
2023,2023,TTF,5,Consumer Discretionary,0.2305036052421556,0,1,0,1,1,0,1,1,0
2023,2023,TTG,7,Consumer Discretionary,0.2641986986263736,1,1,1,1,0,0,1,1,1
2023,2023,TTH,6,Consumer Discretionary,3.081850818335687,1,0,1,0,0,1,1,1,1
2023,2023,TTL,8,Industrials,1.5478695803266531,1,1,1,1,1,1,1,1,0
2023,2023,TTN,7,Communication Services,1.5106264175073174,1,1,0,1,1,1,1,1,0
2023,2023,TTP,7,Materials,1.4974494243879,1,1,1,1,0,1,1,1,0
2023,2023,TTT,2,Industrials,1.8684146970010027,1,0,0,0,0,0,1,0,0
2023,2023,TV1,5,Industrials,0.739712530310276,1,1,0,1,0,1,1,0,0
2023,2023,TV2,6,Industrials,0.5225014242966168,1,0,1,0,0,1,1,1,1
2023,2023,TV3,4,Industrials,1.4273424729458146,1,1,0,0,0,1,1,0,0
2023,2023,TV4,4,Industrials,1.0390476625827798,1,0,0,0,0,1,1,1,0
2023,2023,TVD,6,Energy,1.1080917253963432,1,1,0,1,1,1,1,0,0
2023,2023,TVN,5,Materials,1.873085136556508,0,1,1,1,0,0,1,1,0
2023,2023,TVT,5,Consumer Discretionary,1.51713447876161,1,1,0,1,0,1,1,0,0
2023,2023,TXM,5,Materials,3.4432397813664597,0,1,0,1,0,1,1,1,0
2023,2023,TYA,6,Industrials,1.5181010594435167,1,1,0,1,0,1,1,1,0
2023,2023,UDC,3,Industrials,1.6866908383731616,0,0,0,1,1,0,1,0,0
2023,2023,UDJ,5,Real Estate,1.5351401182404691,1,1,0,0,0,1,1,0,1
2023,2023,UIC,6,Utilities,1.565241101965385,1,1,0,1,0,1,1,1,0
2023,2023,UNI,6,Real Estate,1.297390614793508,1,0,1,0,1,1,1,0,1
2023,2023,USD,8,Industrials,0.9012997755166218,1,1,1,0,1,1,1,1,1
2023,2023,V21,4,Consumer Discretionary,1.6385443238264037,1,0,0,0,0,0,1,1,1
2023,2023,VAF,4,Materials,0.9713727523543636,1,0,1,0,0,0,1,0,1
2023,2023,VAV,9,Utilities,0.4392637873298518,1,1,1,1,1,1,1,1,1
2023,2023,VBC,7,Materials,0.9564072216142728,1,1,0,1,1,1,1,1,0
2023,2023,VC1,3,Industrials,2.614125628470464,1,0,0,0,0,0,1,1,0
2023,2023,VC2,4,Industrials,1.2197446037620057,1,0,0,0,1,1,0,0,1
2023,2023,VC3,5,Real Estate,0.482144690750488,1,0,0,0,1,1,1,1,0
2023,2023,VC6,6,Industrials,1.2143186772929195,1,1,1,1,0,0,1,0,1
2023,2023,VC7,6,Consumer Discretionary,0.7172247590040656,1,0,1,0,1,1,0,1,1
2023,2023,VC9,3,Industrials,0.6821815784613106,1,0,0,0,1,0,0,1,0
2023,2023,VCA,8,Materials,1.4629965679550183,1,1,1,1,0,1,1,1,1
2023,2023,VCC,3,Industrials,0.8521279130137844,1,0,0,0,1,1,0,0,0
2023,2023,VCF,5,Consumer Staples,0.4201392756019497,1,1,1,1,0,0,1,0,0
2023,2023,VCG,5,Industrials,0.655830469358963,1,1,0,1,1,0,0,0,1
2023,2023,VCM,5,Consumer Discretionary,1.436626691061571,1,0,1,0,0,1,1,0,1
2023,2023,VCP,4,Utilities,0.7813273160441723,1,1,0,1,0,0,1,0,0
2023,2023,VCR,5,Real Estate,0.3118669125051506,0,1,0,1,1,0,1,1,0
2023,2023,VCS,6,Materials,0.5665702736671591,1,1,0,1,1,1,1,0,0
2023,2023,VCW,5,Utilities,0.5774072964955556,1,1,0,1,0,1,1,0,0
2023,2023,VCX,8,Materials,1.7377601823387414,1,1,1,1,1,1,1,0,1
2023,2023,VDP,6,Health Care,1.019881097184305,1,1,1,1,0,1,0,1,0
2023,2023,VE3,5,Industrials,1.286980391660722,1,0,1,0,1,0,1,1,0
2023,2023,VE8,4,Industrials,0.1329369366666666,0,1,0,1,1,0,1,0,0
2023,2023,VE9,2,Industrials,0.4090830188195424,0,0,0,1,0,0,1,0,0
2023,2023,VEA,4,Industrials,0.557731834662963,1,1,0,0,0,1,1,0,0
2023,2023,VEC,2,Information Technology,1.097031178505464,0,0,0,0,0,0,1,1,0
2023,2023,VEF,7,Industrials,0.1689284553991303,1,0,1,0,1,1,1,1,1
2023,2023,VET,3,Health Care,0.6440650953863268,1,0,0,0,0,1,1,0,0
2023,2023,VFG,4,Materials,0.8295036683128194,1,0,0,0,0,1,1,1,0
2023,2023,VFR,5,Industrials,1.5334184799516128,1,0,1,0,0,1,1,1,0
2023,2023,VGC,4,Industrials,0.3175145558702085,1,1,0,1,0,1,0,0,0
2023,2023,VGG,4,Consumer Discretionary,1.1994807771222082,1,0,0,0,1,1,1,0,0
2023,2023,VGI,7,Communication Services,0.3823553337654324,1,1,0,1,1,0,1,1,1
2023,2023,VGP,5,Consumer Staples,0.8851673002451125,1,1,0,1,0,1,1,0,0
2023,2023,VGR,5,Industrials,0.4953661958488538,1,1,0,1,0,1,1,0,0
2023,2023,VGS,4,Materials,0.7974044440184056,1,1,0,0,0,0,1,1,0
2023,2023,VGT,4,Consumer Discretionary,1.1440456758435895,1,1,0,1,1,0,0,0,0
2023,2023,VGV,6,Industrials,0.3720657729133002,1,1,1,0,0,1,1,1,0
2023,2023,VHC,4,Consumer Staples,0.5998464385062869,1,1,0,0,1,1,0,0,0
2023,2023,VHD,2,Real Estate,0.4976994243238866,0,0,0,0,0,1,1,0,0
2023,2023,VHE,7,Consumer Staples,3.251926274573455,1,1,1,1,1,0,1,0,1
2023,2023,VHH,4,Materials,0.7256132702916667,0,1,0,1,0,0,1,0,1
2023,2023,VHL,5,Materials,1.5725026361868613,0,1,0,1,1,1,1,0,0
2023,2023,VHM,4,Real Estate,0.9531819441126124,1,1,0,0,0,1,0,0,1
2023,2023,VIC,4,Real Estate,0.6669645536804346,1,0,0,0,1,0,0,1,1
2023,2023,VID,4,Materials,2.226040687837473,1,1,0,0,0,1,1,0,0
2023,2023,VIF,5,Materials,0.8093749698678778,1,1,0,0,0,1,1,1,0
2023,2023,VIP,5,Energy,1.6402472377347994,1,1,0,1,0,0,1,1,0
2023,2023,VIT,4,Materials,0.611779140690217,1,0,0,0,1,1,1,0,0
2023,2023,VJC,5,Industrials,0.2604006509340023,1,0,1,0,0,0,1,1,1
2023,2023,VLA,3,Consumer Discretionary,0.5589355594822212,1,0,0,0,0,1,0,1,0
2023,2023,VLB,6,Materials,0.3601129436483342,1,1,1,1,0,1,1,0,0
2023,2023,VLC,3,Consumer Staples,1.1662126978021758,1,1,0,1,0,0,0,0,0
2023,2023,VLG,4,Industrials,2.918658521607351,1,0,1,0,0,1,1,0,0
2023,2023,VLW,5,Utilities,0.9592743349230832,1,1,0,0,1,1,1,0,0
2023,2023,VMC,5,Industrials,1.7931086923575703,1,0,0,0,1,1,1,1,0
2023,2023,VMD,6,Health Care,1.306790369079848,1,1,1,1,0,1,0,1,0
2023,2023,VMG,7,Utilities,0.6612939851478494,1,1,1,1,0,1,1,0,1
2023,2023,VMS,6,Industrials,0.4780521556560346,1,1,1,0,0,1,1,1,0
2023,2023,VNA,5,Industrials,1.3454757554114585,1,1,0,0,1,1,1,0,0
2023,2023,VNB,4,Communication Services,1.699934217772786,1,0,1,0,0,0,1,1,0
2023,2023,VNC,6,Industrials,0.5364549537350576,1,1,1,1,0,0,1,0,1
2023,2023,VNE,1,Industrials,1.7595208623629432,0,0,0,0,0,0,0,1,0
2023,2023,VNF,3,Industrials,2.1274405882516234,1,0,0,0,0,0,1,1,0
2023,2023,VNG,4,Consumer Discretionary,1.1478955412651723,1,0,1,0,0,0,1,1,0
2023,2023,VNL,3,Industrials,1.362316835102133,1,0,0,0,0,0,1,1,0
2023,2023,VNM,7,Consumer Staples,0.2243530084016262,1,1,1,0,0,1,1,1,1
2023,2023,VNP,3,Materials,1.1501375331171773,0,0,0,1,0,1,1,0,0
2023,2023,VNS,4,Industrials,1.3031843573009954,1,1,0,1,0,0,1,0,0
2023,2023,VNY,5,Health Care,0.9260814362820428,1,1,0,1,1,0,0,1,0
2023,2023,VNZ,4,Communication Services,0.1464542205958754,0,1,0,1,0,0,1,0,1
2023,2023,VOC,6,Consumer Staples,0.8567283768654514,1,1,1,0,1,1,1,0,0
2023,2023,VOS,6,Industrials,1.0477080707349624,1,1,0,1,0,1,1,0,1
2023,2023,VPD,6,Utilities,0.6234380928278027,1,1,0,1,1,1,1,0,0
2023,2023,VPG,4,Materials,1.028089334716096,1,0,0,0,1,0,1,1,0
2023,2023,VPH,1,Real Estate,1.247186263722759,0,0,0,0,0,0,1,0,0
2023,2023,VPI,4,Real Estate,0.2808251268266188,1,0,0,0,1,0,1,1,0
2023,2023,VPS,6,Materials,1.2903392762190264,1,1,0,1,1,0,1,1,0
2023,2023,VRC,4,Real Estate,2.412732426568944,1,0,0,0,0,0,1,1,1
2023,2023,VRE,7,Real Estate,0.7140154210457215,1,1,1,0,1,0,1,1,1
2023,2023,VRG,6,Real Estate,0.6206228900984239,1,1,1,1,0,0,1,0,1
2023,2023,VSA,5,Industrials,1.1997877409402855,1,0,1,0,0,1,1,1,0
2023,2023,VSC,5,Industrials,0.7448425829396467,1,1,0,1,0,1,1,0,0
2023,2023,VSE,3,Industrials,1.5357739362289855,0,1,0,1,0,0,1,0,0
2023,2023,VSF,8,Consumer Staples,0.1187886508988113,1,1,1,1,1,1,1,0,1
2023,2023,VSH,5,Utilities,0.4341491965943501,1,1,0,1,1,0,1,0,0
2023,2023,VSI,7,Industrials,0.7987322379147342,1,1,1,1,1,0,1,0,1
2023,2023,VSM,7,Industrials,1.3927541765632332,1,1,0,1,1,1,1,1,0
2023,2023,VSN,3,Consumer Staples,0.7239654758635181,1,0,0,0,1,0,1,0,0
2023,2023,VTA,4,Materials,1.25219043746875,0,1,0,1,1,0,1,0,0
2023,2023,VTB,6,Consumer Discretionary,1.1840784256726122,1,1,0,1,0,1,1,1,0
2023,2023,VTC,5,Communication Services,1.60141314435029,1,0,1,0,0,1,1,1,0
2023,2023,VTD,4,Consumer Discretionary,1.602114368625541,1,0,0,0,1,1,1,0,0
2023,2023,VTH,4,Industrials,1.1916017552467209,1,0,1,0,0,0,1,1,0
2023,2023,VTK,6,Communication Services,0.4358275701921988,1,1,1,0,0,1,1,0,1
2023,2023,VTL,5,Consumer Staples,0.2010877268978702,0,1,1,1,1,1,0,0,0
2023,2023,VTO,8,Energy,1.5081271460690695,1,1,1,1,1,1,1,1,0
2023,2023,VTV,6,Energy,3.2998065641233563,1,1,0,1,0,1,1,1,0
2023,2023,VTZ,4,Materials,1.418792960258721,1,0,0,0,1,1,0,0,1
2023,2023,VW3,7,Industrials,1.6807375685294117,1,1,1,1,0,1,1,0,1
2023,2023,WCS,6,Industrials,0.4363713446838709,1,1,1,0,0,0,1,1,1
2023,2023,WSB,7,Consumer Staples,1.0812834119946186,1,1,1,1,0,1,1,0,1
2023,2023,WTC,2,Industrials,1.6029946421914891,1,0,0,0,0,0,1,0,0
2023,2023,XMC,7,Industrials,1.6721154099665283,1,1,0,1,1,1,1,0,1
2023,2023,XMD,4,Materials,1.22716032978125,0,1,0,1,0,1,1,0,0
2023,2023,XMP,5,Utilities,0.573815938,1,1,0,1,1,0,1,0,0
2023,2023,XPH,3,Consumer Staples,1.949100068709582,0,1,0,1,0,0,1,0,0
2023,2023,YBM,4,Materials,1.4469885307728856,1,0,1,0,0,0,1,0,1
2023,2023,YEG,4,Communication Services,0.8662380481751613,1,0,1,0,0,1,0,0,1
2023,2023,YTC,6,Health Care,0.0930496188001337,1,1,0,1,0,1,1,1,0
2024,2024,AAA,7,Materials,1.6000974593255737,1,1,1,1,0,1,1,1,0
2024,2024,AAH,7,Energy,2.8064510945386862,1,1,1,1,1,0,1,0,1
2024,2024,AAM,6,Consumer Staples,2.1784390176333015,0,1,0,1,0,1,1,1,1
2024,2024,AAV,3,Real Estate,1.444854205644465,0,1,0,1,0,0,1,0,0
2024,2024,ABC,5,Communication Services,2.023161916814595,1,1,0,0,0,0,1,1,1
2024,2024,ABR,5,Communication Services,1.137985459373077,1,1,0,0,0,1,1,1,0
2024,2024,ABS,6,Materials,2.4902136259728263,1,1,0,1,1,1,1,0,0
2024,2024,ABT,7,Consumer Staples,1.2078278853984137,1,1,1,0,0,1,1,1,1
2024,2024,ACC,5,Materials,0.8656899292593025,1,1,0,1,1,0,1,0,0
2024,2024,ACE,6,Materials,0.6427885586072676,1,1,1,1,0,0,1,0,1
2024,2024,ACG,6,Materials,0.6625532443230261,1,1,0,1,0,0,1,1,1
2024,2024,ACL,6,Consumer Staples,1.356873104998359,1,1,0,1,0,1,1,0,1
2024,2024,ACV,7,Industrials,0.2188360421844154,1,1,1,0,1,0,1,1,1
2024,2024,ADC,6,Communication Services,0.9957532740477426,1,1,0,1,0,1,1,1,0
2024,2024,ADG,3,Communication Services,1.38628480075868,1,1,0,0,0,0,0,0,1
2024,2024,ADP,7,Materials,0.4083408379031265,1,1,1,0,0,1,1,1,1
2024,2024,ADS,4,Consumer Discretionary,1.3541088911218324,1,1,0,1,1,0,0,0,0
2024,2024,AFX,5,Consumer Staples,1.7891914823834587,1,1,1,1,0,0,1,0,0
2024,2024,AG1,6,Consumer Discretionary,0.873611470531823,1,1,0,1,0,1,1,0,1
2024,2024,AGG,6,Real Estate,1.2369836222212698,1,0,1,0,1,1,1,1,0
2024,2024,AGP,5,Health Care,0.4441405256037758,1,1,1,1,0,0,1,0,0
2024,2024,AGX,7,Consumer Staples,1.329601613506006,1,1,1,0,0,1,1,1,1
2024,2024,AIG,3,Consumer Staples,0.6568731919749969,1,1,0,0,0,0,0,1,0
2024,2024,ALV,8,Industrials,2.9231694489813114,1,1,1,1,1,1,1,0,1
2024,2024,AME,4,Industrials,2.6419481084421093,1,1,0,1,0,0,0,0,1
2024,2024,AMP,6,Consumer Discretionary,1.0799415067563205,1,0,1,0,0,1,1,1,1
2024,2024,AMS,5,Industrials,1.405108625875,1,1,0,1,0,0,1,1,0
2024,2024,ANT,6,Consumer Staples,0.773677575136986,1,0,1,0,1,1,1,1,0
2024,2024,ANV,8,Consumer Staples,0.5304943196264448,1,1,1,1,1,0,1,1,1
2024,2024,APC,7,Industrials,4.337118937737399,0,1,1,1,1,0,1,1,1
2024,2024,APF,5,Consumer Staples,0.6558531188049918,1,1,0,0,1,0,0,1,1
2024,2024,APH,7,Materials,1.467874038871702,1,1,1,1,0,1,1,1,0
2024,2024,API,7,Real Estate,1.3484172549851097,0,1,1,1,0,1,1,1,1
2024,2024,APP,6,Energy,1.2180314348692531,0,1,1,1,0,1,1,0,1
2024,2024,ASG,6,Industrials,0.7905152909545021,1,1,1,1,1,0,0,1,0
2024,2024,ASM,3,Consumer Staples,1.701975149987375,1,0,0,0,0,1,0,1,0
2024,2024,ASP,6,Utilities,2.036443911541726,1,1,1,1,1,0,1,0,0
2024,2024,AST,5,Industrials,0.214614271770846,1,1,0,1,1,0,0,1,0
2024,2024,AVC,6,Utilities,0.2668213308980954,1,1,1,1,0,0,1,0,1
2024,2024,AVG,6,Materials,0.4317662047540199,1,0,1,0,1,0,1,1,1
2024,2024,BAF,4,Consumer Staples,0.4356614273718229,1,0,1,0,1,0,0,1,0
2024,2024,BAX,5,Real Estate,0.6336558465161096,1,1,0,0,0,0,1,1,1
2024,2024,BBH,6,Materials,2.5949362693198355,1,1,1,1,0,0,1,0,1
2024,2024,BBT,6,Health Care,1.1716040420271094,1,1,1,0,0,0,1,1,1
2024,2024,BCA,3,Materials,2.390500452473684,0,0,0,0,1,0,1,1,0
2024,2024,BCC,8,Materials,2.016526549421732,0,1,1,1,1,1,1,1,1
2024,2024,BCE,8,Industrials,1.2968220521512606,1,1,1,1,0,1,1,1,1
2024,2024,BCF,7,Consumer Staples,0.2880041737536736,1,1,1,1,0,0,1,1,1
2024,2024,BCM,4,Real Estate,0.2669525014958402,1,0,0,0,0,1,1,1,0
2024,2024,BDG,8,Consumer Discretionary,0.7400916248577419,1,1,1,0,1,1,1,1,1
2024,2024,BDT,3,Materials,1.9959370424935376,0,0,0,0,1,0,1,1,0
2024,2024,BFC,8,Materials,0.5465997312162971,1,1,1,1,0,1,1,1,1
2024,2024,BHN,8,Consumer Staples,0.5206797406667127,1,1,1,1,1,0,1,1,1
2024,2024,BIG,4,Consumer Discretionary,1.7433550777878153,1,0,1,0,0,1,0,0,1
2024,2024,BIO,8,Health Care,0.755800251493814,1,1,1,1,0,1,1,1,1
2024,2024,BKC,9,Materials,1.3996370654709995,1,1,1,1,1,1,1,1,1
2024,2024,BKG,5,Materials,3.164852493630197,1,0,1,0,1,0,1,0,1
2024,2024,BLF,7,Consumer Staples,3.0661573231093544,1,1,0,1,1,1,1,1,0
2024,2024,BLT,4,Consumer Staples,0.4907568676578947,1,1,0,1,0,0,1,0,0
2024,2024,BMC,7,Materials,0.9055559362367236,1,1,1,0,0,1,1,1,1
2024,2024,BMP,5,Materials,0.2517430583086993,1,1,0,0,0,1,1,1,0
2024,2024,BNA,2,Consumer Staples,1.6293297633635555,1,0,0,0,0,0,1,0,0
2024,2024,BPC,7,Materials,2.494239237134503,1,1,1,1,0,1,1,0,1
2024,2024,BQB,8,Consumer Staples,1.2665640426724138,1,1,1,1,0,1,1,1,1
2024,2024,BRC,6,Consumer Discretionary,1.1929156381871806,1,1,1,1,0,0,1,0,1
2024,2024,BRR,5,Materials,0.6765119744065498,1,1,0,0,0,1,1,1,0
2024,2024,BRS,6,Industrials,0.654414954870205,1,1,1,0,0,1,1,0,1
2024,2024,BSA,5,Utilities,0.6079668887979046,1,1,0,1,1,0,1,0,0
2024,2024,BSL,8,Consumer Staples,1.129410349008889,1,1,1,1,0,1,1,1,1
2024,2024,BSP,7,Consumer Staples,1.5134663682217822,1,1,1,1,1,0,1,0,1
2024,2024,BSR,2,Energy,0.7851835416347525,1,0,0,0,0,0,1,0,0
2024,2024,BTB,5,Consumer Staples,2.858596954003672,1,1,0,1,0,0,1,1,0
2024,2024,BTH,7,Industrials,1.0546759026991597,1,1,1,1,0,1,1,0,1
2024,2024,BTN,4,Materials,1.0728557989990175,0,1,0,1,1,0,1,0,0
2024,2024,BTP,6,Utilities,1.4653740892667015,1,1,0,1,1,0,1,1,0
2024,2024,BTS,3,Materials,1.7613661755035726,0,1,0,1,0,0,1,0,0
2024,2024,BTU,6,Industrials,1.3143021112962965,1,1,1,1,0,0,1,1,0
2024,2024,BTW,9,Utilities,0.6875934811981601,1,1,1,1,1,1,1,1,1
2024,2024,BVL,4,Industrials,1.252847019901172,1,1,0,1,0,1,0,0,0
2024,2024,BVN,5,Consumer Discretionary,1.6406840851692308,1,1,0,0,0,1,1,0,1
2024,2024,BWE,6,Utilities,0.5108064297896836,1,1,0,1,1,1,1,0,0
2024,2024,BWS,8,Utilities,0.3147285312417181,1,1,1,1,1,0,1,1,1
2024,2024,C32,6,Materials,2.0476958276281305,1,1,1,1,0,0,1,0,1
2024,2024,C47,6,Industrials,1.9138202275014804,1,1,0,1,1,1,1,0,0
2024,2024,C4G,5,Industrials,1.3879307151069389,1,0,1,0,1,0,1,0,1
2024,2024,C69,8,Industrials,1.6481159285202107,1,1,1,1,1,1,1,1,0
2024,2024,C92,6,Industrials,1.9983268449396847,1,1,1,1,1,0,1,0,0
2024,2024,CAG,2,Industrials,1.313722376545588,0,0,0,0,0,1,1,0,0
2024,2024,CAP,2,Materials,0.2886832180325358,1,0,0,0,0,0,1,0,0
2024,2024,CAT,7,Consumer Staples,1.0139168575892634,1,1,1,1,0,1,1,0,1
2024,2024,CC1,3,Industrials,0.7302587104176291,1,0,1,0,0,0,0,0,1
2024,2024,CCA,8,Consumer Staples,0.996498170488218,1,1,1,1,0,1,1,1,1
2024,2024,CCI,4,Energy,0.616620103999439,1,1,1,0,0,0,1,0,0
2024,2024,CCR,7,Industrials,0.8301635978299844,1,1,1,1,1,0,1,0,1
2024,2024,CCT,7,Industrials,1.0126587883393805,1,1,0,1,1,0,1,1,1
2024,2024,CDC,3,Industrials,0.8647780523407133,1,0,1,0,0,1,0,0,0
2024,2024,CDN,6,Industrials,0.5438128344952465,1,1,1,1,0,0,1,0,1
2024,2024,CDP,6,Health Care,1.1694847723111257,1,0,1,0,1,0,1,1,1
2024,2024,CDR,4,Industrials,0.893529437772499,1,0,0,0,0,1,1,1,0
2024,2024,CEO,3,Real Estate,0.8535663442664262,1,0,0,0,0,1,1,0,0
2024,2024,CET,6,Consumer Discretionary,2.422578815199425,1,1,0,1,0,1,1,1,0
2024,2024,CGV,6,Consumer Discretionary,2.9147506318976637,1,1,1,0,0,1,1,1,0
2024,2024,CHP,8,Utilities,0.401517498871258,1,1,1,1,1,1,1,0,1
2024,2024,CHS,3,Industrials,0.8771403547128928,1,0,0,0,0,1,1,0,0
2024,2024,CI5,6,Industrials,1.7902368470824892,1,0,1,0,1,0,1,1,1
2024,2024,CIA,4,Industrials,1.7144431977137329,1,0,0,0,0,0,1,1,1
2024,2024,CIG,4,Industrials,0.3118867531442516,1,1,1,0,0,0,0,0,1
2024,2024,CII,7,Industrials,1.35128175093782,1,1,1,1,1,1,0,1,0
2024,2024,CKA,3,Industrials,0.8475689286935649,1,0,0,0,0,1,1,0,0
2024,2024,CKD,6,Materials,0.7599191177150537,1,1,0,1,0,0,1,1,1
2024,2024,CKG,3,Real Estate,0.6662817029687661,1,0,0,0,0,1,1,0,0
2024,2024,CLC,3,Consumer Staples,0.6676016281065851,1,0,0,0,0,0,1,0,1
2024,2024,CLH,7,Materials,0.769204629765745,1,1,0,1,1,1,1,0,1
2024,2024,CLL,7,Industrials,0.496492223469438,1,1,1,0,0,1,1,1,1
2024,2024,CLM,5,Energy,0.8914191413157584,1,1,0,1,0,1,1,0,0
2024,2024,CLX,7,Consumer Staples,1.256375171077706,1,1,1,0,1,1,1,1,0
2024,2024,CMC,6,Industrials,2.3819864308343788,1,0,0,0,1,1,1,1,1
2024,2024,CMD,5,Materials,0.9569951012135864,1,1,0,1,0,1,1,0,0
2024,2024,CMF,5,Consumer Staples,0.4774977007793007,1,1,0,1,0,0,1,1,0
2024,2024,CMM,4,Consumer Staples,1.1943314371265004,1,0,0,0,0,1,0,1,1
2024,2024,CMS,5,Industrials,1.0441623812183158,1,0,1,0,0,1,1,0,1
2024,2024,CMT,6,Information Technology,2.2062020574350623,1,0,1,0,1,1,1,0,1
2024,2024,CMV,6,Consumer Discretionary,1.563950930244701,1,1,0,1,0,1,1,1,0
2024,2024,CMX,4,Consumer Staples,1.4830568199978615,1,0,0,0,0,1,1,0,1
2024,2024,CNC,5,Health Care,0.4807191235791627,1,1,0,1,0,0,1,1,0
2024,2024,CNG,6,Utilities,0.5798901045330896,1,1,0,1,1,0,1,0,1
2024,2024,COM,6,Energy,1.0496730787991784,1,1,0,0,0,1,1,1,1
2024,2024,CPC,4,Materials,1.1746500930633312,1,1,0,0,0,1,1,0,0
2024,2024,CQN,7,Industrials,0.4181299884679277,1,1,1,1,0,0,1,1,1
2024,2024,CRC,5,Industrials,1.8665142573244968,1,0,1,0,0,1,0,1,1
2024,2024,CRE,5,Real Estate,1.5537109600186243,1,0,1,0,1,0,1,0,1
2024,2024,CSC,3,Real Estate,0.5959652017440389,1,0,0,0,0,1,0,0,1
2024,2024,CSM,8,Consumer Discretionary,0.8495812984077121,1,1,1,1,1,1,1,1,0
2024,2024,CST,5,Energy,1.02403326867909,1,1,0,1,0,0,1,0,1
2024,2024,CSV,7,Materials,0.2959269411205301,1,1,1,0,0,1,1,1,1
2024,2024,CTB,7,Industrials,1.146549674926147,1,1,1,0,0,1,1,1,1
2024,2024,CTD,5,Industrials,1.2657769376707424,1,0,1,0,1,0,0,1,1
2024,2024,CTF,4,Consumer Discretionary,0.4933828073836519,1,0,0,0,1,0,1,1,0
2024,2024,CTI,8,Industrials,1.2407997429967377,1,1,1,1,1,1,1,0,1
2024,2024,CTP,7,Consumer Staples,0.4232464083333335,1,1,1,1,0,1,1,1,0
2024,2024,CTR,4,Communication Services,0.1309639611178855,1,1,0,1,0,0,1,0,0
2024,2024,D11,3,Consumer Discretionary,2.551191861013524,1,0,0,0,0,0,1,0,1
2024,2024,D2D,7,Real Estate,0.7785369010530179,1,1,1,1,0,0,1,1,1
2024,2024,DAD,6,Communication Services,0.9802973189598329,1,1,0,1,0,1,1,0,1
2024,2024,DAH,8,Consumer Discretionary,3.2185294152647757,1,1,1,0,1,1,1,1,1
2024,2024,DAT,5,Consumer Staples,1.6488573728192828,1,0,0,0,1,1,1,0,1
2024,2024,DBC,8,Consumer Staples,0.7284407884458195,1,1,1,1,1,1,0,1,1
2024,2024,DBD,5,Health Care,0.3078170987654196,1,1,0,0,1,1,1,0,0
2024,2024,DBM,5,Health Care,1.2227510578449023,1,1,0,1,0,1,1,0,0
2024,2024,DBT,3,Health Care,1.059568750364559,1,0,0,0,0,0,0,1,1
2024,2024,DC1,5,Industrials,1.1924906562167654,1,0,1,0,0,0,1,1,1
2024,2024,DC4,4,Industrials,1.040283136253823,1,0,0,0,0,1,1,0,1
2024,2024,DCF,5,Industrials,0.2341412410705314,1,0,1,0,1,0,1,0,1
2024,2024,DCL,5,Health Care,0.7596176773315584,1,1,0,1,0,0,1,0,1
2024,2024,DCM,5,Materials,0.5382598916200447,1,1,1,0,0,0,1,1,0
2024,2024,DDG,3,Utilities,3.137897076189045,0,0,1,0,1,0,0,1,0
2024,2024,DDN,5,Consumer Staples,1.701921882525177,1,1,1,0,0,0,1,0,1
2024,2024,DDV,7,Materials,0.6173077254947751,1,1,1,1,0,0,1,1,1
2024,2024,DFF,4,Industrials,1.7487573217058825,0,1,0,1,1,0,1,0,0
2024,2024,DGC,5,Materials,0.3016554202687246,1,1,0,1,0,1,1,0,0
2024,2024,DGT,6,Materials,2.124861965415612,1,1,0,1,0,1,1,0,1
2024,2024,DGW,5,Consumer Discretionary,0.3375517104493715,1,0,1,0,1,1,0,1,0
2024,2024,DHA,4,Materials,0.6723104985680415,1,0,0,0,0,1,1,1,0
2024,2024,DHB,6,Materials,0.2524501097485509,1,1,0,1,0,0,1,1,1
2024,2024,DHC,5,Materials,0.6593811579572109,1,1,0,1,0,1,0,0,1
2024,2024,DHD,8,Health Care,0.5784385888127876,1,1,1,1,0,1,1,1,1
2024,2024,DHG,4,Health Care,0.3014281012138752,1,1,0,1,0,0,1,0,0
2024,2024,DHM,2,Materials,1.3343107277633055,1,0,0,0,0,0,1,0,0
2024,2024,DHN,6,Health Care,0.428067779358622,1,1,0,1,0,1,1,1,0
2024,2024,DHT,5,Health Care,0.1316164014484083,1,1,0,0,1,0,1,1,0
2024,2024,DIG,3,Real Estate,0.6763673924376655,1,0,0,0,0,1,0,0,1
2024,2024,DL1,5,Utilities,2.282958617173527,1,0,0,0,1,1,1,0,1
2024,2024,DLG,8,Industrials,0.9530559635347086,1,1,1,0,1,1,1,1,1
2024,2024,DM7,7,Consumer Discretionary,0.8446607613845039,1,1,1,1,0,0,1,1,1
2024,2024,DMC,7,Health Care,0.6729702071344495,1,1,1,0,0,1,1,1,1
2024,2024,DMN,5,Consumer Staples,2.299022546074074,1,0,0,0,1,1,1,1,0
2024,2024,DNP,6,Materials,0.717171112930438,1,1,1,1,0,1,0,0,1
2024,2024,DNW,9,Utilities,0.578201454000995,1,1,1,1,1,1,1,1,1
2024,2024,DP1,5,Health Care,0.6366308308320754,1,1,1,0,0,1,1,0,0
2024,2024,DPG,5,Industrials,0.6785019812093328,1,0,1,0,1,1,1,0,0
2024,2024,DPM,7,Materials,0.8273936383316118,1,1,1,1,0,0,1,1,1
2024,2024,DPR,8,Materials,0.7372883596996777,1,1,1,1,0,1,1,1,1
2024,2024,DQC,4,Industrials,2.188900401114839,0,1,0,1,1,0,1,0,0
2024,2024,DRC,4,Consumer Discretionary,0.5656919420448566,1,0,0,0,0,0,1,1,1
2024,2024,DRG,9,Materials,1.3510434699071787,1,1,1,1,1,1,1,1,1
2024,2024,DRI,7,Materials,0.6337864516556077,1,1,1,1,0,0,1,1,1
2024,2024,DRL,5,Utilities,0.2090753572071158,1,1,0,1,0,1,1,0,0
2024,2024,DS3,8,Industrials,1.649758266826592,1,1,1,1,0,1,1,1,1
2024,2024,DSN,3,Consumer Discretionary,0.4751049524020202,1,1,0,0,0,0,1,0,0
2024,2024,DST,7,Consumer Discretionary,2.210897259697029,1,1,1,1,0,1,1,0,1
2024,2024,DTA,6,Real Estate,2.843015075844342,1,0,1,0,1,1,1,0,1
2024,2024,DTB,5,Industrials,1.002315688023196,1,0,1,0,0,1,1,0,1
2024,2024,DTD,5,Real Estate,0.6937755264149926,1,1,0,0,1,1,1,0,0
2024,2024,DTG,4,Health Care,1.0171478858443384,1,1,0,0,0,1,1,0,0
2024,2024,DTI,6,Real Estate,4.573692368045409,1,0,1,0,1,1,1,0,1
2024,2024,DTK,8,Utilities,0.9031003626503056,1,1,1,1,1,1,1,0,1
2024,2024,DTL,8,Materials,1.234106649686381,1,1,1,1,1,0,1,1,1
2024,2024,DVC,8,Energy,1.5744693278459787,1,1,1,1,1,1,1,1,0
2024,2024,DVP,6,Industrials,0.4539444207051829,1,1,0,0,0,1,1,1,1
2024,2024,DXG,5,Real Estate,0.9309919543623127,1,0,1,0,0,1,0,1,1
2024,2024,DXP,3,Materials,1.2404556707172705,1,0,0,0,0,1,1,0,0
2024,2024,DXS,8,Real Estate,1.4545083196907882,1,1,1,1,1,1,0,1,1
2024,2024,DXV,5,Materials,2.5721563748272196,0,1,1,1,0,0,1,0,1
2024,2024,E12,6,Industrials,1.637090918333333,1,0,1,0,0,1,1,1,1
2024,2024,EBS,7,Communication Services,1.266910994622211,1,1,1,0,1,1,1,1,0
2024,2024,ECO,4,Materials,0.7238678594354838,1,0,1,0,0,0,1,0,1
2024,2024,EID,4,Communication Services,1.1402620230920395,1,1,0,0,0,1,1,0,0
2024,2024,EIN,5,Consumer Discretionary,3.406224764286996,0,0,1,1,0,0,1,1,1
2024,2024,ELC,4,Information Technology,0.4718322181632262,1,1,0,1,0,0,0,1,0
2024,2024,EMS,6,Industrials,0.5474674534662916,1,1,1,1,0,0,1,0,1
2024,2024,EVE,5,Consumer Discretionary,2.1550183491123223,0,1,0,1,1,0,1,0,1
2024,2024,EVG,2,Real Estate,1.6885386702033585,1,0,0,0,0,0,0,1,0
2024,2024,FCM,6,Materials,3.434357114822297,1,1,0,1,0,1,1,0,1
2024,2024,FCN,3,Industrials,1.0907943236854485,1,0,1,0,0,0,0,0,1
2024,2024,FIC,8,Materials,0.8336459874963844,1,1,1,1,1,1,1,0,1
2024,2024,FIR,6,Real Estate,1.9554729236710464,0,1,0,1,1,1,1,1,0
2024,2024,FIT,8,Health Care,2.6729555885352903,1,1,1,1,0,1,1,1,1
2024,2024,FOC,7,Communication Services,0.5419948270292325,1,1,1,0,0,1,1,1,1
2024,2024,FOX,8,Communication Services,0.2154427782525902,1,1,1,1,0,1,1,1,1
2024,2024,FPT,6,Information Technology,0.1327972692536157,1,1,1,1,0,1,0,0,1
2024,2024,FRC,5,Materials,1.8569889344178083,1,1,1,0,0,0,1,0,1
2024,2024,FRT,7,Consumer Discretionary,0.0756057055084455,1,1,1,1,0,1,0,1,1
2024,2024,FT1,7,Consumer Discretionary,0.4334719279158527,1,1,1,0,0,1,1,1,1
2024,2024,G36,8,Industrials,1.633978381130832,1,1,1,1,1,0,1,1,1
2024,2024,GAS,5,Utilities,0.3776437427748,1,1,0,0,1,0,1,0,1
2024,2024,GCB,1,Materials,1.0431714268026282,0,0,0,0,0,0,1,0,0
2024,2024,GCF,8,Consumer Staples,0.5738052267623476,1,1,1,1,1,1,0,1,1
2024,2024,GDA,5,Materials,1.2133641695540538,1,0,1,0,0,1,1,1,0
2024,2024,GDT,7,Consumer Discretionary,0.4662873750799781,1,1,1,1,0,0,1,1,1
2024,2024,GEE,7,Industrials,0.621716709273275,1,1,1,0,1,1,0,1,1
2024,2024,GEG,5,Utilities,1.029150666296695,1,1,0,1,0,1,0,0,1
2024,2024,GEX,8,Industrials,0.8502551790819778,1,1,1,1,1,1,0,1,1
2024,2024,GHC,6,Utilities,0.7738263516541156,1,1,1,0,1,1,1,0,0
2024,2024,GIC,6,Industrials,1.273697544943348,1,1,0,1,0,1,1,1,0
2024,2024,GIL,4,Consumer Discretionary,1.1716411982306385,1,0,1,0,0,1,0,1,0
2024,2024,GMD,6,Industrials,0.4587300812339493,1,1,0,1,1,1,0,0,1
2024,2024,GMX,5,Materials,0.7210667509293038,1,1,0,1,0,1,1,0,0
2024,2024,GND,6,Materials,1.4671505244912728,1,1,0,1,0,1,1,0,1
2024,2024,GPC,5,Consumer Discretionary,3.599894938033681,1,0,1,0,1,0,1,1,0
2024,2024,GSM,7,Utilities,0.7422793488419929,1,1,1,0,1,0,1,1,1
2024,2024,GSP,6,Energy,0.9750367944580222,1,1,1,1,0,0,1,0,1
2024,2024,GVR,7,Materials,0.4359854237941845,1,1,1,0,1,0,1,1,1
2024,2024,H11,8,Industrials,2.354305521394879,1,1,1,1,0,1,1,1,1
2024,2024,HAF,6,Consumer Staples,0.234055281014665,0,1,1,1,0,0,1,1,1
2024,2024,HAG,3,Consumer Staples,0.6862720662430993,1,0,0,0,1,0,0,1,0
2024,2024,HAH,7,Industrials,0.5455650398181361,1,1,1,1,0,0,1,1,1
2024,2024,HAN,5,Industrials,1.0547053927627474,1,0,1,0,1,0,1,1,0
2024,2024,HAP,6,Materials,2.628052737810413,1,1,1,1,0,0,1,0,1
2024,2024,HAR,7,Real Estate,3.3385649453879034,1,1,0,1,1,1,1,0,1
2024,2024,HAS,3,Industrials,2.0984393700690336,0,0,0,0,1,1,1,0,0
2024,2024,HAX,8,Consumer Discretionary,0.6608064825324426,1,1,1,1,0,1,1,1,1
2024,2024,HBC,7,Industrials,0.7900336142568276,1,1,1,0,1,1,1,1,0
2024,2024,HBH,6,Consumer Staples,1.9661074248958332,1,1,0,1,0,1,1,0,1
2024,2024,HCC,8,Materials,1.0399701683689802,1,1,1,1,0,1,1,1,1
2024,2024,HCD,5,Industrials,1.4748399338335003,1,1,0,1,0,1,1,0,0
2024,2024,HD2,8,Real Estate,0.7012684086309562,1,1,1,1,1,0,1,1,1
2024,2024,HDA,7,Materials,2.9582778280324145,1,1,1,0,1,0,1,1,1
2024,2024,HDC,3,Real Estate,0.5037064088457882,1,0,0,0,1,1,0,0,0
2024,2024,HDG,6,Utilities,0.636237437619725,1,1,0,1,1,1,1,0,0
2024,2024,HDM,9,Consumer Discretionary,0.6309108567377695,1,1,1,1,1,1,1,1,1
2024,2024,HEC,5,Industrials,0.9934233588049814,1,1,0,0,1,1,0,1,0
2024,2024,HEJ,6,Industrials,1.8417445927865612,1,1,0,1,1,0,1,1,0
2024,2024,HFB,6,Industrials,1.2784700612732096,1,1,0,1,0,1,1,0,1
2024,2024,HGM,6,Materials,0.1180025445152815,1,1,1,1,0,0,0,1,1
2024,2024,HHG,4,Industrials,1.5430292622762252,0,0,1,1,1,0,1,0,0
2024,2024,HHP,2,Materials,1.2947913120403165,1,0,0,0,0,1,0,0,0
2024,2024,HHS,6,Consumer Discretionary,1.8583725716639992,1,1,1,0,0,0,1,1,1
2024,2024,HHV,7,Industrials,1.0834291020271145,1,1,1,1,1,0,0,1,1
2024,2024,HID,7,Industrials,4.002408645937697,1,1,1,1,1,0,1,1,0
2024,2024,HII,5,Materials,2.62477417864892,1,0,0,0,0,1,1,1,1
2024,2024,HIO,9,Utilities,1.2726382508972431,1,1,1,1,1,1,1,1,1
2024,2024,HKT,4,Consumer Staples,1.409005711579736,1,0,0,0,0,1,1,1,0
2024,2024,HLB,6,Consumer Staples,0.5893326112168285,1,1,0,1,0,1,1,1,0
2024,2024,HLC,7,Energy,1.36432397868296,1,1,1,1,1,0,1,0,1
2024,2024,HMC,4,Materials,1.1613729237219128,1,0,1,0,0,0,1,0,1
2024,2024,HMR,5,Materials,1.2237724133343817,1,1,0,0,0,1,1,1,0
2024,2024,HNA,7,Utilities,0.5514553682720577,1,1,1,1,0,0,1,1,1
2024,2024,HND,6,Utilities,0.8873181465452713,1,1,0,1,0,1,1,0,1
2024,2024,HNF,8,Consumer Staples,0.7633048120902091,1,1,1,1,1,0,1,1,1
2024,2024,HNG,5,Consumer Staples,0.24187940605713,0,1,0,1,1,0,1,1,0
2024,2024,HNM,5,Consumer Staples,1.104483666750255,1,1,0,1,0,1,1,0,0
2024,2024,HOM,5,Materials,3.225375234525925,0,1,0,1,0,1,1,0,1
2024,2024,HPD,5,Utilities,0.6912491947332494,1,1,0,1,1,0,1,0,0
2024,2024,HPG,5,Materials,0.6708695403393763,1,1,1,0,0,0,0,1,1
2024,2024,HPP,5,Materials,0.7401894623078543,1,1,1,0,0,1,0,0,1
2024,2024,HPW,8,Utilities,0.8205377297798782,1,1,1,1,1,1,1,0,1
2024,2024,HPX,7,Real Estate,2.4184955918474063,1,1,0,1,1,0,1,1,1
2024,2024,HRC,8,Materials,0.4870401305560279,1,1,1,0,1,1,1,1,1
2024,2024,HSG,3,Materials,0.9691895785782,1,0,0,0,0,1,0,0,1
2024,2024,HSL,7,Consumer Staples,2.8132487317943653,1,1,0,1,1,1,1,1,0
2024,2024,HSM,7,Consumer Discretionary,2.894474959936766,0,1,1,1,0,1,1,1,1
2024,2024,HSP,7,Materials,1.3624389491353102,1,1,1,0,0,1,1,1,1
2024,2024,HSV,5,Consumer Discretionary,2.820409368344798,1,0,1,0,0,1,1,0,1
2024,2024,HT1,8,Materials,1.0898100409324627,1,1,1,1,0,1,1,1,1
2024,2024,HTE,5,Industrials,2.591120844309645,0,1,0,1,0,1,1,0,1
2024,2024,HTG,8,Consumer Discretionary,0.5113565072851604,1,1,1,1,1,0,1,1,1
2024,2024,HTI,8,Industrials,1.2331370974967475,1,1,1,1,1,1,1,0,1
2024,2024,HTL,5,Consumer Discretionary,0.5125389675299146,1,1,0,1,0,1,1,0,0
2024,2024,HTM,7,Consumer Discretionary,0.9064027753966594,0,1,1,1,1,0,1,1,1
2024,2024,HTN,3,Industrials,1.6663835259991409,1,0,0,0,0,1,1,0,0
2024,2024,HTV,5,Industrials,2.593903038509736,1,1,1,0,0,1,0,1,0
2024,2024,HU1,5,Industrials,2.5405058672181817,1,0,1,0,0,0,1,1,1
2024,2024,HU3,4,Industrials,3.9439308914574367,0,1,0,1,0,1,1,0,0
2024,2024,HU4,7,Real Estate,0.990970513163017,1,1,1,0,1,0,1,1,1
2024,2024,HUB,3,Materials,1.1991210065111433,1,0,0,0,0,1,1,0,0
2024,2024,HUT,7,Consumer Discretionary,0.6095207520573972,1,1,1,1,1,1,0,0,1
2024,2024,HVH,6,Industrials,1.2618125690081212,1,1,1,1,0,1,0,0,1
2024,2024,HVT,7,Materials,0.3644387367832071,1,1,1,0,1,0,1,1,1
2024,2024,HVX,5,Materials,3.094011690329286,0,1,1,1,0,0,1,1,0
2024,2024,HWS,9,Utilities,0.7583418006440666,1,1,1,1,1,1,1,1,1
2024,2024,ICC,6,Consumer Discretionary,1.275972453602967,1,1,0,1,0,1,1,0,1
2024,2024,ICF,6,Consumer Staples,1.9586176189262303,1,1,1,1,0,1,1,0,0
2024,2024,ICG,6,Industrials,2.1512471342692,1,0,1,0,1,0,1,1,1
2024,2024,ICN,8,Industrials,0.3214052463374184,1,1,1,1,1,0,1,1,1
2024,2024,ICT,8,Communication Services,1.4937001238672258,1,1,1,1,0,1,1,1,1
2024,2024,IDC,8,Real Estate,0.3055234828403089,1,1,1,1,1,1,0,1,1
2024,2024,IDI,5,Consumer Staples,1.4659253943193322,1,0,1,0,0,1,1,1,0
2024,2024,IDJ,4,Real Estate,2.013870746282823,1,0,0,0,0,1,1,1,0
2024,2024,IDV,6,Real Estate,0.6166521537930243,1,1,0,0,1,1,1,1,0
2024,2024,IFS,5,Consumer Staples,0.5280688759688336,1,1,0,1,0,0,1,0,1
2024,2024,IJC,2,Real Estate,0.9846364313747804,1,0,0,0,0,1,0,0,0
2024,2024,ILA,6,Materials,2.2118027578717574,0,1,0,1,1,0,1,1,1
2024,2024,ILB,6,Industrials,0.644075368825838,1,1,0,1,1,1,1,0,0
2024,2024,ILC,5,Industrials,1.6345985983486735,1,1,1,0,1,0,1,0,0
2024,2024,ILS,8,Industrials,0.5659493869822373,1,1,1,1,1,1,1,0,1
2024,2024,IMP,6,Health Care,0.3016015653216723,1,1,1,0,0,1,1,0,1
2024,2024,INN,4,Materials,0.736745013691981,1,0,1,0,0,0,1,0,1
2024,2024,IPA,6,Industrials,1.6284218344288592,1,1,1,0,0,1,0,1,1
2024,2024,ISH,5,Utilities,0.5050867054105174,1,1,0,1,0,1,1,0,0
2024,2024,ITC,5,Real Estate,2.0783036802527364,1,0,0,0,1,1,1,0,1
2024,2024,ITS,6,Energy,2.759649522231122,1,1,0,1,1,0,1,0,1
2024,2024,JVC,5,Health Care,1.2618260789483366,1,1,0,1,0,0,1,1,0
2024,2024,KBC,4,Real Estate,0.8888367513828666,1,1,0,1,0,1,0,0,0
2024,2024,KCB,6,Materials,1.094146286591981,1,1,0,1,0,0,1,1,1
2024,2024,KDC,5,Consumer Staples,0.3912548520728331,1,1,0,1,0,0,0,1,1
2024,2024,KDH,3,Real Estate,0.4765371322834655,1,0,0,0,0,1,0,0,1
2024,2024,KGM,4,Consumer Staples,1.48925140997135,1,0,0,0,1,1,1,0,0
2024,2024,KHG,6,Real Estate,2.092650215540179,1,0,1,0,0,1,1,1,1
2024,2024,KHP,6,Utilities,0.8725857900352032,1,1,0,1,1,0,1,0,1
2024,2024,KHS,9,Consumer Staples,1.3291153955577184,1,1,1,1,1,1,1,1,1
2024,2024,KMR,7,Consumer Discretionary,3.499430261253541,1,1,0,1,1,1,1,1,0
2024,2024,KOS,8,Utilities,0.2776688210149681,1,1,1,1,1,0,1,1,1
2024,2024,KSB,4,Materials,1.2475075268223288,1,1,0,1,0,1,0,0,0
2024,2024,KSD,5,Consumer Discretionary,2.1314960061702126,0,1,0,1,0,1,1,1,0
2024,2024,KSF,7,Real Estate,0.4122608883114403,1,1,1,1,1,0,1,0,1
2024,2024,KSQ,5,Materials,2.942172708355556,0,1,0,1,0,1,1,0,1
2024,2024,KSV,7,Materials,0.1655518571569159,1,1,1,0,1,1,0,1,1
2024,2024,KTS,7,Consumer Staples,1.1558121297595567,1,1,1,0,1,1,1,1,0
2024,2024,KVC,3,Materials,5.840461836060606,0,0,1,0,1,0,1,0,0
2024,2024,L10,4,Industrials,1.4157328466923031,1,0,0,0,1,0,1,1,0
2024,2024,L12,8,Industrials,3.0135267195020914,1,1,1,1,1,1,1,0,1
2024,2024,L14,7,Consumer Discretionary,0.3812753644638347,1,1,0,1,1,1,1,1,0
2024,2024,L18,7,Industrials,0.4301148927593531,1,1,1,0,1,1,0,1,1
2024,2024,L40,5,Industrials,0.8824512451307189,1,0,1,0,0,1,0,1,1
2024,2024,L43,5,Industrials,0.9763940050691244,0,0,1,1,0,0,1,1,1
2024,2024,LAF,7,Consumer Staples,0.8775285366917249,1,1,1,1,0,1,0,1,1
2024,2024,LAI,6,Real Estate,0.5755566543926867,1,0,1,0,0,1,1,1,1
2024,2024,LAS,4,Materials,0.6051427134074973,1,0,1,0,0,0,1,1,0
2024,2024,LBM,5,Materials,0.5375518529832155,1,1,0,1,1,0,1,0,0
2024,2024,LCG,2,Industrials,1.277164419568933,1,0,0,0,0,0,0,0,1
2024,2024,LDP,8,Health Care,0.7662497596606094,1,1,1,1,0,1,1,1,1
2024,2024,LEC,5,Consumer Discretionary,1.718704882686906,0,0,0,1,1,0,1,1,1
2024,2024,LGL,1,Real Estate,5.1558943490935585,0,0,0,0,0,0,1,0,0
2024,2024,LHC,5,Industrials,0.4581242558786651,1,1,0,1,1,0,0,0,1
2024,2024,LHG,7,Real Estate,0.9366529118229744,1,0,1,0,1,1,1,1,1
2024,2024,LIC,7,Materials,0.1383908076601908,1,1,1,0,0,1,1,1,1
2024,2024,LIG,7,Industrials,3.4163815736798253,1,1,0,1,1,0,1,1,1
2024,2024,LIX,6,Consumer Staples,0.4316214696600332,1,1,1,1,0,1,1,0,0
2024,2024,LKW,4,Utilities,1.1124449492375,1,1,0,0,0,0,1,0,1
2024,2024,LLM,8,Industrials,0.7883306741114404,1,1,1,1,1,1,1,0,1
2024,2024,LMC,7,Materials,1.8391923585034011,1,1,1,0,0,1,1,1,1
2024,2024,LPT,7,Consumer Discretionary,2.1758907623333332,1,1,1,0,1,1,1,1,0
2024,2024,LSG,6,Real Estate,1.0440716381611612,1,0,0,0,1,1,1,1,1
2024,2024,M10,7,Consumer Discretionary,0.7021319469758545,1,1,0,1,1,0,1,1,1
2024,2024,MA1,9,Real Estate,0.6311403116099301,1,1,1,1,1,1,1,1,1
2024,2024,MAC,5,Industrials,0.759984285362154,1,1,0,1,0,1,0,0,1
2024,2024,MAS,8,Industrials,0.2127189956912578,1,1,1,1,0,1,1,1,1
2024,2024,MBG,6,Consumer Discretionary,3.244166484695037,1,1,1,1,0,0,1,1,0
2024,2024,MCF,4,Consumer Staples,1.261613714051064,1,0,1,0,0,0,1,0,1
2024,2024,MCG,5,Industrials,0.9435572909449416,0,1,0,1,0,0,1,1,1
2024,2024,MCH,4,Consumer Staples,0.0579069747526795,1,1,0,1,0,0,0,1,0
2024,2024,MCM,3,Consumer Staples,0.6109683601828784,1,1,0,0,0,0,1,0,0
2024,2024,MCO,7,Industrials,1.2706175673480269,1,1,0,1,1,1,1,1,0
2024,2024,MCP,6,Materials,0.489453979024222,1,1,1,1,0,1,1,0,0
2024,2024,MDC,8,Energy,1.59562165526109,1,1,1,1,0,1,1,1,1
2024,2024,MFS,3,Communication Services,0.6047175101785497,1,0,0,0,0,0,1,0,1
2024,2024,MGC,5,Energy,1.6920502833940498,1,1,0,1,0,0,1,0,1
2024,2024,MGG,5,Consumer Discretionary,1.099976293908858,1,0,1,0,0,1,1,1,0
2024,2024,MHC,2,Industrials,1.909972259648658,1,0,0,0,0,0,1,0,0
2024,2024,MIC,6,Materials,0.9004258284648382,1,1,0,0,1,1,1,0,1
2024,2024,MKP,4,Health Care,1.7839258185323257,1,0,1,0,0,0,1,0,1
2024,2024,MKV,7,Health Care,1.778488287122449,1,1,1,0,0,1,1,1,1
2024,2024,MLS,7,Consumer Staples,0.7503706849107142,1,1,1,0,0,1,1,1,1
2024,2024,MML,7,Consumer Staples,0.5623898808695563,1,1,1,1,1,0,0,1,1
2024,2024,MSH,5,Consumer Discretionary,0.4604400814505847,1,1,1,0,0,0,0,1,1
2024,2024,MSR,6,Materials,0.9458461519886282,0,1,0,1,0,1,1,1,1
2024,2024,MTA,9,Materials,1.0159234129702028,1,1,1,1,1,1,1,1,1
2024,2024,MTG,7,Utilities,1.630773658169059,1,1,1,1,1,1,0,1,0
2024,2024,MTL,6,Industrials,1.9809941086928105,1,1,0,0,1,1,1,0,1
2024,2024,MTP,7,Health Care,1.189018468058355,1,1,1,1,0,1,1,1,0
2024,2024,MTS,7,Consumer Discretionary,1.2374870498877193,1,1,1,0,0,1,1,1,1
2024,2024,MVB,7,Energy,0.8616757528300751,1,1,1,1,0,1,1,0,1
2024,2024,MVC,5,Materials,1.2865104245863157,1,1,1,0,0,0,1,0,1
2024,2024,MVN,7,Industrials,0.189181557792973,1,1,1,1,0,1,1,0,1
2024,2024,MWG,7,Consumer Discretionary,0.3113560185353383,1,1,1,1,1,0,0,1,1
2024,2024,MZG,6,Materials,1.4355502286312234,1,0,1,0,1,1,1,0,1
2024,2024,NAF,5,Consumer Staples,0.8890995280185052,1,1,0,0,0,1,1,1,0
2024,2024,NAG,5,Consumer Discretionary,1.1086346437068502,1,1,1,0,0,0,1,0,1
2024,2024,NAS,9,Industrials,0.3415949085423866,1,1,1,1,1,1,1,1,1
2024,2024,NAV,3,Consumer Discretionary,0.7222372135464017,1,0,0,0,0,0,1,1,0
2024,2024,NBB,4,Real Estate,0.8007302428725611,1,0,0,0,1,1,1,0,0
2024,2024,NBC,7,Energy,1.5435999914190683,1,1,0,1,1,1,1,0,1
2024,2024,NBE,4,Communication Services,1.611230861543307,1,0,0,0,0,0,1,1,1
2024,2024,NBP,4,Utilities,1.341706835482021,0,1,0,1,0,0,1,0,1
2024,2024,NBT,7,Utilities,0.8420887389795918,1,1,0,1,1,1,1,1,0
2024,2024,NCG,6,Consumer Staples,2.177395184717243,1,0,1,0,1,0,1,1,1
2024,2024,NCS,8,Industrials,0.3941012800032673,1,1,1,1,1,1,1,0,1
2024,2024,NCT,5,Industrials,0.1852419172976732,1,1,1,0,0,0,1,0,1
2024,2024,ND2,8,Utilities,0.4359622239597712,1,1,1,1,1,0,1,1,1
2024,2024,NDN,3,Real Estate,1.688222549003117,1,0,0,0,0,1,1,0,0
2024,2024,NDP,6,Health Care,0.961268534512012,1,1,1,0,0,0,1,1,1
2024,2024,NDT,6,Consumer Discretionary,0.6676964866058618,0,1,1,1,0,0,1,1,1
2024,2024,NDX,6,Industrials,2.2589233259603576,1,1,0,1,1,1,1,0,0
2024,2024,NED,9,Utilities,1.715556657142857,1,1,1,1,1,1,1,1,1
2024,2024,NET,5,Consumer Staples,0.3058876378115106,1,1,0,1,0,1,1,0,0
2024,2024,NFC,7,Materials,0.8338446890695839,1,1,1,1,0,0,1,1,1
2024,2024,NHA,7,Real Estate,0.4217053251160998,1,1,1,1,1,0,0,1,1
2024,2024,NHC,6,Materials,0.6063910012156757,1,1,1,1,0,0,1,0,1
2024,2024,NHH,8,Materials,1.4146128367627602,1,1,1,1,0,1,1,1,1
2024,2024,NHT,9,Materials,1.0643830763351705,1,1,1,1,1,1,1,1,1
2024,2024,NKG,5,Materials,1.286117717708213,1,0,1,0,0,0,1,1,1
2024,2024,NLG,7,Real Estate,0.6879569827309638,1,1,1,1,0,1,1,0,1
2024,2024,NNC,7,Materials,0.8172419926696692,1,1,1,1,0,0,1,1,1
2024,2024,NNT,9,Utilities,0.5274877928715176,1,1,1,1,1,1,1,1,1
2024,2024,NO1,7,Industrials,1.2081005817588326,1,1,1,0,1,0,1,1,1
2024,2024,NRC,4,Real Estate,2.17729381583326,0,1,0,1,0,0,1,0,1
2024,2024,NS2,8,Utilities,0.5809703857691091,1,1,1,1,0,1,1,1,1
2024,2024,NSC,5,Consumer Staples,1.016130781512545,1,1,0,0,0,1,1,0,1
2024,2024,NSH,7,Materials,2.6151725240449206,1,1,1,1,1,1,1,0,0
2024,2024,NST,4,Consumer Staples,1.612152335330291,1,0,1,0,0,1,1,0,0
2024,2024,NT2,5,Utilities,0.6945909733580025,1,1,0,1,0,1,1,0,0
2024,2024,NTC,5,Real Estate,0.2172865911838573,1,1,0,1,0,0,1,0,1
2024,2024,NTL,8,Real Estate,0.7853757882140733,1,1,1,1,0,1,1,1,1
2024,2024,NTP,8,Materials,0.4019236584416771,1,1,1,1,0,1,1,1,1
2024,2024,NUE,5,Industrials,1.2640051065263158,1,0,0,0,1,1,1,1,0
2024,2024,NVL,4,Real Estate,1.8927698769899508,0,0,0,1,1,0,1,0,1
2024,2024,NVT,7,Consumer Discretionary,0.2976519837612111,0,1,0,1,1,1,1,1,1
2024,2024,NXT,6,Materials,1.9309108240887132,1,1,0,1,1,1,1,0,0
2024,2024,OCH,6,Consumer Staples,1.401199343229091,1,1,0,1,1,1,0,1,0
2024,2024,ODE,5,Communication Services,0.2956699250956719,1,1,0,1,0,1,1,0,0
2024,2024,OGC,6,Consumer Staples,0.5313593916517647,1,1,0,1,1,1,0,1,0
2024,2024,OIL,2,Energy,0.8406372594829452,1,0,0,0,0,0,1,0,0
2024,2024,ONE,5,Communication Services,2.537371183868088,1,0,0,0,1,1,1,0,1
2024,2024,OPC,4,Health Care,0.507226777370095,1,1,0,0,0,1,1,0,0
2024,2024,PAC,6,Industrials,0.4882653756344839,1,1,1,0,1,1,1,0,0
2024,2024,PAN,5,Consumer Staples,1.0216041946359975,1,0,1,0,1,0,1,1,0
2024,2024,PAS,5,Materials,4.019151896239834,1,0,1,0,0,1,0,1,1
2024,2024,PAT,5,Materials,0.2605822230323024,1,1,0,1,0,1,1,0,0
2024,2024,PBC,6,Health Care,1.614624894753385,1,1,0,1,1,0,1,1,0
2024,2024,PBP,4,Materials,1.1017867407078932,1,0,1,0,0,0,1,0,1
2024,2024,PBT,7,Materials,1.372844252445914,1,1,1,1,0,1,1,0,1
2024,2024,PC1,7,Industrials,0.6747568266186839,1,1,1,1,0,1,0,1,1
2024,2024,PCE,7,Materials,1.100865327338983,1,1,1,1,0,0,1,1,1
2024,2024,PCF,4,Energy,1.3385854603773586,1,0,0,0,0,1,1,1,0
2024,2024,PCH,7,Materials,0.8381769183753728,1,1,0,1,0,1,1,1,1
2024,2024,PCT,7,Industrials,1.0310661040388245,1,1,1,1,0,1,1,1,0
2024,2024,PDB,9,Materials,1.467583720568705,1,1,1,1,1,1,1,1,1
2024,2024,PDN,9,Industrials,0.3187272669575431,1,1,1,1,1,1,1,1,1
2024,2024,PDR,3,Real Estate,0.6086257506588247,1,0,0,0,0,1,0,0,1
2024,2024,PDV,5,Industrials,0.9610598021185136,1,1,1,0,0,1,0,1,0
2024,2024,PEG,4,Consumer Discretionary,0.3232555545851844,0,0,0,1,1,0,1,1,0
2024,2024,PET,9,Consumer Discretionary,0.8080669484542226,1,1,1,1,1,1,1,1,1
2024,2024,PFL,7,Industrials,2.116400762685714,1,1,1,1,0,0,1,1,1
2024,2024,PGC,6,Utilities,0.9135240213292772,1,1,1,1,0,0,1,0,1
2024,2024,PGD,6,Utilities,0.4708197334356638,1,1,1,1,0,0,1,0,1
2024,2024,PGN,6,Materials,0.7643033122512733,1,1,0,1,1,1,1,0,0
2024,2024,PGT,5,Industrials,0.4923006171413019,1,0,0,0,0,1,1,1,1
2024,2024,PGV,4,Utilities,0.6263324617773841,0,1,0,1,1,0,1,0,0
2024,2024,PHC,4,Industrials,2.1821576556507756,1,1,0,1,1,0,0,0,0
2024,2024,PHP,8,Industrials,0.4065018216499714,1,1,1,1,1,0,1,1,1
2024,2024,PHR,7,Materials,0.5188763139346559,1,1,0,0,1,1,1,1,1
2024,2024,PIC,6,Utilities,0.5627795339229005,1,1,0,1,1,1,1,0,0
2024,2024,PIT,3,Consumer Staples,1.4986628762850338,1,0,1,0,0,0,1,0,0
2024,2024,PJT,9,Energy,1.2184471167516016,1,1,1,1,1,1,1,1,1
2024,2024,PLA,5,Real Estate,2.1883099185333332,0,1,0,1,0,0,1,1,1
2024,2024,PLC,4,Materials,0.6904663750726635,1,1,0,0,0,1,1,0,0
2024,2024,PLP,4,Materials,2.442965910043682,1,0,1,0,0,0,1,0,1
2024,2024,PLX,6,Energy,0.5460039648664572,1,1,0,0,1,1,1,1,0
2024,2024,PMB,6,Materials,1.2762596796505377,1,1,1,1,0,0,1,0,1
2024,2024,PMC,6,Health Care,0.298388135863373,1,1,1,0,0,0,1,1,1
2024,2024,PMS,6,Energy,0.7582545758631187,1,1,0,1,0,1,1,1,0
2024,2024,PNC,4,Consumer Discretionary,0.9813703925067706,1,1,0,0,0,0,1,1,0
2024,2024,PNJ,3,Consumer Discretionary,0.3402355913101766,1,1,0,0,0,0,0,0,1
2024,2024,PNP,6,Industrials,0.6239327847242941,1,0,1,0,1,1,1,0,1
2024,2024,POS,7,Energy,1.0338775346126945,1,1,1,1,0,0,1,1,1
2024,2024,POT,5,Information Technology,1.0319944914336556,1,0,1,0,0,1,1,0,1
2024,2024,POV,8,Energy,1.726356761106806,1,1,0,1,1,1,1,1,1
2024,2024,POW,3,Utilities,1.1390181832322703,1,1,0,1,0,0,0,0,0
2024,2024,PPC,7,Utilities,1.2656056196876604,1,1,1,1,0,0,1,1,1
2024,2024,PPH,6,Consumer Discretionary,0.8028177915446624,1,1,1,0,0,1,1,0,1
2024,2024,PPP,5,Health Care,0.8690180802361337,1,1,0,0,0,1,1,1,0
2024,2024,PPS,4,Industrials,1.107657805134503,1,0,1,0,0,0,1,0,1
2024,2024,PPY,6,Energy,1.7798788678361612,1,1,0,0,1,1,1,1,0
2024,2024,PRC,8,Industrials,1.5174009452380952,1,1,1,1,1,0,1,1,1
2024,2024,PRT,5,Materials,1.2427628767694736,1,1,0,1,0,1,1,0,0
2024,2024,PSB,3,Energy,1.8049094701387096,1,0,0,0,0,0,1,1,0
2024,2024,PSC,6,Energy,1.4222720179054054,1,1,0,1,0,0,1,1,1
2024,2024,PSD,7,Consumer Discretionary,0.8422670756741008,1,1,1,1,0,1,1,1,0
2024,2024,PSE,8,Materials,1.3843372489292929,1,1,1,1,0,1,1,1,1
2024,2024,PSL,7,Consumer Staples,0.9749378855469424,1,1,0,1,0,1,1,1,1
2024,2024,PSP,5,Industrials,0.8749552857480916,1,1,0,1,1,0,1,0,0
2024,2024,PSW,7,Materials,1.4077286006162466,1,1,1,1,0,1,1,1,0
2024,2024,PTB,7,Materials,0.6444674830270011,1,1,1,1,1,1,0,0,1
2024,2024,PTC,6,Industrials,2.5818358067986193,1,0,1,0,1,1,1,1,0
2024,2024,PTL,3,Real Estate,1.567368924791131,0,0,0,1,0,0,1,0,1
2024,2024,PTS,7,Industrials,2.334605718965517,1,1,1,1,1,0,1,1,0
2024,2024,PTV,7,Consumer Discretionary,2.555924768,1,1,1,1,0,1,1,0,1
2024,2024,PTX,7,Energy,0.8941143705557925,1,1,1,1,1,0,1,1,0
2024,2024,PVB,7,Energy,0.5911428267625743,1,1,1,1,0,1,1,1,0
2024,2024,PVC,5,Energy,1.105421219082532,1,1,0,1,0,1,1,0,0
2024,2024,PVD,7,Energy,1.214854692679583,1,1,1,1,1,0,1,0,1
2024,2024,PVG,5,Utilities,1.6109186065009518,1,0,1,0,1,1,1,0,0
2024,2024,PVM,4,Industrials,0.8940227241443789,1,0,0,0,0,1,1,1,0
2024,2024,PVO,5,Energy,1.818022573622258,1,0,0,0,0,1,1,1,1
2024,2024,PVP,7,Energy,1.0089950664381275,1,1,1,1,0,0,1,1,1
2024,2024,PVS,6,Energy,0.8374108090093804,1,1,1,1,0,0,1,0,1
2024,2024,PVT,5,Energy,0.7827504773351365,1,1,0,1,0,0,0,1,1
2024,2024,PWA,6,Real Estate,2.085792693257143,0,1,1,1,0,1,1,1,0
2024,2024,PXL,4,Real Estate,0.7350744684596083,1,0,1,0,0,1,1,0,0
2024,2024,QCG,7,Real Estate,1.304089665115686,1,1,1,1,1,0,0,1,1
2024,2024,QNC,7,Materials,1.814007925537832,1,1,0,1,1,1,1,0,1
2024,2024,QNP,8,Industrials,0.6075774744493923,1,1,0,1,1,1,1,1,1
2024,2024,QNS,4,Consumer Staples,0.544080909839849,1,1,0,0,0,1,0,1,0
2024,2024,QPH,5,Utilities,0.8573637452630247,1,1,0,0,0,1,1,1,0
2024,2024,QTP,8,Utilities,0.8024097410839682,1,1,1,1,1,0,1,1,1
2024,2024,RAL,5,Industrials,1.1518364516880912,1,1,0,0,1,1,1,0,0
2024,2024,RBC,6,Consumer Discretionary,2.0842389147314977,1,0,1,0,1,0,1,1,1
2024,2024,RCC,3,Industrials,0.9080203951054632,1,0,0,0,1,0,1,0,0
2024,2024,REE,5,Utilities,0.5909638290003891,1,1,0,1,1,1,0,0,0
2024,2024,RIC,6,Consumer Discretionary,2.2038345697201533,0,0,1,1,0,1,1,1,1
2024,2024,RTB,9,Materials,0.7532508493715998,1,1,1,1,1,1,1,1,1
2024,2024,RYG,1,Materials,1.0636414362499065,1,0,0,0,0,0,0,0,0
2024,2024,S4A,5,Utilities,0.3682241253112474,1,1,0,1,0,1,1,0,0
2024,2024,S55,6,Industrials,1.0233978292253922,1,1,1,1,0,0,1,1,0
2024,2024,S99,4,Industrials,1.7304877289016556,1,1,0,1,0,0,0,1,0
2024,2024,SAB,6,Consumer Staples,0.3270777824515559,1,1,1,1,0,0,1,0,1
2024,2024,SAC,7,Industrials,0.9669912840835542,1,1,1,1,0,0,1,1,1
2024,2024,SAM,5,Industrials,1.4118728811852976,1,0,1,0,0,1,1,0,1
2024,2024,SAS,7,Industrials,0.3384507211390758,1,1,1,0,0,1,1,1,1
2024,2024,SAV,7,Consumer Discretionary,0.7346920602820354,1,1,1,1,0,0,1,1,1
2024,2024,SB1,6,Consumer Staples,1.85664444226363,1,1,0,1,0,1,1,0,1
2024,2024,SBA,5,Utilities,0.5438048284509842,1,1,0,1,1,0,1,0,0
2024,2024,SBB,4,Consumer Staples,0.9523066788103112,0,0,0,1,0,0,1,1,1
2024,2024,SBG,6,Industrials,1.1197515745812137,1,0,1,0,1,1,0,1,1
2024,2024,SBH,4,Utilities,0.2664011126733539,1,1,0,1,0,0,1,0,0
2024,2024,SBV,3,Consumer Discretionary,1.6405271739267655,0,0,0,1,0,0,1,0,1
2024,2024,SC5,5,Industrials,1.1418058265711906,1,0,0,0,0,1,1,1,1
2024,2024,SCG,6,Industrials,0.2425581655672462,1,0,1,0,1,0,1,1,1
2024,2024,SCI,2,Industrials,2.038406165823626,1,0,0,0,0,0,1,0,0
2024,2024,SCJ,7,Materials,3.4259460745665926,1,1,1,1,0,1,1,0,1
2024,2024,SCL,4,Materials,0.5292788337595324,1,1,0,1,0,0,1,0,0
2024,2024,SCR,5,Real Estate,2.118593533907513,1,1,0,1,0,0,1,0,1
2024,2024,SCS,5,Industrials,0.1721505773750246,1,1,1,0,0,0,0,1,1
2024,2024,SD2,5,Industrials,1.185291881124502,0,1,0,1,1,0,1,0,1
2024,2024,SD3,5,Utilities,0.6216212044078891,0,1,0,1,0,1,1,1,0
2024,2024,SD5,8,Industrials,2.3097844987930314,1,1,1,1,0,1,1,1,1
2024,2024,SD9,8,Utilities,1.6663128385815271,1,1,1,1,1,1,1,1,0
2024,2024,SDT,7,Industrials,4.76063173760951,0,1,1,1,1,1,1,0,1
2024,2024,SDV,7,Industrials,0.9868719073096774,1,1,1,0,1,1,1,1,0
2024,2024,SEA,6,Consumer Staples,0.3831906423324461,1,1,0,0,1,1,1,1,0
2024,2024,SED,6,Communication Services,1.5588337187313503,1,1,1,0,0,1,1,0,1
2024,2024,SEP,3,Consumer Staples,0.6999730288368213,1,0,0,0,0,0,1,0,1
2024,2024,SFG,3,Materials,1.3556179829094033,1,0,0,0,0,0,1,1,0
2024,2024,SFI,4,Industrials,1.0812368305096385,1,1,0,0,0,1,0,0,1
2024,2024,SGC,7,Consumer Staples,0.3940616420564301,1,1,1,0,0,1,1,1,1
2024,2024,SGD,6,Communication Services,0.9205897346326984,0,1,0,1,1,0,1,1,1
2024,2024,SGI,4,Consumer Discretionary,2.145988368021482,1,0,0,0,1,0,1,0,1
2024,2024,SGN,6,Industrials,0.3898225651975287,1,1,0,1,0,1,1,1,0
2024,2024,SGP,6,Industrials,0.4539100754016755,1,1,0,1,1,0,1,0,1
2024,2024,SGR,7,Real Estate,0.4174483419166405,1,1,0,1,1,0,1,1,1
2024,2024,SGT,6,Communication Services,0.7131305784199183,1,0,1,0,1,0,1,1,1
2024,2024,SHA,8,Industrials,3.071175789694585,1,1,1,1,1,1,1,0,1
2024,2024,SHE,4,Industrials,1.454762789172966,1,0,0,0,1,0,1,0,1
2024,2024,SHI,4,Industrials,0.7136164019578102,1,1,1,0,0,0,0,0,1
2024,2024,SHN,3,Consumer Discretionary,1.7991359586999156,1,0,1,0,0,0,1,0,0
2024,2024,SHP,9,Utilities,0.382291272273759,1,1,1,1,1,1,1,1,1
2024,2024,SID,4,Real Estate,2.0023909363591668,1,0,1,0,0,0,1,0,1
2024,2024,SIP,7,Real Estate,0.2480482145219676,1,1,1,0,0,1,1,1,1
2024,2024,SIV,8,Materials,1.9709574549797533,1,1,1,1,1,1,1,0,1
2024,2024,SJD,8,Utilities,1.0327303532818686,1,1,1,1,0,1,1,1,1
2024,2024,SJE,5,Industrials,1.809165694399918,1,0,1,0,1,0,1,0,1
2024,2024,SJG,9,Industrials,0.7895547074355367,1,1,1,1,1,1,1,1,1
2024,2024,SJS,8,Real Estate,0.3533513925666998,1,1,1,0,1,1,1,1,1
2024,2024,SKG,4,Industrials,1.1665564919660354,1,1,0,1,0,0,1,0,0
2024,2024,SKH,6,Consumer Staples,0.4549464040329768,1,1,0,1,0,1,1,1,0
2024,2024,SKV,5,Consumer Staples,0.5127665913138291,1,1,0,1,0,0,1,1,0
2024,2024,SMA,6,Utilities,0.8560178483982154,1,1,0,1,1,1,1,0,0
2024,2024,SMB,7,Consumer Staples,0.4670281671558577,1,1,1,0,0,1,1,1,1
2024,2024,SMC,5,Materials,1.3806309960577614,1,0,1,0,1,1,1,0,0
2024,2024,SMT,8,Information Technology,2.225620322397483,1,1,1,1,1,1,1,1,0
2024,2024,SNZ,7,Real Estate,0.527388639449216,1,1,1,1,1,0,0,1,1
2024,2024,SPM,6,Health Care,5.211605498722637,1,1,0,1,0,1,1,1,0
2024,2024,SRC,6,Consumer Discretionary,0.8363795505651237,1,0,1,0,1,1,1,1,0
2024,2024,SRF,2,Industrials,1.1520868956782568,1,0,0,0,0,1,0,0,0
2024,2024,SSC,4,Consumer Staples,0.8365297842961864,1,0,0,0,0,1,1,0,1
2024,2024,SSG,5,Industrials,2.1120947198285713,1,0,1,0,0,1,1,0,1
2024,2024,SSH,6,Real Estate,0.2361878106869253,1,0,1,0,1,1,1,0,1
2024,2024,ST8,4,Consumer Discretionary,1.5995567837284037,1,0,1,0,0,0,1,0,1
2024,2024,STG,6,Industrials,0.6056236140778685,1,1,1,0,1,0,1,0,1
2024,2024,STH,6,Consumer Discretionary,1.6213379242979242,1,1,1,1,0,0,1,0,1
2024,2024,STK,5,Consumer Discretionary,0.7196631038085433,1,1,0,1,0,0,1,1,0
2024,2024,SVC,5,Consumer Discretionary,1.094956760177347,1,1,1,0,0,0,0,1,1
2024,2024,SVD,8,Consumer Discretionary,2.851048178802007,1,1,1,1,1,0,1,1,1
2024,2024,SVG,8,Materials,2.111794145714981,1,1,1,1,1,1,1,0,1
2024,2024,SVI,3,Materials,1.1329647688509985,1,1,0,0,0,0,1,0,0
2024,2024,SVN,4,Consumer Staples,3.1336155457703083,1,0,0,0,0,1,1,0,1
2024,2024,SVT,5,Materials,1.1008879608470568,1,1,0,0,0,1,1,1,0
2024,2024,SWC,6,Industrials,1.027231628007045,1,1,1,0,1,0,1,0,1
2024,2024,SZB,8,Real Estate,0.5697867756557514,1,1,1,0,1,1,1,1,1
2024,2024,SZC,7,Real Estate,0.4069437881908735,1,1,1,1,1,1,0,1,0
2024,2024,SZE,7,Industrials,1.0126107875210084,1,1,1,1,1,0,1,1,0
2024,2024,SZL,7,Real Estate,0.5447602740375149,1,1,1,1,1,0,1,0,1
2024,2024,TA9,3,Industrials,1.0717280875099002,1,0,0,0,0,0,1,1,0
2024,2024,TAL,3,Real Estate,0.6179597404317394,1,0,1,0,0,1,0,0,0
2024,2024,TAN,7,Consumer Staples,0.3203596098613794,1,1,1,1,0,0,1,1,1
2024,2024,TBC,8,Utilities,0.403474142279715,1,1,1,1,1,0,1,1,1
2024,2024,TCH,9,Real Estate,0.9444895396126722,1,1,1,1,1,1,1,1,1
2024,2024,TCL,4,Industrials,0.5926376389952013,1,1,0,0,1,0,1,0,0
2024,2024,TCM,7,Consumer Discretionary,0.4639343435558238,1,1,1,1,0,0,1,1,1
2024,2024,TCO,5,Consumer Staples,0.7900828537913267,1,1,0,1,0,0,1,0,1
2024,2024,TCR,3,Materials,2.328107453548426,0,0,0,1,0,0,1,0,1
2024,2024,TCT,3,Industrials,1.5623394012895273,1,0,0,0,0,1,1,0,0
2024,2024,TCW,7,Industrials,0.5442065543003889,1,1,1,0,1,0,1,1,1
2024,2024,TDB,5,Utilities,0.2757462747251099,1,1,0,1,0,0,1,1,0
2024,2024,TDC,7,Real Estate,1.0255008317591303,1,1,1,0,1,1,0,1,1
2024,2024,TDF,6,Materials,2.412267685050794,1,1,0,1,1,1,1,0,0
2024,2024,TDG,4,Utilities,2.919077939396281,1,0,1,0,0,1,1,0,0
2024,2024,TDH,4,Real Estate,0.2186030714613976,0,1,0,1,0,0,1,1,0
2024,2024,TDM,5,Utilities,0.4596958881715954,1,1,0,1,0,1,0,1,0
2024,2024,TDP,6,Materials,0.3524578050715733,1,1,1,1,0,1,0,0,1
2024,2024,TDS,4,Materials,1.7055356591183035,1,1,0,1,0,0,1,0,0
2024,2024,TDT,7,Consumer Discretionary,1.6028922696258818,1,1,0,1,1,1,1,1,0
2024,2024,TDW,6,Utilities,0.558095339422125,1,1,1,1,0,0,1,0,1
2024,2024,TED,7,Industrials,0.3720180355635087,1,1,0,1,1,1,1,1,0
2024,2024,TEG,4,Industrials,1.5551386880236964,1,1,0,1,0,1,0,0,0
2024,2024,TFC,8,Consumer Staples,0.4875057655037331,1,1,1,1,0,1,1,1,1
2024,2024,TGP,8,Industrials,3.07748078926635,1,1,1,1,1,1,1,1,0
2024,2024,THD,5,Industrials,0.3156080861604856,1,1,0,0,0,1,1,1,0
2024,2024,THG,7,Materials,0.5605326594449861,1,1,1,1,0,0,1,1,1
2024,2024,THM,6,Consumer Discretionary,1.4942028151282123,1,1,0,0,1,1,1,0,1
2024,2024,THT,6,Energy,1.2196901253122394,1,1,0,1,1,1,1,0,0
2024,2024,TID,5,Consumer Staples,0.488321230347479,1,0,1,0,1,0,1,0,1
2024,2024,TIG,7,Real Estate,0.774903526313512,1,1,0,1,1,0,1,1,1
2024,2024,TIP,6,Real Estate,1.281070589699837,1,1,1,0,0,0,1,1,1
2024,2024,TIS,8,Materials,1.388730750783264,0,1,1,1,1,1,1,1,1
2024,2024,TKU,7,Materials,0.7557275974100908,1,1,1,1,0,0,1,1,1
2024,2024,TLD,7,Materials,1.7469112062872203,1,1,1,0,1,0,1,1,1
2024,2024,TLG,7,Industrials,0.4121319252165212,1,1,1,0,1,0,1,1,1
2024,2024,TLH,3,Materials,2.400591390116503,0,0,0,0,1,0,1,0,1
2024,2024,TLP,6,Consumer Discretionary,1.5886856230633184,1,1,0,1,0,1,1,1,0
2024,2024,TLT,8,Materials,0.9839556488131384,1,1,1,1,0,1,1,1,1
2024,2024,TMB,4,Energy,0.742213306115942,1,1,0,0,0,1,1,0,0
2024,2024,TMC,7,Consumer Discretionary,1.7974600930200222,1,1,0,1,0,1,1,1,1
2024,2024,TMP,6,Utilities,0.3087036028298047,1,1,0,1,1,1,1,0,0
2024,2024,TMS,7,Industrials,0.5652475291213447,1,1,1,1,1,0,1,0,1
2024,2024,TMT,4,Consumer Discretionary,0.3096050854875492,0,1,0,1,0,0,1,0,1
2024,2024,TMW,5,Materials,1.1488147410805545,1,1,1,0,0,1,1,0,0
2024,2024,TMX,5,Materials,1.5075514302356905,1,1,0,1,0,0,1,1,0
2024,2024,TN1,4,Real Estate,1.53731055627802,1,0,1,0,1,0,1,0,0
2024,2024,TNC,6,Materials,0.5430520616498096,1,0,1,0,0,1,1,1,1
2024,2024,TNH,1,Health Care,0.6807088847575843,1,0,0,0,0,0,0,0,0
2024,2024,TNI,5,Materials,4.246291939004911,0,1,0,1,1,0,1,0,1
2024,2024,TNT,4,Materials,2.607247051963059,1,0,0,0,1,1,1,0,0
2024,2024,TNV,6,Consumer Discretionary,1.0288002797326128,1,1,1,0,1,0,1,1,0
2024,2024,TOS,8,Industrials,0.5443610862166081,1,1,1,1,1,1,1,0,1
2024,2024,TOT,5,Industrials,0.8396205523323024,1,1,0,1,0,1,1,0,0
2024,2024,TPC,8,Materials,1.7248890579320608,1,1,1,1,0,1,1,1,1
2024,2024,TRA,4,Health Care,0.4361046183369507,1,1,0,0,0,1,1,0,0
2024,2024,TRC,8,Materials,1.1977475682205594,1,1,1,1,1,0,1,1,1
2024,2024,TS3,5,Industrials,2.0020265574612517,1,0,1,0,1,0,1,0,1
2024,2024,TSA,7,Industrials,0.9676128436312575,1,1,1,1,1,0,1,0,1
2024,2024,TSB,7,Industrials,0.2772156194101242,1,1,1,1,0,0,1,1,1
2024,2024,TSC,8,Consumer Discretionary,4.211615077160986,1,1,1,1,0,1,1,1,1
2024,2024,TSD,8,Consumer Discretionary,0.5202532656331763,1,1,1,0,1,1,1,1,1
2024,2024,TSJ,5,Consumer Discretionary,0.3207509685739831,1,1,1,0,0,1,1,0,0
2024,2024,TT6,6,Consumer Staples,1.2432103958689584,1,0,1,0,1,0,1,1,1
2024,2024,TTA,9,Utilities,1.0248647483025353,1,1,1,1,1,1,1,1,1
2024,2024,TTC,4,Materials,1.8829914798171787,1,0,0,0,0,1,1,1,0
2024,2024,TTF,4,Consumer Discretionary,0.2970009975017083,1,0,1,0,0,1,1,0,0
2024,2024,TTG,3,Consumer Discretionary,0.4704795483707152,1,1,0,0,0,1,0,0,0
2024,2024,TTH,3,Consumer Discretionary,3.9185169531630217,0,0,0,1,0,0,1,0,1
2024,2024,TTN,6,Communication Services,0.5546649019086457,1,1,1,1,0,0,1,1,0
2024,2024,TTT,3,Industrials,1.920192372779369,1,0,0,0,0,1,1,0,0
2024,2024,TUG,4,Industrials,1.2040347526048023,1,0,0,0,0,1,1,1,0
2024,2024,TV1,8,Industrials,0.6685787041829874,1,1,1,1,1,0,1,1,1
2024,2024,TV2,7,Industrials,0.580373899329458,1,1,1,1,0,1,1,0,1
2024,2024,TV3,4,Industrials,1.4514723972528911,1,1,0,0,0,1,1,0,0
2024,2024,TV4,6,Industrials,0.9840528616749474,1,1,1,0,0,1,1,0,1
2024,2024,TVD,5,Energy,1.3957671886202043,1,1,0,1,0,0,1,0,1
2024,2024,TVN,6,Materials,1.57011351554837,1,0,1,0,1,1,1,0,1
2024,2024,TVT,7,Consumer Discretionary,1.470355138069185,1,0,1,0,1,1,1,1,1
2024,2024,TW3,8,Health Care,1.3750387479050268,1,1,1,1,1,1,1,1,0
2024,2024,TXM,5,Materials,3.4198119485714287,0,1,1,1,0,0,1,0,1
2024,2024,TYA,6,Industrials,1.3172124794529456,1,1,1,0,0,0,1,1,1
2024,2024,UDC,6,Industrials,1.4502131020812925,0,0,1,1,1,0,1,1,1
2024,2024,UDJ,5,Real Estate,1.6490244026524064,1,1,0,1,0,0,1,1,0
2024,2024,UIC,8,Utilities,1.4536267200878294,1,1,1,1,1,0,1,1,1
2024,2024,UNI,3,Real Estate,1.4201283616751506,1,0,0,0,1,0,1,0,0
2024,2024,UPH,7,Health Care,1.1441445243340722,1,1,1,1,0,1,1,1,0
2024,2024,USD,8,Industrials,0.7234094410446429,1,1,1,1,1,1,1,0,1
2024,2024,VAF,6,Materials,0.9883687809624304,1,1,0,1,1,0,1,0,1
2024,2024,VAV,9,Utilities,0.445936702260625,1,1,1,1,1,1,1,1,1
2024,2024,VC2,7,Industrials,1.3858426547516427,1,1,1,1,0,1,1,1,0
2024,2024,VC3,6,Real Estate,0.4025468688809729,1,1,0,1,1,1,1,0,0
2024,2024,VC7,4,Consumer Discretionary,0.8926650923205071,1,0,0,0,1,1,1,0,0
2024,2024,VC9,7,Industrials,0.8083564574809629,1,1,0,1,1,1,1,0,1
2024,2024,VCA,3,Materials,1.0424354086189205,1,0,0,0,0,0,1,0,1
2024,2024,VCC,4,Industrials,1.2690704247050562,1,0,0,0,1,0,1,1,0
2024,2024,VCF,3,Consumer Staples,0.3394613514904687,1,1,0,0,0,0,1,0,0
2024,2024,VCG,9,Industrials,0.7421951613855227,1,1,1,1,1,1,1,1,1
2024,2024,VCM,4,Consumer Discretionary,1.452140422784553,1,0,1,0,0,0,1,0,1
2024,2024,VCP,8,Utilities,0.7852107617541356,1,1,1,1,1,1,1,0,1
2024,2024,VCR,3,Real Estate,0.3193551023006457,0,0,1,0,0,1,1,0,0
2024,2024,VCS,7,Materials,0.5029155653375984,1,1,0,1,1,1,1,0,1
2024,2024,VDG,3,Consumer Discretionary,0.6512185143690183,1,0,0,0,0,0,1,0,1
2024,2024,VDN,6,Consumer Discretionary,1.411660135878232,1,1,1,1,1,0,0,0,1
2024,2024,VDP,4,Health Care,0.9200644134949676,1,1,0,0,0,1,1,0,0
2024,2024,VE9,3,Industrials,0.4284232169740585,0,0,1,0,0,0,1,1,0
2024,2024,VEA,6,Industrials,0.492099124206996,1,0,1,0,0,1,1,1,1
2024,2024,VEC,5,Information Technology,1.1192280237818963,0,1,0,1,0,1,1,1,0
2024,2024,VEF,4,Industrials,0.140308607736213,1,1,1,1,0,0,0,0,0
2024,2024,VET,3,Health Care,0.9405993350641892,0,0,0,0,0,1,1,1,0
2024,2024,VFG,7,Materials,0.4595356276325807,1,1,1,0,0,1,1,1,1
2024,2024,VGC,6,Industrials,0.4105611710059366,1,1,0,1,1,0,1,1,0
2024,2024,VGG,9,Consumer Discretionary,1.05188214921401,1,1,1,1,1,1,1,1,1
2024,2024,VGI,9,Communication Services,0.1239425272437778,1,1,1,1,1,1,1,1,1
2024,2024,VGP,5,Consumer Staples,0.9368295476877996,1,0,1,0,0,1,1,1,0
2024,2024,VGR,6,Industrials,0.2632547626455863,1,1,1,1,0,0,1,0,1
2024,2024,VGS,7,Materials,0.6194419598700286,1,1,1,0,1,1,1,1,0
2024,2024,VGT,8,Consumer Discretionary,0.9312774154983562,1,1,1,1,1,1,0,1,1
2024,2024,VHC,9,Consumer Staples,0.5482387337221629,1,1,1,1,1,1,1,1,1
2024,2024,VHE,5,Consumer Staples,3.37829589865401,1,0,1,0,1,0,1,0,1
2024,2024,VHM,2,Real Estate,1.2333535143297043,1,0,0,0,1,0,0,0,0
2024,2024,VIC,5,Real Estate,0.8861483268440096,1,1,1,1,0,0,0,0,1
2024,2024,VID,4,Materials,2.500854765261141,1,0,0,0,1,1,1,0,0
2024,2024,VIF,5,Materials,0.8062185156505747,1,0,1,0,1,1,1,0,0
2024,2024,VIM,5,Materials,0.92594275880597,1,1,0,1,0,1,1,0,0
2024,2024,VIP,8,Energy,1.327895132196009,1,1,1,1,0,1,1,1,1
2024,2024,VIT,9,Materials,0.6151870626638903,1,1,1,1,1,1,1,1,1
2024,2024,VJC,5,Industrials,0.3156620424769028,1,0,1,0,0,1,1,1,0
2024,2024,VLA,3,Consumer Discretionary,1.0025927512985953,1,0,1,0,0,0,1,0,0
2024,2024,VLB,7,Materials,0.3271110863193102,1,1,1,1,0,0,1,1,1
2024,2024,VLC,3,Consumer Staples,0.9436846248972196,1,1,0,1,0,0,0,0,0
2024,2024,VLG,6,Industrials,1.227583603949406,1,0,1,0,0,1,1,1,1
2024,2024,VMC,7,Industrials,1.7964649143905995,1,1,0,1,1,0,1,1,1
2024,2024,VMD,7,Health Care,1.316224887021313,1,1,1,1,0,1,1,1,0
2024,2024,VMG,5,Utilities,0.4068236173406863,0,1,0,1,1,0,1,1,0
2024,2024,VNA,6,Industrials,0.7646568941485453,1,1,1,0,0,0,1,1,1
2024,2024,VNB,4,Communication Services,1.4367788091424638,1,0,1,0,0,0,1,1,0
2024,2024,VNC,4,Industrials,0.6520651536908613,1,1,0,0,0,0,1,1,0
2024,2024,VNE,4,Industrials,2.4725935242512036,0,1,0,1,1,0,1,0,0
2024,2024,VNF,8,Industrials,1.0908407853089803,1,1,1,1,0,1,1,1,1
2024,2024,VNG,3,Consumer Discretionary,1.3192178787669453,1,0,0,0,1,0,1,0,0
2024,2024,VNI,6,Real Estate,1.0198093169161866,1,0,1,0,1,1,1,0,1
2024,2024,VNL,6,Industrials,1.248232239808997,1,1,1,0,0,0,1,1,1
2024,2024,VNM,6,Consumer Staples,0.2436078945966126,1,1,0,1,1,0,1,1,0
2024,2024,VNP,8,Materials,1.52482122590183,1,1,1,1,0,1,1,1,1
2024,2024,VNS,4,Industrials,1.6280256928312562,1,1,0,1,0,0,1,0,0
2024,2024,VNY,9,Health Care,0.97495222698603,1,1,1,1,1,1,1,1,1
2024,2024,VNZ,5,Communication Services,0.0746406902198337,0,1,1,1,0,0,0,1,1
2024,2024,VOC,5,Consumer Staples,1.0331137478133234,1,1,0,0,1,0,1,1,0
2024,2024,VOS,6,Industrials,0.8356825404638656,1,1,1,0,0,1,1,0,1
2024,2024,VPD,8,Utilities,0.489433741702057,1,1,1,1,1,0,1,1,1
2024,2024,VPG,5,Materials,1.4844326151054847,1,0,1,0,1,0,1,0,1
2024,2024,VPH,5,Real Estate,1.623672088124564,1,0,1,0,1,1,1,0,0
2024,2024,VPI,3,Real Estate,0.2538657798214768,1,1,0,0,0,1,0,0,0
2024,2024,VPS,9,Materials,1.5621019577240924,1,1,1,1,1,1,1,1,1
2024,2024,VQC,4,Industrials,1.9225433324671688,1,1,0,0,0,0,1,0,1
2024,2024,VRC,4,Real Estate,1.6760381780172413,1,0,1,0,0,0,1,0,1
2024,2024,VRE,3,Real Estate,1.0757505393366245,1,1,0,0,0,1,0,0,0
2024,2024,VRG,5,Real Estate,0.6368198783307101,1,1,0,0,0,1,1,1,0
2024,2024,VSA,6,Industrials,1.0566332229612896,1,1,0,1,0,0,1,1,1
2024,2024,VSC,6,Industrials,0.9914344448098308,1,1,1,0,1,0,0,1,1
2024,2024,VSE,6,Industrials,1.5663781952816862,1,0,1,0,0,1,1,1,1
2024,2024,VSF,5,Consumer Staples,0.1289838409196619,1,0,0,0,1,1,1,0,1
2024,2024,VSH,6,Utilities,0.4037521071377875,1,1,0,1,1,1,1,0,0
2024,2024,VSI,7,Industrials,0.7977303605026913,1,1,1,1,1,0,1,1,0
2024,2024,VSM,9,Industrials,1.3133422551216465,1,1,1,1,1,1,1,1,1
2024,2024,VTA,3,Materials,0.196342785,0,1,0,1,0,0,1,0,0
2024,2024,VTB,6,Consumer Discretionary,1.5357106783849286,1,1,1,1,0,0,1,0,1
2024,2024,VTC,8,Communication Services,1.8598824782165273,1,1,1,1,1,1,1,0,1
2024,2024,VTD,4,Consumer Discretionary,1.5043100342299578,0,0,0,0,1,1,1,0,1
2024,2024,VTH,4,Industrials,1.4900757235612865,1,0,0,0,1,0,1,0,1
2024,2024,VTK,5,Communication Services,0.2248145069872787,1,1,1,0,0,0,1,0,1
2024,2024,VTQ,9,Materials,0.2277662176979385,1,1,1,1,1,1,1,1,1
2024,2024,VTV,4,Energy,1.9837222582528509,0,1,0,1,0,1,1,0,0
2024,2024,VTZ,5,Materials,0.6230773574286703,1,0,1,0,1,1,0,1,0
2024,2024,WCS,4,Industrials,0.3934718762118518,1,1,0,0,0,1,1,0,0
2024,2024,WTC,5,Industrials,1.972252026236842,1,0,0,0,0,1,1,1,1
2024,2024,X20,8,Consumer Discretionary,1.6147994431382386,1,1,1,1,0,1,1,1,1
2024,2024,XMC,5,Industrials,1.8139889662846584,1,1,0,1,0,1,1,0,0
2024,2024,XMP,8,Utilities,0.7202948007583333,1,1,1,1,1,0,1,1,1
2024,2024,XPH,6,Consumer Staples,1.4103912599659345,0,0,1,1,0,1,1,1,1
2024,2024,YBM,7,Materials,1.2469952201197292,1,1,0,0,1,1,1,1,1
2024,2024,YEG,6,Communication Services,0.5662013893937464,1,1,1,1,1,0,0,0,1
2024,2024,YTC,8,Health Care,0.4704561434515081,1,1,1,1,1,1,0,1,1
2025,2025,AAA,5,Materials,1.762477096591707,1,1,0,1,1,0,0,1,0
2025,2025,AAH,6,Energy,2.807096164661672,1,1,0,1,1,1,1,0,0
2025,2025,AAM,8,Consumer Staples,2.746995436621843,1,1,1,1,0,1,1,1,1
2025,2025,AAV,3,Real Estate,1.624795053061436,0,0,0,0,0,0,1,1,1
2025,2025,ABC,5,Communication Services,2.604965704073783,1,0,1,0,0,1,1,1,0
2025,2025,ABR,4,Communication Services,0.8944858806395349,1,0,0,0,0,0,1,1,1
2025,2025,ABS,4,Materials,1.6156335427170418,0,0,0,1,1,0,1,1,0
2025,2025,ABT,7,Consumer Staples,0.814331927619964,1,1,1,0,0,1,1,1,1
2025,2025,ACC,3,Materials,0.9478284309162568,1,0,0,0,0,1,1,0,0
2025,2025,ACE,7,Materials,0.5555790543583701,1,1,1,0,1,1,1,0,1
2025,2025,ACG,3,Materials,0.8087248107155219,1,0,1,0,0,0,0,0,1
2025,2025,ACL,8,Consumer Staples,1.160692133304804,1,1,1,1,0,1,1,1,1
2025,2025,ACV,5,Industrials,0.3987205368614556,1,1,0,1,1,0,1,0,0
2025,2025,ADG,4,Communication Services,1.8995044818903697,1,1,0,1,0,0,0,1,0
2025,2025,ADP,5,Materials,0.4976995015872508,1,1,0,1,0,0,1,1,0
2025,2025,ADS,6,Consumer Discretionary,1.5944488411547018,1,0,1,0,0,1,1,1,1
2025,2025,AFX,3,Consumer Staples,1.262324609150121,1,0,0,0,0,1,1,0,0
2025,2025,AG1,4,Consumer Discretionary,0.983640813278623,1,0,1,0,0,0,1,0,1
2025,2025,AGG,4,Real Estate,1.517643554215728,1,0,1,0,1,0,0,1,0
2025,2025,AGP,5,Health Care,0.4677721150491103,1,1,0,1,1,0,0,1,0
2025,2025,AGX,6,Consumer Staples,0.8685883709577198,1,1,1,0,0,1,1,1,0
2025,2025,AIG,5,Consumer Staples,0.7102894214153048,1,1,1,0,0,1,0,0,1
2025,2025,ALV,5,Industrials,1.753005521099386,1,0,1,0,0,0,1,1,1
2025,2025,AMP,4,Consumer Discretionary,1.0609742356117708,1,0,1,0,0,0,1,0,1
2025,2025,AMS,7,Industrials,1.890887893357456,1,1,1,1,0,1,1,0,1
2025,2025,AMV,5,Health Care,5.834427972844801,0,1,0,1,1,0,1,1,0
2025,2025,ANT,7,Consumer Staples,0.4444762935267374,1,1,1,1,1,1,0,1,0
2025,2025,ANV,8,Consumer Staples,0.5154151428630479,1,1,1,0,1,1,1,1,1
2025,2025,APC,4,Industrials,4.196425098988823,0,1,0,1,0,1,1,0,0
2025,2025,APF,6,Consumer Staples,0.8980303134856262,1,1,0,1,0,1,1,1,0
2025,2025,APH,6,Materials,1.633135765893062,1,1,1,1,1,0,0,1,0
2025,2025,API,7,Real Estate,1.5172618302972325,1,1,1,1,1,0,0,1,1
2025,2025,APP,4,Energy,1.7849335893084517,1,0,1,0,0,0,1,0,1
2025,2025,ASM,3,Consumer Staples,2.0813357500646648,1,0,0,0,1,0,0,1,0
2025,2025,ASP,9,Utilities,1.8718198017318557,1,1,1,1,1,1,1,1,1
2025,2025,AST,8,Industrials,0.1693768857304473,1,1,1,1,1,0,1,1,1
2025,2025,AVC,7,Utilities,0.3253116917668537,1,1,1,1,0,1,1,0,1
2025,2025,AVG,4,Materials,1.3563408069589664,1,0,1,0,0,0,1,1,0
2025,2025,BAF,2,Consumer Staples,0.35656094786499,1,0,0,0,0,0,0,1,0
2025,2025,BAX,7,Real Estate,0.7983524224354376,1,1,1,1,0,1,1,0,1
2025,2025,BBH,8,Materials,2.656827164558255,1,1,1,1,0,1,1,1,1
2025,2025,BBT,6,Health Care,1.062764999875462,1,1,0,1,1,0,0,1,1
2025,2025,BCA,8,Materials,1.3670111807410072,1,1,1,1,1,1,0,1,1
2025,2025,BCC,9,Materials,1.9691543632712591,1,1,1,1,1,1,1,1,1
2025,2025,BCE,4,Industrials,1.246001838904325,1,0,1,0,0,0,1,0,1
2025,2025,BCM,6,Real Estate,0.3560661691858731,1,0,1,0,1,1,1,0,1
2025,2025,BDG,4,Consumer Discretionary,0.6400655909297821,1,1,0,0,1,0,1,0,0
2025,2025,BDT,7,Materials,1.440355239179991,1,1,1,1,0,1,1,0,1
2025,2025,BFC,4,Materials,0.5658547126583867,1,0,0,0,1,0,1,0,1
2025,2025,BHN,9,Consumer Staples,0.6527461831567609,1,1,1,1,1,1,1,1,1
2025,2025,BHP,7,Consumer Staples,2.42702786340618,1,1,1,1,0,1,1,1,0
2025,2025,BIG,4,Consumer Discretionary,2.0805635734446226,1,0,1,0,0,1,0,1,0
2025,2025,BIO,7,Health Care,0.9483270439759106,1,1,1,0,0,1,1,1,1
2025,2025,BKC,6,Materials,0.6311301647450468,1,0,1,0,1,1,1,1,0
2025,2025,BKG,5,Materials,3.666161032317034,1,0,0,0,1,1,1,1,0
2025,2025,BLF,4,Consumer Staples,3.617408729596274,1,0,0,0,1,1,1,0,0
2025,2025,BLT,4,Consumer Staples,0.7826827873765432,1,0,1,0,0,0,1,1,0
2025,2025,BMC,3,Materials,1.2468063133641882,1,0,0,0,0,1,1,0,0
2025,2025,BMJ,6,Materials,1.1351314366483185,1,1,1,0,1,0,0,1,1
2025,2025,BMP,7,Materials,0.2008603435100773,1,1,1,0,0,1,1,1,1
2025,2025,BNW,4,Utilities,0.5261760940983866,1,1,0,1,0,0,1,0,0
2025,2025,BQB,7,Consumer Staples,0.9931320593703148,1,1,1,1,0,1,1,1,0
2025,2025,BRC,5,Consumer Discretionary,1.367858191622996,1,1,0,1,0,1,1,0,0
2025,2025,BRS,6,Industrials,0.7380166582494216,1,1,1,1,0,0,1,0,1
2025,2025,BSA,9,Utilities,0.6287830474066937,1,1,1,1,1,1,1,1,1
2025,2025,BSG,5,Industrials,0.3399102863575269,1,1,0,1,0,1,1,0,0
2025,2025,BSL,6,Consumer Staples,1.0974797875277778,1,1,1,1,0,1,1,0,0
2025,2025,BSR,8,Energy,0.7504833485086991,1,1,1,1,0,1,1,1,1
2025,2025,BTH,5,Industrials,0.7543214534474708,1,1,0,1,0,0,1,1,0
2025,2025,BTP,8,Utilities,1.9797041914465257,1,1,1,1,1,1,1,1,0
2025,2025,BTS,9,Materials,1.6456359259853184,1,1,1,1,1,1,1,1,1
2025,2025,BVL,6,Industrials,0.8369399998605801,1,1,1,0,0,0,1,1,1
2025,2025,BWE,5,Utilities,0.573437495029578,1,1,1,1,0,0,0,1,0
2025,2025,BWS,6,Utilities,0.3245411758908597,1,1,0,1,1,1,1,0,0
2025,2025,C32,6,Materials,1.746124263244787,1,1,1,0,0,1,1,1,0
2025,2025,C47,9,Industrials,1.288181738908487,1,1,1,1,1,1,1,1,1
2025,2025,C4G,3,Industrials,1.2850642070714955,1,0,0,0,1,0,1,0,0
2025,2025,C69,5,Industrials,0.9139816432921404,1,0,1,0,0,1,1,1,0
2025,2025,CAG,8,Industrials,1.6053157724749163,1,1,1,1,0,1,1,1,1
2025,2025,CAP,7,Materials,0.3205779290816973,1,1,1,1,0,0,1,1,1
2025,2025,CAT,7,Consumer Staples,1.101388787044986,1,1,1,1,0,1,1,0,1
2025,2025,CCR,8,Industrials,0.9349461001539986,1,1,1,1,1,0,1,1,1
2025,2025,CDC,2,Industrials,0.4332096295102526,1,0,0,0,0,1,0,0,0
2025,2025,CDN,9,Industrials,0.6309393074655368,1,1,1,1,1,1,1,1,1
2025,2025,CDP,6,Health Care,1.0084524633383576,1,0,1,0,1,1,1,0,1
2025,2025,CDR,5,Industrials,1.9425727957131893,1,0,1,0,0,1,1,1,0
2025,2025,CEO,5,Real Estate,0.5186519962650183,1,0,0,0,0,1,1,1,1
2025,2025,CGV,6,Consumer Discretionary,3.1002974220792883,1,1,1,0,0,1,1,0,1
2025,2025,CHP,9,Utilities,0.451746162489297,1,1,1,1,1,1,1,1,1
2025,2025,CI5,8,Industrials,2.2894053823751586,1,1,1,1,1,1,1,1,0
2025,2025,CIA,7,Industrials,2.048039462305396,1,1,1,1,0,0,1,1,1
2025,2025,CIG,5,Industrials,0.8933412550415716,1,0,1,0,0,1,0,1,1
2025,2025,CII,4,Industrials,0.682870530030894,1,0,0,0,1,1,0,1,0
2025,2025,CIP,6,Industrials,1.594380210429043,1,1,1,1,0,0,1,0,1
2025,2025,CKA,5,Industrials,0.9255336268651244,1,1,1,0,0,1,1,0,0
2025,2025,CKD,3,Materials,0.8331946267555556,1,0,1,0,0,0,1,0,0
2025,2025,CKG,4,Real Estate,1.235385670745624,1,0,0,0,1,1,0,1,0
2025,2025,CLC,5,Consumer Staples,0.6538560311809066,1,1,0,1,0,1,1,0,0
2025,2025,CLH,6,Materials,0.7841331023881173,1,1,1,0,0,1,1,0,1
2025,2025,CLL,6,Industrials,0.5853736485679846,1,1,1,1,0,0,1,0,1
2025,2025,CLX,5,Consumer Staples,1.403725767203322,1,1,0,0,1,0,1,1,0
2025,2025,CMD,4,Materials,0.8924558866695368,1,0,1,0,0,0,1,0,1
2025,2025,CMS,6,Industrials,1.4161608530923615,1,0,1,0,1,0,1,1,1
2025,2025,CMX,4,Consumer Staples,1.9573563447645057,1,0,1,0,1,0,0,1,0
2025,2025,CNC,6,Health Care,0.5674254129746404,1,1,0,1,0,1,1,1,0
2025,2025,CNG,4,Utilities,0.7414047100091495,1,1,0,0,0,0,1,0,1
2025,2025,CPC,3,Materials,1.1994772348201788,1,0,0,0,0,0,1,1,0
2025,2025,CQN,5,Industrials,0.4351570184113846,1,1,1,1,0,0,1,0,0
2025,2025,CRC,6,Industrials,1.2639044692916888,1,1,0,1,1,0,1,1,0
2025,2025,CRE,7,Real Estate,1.428911991024831,1,1,1,1,0,1,1,1,0
2025,2025,CSC,7,Real Estate,0.9018755296156804,1,1,1,1,0,1,0,1,1
2025,2025,CSM,5,Consumer Discretionary,0.9861005111431522,1,1,0,1,0,1,1,0,0
2025,2025,CST,4,Energy,1.860220718528013,1,1,0,1,0,0,1,0,0
2025,2025,CSV,4,Materials,0.5190181790548012,1,1,0,0,0,0,1,0,1
2025,2025,CTD,3,Industrials,1.1915448446306809,1,0,1,0,0,0,0,0,1
2025,2025,CTF,4,Consumer Discretionary,0.5499846660859482,1,1,0,0,1,0,1,0,0
2025,2025,CTI,7,Industrials,1.152896178201405,1,1,1,1,1,1,0,0,1
2025,2025,CTP,5,Consumer Staples,1.5948098892485691,1,1,0,1,0,0,1,0,1
2025,2025,CTR,9,Communication Services,0.2118634614853838,1,1,1,1,1,1,1,1,1
2025,2025,CTW,3,Utilities,0.7784850856054707,1,1,0,1,0,0,0,0,0
2025,2025,CVT,7,Materials,0.9555514123034758,1,1,0,1,1,1,1,0,1
2025,2025,D11,6,Consumer Discretionary,2.1687411964330923,1,1,1,1,0,0,1,0,1
2025,2025,D2D,8,Real Estate,0.6761376562215897,1,1,1,1,0,1,1,1,1
2025,2025,DAD,3,Communication Services,1.1359163353988044,1,0,0,0,0,0,1,1,0
2025,2025,DAH,5,Consumer Discretionary,2.7330348032644283,0,1,0,1,1,1,1,0,0
2025,2025,DAT,8,Consumer Staples,1.2989692376429485,1,1,1,1,1,1,1,1,0
2025,2025,DBC,7,Consumer Staples,0.7749773412855966,1,1,1,0,0,1,1,1,1
2025,2025,DBD,3,Health Care,0.3759939659095432,1,1,0,1,0,0,0,0,0
2025,2025,DBT,4,Health Care,1.1029098325923974,1,0,0,0,1,1,1,0,0
2025,2025,DC1,6,Industrials,1.996495591791743,1,1,1,0,1,0,1,1,0
2025,2025,DC4,7,Industrials,1.230884488033143,1,1,1,1,1,0,0,1,1
2025,2025,DCL,5,Health Care,0.4781300024004666,1,1,0,1,1,0,1,0,0
2025,2025,DCM,6,Materials,0.6217247645045051,1,0,1,0,1,0,1,1,1
2025,2025,DDB,7,Materials,1.2437830322957515,1,1,1,1,0,1,1,0,1
2025,2025,DDN,4,Consumer Staples,1.8900870560519984,1,0,0,0,0,1,1,1,0
2025,2025,DDV,6,Materials,0.5985796264326773,1,1,1,0,0,0,1,1,1
2025,2025,DGC,4,Materials,0.5776163986104089,1,1,0,0,0,0,1,0,1
2025,2025,DGT,4,Materials,2.5302079551088608,0,0,0,1,1,0,1,0,1
2025,2025,DGW,3,Consumer Discretionary,0.3978845038790612,1,0,1,0,0,0,0,0,1
2025,2025,DHA,5,Materials,0.4952709398756926,1,1,1,0,0,0,0,1,1
2025,2025,DHB,9,Materials,0.3053300745253103,1,1,1,1,1,1,1,1,1
2025,2025,DHC,8,Materials,0.6864405393864395,1,1,1,1,1,1,1,1,0
2025,2025,DHD,5,Health Care,0.399500374696737,1,1,1,0,0,0,1,1,0
2025,2025,DHG,8,Health Care,0.3093207660384721,1,1,1,1,0,1,1,1,1
2025,2025,DHM,6,Materials,1.6969326055004894,1,1,1,1,0,0,1,1,0
2025,2025,DHT,7,Health Care,0.1707634362584752,1,1,0,1,1,1,1,0,1
2025,2025,DIG,8,Real Estate,0.7476276891112652,1,1,1,1,1,1,0,1,1
2025,2025,DLG,7,Industrials,1.2033099678574808,1,1,1,0,1,1,1,1,0
2025,2025,DMC,5,Health Care,0.8143048526152417,1,1,0,0,0,1,1,0,1
2025,2025,DMN,7,Consumer Staples,1.994779720338028,1,1,1,1,1,0,1,0,1
2025,2025,DNP,7,Materials,0.7276435121357754,1,1,1,1,1,1,0,1,0
2025,2025,DNW,7,Utilities,0.5796193844894608,1,1,0,1,1,1,1,0,1
2025,2025,DP1,2,Health Care,0.8147163265985101,1,0,0,0,0,0,1,0,0
2025,2025,DPG,4,Industrials,0.5890372034398108,1,0,1,0,0,1,0,0,1
2025,2025,DPM,4,Materials,0.7503971481943809,1,0,1,0,0,0,1,1,0
2025,2025,DPR,5,Materials,0.7806881950666439,1,1,1,0,0,0,1,1,0
2025,2025,DQC,8,Industrials,2.6477373149681487,1,1,1,1,1,1,1,0,1
2025,2025,DRG,3,Materials,1.3089390961324894,1,0,1,0,0,1,0,0,0
2025,2025,DRI,6,Materials,0.7368042652795292,1,1,1,0,0,1,1,0,1
2025,2025,DRL,6,Utilities,0.2483629881041313,1,1,1,0,0,0,1,1,1
2025,2025,DSH,3,Industrials,1.5367629239955358,1,1,1,0,0,0,0,0,0
2025,2025,DSN,4,Consumer Discretionary,0.6574843572752275,1,1,0,0,0,1,1,0,0
2025,2025,DTD,8,Real Estate,1.2378177120617155,1,1,1,1,1,0,1,1,1
2025,2025,DTI,5,Real Estate,4.19929272306778,1,0,1,0,1,0,1,0,1
2025,2025,DTK,7,Utilities,1.0684757735286574,1,1,1,1,0,1,1,0,1
2025,2025,DTL,3,Materials,0.7471435749248222,0,0,0,1,1,0,1,0,0
2025,2025,DTP,8,Health Care,0.3190402333063232,1,1,1,1,1,0,1,1,1
2025,2025,DVN,4,Health Care,0.7408920121580397,1,0,1,0,1,0,1,0,0
2025,2025,DVP,6,Industrials,0.5436284891557863,1,1,1,0,0,1,1,1,0
2025,2025,DXG,5,Real Estate,0.7480483150767034,1,1,0,1,1,0,0,1,0
2025,2025,DXP,6,Materials,1.4617587147669382,1,1,1,1,0,0,0,1,1
2025,2025,DXS,4,Real Estate,1.20794828730603,1,0,1,0,0,1,0,0,1
2025,2025,DXV,8,Materials,2.593799531977671,1,1,1,1,0,1,1,1,1
2025,2025,ECO,2,Materials,0.3086600776584415,1,0,0,0,0,0,0,1,0
2025,2025,EIC,5,Industrials,0.4547988325689544,1,0,1,0,0,1,1,0,1
2025,2025,EIN,4,Consumer Discretionary,1.873408679548023,0,1,0,1,0,0,1,1,0
2025,2025,ELC,4,Information Technology,0.4989397987091108,1,0,1,0,0,1,0,0,1
2025,2025,EMS,4,Industrials,0.7868495640883285,1,1,0,0,0,1,1,0,0
2025,2025,EVE,8,Consumer Discretionary,2.1245554881781854,1,1,1,1,0,1,1,1,1
2025,2025,EVG,7,Real Estate,1.324407803833824,1,1,1,1,1,0,1,1,0
2025,2025,FCM,7,Materials,3.364513677285069,1,1,1,1,0,1,1,0,1
2025,2025,FCN,6,Industrials,1.102310426929142,1,0,1,0,1,1,0,1,1
2025,2025,FDC,8,Real Estate,1.0562272964003512,1,1,1,0,1,1,1,1,1
2025,2025,FIC,7,Materials,0.7194963764696671,1,1,1,1,0,1,1,1,0
2025,2025,FIR,8,Real Estate,1.4654644446881768,1,1,1,1,1,1,1,0,1
2025,2025,FIT,4,Health Care,2.4292249155819756,1,1,0,1,0,0,0,0,1
2025,2025,FMC,7,Consumer Staples,1.0134259464185915,1,1,1,1,0,0,1,1,1
2025,2025,FOC,6,Communication Services,0.6578017568511815,1,1,1,0,0,0,1,1,1
2025,2025,FOX,6,Communication Services,0.2322601421874962,1,1,1,1,0,0,1,1,0
2025,2025,FPT,4,Information Technology,0.2235361033698597,1,1,0,1,0,1,0,0,0
2025,2025,FRT,7,Consumer Discretionary,0.163842951854841,1,1,1,1,0,1,0,1,1
2025,2025,G36,6,Industrials,1.0225007333981702,1,0,1,0,1,1,0,1,1
2025,2025,GAS,7,Utilities,0.3794842801081761,1,1,1,1,1,0,1,0,1
2025,2025,GCB,5,Materials,2.61545898809204,1,0,1,0,0,1,1,1,0
2025,2025,GCF,6,Consumer Staples,0.438740724037275,1,1,0,1,1,1,0,0,1
2025,2025,GDA,5,Materials,1.6415156820448362,1,1,0,1,0,1,1,0,0
2025,2025,GDT,7,Consumer Discretionary,0.6862032818094015,1,1,1,1,1,1,0,1,0
2025,2025,GEE,5,Industrials,0.0893271782698427,1,0,1,0,0,1,0,1,1
2025,2025,GEG,9,Utilities,0.9194968261537444,1,1,1,1,1,1,1,1,1
2025,2025,GEX,5,Industrials,0.4518855933114113,1,1,0,0,0,1,0,1,1
2025,2025,GHC,6,Utilities,0.791544852060639,1,1,0,1,1,0,1,0,1
2025,2025,GIC,6,Industrials,1.4509561500910435,1,1,0,1,0,1,1,1,0
2025,2025,GIL,6,Consumer Discretionary,1.7987733722210475,1,0,1,0,0,1,1,1,1
2025,2025,GMD,5,Industrials,0.5050632520911854,1,1,0,1,1,0,0,1,0
2025,2025,GMH,7,Materials,1.4258943160527204,1,1,1,1,0,0,1,1,1
2025,2025,GND,7,Materials,1.5622880371333334,1,1,1,1,0,0,1,1,1
2025,2025,GPC,5,Consumer Discretionary,4.708204552235689,1,0,0,0,1,0,1,1,1
2025,2025,GSM,9,Utilities,0.6192023283558574,1,1,1,1,1,1,1,1,1
2025,2025,GSP,5,Energy,1.2955554935582367,1,1,0,1,0,0,1,0,1
2025,2025,GVR,8,Materials,0.5372983751926431,1,1,1,1,1,1,0,1,1
2025,2025,HAG,5,Consumer Staples,0.5939660950265528,1,1,1,0,0,1,0,0,1
2025,2025,HAH,7,Industrials,0.4549283268843156,1,1,1,1,1,0,1,1,0
2025,2025,HAM,5,Consumer Discretionary,0.6120414917023138,1,0,1,0,0,1,1,0,1
2025,2025,HAN,5,Industrials,1.1492016312482352,1,0,1,0,0,1,1,0,1
2025,2025,HAP,6,Materials,1.471681143554452,0,1,0,1,1,1,1,0,1
2025,2025,HAR,6,Real Estate,2.9077665030981112,1,1,1,1,0,1,1,0,0
2025,2025,HAS,5,Industrials,1.9383366895716072,0,0,1,0,1,0,1,1,1
2025,2025,HAX,3,Consumer Discretionary,0.984102960434072,1,0,0,0,0,1,1,0,0
2025,2025,HBC,6,Industrials,0.8741877622969126,1,1,0,1,1,0,1,1,0
2025,2025,HCC,8,Materials,0.5133349633103769,1,1,1,1,0,1,1,1,1
2025,2025,HCD,3,Industrials,1.7915139781341372,1,0,0,0,0,1,1,0,0
2025,2025,HD2,7,Real Estate,0.8988403573161989,1,1,1,1,0,1,1,0,1
2025,2025,HD6,4,Real Estate,1.5661777218231163,1,1,0,1,0,0,1,0,0
2025,2025,HDA,6,Materials,1.9892461709506664,1,1,1,0,0,1,1,1,0
2025,2025,HDC,4,Real Estate,0.637209850221959,1,0,1,0,0,1,1,0,0
2025,2025,HDG,8,Utilities,0.6793659064719338,1,1,1,1,1,1,0,1,1
2025,2025,HDM,8,Consumer Discretionary,0.7087242739372606,1,1,1,1,0,1,1,1,1
2025,2025,HEC,6,Industrials,1.049201306411672,1,1,1,1,1,0,0,0,1
2025,2025,HEJ,6,Industrials,0.9312187680282557,0,1,0,1,1,0,1,1,1
2025,2025,HGM,7,Materials,0.1575084488361774,1,1,1,1,0,0,1,1,1
2025,2025,HHC,5,Consumer Staples,0.2703305192965332,1,0,1,0,0,0,1,1,1
2025,2025,HHG,3,Industrials,0.4123372101588872,0,0,0,1,0,1,1,0,0
2025,2025,HHP,4,Materials,1.0103158832233856,1,0,1,0,0,0,0,1,1
2025,2025,HHS,5,Consumer Discretionary,1.6661105488546797,1,1,1,0,0,1,0,0,1
2025,2025,HHV,8,Industrials,0.984827855797144,1,1,1,1,1,1,0,1,1
2025,2025,HID,7,Industrials,1.712345038857277,1,1,1,1,0,1,0,1,1
2025,2025,HII,7,Materials,1.979837552066624,1,1,1,1,1,0,1,0,1
2025,2025,HIO,5,Utilities,1.543806377601626,1,1,0,1,1,0,1,0,0
2025,2025,HKT,4,Consumer Staples,1.0142609115153924,1,0,1,0,0,1,0,1,0
2025,2025,HLC,7,Energy,1.185800553202764,1,1,1,1,0,1,1,0,1
2025,2025,HMC,5,Materials,1.2988084637114024,1,0,1,0,0,0,1,1,1
2025,2025,HMR,3,Materials,1.1949760130049107,1,0,0,0,0,1,1,0,0
2025,2025,HMS,5,Industrials,1.691203726326155,1,0,1,0,0,0,1,1,1
2025,2025,HNA,9,Utilities,0.6854844576065576,1,1,1,1,1,1,1,1,1
2025,2025,HND,7,Utilities,1.097294203332477,1,1,1,1,0,1,1,1,0
2025,2025,HNG,7,Consumer Staples,0.1570550191126852,0,1,1,1,0,1,1,1,1
2025,2025,HNM,6,Consumer Staples,1.329234116751126,1,1,0,1,0,0,1,1,1
2025,2025,HOM,5,Materials,2.4515582451785876,1,0,1,0,0,0,1,1,1
2025,2025,HPD,9,Utilities,0.995971964569874,1,1,1,1,1,1,1,1,1
2025,2025,HPG,6,Materials,0.6375143499360294,1,1,1,1,1,0,0,1,0
2025,2025,HPX,4,Real Estate,2.43384860897733,1,0,1,0,0,1,1,0,0
2025,2025,HRC,6,Materials,0.7027388290561013,1,1,0,0,1,1,1,0,1
2025,2025,HSG,6,Materials,1.1615344432416643,1,1,1,1,0,0,1,1,0
2025,2025,HSL,3,Consumer Staples,1.6379815942203928,1,0,0,0,1,0,1,0,0
2025,2025,HSP,5,Materials,1.1475707333994554,1,1,0,0,0,1,1,0,1
2025,2025,HSV,3,Consumer Discretionary,2.506676390451676,1,0,0,0,0,0,1,0,1
2025,2025,HT1,8,Materials,0.8066498238555686,1,1,1,1,0,1,1,1,1
2025,2025,HTE,6,Industrials,2.9274365788793344,1,0,1,0,0,1,1,1,1
2025,2025,HTG,6,Consumer Discretionary,0.685138388799094,1,1,0,1,0,1,1,1,0
2025,2025,HTI,8,Industrials,1.0729646848498713,1,1,1,1,1,1,1,1,0
2025,2025,HTL,5,Consumer Discretionary,0.6036084872854077,1,1,1,0,0,0,1,0,1
2025,2025,HTM,4,Consumer Discretionary,0.8906512769956793,0,1,0,1,1,0,1,0,0
2025,2025,HTN,5,Industrials,1.9742824255733469,1,1,0,1,0,1,1,0,0
2025,2025,HTV,7,Industrials,2.088711022987501,1,1,1,0,0,1,1,1,1
2025,2025,HU4,7,Real Estate,1.256500087105413,1,1,1,1,0,1,1,0,1
2025,2025,HUB,7,Materials,1.367102761344512,1,1,1,0,1,1,1,1,0
2025,2025,HUT,5,Consumer Discretionary,0.6380313883657286,1,0,1,0,0,1,0,1,1
2025,2025,HVN,7,Industrials,0.0765512880696797,1,1,0,1,1,1,0,1,1
2025,2025,HVT,7,Materials,0.6471792289322735,1,1,1,1,1,1,1,0,0
2025,2025,HVX,4,Materials,2.6705241541545854,0,1,0,1,0,0,1,0,1
2025,2025,HWS,8,Utilities,0.8665136151219655,1,1,1,1,1,1,1,0,1
2025,2025,ICF,2,Consumer Staples,2.154663910231384,0,0,0,0,0,0,1,1,0
2025,2025,ICG,4,Industrials,0.9549305394466938,1,1,1,1,0,0,0,0,0
2025,2025,ICT,5,Communication Services,1.1253324006472996,1,1,0,1,0,0,1,0,1
2025,2025,IDC,4,Real Estate,0.4676044388134656,1,1,0,1,0,1,0,0,0
2025,2025,IDI,5,Consumer Staples,1.8458444408896009,1,0,1,0,1,0,1,1,0
2025,2025,IDJ,5,Real Estate,2.1923132198244772,0,1,0,1,0,1,1,0,1
2025,2025,IDP,3,Consumer Staples,0.2419072125864202,1,1,0,1,0,0,0,0,0
2025,2025,IDV,8,Real Estate,0.8312303547324114,1,1,1,1,1,0,1,1,1
2025,2025,IFS,4,Consumer Staples,0.658196599245098,1,1,0,0,0,0,1,0,1
2025,2025,IJC,5,Real Estate,1.191536505218443,1,0,1,0,0,1,0,1,1
2025,2025,ILB,7,Industrials,0.9561535788695829,1,1,1,1,1,1,0,0,1
2025,2025,ILS,7,Industrials,0.3976973871691919,1,1,0,1,0,1,1,1,1
2025,2025,IMP,6,Health Care,0.285267527407918,1,1,1,0,0,0,1,1,1
2025,2025,INN,6,Materials,0.7434062725271812,1,1,1,1,0,1,0,1,0
2025,2025,IPA,4,Industrials,1.1606947271991677,1,0,1,0,0,1,0,0,1
2025,2025,ISH,8,Utilities,0.5022432729974359,1,1,1,1,0,1,1,1,1
2025,2025,IST,7,Industrials,0.4883352163472964,1,1,1,0,1,1,1,1,0
2025,2025,ITC,9,Real Estate,1.666757643257572,1,1,1,1,1,1,1,1,1
2025,2025,ITQ,5,Materials,3.78467913869852,1,0,1,0,0,0,1,1,1
2025,2025,ITS,3,Energy,2.5800213490967017,1,0,0,0,1,0,1,0,0
2025,2025,JVC,3,Health Care,0.8602457253752294,1,0,1,0,0,0,0,0,1
2025,2025,KBC,4,Real Estate,0.744979216742586,1,0,1,0,0,0,0,1,1
2025,2025,KCB,4,Materials,1.136393555952381,1,0,1,0,0,0,1,0,1
2025,2025,KDC,6,Consumer Staples,0.4718517320726451,1,1,1,0,1,0,1,1,0
2025,2025,KDH,5,Real Estate,0.5239880983411742,1,0,1,0,0,1,0,1,1
2025,2025,KGM,7,Consumer Staples,1.927578801879108,1,1,1,1,0,1,1,1,0
2025,2025,KHG,5,Real Estate,1.7082016046080122,1,0,1,0,0,0,1,1,1
2025,2025,KHP,7,Utilities,0.943442519439332,1,1,0,1,1,1,1,0,1
2025,2025,KHS,7,Consumer Staples,0.9673136854704132,1,1,1,0,0,1,1,1,1
2025,2025,KMR,7,Consumer Discretionary,3.871819928900032,1,1,0,1,1,1,1,1,0
2025,2025,KOS,4,Utilities,0.279218829867592,1,0,0,0,1,0,1,0,1
2025,2025,KSB,7,Materials,1.419441405540495,1,1,1,1,1,0,1,0,1
2025,2025,KSF,7,Real Estate,0.2866343751746514,1,1,1,1,0,0,1,1,1
2025,2025,KSV,8,Materials,0.2592544203716093,1,1,1,1,1,1,0,1,1
2025,2025,KTS,3,Consumer Staples,1.3917808145848531,1,0,0,0,1,0,1,0,0
2025,2025,KVC,4,Materials,5.846110816215488,0,1,0,1,0,1,1,0,0
2025,2025,L12,5,Industrials,3.425426580665095,1,0,1,0,1,0,1,0,1
2025,2025,L14,6,Consumer Discretionary,0.5031778706918262,1,1,1,0,1,1,1,0,0
2025,2025,L18,4,Industrials,0.6447989282701504,1,1,0,0,0,1,0,0,1
2025,2025,L40,6,Industrials,0.487805810139421,1,0,1,0,0,1,1,1,1
2025,2025,L43,3,Industrials,0.4788071711520737,0,0,1,0,0,1,1,0,0
2025,2025,LAF,3,Consumer Staples,0.8908505490472944,1,0,0,0,0,0,1,0,1
2025,2025,LAI,4,Real Estate,0.9489021562390416,1,0,0,0,1,1,1,0,0
2025,2025,LAS,3,Materials,0.8313060922451319,1,0,0,0,0,1,1,0,0
2025,2025,LAW,9,Utilities,0.514261185069548,1,1,1,1,1,1,1,1,1
2025,2025,LBM,8,Materials,0.4293454369678284,1,1,1,1,1,0,1,1,1
2025,2025,LCG,7,Industrials,1.2822490595276812,1,1,1,1,1,0,1,0,1
2025,2025,LDP,6,Health Care,0.9211733943186124,1,1,1,0,0,1,0,1,1
2025,2025,LG9,5,Industrials,2.057320813356278,1,0,1,0,1,1,1,0,0
2025,2025,LGL,6,Real Estate,2.216841358025274,1,0,1,0,1,1,1,0,1
2025,2025,LHC,7,Industrials,0.34576018462801,1,1,1,0,1,0,1,1,1
2025,2025,LHG,7,Real Estate,1.2729446033426723,1,1,1,0,0,1,1,1,1
2025,2025,LIC,4,Materials,0.2087917252758015,1,0,1,0,0,1,1,0,0
2025,2025,LIG,5,Industrials,2.5591992501310172,1,0,1,0,0,1,0,1,1
2025,2025,LIX,5,Consumer Staples,0.4672399978053126,1,1,0,1,0,0,1,1,0
2025,2025,LKW,3,Utilities,1.0072525792307692,1,1,0,0,0,0,1,0,0
2025,2025,LLM,6,Industrials,1.188116460236074,1,0,1,0,1,1,1,1,0
2025,2025,LMC,4,Materials,2.8576346203125,1,0,0,0,0,1,1,1,0
2025,2025,LPT,6,Consumer Discretionary,2.2077009294683907,1,1,0,1,0,1,1,0,1
2025,2025,LSG,4,Real Estate,0.3681779364741641,1,0,1,0,0,0,1,0,1
2025,2025,M10,5,Consumer Discretionary,0.9717472393526744,1,1,1,0,0,1,1,0,0
2025,2025,MA1,6,Real Estate,0.8239088048319408,1,1,0,1,0,1,1,1,0
2025,2025,MBG,3,Consumer Discretionary,3.5077553349602235,1,1,0,0,0,0,0,0,1
2025,2025,MBT,4,Real Estate,1.298757138859649,0,0,0,1,0,0,1,1,1
2025,2025,MCF,6,Consumer Staples,1.5047986217869709,1,1,0,1,0,1,1,1,0
2025,2025,MCG,7,Industrials,0.6864286657220621,0,1,0,1,1,1,1,1,1
2025,2025,MCH,5,Consumer Staples,0.0769929391048827,1,1,1,0,0,1,0,0,1
2025,2025,MCM,3,Consumer Staples,0.7863812130067276,1,1,0,0,0,0,1,0,0
2025,2025,MCO,5,Industrials,1.9373558527602903,1,1,0,1,0,1,1,0,0
2025,2025,MCP,2,Materials,0.4903873471620704,1,0,0,0,0,0,1,0,0
2025,2025,MDC,4,Energy,1.4796841468290782,1,1,0,1,0,0,1,0,0
2025,2025,MDF,6,Materials,2.0433264532005717,1,1,1,0,0,1,1,0,1
2025,2025,MEL,5,Materials,2.845657144,1,0,1,0,0,1,1,1,0
2025,2025,MFS,6,Communication Services,0.6474872637218008,1,1,1,0,0,0,1,1,1
2025,2025,MGC,7,Energy,0.948096583480826,1,1,1,1,0,0,1,1,1
2025,2025,MHC,6,Industrials,1.2159376760947995,1,1,1,1,1,0,0,0,1
2025,2025,MIC,5,Materials,0.865554349867124,1,1,0,1,0,1,1,0,0
2025,2025,MKP,4,Health Care,2.0016053953391935,1,1,0,1,0,0,1,0,0
2025,2025,MLS,6,Consumer Staples,0.9367240232402912,1,1,0,1,0,1,1,1,0
2025,2025,MML,6,Consumer Staples,0.4166028762835728,1,1,1,0,1,0,0,1,1
2025,2025,MPC,4,Consumer Staples,0.7749554121511779,1,0,1,0,0,0,0,1,1
2025,2025,MQN,5,Industrials,1.9554997548811364,1,1,1,1,0,0,0,0,1
2025,2025,MSH,8,Consumer Discretionary,0.5253164432477663,1,1,1,1,1,1,1,1,0
2025,2025,MSN,4,Consumer Staples,0.3019200252807136,1,1,1,0,0,0,0,1,0
2025,2025,MSR,6,Materials,0.4502426352611123,1,1,1,1,0,1,0,1,0
2025,2025,MST,5,Industrials,1.5619415599454125,1,1,0,1,1,1,0,0,0
2025,2025,MTA,7,Materials,0.9374034484975368,1,1,0,1,1,1,1,1,0
2025,2025,MTL,5,Industrials,1.712542128611111,1,0,1,0,1,0,1,1,0
2025,2025,MVB,7,Energy,1.0539423370458554,1,1,0,1,0,1,1,1,1
2025,2025,MVN,5,Industrials,0.2541138302984243,1,1,0,0,0,1,0,1,1
2025,2025,MWG,3,Consumer Discretionary,0.2511314239163599,1,1,1,0,0,0,0,0,0
2025,2025,MZG,5,Materials,1.0902208784416991,1,1,1,0,0,1,0,1,0
2025,2025,NAF,5,Consumer Staples,0.3371937055371539,1,1,1,0,0,0,1,0,1
2025,2025,NAG,3,Consumer Discretionary,1.4438533018999424,1,0,1,0,0,0,0,0,1
2025,2025,NAS,4,Industrials,0.3798020632602473,1,1,0,0,0,0,1,0,1
2025,2025,NAV,6,Consumer Discretionary,0.7453299638683879,1,1,0,1,0,1,1,0,1
2025,2025,NBB,4,Real Estate,0.929795203965106,1,0,1,0,0,1,1,0,0
2025,2025,NBC,5,Energy,1.6654381869739956,1,1,1,1,0,0,1,0,0
2025,2025,NBE,3,Communication Services,1.813161532761062,1,0,0,0,0,0,1,1,0
2025,2025,NBP,5,Utilities,2.4185409007656133,1,0,1,0,0,1,1,1,0
2025,2025,NBT,7,Utilities,0.8378284589336275,1,1,0,1,1,0,1,1,1
2025,2025,NCG,9,Consumer Staples,1.575635132332237,1,1,1,1,1,1,1,1,1
2025,2025,ND2,9,Utilities,0.518936571760215,1,1,1,1,1,1,1,1,1
2025,2025,NDN,6,Real Estate,1.5307790563216297,1,1,1,1,0,1,1,0,0
2025,2025,NDT,7,Consumer Discretionary,0.5401370857625174,0,1,1,1,1,1,1,1,0
2025,2025,NET,4,Consumer Staples,0.3569187407562641,1,1,0,1,0,0,1,0,0
2025,2025,NHA,6,Real Estate,0.7724872800259809,1,1,1,1,0,0,1,0,1
2025,2025,NHH,6,Materials,1.3985423483012862,1,1,1,1,0,1,0,0,1
2025,2025,NHT,9,Materials,1.2139462887196966,1,1,1,1,1,1,1,1,1
2025,2025,NKG,4,Materials,1.1465436405146765,1,1,0,1,0,1,0,0,0
2025,2025,NLG,3,Real Estate,0.8572229858909644,1,0,1,0,0,1,0,0,0
2025,2025,NNC,7,Materials,0.3677621655829232,1,1,1,1,0,0,1,1,1
2025,2025,NO1,5,Industrials,1.9884646940439277,1,1,0,1,0,0,0,1,1
2025,2025,NRC,8,Real Estate,1.861304730964104,1,1,1,1,1,1,1,0,1
2025,2025,NSC,3,Consumer Staples,1.142170377108253,1,0,1,0,0,0,1,0,0
2025,2025,NSH,7,Materials,2.590982297463039,1,0,1,0,1,1,1,1,1
2025,2025,NT2,7,Utilities,0.6932314515306813,1,1,1,0,0,1,1,1,1
2025,2025,NTC,7,Real Estate,0.3423759316634469,1,1,0,1,1,1,1,0,1
2025,2025,NTH,7,Utilities,0.2893917914906017,1,1,1,0,0,1,1,1,1
2025,2025,NTL,3,Real Estate,0.7192767444928105,1,0,0,0,0,1,1,0,0
2025,2025,NTP,6,Materials,0.3754452858164953,1,1,1,0,0,1,1,0,1
2025,2025,NVL,4,Real Estate,1.5215786861092415,1,0,1,0,0,1,0,1,0
2025,2025,NVT,9,Consumer Discretionary,0.3130396376205519,1,1,1,1,1,1,1,1,1
2025,2025,NXT,4,Materials,3.291151195687646,0,0,0,1,0,1,1,1,0
2025,2025,OCH,6,Consumer Staples,1.326571124890164,1,1,0,1,1,0,0,1,1
2025,2025,ODE,4,Communication Services,0.2891453465464363,1,0,1,0,0,0,1,0,1
2025,2025,OGC,5,Consumer Staples,0.6731738098702703,1,1,0,1,1,0,0,0,1
2025,2025,OIL,5,Energy,0.9419791947480924,1,1,0,1,0,0,1,0,1
2025,2025,ONE,8,Communication Services,1.8804007060451409,1,1,1,1,1,1,1,1,0
2025,2025,OPC,6,Health Care,0.5922101377396378,1,1,1,0,0,1,1,0,1
2025,2025,PAC,6,Industrials,0.6557628256490223,1,1,0,0,1,1,1,0,1
2025,2025,PAN,5,Consumer Staples,0.9364761600362306,1,1,0,1,0,1,1,0,0
2025,2025,PAS,7,Materials,4.208354580665951,1,1,1,1,0,0,1,1,1
2025,2025,PBC,6,Health Care,1.759524113113217,1,1,1,0,1,0,1,0,1
2025,2025,PBP,5,Materials,1.1578265019368288,1,1,0,1,0,1,1,0,0
2025,2025,PC1,7,Industrials,0.7019283565703949,1,1,1,1,1,0,0,1,1
2025,2025,PCC,8,Materials,0.8246870123800322,1,1,1,1,0,1,1,1,1
2025,2025,PCF,5,Energy,1.250560877251462,1,0,1,0,0,1,1,1,0
2025,2025,PCH,7,Materials,0.588498363950161,1,1,1,1,0,1,1,1,0
2025,2025,PDB,9,Materials,0.6567413152878931,1,1,1,1,1,1,1,1,1
2025,2025,PDN,8,Industrials,0.2286197699660145,1,1,1,0,1,1,1,1,1
2025,2025,PDR,5,Real Estate,0.6595868605971376,1,0,1,0,1,0,0,1,1
2025,2025,PDV,5,Industrials,1.3258900916331966,1,1,0,1,1,0,1,0,0
2025,2025,PEG,9,Consumer Discretionary,0.6229741233718098,1,1,1,1,1,1,1,1,1
2025,2025,PET,4,Consumer Discretionary,0.6483790676713445,1,0,1,0,0,0,1,0,1
2025,2025,PGC,6,Utilities,1.0745697215486096,1,1,0,1,0,1,1,1,0
2025,2025,PGD,3,Utilities,0.6315378368835575,1,0,0,0,0,1,1,0,0
2025,2025,PGN,6,Materials,1.839271696224985,1,1,1,1,1,0,1,0,0
2025,2025,PGV,8,Utilities,0.8044212684558687,1,1,1,0,1,1,1,1,1
2025,2025,PHC,7,Industrials,2.5941074373950097,1,1,1,1,1,0,1,1,0
2025,2025,PHP,4,Industrials,0.590652678792356,1,1,0,0,0,1,0,1,0
2025,2025,PHR,8,Materials,0.5078203627389484,1,1,1,1,0,1,1,1,1
2025,2025,PIC,8,Utilities,0.6849331302064993,1,1,1,1,1,0,1,1,1
2025,2025,PIS,3,Materials,1.185405408477922,1,0,0,0,1,0,0,1,0
2025,2025,PIT,4,Consumer Staples,1.12626144336495,0,1,0,1,0,1,1,0,0
2025,2025,PJT,4,Energy,1.3909597160869505,1,1,0,1,0,0,1,0,0
2025,2025,PLA,5,Real Estate,2.0511225243125,1,0,1,0,0,1,1,1,0
2025,2025,PLC,5,Materials,0.6322258142294465,1,0,0,0,0,1,1,1,1
2025,2025,PLP,5,Materials,1.8912010915873103,1,0,1,0,1,0,0,1,1
2025,2025,PLX,5,Energy,0.5842898529844259,1,1,0,1,0,0,1,0,1
2025,2025,PMB,6,Materials,1.2566319445622895,1,1,1,1,0,0,1,0,1
2025,2025,PMG,4,Utilities,1.362612739367581,1,0,0,0,0,1,1,1,0
2025,2025,PMS,6,Energy,0.7295255897224767,1,1,1,0,0,0,1,1,1
2025,2025,PNJ,5,Consumer Discretionary,0.4011582475931337,1,1,1,0,0,1,0,1,0
2025,2025,POS,3,Energy,1.270937879028821,1,0,0,0,0,1,1,0,0
2025,2025,POT,6,Information Technology,0.7361506750238174,1,1,1,0,1,0,1,1,0
2025,2025,POV,5,Energy,1.8691725259752063,1,1,0,0,1,0,1,1,0
2025,2025,POW,6,Utilities,0.9667284904852124,1,1,1,0,0,1,1,1,0
2025,2025,PPC,6,Utilities,1.4128551261444842,1,1,0,1,0,1,1,1,0
2025,2025,PPH,7,Consumer Discretionary,1.0031980487550365,1,1,1,0,1,0,1,1,1
2025,2025,PRT,9,Materials,1.1167069218085717,1,1,1,1,1,1,1,1,1
2025,2025,PSB,7,Energy,2.2898551064408164,1,1,1,1,0,0,1,1,1
2025,2025,PSD,4,Consumer Discretionary,0.8807109050343495,1,0,1,0,0,0,1,0,1
2025,2025,PSE,5,Materials,1.3208893217509434,1,1,1,0,0,0,1,0,1
2025,2025,PSW,5,Materials,1.6026172260216718,1,0,1,0,0,0,1,1,1
2025,2025,PTB,7,Materials,1.0183576607682736,1,1,1,0,0,1,1,1,1
2025,2025,PTC,6,Industrials,1.9977405119493497,1,1,1,0,0,1,1,0,1
2025,2025,PTL,6,Real Estate,1.603916850725,1,1,1,1,0,0,1,0,1
2025,2025,PTS,9,Industrials,1.7865974707854406,1,1,1,1,1,1,1,1,1
2025,2025,PTV,2,Consumer Discretionary,2.7173647112972974,0,0,0,0,0,0,1,1,0
2025,2025,PVB,5,Energy,0.5674653643951998,1,0,1,0,0,0,1,1,1
2025,2025,PVC,5,Energy,1.048558184455884,1,0,1,0,0,0,1,1,1
2025,2025,PVD,6,Energy,1.0686495915489929,1,1,1,1,0,0,0,1,1
2025,2025,PVG,6,Utilities,2.038584229130815,1,0,1,0,1,1,1,0,1
2025,2025,PVM,6,Industrials,0.7569262880677904,1,1,0,1,1,0,1,1,0
2025,2025,PVO,6,Energy,1.9810304584463387,1,1,1,1,0,0,1,0,1
2025,2025,PVP,7,Energy,1.3302376365631712,1,1,0,1,1,1,1,0,1
2025,2025,PVS,8,Energy,0.8583402180806201,1,1,1,1,1,0,1,1,1
2025,2025,PVT,6,Energy,1.003039052526506,1,1,0,1,0,1,1,0,1
2025,2025,PWA,8,Real Estate,1.0247887924533334,1,1,1,1,0,1,1,1,1
2025,2025,PXL,4,Real Estate,0.645481911188832,1,0,1,0,0,1,0,0,1
2025,2025,QCC,5,Industrials,0.5718527447095494,1,0,1,0,0,1,1,0,1
2025,2025,QCG,6,Real Estate,1.0516927235862128,1,0,1,0,1,1,1,1,0
2025,2025,QNC,5,Materials,2.024848695199192,1,1,0,0,1,0,1,0,1
2025,2025,QNP,7,Industrials,0.7913108249905968,1,1,1,1,1,0,1,1,0
2025,2025,QNS,5,Consumer Staples,0.6160942959576342,1,1,0,1,0,1,1,0,0
2025,2025,QPH,5,Utilities,0.4502755511877441,1,1,0,0,1,0,1,1,0
2025,2025,QSP,4,Industrials,0.817093784910985,1,1,0,0,0,0,1,1,0
2025,2025,QTP,8,Utilities,1.0541729508028443,1,1,1,1,1,1,1,1,0
2025,2025,RAL,6,Industrials,1.5519718123968884,1,1,0,1,1,1,1,0,0
2025,2025,REE,7,Utilities,0.6339397195922888,1,1,1,1,1,0,0,1,1
2025,2025,RTB,7,Materials,0.8101242373807297,1,1,1,0,1,1,1,1,0
2025,2025,RYG,3,Materials,1.581627509141316,1,0,0,0,1,0,1,0,0
2025,2025,S99,7,Industrials,1.5359522815886173,1,1,1,1,0,1,1,1,0
2025,2025,SAB,5,Consumer Staples,0.3365836068568466,1,1,1,0,0,0,1,1,0
2025,2025,SAC,6,Industrials,1.0160120847312046,1,1,1,0,0,0,1,1,1
2025,2025,SAF,7,Consumer Staples,0.2868964336526456,1,1,1,0,0,1,1,1,1
2025,2025,SAM,5,Industrials,1.3519070350734783,1,0,1,0,0,1,1,0,1
2025,2025,SAS,7,Industrials,0.4469390087308224,1,1,1,0,0,1,1,1,1
2025,2025,SAV,6,Consumer Discretionary,0.9948678778097008,1,1,0,1,0,1,1,1,0
2025,2025,SB1,6,Consumer Staples,2.2278077908571428,1,1,1,0,0,1,1,1,0
2025,2025,SBA,9,Utilities,0.6029676769661276,1,1,1,1,1,1,1,1,1
2025,2025,SBB,7,Consumer Staples,0.9047060965202148,1,1,1,0,0,1,1,1,1
2025,2025,SBG,3,Industrials,0.817280553123822,1,0,1,0,0,0,0,1,0
2025,2025,SBH,6,Utilities,0.4017581545467901,1,1,1,0,0,0,1,1,1
2025,2025,SBV,5,Consumer Discretionary,2.0892221881976853,0,0,1,0,1,0,1,1,1
2025,2025,SC5,7,Industrials,1.822845656256754,1,1,1,1,0,0,1,1,1
2025,2025,SCG,7,Industrials,0.3059230624905625,1,1,1,1,0,1,1,0,1
2025,2025,SCI,7,Industrials,1.7378572894892068,1,1,1,1,0,1,1,1,0
2025,2025,SCJ,3,Materials,3.293769856283262,1,0,0,0,0,1,1,0,0
2025,2025,SCL,8,Materials,0.7118087985224922,1,1,1,1,1,1,0,1,1
2025,2025,SCR,6,Real Estate,1.633573699460682,1,0,1,0,0,1,1,1,1
2025,2025,SCS,5,Industrials,0.2976426649585376,1,1,0,0,0,0,1,1,1
2025,2025,SD3,8,Utilities,0.3518642289962561,1,1,1,1,1,0,1,1,1
2025,2025,SD5,6,Industrials,2.0133388305352033,1,1,0,1,1,0,1,0,1
2025,2025,SD9,7,Utilities,1.7836006206167754,1,1,1,1,1,0,1,0,1
2025,2025,SDA,5,Industrials,1.4723222234272793,1,0,1,0,0,1,1,1,0
2025,2025,SDT,7,Industrials,5.022150507027854,1,1,1,1,1,1,1,0,0
2025,2025,SDV,7,Industrials,1.1047408925448718,1,1,1,1,1,0,0,1,1
2025,2025,SEB,8,Utilities,0.3349069107620623,1,1,1,1,0,1,1,1,1
2025,2025,SED,6,Communication Services,1.9148307910311728,1,1,0,1,0,1,1,1,0
2025,2025,SEP,5,Consumer Staples,0.5641182840415141,1,0,0,0,1,1,1,1,0
2025,2025,SFG,4,Materials,1.3225068535231548,1,0,1,0,0,0,1,0,1
2025,2025,SGC,5,Consumer Staples,0.7913561769908956,1,1,0,1,0,0,1,1,0
2025,2025,SGN,4,Industrials,0.5947982023651863,1,1,0,1,0,1,0,0,0
2025,2025,SGP,8,Industrials,0.5566419886597926,1,1,1,0,1,1,1,1,1
2025,2025,SGR,5,Real Estate,1.0820103743122875,1,0,1,0,0,1,0,1,1
2025,2025,SGS,6,Industrials,0.9724022603945138,1,1,0,1,1,1,1,0,0
2025,2025,SGT,6,Communication Services,0.8899208270087141,1,1,1,0,1,0,1,1,0
2025,2025,SHA,7,Industrials,3.2114754640421213,1,1,1,1,1,0,1,1,0
2025,2025,SHE,4,Industrials,1.6014872257323038,1,0,0,0,1,0,1,0,1
2025,2025,SHI,3,Industrials,0.758926217065464,1,0,0,0,1,0,0,1,0
2025,2025,SHN,4,Consumer Discretionary,2.5527278294546907,1,1,0,1,0,0,1,0,0
2025,2025,SHP,8,Utilities,0.3972857467612991,1,1,1,1,0,1,1,1,1
2025,2025,SIP,5,Real Estate,0.4046004303118281,1,1,0,1,1,0,0,1,0
2025,2025,SJD,8,Utilities,1.0846286146951472,1,1,1,0,1,1,1,1,1
2025,2025,SJE,3,Industrials,1.523588738704918,1,0,0,0,0,1,0,1,0
2025,2025,SJG,8,Industrials,0.940871720147011,1,1,1,1,1,1,1,0,1
2025,2025,SJS,5,Real Estate,0.1866030548725686,1,0,1,0,0,1,0,1,1
2025,2025,SKG,7,Industrials,1.3519346335918971,1,1,1,1,0,0,1,1,1
2025,2025,SKV,6,Consumer Staples,0.6501965719721083,1,1,1,1,0,1,1,0,0
2025,2025,SMB,6,Consumer Staples,0.5279271529919785,1,1,0,1,0,1,1,1,0
2025,2025,SMC,5,Materials,1.0638092491305924,1,0,1,0,1,0,1,0,1
2025,2025,SMN,4,Communication Services,1.613354053005804,1,1,0,1,0,0,1,0,0
2025,2025,SMT,2,Information Technology,0.7217914950159596,0,0,0,0,1,0,1,0,0
2025,2025,SNZ,7,Real Estate,0.6448106951833568,1,1,1,1,0,1,0,1,1
2025,2025,SP2,6,Utilities,0.3923587847041917,1,1,1,0,0,1,1,0,1
2025,2025,SPV,7,Consumer Staples,0.6899625404563492,1,1,1,0,1,1,1,0,1
2025,2025,SRC,4,Consumer Discretionary,0.3910540080900205,1,0,0,0,0,1,1,0,1
2025,2025,SRF,4,Industrials,1.2698390979550211,1,0,1,0,1,0,0,0,1
2025,2025,SSG,4,Industrials,1.30933518375,1,0,0,0,0,1,1,1,0
2025,2025,ST8,5,Consumer Discretionary,2.274241444341873,0,1,0,1,1,1,1,0,0
2025,2025,STC,4,Communication Services,1.4926391616825787,1,1,0,0,0,1,1,0,0
2025,2025,STG,6,Industrials,0.6690473115937666,1,1,1,0,0,1,1,1,0
2025,2025,STH,7,Consumer Discretionary,0.5671010459569814,1,1,1,1,0,0,1,1,1
2025,2025,STK,5,Consumer Discretionary,0.8065289059296694,1,0,1,0,0,1,1,1,0
2025,2025,SVC,3,Consumer Discretionary,0.9097472096579816,1,0,1,0,0,1,0,0,0
2025,2025,SVD,7,Consumer Discretionary,2.124702256292629,1,1,0,1,1,1,1,0,1
2025,2025,SVN,4,Consumer Staples,3.694471459178982,1,0,1,0,0,1,1,0,0
2025,2025,SVT,3,Materials,1.234476869065425,1,0,0,0,0,0,1,0,1
2025,2025,SWC,7,Industrials,0.9007935819773014,1,1,1,0,1,1,1,1,0
2025,2025,SZB,5,Real Estate,0.6934227363937778,1,1,0,1,0,0,1,1,0
2025,2025,SZC,6,Real Estate,0.610470763026283,1,1,0,0,0,1,1,1,1
2025,2025,SZE,6,Industrials,1.15771434448,1,1,0,1,1,0,1,0,1
2025,2025,SZL,7,Real Estate,0.5310318063068454,1,1,1,1,0,0,1,1,1
2025,2025,TA9,7,Industrials,1.100619098156496,1,1,1,1,0,0,1,1,1
2025,2025,TAL,5,Real Estate,0.2976060386640288,1,0,1,0,1,0,0,1,1
2025,2025,TBC,7,Utilities,0.52262767903767,1,1,1,1,0,1,1,0,1
2025,2025,TCH,3,Real Estate,0.6848930410817156,1,1,0,1,0,0,0,0,0
2025,2025,TCL,6,Industrials,0.6698188496525463,1,1,0,1,1,1,1,0,0
2025,2025,TCM,5,Consumer Discretionary,0.8173513789059007,1,1,0,0,0,1,1,1,0
2025,2025,TCO,5,Consumer Staples,1.3243102211770323,1,0,1,0,1,0,1,1,0
2025,2025,TCR,8,Materials,2.8537786195590833,1,1,1,1,1,1,1,1,0
2025,2025,TCT,6,Industrials,1.429953059750765,1,1,1,0,0,0,1,1,1
2025,2025,TCW,8,Industrials,0.5935990144859852,1,1,1,1,1,1,1,0,1
2025,2025,TDB,6,Utilities,0.2894419220425585,1,1,1,0,0,0,1,1,1
2025,2025,TDC,4,Real Estate,1.123227894256834,1,0,0,0,1,1,0,0,1
2025,2025,TDG,6,Utilities,3.5508907985815075,1,1,0,1,1,0,1,1,0
2025,2025,TDH,4,Real Estate,0.3633544720012858,1,0,1,0,0,1,0,0,1
2025,2025,TDM,2,Utilities,0.4081695622849653,1,1,0,0,0,0,0,0,0
2025,2025,TDP,6,Materials,0.4363157547459731,1,1,0,1,1,0,1,0,1
2025,2025,TDS,6,Materials,2.2209576735735586,1,1,1,1,0,0,1,0,1
2025,2025,TDT,7,Consumer Discretionary,1.7771984554672613,1,1,1,0,1,0,1,1,1
2025,2025,TDW,5,Utilities,0.6302171620720288,1,1,0,1,0,0,1,1,0
2025,2025,TED,7,Industrials,0.360984706924058,1,1,1,1,0,0,1,1,1
2025,2025,TEG,5,Industrials,1.6116551595513828,1,1,1,0,1,0,0,1,0
2025,2025,TFC,5,Consumer Staples,0.5973402480395547,1,1,0,0,1,1,1,0,0
2025,2025,TH1,5,Consumer Staples,1.0067126716447112,1,0,0,0,1,1,1,0,1
2025,2025,THD,5,Industrials,0.3783957831001656,1,0,1,0,0,1,1,0,1
2025,2025,THG,6,Materials,0.5391196675491046,1,1,0,1,0,1,1,0,1
2025,2025,THP,6,Consumer Staples,1.7059040379179964,1,0,1,0,1,0,1,1,1
2025,2025,THT,9,Energy,2.007958902066477,1,1,1,1,1,1,1,1,1
2025,2025,TID,7,Consumer Staples,0.6642193026222943,1,1,1,1,1,1,0,1,0
2025,2025,TIG,5,Real Estate,1.2565368727029602,1,1,0,0,1,0,1,1,0
2025,2025,TIP,6,Real Estate,1.6029845706120274,1,1,1,0,0,1,1,1,0
2025,2025,TIS,7,Materials,1.5711576970100467,1,1,1,1,0,1,1,0,1
2025,2025,TJC,6,Industrials,1.495662391229236,1,0,1,0,0,1,1,1,1
2025,2025,TKU,5,Materials,0.8724868943051507,1,1,0,1,0,1,1,0,0
2025,2025,TLD,7,Materials,1.3589753754916924,1,1,1,1,0,0,1,1,1
2025,2025,TLG,5,Industrials,0.5261712506704003,1,1,0,0,1,1,0,1,0
2025,2025,TLH,7,Materials,2.344212709853515,1,1,1,1,0,1,1,1,0
2025,2025,TMB,6,Energy,1.0558877060303031,1,1,0,1,0,1,1,1,0
2025,2025,TMP,6,Utilities,0.3961755466006221,1,1,0,1,1,0,1,0,1
2025,2025,TMS,7,Industrials,0.6009769089639584,1,1,1,1,1,0,1,1,0
2025,2025,TMT,6,Consumer Discretionary,0.3455512036791208,1,1,1,0,0,1,0,1,1
2025,2025,TN1,8,Real Estate,1.3781847150280415,1,1,1,1,1,1,1,1,0
2025,2025,TNG,7,Consumer Discretionary,0.8546606742169586,1,1,1,1,1,0,1,0,1
2025,2025,TNH,2,Health Care,0.8918338713022413,0,0,0,1,0,0,1,0,0
2025,2025,TNI,6,Materials,2.0524150501384937,1,0,1,0,1,1,1,0,1
2025,2025,TNT,5,Materials,1.328592344434633,1,0,1,0,0,0,1,1,1
2025,2025,TNW,9,Utilities,1.097048079085,1,1,1,1,1,1,1,1,1
2025,2025,TOS,6,Industrials,0.3148097632971526,1,1,1,0,0,1,1,1,0
2025,2025,TOT,4,Industrials,0.9704265726136316,1,1,0,0,1,0,1,0,0
2025,2025,TPC,5,Materials,0.8745875511099531,1,1,0,1,0,0,1,0,1
2025,2025,TRA,8,Health Care,0.4994207600280559,1,1,1,1,0,1,1,1,1
2025,2025,TRC,6,Materials,0.9194506098722944,1,1,1,0,1,1,0,0,1
2025,2025,TS3,6,Industrials,1.7184312112782227,1,0,1,0,1,1,1,0,1
2025,2025,TSA,7,Industrials,0.7762974454545197,1,1,1,1,1,1,0,1,0
2025,2025,TSB,2,Industrials,0.4131245764603234,1,0,0,0,0,0,1,0,0
2025,2025,TSC,3,Consumer Discretionary,3.3092680699072097,0,1,0,1,0,0,0,0,1
2025,2025,TSD,6,Consumer Discretionary,0.8828099437990581,1,1,1,1,0,0,1,0,1
2025,2025,TSJ,6,Consumer Discretionary,0.3095264749355205,1,1,1,0,0,1,1,1,0
2025,2025,TT6,5,Consumer Staples,1.779391395618246,1,0,0,0,1,1,1,1,0
2025,2025,TTA,8,Utilities,1.2497194996504393,1,1,1,1,1,1,1,0,1
2025,2025,TTC,6,Materials,2.1739924483704702,1,1,1,1,0,1,1,0,0
2025,2025,TTF,6,Consumer Discretionary,0.2953942133470443,1,0,1,0,0,1,1,1,1
2025,2025,TTG,5,Consumer Discretionary,0.8663848767816742,1,1,1,0,0,1,0,1,0
2025,2025,TTH,5,Consumer Discretionary,4.650074211607222,0,1,1,1,0,1,1,0,0
2025,2025,TTL,5,Industrials,1.6291944013079604,1,0,1,0,0,0,1,1,1
2025,2025,TTN,6,Communication Services,0.8097959541584083,1,1,1,1,0,0,1,0,1
2025,2025,TV1,8,Industrials,0.8552187835263164,1,1,1,1,1,1,1,0,1
2025,2025,TV2,6,Industrials,0.5471717147631101,1,1,1,1,0,0,0,1,1
2025,2025,TV3,6,Industrials,0.9396014651435504,1,1,1,0,0,1,1,0,1
2025,2025,TV4,6,Industrials,0.9476176777758888,1,1,1,1,0,0,1,0,1
2025,2025,TVD,4,Energy,1.4449050931461929,1,1,0,1,0,0,1,0,0
2025,2025,TVN,8,Materials,1.7498480610884557,1,1,1,1,1,1,0,1,1
2025,2025,TVT,9,Consumer Discretionary,1.5320246244609992,1,1,1,1,1,1,1,1,1
2025,2025,TXM,4,Materials,3.5134151121269843,1,0,1,0,0,1,1,0,0
2025,2025,TYA,4,Industrials,1.2007118212087866,1,0,1,0,0,0,1,1,0
2025,2025,UDC,3,Industrials,0.8808845524044834,0,0,0,1,1,0,1,0,0
2025,2025,UDJ,5,Real Estate,1.703049579610924,1,1,0,1,0,0,1,0,1
2025,2025,UDL,8,Industrials,1.206202941708483,1,1,1,1,0,1,1,1,1
2025,2025,UIC,6,Utilities,1.1991238602642147,1,1,1,1,0,1,0,1,0
2025,2025,UNI,2,Real Estate,1.1430752239307371,0,0,0,0,0,1,0,0,1
2025,2025,UPH,5,Health Care,1.1723407301356752,1,1,0,1,0,1,1,0,0
2025,2025,USD,6,Industrials,0.8413056974461293,1,1,1,0,0,1,1,1,0
2025,2025,VC2,3,Industrials,1.9451804557580312,1,0,0,0,1,0,1,0,0
2025,2025,VC3,6,Real Estate,0.4032345569445941,1,0,1,0,0,1,1,1,1
2025,2025,VC6,8,Industrials,0.8056641248950616,1,1,1,1,1,1,1,0,1
2025,2025,VC7,4,Consumer Discretionary,1.1664376496424236,1,0,1,0,0,1,0,0,1
2025,2025,VC9,7,Industrials,1.039952597315558,1,1,1,1,1,0,1,0,1
2025,2025,VCA,4,Materials,1.3700539032440422,0,1,0,1,0,1,1,0,0
2025,2025,VCC,6,Industrials,1.225244145513468,1,1,1,1,0,0,1,0,1
2025,2025,VCF,7,Consumer Staples,0.1488655108887218,1,1,1,0,0,1,1,1,1
2025,2025,VCG,7,Industrials,0.7700071020814799,1,1,1,0,1,1,1,0,1
2025,2025,VCP,6,Utilities,1.0415088471416796,1,1,1,0,0,1,1,0,1
2025,2025,VCS,4,Materials,0.7495173269341413,1,1,0,0,0,1,1,0,0
2025,2025,VE9,8,Industrials,0.2580120028216187,1,1,1,1,0,1,1,1,1
2025,2025,VEA,5,Industrials,0.590104298984992,1,0,0,0,0,1,1,1,1
2025,2025,VEC,6,Information Technology,0.2014157014361329,1,1,1,0,0,1,1,0,1
2025,2025,VEF,7,Industrials,0.3054131374936947,1,1,1,0,0,1,1,1,1
2025,2025,VET,4,Health Care,1.11687683061747,1,0,1,0,0,1,1,0,0
2025,2025,VFG,5,Materials,0.7580440269989536,1,1,0,0,0,1,1,0,1
2025,2025,VGC,8,Industrials,0.4604086718351731,1,1,1,1,0,1,1,1,1
2025,2025,VGG,7,Consumer Discretionary,1.2176891683863311,1,1,1,0,1,1,1,0,1
2025,2025,VGI,6,Communication Services,0.1902922276374219,1,1,1,1,0,0,0,1,1
2025,2025,VGP,6,Consumer Staples,1.1548279767395866,1,1,1,1,0,0,1,0,1
2025,2025,VGR,8,Industrials,0.164973327771465,1,1,1,1,0,1,1,1,1
2025,2025,VGS,9,Materials,0.813054716392712,1,1,1,1,1,1,1,1,1
2025,2025,VGT,7,Consumer Discretionary,1.2191705518031406,1,1,1,1,1,0,0,1,1
2025,2025,VGV,5,Industrials,0.2447138352526082,1,1,0,1,0,0,1,0,1
2025,2025,VHC,7,Consumer Staples,0.7632721442261855,1,1,1,1,0,1,1,1,0
2025,2025,VHE,6,Consumer Staples,2.812153585119296,1,0,1,0,1,0,1,1,1
2025,2025,VHL,9,Materials,1.8751602503775704,1,1,1,1,1,1,1,1,1
2025,2025,VHM,6,Real Estate,0.4674457969656931,1,1,1,0,0,1,1,0,1
2025,2025,VIC,6,Real Estate,0.1129095588856852,1,1,0,1,0,1,0,1,1
2025,2025,VID,4,Materials,2.3599364546468897,1,0,0,0,1,0,1,0,1
2025,2025,VIF,6,Materials,0.8975937711703504,1,1,0,0,1,0,1,1,1
2025,2025,VIP,5,Energy,1.5313358369949317,1,1,0,1,0,0,1,0,1
2025,2025,VIT,9,Materials,0.5429261451786956,1,1,1,1,1,1,1,1,1
2025,2025,VIW,8,Industrials,0.739795312200168,1,1,1,1,1,1,1,0,1
2025,2025,VJC,4,Industrials,0.2002853940547477,1,1,1,0,0,0,0,1,0
2025,2025,VLB,5,Materials,0.3134936502368412,1,1,1,0,0,0,1,1,0
2025,2025,VLC,2,Consumer Staples,1.199341940455117,1,0,0,0,0,1,0,0,0
2025,2025,VLG,3,Industrials,1.3776679480647036,1,0,0,0,0,0,1,0,1
2025,2025,VMC,5,Industrials,2.0821543319457794,0,1,0,1,0,1,1,1,0
2025,2025,VMD,7,Health Care,1.4700082875936265,1,1,1,0,0,1,1,1,1
2025,2025,VNA,4,Industrials,0.9914899894218364,1,1,0,0,0,0,1,1,0
2025,2025,VNB,5,Communication Services,1.009183420351918,1,0,1,0,0,1,1,1,0
2025,2025,VNC,8,Industrials,0.4358693077465558,1,1,1,1,1,0,1,1,1
2025,2025,VNE,7,Industrials,1.769440653430602,1,1,1,1,0,1,1,1,0
2025,2025,VNF,3,Industrials,1.259085194595111,1,1,0,0,0,0,1,0,0
2025,2025,VNG,5,Consumer Discretionary,1.4613915451249713,1,0,1,0,1,0,1,1,0
2025,2025,VNL,5,Industrials,1.1121605702599264,1,1,1,0,0,0,1,0,1
2025,2025,VNM,3,Consumer Staples,0.2399070978938275,1,1,0,0,1,0,0,0,0
2025,2025,VNP,5,Materials,0.6661238527552036,1,1,1,0,0,1,1,0,0
2025,2025,VNS,6,Industrials,1.8128425317129435,1,1,0,1,1,0,1,1,0
2025,2025,VNZ,6,Communication Services,0.0525791500770693,0,1,1,1,1,1,0,0,1
2025,2025,VOS,3,Industrials,1.2236804182267207,1,0,0,0,0,0,1,1,0
2025,2025,VPD,9,Utilities,0.5918558563769748,1,1,1,1,1,1,1,1,1
2025,2025,VPG,4,Materials,2.151712111369724,0,1,0,1,0,1,1,0,0
2025,2025,VPH,2,Real Estate,2.368891887467106,0,0,0,0,0,0,0,1,1
2025,2025,VPI,6,Real Estate,0.2832860267083366,1,1,1,0,0,1,0,1,1
2025,2025,VPL,4,Consumer Discretionary,0.2166287294354397,1,0,0,0,1,1,0,1,0
2025,2025,VPR,6,Real Estate,1.3273873818835322,1,1,0,1,0,1,1,0,1
2025,2025,VPS,6,Materials,1.4706416657894823,1,1,0,0,1,1,1,0,1
2025,2025,VRC,3,Real Estate,1.311909950226667,1,0,0,0,0,0,1,1,0
2025,2025,VRE,4,Real Estate,0.63256578406704,1,0,1,0,0,0,1,1,0
2025,2025,VRG,4,Real Estate,0.7511865735755483,1,0,0,0,0,1,1,0,1
2025,2025,VSA,7,Industrials,1.1842447468281423,1,1,1,1,0,0,1,1,1
2025,2025,VSC,4,Industrials,0.7249684200568155,1,1,0,1,0,0,0,1,0
2025,2025,VSE,6,Industrials,1.099680961943289,1,1,1,1,0,0,1,0,1
2025,2025,VSF,7,Consumer Staples,0.1868487464440485,1,1,1,1,0,1,1,1,0
2025,2025,VSH,9,Utilities,0.4708360919095998,1,1,1,1,1,1,1,1,1
2025,2025,VSM,6,Industrials,1.2817109486948934,1,1,1,0,0,1,1,0,1
2025,2025,VTB,7,Consumer Discretionary,0.804561709135861,1,1,1,1,0,1,1,0,1
2025,2025,VTC,4,Communication Services,1.1747247512627723,1,0,1,0,0,0,1,0,1
2025,2025,VTD,5,Consumer Discretionary,1.7506088638955026,1,0,1,0,0,1,0,1,1
2025,2025,VTH,5,Industrials,1.6481276920735195,1,1,0,1,0,0,1,0,1
2025,2025,VTK,3,Communication Services,0.3484069810221089,1,0,0,0,0,0,1,0,1
2025,2025,VTV,7,Energy,0.8592092001512223,1,1,1,1,0,1,1,0,1
2025,2025,VTZ,3,Materials,0.5846232120922822,1,0,0,0,1,0,1,0,0
2025,2025,VW3,4,Industrials,1.899087696494845,0,1,0,1,0,1,1,0,0
2025,2025,VWS,6,Industrials,0.5712090650226758,1,1,0,1,0,0,1,1,1
2025,2025,WSB,7,Consumer Staples,0.9652152383748231,1,1,1,1,0,1,1,1,0
2025,2025,WTC,5,Industrials,1.693881334212164,1,1,0,1,0,1,0,1,0
2025,2025,X20,4,Consumer Discretionary,1.302587885172798,1,0,0,0,1,1,1,0,0
2025,2025,XMC,7,Industrials,1.2722792864272845,1,1,1,1,0,0,1,1,1
2025,2025,XPH,4,Consumer Staples,0.7479817919228595,1,0,1,0,0,0,1,0,1
2025,2025,YBC,3,Materials,1.233450560642015,1,1,0,0,0,0,1,0,0
2025,2025,YBM,9,Materials,1.1889783391957047,1,1,1,1,1,1,1,1,1
2025,2025,YEG,5,Communication Services,0.8760773006909828,1,1,0,0,1,1,0,0,1
