,ID,Code,Name,CatID,Exchange,BeforeExchange,URL,CancelVolume,IndustryName,Title,FileUrl,NDKCCDate
0,2541,AAA,CTCP Nhựa An Phát Xanh,1,HOSE,HNX,https://finance.vietstock.vn/AAA-ctcp-nhua-an-phat-xanh.htm,51899988,Nguyên vật liệu,"AAA: Ngày 18/11/2016, ngày hủy niêm yết cổ phiếu của CTCP Nhựa và Môi trường xanh An Phát",http://static2.vietstock.vn/vietstock/2016/11/8/AAA_2016.11.8_30c89e9_1157_tb_2016_11_08_1054_1.PDF,2016-11-16 17:00:00
1,4522,AAV,CTCP AAV Group,5,UPCOM,HNX,https://finance.vietstock.vn/AAV-ctcp-aav-group.htm,68987661,Bất động sản,"AAV: Ngày 15/05/2026, về việc hủy bỏ niêm yết bắt buộc cổ phiếu AAV  của Công ty cổ phần AAV Group",https://static2.vietstock.vn/vietstock/2026/4/24/1_aav_2026_4_24_5b49670_1766tb_0001_2.pdf,2026-05-13 17:00:00
2,4473,ABR,CTCP Đầu tư Nhãn hiệu Việt,1,HOSE,UPCOM,https://finance.vietstock.vn/ABR-ctcp-dau-tu-nhan-hieu-viet.htm,20000000,Dịch vụ viễn thông,"ABR: Ngày 22/02/2022, ngày hủy ĐKGD cổ phiếu của CTCP Đầu tư Nhãn hiệu Việt",http://static2.vietstock.vn/vietstock/2022/2/15/1.ABR_2022.2.15_b555538_264tb_20220215_1.PDF,2022-02-20 17:00:00
3,2995,AC4,CTCP ACC-244,3,OTC,UPCOM,https://finance.vietstock.vn/AC4-ctcp-acc-244.htm,2940862,Hàng hóa công nghiệp,"AC4: Ngày 09/06/2021, ngày hủy ĐKGD cổ phiếu của CTCP ACC-244",http://static2.vietstock.vn/vietstock/2021/5/14/1.AC4_2021.5.14_fbb183e_1659tb_20210514_1.PDF,2021-06-07 17:00:00
4,885,ACB,Ngân hàng TMCP Á Châu,1,HOSE,HNX,https://finance.vietstock.vn/ACB-ngan-hang-tmcp-a-chau.htm,2161558460,Tổ chức tín dụng,"ACB: Ngày 02/12/2020, ngày hủy niêm yết cổ phiếu của Ngân hàng TMCP Á Châu",http://static2.vietstock.vn/vietstock/2020/11/27/1.ACB_2020.11.27_a0c8111_ACB_1270tb_20201126_1.PDF,2020-11-30 17:00:00
5,4793,ACG,CTCP Gỗ An Cường,1,HOSE,UPCOM,https://finance.vietstock.vn/ACG-ctcp-go-an-cuong.htm,135846122,Nguyên vật liệu,"ACG: Ngày 28/09/2022, ngày hủy ĐKGD cổ phiếu của CTCP Gỗ An Cường",https://static2.vietstock.vn/vietstock/2022/9/20/1_acg_2022_9_20_ee0d36a_acg_thong_bao_huy_dkgd.jpg,2022-09-26 17:00:00
6,4027,ACM,CTCP Tập đoàn Khoáng sản Á Cường,5,UPCOM,HNX,https://finance.vietstock.vn/ACM-ctcp-tap-doan-khoang-san-a-cuong.htm,51000000,Nguyên vật liệu,"ACM: Ngày 08/07/2022, ngày hủy niêm yết cổ phiếu của CTCP Tập đoàn Khoáng sản Á Cường",https://static2.vietstock.vn/vietstock/2022/6/15/1_acm_2022_6_15_7265b06_acm_2036tb_0001.pdf,2022-07-06 17:00:00
7,4779,ADG,CTCP Clever Group,1,HOSE,UPCOM,https://finance.vietstock.vn/ADG-ctcp-clever-group.htm,18000333,Truyền thông và giải trí,"ADG: Ngày 01/02/2021, ngày hủy ĐKGD cổ phiếu của CTCP Clever Group",https://owa.hnx.vn/ftp///cims/2021/1_W3/000000009992402_53tb_20210112_1.PDF,2021-01-28 17:00:00
8,2017,ADP,CTCP Sơn Á Đông,1,HOSE,UPCOM,https://finance.vietstock.vn/ADP-ctcp-son-a-dong.htm,23039850,Nguyên vật liệu,"ADP: Ngày 14/07/2023, ngày hủy ĐKGD cổ phiếu của CTCP Sơn Á Đông",https://static2.vietstock.vn/vietstock/2023/7/10/1_adp_2023_7_10_50a6a40_adp_tb_huy_dkgd.pdf,2023-07-12 17:00:00
9,4511,AFC,CTCP Nông Lâm nghiệp Bình Dương,3,OTC,UPCOM,https://finance.vietstock.vn/AFC-ctcp-nong-lam-nghiep-binh-duong.htm,10688363,Dịch vụ thương mại và chuyên nghiệp,"AFC: Ngày 27/05/2020, ngày hủy ĐKGD cổ phiếu của CTCP Nông Lâm Nghiệp Bình Dương",https://owa.hnx.vn/ftp///cims/2020/5_W2/000000009358118_398tb_20200506_1.PDF,2020-05-25 17:00:00
10,3218,AFX,CTCP Xuất nhập khẩu Nông sản Thực phẩm An Giang,1,HOSE,UPCOM,https://finance.vietstock.vn/AFX-ctcp-xuat-nhap-khau-nong-san-thuc-pham-an-giang.htm,35000000,"Thực phẩm, đồ uống và thuốc lá","AFX: Ngày 28/11/2025, ngày hủy ĐKGD cổ phiếu của CTCP Xuất nhập khẩu Nông sản Thực phẩm An Giang",https://static2.vietstock.vn/vietstock/2025/11/21/1_afx_2025_11_21_c99db23_afx.pdf,2025-11-26 17:00:00
11,1882,AGD,CTCP Gò Đàng,3,OTC,HOSE,https://finance.vietstock.vn/AGD-ctcp-go-dang.htm,11999930,"Thực phẩm, đồ uống và thuốc lá",AGD: Quyết định hủy niêm yết cổ phiếu,,2013-08-26 17:00:00
12,4664,AGE,CTCP Môi trường Đô thị An Giang,3,OTC,UPCOM,https://finance.vietstock.vn/AGE-ctcp-moi-truong-do-thi-an-giang.htm,19893000,Dịch vụ thương mại và chuyên nghiệp,"AGE: Ngày 22/09/2023, ngày hủy ĐKGD cổ phiếu của CTCP Môi trường Đô thị An Giang",https://static2.vietstock.vn/vietstock/2023/9/6/1_age_2023_9_6_21d0678_2953tb_20230905_1.PDF,2023-09-20 17:00:00
13,38,AGF,CTCP Xuất nhập khẩu Thủy sản An Giang,5,UPCOM,HOSE,https://finance.vietstock.vn/AGF-ctcp-xuat-nhap-khau-thuy-san-an-giang.htm,28109743,"Thực phẩm, đồ uống và thuốc lá",AGF: Quyết định về việc hủy niêm yết cổ phiếu,http://static2.vietstock.vn/vietstock/2020/1/17/20200117_20200116 - AGF - 5. QD huy niem yet.pdf,2020-02-13 17:00:00
14,1935,AGM,CTCP Xuất Nhập khẩu An Giang,5,UPCOM,HOSE,https://finance.vietstock.vn/AGM-ctcp-xuat-nhap-khau-an-giang.htm,18200000,"Thực phẩm, đồ uống và thuốc lá",AGM: Quyết định về việc hủy niêm yết cổ phiếu,https://static2.vietstock.vn/vietstock/2025/4/10/20250410_20250409___agm___qd_206_huy_niem_yet_bat_buoc.pdf,2025-05-07 17:00:00
15,1064,ALP,CTCP Đầu tư Alphanam,3,OTC,HOSE,https://finance.vietstock.vn/ALP-ctcp-dau-tu-alphanam.htm,192484413,Hàng hóa công nghiệp,ALP: Quyết định hủy niêm yết cổ phiếu,,2014-12-29 17:00:00
16,778,ALT,CTCP Văn hóa Tân Bình,2,HNX,HOSE,https://finance.vietstock.vn/ALT-ctcp-van-hoa-tan-binh.htm,4933905,Nguyên vật liệu,,,2009-07-09 17:00:00
17,2657,ALV,CTCP Tập đoàn MCST,5,UPCOM,HNX,https://finance.vietstock.vn/ALV-ctcp-tap-doan-mcst.htm,3157936,Hàng hóa công nghiệp,"ALV: Ngày 14/06/2019, ngày hủy niêm yết cổ phiếu của CTCP Đầu tư Phát triển hạ tầng ALV",http://static2.vietstock.vn/vietstock/2019/5/21/1.ALV_2019.5.21_30e1f60_527tb_20190517_1.PDF,2019-06-12 17:00:00
18,3728,AMD,CTCP Đầu tư và Khoáng sản FLC Stone,3,OTC,UPCOM,https://finance.vietstock.vn/AMD-ctcp-dau-tu-va-khoang-san-flc-stone.htm,30000000,Hàng hóa công nghiệp,"AMD: Ngày 10/06/2015, ngày hủy ĐKGD cổ phiếu của CTCP Đầu tư AMD Group",http://hnx.vn/web/guest/tin-upcom?p_auth=lfF4qY2P&p_p_id=ThongTinCongBo_WAR_ThongTinCongBoportlet_INSTANCE_T0Pq&p_p_lifecycle=1&p_p_state=exclusive&p_p_mode=view&_ThongTinCongBo_WAR_ThongTinCongBoportlet_INSTANCE_T0Pq_anchor=viewAction&_ThongTinCongBo_WAR_ThongTinCongBoportlet_INSTANCE_T0Pq_cmd=dlAction&_ThongTinCongBo_WAR_ThongTinCongBoportlet_INSTANCE_T0Pq_dl_link=%2Fcims%2F2015_6_W1%2F000000005522224_AMD.jpg&_ThongTinCongBo_WAR_ThongTinCongBoportlet_INSTANCE_T0Pq_dl_name=AMD_2015.6.1_2406dd9_AMD.jpg,2015-06-08 17:00:00
19,3215,ANT,CTCP Rau quả Thực phẩm An Giang,1,HOSE,UPCOM,https://finance.vietstock.vn/ANT-ctcp-rau-qua-thuc-pham-an-giang.htm,24003708,"Thực phẩm, đồ uống và thuốc lá","ANT: Ngày 13/01/2026, ngày hủy ĐKGD cổ phiếu của CTCP Rau quả Thực phẩm An Giang",https://static2.vietstock.vn/vietstock/2026/1/8/1_ant_2026_1_7_dccf3b6_ant_tb.pdf,2026-01-11 17:00:00
20,1896,APC,CTCP Chiếu xạ An Phú,5,UPCOM,HOSE,https://finance.vietstock.vn/APC-ctcp-chieu-xa-an-phu.htm,20121395,Dịch vụ thương mại và chuyên nghiệp,APC: Quyết định về việc hủy niêm yết cổ phiếu,https://static2.vietstock.vn/vietstock/2024/4/1/20240401_20240329___apc___qd_huy_niem_yet_bat_buoc.pdf,2024-04-25 17:00:00
21,1201,APG,CTCP Chứng khoán APG,1,HOSE,HNX,https://finance.vietstock.vn/APG-ctcp-chung-khoan-apg.htm,13528900,Dịch vụ tài chính,"APG: Ngày 23/11/2016, ngày hủy niêm yết cổ phiếu của Công ty Cổ phần Chứng khoán An Phát",http://static2.vietstock.vn/vietstock/2016/11/21/APG_2016.11.21_ff7018d_1206_tb_2016_11_21_0923_1.PDF,2016-11-21 17:00:00
22,2670,APP,CTCP Phát triển Phụ gia và Sản phẩm Dầu Mỏ,5,UPCOM,HNX,https://finance.vietstock.vn/APP-ctcp-phat-trien-phu-gia-va-san-pham-dau-mo.htm,4724632,Năng lượng,"APP: Ngày 18/07/2022, ngày hủy niêm yết cổ phiếu của CTCP Phát triển phụ gia và sản phầm dầu mỏ",https://static2.vietstock.vn/vietstock/2022/7/6/1_app_2022_7_6_7cdef1a_app_huy.jpg,2022-07-14 17:00:00
23,4732,AQN,CTCP 28 Quảng Ngãi,3,OTC,UPCOM,https://finance.vietstock.vn/AQN-ctcp-28-quang-ngai.htm,1511097,Thời trang và hàng lâu bền,"AQN: Ngày 02/07/2021, ngày hủy ĐKGD cổ phiếu của CTCP 28 Quảng Ngãi",http://static2.vietstock.vn/vietstock/2021/6/11/1.AQN_2021.6.11_afba3b5_2071tb_20210610_1.PDF,2021-06-30 17:00:00
24,1321,ART,CTCP Chứng khoán ARTEX,5,UPCOM,UPCOM,https://finance.vietstock.vn/ART-ctcp-chung-khoan-artex.htm,37259983,Dịch vụ tài chính,"ART: Ngày 24/09/2018, ngày hủy ĐKGD cổ phiếu của Công ty Cổ phần phần Chứng khoán Artex",https://owa.hnx.vn/ftp///cims/2018/9_W4/000000007854494_1109TB_20180920_1.PDF,2018-09-20 17:00:00
25,3021,ASA,CTCP ASA,3,OTC,HNX,https://finance.vietstock.vn/ASA-ctcp-asa.htm,10000000,Thương mại hàng thiết yếu,"ASA: Ngày 13/06/2019, ngày hủy niêm yết cổ phiếu của CTCP Hàng tiêu dùng ASA",http://static2.vietstock.vn/vietstock/2019/5/16/1.ASA_2019.5.16_295bf5f_ASA.JPG,2019-06-11 17:00:00
26,3762,ASD,CTCP Sông Đà Hà Nội,3,OTC,UPCOM,https://finance.vietstock.vn/ASD-ctcp-song-da-ha-noi.htm,4500000,Hàng hóa công nghiệp,"ASD: Ngày 04/06/2021, ngày hủy ĐKGD cổ phiếu của CTCP Sông Đà Hà Nội",http://static2.vietstock.vn/vietstock/2021/5/13/1.ASD_2021.5.13_7ee8f82_Huy_ASD.jpg,2021-06-02 17:00:00
27,3055,ASIAGF,Quỹ đầu tư Tăng trưởng ACB,4,Khác,HOSE,https://finance.vietstock.vn/ASIAGF-quy-dau-tu-tang-truong-acb.htm,24008000,Dịch vụ tài chính,ASIAGF: Hủy niêm yết đối với Chứng chỉ quỹ ,,2014-12-29 17:00:00
28,1817,ATA,CTCP Ntaco,5,UPCOM,HOSE,https://finance.vietstock.vn/ATA-ctcp-ntaco.htm,11999998,"Thực phẩm, đồ uống và thuốc lá",ATA: Quyết định hủy niêm yết cổ phiếu,http://static2.vietstock.vn/vietstock/2017/1/9/20170109_20170106 - ATA - QD huy NY.pdf,2017-02-02 17:00:00
29,4543,ATB,CTCP An Thịnh,3,OTC,UPCOM,https://finance.vietstock.vn/ATB-ctcp-an-thinh.htm,13884000,Hàng hóa công nghiệp,"ATB: Ngày 07/01/2026, ngày hủy ĐKGD cổ phiếu của CTCP An Thịnh",https://static2.vietstock.vn/vietstock/2025/12/29/1_atb_2025_12_29_ba71b4e_atb_3.pdf,2026-01-05 17:00:00
30,4746,ATD,CTCP 28 Đà Nẵng,3,OTC,UPCOM,https://finance.vietstock.vn/ATD-ctcp-28-da-nang.htm,1544300,Thời trang và hàng lâu bền,"ATD: Ngày 20/08/2021, ngày hủy ĐKGD cổ phiếu của CTCP 28 Đà Nẵng",http://static2.vietstock.vn/vietstock/2021/8/2/1.ATD_2021.8.2_6428543_2501tb_20210730_1.PDF,2021-08-18 17:00:00
31,4323,ATG,CTCP ATG Planet,5,UPCOM,HOSE,https://finance.vietstock.vn/ATG-ctcp-atg-planet.htm,15200000,Nguyên vật liệu,ATG: Quyết định về việc hủy niêm yết đối với cổ phiếu ATG,http://static2.vietstock.vn/vietstock/2021/4/23/20210423_20210423 - ATG - QD huy ny.pdf,2020-10-12 17:00:00
32,2835,AUM,CTCP Vinacafe Sơn Thành,3,OTC,UPCOM,https://finance.vietstock.vn/AUM-ctcp-vinacafe-son-thanh.htm,1000000,Thương mại hàng không thiết yếu,"AUM: Ngày 24/05/2023, ngày hủy ĐKGD cổ phiếu của CTCP Vinacafe Sơn Thành",https://static2.vietstock.vn/vietstock/2023/5/4/1_aum_2023_5_4_0907255_1601tb_0001.pdf,2023-05-22 17:00:00
33,2704,AVF,CTCP Việt An,3,OTC,HOSE,https://finance.vietstock.vn/AVF-ctcp-viet-an.htm,43338000,"Thực phẩm, đồ uống và thuốc lá",AVF: Hủy niêm yết cổ phiếu,,2015-06-08 17:00:00
34,1183,AVS,CTCP Chứng khoán Âu Việt,3,OTC,HNX,https://finance.vietstock.vn/AVS-ctcp-chung-khoan-au-viet.htm,36000000,Dịch vụ tài chính,AVS: Quyết định hủy niêm yết tự nguyện,HTTP://STATIC2.VIETSTOCK.VN/VIETSTOCK/2013/5/31/AVS_2013.5.31_483CF5F_AVS_TB HUY NY.DOC,2013-06-03 17:00:00
35,1135,B82,CTCP 482,3,OTC,HNX,https://finance.vietstock.vn/B82-ctcp-482.htm,5000000,Hàng hóa công nghiệp,"B82: Ngày 20/08/2018, ngày hủy niêm yết cổ phiếu của CTCP 482",http://static2.vietstock.vn/vietstock/2018/7/23/1.B82_2018.7.23_cd16570_764tb_20180720_1.PDF,2018-08-16 17:00:00
36,1191,BAB,Ngân hàng TMCP Bắc Á,2,HNX,UPCOM,https://finance.vietstock.vn/BAB-ngan-hang-tmcp-bac-a.htm,708500000,Tổ chức tín dụng,"BAB: Ngày 25/02/2021, ngày hủy ĐKGD cổ phiếu của Ngân hàng Thương mại Cổ phần Bắc Á",http://static2.vietstock.vn/vietstock/2021/2/22/1.BAB_2021.2.22_ecb8573_317tb_20210222_1.pdf,2021-02-23 17:00:00
37,3763,BAM,CTCP Khoáng sản và Luyện kim Bắc Á,3,OTC,HNX,https://finance.vietstock.vn/BAM-ctcp-khoang-san-va-luyen-kim-bac-a.htm,30000000,Nguyên vật liệu,"BAM: Ngày 10/11/2016, ngày hủy niêm yết cổ phiếu của CTCP Khoáng sản và Luyện kim Bắc Á",http://static2.vietstock.vn/vietstock/2016/10/13/BAM_2016.10.13_c60769c_BAM_Huy.jpg,2016-11-08 17:00:00
38,47,BBC,CTCP Bibica,3,OTC,HOSE,https://finance.vietstock.vn/BBC-ctcp-bibica.htm,18752687,"Thực phẩm, đồ uống và thuốc lá",BBC: Quyết định về việc hủy niêm yết cổ phiếu,https://static2.vietstock.vn/vietstock/2025/12/17/20251216___bbc___qd_so_1219_vv_huy_niem_yet_co_phieu.pdf,2026-01-14 17:00:00
39,4058,BCG,CTCP Tập đoàn Bamboo Capital,5,UPCOM,HOSE,https://finance.vietstock.vn/BCG-ctcp-tap-doan-bamboo-capital.htm,880210644,Hàng hóa công nghiệp,BCG: Quyết định về việc hủy niêm yết cổ phiếu,https://static2.vietstock.vn/vietstock/2026/7/9/20260708___bcg___qd_589_vv_huy_niem_yet_cp.pdf,2025-10-08 17:00:00
40,1489,BCI,Công ty TNHH MTV Đầu tư Kinh doanh Nhà Khang Phúc,4,Khác,HOSE,https://finance.vietstock.vn/BCI-cong-ty-tnhh-mtv-dau-tu-kinh-doanh-nha-khang-phuc.htm,86720144,Bất động sản,BCI: Thông báo hủy niêm yết đối với cổ phiếu BCI,http://static2.vietstock.vn/vietstock/2018/2/6/20180206_20180206 - BCI - TB vv HUY NY CP DE THUC HIEN SAP NHAP VAO KDH.pdf,2018-02-21 17:00:00
41,4586,BCM,Tập đoàn Đầu tư và Phát triển Công nghiệp Becamex - CTCP,1,HOSE,UPCOM,https://finance.vietstock.vn/BCM-tap-doan-dau-tu-va-phat-trien-cong-nghiep-becamex-ctcp.htm,1035000000,Bất động sản,"BCM: Ngày 20/08/2020, ngày hủy ĐKGD cổ phiếu của Tổng Công ty Đầu tư và Phát triển Công nghiệp - CTCP",https://owa.hnx.vn/ftp///cims/2020/8_W3/000000009708024_793tb_20200813_1.PDF,2020-08-18 17:00:00
42,4243,BCO,CTCP Xây dựng Bình Phước,3,OTC,UPCOM,https://finance.vietstock.vn/BCO-ctcp-xay-dung-binh-phuoc.htm,5631895,Nguyên vật liệu,"BCO: Ngày 31/12/2024, ngày hủy ĐKGD cổ phiếu của CTCP Xây dựng Bình Phước",https://static2.vietstock.vn/vietstock/2024/12/11/1_bco_2024_12_11_b8da444_tb_huy_bco.pdf,2024-12-29 17:00:00
43,1862,BDB,CTCP Sách và Thiết bị Bình Định,3,OTC,HNX,https://finance.vietstock.vn/BDB-ctcp-sach-va-thiet-bi-binh-dinh.htm,1126474,Truyền thông và giải trí,"BDB: Ngày 15/08/2025, Về việc hủy bỏ niêm yết bắt buộc cổ phiếu BDB của Công ty cổ phần Sách và Thiết bị Bình Định của Công ty cổ phần Sách và Thiết bị Bình Định",https://static2.vietstock.vn/vietstock/2025/7/21/1_bdb_2025_7_21_5208b1c_3315tb_0001.pdf,2025-08-13 17:00:00
44,3654,BDC,Tổng Công ty Xây dựng Bạch Đằng - CTCP,3,OTC,UPCOM,https://finance.vietstock.vn/BDC-tong-cong-ty-xay-dung-bach-dang-ctcp.htm,21735900,Hàng hóa công nghiệp,"BDC: Ngày 30/11/2020, ngày hủy ĐKGD cổ phiếu của Tổng Công ty Xây dựng Bạch Đằng - CTCP",https://owa.hnx.vn/ftp///cims/2020/11_W4/000000009907710_1260tb_20201124_1.PDF,2020-11-26 17:00:00
45,3104,BDF,CTCP Giày Bình Định,3,OTC,UPCOM,https://finance.vietstock.vn/BDF-ctcp-giay-binh-dinh.htm,1550000,Thời trang và hàng lâu bền,"BDF: Ngày 26/06/2020, ngày hủy ĐKGD cổ phiếu của CTCP Giày Bình Định",https://owa.hnx.vn/ftp///cims/2020/6_W1/000000009463515_503tb_20200602_1.PDF,2020-05-24 17:00:00
46,4493,BDP,CTCP Biệt thự và Khách sạn biển Đông Phương,3,OTC,UPCOM,https://finance.vietstock.vn/BDP-ctcp-biet-thu-va-khach-san-bien-dong-phuong.htm,25000000,Bất động sản,"BDP: Ngày 27/10/2020, ngày hủy ĐKGD cổ phiếu của CTCP Biệt thự và Khách sạn biển Đông Phương",https://owa.hnx.vn/ftp///cims/2020/10_W4/000000009845606_1102tb_20201021_1.pdf,2020-10-25 17:00:00
47,2760,BGM,CTCP Khai Thác và Chế Biến khoáng Sản Bắc Giang,3,OTC,HOSE,https://finance.vietstock.vn/BGM-ctcp-khai-thac-va-che-bien-khoang-san-bac-giang.htm,45753840,Nguyên vật liệu,BGM: Thông báo về việc hủy niêm yết đối với cổ phiếu BGM,http://static2.vietstock.vn/vietstock/2017/7/12/20170712_20170711 - BGM - TB huy niem yet.pdf,2017-08-08 17:00:00
48,1558,BHC,CTCP Bê tông Biên Hòa,5,UPCOM,HNX,https://finance.vietstock.vn/BHC-ctcp-be-tong-bien-hoa.htm,4500000,Nguyên vật liệu,"BHC: Ngày 26/05/2014, ngày hủy niêm yết cổ phiếu của CTCP Bê tông Biên Hòa",http://static2.vietstock.vn/vietstock/2014/4/29/BHC_2014.4.29_756931a_BHC_TB ngay huy NY.final.doc,2014-05-22 17:00:00
49,1313,BHN,Tổng Công ty cổ phần Bia - Rượu - Nước giải khát Hà Nội,1,HOSE,UPCOM,https://finance.vietstock.vn/BHN-tong-cong-ty-co-phan-bia-ruou-nuoc-giai-khat-ha-noi.htm,231800000,"Thực phẩm, đồ uống và thuốc lá","BHN:Ngày 11/01/2017, ngày hủy ĐKGD cổ phiếu của Tổng CTCP Bia - Rượu - Nước giải khát Hà Nội",https://owa.hnx.vn/ftp///cims/2017_1_W1/000000006360539_13_tb_2017_01_05_1111_1.PDF,2017-01-09 17:00:00
50,784,BHS,Công ty TNHH MTV Đường TTC Biên Hòa - Đồng Nai,4,Khác,HOSE,https://finance.vietstock.vn/BHS-cong-ty-tnhh-mtv-duong-ttc-bien-hoa-dong-nai.htm,297874449,"Thực phẩm, đồ uống và thuốc lá",BHS: Quyết định hủy niêm yết cổ phiếu,http://static2.vietstock.vn/vietstock/2017/7/25/20170725_20170725 - BHS - Quyet dinh huy niem yet.pdf,2017-08-28 17:00:00
51,2659,BHT,CTCP Đầu tư Xây dựng Bạch Đằng TMC,3,OTC,HNX,https://finance.vietstock.vn/BHT-ctcp-dau-tu-xay-dung-bach-dang-tmc.htm,4565000,Hàng hóa công nghiệp,"BHT: Ngày 01/06/2018, ngày hủy niêm yết cổ phiếu của CTCP Đầu tư Xây dựng Bạch Đằng TMC",,2018-05-30 17:00:00
52,893,BHV,CTCP Bá Hiến,3,OTC,HNX,https://finance.vietstock.vn/BHV-ctcp-ba-hien.htm,1000013,Nguyên vật liệu,"BHV: Ngày 20/05/2014, ngày hủy niêm yết cổ phiếu của CTCP Viglacera Bá Hiến",http://static2.vietstock.vn/vietstock/2014/4/23/BHV_2014.4.23_8740c6b_BHV Huy.jpg,2014-05-18 17:00:00
53,3746,BII,CTCP Đầu tư và Phát triển Công nghiệp Bảo Thư,3,OTC,HNX,https://finance.vietstock.vn/BII-ctcp-dau-tu-va-phat-trien-cong-nghiep-bao-thu.htm,57680000,Bất động sản,"BII: Ngày 18/05/2023, ngày hủy niêm yết cổ phiếu của CTCP Đầu tư và Phát triển Công nghiệp Bảo Thư",https://static2.vietstock.vn/vietstock/2023/4/20/1_bii_2023_4_20_de9c4b9_1458tb_huy_ny.pdf,2023-05-16 17:00:00
54,1565,BKH,CTCP Bánh mứt kẹo Hà Nội,3,OTC,UPCOM,https://finance.vietstock.vn/BKH-ctcp-banh-mut-keo-ha-noi.htm,1750000,"Thực phẩm, đồ uống và thuốc lá","BKH: Ngày 25/08/2023, ngày hủy ĐKGD cổ phiếu của CTCP Bánh Mứt Kẹo Hà Nội",https://static2.vietstock.vn/vietstock/2023/8/3/1_bkh_2023_8_3_d79d9ba_bkh_tb_huy.pdf,2023-08-23 17:00:00
55,1151,BLF,CTCP Thủy sản Bạc Liêu,5,UPCOM,HNX,https://finance.vietstock.vn/BLF-ctcp-thuy-san-bac-lieu.htm,11500000,"Thực phẩm, đồ uống và thuốc lá","BLF: Ngày 05/12/2023, ngày hủy niêm yết cổ phiếu của CTCP Thủy sản Bạc Liêu",https://static2.vietstock.vn/vietstock/2023/11/24/1_blf_2023_11_24_33b3e15_blf__thong_bao_huy_ny.jpg,2023-12-03 17:00:00
56,4728,BLU,Trung tâm Dịch vụ Đô thị tỉnh Bạc Liêu,3,OTC,UPCOM,https://finance.vietstock.vn/BLU-trung-tam-dich-vu-do-thi-tinh-bac-lieu.htm,1337600,Dịch vụ thương mại và chuyên nghiệp,"BLU: Ngày 04/04/2022, ngày hủy ĐKGD cổ phiếu của Trung tâm Dịch vụ Đô thị tỉnh Bạc Liêu",https://static2.vietstock.vn/vietstock/2022/3/22/1_blu_2022_3_22_5a9d6ec_blu.pdf,2022-03-31 17:00:00
57,4061,BLW,CTCP Cấp nước Bạc Liêu,3,OTC,UPCOM,https://finance.vietstock.vn/BLW-ctcp-cap-nuoc-bac-lieu.htm,11168800,Tiện ích,"BLW: Ngày 20/02/2024, ngày hủy ĐKGD cổ phiếu của CTCP Cấp nước Bạc Liêu",https://static2.vietstock.vn/vietstock/2024/1/26/2_blw_2024_1_26_a0b4a63_36qd_0001.pdf,2024-02-18 17:00:00
58,4748,BM9,CTCP Đầu tư Xây dựng 319 Miền Nam,3,OTC,UPCOM,https://finance.vietstock.vn/BM9-ctcp-dau-tu-xay-dung-319-mien-nam.htm,3795680,Thương mại hàng không thiết yếu,"BM9: Ngày 28/10/2020, ngày hủy ĐKGD cổ phiếu của CTCP Đầu tư Xây dựng 319 Miền Nam",https://owa.hnx.vn/ftp///cims/2020/10_W2/000000009813661_BM9_Huy.jpg,2020-10-26 17:00:00
59,4294,BMN,CTCP 715,3,OTC,UPCOM,https://finance.vietstock.vn/BMN-ctcp-715.htm,2750000,Hàng hóa công nghiệp,"BMN: Ngày 20/06/2025, ngày hủy ĐKGD cổ phiếu của Công ty Cổ phần 715",https://static2.vietstock.vn/vietstock/2025/5/30/2_bmn_2025_5_30_ff3fdaf_677qd_0001.pdf,2025-06-18 17:00:00
60,40,BPC,CTCP VICEM Bao bì Bỉm Sơn,2,HNX,HOSE,https://finance.vietstock.vn/BPC-ctcp-vicem-bao-bi-bim-son.htm,3800000,Nguyên vật liệu,BPC: Hủy niêm yết cổ phiếu,,2009-05-27 17:00:00
61,4240,BPW,CTCP Cấp thoát nước Bình Phước,3,OTC,UPCOM,https://finance.vietstock.vn/BPW-ctcp-cap-thoat-nuoc-binh-phuoc.htm,13203858,Tiện ích,"BPW: Ngày 04/04/2022, ngày hủy ĐKGD cổ phiếu của CTCP Cấp thoát nước Bình Phước",https://static2.vietstock.vn/vietstock/2022/3/22/1_bpw_2022_3_22_cdc9a7c_1647942885138856.pdf,2022-03-31 17:00:00
62,2081,BSC,CTCP Dịch vụ Bến Thành,3,OTC,HNX,https://finance.vietstock.vn/BSC-ctcp-dich-vu-ben-thanh.htm,3150747,Bất động sản,"BSC: Ngày 31/12/2025, Thông báo về việc hủy bỏ niêm yết bắt buộc cổ phiếu BSC của Công ty cổ phần Dịch vụ Bến Thành của Công ty cổ phần Dịch vụ Bến Thành",https://static2.vietstock.vn/vietstock/2025/12/16/1_bsc_2025_12_16_f76a816_5443tb_0001.pdf,2025-12-29 17:00:00
63,4338,BSR,CTCP - Tổng Công ty Lọc hóa dầu Việt Nam,1,HOSE,UPCOM,https://finance.vietstock.vn/BSR-ctcp-tong-cong-ty-loc-hoa-dau-viet-nam.htm,244119369,Năng lượng,"BSR: Ngày 07/01/2025, ngày hủy ĐKGD cổ phiếu của CTCP Lọc Hóa dầu Bình Sơn",https://static2.vietstock.vn/vietstock/2024/12/23/1_bsr_2024_12_23_d77518e_bsr_tb.pdf,2025-01-05 17:00:00
64,1447,BST,CTCP Sách và Thiết bị Bình Thuận,3,OTC,HNX,https://finance.vietstock.vn/BST-ctcp-sach-va-thiet-bi-binh-thuan.htm,1100000,Truyền thông và giải trí,"BST: Ngày 29/08/2025, Về việc hủy bỏ niêm yết bắt buộc đối với cổ phiếu BST của Công ty cổ phần Sách và Thiết bị Bình Thuận   của Công ty cổ phần Sách và Thiết bị Bình Thuận",https://static2.vietstock.vn/vietstock/2025/8/4/1_bst_2025_8_4_3d81ce9_3494tb.pdf,2025-08-27 17:00:00
65,36,BT6,CTCP Beton 6,5,UPCOM,HOSE,https://finance.vietstock.vn/BT6-ctcp-beton-6.htm,32993550,Nguyên vật liệu,BT6: Quyết định hủy niêm yết cổ phiếu,https://www.hsx.vn/Modules/Cms/Web/DownloadFile/67a493f8-a87c-4f62-b9c6-4966a9295fb0?ridx=1041187482,2015-11-25 17:00:00
66,41,BTC,CTCP Cơ khí và Xây dựng Bình Triệu,3,OTC,UPCOM,https://finance.vietstock.vn/BTC-ctcp-co-khi-va-xay-dung-binh-trieu.htm,30000000,Hàng hóa công nghiệp,"BTC: Ngày 17/03/2020, ngày hủy ĐKGD cổ phiếu của CTCP Cơ Khí và Xây Dựng Bình Triệu",https://owa.hnx.vn/ftp///cims/2020/3_W1/000000009097287_162tb_20200304_1.PDF,2020-03-15 17:00:00
67,1117,BTH,CTCP Chế tạo Biến thế và Vật liệu Điện Hà Nội,5,UPCOM,HNX,https://finance.vietstock.vn/BTH-ctcp-che-tao-bien-the-va-vat-lieu-dien-ha-noi.htm,3500000,Hàng hóa công nghiệp,"BTH: Ngày 07/05/2015, ngày hủy niêm yết cổ phiếu của CTCP Chế tạo biến thế và Vật liệu điện Hà Nội",http://static2.vietstock.vn/vietstock/2015/4/13/BTH_2015.4.13_7de477f_P_20150413_134516_1.jpg,2015-05-05 17:00:00
68,4320,BTR,CTCP Đường sắt Bình Trị Thiên,3,OTC,UPCOM,https://finance.vietstock.vn/BTR-ctcp-duong-sat-binh-tri-thien.htm,1850000,Vận tải,"BTR: Ngày 25/06/2021, ngày hủy ĐKGD cổ phiếu của CTCP Đường sắt Bình Trị Thiên",http://static2.vietstock.vn/vietstock/2021/6/7/1.BTR_2021.6.7_33dfff8_1968tb_20210603_1.PDF,2021-06-23 17:00:00
69,1307,BTW,CTCP Cấp nước Bến Thành,2,HNX,UPCOM,https://finance.vietstock.vn/BTW-ctcp-cap-nuoc-ben-thanh.htm,9360000,Tiện ích,"BTW: Ngày 08/11/2017, ngày hủy ĐKGD cổ phiếu của CTCP Cấp nước Bến Thành ",https://owa.hnx.vn/ftp///cims/2017/10_W4/000000007038778_1360_tb_2017_10_23_1143_1.PDF,2017-11-06 17:00:00
70,4623,BUD,CTCP Khoa học Công nghệ Việt Nam,3,OTC,UPCOM,https://finance.vietstock.vn/BUD-ctcp-khoa-hoc-cong-nghe-viet-nam.htm,10000000,Dịch vụ thương mại và chuyên nghiệp,"BUD: Ngày 04/04/2022, ngày hủy ĐKGD cổ phiếu của Công ty cổ phần Khoa học Công nghệ Việt Nam",https://static2.vietstock.vn/vietstock/2022/3/22/1_bud_2022_3_22_a601aea_1647942929430225.pdf,2022-03-31 17:00:00
71,1197,BVB,Ngân hàng TMCP Bản Việt,1,HOSE,UPCOM,https://finance.vietstock.vn/BVB-ngan-hang-tmcp-ban-viet.htm,640820000,Tổ chức tín dụng,"BVB: Ngày 09/07/2026, ngày hủy ĐKGD cổ phiếu của Ngân hàng TMCP Bản Việt",https://static2.vietstock.vn/vietstock/2026/7/2/1_bvb_2026_7_2_933ae01_bvb.pdf,2026-07-07 17:00:00
72,2626,BVG,CTCP Group Bắc Việt,5,UPCOM,HNX,https://finance.vietstock.vn/BVG-ctcp-group-bac-viet.htm,9750948,Nguyên vật liệu,"BVG: Ngày 21/05/2015, ngày hủy niêm yết cổ phiếu của CTCP Thép Bắc Việt",http://static2.vietstock.vn/vietstock/2015/4/27/BVG_2015.4.27_4be06fb_BVG_Thong_bao_huy_niem_yet.docx,2015-05-19 17:00:00
73,2513,BXD,CTCP Vận tải và Quản lý Bến xe Đà Nẵng,3,OTC,UPCOM,https://finance.vietstock.vn/BXD-ctcp-van-tai-va-quan-ly-ben-xe-da-nang.htm,1736500,Vận tải,BXD: Thông báo hủy đăng ký giao dịch cổ phiếu BXD,	NEWS/BXD_2013.11.8_DB69D4A_BXD_TB NGAY HUY DKGD_16.02.2012-1.DOC,2013-12-04 17:00:00
74,4739,BXT,CTCP Bến xe Tàu Hậu Giang,3,OTC,UPCOM,https://finance.vietstock.vn/BXT-ctcp-ben-xe-tau-hau-giang.htm,63400,Vận tải,"BXT: Ngày 04/04/2022, ngày hủy ĐKGD cổ phiếu của CTCP Bến xe tàu Hậu Giang",https://static2.vietstock.vn/vietstock/2022/3/22/1_bxt_2022_3_22_625505c_bxt.pdf,2022-03-31 17:00:00
75,2928,C12,CTCP Cầu 12,3,OTC,UPCOM,https://finance.vietstock.vn/C12-ctcp-cau-12.htm,4850000,Hàng hóa công nghiệp,"C12: Ngày 06/03/2026, ngày hủy ĐKGD cổ phiếu của CTCP Cầu 12",https://static2.vietstock.vn/vietstock/2026/2/27/1_c12_2026_2_27_799f818_c12.pdf,2026-03-04 17:00:00
76,2003,C21,CTCP Thế Kỷ 21 ,5,UPCOM,HOSE,https://finance.vietstock.vn/C21-ctcp-the-ky-21.htm,19336371,Bất động sản,C21: Thông báo hủy niêm yết đối với cổ phiếu C21,http://static2.vietstock.vn/vietstock/2015/8/21/20150821_20150821 - C21 - TBao huy NY.pdf,2015-09-16 17:00:00
77,2848,C36,CTCP Quản lý và Xây dựng Công trình Giao thông 236,3,OTC,UPCOM,https://finance.vietstock.vn/C36-ctcp-quan-ly-va-xay-dung-cong-trinh-giao-thong-236.htm,1123500,Hàng hóa công nghiệp,"C36: Ngày 07/01/2022, ngày hủy ĐKGD cổ phiếu của CTCP Quản lý và Xây dựng công trình giao thông 236",http://static2.vietstock.vn/vietstock/2021/12/16/1.C36_2021.12.16_fd666db_3655tb_20211215_1.PDF,2022-01-05 17:00:00
78,3000,C71,CTCP 471,3,OTC,UPCOM,https://finance.vietstock.vn/C71-ctcp-471.htm,7000000,Hàng hóa công nghiệp,"C71: Ngày 23/11/2021, ngày hủy ĐKGD cổ phiếu của CTCP 471",http://static2.vietstock.vn/vietstock/2021/10/30/1.C71_2021.10.30_ed47e51_3230tb_20211028_1.PDF,2021-11-21 17:00:00
79,1028,C92,CTCP Xây dựng và Đầu tư 492,5,UPCOM,HNX,https://finance.vietstock.vn/C92-ctcp-xay-dung-va-dau-tu-492.htm,5312920,Hàng hóa công nghiệp,"C92: Ngày 18/07/2022, ngày hủy niêm yết cổ phiếu của CTCP Xây dựng và Đầu tư 492",https://static2.vietstock.vn/vietstock/2022/7/6/1_c92_2022_7_6_f1ec3a1_c92__huy.jpg,2022-07-14 17:00:00
80,4665,CAB,CTCP Tổng Công ty Truyền hình Cáp Việt Nam,3,OTC,UPCOM,https://finance.vietstock.vn/CAB-ctcp-tong-cong-ty-truyen-hinh-cap-viet-nam.htm,45745876,Truyền thông và giải trí,"CAB: Ngày 31/12/2024, ngày hủy ĐKGD cổ phiếu của CTCP Tổng Công ty truyền hình cáp Việt Nam",https://static2.vietstock.vn/vietstock/2024/12/13/1_cab_2024_12_13_04d24e0_5259tb_0001.pdf,2024-12-29 17:00:00
81,1454,CAD,CTCP Chế biến và Xuất nhập khẩu Thủy sản Cadovimex,5,UPCOM,HOSE,https://finance.vietstock.vn/CAD-ctcp-che-bien-va-xuat-nhap-khau-thuy-san-cadovimex.htm,8799927,"Thực phẩm, đồ uống và thuốc lá",CAD bị hủy niêm yết bắt buộc từ ngày 04/06,,2012-05-31 17:00:00
82,4178,CAM,CTCP Môi trường đô thị Cà Mau,3,OTC,UPCOM,https://finance.vietstock.vn/CAM-ctcp-moi-truong-do-thi-ca-mau.htm,1310700,Dịch vụ thương mại và chuyên nghiệp,"CAM: Ngày 28/01/2022, ngày hủy ĐKGD cổ phiếu của Công ty cổ phần Môi trường đô thị Cà Mau",http://static2.vietstock.vn/vietstock/2022/1/7/1.CAM_2022.1.7_54118b1_CAM.jpg,2022-01-26 17:00:00
83,48,CAN,CTCP Đồ hộp Hạ Long,2,HNX,HOSE,https://finance.vietstock.vn/CAN-ctcp-do-hop-ha-long.htm,5000000,"Thực phẩm, đồ uống và thuốc lá",CAN: Hủy niêm yết cổ phiếu,,2009-05-31 17:00:00
84,4902,CAR,CTCP Tập đoàn Giáo dục Trí Việt,2,HNX,UPCOM,https://finance.vietstock.vn/CAR-ctcp-tap-doan-giao-duc-tri-viet.htm,5059098,Dịch vụ tiêu dùng,"CAR: Ngày 14/10/2024, ngày hủy ĐKGD cổ phiếu của CTCP Tập đoàn Giáo dục Trí Việt",https://static2.vietstock.vn/vietstock/2024/10/3/1_car_2024_10_3_16b27d1_tb_huy_car.pdf,2024-10-10 17:00:00
85,1283,CAV,CTCP Dây Cáp điện Việt Nam,3,OTC,HOSE,https://finance.vietstock.vn/CAV-ctcp-day-cap-dien-viet-nam.htm,57600000,Hàng hóa công nghiệp,CAV: Quyết định hủy niêm yết cổ phiếu,https://static2.vietstock.vn/vietstock/2024/6/18/20240618_20240617___cav___qd_huy_ny_cp.pdf,2024-07-16 17:00:00
86,4417,CBC,CTCP Chè Bàu Cạn,3,OTC,UPCOM,https://finance.vietstock.vn/CBC-ctcp-che-bau-can.htm,11882400,"Thực phẩm, đồ uống và thuốc lá","CBC: Ngày 29/04/2021, ngày hủy ĐKGD cổ phiếu của CTCP Chè Bàu Cạn",http://static2.vietstock.vn/vietstock/2021/4/9/1.CBC_2021.4.9_67d4ec8_1256tb_20210409_1.pdf,2021-04-27 17:00:00
87,2253,CC4,CTCP Đầu tư và Xây dựng Số 4,3,OTC,UPCOM,https://finance.vietstock.vn/CC4-ctcp-dau-tu-va-xay-dung-so-4.htm,64000000,Hàng hóa công nghiệp,"CC4: Ngày 13/06/2025, ngày hủy ĐKGD cổ phiếu của CTCP Đầu tư và Xây dựng số 4",https://static2.vietstock.vn/vietstock/2025/5/26/1_cc4_2025_5_26_6f65107_558qd_0001.pdf,2025-06-11 17:00:00
88,5693,CCC,CTCP Xây dựng CDC,1,HOSE,UPCOM,https://finance.vietstock.vn/CCC-ctcp-xay-dung-cdc.htm,40250000,Hàng hóa công nghiệp,"CCC: Ngày 11/04/2025, ngày hủy ĐKGD cổ phiếu của CTCP Xây dựng CDC",https://static2.vietstock.vn/vietstock/2025/3/28/2_ccc_2025_3_28_804f345_1288tb_0001.pdf,2025-04-09 17:00:00
89,2112,CCH,CTCP Tư vấn và Đầu tư Xây dựng CCIC Hà Nội,3,OTC,UPCOM,https://finance.vietstock.vn/CCH-ctcp-tu-van-va-dau-tu-xay-dung-ccic-ha-noi.htm,1000000,Dịch vụ thương mại và chuyên nghiệp,"CCH: Ngày 01/07/2021, ngày hủy ĐKGD cổ phiếu của CTCP Tư vấn và Đầu tư Xây dựng CCIC Hà Nội",https://static2.vietstock.vn/vietstock/2021/6/11/1.CCH_2021.6.11_6ebc328_2048tb_20210608_1.PDF,2021-06-29 17:00:00
90,1312,CCM,CTCP khoáng sản và Xi măng Cần Thơ,5,UPCOM,HNX,https://finance.vietstock.vn/CCM-ctcp-khoang-san-va-xi-mang-can-tho.htm,6199900,Nguyên vật liệu,"CCM: Ngày 29/06/2018, ngày hủy niêm yết cổ phiếu của Công ty cổ phần Khoáng sản và Xi măng Cần Thơ",http://static2.vietstock.vn/vietstock/2018/6/21/1.CCM_2018.6.21_085ddc6_642tb_20180621_1.PDF,2018-06-27 17:00:00
91,3999,CCR,CTCP Cảng Cam Ranh,2,HNX,UPCOM,https://finance.vietstock.vn/CCR-ctcp-cang-cam-ranh.htm,24501817,Vận tải,"CCR: Ngày 10/11/2021, ngày hủy ĐKGD cổ phiếu của CTCP Cảng Cam Ranh",http://static2.vietstock.vn/vietstock/2021/11/4/1.CCR_2021.11.4_814a2de_3286tb_20211102_1.PDF,2021-11-08 17:00:00
92,4324,CDH,CTCP Công trình Công cộng và Dịch vụ Du lịch Hải Phòng,3,OTC,UPCOM,https://finance.vietstock.vn/CDH-ctcp-cong-trinh-cong-cong-va-dich-vu-du-lich-hai-phong.htm,2000000,Dịch vụ thương mại và chuyên nghiệp,"CDH: Ngày 17/11/2025, ngày hủy ĐKGD cổ phiếu của CTCP Công trình công cộng và Dịch vụ Du lịch Hải Phòng",https://static2.vietstock.vn/vietstock/2025/10/29/1_cdh_2025_10_29_7acefc3_cdh_tb.pdf,2025-11-13 17:00:00
93,3777,CDN,CTCP Cảng Đà Nẵng,2,HNX,UPCOM,https://finance.vietstock.vn/CDN-ctcp-cang-da-nang.htm,66000000,Vận tải,"CDN: Ngày 25/11/2016, ngày hủy ĐKGD cổ phiếu của Công ty Cổ phần Cảng Đà Nẵng",http://hnx.vn/web/guest/tin-upcom?p_auth=t6T1UiMO&p_p_id=ThongTinCongBo_WAR_ThongTinCongBoportlet_INSTANCE_T0Pq&p_p_lifecycle=1&p_p_state=exclusive&p_p_mode=view&_ThongTinCongBo_WAR_ThongTinCongBoportlet_INSTANCE_T0Pq_anchor=viewAction&_ThongTinCongBo_WAR_ThongTinCongBoportlet_INSTANCE_T0Pq_cmd=dlAction&_ThongTinCongBo_WAR_ThongTinCongBoportlet_INSTANCE_T0Pq_dl_link=%2Fcims%2F2016_11_W4%2F000000006304339_1204_tb_2016_11_21_0817_1.PDF&_ThongTinCongBo_WAR_ThongTinCongBoportlet_INSTANCE_T0Pq_dl_name=CDN_2016.11.21_65b9aac_1204_tb_2016_11_21_0817_1.PDF,2016-11-23 17:00:00
94,3982,CDO,CTCP Tư vấn Thiết kế và Phát triển Đô thị,5,UPCOM,HOSE,https://finance.vietstock.vn/CDO-ctcp-tu-van-thiet-ke-va-phat-trien-do-thi.htm,31504975,Hàng hóa công nghiệp,CDO: Quyết định hủy niêm yết cổ phiếu,http://static2.vietstock.vn/vietstock/2018/7/26/20180726_20180726 - CDO - Quyet dinh huy niem yet.pdf,2018-05-31 17:00:00
95,3010,CE1,CTCP Xây dựng và Thiết bị Công nghiệp CIE1,3,OTC,UPCOM,https://finance.vietstock.vn/CE1-ctcp-xay-dung-va-thiet-bi-cong-nghiep-cie1.htm,6000000,Hàng hóa công nghiệp,"CE1: Ngày 04/03/2025, ngày hủy ĐKGD cổ phiếu của CTCP Xây dựng và Thiết bị Công nghiệp CIE1",https://static2.vietstock.vn/vietstock/2025/2/7/1_ce1_2025_2_7_b6978e7_ce1_tb_huy.pdf,2025-03-02 17:00:00
96,3099,CEC,CTCP Thiết kế Công Nghiệp Hóa chất,3,OTC,UPCOM,https://finance.vietstock.vn/CEC-ctcp-thiet-ke-cong-nghiep-hoa-chat.htm,5977036,Dịch vụ thương mại và chuyên nghiệp,"CEC: Ngày 19/05/2021, ngày hủy ĐKGD cổ phiếu của CTCP Thiết kế Công nghiệp Hóa chất",http://static2.vietstock.vn/vietstock/2021/4/28/1.CEC_2021.4.28_160475e_1454tb_20210428_1.PDF,2021-05-17 17:00:00
97,4468,CEE,CTCP Xây dựng Hạ tầng CII,3,OTC,HOSE,https://finance.vietstock.vn/CEE-ctcp-xay-dung-ha-tang-cii.htm,41500000,Hàng hóa công nghiệp,CEE: Quyết định hủy niêm yết cổ phiếu,https://static2.vietstock.vn/vietstock/2022/6/24/20220624_20220623___cee___qd_424_ve_huy_niem_yet_cp_cee.pdf,2022-07-20 17:00:00
98,2005,CEG,CTCP Tập đoàn Xây dựng và Thiết bị Công nghiệp,3,OTC,UPCOM,https://finance.vietstock.vn/CEG-ctcp-tap-doan-xay-dung-va-thiet-bi-cong-nghiep.htm,3800000,Hàng hóa công nghiệp,"CEG: Ngày 20/03/2025, ngày hủy ĐKGD cổ phiếu của CTCP Tập đoàn Xây dựng và Thiết bị Công nghiệp",https://static2.vietstock.vn/vietstock/2025/2/24/1_ceg_2025_2_24_ff96346_ceg_tb_huy.pdf,2025-03-18 17:00:00
99,4580,CER,CTCP Địa chính và Tài nguyên Môi trường,3,OTC,UPCOM,https://finance.vietstock.vn/CER-ctcp-dia-chinh-va-tai-nguyen-moi-truong.htm,1335000,Dịch vụ thương mại và chuyên nghiệp,"CER: Ngày 14/06/2019, ngày hủy ĐKGD cổ phiếu của CTCP Địa chính và Tài nguyên Môi trường",https://owa.hnx.vn/ftp///cims/2019/5_W4/000000008495496_528tb_20190517_1.PDF,2019-06-12 17:00:00
100,1779,CFC,CTCP Cafico Việt Nam,3,OTC,UPCOM,https://finance.vietstock.vn/CFC-ctcp-cafico-viet-nam.htm,2234280,"Thực phẩm, đồ uống và thuốc lá","CFC: Ngày 23/11/2021, ngày hủy ĐKGD cổ phiếu của Công ty cổ phần Cafico Việt Nam",http://static2.vietstock.vn/vietstock/2021/10/30/1.CFC_2021.10.30_d041d3e_3231tb_20211028_1.PDF,2021-11-21 17:00:00
101,1731,CGL,CTCP Thương mại Gia Lai,3,OTC,UPCOM,https://finance.vietstock.vn/CGL-ctcp-thuong-mai-gia-lai.htm,1880000,Thương mại hàng không thiết yếu,"CGL: Ngày 15/07/2022, ngày hủy ĐKGD cổ phiếu của CTCP Thương mại Gia Lai",https://static2.vietstock.vn/vietstock/2022/6/28/1_cgl_2022_6_28_285b475_2125tb_20220623_1.PDF,2022-07-13 17:00:00
102,1547,CGP,CTCP Dược phẩm Cần Giờ,4,Khác,UPCOM,https://finance.vietstock.vn/CGP-ctcp-duoc-pham-can-gio.htm,10735708,"Dược phẩm, công nghệ sinh học và khoa học sự sống","CGP: Ngày 15/08/2019, ngày hủy ĐKGD cổ phiếu của CTCP Dược phẩm Cần Giờ",https://owa.hnx.vn/ftp///cims/2019/7_W4/000000008645108_CGP_huy.jpg,2019-08-13 17:00:00
103,2123,CHP,CTCP Thủy điện Miền Trung,1,HOSE,HNX,https://finance.vietstock.vn/CHP-ctcp-thuy-dien-mien-trung.htm,125999511,Tiện ích,"CHP: Ngày 23/09/2016, ngày hủy niêm yết cổ phiếu của CTCP Thủy điện miền Trung",http://static2.vietstock.vn/vietstock/2016/9/20/CHP_2016.9.20_808b67f_CHP_TB_huy.jpg,2016-09-21 17:00:00
104,898,CIC,CTCP Đầu tư và Xây dựng Cotec,3,OTC,HNX,https://finance.vietstock.vn/CIC-ctcp-dau-tu-va-xay-dung-cotec.htm,4635062,Hàng hóa công nghiệp,CIC: Thông báo hủy niêm yết cổ phiếu của CTCP Đầu tư và Xây dựng Cotec,,2013-09-19 17:00:00
105,899,CID,CTCP Xây dựng và Phát triển Cơ sở Hạ tầng,5,UPCOM,HNX,https://finance.vietstock.vn/CID-ctcp-xay-dung-va-phat-trien-co-so-ha-tang.htm,1082000,Hàng hóa công nghiệp,"CID: Ngày 29/04/2016, ngày hủy niêm yết cổ phiếu của CTCP Xây dựng và Phát triển Cơ sở hạ tầng",http://static2.vietstock.vn/vietstock/2016/3/31/CID_2016.3.31_c971b0a_12910844_10208756327566785_2092961563_n.jpg,2016-04-27 17:00:00
106,2861,CKH,CTCP Cơ khí Chế Tạo Hải Phòng,3,OTC,UPCOM,https://finance.vietstock.vn/CKH-ctcp-co-khi-che-tao-hai-phong.htm,1037626,Hàng hóa công nghiệp,"CKH: Ngày 12/05/2021, ngày hủy ĐKGD cổ phiếu của CTCP Cơ khí chế tạo Hải Phòng",http://static2.vietstock.vn/vietstock/2021/4/20/1.CKH_2021.4.20_894a88f_1378tb_20210420_1.PDF,2021-05-10 17:00:00
107,2252,CLG,CTCP Đầu tư và Phát triển Nhà đất COTEC,3,OTC,HOSE,https://finance.vietstock.vn/CLG-ctcp-dau-tu-va-phat-trien-nha-dat-cotec.htm,21150000,Hàng hóa công nghiệp,CLG: Thông báo về việc hủy niêm yết đối với cổ phiếu,http://static2.vietstock.vn/vietstock/2021/4/13/20210413_20210412 - CLG - TB vv Huy niem yet co phieu.pdf,2020-12-21 17:00:00
108,2949,CLP,CTCP Thủy sản Cửu Long,3,OTC,HOSE,https://finance.vietstock.vn/CLP-ctcp-thuy-san-cuu-long.htm,8000000,"Thực phẩm, đồ uống và thuốc lá",CLP: Quyết định hủy niêm yết cổ phiếu,,2014-05-13 17:00:00
109,1860,CMI,CTCP CMISTONE Việt Nam,5,UPCOM,HNX,https://finance.vietstock.vn/CMI-ctcp-cmistone-viet-nam.htm,15002500,Nguyên vật liệu,"CMI: Ngày 06/06/2019, ngày hủy niêm yết cổ phiếu của CTCP CMISTONE Việt Nam",http://static2.vietstock.vn/vietstock/2019/5/8/1.CMI_2019.5.8_b4a571b_476tb_20190508_1.PDF,2019-06-04 17:00:00
110,1897,CMT,CTCP Công nghệ Mạng và Truyền thông,5,UPCOM,HOSE,https://finance.vietstock.vn/CMT-ctcp-cong-nghe-mang-va-truyen-thong.htm,8000000,Phần mềm và dịch vụ,CMT: Quyết định hủy niêm yết cổ phiếu CMT,http://static2.vietstock.vn/vietstock/2019/3/19/20190319_20190319 - CMT - QD huy NY.pdf,2019-04-16 17:00:00
111,3780,CNH,CTCP Cảng Nha Trang,3,OTC,UPCOM,https://finance.vietstock.vn/CNH-ctcp-cang-nha-trang.htm,24539049,Vận tải,"CNH: Ngày 14/07/2020, ngày hủy ĐKGD cổ phiếu của CTCP Cảng Nha Trang",https://owa.hnx.vn/ftp///cims/2020/7_W2/000000009578399_615tb_20200707_1.PDF,2020-07-12 17:00:00
112,1227,CNT,CTCP Tập đoàn CNT,5,UPCOM,HOSE,https://finance.vietstock.vn/CNT-ctcp-tap-doan-cnt.htm,10015069,Bất động sản,CNT: Quyết định hủy niêm yết cổ phiếu,,2014-05-13 17:00:00
113,4106,CPW,CTCP Công trình Giao thông Công chánh,3,OTC,UPCOM,https://finance.vietstock.vn/CPW-ctcp-cong-trinh-giao-thong-cong-chanh.htm,26875000,Hàng hóa công nghiệp,"CPW: Ngày 09/07/2021, ngày hủy ĐKGD cổ phiếu của CTCP Công trình Giao thông Công chánh",http://static2.vietstock.vn/vietstock/2021/6/16/1.CPW_2021.6.16_9008ba4_2124tb_20210616_1.pdf,2021-07-07 17:00:00
114,1137,CSG,CTCP Cáp Sài Gòn,4,Khác,HOSE,https://finance.vietstock.vn/CSG-ctcp-cap-sai-gon.htm,29742020,Dịch vụ viễn thông,CSG: Thông báo và quyết định hủy niêm yết,,2012-10-02 17:00:00
115,4861,CST,CTCP Than Cao Sơn - TKV,2,HNX,UPCOM,https://finance.vietstock.vn/CST-ctcp-than-cao-son-tkv.htm,42846773,Năng lượng,"CST: Ngày 24/01/2025, ngày hủy ĐKGD cổ phiếu của CTCP Than Cao Sơn - TKV",https://static2.vietstock.vn/vietstock/2025/1/17/1_cst_2025_1_17_4693311_cst_tb_huy.pdf,2025-01-22 17:00:00
116,4789,CT5,CTCP 319.5,3,OTC,UPCOM,https://finance.vietstock.vn/CT5-ctcp-319-5.htm,4400000,Hàng hóa công nghiệp,"CT5: Ngày 04/04/2022, ngày hủy ĐKGD cổ phiếu của CTCP 319.5",https://static2.vietstock.vn/vietstock/2022/3/23/1_ct5_2022_3_23_158f3e5_ct5.pdf,2022-03-31 17:00:00
117,2100,CT6,CTCP Công trình 6,5,UPCOM,HNX,https://finance.vietstock.vn/CT6-ctcp-cong-trinh-6.htm,6108078,Hàng hóa công nghiệp,"CT6: Ngày 07/05/2020, ngày hủy niêm yết cổ phiếu của CTCP Công trình 6",http://static2.vietstock.vn/vietstock/2020/4/13/1.CT6_2020.4.13_17d1664_311tb_20200413_1.PDF,2020-05-05 17:00:00
118,2643,CTA,CTCP Vinavico,3,OTC,HNX,https://finance.vietstock.vn/CTA-ctcp-vinavico.htm,8454381,Nguyên vật liệu,"CTA: Ngày 13/12/2019, ngày hủy niêm yết cổ phiếu của CTCP Vinavico",https://owa.hnx.vn/ftp///cims/2019/11_W4/000000008883404_1349tb_20191115_1.PDF,2019-12-11 17:00:00
119,1213,CTC,CTCP Tập đoàn Hoàng Kim Tây Nguyên,3,OTC,HNX,https://finance.vietstock.vn/CTC-ctcp-tap-doan-hoang-kim-tay-nguyen.htm,15799926,Dịch vụ tiêu dùng,"CTC: Ngày 14/01/2025, Thông báo hủy niêm yết bắt buộc của CTCP Tập đoàn Hoàng Kim Tây Nguyên",https://static2.vietstock.vn/vietstock/2025/1/7/1_ctc_2025_1_7_509e2c9_49tb.pdf,2025-01-12 17:00:00
120,1529,CTM,CTCP Đầu tư Xây dựng và Khai thác mỏ Vinavico,3,OTC,HNX,https://finance.vietstock.vn/CTM-ctcp-dau-tu-xay-dung-va-khai-thac-mo-vinavico.htm,4399996,Hàng hóa công nghiệp,"CTM: Ngày 12/06/2015, ngày hủy niêm yết cổ phiếu của CTCP Đầu tư xây dựng và khai thác mỏ Vinavico",http://static2.vietstock.vn/vietstock/2015/5/19/CTM_2015.5.19_dc6bbad_CTM_TBhuy.JPG,2015-06-10 17:00:00
121,903,CTN,CTCP Xây dựng Công trình ngầm,3,OTC,HNX,https://finance.vietstock.vn/CTN-ctcp-xay-dung-cong-trinh-ngam.htm,6958345,Hàng hóa công nghiệp,"CTN: Ngày 19/05/2016, ngày hủy niêm yết cổ phiếu của CTCP Xây dựng công trình ngầm",http://static2.vietstock.vn/vietstock/2016/4/21/CTN_2016.4.21_25f3fb2_CTN.jpg,2016-05-17 17:00:00
122,2931,CTR,Tổng Công ty cổ phần Công trình Viettel,1,HOSE,UPCOM,https://finance.vietstock.vn/CTR-tong-cong-ty-co-phan-cong-trinh-viettel.htm,92923873,Dịch vụ viễn thông,"CTR: Ngày 15/02/2022, ngày hủy ĐKGD cổ phiếu của Tổng Công ty cổ phần Công trình Viettel",https://static2.vietstock.vn/vietstock/2022/1/19/1.CTR_2022.1.19_acb69f8_89tb_20220117_1.PDF,2022-02-13 17:00:00
123,1405,CTS,CTCP Chứng khoán VietinBank,1,HOSE,HNX,https://finance.vietstock.vn/CTS-ctcp-chung-khoan-vietinbank.htm,90423757,Dịch vụ tài chính,"CTS: Ngày 15/06/2017, ngày hủy niêm yết cổ phiếu của Công ty Cổ phần Chứng khoán Ngân hàng Công thương Việt Nam",http://static2.vietstock.vn/vietstock/2017/6/12/CTS_2017.6.12_f867700_738_tb_2017_06_12_1715_1.PDF,2017-06-13 17:00:00
124,2946,CTV,CTCP Đầu tư - Sản xuất và Thương mại Việt Nam,3,OTC,HNX,https://finance.vietstock.vn/CTV-ctcp-dau-tu-san-xuat-va-thuong-mai-viet-nam.htm,2000000,Thương mại hàng không thiết yếu,CTV: Thông báo hủy niêm yết cổ phiếu của CTCP Đầu tư - Sản xuất và Thương mại Việt Nam,HTTP://STATIC2.VIETSTOCK.VN/VIETSTOCK/2013/12/17/CTV_2013.12.17_4B6A047_TB HUY.DOC,2013-12-18 17:00:00
125,2271,CTX,Tổng Công ty cổ phần Đầu tư Xây dựng và Thương mại Việt Nam,5,UPCOM,HNX,https://finance.vietstock.vn/CTX-tong-cong-ty-co-phan-dau-tu-xay-dung-va-thuong-mai-viet-nam.htm,78907276,Bất động sản,"CTX: Ngày 12/12/2023, ngày hủy niêm yết cổ phiếu của Tổng công ty cổ phần Đầu tư xây dựng và Thương mại Việt Nam",https://static2.vietstock.vn/vietstock/2023/12/1/1_ctx_2023_12_1_2a34d4e_5088tb_0001.pdf,2023-12-10 17:00:00
126,2250,CVC,CTCP Cơ điện Vật tư,3,OTC,UPCOM,https://finance.vietstock.vn/CVC-ctcp-co-dien-vat-tu.htm,2200000,Hàng hóa công nghiệp,"CVC: Ngày 22/07/2020, ngày hủy ĐKGD cổ phiếu của CTCP Cơ điện Vật tư",https://owa.hnx.vn/ftp///cims/2020/6_W5/000000009546364_594tb_20200630_1.PDF,2020-07-20 17:00:00
127,4513,CVH,"CTCP Công viên, Cây xanh Hải Phòng",3,OTC,UPCOM,https://finance.vietstock.vn/CVH-ctcp-cong-vien-cay-xanh-hai-phong.htm,1280000,Dịch vụ thương mại và chuyên nghiệp,"CVH: Ngày 09/06/2021, ngày hủy ĐKGD cổ phiếu của CTCP Công viên, Cây xanh Hải Phòng",http://static2.vietstock.vn/vietstock/2021/5/14/1.CVH_2021.5.14_ad6a88c_1660tb_20210514_1.PDF,2021-06-07 17:00:00
128,2618,CVN,CTCP Vinam,5,UPCOM,HNX,https://finance.vietstock.vn/CVN-ctcp-vinam.htm,29699991,"Thực phẩm, đồ uống và thuốc lá","CVN: Ngày 30/05/2025, Về việc hủy bỏ niêm yết bắt buộc cổ phiếu CVN của Công ty cổ phần Vinam",https://static2.vietstock.vn/vietstock/2025/5/20/1_cvn_2025_5_20_af58dcd_2116tb_0001_2__cvn.pdf,2025-05-28 17:00:00
129,4897,CVP,CTCP Cảng Cửa Việt,3,OTC,UPCOM,https://finance.vietstock.vn/CVP-ctcp-cang-cua-viet.htm,3425980,Vận tải,"CVP: Ngày 05/07/2023, ngày hủy ĐKGD cổ phiếu của CTCP Cảng Cửa Việt",https://static2.vietstock.vn/vietstock/2023/6/13/1_cvp_2023_6_13_0f965bd_2096tb_0001.pdf,2023-07-03 17:00:00
130,1854,CVT,CTCP CMC,1,HOSE,HNX,https://finance.vietstock.vn/CVT-ctcp-cmc.htm,28223903,Nguyên vật liệu,"CVT: Ngày 29/09/2017, ngày hủy niêm yết cổ phiếu của CTCP CMC",https://owa.hnx.vn/ftp///cims/2017/9_W5/000000006993175_22068966_1574856585915390_1708329735_o.jpg,2017-09-27 17:00:00
131,4262,CXH,CTCP Xe khách Hà Nội,3,OTC,UPCOM,https://finance.vietstock.vn/CXH-ctcp-xe-khach-ha-noi.htm,1885306,Vận tải,"CXH: Ngày 24/11/2021, ngày hủy ĐKGD cổ phiếu của Công ty Cổ phần Xe Khách Hà Nội",https://static2.vietstock.vn/vietstock/2021/10/29/1.CXH_2021.10.29_380ba52_3253tb_20211029_1.PDF,2021-11-22 17:00:00
132,767,CYC,CTCP Gạch men Chang Yih,5,UPCOM,HOSE,https://finance.vietstock.vn/CYC-ctcp-gach-men-chang-yih.htm,1990530,Nguyên vật liệu,CYC: Quyết định hủy niêm yết cổ phiếu,http://static2.vietstock.vn/vietstock/2017/4/11/20170411_20170411 - CYC - Quyet dinh huy niem yet.pdf,2017-05-09 17:00:00
133,2726,CZC,CTCP Than Miền Trung,3,OTC,UPCOM,https://finance.vietstock.vn/CZC-ctcp-than-mien-trung.htm,5602590,Năng lượng,"CZC: Ngày 03/05/2019, ngày hủy ĐKGD cổ phiếu của CTCP Than Miền Trung",https://owa.hnx.vn/ftp///cims/2019/4_W4/000000008418713_440tb_20190425_1.pdf,2019-05-01 17:00:00
134,5598,D17,CTCP Đồng Tân,3,OTC,UPCOM,https://finance.vietstock.vn/D17-ctcp-dong-tan.htm,5259700,Nguyên vật liệu,"D17: Ngày 24/01/2025, ngày hủy ĐKGD cổ phiếu của CTCP Đồng Tân",https://static2.vietstock.vn/vietstock/2025/1/14/1_d17_2025_1_14_2f283f1_huy_d17.pdf,2025-01-22 17:00:00
135,1710,D26,CTCP Quản lý và Xây dựng Đường bộ 26,3,OTC,UPCOM,https://finance.vietstock.vn/D26-ctcp-quan-ly-va-xay-dung-duong-bo-26.htm,1000000,Hàng hóa công nghiệp,"D26: Ngày 20/09/2017, ngày hủy ĐKGD cổ phiếu của CTCP Quản lý và Xây dựng Đường bộ 26",https://owa.hnx.vn/ftp///cims/2017/8_W4/000000006942779_1103_tb_2017_08_22_1143_1.PDF,2017-09-18 17:00:00
136,904,DAC,CTCP 382 Đông Anh,5,UPCOM,HNX,https://finance.vietstock.vn/DAC-ctcp-382-dong-anh.htm,1004974,Nguyên vật liệu,"DAC: Ngày 01/04/2016, ngày hủy niêm yết cổ phiếu của CTCP Viglacera Đông Anh",http://static2.vietstock.vn/vietstock/2016/3/5/DAC_2016.3.4_1fa65bb_DAC.jpg,2016-03-30 17:00:00
137,1838,DAG,CTCP Tập đoàn Nhựa Đông Á,5,UPCOM,HOSE,https://finance.vietstock.vn/DAG-ctcp-tap-doan-nhua-dong-a.htm,60314112,Hàng hóa công nghiệp,DAG: Quyết định hủy niêm yết cổ phiếu,https://static2.vietstock.vn/vietstock/2024/10/16/20241016_20241015___dag___quyet_dinh_huy_niem_yet_chung_khoan_1.pdf,2024-08-13 17:00:00
138,2540,DAP,CTCP Đông Á,3,OTC,UPCOM,https://finance.vietstock.vn/DAP-ctcp-dong-a.htm,1680000,Nguyên vật liệu,"DAP: Ngày 28/01/2022, ngày hủy ĐKGD cổ phiếu của CTCP Đông Á",https://static2.vietstock.vn/vietstock/2022/1/11/1.DAP_2022.1.11_5fce22b_42TB_20220111_1.PDF,2022-01-26 17:00:00
139,4194,DAR,CTCP Xe lửa Dĩ An,3,OTC,UPCOM,https://finance.vietstock.vn/DAR-ctcp-xe-lua-di-an.htm,6500000,Dịch vụ thương mại và chuyên nghiệp,"DAR: Ngày 05/07/2022, ngày hủy ĐKGD cổ phiếu của CTCP Xe lửa Dĩ An",https://static2.vietstock.vn/vietstock/2022/6/15/1_dar_2022_6_15_a059753_2044tb_0001.pdf,2022-07-03 17:00:00
140,1131,DBC,CTCP Tập đoàn Dabaco Việt Nam,1,HOSE,HNX,https://finance.vietstock.vn/DBC-ctcp-tap-doan-dabaco-viet-nam.htm,91099828,"Thực phẩm, đồ uống và thuốc lá","DBC: Ngày 18/07/2019, ngày hủy niêm yết cổ phiếu của CTCP Tập đoàn DABACO Việt Nam",http://static2.vietstock.vn/vietstock/2019/7/15/1.DBC_2019.7.15_60a5584_778tb_20190715_1.PDF,2019-07-16 17:00:00
141,2696,DBD,CTCP Dược - Trang thiết bị Y tế Bình Định (Bidiphar),1,HOSE,UPCOM,https://finance.vietstock.vn/DBD-ctcp-duoc-trang-thiet-bi-y-te-binh-dinh-bidiphar.htm,52379000,"Dược phẩm, công nghệ sinh học và khoa học sự sống","DBD: Ngày 08/06/2018, ngày hủy ĐKGD cổ phiếu của CTCP Dược - Trang thiết bị Y tế Bình Định",https://owa.hnx.vn/ftp///cims/2018/6_W2/000000007607339_570tb_20180604_1.PDF,2018-06-06 17:00:00
142,4313,DBH,CTCP Đường bộ Hải Phòng,3,OTC,UPCOM,https://finance.vietstock.vn/DBH-ctcp-duong-bo-hai-phong.htm,2200000,Hàng hóa công nghiệp,"DBH: Ngày 08/07/2022, ngày hủy ĐKGD cổ phiếu của CTCP Đường bộ Hải Phòng",https://static2.vietstock.vn/vietstock/2022/6/17/1_dbh_2022_6_17_41e87d9_2065tb_0001.pdf,2022-07-06 17:00:00
143,1851,DBT,CTCP Dược phẩm Bến Tre,1,HOSE,HNX,https://finance.vietstock.vn/DBT-ctcp-duoc-pham-ben-tre.htm,13528814,"Dược phẩm, công nghệ sinh học và khoa học sự sống","DBT: Ngày 20/10/2020, ngày hủy niêm yết cổ phiếu của CTCP Dược phẩm Bến Tre",http://static2.vietstock.vn/vietstock/2020/9/3/1.DBT_2020.9.3_ef3ab43_DBTHuy_NY.pdf,2020-10-18 17:00:00
144,4109,DBW,CTCP Cấp nước Điện Biên,3,OTC,UPCOM,https://finance.vietstock.vn/DBW-ctcp-cap-nuoc-dien-bien.htm,39320100,Tiện ích,"DBW: Ngày 27/12/2022, ngày hủy ĐKGD cổ phiếu của CTCP Cấp nước Điện Biên",https://static2.vietstock.vn/vietstock/2022/11/29/1_dbw_2022_11_29_1aa799a_3350tb_0001.pdf,2022-12-25 17:00:00
145,1432,DC4,CTCP DICERA Holdings,1,HOSE,HNX,https://finance.vietstock.vn/DC4-ctcp-dicera-holdings.htm,30000000,Hàng hóa công nghiệp,"DC4: Ngày 12/10/2020, ngày hủy niêm yết cổ phiếu của CTCP Xây dựng DIC Holdings",http://static2.vietstock.vn/vietstock/2020/10/2/1.DC4_2020.10.2_94d768c_CamScanner_10022020_15.14.07.pdf,2020-10-08 17:00:00
146,2176,DCD,CTCP Du lịch và Thương mại DIC,4,Khác,UPCOM,https://finance.vietstock.vn/DCD-ctcp-du-lich-va-thuong-mai-dic.htm,11294323,Dịch vụ tiêu dùng,"DCD: Ngày 15/06/2020, ngày hủy ĐKGD cổ phiếu của CTCP Du lịch & Thương mại DIC",https://owa.hnx.vn/ftp///cims/2020/6_W1/000000009472024_510tb_20200604_1.PDF,2020-06-11 17:00:00
147,2471,DCI,CTCP Công nghiệp Hóa chất Đà Nẵng,3,OTC,UPCOM,https://finance.vietstock.vn/DCI-ctcp-cong-nghiep-hoa-chat-da-nang.htm,2412518,Nguyên vật liệu,"DCI: Ngày 23/07/2021, ngày hủy ĐKGD cổ phiếu của CTCP Công nghiệp Hóa chất Đà Nẵng",http://static2.vietstock.vn/vietstock/2021/7/1/1.DCI_2021.7.1_a41069f_2215tb_20210701_1.pdf,2021-07-21 17:00:00
148,1032,DCS,CTCP Tập đoàn EDX,5,UPCOM,HNX,https://finance.vietstock.vn/DCS-ctcp-tap-doan-edx.htm,60310988,Nguyên vật liệu,"DCS: Ngày 24/05/2019, ngày hủy niêm yết cổ phiếu của CTCP Tập Đoàn Đại Châu",http://static2.vietstock.vn/vietstock/2019/5/3/1.DCS_2019.5.3_e73d20a_456tb_20190502_1.PDF,2019-05-22 17:00:00
149,781,DCT,CTCP Tấm lợp Vật liệu Xây dựng Đồng Nai,5,UPCOM,HOSE,https://finance.vietstock.vn/DCT-ctcp-tam-lop-vat-lieu-xay-dung-dong-nai.htm,27223647,Nguyên vật liệu,DCT: Hủy niêm yết,,2015-05-06 17:00:00
150,4675,DDG,CTCP Đầu tư Công nghiệp Xuất nhập khẩu Đông Dương,5,UPCOM,HNX,https://finance.vietstock.vn/DDG-ctcp-dau-tu-cong-nghiep-xuat-nhap-khau-dong-duong.htm,79839886,Tiện ích,"DDG: Ngày 15/05/2026, Hủy bỏ niêm yết bắt buộc cổ phiếu DDG của Công ty cổ phần Đầu tư Công nghiệp Xuất nhập khẩu Đông Dương",https://static2.vietstock.vn/vietstock/2026/6/2/1_ddg_2026_6_2_4bf1a82_camscanner_1626_14_18.pdf,2026-06-22 17:00:00
151,1212,DDM,CTCP Hàng Hải Đông Đô,5,UPCOM,HOSE,https://finance.vietstock.vn/DDM-ctcp-hang-hai-dong-do.htm,12244495,Vận tải,DDM: Quyết định hủy niêm yết cổ phiếu   ,,2013-04-08 17:00:00
152,4185,DFS,CTCP Chế biến Xuất nhập khẩu Nông sản Thực phẩm Đồng Nai,3,OTC,UPCOM,https://finance.vietstock.vn/DFS-ctcp-che-bien-xuat-nhap-khau-nong-san-thuc-pham-dong-nai.htm,22500000,"Thực phẩm, đồ uống và thuốc lá","DFS: Ngày 24/09/2020, ngày hủy ĐKGD cổ phiếu của CTCP Chế biến Xuất nhập khẩu Nông sản Thực phẩm Đồng Nai",https://owa.hnx.vn/ftp///cims/2020/8_W5/000000009748249_881tb_20200827_1.PDF,2020-09-22 17:00:00
153,2374,DGC,CTCP Tập đoàn Hóa chất Đức Giang,1,HOSE,HNX,https://finance.vietstock.vn/DGC-ctcp-tap-doan-hoa-chat-duc-giang.htm,129363616,Nguyên vật liệu,"DGC: Ngày 20/07/2020, ngày hủy niêm yết cổ phiếu của CTCP Tập đoàn Hóa chất Đức Giang",http://static2.vietstock.vn/vietstock/2020/7/13/1.DGC_2020.7.13_64e0990_DGC_TB_huy.jpg,2020-07-16 17:00:00
154,3354,DGL,CTCP Hóa chất Đức Giang - Lào Cai,4,Khác,HNX,https://finance.vietstock.vn/DGL-ctcp-hoa-chat-duc-giang-lao-cai.htm,99785463,Nguyên vật liệu,"DGL: Ngày 05/09/2018, ngày hủy niêm yết cổ phiếu của CTCP Hóa chất Đức Giang - Lào Cai",http://static2.vietstock.vn/vietstock/2018/8/28/1.DGL_2018.8.28_21c6a39_DGL_984tb_20180828_1.PDF,2018-09-03 17:00:00
155,906,DHI,CTCP In Diên Hồng,4,Khác,HNX,https://finance.vietstock.vn/DHI-ctcp-in-dien-hong.htm,2628042,Dịch vụ thương mại và chuyên nghiệp,DHI: Quyết định hủy niêm yết và thông báo ngày hủy cổ phiếu DHI,HTTP://STATIC2.VIETSTOCK.VN/VIETSTOCK/2013/3/2013/9/30/DHI_2013.9.27_4EDF7FA_DHI.RAR,2013-10-23 17:00:00
156,2925,DHL,CTCP Cơ khí Vận tải Thương mại Đại Hưng,4,Khác,HNX,https://finance.vietstock.vn/DHL-ctcp-co-khi-van-tai-thuong-mai-dai-hung.htm,5500000,Nguyên vật liệu,DHL: Quyết định và Thông báo hủy niêm yết cổ phiếu ,HTTP://STATIC2.VIETSTOCK.VN/VIETSTOCK/2013/3/2013/9/12/DHL_2013.9.12_22DA85E_TB HUY DHL.DOC,2013-09-19 17:00:00
157,787,DIC,CTCP Đầu tư và Thương mại DIC,5,UPCOM,HOSE,https://finance.vietstock.vn/DIC-ctcp-dau-tu-va-thuong-mai-dic.htm,26585840,Nguyên vật liệu,DIC: Quyết định hủy niêm yết cổ phiếu DIC,http://static2.vietstock.vn/vietstock/2020/7/10/20200710_20200710 - DIC - QUYET DINH VV HUY NIEM YET CP.pdf,2020-08-06 17:00:00
158,1982,DID,CTCP DIC - Đồng Tiến,5,UPCOM,HNX,https://finance.vietstock.vn/DID-ctcp-dic-dong-tien.htm,8000000,Nguyên vật liệu,"DID: Ngày 27/05/2020, ngày hủy niêm yết cổ phiếu của CTCP DIC - Đồng Tiến",http://static2.vietstock.vn/vietstock/2020/5/4/1.DID_2020.5.4_3317f09_381tb_20200429_1.PDF,2020-05-25 17:00:00
159,4797,DKH,Trung tâm Đăng kiểm phương tiện Giao thông Thủy bộ,3,OTC,UPCOM,https://finance.vietstock.vn/DKH-trung-tam-dang-kiem-phuong-tien-giao-thong-thuy-bo.htm,212036,Dịch vụ thương mại và chuyên nghiệp,"DKH: Ngày 04/04/2022, ngày hủy ĐKGD cổ phiếu của Trung tâm Đăng kiểm phương tiện Giao thông Thủy bộ",https://static2.vietstock.vn/vietstock/2022/3/23/1_dkh_2022_3_23_4567503_dkh.PDF,2022-03-31 17:00:00
160,4707,DKP,CTCP Dược Khoa,3,OTC,UPCOM,https://finance.vietstock.vn/DKP-ctcp-duoc-khoa.htm,3003910,"Dược phẩm, công nghệ sinh học và khoa học sự sống","DKP: Ngày 30/06/2020, ngày hủy ĐKGD cổ phiếu của CTCP Dược khoa",https://owa.hnx.vn/ftp///cims/2020/6_W1/000000009464399_500tb_20200602_1.PDF,2020-06-28 17:00:00
161,5711,DKW,CTCP Cấp nước sinh hoạt Châu Thành,3,OTC,UPCOM,https://finance.vietstock.vn/DKW-ctcp-cap-nuoc-sinh-hoat-chau-thanh.htm,4378120,Tiện ích,"DKW: Ngày 03/02/2026, ngày hủy ĐKGD cổ phiếu của CTCP Cấp nước sinh hoạt Châu Thành",https://static2.vietstock.vn/vietstock/2026/1/12/1_dkw_2026_1_10_4483d60_dkw.pdf,2026-02-01 17:00:00
162,2149,DLC,CTCP Du lịch Cần Thơ,3,OTC,UPCOM,https://finance.vietstock.vn/DLC-ctcp-du-lich-can-tho.htm,4780080,Dịch vụ tiêu dùng,,,2016-11-09 17:00:00
163,4927,DLM,CTCP Chiếu sáng công cộng Đà Nẵng,3,OTC,UPCOM,https://finance.vietstock.vn/DLM-ctcp-chieu-sang-cong-cong-da-nang.htm,1160250,Hàng hóa công nghiệp,"DLM: Ngày 23/02/2024, ngày hủy ĐKGD cổ phiếu của CTCP Chiếu sáng công cộng Đà Nẵng",https://static2.vietstock.vn/vietstock/2024/2/5/1_dlm_2024_2_5_103a53f_53qd_0001.pdf,2024-02-21 17:00:00
164,2133,DLR,CTCP Địa ốc Đà Lạt,5,UPCOM,HNX,https://finance.vietstock.vn/DLR-ctcp-dia-oc-da-lat.htm,4500000,Hàng hóa công nghiệp,"DLR: Ngày 24/05/2019, ngày hủy niêm yết cổ phiếu của Công ty Cổ phần Địa ốc Đà Lạt",http://static2.vietstock.vn/vietstock/2019/5/3/1.DLR_2019.5.3_d4faf5a_455tb_20190502_1.PDF,2019-05-22 17:00:00
165,3353,DMS,CTCP Hóa phẩm Dầu khí DMC - Miền Nam,3,OTC,UPCOM,https://finance.vietstock.vn/DMS-ctcp-hoa-pham-dau-khi-dmc-mien-nam.htm,4000000,Nguyên vật liệu,"DMS: Ngày 22/05/2026, ngày hủy ĐKGD cổ phiếu của CTCP Hóa phẩm Dầu khí DMC - Miền Nam",https://static2.vietstock.vn/vietstock/2026/5/5/1_dms_2026_5_4_a0a8285_tb_dms.pdf,2026-05-20 17:00:00
166,4743,DNB,CTCP Sách và Thiết bị trường học tỉnh Đắk Nông,3,OTC,UPCOM,https://finance.vietstock.vn/DNB-ctcp-sach-va-thiet-bi-truong-hoc-tinh-dak-nong.htm,1447554,Thương mại hàng không thiết yếu,"DNB: Ngày 04/04/2022, ngày hủy ĐKGD cổ phiếu của CTCP Sách và Thiết bị trường học Đắk Nông",https://static2.vietstock.vn/vietstock/2022/3/23/1_dnb_2022_3_23_3bac11c_dnb.PDF,2022-03-31 17:00:00
167,2159,DNM,Tổng Công ty cổ phần Y tế DANAMECO,5,UPCOM,HNX,https://finance.vietstock.vn/DNM-tong-cong-ty-co-phan-y-te-danameco.htm,5253070,Thiết bị và dịch vụ chăm sóc sức khỏe,"DNM: Ngày 24/07/2023, ngày hủy niêm yết cổ phiếu của TỔNG CÔNG TY CỔ PHẦN Y TẾ DANAMECO",https://static2.vietstock.vn/vietstock/2023/7/5/1_dnm_2023_7_5_f500fad_2229tb_0001.pdf,2023-07-20 17:00:00
168,4300,DNR,CTCP Đường sắt Quảng Nam - Đà Nẵng,3,OTC,UPCOM,https://finance.vietstock.vn/DNR-ctcp-duong-sat-quang-nam-da-nang.htm,1577500,Vận tải,"DNR: Ngày 20/07/2021, ngày hủy ĐKGD cổ phiếu của CTCP Đường Sắt Quảng Nam - Đà Nẵng",http://static2.vietstock.vn/vietstock/2021/6/28/1.DNR_2021.6.28_1901172_2176tb_20210628_1.pdf,2021-07-18 17:00:00
169,2537,DNS,CTCP Thép Đà Nẵng,3,OTC,UPCOM,https://finance.vietstock.vn/DNS-ctcp-thep-da-nang.htm,21600000,Nguyên vật liệu,"DNS: Ngày 13/07/2021, ngày hủy ĐKGD cổ phiếu của CTCP Thép Đà Nẵng",http://static2.vietstock.vn/vietstock/2021/6/22/1.DNS_2021.6.22_3401c27_2154tb_20210618_1.PDF,2021-07-11 17:00:00
170,2546,DNY,CTCP Thép DANA - Ý,3,OTC,HNX,https://finance.vietstock.vn/DNY-ctcp-thep-dana-y.htm,26999517,Nguyên vật liệu,"DNY: Ngày 05/06/2020, ngày hủy niêm yết cổ phiếu của CTCP Thép Dana-Ý",http://static2.vietstock.vn/vietstock/2020/5/8/1.DNY_2020.5.8_966a6f1_402tb_20200507_1.PDF,2020-06-03 17:00:00
171,45,DPC,CTCP Nhựa Đà Nẵng,5,UPCOM,HNX,https://finance.vietstock.vn/DPC-ctcp-nhua-da-nang.htm,2237280,Nguyên vật liệu,"DPC: Ngày 14/05/2024, Thông báo hủy niêm yết cổ phiếu của Công ty Cổ phần Nhựa Đà Nẵng",https://static2.vietstock.vn/vietstock/2024/4/17/1_dpc_2024_4_17_42077c4_1911tb_0001.pdf,2024-05-12 17:00:00
172,4854,DPD,CTCP Cao su Đồng Phú - Đắk Nông,4,Khác,UPCOM,https://finance.vietstock.vn/DPD-ctcp-cao-su-dong-phu-dak-nong.htm,12000000,Nguyên vật liệu,"DPD: Ngày 23/02/2023, ngày hủy ĐKGD cổ phiếu của CTCP Cao su Đồng Phú - ĐắK Nông",https://static2.vietstock.vn/vietstock/2023/2/10/1_dpd_2023_2_10_7fedd9a_dpd_thong_bao_huy.jpg,2023-02-21 17:00:00
173,2364,DPG,CTCP Tập đoàn Đạt Phương,1,HOSE,UPCOM,https://finance.vietstock.vn/DPG-ctcp-tap-doan-dat-phuong.htm,29999962,Hàng hóa công nghiệp,"DPG: Ngày 16/05/2018, ngày hủy ĐKGD cổ phiếu của CTCP Đạt Phương",https://owa.hnx.vn/ftp///cims/2018/5_W2/000000007552940_459tb_20180510_1.PDF,2018-05-14 17:00:00
174,4019,DPS,CTCP Đầu tư Phát triển Sóc Sơn,3,OTC,HNX,https://finance.vietstock.vn/DPS-ctcp-dau-tu-phat-trien-soc-son.htm,31085257,Thương mại hàng không thiết yếu,"DPS: Ngày 24/06/2021, ngày hủy niêm yết cổ phiếu của CTCP Đầu tư Phát triển Sóc Sơn",http://static2.vietstock.vn/vietstock/2021/6/2/1.DPS_2021.6.1_383f96a_DPS_1918tb_20210531_1.PDF,2021-06-22 17:00:00
175,1328,DSC,CTCP Chứng khoán DSC,1,HOSE,UPCOM,https://finance.vietstock.vn/DSC-ctcp-chung-khoan-dsc.htm,204838925,Dịch vụ tài chính,"DSC: Ngày 15/10/2024, ngày hủy ĐKGD cổ phiếu của CÔNG TY CỔ PHẦN CHỨNG KHOÁN DSC",https://static2.vietstock.vn/vietstock/2024/10/11/2_dsc_2024_10_10_dafe479_1098qd_20241010_1.PDF,2024-10-13 17:00:00
176,4492,DSS,CTCP Đường sắt Sài Gòn,3,OTC,UPCOM,https://finance.vietstock.vn/DSS-ctcp-duong-sat-sai-gon.htm,2045000,Vận tải,"DSS: Ngày 11/06/2021, ngày hủy ĐKGD cổ phiếu của CTCP Đường sắt Sài Gòn",http://static2.vietstock.vn/vietstock/2021/5/20/1.DSS_2021.5.20_7d13379_1707tb_20210520_1.pdf,2021-06-09 17:00:00
177,4408,DSV,CTCP Đường sắt Vĩnh Phú,3,OTC,UPCOM,https://finance.vietstock.vn/DSV-ctcp-duong-sat-vinh-phu.htm,1229579,Vận tải,"DSV: Ngày 14/06/2024, ngày hủy ĐKGD cổ phiếu của CTCP Đường sắt Vĩnh Phú",https://static2.vietstock.vn/vietstock/2024/5/24/2_dsv_2024_5_24_cd22009_506qd_0001.pdf,2024-06-12 17:00:00
178,4302,DT4,CTCP Quản Lý Đường Sông Số 4,3,OTC,UPCOM,https://finance.vietstock.vn/DT4-ctcp-quan-ly-duong-song-so-4.htm,1160000,Năng lượng,"DT4: Ngày 08/07/2022, ngày hủy ĐKGD cổ phiếu của CTCP Quản lý đường sông số 4",https://static2.vietstock.vn/vietstock/2022/6/17/1_dt4_2022_6_17_e2037d5_2064tb_0001.pdf,2022-07-06 17:00:00
179,4751,DTB,CTCP Công trình Đô thị Bảo Lộc,3,OTC,UPCOM,https://finance.vietstock.vn/DTB-ctcp-cong-trinh-do-thi-bao-loc.htm,1558248,Dịch vụ thương mại và chuyên nghiệp,"DTB: Ngày 06/08/2025, ngày hủy ĐKGD cổ phiếu của CTCP Công trình Đô thị Bảo Lộc",https://static2.vietstock.vn/vietstock/2025/7/16/1_dtb_2025_7_15_91a6290_3195tb_0001.pdf,2025-08-04 17:00:00
180,907,DTC,CTCP Viglacera Đông Triều,5,UPCOM,HNX,https://finance.vietstock.vn/DTC-ctcp-viglacera-dong-trieu.htm,4000000,Nguyên vật liệu,DTC: Hủy niêm yết cổ phiếu DTC của CTCP Viglacera Đông Triều,,2013-03-20 17:00:00
181,4850,DTE,CTCP Đầu tư Năng lượng Đại Trường Thành Holdings,3,OTC,UPCOM,https://finance.vietstock.vn/DTE-ctcp-dau-tu-nang-luong-dai-truong-thanh-holdings.htm,50725887,Tiện ích,"DTE: Ngày 03/06/2026, ngày hủy ĐKGD cổ phiếu của CTCP Đầu tư Năng Lượng Đại Trường Thành Holdings",https://static2.vietstock.vn/vietstock/2026/6/2/2_dte_2026_6_2_e448a22_721qd_0001.pdf,2026-06-01 17:00:00
182,2116,DTG,CTCP Dược phẩm Tipharco,2,HNX,UPCOM,https://finance.vietstock.vn/DTG-ctcp-duoc-pham-tipharco.htm,6315928,"Dược phẩm, công nghệ sinh học và khoa học sự sống","DTG: Ngày 03/07/2023, ngày hủy ĐKGD cổ phiếu của CTCP Dược phẩm Tipharco",https://static2.vietstock.vn/vietstock/2023/6/26/1_dtg_2023_6_26_2aea754_2183tb_20230623_1.PDF,2023-06-29 17:00:00
183,4018,DTK,Tổng Công ty Điện lực TKV - CTCP,2,HNX,UPCOM,https://finance.vietstock.vn/DTK-tong-cong-ty-dien-luc-tkv-ctcp.htm,680000000,Tiện ích,"DTK: Ngày 17/12/2020, ngày hủy ĐKGD cổ phiếu của Tổng công ty Điện lực TKV - CTCP",https://owa.hnx.vn/ftp///cims/2020/12_W1/000000009921327_1315tb_20201201_1.PDF,2020-12-15 17:00:00
184,2243,DTN,CTCP Diêm Thống Nhất,3,OTC,UPCOM,https://finance.vietstock.vn/DTN-ctcp-diem-thong-nhat.htm,2200000,Sản phẩm chăm sóc cá nhân và gia đình,"DTN: Ngày 21/10/2020, ngày hủy ĐKGD cổ phiếu của CTCP Diêm Thống nhất",https://owa.hnx.vn/ftp///cims/2020/9_W5/000000009800404_1008tb_20200928_1.PDF,2020-10-19 17:00:00
185,2538,DTV,CTCP Phát triển Điện Trà Vinh,3,OTC,UPCOM,https://finance.vietstock.vn/DTV-ctcp-phat-trien-dien-tra-vinh.htm,5280000,Tiện ích,"DTV: Ngày 09/07/2024, ngày hủy ĐKGD cổ phiếu của CTCP Phát triển điện Trà Vinh",https://static2.vietstock.vn/vietstock/2024/6/18/1_dtv_2024_6_18_451d65f_2906tb_0001.pdf,2024-07-07 17:00:00
186,1888,DVD,CTCP Dược phẩm Viễn Đông,4,Khác,HOSE,https://finance.vietstock.vn/DVD-ctcp-duoc-pham-vien-dong.htm,11910000,"Dược phẩm, công nghệ sinh học và khoa học sự sống",DVD: Quyết định hủy niêm yết cổ phiếu ,,2011-08-31 17:00:00
187,4851,DVG,CTCP Đại Việt Group DVG,5,UPCOM,HNX,https://finance.vietstock.vn/DVG-ctcp-dai-viet-group-dvg.htm,28000000,Nguyên vật liệu,"DVG: Ngày 26/08/2024, Thông báo hủy niêm yết cổ phiếu của CTCP Đại Việt Group DVG",https://static2.vietstock.vn/vietstock/2024/8/2/1_dvg_2024_8_2_7458210_3552tb_0001.pdf,2024-08-22 17:00:00
188,2678,DVH,CTCP Chế tạo Máy điện Việt Nam - Hungari,4,Khác,UPCOM,https://finance.vietstock.vn/DVH-ctcp-che-tao-may-dien-viet-nam-hungari.htm,11000000,Dịch vụ thương mại và chuyên nghiệp,"DVH: Ngày 13/03/2019, ngày hủy ĐKGD cổ phiếu của CTCP Chế tạo máy điện Việt Nam - Hungari",https://owa.hnx.vn/ftp///cims/2019/3_W1/000000008155274_193tb_20190301_1.PDF,2019-03-11 17:00:00
189,4693,DX2,CTCP Đầu tư và Xây dựng 319.2,3,OTC,UPCOM,https://finance.vietstock.vn/DX2-ctcp-dau-tu-va-xay-dung-319-2.htm,4950000,Hàng hóa công nghiệp,"DX2: Ngày 04/04/2022, ngày hủy ĐKGD cổ phiếu của CTCP Đầu tư và Xây dựng 319.2",https://static2.vietstock.vn/vietstock/2022/3/23/1_dx2_2022_3_23_5ce9101_dx2.PDF,2022-03-31 17:00:00
190,4800,DXD,CTCP Đầu tư và Phát triển Xây lắp Đông Anh,3,OTC,UPCOM,https://finance.vietstock.vn/DXD-ctcp-dau-tu-va-phat-trien-xay-lap-dong-anh.htm,1019700,Hàng hóa công nghiệp,"DXD: Ngày 25/01/2022, ngày hủy ĐKGD cổ phiếu của Công ty cổ phần Đầu tư và phát triển xây lắp Đông Anh",http://static2.vietstock.vn/vietstock/2021/12/31/1.DXD_2021.12.31_6953331_3769tb_20211230_1.PDF,2022-01-23 17:00:00
191,1763,DZM,CTCP Cơ điện Dzĩ An,3,OTC,HNX,https://finance.vietstock.vn/DZM-ctcp-co-dien-dzi-an.htm,5395985,Hàng hóa công nghiệp,"DZM: Ngày 31/01/2024, Thông báo hủy bỏ niêm yết bắt buộc cổ phiếu của CTCP Cơ điện Dzĩ An",https://owa.hnx.vn/ftp///cims/2024/1_W4/000000013289278_DZM230.pdf,2024-01-29 17:00:00
192,3712,EAD,CTCP Thủy điện Điện lực Đắk Lắk,3,OTC,UPCOM,https://finance.vietstock.vn/EAD-ctcp-thuy-dien-dien-luc-dak-lak.htm,2877800,Tiện ích,"EAD: Ngày 21/06/2022, ngày hủy ĐKGD cổ phiếu của CTCP Thủy điện Điện lực Đắk Lắk",https://static2.vietstock.vn/vietstock/2022/6/1/1_ead_2022_6_1_9795bb3_1903tb_0001.pdf,2022-06-19 17:00:00
193,4764,EBA,CTCP Điện Bắc Nà,3,OTC,HNX,https://finance.vietstock.vn/EBA-ctcp-dien-bac-na.htm,15500000,Tiện ích,"EBA: Ngày 01/09/2021, ngày hủy niêm yết cổ phiếu của CTCP Điện Bắc Nà",https://static2.vietstock.vn/vietstock/2021/8/9/1.EBA_2021.8.9_504f3d5_2573tb_20210809_1.PDF,2021-08-30 17:00:00
194,1829,EFI,CTCP Đầu tư Tài chính Giáo dục,5,UPCOM,HNX,https://finance.vietstock.vn/EFI-ctcp-dau-tu-tai-chinh-giao-duc.htm,2545700,Dịch vụ thương mại và chuyên nghiệp,"EFI: Ngày 17/01/2017, ngày hủy niêm yết cổ phiếu của CTCP Đầu tư tài chính Giáo dục",http://static2.vietstock.vn/vietstock/2017/1/16/EFI_2017.1.16_74d75d2_EFI.jpg,2017-01-15 17:00:00
195,2028,EMC,CTCP Cơ điện Thủ Đức,3,OTC,HOSE,https://finance.vietstock.vn/EMC-ctcp-co-dien-thu-duc.htm,15297333,Hàng hóa công nghiệp,EMC: Thông báo về việc hủy niêm yết cổ phiếu,https://static2.vietstock.vn/vietstock/2023/6/14/20230614_20230614___emc___tb_vv_huy_niem_yet_bat_buoc.pdf,2023-07-12 17:00:00
196,4705,EPC,CTCP Cà phê Ea Pốk,3,OTC,UPCOM,https://finance.vietstock.vn/EPC-ctcp-ca-phe-ea-pok.htm,9388500,"Thực phẩm, đồ uống và thuốc lá","EPC: Ngày 24/10/2025, ngày hủy ĐKGD cổ phiếu của CTCP Cà phê Ea Pốk",https://static2.vietstock.vn/vietstock/2025/10/7/2_epc_2025_10_6_cedda9f_epc_4383tb_0001.pdf,2025-10-22 17:00:00
197,3126,EPH,CTCP Dịch vụ Xuất bản Giáo dục Hà Nội,3,OTC,UPCOM,https://finance.vietstock.vn/EPH-ctcp-dich-vu-xuat-ban-giao-duc-ha-noi.htm,2500000,Truyền thông và giải trí,"EPH: Ngày 27/05/2025, ngày hủy ĐKGD cổ phiếu của CTCP Dịch vụ Xuất bản Giáo dục Hà Nội",https://static2.vietstock.vn/vietstock/2025/5/9/1_eph_2025_5_9_428ead3_1966tb_0001.pdf,2025-05-25 17:00:00
198,2445,EVF,Công ty Tài chính Tổng hợp Cổ phần Điện lực,1,HOSE,UPCOM,https://finance.vietstock.vn/EVF-cong-ty-tai-chinh-tong-hop-co-phan-dien-luc.htm,304707628,Tổ chức tín dụng,"EVF: Ngày 30/12/2021, ngày hủy ĐKGD cổ phiếu của Công ty Tài chính Cổ phần Điện Lực",http://static2.vietstock.vn/vietstock/2021/12/27/1.EVF_2021.12.27_aad9bd3_3748.jpg,2021-12-28 17:00:00
199,1349,EVS,CTCP Chứng khoán EVS,2,HNX,UPCOM,https://finance.vietstock.vn/EVS-ctcp-chung-khoan-evs.htm,60000400,Dịch vụ tài chính,"EVS: Ngày 14/06/2019, ngày hủy ĐKGD cổ phiếu của Công ty cổ phần Chứng khoán Everest",https://owa.hnx.vn/ftp///cims/2019/6_W2/000000008534846_600tb_20190604_1.PDF,2019-06-12 17:00:00
200,1744,FBA,CTCP Tập đoàn Quốc tế FBA,3,OTC,UPCOM,https://finance.vietstock.vn/FBA-ctcp-tap-doan-quoc-te-fba.htm,3414900,Thương mại hàng không thiết yếu,"FBA: Ngày 06/03/2026, ngày hủy ĐKGD cổ phiếu của CTCP Tập đoàn Quốc Tế FBA",https://static2.vietstock.vn/vietstock/2026/2/27/1_fba_2026_2_27_4b24f7f_tb_fba.pdf,2026-03-04 17:00:00
201,2356,FDG,CTCP Docimexco,3,OTC,HOSE,https://finance.vietstock.vn/FDG-ctcp-docimexco.htm,13200000,Nguyên vật liệu,FDG: Quyết định hủy niêm yết cổ phiếu ,,2014-05-13 17:00:00
202,1758,FDT,CTCP FIDITOUR,3,OTC,HNX,https://finance.vietstock.vn/FDT-ctcp-fiditour.htm,3054500,Dịch vụ tiêu dùng,"FDT: Ngày 16/06/2020, ngày hủy niêm yết cổ phiếu của CTCP Fiditour",http://static2.vietstock.vn/vietstock/2020/6/9/1.FDT_2020.6.8_eb1acf1_520tb_20200608_1.PDF,2020-06-14 17:00:00
203,3564,FIT,CTCP Tập đoàn F.I.T,1,HOSE,HNX,https://finance.vietstock.vn/FIT-ctcp-tap-doan-f-i-t.htm,179212477,"Dược phẩm, công nghệ sinh học và khoa học sự sống","FIT: Ngày 13/08/2015, ngày hủy niêm yết cổ phiếu của CTCP Đầu tư F.I.T",http://static2.vietstock.vn/vietstock/2015/8/10/FIT_2015.8.10_0114f9b_FIT_huy.JPG,2015-08-11 17:00:00
204,2652,FLC,CTCP Tập đoàn FLC,3,OTC,HNX,https://finance.vietstock.vn/FLC-ctcp-tap-doan-flc.htm,77180000,Nguyên vật liệu,FLC: Quyết định hủy niêm yết cổ phiếu của CTCP Tập đoàn FLC,HTTP://STATIC2.VIETSTOCK.VN/VIETSTOCK/2013/7/24/7_2013TB HUY.DOC,2013-07-28 17:00:00
205,4050,FTM,CTCP Đầu tư và Phát triển Đức Quân,5,UPCOM,HOSE,https://finance.vietstock.vn/FTM-ctcp-dau-tu-va-phat-trien-duc-quan.htm,50000000,Thời trang và hàng lâu bền,FTM: Quyết định hủy niêm yết cổ phiếu,https://static2.vietstock.vn/vietstock/2022/4/18/20220418_20220415___ftm___qd_huy_niem_yet_bat_buoc.pdf,2022-05-12 17:00:00
206,4429,FUCTVGF1,Quỹ đầu tư Tăng trưởng TVAM,4,Khác,HOSE,https://finance.vietstock.vn/FUCTVGF1-quy-dau-tu-tang-truong-tvam.htm,15000000,Dịch vụ tài chính,FUCTVGF1: Quyết định về việc hủy niêm yết đối với chứng chỉ quỹ,http://static2.vietstock.vn/vietstock/2021/4/15/20210415_20210415 - FUCTVGF1 - QD huy NY CCQ.pdf,2021-05-03 17:00:00
207,4703,FUCTVGF2,Quỹ Đầu tư Tăng trưởng Thiên Việt 2,4,Khác,HOSE,https://finance.vietstock.vn/FUCTVGF2-quy-dau-tu-tang-truong-thien-viet-2.htm,17000000,Dịch vụ tài chính,FUCTVGF2: Quyết định hủy niêm yết chứng chỉ quỹ,https://static2.vietstock.vn/vietstock/2022/2/23/20220223_20220223___fuctvgf2___qd_huy_ny_ccq.pdf,2022-02-24 17:00:00
208,3987,G20,CTCP Đầu tư Dệt may Vĩnh Phúc,5,UPCOM,UPCOM,https://finance.vietstock.vn/G20-ctcp-dau-tu-det-may-vinh-phuc.htm,9600000,Thời trang và hàng lâu bền,"G20: Ngày 27/08/2015, ngày hủy ĐKGD cổ phiếu của CTCP Đầu tư Dệt may G.Home",http://hnx.vn/web/guest/tin-upcom?p_auth=L19KsDnk&p_p_id=ThongTinCongBo_WAR_ThongTinCongBoportlet_INSTANCE_T0Pq&p_p_lifecycle=1&p_p_state=exclusive&p_p_mode=view&_ThongTinCongBo_WAR_ThongTinCongBoportlet_INSTANCE_T0Pq_anchor=viewAction&_ThongTinCongBo_WAR_ThongTinCongBoportlet_INSTANCE_T0Pq_cmd=dlAction&_ThongTinCongBo_WAR_ThongTinCongBoportlet_INSTANCE_T0Pq_dl_link=%2Fcims%2F2015_8_W4%2F000000005621401_G20_TBHuy.jpg&_ThongTinCongBo_WAR_ThongTinCongBoportlet_INSTANCE_T0Pq_dl_name=G20_2015.8.20_d1ad628_G20_TBHuy.jpg,2015-08-24 17:00:00
209,4749,GAB,CTCP Đầu tư Khai Khoáng và Quản lý Tài sản FLC,3,OTC,HOSE,https://finance.vietstock.vn/GAB-ctcp-dau-tu-khai-khoang-va-quan-ly-tai-san-flc.htm,14903987,Nguyên vật liệu,GAB: Thông báo về việc hủy niêm yết cổ phiếu,https://static2.vietstock.vn/vietstock/2023/6/30/20230630_20230630___gab___tb_1135_huy_ny_co_phieu.pdf,2023-02-23 17:00:00
210,1226,GBS,CTCP Chứng khoán Golden Bridge Việt Nam,3,OTC,HNX,https://finance.vietstock.vn/GBS-ctcp-chung-khoan-golden-bridge-viet-nam.htm,13500000,Dịch vụ tài chính,GBS: Thông báo hủy niêm yết cổ phiếu,HTTP://STATIC2.VIETSTOCK.VN/VIETSTOCK/2013/3/2013/9/24/GBS_2013.9.24_9A19B7A_GBS-TB HUY NY.DOC,2013-10-21 17:00:00
211,1240,GDW,CTCP Cấp nước Gia Định,2,HNX,UPCOM,https://finance.vietstock.vn/GDW-ctcp-cap-nuoc-gia-dinh.htm,9500000,Tiện ích,"GDW: Ngày 07/12/2018, ngày hủy ĐKGD cổ phiếu của CTCP Cấp nước Gia Định",https://owa.hnx.vn/ftp///cims/2018/12_W2/000000007986358_1385tb_20181121_1.PDF,2018-12-05 17:00:00
212,4804,GE2,Tổng Công ty Phát điện 2 - CTCP,3,OTC,UPCOM,https://finance.vietstock.vn/GE2-tong-cong-ty-phat-dien-2-ctcp.htm,262500,Tiện ích,"GE2: Ngày 29/12/2022, ngày hủy ĐKGD cổ phiếu của Tổng công ty Phát điện 2 - Công ty cổ phần",https://static2.vietstock.vn/vietstock/2022/12/2/1_ge2_2022_12_2_69befc2_3381tb_0001.pdf,2022-12-27 17:00:00
213,4896,GEE,CTCP Điện lực Gelex,1,HOSE,UPCOM,https://finance.vietstock.vn/GEE-ctcp-dien-luc-gelex.htm,300000000,Hàng hóa công nghiệp,"GEE: Ngày 19/07/2024, ngày hủy ĐKGD cổ phiếu của CTCP Điện lực Gelex",https://static2.vietstock.vn/vietstock/2024/7/11/1_gee_2024_7_11_61bea9d_806qd_0001.pdf,2024-07-17 17:00:00
214,3025,GEG,CTCP Điện Gia Lai,1,HOSE,UPCOM,https://finance.vietstock.vn/GEG-ctcp-dien-gia-lai.htm,203891677,Tiện ích,"Ngày 11/09/2019, ngày hủy ĐKGD cổ phiếu của CTCP Điện Gia Lai",https://owa.hnx.vn/ftp///cims/2019/9_W1/000000008755741_1048tb_20190830_1.PDF,2019-09-09 17:00:00
215,3086,GEX,CTCP Tập đoàn GELEX,1,HOSE,UPCOM,https://finance.vietstock.vn/GEX-ctcp-tap-doan-gelex.htm,266800000,Hàng hóa công nghiệp,"GEX: Ngày 15/01/2018, ngày hủy ĐKGD cổ phiếu của Tổng CTCP Thiết bị điện Việt Nam",https://owa.hnx.vn/ftp///cims/2018/1_W2/000000007158207_29_tb_2018_01_09_1657_1.PDF,2018-01-11 17:00:00
216,2654,GFC,CTCP Sản xuất Thương mại Dịch vụ GFC,3,OTC,HNX,https://finance.vietstock.vn/GFC-ctcp-san-xuat-thuong-mai-dich-vu-gfc.htm,8480000,Thương mại hàng không thiết yếu,GFC: Quyết định hủy niêm yết cổ phiếu của CTCP Thủy sản Gentraco,HTTP://STATIC2.VIETSTOCK.VN/VIETSTOCK/2013/7/15/GFC_2013.7.15_3C1F5B6_TB HUY.DOC,2013-07-17 17:00:00
217,1844,GGG,CTCP Ô tô Giải Phóng,5,UPCOM,HNX,https://finance.vietstock.vn/GGG-ctcp-o-to-giai-phong.htm,9635456,Xe và linh kiện,"GGG: Ngày 23/05/2014, ngày hủy niêm yết cổ phiếu của CTCP Ô tô Giải Phóng",http://static2.vietstock.vn/vietstock/2014/4/26/GGG_2014.4.26_ebae7f0_GGG_TB ngay huy NY.final.doc,2014-05-21 17:00:00
218,4130,GGS,CTCP Giống gia súc Hà Nội,3,OTC,UPCOM,https://finance.vietstock.vn/GGS-ctcp-giong-gia-suc-ha-noi.htm,11010000,"Thực phẩm, đồ uống và thuốc lá","GGS: Ngày 02/07/2020, ngày hủy ĐKGD cổ phiếu của Công ty Cổ phần Giống gia súc Hà Nội",https://owa.hnx.vn/ftp///cims/2020/6_W2/000000009478316_521tb_20200608_1.PDF,2020-06-30 17:00:00
219,2737,GHC,CTCP Thủy điện Gia Lai,1,HOSE,UPCOM,https://finance.vietstock.vn/GHC-ctcp-thuy-dien-gia-lai.htm,47662500,Tiện ích,"GHC: Ngày 19/01/2026, ngày hủy ĐKGD cổ phiếu của CTCP Thủy điện Gia Lai",https://static2.vietstock.vn/vietstock/2026/1/12/1_ghc_2026_1_12_42e970b_85tb_0001.pdf,2026-01-15 17:00:00
220,795,GMC,CTCP Garmex Sài Gòn,5,UPCOM,HOSE,https://finance.vietstock.vn/GMC-ctcp-garmex-sai-gon.htm,33000259,Thời trang và hàng lâu bền,GMC: Quyết định hủy niêm yết cổ phiếu,https://static2.vietstock.vn/vietstock/2024/12/31/20241231_20241230___gmc___tb_vv_huy_niem_yet_co_phieu_1.pdf,2025-01-22 17:00:00
221,4786,GQN,Trung tâm Giống Thủy sản Quảng Nam,3,OTC,UPCOM,https://finance.vietstock.vn/GQN-trung-tam-giong-thuy-san-quang-nam.htm,846000,"Thực phẩm, đồ uống và thuốc lá","GQN: Ngày 04/04/2022, ngày hủy ĐKGD cổ phiếu của Công ty cổ phần Giống Thủy sản Quảng Nam",https://static2.vietstock.vn/vietstock/2022/3/22/1_gqn_2022_3_22_ab5a6b3_gqn.PDF,2022-03-31 17:00:00
222,3891,GTC,CTCP Trà Rồng Vàng,3,OTC,UPCOM,https://finance.vietstock.vn/GTC-ctcp-tra-rong-vang.htm,1032243,"Thực phẩm, đồ uống và thuốc lá","GTC: Ngày 12/02/2020, ngày hủy ĐKGD cổ phiếu của CTCP Trà Rồng Vàng",https://owa.hnx.vn/ftp///cims/2020/1_W4/000000009005274_71tb_20200122_1.pdf,2020-02-10 17:00:00
223,1859,GTH,CTCP Xây dựng - Giao thông Thừa Thiên Huế,3,OTC,UPCOM,https://finance.vietstock.vn/GTH-ctcp-xay-dung-giao-thong-thua-thien-hue.htm,2735500,Hàng hóa công nghiệp,"GTH: Ngày 06/04/2023, ngày hủy ĐKGD cổ phiếu của CTCP Xây dựng- Giao thông Thừa Thiên Huế",https://static2.vietstock.vn/vietstock/2023/3/10/1_gth_2023_3_10_0006ace_661tb_20230309_1.PDF,2023-04-04 17:00:00
224,3979,GTK,CTCP Giầy Thụy Khê,3,OTC,UPCOM,https://finance.vietstock.vn/GTK-ctcp-giay-thuy-khe.htm,7700000,Thời trang và hàng lâu bền,"GTK: Ngày 04/04/2022, ngày hủy ĐKGD cổ phiếu của CTCP Giầy Thụy Khuê",https://static2.vietstock.vn/vietstock/2022/3/22/1_gtk_2022_3_22_59fd289_gtk.PDF,2022-03-31 17:00:00
225,3740,GTN,CTCP GTNFoods,4,Khác,HOSE,https://finance.vietstock.vn/GTN-ctcp-gtnfoods.htm,250000000,"Thực phẩm, đồ uống và thuốc lá",GTN: Quyết định về việc hủy niêm yết cổ phiếu,http://static2.vietstock.vn/vietstock/2022/2/16/20220216_20220216 - GTN - Quy?t d?nh h?y niêm y?t b?t bu?c.pdf,2022-03-06 17:00:00
226,2629,GTT,CTCP Thuận Thảo,5,UPCOM,HOSE,https://finance.vietstock.vn/GTT-ctcp-thuan-thao.htm,43503000,Dịch vụ tiêu dùng,GTT: Thông báo về việc hủy niêm yết đối với cổ phiếu GTT,http://static2.vietstock.vn/vietstock/2016/4/29/20160429_20160428 - GTT - TB huy niem yet.pdf,2016-05-26 17:00:00
227,4645,GVR,Tập đoàn Công nghiệp Cao su Việt Nam - CTCP,1,HOSE,UPCOM,https://finance.vietstock.vn/GVR-tap-doan-cong-nghiep-cao-su-viet-nam-ctcp.htm,400000000,Nguyên vật liệu,"GVR: Ngày 09/03/2020, ngày hủy ĐKGD cổ phiếu của Tập đoàn Công nghiệp Cao su Việt Nam - Công ty cổ phần",https://owa.hnx.vn/ftp///cims/2020/3_W1/000000009087238_156tb_20200303_1.PDF,2020-03-05 17:00:00
228,4628,HAB,CTCP Sách và Thiết bị Trường học Hà Nội,3,OTC,UPCOM,https://finance.vietstock.vn/HAB-ctcp-sach-va-thiet-bi-truong-hoc-ha-noi.htm,2000000,Truyền thông và giải trí,"HAB: Ngày 04/04/2022, ngày hủy ĐKGD cổ phiếu của CTCP Sách và Thiết bị trường học Hà Nội",https://static2.vietstock.vn/vietstock/2022/3/22/1_hab_2022_3_22_0aac746_hab.PDF,2022-03-31 17:00:00
229,910,HAI,CTCP Nông dược H.A.I,3,OTC,HOSE,https://finance.vietstock.vn/HAI-ctcp-nong-duoc-h-a-i.htm,182682799,Thương mại hàng không thiết yếu,HAI: Quyết định hủy niêm yết cổ phiếu,https://static2.vietstock.vn/vietstock/2023/4/12/20230412_20230411___hai___qd_huy_ny.pdf,2022-09-07 17:00:00
230,4821,HAW,Trung tâm Nước sạch và Vệ sinh môi trường nông thôn,3,OTC,UPCOM,https://finance.vietstock.vn/HAW-trung-tam-nuoc-sach-va-ve-sinh-moi-truong-nong-thon.htm,61500,Tiện ích,"HAW: Ngày 04/04/2022, ngày hủy ĐKGD cổ phiếu của Công ty cổ phần Cấp nước và Vệ sinh môi trường nông thôn Hậu Giang",https://static2.vietstock.vn/vietstock/2022/3/22/1_haw_2022_3_22_ad01ce6_haw.PDF,2022-03-31 17:00:00
231,1165,HBB,Ngân hàng TMCP Nhà Hà Nội,4,Khác,HNX,https://finance.vietstock.vn/HBB-ngan-hang-tmcp-nha-ha-noi.htm,405000000,Tổ chức tín dụng,HBB: Hủy niêm yết cổ phiếu của Ngân hàng TMCP Nhà Hà Nội,,2012-08-15 17:00:00
232,797,HBC,CTCP Tập đoàn Xây dựng Hòa Bình,5,UPCOM,HOSE,https://finance.vietstock.vn/HBC-ctcp-tap-doan-xay-dung-hoa-binh.htm,347213270,Hàng hóa công nghiệp,HBC: Quyết định về việc hủy niêm yết cổ phiếu,https://static2.vietstock.vn/vietstock/2024/8/9/20240809_20240809___hbc___qd_huy_ny_1.pdf,2024-09-04 17:00:00
233,798,HBD,CTCP Bao Bì PP Bình Dương,5,UPCOM,HNX,https://finance.vietstock.vn/HBD-ctcp-bao-bi-pp-binh-duong.htm,1535000,Nguyên vật liệu,HBD: Quyết định hủy niêm yết tự nguyện cổ phiếu CTCP Bao bì PP Bình Dương,HTTP://STATIC2.VIETSTOCK.VN/VIETSTOCK/2013/6/20/HBD_2013.6.20_D975F09_HBD_QD HUY NY.DOC,2013-06-26 17:00:00
234,1080,HBE,CTCP Sách thiết bị Trường học Hà Tĩnh,3,OTC,HNX,https://finance.vietstock.vn/HBE-ctcp-sach-thiet-bi-truong-hoc-ha-tinh.htm,2231058,Truyền thông và giải trí,"HBE: Ngày 10/08/2021, ngày hủy niêm yết cổ phiếu của CTCP Sách - Thiết bị trường học Hà Tĩnh",http://static2.vietstock.vn/vietstock/2021/7/13/1.HBE_2021.7.13_f7d078c_2314tb_20210713_1.PDF,2021-08-08 17:00:00
235,4283,HBI,CTCP HBI,3,OTC,UPCOM,https://finance.vietstock.vn/HBI-ctcp-hbi.htm,51000000,Bất động sản,"HBI: Ngày 13/11/2017, ngày hủy ĐKGD cổ phiếu của Công ty Cổ phần HBI",https://owa.hnx.vn/ftp///cims/2017/11_W2/000000007071909_1446_tb_2017_11_07_1708_1.PDF,2017-11-09 17:00:00
236,4655,HBW,CTCP Nước sạch Hòa Bình,3,OTC,UPCOM,https://finance.vietstock.vn/HBW-ctcp-nuoc-sach-hoa-binh.htm,6679289,Tiện ích,"HBW: Ngày 04/06/2021, ngày hủy ĐKGD cổ phiếu của CTCP Nước sạch Hòa Bình",http://static2.vietstock.vn/vietstock/2021/5/14/1.HBW_2021.5.14_50f388e_1641tb_20210513_1.PDF,2021-06-02 17:00:00
237,1895,HCB,CTCP Dệt may 29/3,3,OTC,UPCOM,https://finance.vietstock.vn/HCB-ctcp-det-may-29-3.htm,5199274,Thời trang và hàng lâu bền,"HCB: Ngày 26/06/2025, ngày hủy ĐKGD cổ phiếu của CTCP Dệt may 29/3",https://static2.vietstock.vn/vietstock/2025/6/4/2_hcb_2025_6_4_d6ec9c8_2464tb_0001.pdf,2025-06-24 17:00:00
238,4491,HCS,CTCP Thông tin Tín hiệu Đường sắt Hà Nội,3,OTC,UPCOM,https://finance.vietstock.vn/HCS-ctcp-thong-tin-tin-hieu-duong-sat-ha-noi.htm,2250000,Vận tải,"HCS: Ngày 18/06/2021, ngày hủy ĐKGD cổ phiếu của CTCP Thông tin Tín hiệu Đường sắt Hà Nội",http://static2.vietstock.vn/vietstock/2021/5/26/1.HCS_2021.5.26_77bd181_1855tb_20210526_1.PDF,2021-06-16 17:00:00
239,4741,HD3,CTCP Đầu tư phát triển Nhà và Đô thị MHDI3,3,OTC,UPCOM,https://finance.vietstock.vn/HD3-ctcp-dau-tu-phat-trien-nha-va-do-thi-mhdi3.htm,2000000,Hàng hóa công nghiệp,"Ngày 07/10/2019, ngày hủy ĐKGD cổ phiếu của CTCP Đầu tư Phát triển Nhà và Đô thị MHDI3",https://owa.hnx.vn/ftp///cims/2019/10_W1/000000008797667_1174tb_20191002_1.pdf,2019-10-03 17:00:00
240,1836,HDO,CTCP Hưng Đạo Container,3,OTC,HNX,https://finance.vietstock.vn/HDO-ctcp-hung-dao-container.htm,14959879,Hàng hóa công nghiệp,"HDO: Ngày 26/05/2017, ngày hủy niêm yết cổ phiếu của CTCP Hưng Đạo Container",http://static2.vietstock.vn/vietstock/2017/4/28/HDO_2017.4.28_79185f5_HDO.jpg,2017-05-24 17:00:00
241,4181,HDS,CTCP Giống cây trồng Hải Dương,3,OTC,UPCOM,https://finance.vietstock.vn/HDS-ctcp-giong-cay-trong-hai-duong.htm,5162924,"Thực phẩm, đồ uống và thuốc lá","HDS: Ngày 03/07/2025, ngày hủy ĐKGD cổ phiếu của CTCP Giống cây trồng Hải Dương",https://static2.vietstock.vn/vietstock/2025/6/10/1_hds_2025_6_10_af9acba_hds_1.pdf,2025-07-01 17:00:00
242,2911,HEM,CTCP Chế tạo Điện Cơ Hà Nội,3,OTC,UPCOM,https://finance.vietstock.vn/HEM-ctcp-che-tao-dien-co-ha-noi.htm,38704650,Hàng hóa công nghiệp,"HEM: Ngày 17/05/2024, ngày hủy ĐKGD cổ phiếu của CTCP Chế tạo Điện cơ Hà Nội",https://static2.vietstock.vn/vietstock/2024/4/26/2_hem_2024_4_26_f0a39a4_420qd_0001.pdf,2024-05-15 17:00:00
243,3883,HFS,CTCP Thương mại Dịch vụ Thời trang Hà Nội,3,OTC,UPCOM,https://finance.vietstock.vn/HFS-ctcp-thuong-mai-dich-vu-thoi-trang-ha-noi.htm,10000000,Thời trang và hàng lâu bền,"HFS: Ngày 25/08/2021, ngày hủy ĐKGD cổ phiếu của CTCP Thương mại Dịch vụ Thời trang Hà Nội",https://static2.vietstock.vn/vietstock/2021/8/3/1.HFS_2021.8.3_d538e1c_2509tb_20210802_1.PDF,2021-08-23 17:00:00
244,4790,HGA,Trung tâm Giống Nông nghiệp tỉnh Hậu Giang,3,OTC,UPCOM,https://finance.vietstock.vn/HGA-trung-tam-giong-nong-nghiep-tinh-hau-giang.htm,778181,Dịch vụ thương mại và chuyên nghiệp,"HGA: Ngày 04/04/2022, ngày hủy ĐKGD cổ phiếu của Công ty cổ phần Nông nghiệp công nghệ cao Hậu Giang",https://static2.vietstock.vn/vietstock/2022/3/22/1_hga_2022_3_22_f243a39_hga.PDF,2022-03-31 17:00:00
245,4795,HGC,Trung tâm Quy hoạch - Kiến trúc tỉnh Hậu Giang,3,OTC,UPCOM,https://finance.vietstock.vn/HGC-trung-tam-quy-hoach-kien-truc-tinh-hau-giang.htm,55000,Dịch vụ thương mại và chuyên nghiệp,"HGC: Ngày 04/04/2022, ngày hủy ĐKGD cổ phiếu của CTCP Quy hoạch Kiến trúc và Đầu tư Xây dựng Hậu Giang",https://static2.vietstock.vn/vietstock/2022/3/22/1_hgc_2022_3_22_08b7b96_hgc.PDF,2022-03-31 17:00:00
246,4820,HGR,CTCP Tài nguyên và Môi trường Hậu Giang,3,OTC,UPCOM,https://finance.vietstock.vn/HGR-ctcp-tai-nguyen-va-moi-truong-hau-giang.htm,10000,Dịch vụ thương mại và chuyên nghiệp,"HGR: Ngày 04/04/2022, ngày hủy ĐKGD cổ phiếu của Công ty cổ phần Tài nguyên và Môi trường Hậu Giang",https://static2.vietstock.vn/vietstock/2022/3/22/1_hgr_2022_3_22_4946d74_hgr.PDF,2022-03-31 17:00:00
247,4436,HGW,CTCP Cấp thoát nước - Công trình Đô thị Hậu Giang,3,OTC,UPCOM,https://finance.vietstock.vn/HGW-ctcp-cap-thoat-nuoc-cong-trinh-do-thi-hau-giang.htm,24878291,Tiện ích,"HGW: Ngày 23/07/2024, ngày hủy ĐKGD cổ phiếu của CTCP Cấp thoát nước - Công trình đô thị Hậu Giang",https://static2.vietstock.vn/vietstock/2024/6/28/1_hgw_2024_6_28_08c5b4d_686qdsgdhn3050tbsgdhn.pdf,2024-07-21 17:00:00
248,2242,HHA,CTCP Văn phòng phẩm Hồng Hà,3,OTC,UPCOM,https://finance.vietstock.vn/HHA-ctcp-van-phong-pham-hong-ha.htm,5896100,Thời trang và hàng lâu bền,"HHA: Ngày 01/11/2019, ngày hủy ĐKGD cổ phiếu của CTCP Văn phòng phẩm Hồng Hà",https://owa.hnx.vn/ftp///cims/2019/10_W2/000000008811627_1233tb_20191009_1.PDF,2019-10-30 17:00:00
249,2640,HHG,CTCP Hoàng Hà,5,UPCOM,HNX,https://finance.vietstock.vn/HHG-ctcp-hoang-ha.htm,34896354,Vận tải,"HHG: Ngày 25/04/2023, ngày hủy niêm yết cổ phiếu của CTCP Hoàng Hà",https://static2.vietstock.vn/vietstock/2023/3/28/1_hhg_2023_3_28_a39faa1_1118tb_0001.pdf,2023-04-23 17:00:00
250,1913,HHL,CTCP Hồng Hà Long An,3,OTC,HNX,https://finance.vietstock.vn/HHL-ctcp-hong-ha-long-an.htm,2748270,Nguyên vật liệu,"HHL: Ngày 08/05/2014, ngày hủy niêm yết cổ phiếu của CTCP Hồng Hà Long An",http://www.hnx.vn/web/guest/tin-niem-yet?p_p_id=newnyuc_WAR_HnxIndexportlet&p_p_lifecycle=1&p_p_state=exclusive&p_p_mode=view&_newnyuc_WAR_HnxIndexportlet_anchor=viewAction&_newnyuc_WAR_HnxIndexportlet_cmd=dlAction&_newnyuc_WAR_HnxIndexportlet_dl_link=news%2FHHL_2014.4.16_3664599_HHL_TB+ngay+huy+NY.doc,2014-05-06 17:00:00
251,4686,HHP,CTCP HHP Global,1,HOSE,HNX,https://finance.vietstock.vn/HHP-ctcp-hhp-global.htm,18000000,Nguyên vật liệu,"HHP: Ngày 19/02/2021, ngày hủy niêm yết cổ phiếu của CTCP Giấy Hoàng Hà Hải Phòng",http://static2.vietstock.vn/vietstock/2021/2/4/1.HHP_2021.2.4_b7585e5_199tb_20210203_1.PDF,2021-02-17 17:00:00
252,4458,HHR,CTCP Đường sắt Hà Hải,3,OTC,UPCOM,https://finance.vietstock.vn/HHR-ctcp-duong-sat-ha-hai.htm,1380000,Hàng hóa công nghiệp,"HHR: Ngày 28/06/2024, ngày hủy ĐKGD cổ phiếu của Công ty cổ phần Đường sắt Hà Hải",https://static2.vietstock.vn/vietstock/2024/6/5/1_hhr_2024_6_5_485df36_636qdsgdhn2802tbsgdhn.pdf,2024-06-26 17:00:00
253,4207,HHV,CTCP Đầu tư Hạ tầng Giao thông Đèo Cả,1,HOSE,UPCOM,https://finance.vietstock.vn/HHV-ctcp-dau-tu-ha-tang-giao-thong-deo-ca.htm,267384090,Vận tải,"HHV: Ngày 07/01/2022, ngày hủy ĐKGD cổ phiếu của CTCP Đầu tư Hạ tầng Giao thông Đèo Cả",http://static2.vietstock.vn/vietstock/2021/12/29/1.HHV_2021.12.29_a5b2458_267356646_591669558593242_837678532119318096_n.jpg,2022-01-05 17:00:00
254,1778,HIG,CTCP Tập đoàn HIPT,3,OTC,UPCOM,https://finance.vietstock.vn/HIG-ctcp-tap-doan-hipt.htm,22559030,Phần mềm và dịch vụ,"HIG: Ngày 22/08/2025, ngày hủy ĐKGD cổ phiếu của CTCP Tập Đoàn HIPT",https://static2.vietstock.vn/vietstock/2025/7/31/2_hig_2025_7_31_e3fba47_3436tbf_0001.pdf,2025-08-20 17:00:00
255,3331,HIZ,CTCP Khu Công nghiệp Hố Nai,3,OTC,UPCOM,https://finance.vietstock.vn/HIZ-ctcp-khu-cong-nghiep-ho-nai.htm,7500000,Bất động sản,"HIZ: Ngày 04/01/2022, ngày hủy ĐKGD cổ phiếu của CTCP Khu công nghiệp Hố Nai",http://static2.vietstock.vn/vietstock/2021/12/13/1.HIZ_2021.12.13_d22c40c_3609tb_20211209_1.PDF,2021-12-30 17:00:00
256,4009,HKB,CTCP Nông nghiệp và Thực phẩm Hà Nội - Kinh Bắc,5,UPCOM,HNX,https://finance.vietstock.vn/HKB-ctcp-nong-nghiep-va-thuc-pham-ha-noi-kinh-bac.htm,51599999,"Thực phẩm, đồ uống và thuốc lá","HKB: Ngày 20/07/2021, ngày hủy niêm yết cổ phiếu của CTCP Nông nghiệp và Thực phẩm Hà Nội-Kinh Bắc",http://static2.vietstock.vn/vietstock/2021/6/24/1.HKB_2021.6.24_8985650_HKB_2173tb_20210623_1.PDF,2021-07-18 17:00:00
257,1663,HKC,CTCP Dệt kim Hà Nội,3,OTC,UPCOM,https://finance.vietstock.vn/HKC-ctcp-det-kim-ha-noi.htm,2400000,Thời trang và hàng lâu bền,"HKC: Ngày 16/12/2021, ngày hủy ĐKGD cổ phiếu của CTCP Dệt Kim Hà Nội",http://static2.vietstock.vn/vietstock/2021/11/23/1.HKC_2021.11.23_89f3dad_3458tb_20211122_1.PDF,2021-12-14 17:00:00
258,2016,HKP,CTCP Bao bì Hà Tiên,3,OTC,UPCOM,https://finance.vietstock.vn/HKP-ctcp-bao-bi-ha-tien.htm,4000000,Nguyên vật liệu,"HKP: Ngày 14/06/2023, ngày hủy ĐKGD cổ phiếu của Công ty Cổ phần Bao bì Hà Tiên",https://static2.vietstock.vn/vietstock/2023/5/24/1_hkp_2023_5_24_28f0f8b_1947tb_0001.pdf,2023-06-12 17:00:00
259,1424,HLA,CTCP Hữu Liên Á Châu,5,UPCOM,HOSE,https://finance.vietstock.vn/HLA-ctcp-huu-lien-a-chau.htm,34459293,Nguyên vật liệu,HLA: Hủy niêm yết đối với cổ phiếu HLA ,,2015-02-10 17:00:00
260,4592,HLE,CTCP Điện Chiếu sáng Hải Phòng,3,OTC,UPCOM,https://finance.vietstock.vn/HLE-ctcp-dien-chieu-sang-hai-phong.htm,2200000,Hàng hóa công nghiệp,"HLE: Ngày 30/06/2022, ngày hủy ĐKGD cổ phiếu của CTCP Điện chiếu sáng Hải Phòng",https://static2.vietstock.vn/vietstock/2022/6/8/1_hle_2022_6_8_0b9b89c_1989tb_0001.pdf,2022-06-28 17:00:00
261,1508,HLG,CTCP Tập đoàn Hoàng Long,3,OTC,HOSE,https://finance.vietstock.vn/HLG-ctcp-tap-doan-hoang-long.htm,44375385,"Thực phẩm, đồ uống và thuốc lá",HLG: Quyết định về việc hủy niêm yết cổ phiếu HLG,http://static2.vietstock.vn/vietstock/2019/8/9/20190809_20190809 - HLG - 5. QD huy niem yet.pdf,2019-09-05 17:00:00
262,4304,HLR,CTCP Đường sắt Hà Lạng,3,OTC,UPCOM,https://finance.vietstock.vn/HLR-ctcp-duong-sat-ha-lang.htm,1650000,Vận tải,"HLR: Ngày 02/07/2024, ngày hủy ĐKGD cổ phiếu của Công ty Cổ phần Đường sắt Hà Lạng",https://static2.vietstock.vn/vietstock/2024/6/10/2_hlr_2024_6_10_e948e56_644qd_0001.pdf,2024-06-30 17:00:00
263,912,HLY,CTCP Gốm Xây Dựng Yên Hưng,5,UPCOM,HNX,https://finance.vietstock.vn/HLY-ctcp-gom-xay-dung-yen-hung.htm,1000000,Nguyên vật liệu,"HLY: Ngày 19/04/2021, ngày hủy niêm yết cổ phiếu của CTCP Viglacera Hạ Long I",http://static2.vietstock.vn/vietstock/2021/3/24/1.HLY_2021.3.22_545670b_876tb_20210322_1.PDF,2021-04-15 17:00:00
264,4567,HNA,CTCP Thủy điện Hủa Na,1,HOSE,UPCOM,https://finance.vietstock.vn/HNA-ctcp-thuy-dien-hua-na.htm,235232210,Tiện ích,"HNA: Ngày 28/12/2023, ngày hủy ĐKGD cổ phiếu của CTCP Thủy điện Hủa Na",https://static2.vietstock.vn/vietstock/2023/12/13/1_hna_2023_12_13_0761199_5323tb_20231212_1.PDF,2023-12-26 17:00:00
265,4281,HNE,CTCP Hanel,3,OTC,UPCOM,https://finance.vietstock.vn/HNE-ctcp-hanel.htm,192600000,Thương mại hàng không thiết yếu,"HNE: Ngày 04/04/2022, ngày hủy ĐKGD cổ phiếu của CTCP Hanel",https://static2.vietstock.vn/vietstock/2022/3/22/1_hne_2022_3_22_d386a57_hne.PDF,2022-03-31 17:00:00
266,4100,HNG,CTCP Nông nghiệp Quốc tế Hoàng Anh Gia Lai,5,UPCOM,HOSE,https://finance.vietstock.vn/HNG-ctcp-nong-nghiep-quoc-te-hoang-anh-gia-lai.htm,1108553895,"Thực phẩm, đồ uống và thuốc lá",HNG: Quyết định hủy niêm yết cổ phiếu,https://static2.vietstock.vn/vietstock/2024/8/9/20240809_20240809___hng___qd_so_488_vv_huy_niem_yet_co_phieu_1.pdf,2024-09-04 17:00:00
267,915,HNM,CTCP Sữa Hà Nội,5,UPCOM,HNX,https://finance.vietstock.vn/HNM-ctcp-sua-ha-noi.htm,20000000,"Thực phẩm, đồ uống và thuốc lá","HNM: Ngày 12/06/2020, ngày hủy niêm yết cổ phiếu của CTCP Sữa Hà Nội",http://static2.vietstock.vn/vietstock/2020/5/19/1.HNM_2020.5.19_9bca2a4_HNM_443tb_20200518_1.PDF,2020-06-10 17:00:00
268,3996,HNT,CTCP Xe điện Hà Nội,3,OTC,UPCOM,https://finance.vietstock.vn/HNT-ctcp-xe-dien-ha-noi.htm,5500000,Vận tải,"HNT: Ngày 08/07/2022, ngày hủy ĐKGD cổ phiếu của Công ty Cổ phần Xe điện Hà Nội",https://static2.vietstock.vn/vietstock/2022/6/15/1_hnt_2022_6_15_160d20a_2047tb_0001.pdf,2022-07-06 17:00:00
269,1288,HOT,CTCP Du lịch - Dịch vụ Hội An,5,UPCOM,HOSE,https://finance.vietstock.vn/HOT-ctcp-du-lich-dich-vu-hoi-an.htm,8000000,Dịch vụ tiêu dùng,HOT: Quyết định hủy niêm yết cổ phiếu,https://static2.vietstock.vn/vietstock/2023/3/28/20230328_20230328___hot___qd_huy_niem_yet_co_phieu.pdf,2023-04-25 17:00:00
270,2082,HPB,CTCP Bao bì PP,5,UPCOM,HNX,https://finance.vietstock.vn/HPB-ctcp-bao-bi-pp.htm,3880000,Nguyên vật liệu,HPB: Quyết định hủy niêm yết của CTCP Bao bì PP,HTTP://STATIC2.VIETSTOCK.VN/VIETSTOCK/2013/3/2013/8/30/HPB_2013.8.30_935C217_HPB_QD HUY NY.DOC,2013-09-12 17:00:00
271,4168,HPM,CTCP Xây dựng Thương mại và Khoáng Sản Hoàng Phúc,3,OTC,HNX,https://finance.vietstock.vn/HPM-ctcp-xay-dung-thuong-mai-va-khoang-san-hoang-phuc.htm,3800000,Nguyên vật liệu,"HPM: Ngày 18/07/2022, ngày hủy niêm yết cổ phiếu của CTCP Xây dựng Thương mại và Khoáng sản Hoàng Phúc",https://static2.vietstock.vn/vietstock/2022/7/7/1_hpm_2022_7_7_9fd2cdb_2238tb_0001.pdf,2022-07-14 17:00:00
272,2686,HPR,CTCP Đầu tư Xây dựng Hồng Phát,4,Khác,HNX,https://finance.vietstock.vn/HPR-ctcp-dau-tu-xay-dung-hong-phat.htm,4800000,Bất động sản,HPR: Thông báo hủy niêm yết cổ phiếu,HTTP://STATIC2.VIETSTOCK.VN/VIETSTOCK/2013/4/26/HPR_2013.4.26_F8024A3_HPR_QD HUY DKNYCP.TP_MAU 07 _1_.DOC,2013-05-01 17:00:00
273,917,HPS,CTCP Đá Xây dựng Hòa Phát,4,Khác,HNX,https://finance.vietstock.vn/HPS-ctcp-da-xay-dung-hoa-phat.htm,1565250,Nguyên vật liệu,"HPS: Ngày 30/05/2016, ngày hủy niêm yết cổ phiếu của CTCP Đá xây dựng Hòa Phát",http://static2.vietstock.vn/vietstock/2016/5/19/HPS_2016.5.19_7004e79_HPS_TB_huy.jpg,2016-05-26 17:00:00
274,4643,HPU,CTCP 28 Hưng Phú,3,OTC,UPCOM,https://finance.vietstock.vn/HPU-ctcp-28-hung-phu.htm,2000000,Thời trang và hàng lâu bền,"HPU: Ngày 04/06/2021, ngày hủy ĐKGD cổ phiếu của CTCP 28 Hưng Phú",http://static2.vietstock.vn/vietstock/2021/5/11/1.HPU_2021.5.11_2373f73_185173848_509460240246309_6441179262792382606_n.jpg,2021-06-02 17:00:00
275,4075,HRG,CTCP Cao su Hà Nội,3,OTC,UPCOM,https://finance.vietstock.vn/HRG-ctcp-cao-su-ha-noi.htm,2650000,Thời trang và hàng lâu bền,HRG: Quyết định hủy đăng ký giao dịch cổ phiếu,http://www.harco.com.vn/public/upload/basic/TH%C3%94NG%20B%C3%81O%20V%E1%BB%80%20VI%E1%BB%86C%20H%E1%BB%A6Y%20%C4%90%C4%82NG%20K%C3%9D%20GIAO%20D%E1%BB%8ACH%20%C4%90%E1%BB%90I%20V%E1%BB%9AI%20C%E1%BB%94%20PHI%E1%BA%BEU%20C%E1%BB%A6A%20CTY%20CP%20CSHN%20(MCK.%20HRG)%20ng%C3%A0y%2023.2.2019.pdf,2019-02-27 17:00:00
276,4191,HRT,CTCP Vận tải Đường sắt Hà Nội,4,Khác,UPCOM,https://finance.vietstock.vn/HRT-ctcp-van-tai-duong-sat-ha-noi.htm,80058970,Vận tải,"HRT: Ngày 31/10/2024, ngày hủy ĐKGD cổ phiếu của CTCP Vận tải Đường sắt Hà Nội",https://static2.vietstock.vn/vietstock/2024/10/17/1_hrt_2024_10_17_960964d_10_05sa_101724_microsoft_lens.pdf,2024-10-29 17:00:00
277,1023,HSI,CTCP Vật tư Tổng hợp và Phân bón Hóa Sinh,3,OTC,HOSE,https://finance.vietstock.vn/HSI-ctcp-vat-tu-tong-hop-va-phan-bon-hoa-sinh.htm,10000000,Nguyên vật liệu,HSI: Thông báo hủy niêm yết đối với cổ phiếu HSI ,,2015-04-21 17:00:00
278,1904,HST,CTCP Phát hành sách và Thiết bị Trường học Hưng Yên,3,OTC,HNX,https://finance.vietstock.vn/HST-ctcp-phat-hanh-sach-va-thiet-bi-truong-hoc-hung-yen.htm,1500000,Truyền thông và giải trí,"HST: Ngày 10/02/2020, ngày hủy niêm yết cổ phiếu của CT CP Phát hành sách và Thiết bị trường học Hưng Yên",http://static2.vietstock.vn/vietstock/2020/2/4/1.HST_2020.2.4_14abc56_81tb_20200204_1.PDF,2020-02-06 17:00:00
279,2535,HTB,CTCP Xây dựng Huy Thắng,3,OTC,HNX,https://finance.vietstock.vn/HTB-ctcp-xay-dung-huy-thang.htm,1800000,Hàng hóa công nghiệp,HTB: Thông báo về việc hủy niêm yết cổ phếu,http://static2.vietstock.vn/vietstock/2014/7/3/HTB_2014.7.3_5950926_4.TB  huy NY.doc,2014-07-06 17:00:00
280,2330,HTG,Tổng Công ty cổ phần Dệt may Hòa Thọ,1,HOSE,UPCOM,https://finance.vietstock.vn/HTG-tong-cong-ty-co-phan-det-may-hoa-tho.htm,36002708,Thời trang và hàng lâu bền,"HTG: Ngày 31/10/2023, ngày hủy ĐKGD cổ phiếu của Tổng công ty cổ phần Dệt may Hòa Thọ",https://static2.vietstock.vn/vietstock/2023/10/6/1_htg_2023_10_6_d241bf5_3392tb_0001.pdf,2023-10-29 17:00:00
281,4872,HTH,CTCP Hoa tiêu hàng hải - TKV,3,OTC,UPCOM,https://finance.vietstock.vn/HTH-ctcp-hoa-tieu-hang-hai-tkv.htm,404400,Vận tải,"HTH: Ngày 02/11/2022, ngày hủy ĐKGD cổ phiếu của CTCP Hoa tiêu hàng hải  - TKV",https://static2.vietstock.vn/vietstock/2022/10/10/1_hth_2022_10_10_b9f60d0_3049tb_0001.pdf,2022-10-31 17:00:00
282,4700,HTK,CTCP Đăng kiểm xe cơ giới Hải Dương,3,OTC,UPCOM,https://finance.vietstock.vn/HTK-ctcp-dang-kiem-xe-co-gioi-hai-duong.htm,6164944,Vận tải,"HTK: Ngày 04/04/2022, ngày hủy ĐKGD cổ phiếu của CTCP Đăng kiểm xe cơ giới Hải Dương",https://static2.vietstock.vn/vietstock/2022/3/23/1_htk_2022_3_23_a0b9ba1_htk.PDF,2022-03-31 17:00:00
283,919,HTP,CTCP In Sách Giáo khoa Hòa Phát,5,UPCOM,HNX,https://finance.vietstock.vn/HTP-ctcp-in-sach-giao-khoa-hoa-phat.htm,91804980,Dịch vụ thương mại và chuyên nghiệp,"HTP: Ngày 29/07/2024, Thông báo về việc hủy bỏ niêm yết bắt buộc của CTCP In sách giáo khoa Hòa Phát",https://owa.hnx.vn/ftp///cims/2024/7_W2/000000013926999_3277tb_0001.pdf,2024-07-25 17:00:00
284,4462,HTR,CTCP Đường sắt Hà Thái,3,OTC,UPCOM,https://finance.vietstock.vn/HTR-ctcp-duong-sat-ha-thai.htm,1500700,Vận tải,"HTR: Ngày 04/08/2023, ngày hủy ĐKGD cổ phiếu của CTCP Đường sắt Hà Thái",https://static2.vietstock.vn/vietstock/2023/7/14/1_htr_2023_7_14_51e576a_htr.pdf,2023-08-02 17:00:00
285,4420,HTT,CTCP Thương mại Hà Tây,5,UPCOM,HOSE,https://finance.vietstock.vn/HTT-ctcp-thuong-mai-ha-tay.htm,20000000,Bất động sản,HTT: Quyết định hủy niêm yết cổ phiếu HTT,http://static2.vietstock.vn/vietstock/2020/6/12/20200612_20200612 - HTT - QD huy ny.pdf,2020-05-20 17:00:00
286,3773,HTU,CTCP Môi trường và Công trình đô thị Hà Tĩnh ,3,OTC,UPCOM,https://finance.vietstock.vn/HTU-ctcp-moi-truong-va-cong-trinh-do-thi-ha-tinh.htm,16438382,Dịch vụ thương mại và chuyên nghiệp,"HTU: Ngày 15/09/2021, ngày hủy ĐKGD cổ phiếu của CTCP Môi trường và Công trình đô thị Hà Tĩnh",http://static2.vietstock.vn/vietstock/2021/8/24/1.HTU_2021.8.24_1ccb547_2708tb_20210820_1.PDF,2021-09-13 17:00:00
287,3896,HTW,CTCP Cấp nước Hà Tĩnh,3,OTC,UPCOM,https://finance.vietstock.vn/HTW-ctcp-cap-nuoc-ha-tinh.htm,20400893,Tiện ích,"HTW: Ngày 06/07/2023, ngày hủy ĐKGD cổ phiếu của CTCP Cấp nước Hà Tĩnh",https://static2.vietstock.vn/vietstock/2023/6/13/1_htw_2023_6_13_2128e93_2112tb_0001.pdf,2023-07-04 17:00:00
288,2043,HU3,CTCP Đầu tư và Xây dựng HUD3,5,UPCOM,HOSE,https://finance.vietstock.vn/HU3-ctcp-dau-tu-va-xay-dung-hud3.htm,9999944,Hàng hóa công nghiệp,HU3: Quyết định về việc hủy niêm yết cổ phiếu,https://static2.vietstock.vn/vietstock/2023/4/7/20230407_20230407___hu3___qd_huy_ny_cp.pdf,2023-05-04 17:00:00
289,4330,HUX,CTCP Khoáng sản Thừa Thiên Huế,3,OTC,UPCOM,https://finance.vietstock.vn/HUX-ctcp-khoang-san-thua-thien-hue.htm,11338648,Nguyên vật liệu,"HUX: Ngày 04/04/2022, ngày hủy ĐKGD cổ phiếu của CTCP Khoáng sản Thừa Thiên Huế",https://static2.vietstock.vn/vietstock/2022/3/23/1_hux_2022_3_23_6534fb5_hux.PDF,2022-03-31 17:00:00
290,4016,HVA,CTCP Đầu tư HVA,5,UPCOM,HNX,https://finance.vietstock.vn/HVA-ctcp-dau-tu-hva.htm,5650000,Dịch vụ tài chính,"HVA: Ngày 09/03/2020, ngày hủy niêm yết cổ phiếu của CTCP Đầu tư HVA",http://static2.vietstock.vn/vietstock/2020/2/12/1.HVA_2020.2.12_cce3da9_new_doc_20200212_09.03.3120200212090340.pdf,2020-03-05 17:00:00
291,1857,HVG,CTCP Hùng Vương,3,OTC,HOSE,https://finance.vietstock.vn/HVG-ctcp-hung-vuong.htm,227038291,"Thực phẩm, đồ uống và thuốc lá",HVG: Thông báo về việc hủy niêm yết đối với cổ phiếu HVG,http://static2.vietstock.vn/vietstock/2020/7/29/20200729_20200729 - HVG - Thong bao huy niem yet co phieu.pdf,2020-05-13 17:00:00
292,3738,HVN,Tổng Công ty Hàng không Việt Nam - CTCP,1,HOSE,UPCOM,https://finance.vietstock.vn/HVN-tong-cong-ty-hang-khong-viet-nam-ctcp.htm,1418290847,Vận tải,"HVN: Ngày 23/04/2019, ngày hủy ĐKGD cổ phiếu của Tổng Công ty Hàng không Việt Nam - CTCP",https://owa.hnx.vn/ftp///cims/2019/4_W3/000000008373238_New_Doc_20190417_09.32.04.pdf,2019-04-21 17:00:00
293,2519,HVX,CTCP Xi măng VICEM Hải Vân,5,UPCOM,HOSE,https://finance.vietstock.vn/HVX-ctcp-xi-mang-vicem-hai-van.htm,38525250,Nguyên vật liệu,HVX: Quyết định về việc hủy niêm yết cổ phiếu,https://static2.vietstock.vn/vietstock/2026/2/3/20260202___hvx___qd_vv_huy_niem_yet_bat_buoc_cp.pdf,2026-03-02 17:00:00
294,4295,I10,CTCP Đầu tư Xây dựng Số 10 IDICO,3,OTC,UPCOM,https://finance.vietstock.vn/I10-ctcp-dau-tu-xay-dung-so-10-idico.htm,3500000,Hàng hóa công nghiệp,"I10: Ngày 28/01/2022, ngày hủy ĐKGD cổ phiếu của Công ty Cổ phần Đầu tư Xây dựng số 10 IDICO",https://static2.vietstock.vn/vietstock/2022/1/27/1.I10_2022.1.27_4804ce4_10tb_20220105_1.pdf,2022-01-26 17:00:00
295,4311,IBC,CTCP Đầu tư Apax Holdings,3,OTC,UPCOM,https://finance.vietstock.vn/IBC-ctcp-dau-tu-apax-holdings.htm,68880000,Dịch vụ tiêu dùng,"IBC: Ngày 12/12/2017, ngày hủy ĐKGD cổ phiếu của CTCP Đầu tư APAX HOLDINGS",https://owa.hnx.vn/ftp///cims/2017/12_W2/000000007109484_1604_tb_2017_12_07_1440_1.PDF,2017-12-10 17:00:00
296,4862,IBN,CTCP In Báo Nghệ An,3,OTC,UPCOM,https://finance.vietstock.vn/IBN-ctcp-in-bao-nghe-an.htm,1776800,Truyền thông và giải trí,"IBN: Ngày 14/12/2022, ngày hủy ĐKGD cổ phiếu của Công ty cổ phần In báo Nghệ An",https://static2.vietstock.vn/vietstock/2022/11/18/1_ibn_2022_11_18_29d7aba_3294tb_0001.pdf,2022-12-12 17:00:00
297,920,ICF,CTCP Đầu tư Thương mại Thủy sản,5,UPCOM,HOSE,https://finance.vietstock.vn/ICF-ctcp-dau-tu-thuong-mai-thuy-san.htm,12807000,"Thực phẩm, đồ uống và thuốc lá",ICF: Quyết định về việc hủy niêm yết cổ phiếu ICF,http://static2.vietstock.vn/vietstock/2019/4/11/20190411_20190411 - ICF - QD huy NY.pdf,2019-05-09 17:00:00
298,4552,IDC,Tổng Công ty IDICO - CTCP,2,HNX,UPCOM,https://finance.vietstock.vn/IDC-tong-cong-ty-idico-ctcp.htm,300000000,Bất động sản,"IDC: Ngày 02/12/2019, ngày hủy ĐKGD cổ phiếu của Tổng Công ty IDICO - CTCP",https://owa.hnx.vn/ftp///cims/2019/11_W5/000000008893240_1386_20191126_1.pdf,2019-11-28 17:00:00
299,2532,IDN,CTCP In và Dịch vụ Đà Nẵng,3,OTC,UPCOM,https://finance.vietstock.vn/IDN-ctcp-in-va-dich-vu-da-nang.htm,1100000,Dịch vụ thương mại và chuyên nghiệp,IDN: Hủy đăng ký giao dịch,https://owa.hnx.vn/ftp///cims/2019/7_W3/000000008622458_779tb_20190716_1.PDF,2019-07-17 17:00:00
300,2108,IFC,CTCP Thực phẩm Công nghệ Sài Gòn,3,OTC,UPCOM,https://finance.vietstock.vn/IFC-ctcp-thuc-pham-cong-nghe-sai-gon.htm,9000000,Thương mại hàng không thiết yếu,"IFC: Ngày 08/10/2021, ngày hủy ĐKGD cổ phiếu của CTCP Thực Phẩm Công Nghệ Sài Gòn",https://static2.vietstock.vn/vietstock/2021/9/20/1.IFC_2021.9.20_883be6e_2917tb_20210917_1.PDF,2021-10-06 17:00:00
301,780,IFS,CTCP Thực phẩm Quốc tế,5,UPCOM,HOSE,https://finance.vietstock.vn/IFS-ctcp-thuc-pham-quoc-te.htm,6875359,"Thực phẩm, đồ uống và thuốc lá",IFS: Thông báo hủy niêm yết cổ phiếu,,2013-05-01 17:00:00
302,2270,IHK,CTCP In Hàng Không,3,OTC,UPCOM,https://finance.vietstock.vn/IHK-ctcp-in-hang-khong.htm,2141928,Dịch vụ thương mại và chuyên nghiệp,"IHK: Ngày 22/05/2026, ngày hủy ĐKGD cổ phiếu của CTCP In Hàng không",https://static2.vietstock.vn/vietstock/2026/5/6/1_ihk_2026_5_6_410765a_ihk_huy.pdf,2026-05-20 17:00:00
303,3326,IKH,CTCP In Khoa học Kỹ thuật,3,OTC,UPCOM,https://finance.vietstock.vn/IKH-ctcp-in-khoa-hoc-ky-thuat.htm,1571000,Dịch vụ thương mại và chuyên nghiệp,"IKH: Ngày 14/07/2021, ngày hủy ĐKGD cổ phiếu của CTCP In Khoa học Kỹ thuật",http://static2.vietstock.vn/vietstock/2021/6/24/1.IKH_2021.6.24_94a4be8_2159tb_20210618_1.PDF,2021-07-12 17:00:00
304,921,ILC,CTCP Hợp tác Lao động với nước ngoài,5,UPCOM,HNX,https://finance.vietstock.vn/ILC-ctcp-hop-tac-lao-dong-voi-nuoc-ngoai.htm,4074052,Dịch vụ thương mại và chuyên nghiệp,"ILC: Ngày 28/05/2014, ngày hủy niêm yết cổ phiếu của CTCP Hợp tác lao động với nước ngoài",http://static2.vietstock.vn/vietstock/2014/5/5/ILC_2014.5.5_8f44154_4.TB ngay huy NY.doc,2014-05-26 17:00:00
305,1280,ING,CTCP Đầu tư và Phát triển Xây dựng,3,OTC,UPCOM,https://finance.vietstock.vn/ING-ctcp-dau-tu-va-phat-trien-xay-dung.htm,20809702,Bất động sản,"ING: Ngày 24/11/2025, ngày hủy ĐKGD cổ phiếu của CTCP Đầu tư và Phát triển Xây dựng",https://static2.vietstock.vn/vietstock/2025/11/5/1_ing_2025_11_5_467ee71_ing_1.pdf,2025-11-20 17:00:00
306,2392,IPA,CTCP Tập đoàn Đầu tư I.P.A,2,HNX,UPCOM,https://finance.vietstock.vn/IPA-ctcp-tap-doan-dau-tu-i-p-a.htm,89098248,Hàng hóa công nghiệp,"IPA: Ngày 25/10/2021, ngày hủy ĐKGD cổ phiếu của CTCP Tập đoàn Đầu tư I.P.A",http://static2.vietstock.vn/vietstock/2021/10/20/1.IPA_2021.10.20_0b0f2cc_IPA_TB_Huy_DKGD.jpg,2021-10-21 17:00:00
307,4745,IPH,CTCP In và Phát hành biểu mẫu Thống kê,3,OTC,UPCOM,https://finance.vietstock.vn/IPH-ctcp-in-va-phat-hanh-bieu-mau-thong-ke.htm,1000000,Dịch vụ thương mại và chuyên nghiệp,"IPH: Ngày 04/04/2022, ngày hủy ĐKGD cổ phiếu của CTCP In và Phát hành biểu mẫu Thống kê",https://static2.vietstock.vn/vietstock/2022/3/23/1_iph_2022_3_23_4f1bcb1_iph.PDF,2022-03-31 17:00:00
308,802,ITA,CTCP Đầu tư và Công nghiệp Tân Tạo,5,UPCOM,HOSE,https://finance.vietstock.vn/ITA-ctcp-dau-tu-va-cong-nghiep-tan-tao.htm,938463607,Bất động sản,ITA: Quyết định hủy niêm yết cổ phiếu,https://static2.vietstock.vn/vietstock/2025/1/22/20250122_20250121___ita___qd_55_vv_huy_niem_yet_co_phieu_ita.pdf,2024-09-24 17:00:00
309,2568,JSC,CTCP Đầu tư và Xây dựng Cầu đường Hà Nội,3,OTC,UPCOM,https://finance.vietstock.vn/JSC-ctcp-dau-tu-va-xay-dung-cau-duong-ha-noi.htm,1550000,Nguyên vật liệu,"JSC: Ngày 28/04/2016, ngày hủy ĐKGD cổ phiếu của CTCP Đầu tư và Xây dựng cầu đường Hà Nội",http://hnx.vn/web/guest/tin-upcom?p_auth=WgLOHFd5&p_p_id=ThongTinCongBo_WAR_ThongTinCongBoportlet_INSTANCE_T0Pq&p_p_lifecycle=1&p_p_state=exclusive&p_p_mode=view&_ThongTinCongBo_WAR_ThongTinCongBoportlet_INSTANCE_T0Pq_anchor=viewAction&_ThongTinCongBo_WAR_ThongTinCongBoportlet_INSTANCE_T0Pq_cmd=dlAction&_ThongTinCongBo_WAR_ThongTinCongBoportlet_INSTANCE_T0Pq_dl_link=%2Fcims%2F2016_3_W5%2F000000005898647_302-tb_2016-03-30_1117_1.PDF&_ThongTinCongBo_WAR_ThongTinCongBoportlet_INSTANCE_T0Pq_dl_name=JSC_2016.3.30_0273cfd_302-tb_2016-03-30_1117_1.PDF,2016-04-26 17:00:00
310,2660,KAC,CTCP Đầu tư Địa ốc Khang An,3,OTC,HOSE,https://finance.vietstock.vn/KAC-ctcp-dau-tu-dia-oc-khang-an.htm,23999999,Bất động sản,KAC: Quyết định về việc hủy niêm yết cổ phiếu KAC,http://static2.vietstock.vn/vietstock/2019/8/27/20190827_20190827 - KAC - QD huy niem yet.pdf,2019-09-03 17:00:00
311,2475,KBE,CTCP Sách Thiết bị Trường học Kiên Giang,3,OTC,UPCOM,https://finance.vietstock.vn/KBE-ctcp-sach-thiet-bi-truong-hoc-kien-giang.htm,1231060,Thương mại hàng không thiết yếu,"KBE: Ngày 20/08/2021, ngày hủy ĐKGD cổ phiếu của CTCP Sách - Thiết bị trường học Kiên Giang",http://static2.vietstock.vn/vietstock/2021/8/3/1.KBE_2021.8.3_aaf49ab_2527tb_20210803_1.PDF,2021-08-18 17:00:00
312,2465,KBT,CTCP Gạch ngói Kiên Giang,3,OTC,HNX,https://finance.vietstock.vn/KBT-ctcp-gach-ngoi-kien-giang.htm,3001699,Nguyên vật liệu,KBT: Thông báo hủy niêm yết cổ phiếu CTCP Gạch ngói Kiên Giang,HTTP://STATIC2.VIETSTOCK.VN/VIETSTOCK/2013/11/22/KBT_2013.11.22_BCF9339_KBT-TB HUY.DOC,2013-11-27 17:00:00
313,2730,KCE,CTCP Bê tông Ly tâm Điện Lực Khánh Hòa,3,OTC,UPCOM,https://finance.vietstock.vn/KCE-ctcp-be-tong-ly-tam-dien-luc-khanh-hoa.htm,1500000,Nguyên vật liệu,"KCE: Ngày 01/07/2025, ngày hủy ĐKGD cổ phiếu của CTCP Bê tông ly tâm Điện lực Khánh Hòa",https://static2.vietstock.vn/vietstock/2025/6/9/1_kce_2025_6_9_17a5bba_kce_huy.pdf,2025-06-29 17:00:00
314,4561,KDF,CTCP Thực phẩm Đông lạnh KIDO,4,Khác,UPCOM,https://finance.vietstock.vn/KDF-ctcp-thuc-pham-dong-lanh-kido.htm,56000000000,"Thực phẩm, đồ uống và thuốc lá","KDF: Ngày 11/12/2020, ngày hủy ĐKGD cổ phiếu của CTCP Thực phẩm đông lạnh KIDO",https://owa.hnx.vn/ftp///cims/2020/12_W1/000000009921298_1316tb_20201201_1.PDF,2020-12-09 17:00:00
315,3097,KGU,CTCP Phát triển Đô thị Kiên Giang,3,OTC,UPCOM,https://finance.vietstock.vn/KGU-ctcp-phat-trien-do-thi-kien-giang.htm,1489573,Dịch vụ thương mại và chuyên nghiệp,KGU: Hủy đăng ký giao dịch ,https://owa.hnx.vn/ftp///cims/2019/7_W3/000000008622467_780tb_20190716_1.PDF,2019-07-17 17:00:00
316,607,KHA,CTCP Đầu tư và Dịch vụ Khánh Hội,3,OTC,HOSE,https://finance.vietstock.vn/KHA-ctcp-dau-tu-va-dich-vu-khanh-hoi.htm,14120309,Bất động sản,KHA: Thông báo hủy niêm yết đối với cổ phiếu KHA,http://static2.vietstock.vn/vietstock/2018/4/2/20180402_20180402 - KHA - TB huy niem yet.pdf,2018-05-01 17:00:00
317,2544,KHB,CTCP Khoáng sản Hòa Bình,3,OTC,HNX,https://finance.vietstock.vn/KHB-ctcp-khoang-san-hoa-binh.htm,29075499,Nguyên vật liệu,"KHB: Ngày 18/06/2019, ngày hủy niêm yết cổ phiếu của CTCP Khoáng sản Hòa Bình",http://static2.vietstock.vn/vietstock/2019/5/22/1.KHB_2019.5.22_6c5e1b6_538tb_20190521_1.PDF,2019-06-16 17:00:00
318,2876,KHL,CTCP Khoáng Sản Và Vật Liệu Xây Dựng Hưng Long,3,OTC,HNX,https://finance.vietstock.vn/KHL-ctcp-khoang-san-va-vat-lieu-xay-dung-hung-long.htm,12000000,Nguyên vật liệu,"KHL: Ngày 01/06/2018, ngày hủy niêm yết cổ phiếu của CTCP Khoảng sản và Vật liệu Xây dựng Hưng Long",http://static2.vietstock.vn/vietstock/2018/5/8/1.KHL_2018.5.8_be6b223_442tb_20180507_1.PDF,2018-05-30 17:00:00
319,1223,KLB,Ngân hàng TMCP Kiên Long,1,HOSE,UPCOM,https://finance.vietstock.vn/KLB-ngan-hang-tmcp-kien-long.htm,582170526,Tổ chức tín dụng,"KLB: Ngày 07/01/2026, ngày hủy ĐKGD cổ phiếu của Ngân hàng Thương mại cổ phần Kiên Long",https://static2.vietstock.vn/vietstock/2025/12/25/1_klb_2025_12_25_2532a58_5659.pdf,2026-01-05 17:00:00
320,3573,KLF,CTCP Đầu tư Thương mại và Xuất nhập khẩu CFS,3,OTC,HNX,https://finance.vietstock.vn/KLF-ctcp-dau-tu-thuong-mai-va-xuat-nhap-khau-cfs.htm,165352561,Thương mại hàng không thiết yếu,"KLF: Ngày 31/01/2024, Thông báo về việc hủy niêm yết bắt buộc cổ phiếu KLF của CTCP Đầu tư Thương mại và Xuất nhập khẩu CFS",https://static2.vietstock.vn/vietstock/2024/1/25/1_klf_2024_1_25_7b4d31f_235tb_0001.pdf,2024-01-29 17:00:00
321,2526,KLM,CTCP Kim loại màu Nghệ Tĩnh,3,OTC,UPCOM,https://finance.vietstock.vn/KLM-ctcp-kim-loai-mau-nghe-tinh.htm,3885000,Nguyên vật liệu,"KLM: Ngày 14/06/2024, ngày hủy ĐKGD cổ phiếu của CTCP Kim loại màu Nghệ Tĩnh",https://static2.vietstock.vn/vietstock/2024/5/22/1_klm_2024_5_22_6376684_502qd_0001.pdf,2024-06-12 17:00:00
322,4572,KOS,CTCP KOSY,1,HOSE,UPCOM,https://finance.vietstock.vn/KOS-ctcp-kosy.htm,103750000,Tiện ích,,,2019-07-11 17:00:00
323,4028,KPF,CTCP Đầu tư tài sản Koji,5,UPCOM,HOSE,https://finance.vietstock.vn/KPF-ctcp-dau-tu-tai-san-koji.htm,60867241,Bất động sản,KPF: Quyết định về việc hủy niêm yết đối với cổ phiếu,https://static2.vietstock.vn/vietstock/2025/6/20/20250620___kpf___quyet_dinh_huy_niem_yet_co_phieu.pdf,2025-02-24 17:00:00
324,2630,KSA,CTCP Công nghiệp khoáng sản Bình Thuận ,3,OTC,HOSE,https://finance.vietstock.vn/KSA-ctcp-cong-nghiep-khoang-san-binh-thuan.htm,93427360,Nguyên vật liệu,KSA: Quyết định hủy niêm yết cổ phiếu KSA,http://static2.vietstock.vn/vietstock/2018/7/23/20180723_20180723 - KSA - Quyet dinh huy niem yet.pdf,2018-05-15 17:00:00
325,1915,KSC,CTCP Muối Khánh Hòa,3,OTC,UPCOM,https://finance.vietstock.vn/KSC-ctcp-muoi-khanh-hoa.htm,3739823,"Thực phẩm, đồ uống và thuốc lá","KSC: Ngày 01/12/2017, ngày hủy ĐKGD cổ phiếu của CTCP Muối Khánh Hòa",https://owa.hnx.vn/ftp///cims/2017/11_W5/000000007096307_1550_tb_2017_11_27_1104_1.PDF,2017-11-29 17:00:00
326,4534,KSE,CTCP Xuất khẩu Thủy sản Khánh Hòa,3,OTC,UPCOM,https://finance.vietstock.vn/KSE-ctcp-xuat-khau-thuy-san-khanh-hoa.htm,1476000,"Thực phẩm, đồ uống và thuốc lá","KSE: Ngày 23/06/2021, ngày hủy ĐKGD cổ phiếu của CTCP Xuất khẩu Thủy sản Khánh Hòa",https://static2.vietstock.vn/vietstock/2021/6/2/1.KSE_2021.6.1_041c408_1924tb_20210601_1.PDF,2021-06-21 17:00:00
327,1437,KSH,CTCP DAMAC GLS,3,OTC,HOSE,https://finance.vietstock.vn/KSH-ctcp-damac-gls.htm,57509675,Nguyên vật liệu,KSH: Quyết định về việc hủy niêm yết cổ phiếu KSH,http://static2.vietstock.vn/vietstock/2019/8/27/20190827_20190827 - KSH - QD huy niem yet.pdf,2019-09-03 17:00:00
328,3306,KSK,CTCP Khoáng sản Luyện kim màu,3,OTC,HNX,https://finance.vietstock.vn/KSK-ctcp-khoang-san-luyen-kim-mau.htm,23888000,Nguyên vật liệu,"KSK: Ngày 28/05/2020, ngày hủy niêm yết cổ phiếu của CTCP Khoáng sản luyện kim màu",http://static2.vietstock.vn/vietstock/2020/5/4/1.KSK_2020.5.4_e33af0b_KSK_388tb_20200504_1.PDF,2020-05-26 17:00:00
329,3565,KSQ,CTCP CNC Capital Việt Nam,5,UPCOM,HNX,https://finance.vietstock.vn/KSQ-ctcp-cnc-capital-viet-nam.htm,30000000,Nguyên vật liệu,"KSQ: Ngày 27/05/2025, Thông báo hủy bỏ bắt buộc niêm yết cổ phiếu KSQ của CTCP CNC Capital Việt Nam",https://static2.vietstock.vn/vietstock/2025/4/29/1_ksq_2025_4_29_577b98d_1860tb_0001.pdf,2025-05-25 17:00:00
330,1910,KSS,CTCP Khoáng sản Na Rì Hamico,3,OTC,HOSE,https://finance.vietstock.vn/KSS-ctcp-khoang-san-na-ri-hamico.htm,49432500,Nguyên vật liệu,KSS: Thông báo hủy niêm yết đối với cổ phiếu KSS,http://static2.vietstock.vn/vietstock/2016/7/13/20160713_20160713 - KSS - TB huy niem yet.pdf,2016-08-10 17:00:00
331,4051,KSV,Tổng Công ty Khoáng sản TKV - CTCP,2,HNX,UPCOM,https://finance.vietstock.vn/KSV-tong-cong-ty-khoang-san-tkv-ctcp.htm,200000000,Nguyên vật liệu,"KSV: Ngày 17/01/2023, ngày hủy ĐKGD cổ phiếu của Tổng Công ty Khoáng Sản TKV - CTCP",https://static2.vietstock.vn/vietstock/2022/12/29/1_ksv_2022_12_29_d8769f3_872qd_0001.pdf,2023-01-15 17:00:00
332,2692,KTB,CTCP Đầu tư Khoáng sản Tây Bắc,3,OTC,HOSE,https://finance.vietstock.vn/KTB-ctcp-dau-tu-khoang-san-tay-bac.htm,40200000,Nguyên vật liệu,KTB: Quyết định hủy niêm yết cổ phiếu,http://static2.vietstock.vn/vietstock/2016/2/26/20160226_20160225 - KTB - QD huy NY.pdf,2016-03-01 17:00:00
333,2669,KTT,CTCP Tập đoàn Đầu tư KTT,5,UPCOM,HNX,https://finance.vietstock.vn/KTT-ctcp-tap-doan-dau-tu-ktt.htm,2955000,Nguyên vật liệu,"KTT: Ngày 27/12/2024, Thông báo hủy niêm yết bắt buộc cổ phiếu KTT của CTCP Tập đoàn Đầu tư KTT của Công ty cổ phần Tập đoàn Đầu tư KTT",https://static2.vietstock.vn/vietstock/2024/12/16/1_ktt_2024_12_16_d4f6592_5287tb_0001.pdf,2024-12-25 17:00:00
334,4637,KTU,CTCP Môi trường Đô thị Kon Tum,3,OTC,UPCOM,https://finance.vietstock.vn/KTU-ctcp-moi-truong-do-thi-kon-tum.htm,1210330,Dịch vụ thương mại và chuyên nghiệp,"KTU: Ngày 30/10/2020, ngày hủy ĐKGD cổ phiếu của CTCP Môi trường đô thị Kom Tum",https://owa.hnx.vn/ftp///cims/2020/10_W2/000000009814145_1051tb_20201008_1.pdf,2020-10-28 17:00:00
335,5597,KTW,CTCP Cấp nước Kon Tum,3,OTC,UPCOM,https://finance.vietstock.vn/KTW-ctcp-cap-nuoc-kon-tum.htm,8330200,Tiện ích,"KTW: Ngày 24/01/2025, ngày hủy ĐKGD cổ phiếu của CTCP Cấp nước Kon Tum",https://static2.vietstock.vn/vietstock/2025/1/10/1_ktw_2025_1_10_1375862_ktw.pdf,2025-01-22 17:00:00
336,4006,KVC,CTCP Sản xuất Xuất nhập khẩu Inox Kim Vĩ,5,UPCOM,HNX,https://finance.vietstock.vn/KVC-ctcp-san-xuat-xuat-nhap-khau-inox-kim-vi.htm,49500000,Nguyên vật liệu,"KVC: Ngày 16/05/2023, ngày hủy niêm yết cổ phiếu của CTCP Sản xuất Xuất nhập khẩu Inox Kim Vĩ",https://static2.vietstock.vn/vietstock/2023/4/20/1_kvc_2023_4_20_cfe92fc_1457tb_0001.pdf,2023-05-14 17:00:00
337,4235,KWA,CTCP Cấp thoát nước và Môi trường Kiến Tường,3,OTC,UPCOM,https://finance.vietstock.vn/KWA-ctcp-cap-thoat-nuoc-va-moi-truong-kien-tuong.htm,3800000,Tiện ích,"KWA: Ngày 14/01/2026, ngày hủy ĐKGD cổ phiếu của CTCP Cấp thoát nước và môi trường Kiến Tường",https://static2.vietstock.vn/vietstock/2025/12/24/1_kwa_2025_12_24_ba89851_5593_tb_huy_kwa_2.pdf,2026-01-12 17:00:00
338,1884,L35,CTCP Cơ khí Lắp máy Lilama,5,UPCOM,HNX,https://finance.vietstock.vn/L35-ctcp-co-khi-lap-may-lilama.htm,3265155,Hàng hóa công nghiệp,"L35: Ngày 19/05/2023, ngày hủy niêm yết cổ phiếu của Công ty Cổ phần Cơ khí lắp máy Lilama",https://static2.vietstock.vn/vietstock/2023/4/25/1_l35_2023_4_25_4593b6b_1504tb_0001.pdf,2023-05-17 17:00:00
339,1153,L43,CTCP Lilama 45.3,5,UPCOM,HNX,https://finance.vietstock.vn/L43-ctcp-lilama-45-3.htm,3500000,Hàng hóa công nghiệp,"L43: Ngày 23/05/2024, Thông báo về việc hủy bỏ niêm yết bắt buộc cổ phiếu L43 của CTCP Lilama 45.3 của CTCP Lilama 45.3",https://owa.hnx.vn/ftp///cims/2024/4_W4/000000013695049_2070tb_0001.pdf,2024-05-21 17:00:00
340,1886,L44,CTCP Lilama 45.4,3,OTC,HNX,https://finance.vietstock.vn/L44-ctcp-lilama-45-4.htm,4000000,Hàng hóa công nghiệp,"L44: Ngày 01/06/2018, ngày hủy niêm yết cổ phiếu của CTCP Lilama 45.4",http://static2.vietstock.vn/vietstock/2018/5/7/1.L44_2018.5.7_6ac8e4a_441TB_20180504_1.PDF,2018-05-30 17:00:00
341,1440,L61,CTCP Lilama 69-1,5,UPCOM,HNX,https://finance.vietstock.vn/L61-ctcp-lilama-69-1.htm,7576200,Hàng hóa công nghiệp,"L61: Ngày 17/05/2024, Thông báo về việc hủy bỏ niêm yết bắt buộc cổ phiếu L61 của CTCP Lilama 69-1 của CTCP Lilama 69-1",https://owa.hnx.vn/ftp///cims/2024/4_W4/000000013663163_1991tb_0001.pdf,2024-05-15 17:00:00
342,1134,L62,CTCP Lilama 69-2,5,UPCOM,HNX,https://finance.vietstock.vn/L62-ctcp-lilama-69-2.htm,8298243,Hàng hóa công nghiệp,"L62: Ngày 23/05/2024, Thông báo về việc hủy bỏ niêm yết bắt buộc cổ phiếu L62 của CTCP Lilama 69-2 của Công ty cổ phần LILAMA 69-2",https://owa.hnx.vn/ftp///cims/2024/4_W4/000000013694941_2069tb_0001.pdf,2024-05-21 17:00:00
343,4540,LBC,CTCP Thương mại - Đầu tư Long Biên,3,OTC,UPCOM,https://finance.vietstock.vn/LBC-ctcp-thuong-mai-dau-tu-long-bien.htm,1500000,Thương mại hàng không thiết yếu,"LBC: Ngày 03/10/2024, ngày hủy ĐKGD cổ phiếu của CTCP Thương mại - Đầu tư Long Biên",https://static2.vietstock.vn/vietstock/2024/9/11/1_lbc_2024_9_10_6cd4161_scan_0043.pdf,2024-10-01 17:00:00
344,2548,LCC,CTCP Xi măng Hồng Phong,3,OTC,UPCOM,https://finance.vietstock.vn/LCC-ctcp-xi-mang-hong-phong.htm,5838999,Nguyên vật liệu,"LCC: Ngày 08/05/2026, ngày hủy ĐKGD cổ phiếu của CTCP Xi măng Hồng Phong",https://static2.vietstock.vn/vietstock/2026/4/29/1_lcc_2026_4_29_decef62_tb_huy_lcc.pdf,2026-05-06 17:00:00
345,3024,LCM,CTCP Khai thác và Chế biến khoáng sản Lào Cai,5,UPCOM,HOSE,https://finance.vietstock.vn/LCM-ctcp-khai-thac-va-che-bien-khoang-san-lao-cai.htm,24633000,Nguyên vật liệu,LCM: Quyết định hủy niêm yết cổ phiếu,https://static2.vietstock.vn/vietstock/2022/7/29/20220729_20220728___lcm___qd_huy_ny.pdf,2022-08-25 17:00:00
346,2134,LCS,CTCP Licogi 166,3,OTC,HNX,https://finance.vietstock.vn/LCS-ctcp-licogi-166.htm,7600000,Hàng hóa công nghiệp,"LCS: Ngày 28/04/2023, ngày hủy niêm yết cổ phiếu của CTCP Licogi 166",https://static2.vietstock.vn/vietstock/2023/4/12/1_lcs_2023_4_12_74ecefd_scan_12_apr_2023_at_13_57.pdf,2023-04-26 17:00:00
347,4096,LCW,CTCP Nước sạch Lai Châu,3,OTC,UPCOM,https://finance.vietstock.vn/LCW-ctcp-nuoc-sach-lai-chau.htm,21586514,Tiện ích,"LCW: Ngày 06/06/2023, ngày hủy ĐKGD cổ phiếu của CTCP Nước sạch Lai Châu",https://static2.vietstock.vn/vietstock/2023/5/15/1_lcw_2023_5_15_d1f908b_1726tb_0001.pdf,2023-06-04 17:00:00
348,1618,LEC,CTCP Bất động sản Điện lực Miền Trung,5,UPCOM,HOSE,https://finance.vietstock.vn/LEC-ctcp-bat-dong-san-dien-luc-mien-trung.htm,26100000,Thời trang và hàng lâu bền,LEC: Quyết định về việc hủy niêm yết cổ phiếu,https://static2.vietstock.vn/vietstock/2025/4/24/20250424_20250423___lec___qd_so_310_vv_huy_niem_yet_cp.pdf,2024-09-12 17:00:00
349,1412,LGM,CTCP Giày da và May mặc Xuất khẩu,3,OTC,UPCOM,https://finance.vietstock.vn/LGM-ctcp-giay-da-va-may-mac-xuat-khau.htm,11840000,Thời trang và hàng lâu bền,"LGM: Ngày 05/09/2025, ngày hủy ĐKGD cổ phiếu của CTCP Giày da và May mặc Xuất khẩu (Legamex)",https://static2.vietstock.vn/vietstock/2025/8/13/1_lgm_2025_8_13_f175896_lgm_huy.pdf,2025-09-03 17:00:00
350,1521,LM3,CTCP Lilama 3,5,UPCOM,HNX,https://finance.vietstock.vn/LM3-ctcp-lilama-3.htm,5150000,Hàng hóa công nghiệp,"LM3: Ngày 15/05/2015, ngày hủy niêm yết cổ phiếu của CTCP Lilama 3",http://static2.vietstock.vn/vietstock/2015/4/21/LM3_2015.4.21_52e7c56_LM3.JPG,2015-05-13 17:00:00
351,2456,LM7,CTCP Lilama 7,5,UPCOM,HNX,https://finance.vietstock.vn/LM7-ctcp-lilama-7.htm,5000000,Hàng hóa công nghiệp,"LM7: Ngày 19/05/2023, ngày hủy niêm yết cổ phiếu của CTCP Lilama 7",https://static2.vietstock.vn/vietstock/2023/4/25/1_lm7_2023_4_25_694827c_1505tb_0001.pdf,2023-05-17 17:00:00
352,4677,LMH,CTCP Quốc Tế Holding,5,UPCOM,HOSE,https://finance.vietstock.vn/LMH-ctcp-quoc-te-holding.htm,25629995,Thương mại hàng không thiết yếu,LMH: Thông báo về việc hủy niêm yết cổ phiếu,http://static2.vietstock.vn/vietstock/2020/5/20/20200520_20200520 - LMH - TB vv huy niem yet co phieu.pdf,2020-06-17 17:00:00
353,1865,LO5,CTCP Lilama 5,5,UPCOM,HNX,https://finance.vietstock.vn/LO5-ctcp-lilama-5.htm,5149791,Hàng hóa công nghiệp,"LO5: Ngày 05/05/2021, ngày hủy niêm yết cổ phiếu của CTCP Lilama 5",http://static2.vietstock.vn/vietstock/2021/4/7/1.LO5_2021.4.7_c577c43_Scan_6_Apr_2021_at_16.10.pdf,2021-05-03 17:00:00
354,1988,LPB,Ngân hàng TMCP Lộc Phát Việt Nam,1,HOSE,UPCOM,https://finance.vietstock.vn/LPB-ngan-hang-tmcp-loc-phat-viet-nam.htm,976948319,Tổ chức tín dụng,LPB: Thông báo về việc hủy đăng ký giao dịch đối với cổ phiếu của Ngân hàng TMCP Bưu điện Liên Việt (MCK: LPB),https://owa.hnx.vn/ftp///cims/2020/10_W4/000000009837135_1098tb_20201020_1.PDF,2020-10-22 17:00:00
355,922,LTC,CTCP Điện nhẹ Viễn Thông,5,UPCOM,HNX,https://finance.vietstock.vn/LTC-ctcp-dien-nhe-vien-thong.htm,45860000,Hàng hóa công nghiệp,"LTC: Ngày 27/06/2019, ngày hủy niêm yết cổ phiếu của CTCP Điện nhẹ viễn thông",http://static2.vietstock.vn/vietstock/2019/5/30/1.LTC_2019.5.30_8d1cf3b_newdoc2019052910.16.03_20190529101616.pdf,2019-06-25 17:00:00
356,1057,LUT,CTCP Đầu tư Xây dựng Lương Tài,5,UPCOM,HNX,https://finance.vietstock.vn/LUT-ctcp-dau-tu-xay-dung-luong-tai.htm,15000000,Hàng hóa công nghiệp,"LUT: Ngày 21/06/2023, ngày hủy niêm yết cổ phiếu của CTCP Đầu tư Xây dựng Lương Tài",https://static2.vietstock.vn/vietstock/2023/5/29/1_lut_2023_5_29_8564ca5_1988tb_0001.pdf,2023-06-19 17:00:00
357,4619,LWS,CTCP Cấp nước Tỉnh Lào Cai,3,OTC,UPCOM,https://finance.vietstock.vn/LWS-ctcp-cap-nuoc-tinh-lao-cai.htm,17717665,Tiện ích,"LWS: Ngày 02/06/2023, ngày hủy ĐKGD cổ phiếu của CTCP Cấp nước tỉnh Lào Cai",https://static2.vietstock.vn/vietstock/2023/5/10/1_lws_2023_5_10_c5a5f65_1655tb_0001.pdf,2023-05-31 17:00:00
358,4865,LYF,CTCP Lương thực Lương Yên,3,OTC,UPCOM,https://finance.vietstock.vn/LYF-ctcp-luong-thuc-luong-yen.htm,300,"Thực phẩm, đồ uống và thuốc lá","LYF: Ngày 14/12/2022, ngày hủy ĐKGD cổ phiếu của Công ty cổ phần Lương thực Lương Yên",https://static2.vietstock.vn/vietstock/2022/11/18/1_lyf_2022_11_18_9254883_3296tb_0001.pdf,2022-12-12 17:00:00
359,1025,MAFPF1,Quỹ đầu tư tăng trưởng Manulife,4,Khác,HOSE,https://finance.vietstock.vn/MAFPF1-quy-dau-tu-tang-truong-manulife.htm,21409530,Dịch vụ tài chính,MAFPF1: Quyết định hủy niêm yết,,2014-08-19 17:00:00
360,1816,MAS,CTCP Dịch vụ Hàng không Sân bay Đà Nẵng,2,HNX,UPCOM,https://finance.vietstock.vn/MAS-ctcp-dich-vu-hang-khong-san-bay-da-nang.htm,3008816,Vận tải,MAS: Thông báo về việc hủy đăng ký giao dịch cổ phiếu,http://hnx.vn/web/guest/tin-upcom?p_p_id=newnyuc_WAR_HnxIndexportlet&p_p_lifecycle=1&p_p_state=exclusive&p_p_mode=view&_newnyuc_WAR_HnxIndexportlet_anchor=viewAction&_newnyuc_WAR_HnxIndexportlet_cmd=dlAction&_newnyuc_WAR_HnxIndexportlet_dl_link=news%2FMAS_2014.7.3_3a1200e_TB+huy+DKGD_03042014.doc,2014-07-07 17:00:00
361,2682,MAX,CTCP Khai khoáng và Cơ khí Hữu Nghị Vĩnh Sinh,3,OTC,HNX,https://finance.vietstock.vn/MAX-ctcp-khai-khoang-va-co-khi-huu-nghi-vinh-sinh.htm,72000000,Nguyên vật liệu,"MAX: Ngày 29/06/2015, ngày hủy niêm yết cổ phiếu của CTCP Khai khoáng và Cơ khí Hữu nghị Vĩnh Sinh",http://hnx.vn/web/guest/tin-niem-yet?p_auth=ufnJ7YOc&p_p_id=ThongTinCongBo_WAR_ThongTinCongBoportlet_INSTANCE_aO8s&p_p_lifecycle=1&p_p_state=exclusive&p_p_mode=view&_ThongTinCongBo_WAR_ThongTinCongBoportlet_INSTANCE_aO8s_anchor=viewAction&_ThongTinCongBo_WAR_ThongTinCongBoportlet_INSTANCE_aO8s_cmd=dlAction&_ThongTinCongBo_WAR_ThongTinCongBoportlet_INSTANCE_aO8s_dl_link=%2Fcims%2F2015_6_W4%2F000000005547804_MAX.jpg&_ThongTinCongBo_WAR_ThongTinCongBoportlet_INSTANCE_aO8s_dl_name=MAX_2015.6.23_21cb72d_MAX.jpg,2015-06-25 17:00:00
362,3357,MC3,CTCP Khoáng sản 3 - Vimico,3,OTC,UPCOM,https://finance.vietstock.vn/MC3-ctcp-khoang-san-3-vimico.htm,3500000,Nguyên vật liệu,"MC3: Ngày 12/07/2022, ngày hủy ĐKGD cổ phiếu của CTCP Khoáng sản 3- Vimico",https://static2.vietstock.vn/vietstock/2022/6/17/1_mc3_2022_6_17_b5757c9_2093tb_0001.pdf,2022-07-10 17:00:00
363,4916,MCD,CTCP Môi trường và Công trình Đô thị Đông Hà,3,OTC,UPCOM,https://finance.vietstock.vn/MCD-ctcp-moi-truong-va-cong-trinh-do-thi-dong-ha.htm,332019,Dịch vụ thương mại và chuyên nghiệp,"MCD: Ngày 05/12/2023, ngày hủy ĐKGD cổ phiếu của CTCP Môi trường và Công trình đô thị Đông Hà",https://static2.vietstock.vn/vietstock/2023/11/10/1_mcd_2023_11_10_0637bea_4644tb_0001.pdf,2023-12-03 17:00:00
364,1823,MCG,CTCP Năng lượng và Bất động sản MCG,5,UPCOM,HOSE,https://finance.vietstock.vn/MCG-ctcp-nang-luong-va-bat-dong-san-mcg.htm,57510000,Hàng hóa công nghiệp,MCG: Quyết định hủy niêm yết cổ phiếu,https://static2.vietstock.vn/vietstock/2023/4/13/20230413_20230413___mcg___qd_huy_niem_yet_co_phieu.pdf,2023-05-10 17:00:00
365,1519,MCH,CTCP Hàng tiêu dùng Masan,1,HOSE,UPCOM,https://finance.vietstock.vn/MCH-ctcp-hang-tieu-dung-masan.htm,1067620746,"Thực phẩm, đồ uống và thuốc lá","MCH: Ngày 18/12/2025, ngày hủy ĐKGD cổ phiếu của CTCP Hàng tiêu dùng Masan",https://static2.vietstock.vn/vietstock/2025/12/11/1_mch_2025_12_11_c07ff43_5401.pdf,2025-12-16 17:00:00
366,2457,MCI,CTCP Đầu tư Xây dựng và Phát triển Vật liệu IDICO,3,OTC,UPCOM,https://finance.vietstock.vn/MCI-ctcp-dau-tu-xay-dung-va-phat-trien-vat-lieu-idico.htm,3500000,Năng lượng,"MCI: Ngày 15/08/2023, ngày hủy ĐKGD cổ phiếu của CTCP Đầu tư Xây dựng và Phát triển Vật liệu IDICO",https://static2.vietstock.vn/vietstock/2023/7/25/1_mci_2023_7_25_aecb798_2536tb_0001.pdf,2023-08-13 17:00:00
367,2732,MCL,CTCP Phát triển Nhà và Sản xuất Vật liệu Xây dựng Chí Linh,3,OTC,HNX,https://finance.vietstock.vn/MCL-ctcp-phat-trien-nha-va-san-xuat-vat-lieu-xay-dung-chi-linh.htm,2220000,Nguyên vật liệu,MCL: Quyết định hủy niêm yết cổ phiếu,HTTP://STATIC2.VIETSTOCK.VN/VIETSTOCK/2013/3/2013/9/25/9_2013MCL_2013.9.25_QUYET DINH HUY NIEM YET CO PHIEU.ZIP,2013-10-21 17:00:00
368,4772,MCM,CTCP Giống Bò sữa Mộc Châu,1,HOSE,UPCOM,https://finance.vietstock.vn/MCM-ctcp-giong-bo-sua-moc-chau.htm,110000000,"Thực phẩm, đồ uống và thuốc lá","MCM: Ngày 14/06/2024, ngày hủy ĐKGD cổ phiếu của CTCP Giống bò sữa Mộc Châu",https://static2.vietstock.vn/vietstock/2024/6/4/1_mcm_2024_6_4_9a55e77_2783tb_0001.pdf,2024-06-12 17:00:00
369,2090,MCT,CTCP Kinh doanh Vật Tư và Xây dựng,3,OTC,UPCOM,https://finance.vietstock.vn/MCT-ctcp-kinh-doanh-vat-tu-va-xay-dung.htm,2500000,Hàng hóa công nghiệp,"MCT: Ngày 28/01/2022, ngày hủy ĐKGD cổ phiếu của CTCP Kinh doanh Vật tư và Xây dựng",http://static2.vietstock.vn/vietstock/2022/1/6/1.MCT_2022.1.6_d71e22f_16tb_20220106_1.PDF,2022-01-26 17:00:00
370,1697,MDN,CTCP Tổng Công ty May Đồng Nai,3,OTC,UPCOM,https://finance.vietstock.vn/MDN-ctcp-tong-cong-ty-may-dong-nai.htm,10935584,Thời trang và hàng lâu bền,"MDN: Ngày 02/03/2021, ngày hủy ĐKGD cổ phiếu của CTCP Tổng công ty May Đồng Nai",http://static2.vietstock.vn/vietstock/2021/2/9/1.MDN_2021.2.9_d75dcea_MDN_IMG20210208092245.jpg,2021-02-28 17:00:00
371,4076,MDT,CTCP Cơ khí mỏ và Đóng tàu - TKV,3,OTC,UPCOM,https://finance.vietstock.vn/MDT-ctcp-co-khi-mo-va-dong-tau-tkv.htm,2300000,Hàng hóa công nghiệp,"MDT: Ngày 08/02/2021, ngày hủy ĐKGD cổ phiếu của CTCP Cơ khí Mỏ và Đóng tàu - TKV",http://static2.vietstock.vn/vietstock/2021/1/25/1.MDT_2021.1.25_39d9c87_MDT_FILE_20210125_102844_CamScanner_01252021_10.28.pdf,2021-02-04 17:00:00
372,924,MEC,CTCP Cơ khí - Lắp máy Sông Đà,5,UPCOM,HNX,https://finance.vietstock.vn/MEC-ctcp-co-khi-lap-may-song-da.htm,8353620,Hàng hóa công nghiệp,"MEC: Ngày 26/05/2020, ngày hủy niêm yết cổ phiếu của CTCP Cơ khí - Lắp máy Sông Đà",http://static2.vietstock.vn/vietstock/2020/4/29/1.MEC_2020.4.29_549bb5b_mec_tb_huy.jpg,2020-05-24 17:00:00
373,4228,MEG,CTCP Megram,3,OTC,UPCOM,https://finance.vietstock.vn/MEG-ctcp-megram.htm,44000000,"Dược phẩm, công nghệ sinh học và khoa học sự sống","MEG: Ngày 17/06/2022, ngày hủy ĐKGD cổ phiếu của CTCP Megram",https://static2.vietstock.vn/vietstock/2022/5/27/1_meg_2022_5_27_db8078e_1904tb_0001.pdf,2022-06-15 17:00:00
374,1867,MHL,CTCP Minh Hữu Liên,5,UPCOM,HNX,https://finance.vietstock.vn/MHL-ctcp-minh-huu-lien.htm,5430923,Nguyên vật liệu,"MHL: Ngày 11/09/2024, Quyết định hủy niêm yết cổ phiếu bắt buộc của CTCP Minh Hữu Liên",https://static2.vietstock.vn/vietstock/2024/8/30/1_mhl_2024_8_30_e35898a_3991tb_0001.pdf,2024-09-09 17:00:00
375,4840,MHP,CTCP Môi trường và Dịch vụ Đô thị Việt Trì,3,OTC,UPCOM,https://finance.vietstock.vn/MHP-ctcp-moi-truong-va-dich-vu-do-thi-viet-tri.htm,5583140,Dịch vụ thương mại và chuyên nghiệp,"MHP: Ngày 26/11/2021, ngày hủy ĐKGD cổ phiếu của CTCP Môi trường và Dịch vụ đô thị Việt Trì",http://static2.vietstock.vn/vietstock/2021/11/8/1.MHP_2021.11.8_fd60811_15_51_05112021_Microsoft_Lens.pdf,2021-11-24 17:00:00
376,4738,MHY,CTCP Môi trường và Công trình Đô thị Hưng Yên,3,OTC,UPCOM,https://finance.vietstock.vn/MHY-ctcp-moi-truong-va-cong-trinh-do-thi-hung-yen.htm,31800,Dịch vụ thương mại và chuyên nghiệp,"MHY: Ngày 21/10/2021, ngày hủy ĐKGD cổ phiếu của CTCP Môi trường và Công trình Đô thị Hưng Yên",http://static2.vietstock.vn/vietstock/2021/10/4/1.MHY_2021.10.4_e536246_2990tb_20210928_1_1.PDF,2021-10-19 17:00:00
377,1067,MIC,CTCP Kỹ nghệ Khoáng sản Quảng Nam,2,HNX,HNX,https://finance.vietstock.vn/MIC-ctcp-ky-nghe-khoang-san-quang-nam.htm,54860460,Nguyên vật liệu,"MIC: Ngày 23/06/2014, ngày hủy niêm yết cổ phiếu của CTCP Kỹ nghệ khoáng sản Quảng Nam",http://static2.vietstock.vn/vietstock/2014/5/29/MIC_2014.5.29_8997f9a_4.TB ngay huy NY.doc,2014-06-19 17:00:00
378,1940,MIG,Tổng Công ty cổ phần Bảo hiểm Quân Đội,1,HOSE,UPCOM,https://finance.vietstock.vn/MIG-tong-cong-ty-co-phan-bao-hiem-quan-doi.htm,130000000,Bảo hiểm,"MIG: Ngày 13/01/2021, ngày hủy ĐKGD cổ phiếu của Tổng Công ty cổ phần Bảo Hiểm Quân Đội",https://owa.hnx.vn/ftp///cims/2021/1_W3/000000009988422_45tb_20210108_1.PDF,2021-01-11 17:00:00
379,1892,MIH,CTCP Xuất nhập khẩu Khoáng sản Hà Nam,3,OTC,HNX,https://finance.vietstock.vn/MIH-ctcp-xuat-nhap-khau-khoang-san-ha-nam.htm,4000000,Nguyên vật liệu,MIH: Thông báo hủy niêm yết tự nguyện cổ phiếu,HTTP://STATIC2.VIETSTOCK.VN/VIETSTOCK/2013/7/24/MIH_2013.7.24_9BF0BEA_MIH_TB HUY NY.DOC,2013-07-29 17:00:00
380,2408,MIM,CTCP Khoáng sản và Cơ khí,3,OTC,HNX,https://finance.vietstock.vn/MIM-ctcp-khoang-san-va-co-khi.htm,3409860,Nguyên vật liệu,"MIM: Ngày 31/01/2024, Quyết định về việc hủy niêm yết cổ phiếu bắt buộc của CTCP Khoáng sản và Cơ khí",https://static2.vietstock.vn/vietstock/2024/1/22/1_mim_2024_1_22_efb40b1_qd_huy_mim.pdf,2024-01-29 17:00:00
381,1548,MKP,CTCP Hoá - Dược phẩm Mekophar,5,UPCOM,HOSE,https://finance.vietstock.vn/MKP-ctcp-hoa-duoc-pham-mekophar.htm,10115932,"Dược phẩm, công nghệ sinh học và khoa học sự sống",MKP: Hủy niêm yết đối với cổ phiếu ,,2012-07-10 17:00:00
382,3895,MKT,CTCP Dệt Minh Khai,3,OTC,UPCOM,https://finance.vietstock.vn/MKT-ctcp-det-minh-khai.htm,3200000,Thời trang và hàng lâu bền,"MKT: Ngày 25/08/2017, ngày hủy ĐKGD cổ phiếu của CTCP Dệt Minh Khai",https://owa.hnx.vn/ftp///cims/2017/8_W4/000000006942420_1102_tb_2017_08_22_1142_1.PDF,2017-08-23 17:00:00
383,2226,MLN,CTCP Mai Linh Miền Bắc,4,Khác,UPCOM,https://finance.vietstock.vn/MLN-ctcp-mai-linh-mien-bac.htm,48625332,Vận tải,"MLN: Ngày 29/06/2018, ngày hủy ĐKGD cổ phiếu của CTCP Mai Linh Miền Bắc",https://owa.hnx.vn/ftp///cims/2018/6_W5/000000007649147_656tb_20180625_1.PDF,2018-06-27 17:00:00
384,4379,MLS,CTCP Chăn nuôi - Mitraco,5,UPCOM,HNX,https://finance.vietstock.vn/MLS-ctcp-chan-nuoi-mitraco.htm,4000000,"Thực phẩm, đồ uống và thuốc lá","MLS: Ngày 08/06/2018, ngày hủy niêm yết cổ phiếu của CTCP Chăn nuôi - Mitraco",http://static2.vietstock.vn/vietstock/2018/5/11/1.MLS_2018.5.11_25cfc07_474tb_20180511_1.PDF,2018-06-06 17:00:00
385,1229,MMC,CTCP khoáng Sản Mangan,4,Khác,HNX,https://finance.vietstock.vn/MMC-ctcp-khoang-san-mangan.htm,3160000,Nguyên vật liệu,MMC: Thông báo về việc hủy niêm yết cổ phiếu,http://static2.vietstock.vn/vietstock/2014/4/16/MMC_2014.4.16_2b982bb_Thong bao huy NY.docx,2014-05-06 17:00:00
386,1743,MNC,CTCP Mai Linh Miền Trung,4,Khác,HNX,https://finance.vietstock.vn/MNC-ctcp-mai-linh-mien-trung.htm,9279261,Vận tải,"MNC: Ngày 29/06/2018, ngày hủy niêm yết cổ phiếu của CÔNG TY CỔ PHẦN MAI LINH MIỀN TRUNG",http://static2.vietstock.vn/vietstock/2018/6/26/1.MNC_2018.6.26_1eab999_660tb_20180626_1.PDF,2018-06-27 17:00:00
387,925,MPC,CTCP Tập đoàn Thủy sản Minh Phú,5,UPCOM,HOSE,https://finance.vietstock.vn/MPC-ctcp-tap-doan-thuy-san-minh-phu.htm,70000000,"Thực phẩm, đồ uống và thuốc lá",MPC: Quyết định hủy niêm yết cổ phiếu,,2015-03-29 17:00:00
388,4119,MPT,CTCP Tập đoàn MPT,5,UPCOM,HNX,https://finance.vietstock.vn/MPT-ctcp-tap-doan-mpt.htm,17107164,Thời trang và hàng lâu bền,"MPT: Ngày 25/05/2021, ngày hủy niêm yết cổ phiếu của CTCP Tập đoàn Trường Tiền",http://static2.vietstock.vn/vietstock/2021/4/28/1.MPT_2021.4.28_2f5c2ba_mpt_huy.jpg,2021-05-23 17:00:00
389,2381,MSC,CTCP Dịch vụ Phú Nhuận,3,OTC,HNX,https://finance.vietstock.vn/MSC-ctcp-dich-vu-phu-nhuan.htm,22500000,Thương mại hàng không thiết yếu,"MSC: Ngày 10/08/2020, ngày hủy niêm yết cổ phiếu của CTCP Dịch vụ Phú Nhuận",http://static2.vietstock.vn/vietstock/2020/8/4/1.MSC_2020.8.4_94ca41b_705tb_20200803_1.PDF,2020-08-06 17:00:00
390,2484,MTC,CTCP Dịch vụ Du lịch Mỹ Trà,3,OTC,UPCOM,https://finance.vietstock.vn/MTC-ctcp-dich-vu-du-lich-my-tra.htm,5200000,Dịch vụ tiêu dùng,"MTC: Ngày 26/06/2025, ngày hủy ĐKGD cổ phiếu của CTCP Dịch vụ du lịch Mỹ Trà",https://static2.vietstock.vn/vietstock/2025/6/4/1_mtc_2025_6_4_6c3d7bb_2463tb_0001.pdf,2025-06-24 17:00:00
391,1461,MTG,CTCP MT Gas,5,UPCOM,HOSE,https://finance.vietstock.vn/MTG-ctcp-mt-gas.htm,11999995,Tiện ích,MTG: Hủy niêm yết đối với cổ phiếu MTG ,,2015-06-03 17:00:00
392,3900,MTM,CTCP mỏ và Xuất nhập khẩu Khoáng sản Miền Trung,3,OTC,UPCOM,https://finance.vietstock.vn/MTM-ctcp-mo-va-xuat-nhap-khau-khoang-san-mien-trung.htm,31000000,Nguyên vật liệu,"MTM: Ngày 26/10/2021, ngày hủy ĐKGD cổ phiếu của CTCP Mỏ và Xuất nhập khẩu Khoáng sản Miền Trung",https://static2.vietstock.vn/vietstock/2021/10/19/1.MTM_2021.10.19_a46acc7_3154tb_20211018_1.PDF,2021-10-24 17:00:00
393,5696,MTX,CTCP Công trình Đô thị Gò Công,3,OTC,UPCOM,https://finance.vietstock.vn/MTX-ctcp-cong-trinh-do-thi-go-cong.htm,645000,Dịch vụ thương mại và chuyên nghiệp,"MTX: Ngày 22/09/2025, ngày hủy ĐKGD cổ phiếu của Công ty cổ phần Công trình đô thị Gò Công",https://static2.vietstock.vn/vietstock/2025/9/15/1_mtx_2025_9_15_cb51562_4088.pdf,2025-09-18 17:00:00
394,4070,MVB,Tổng Công ty Công nghiệp mỏ Việt Bắc TKV - CTCP,2,HNX,UPCOM,https://finance.vietstock.vn/MVB-tong-cong-ty-cong-nghiep-mo-viet-bac-tkv-ctcp.htm,105000000,Năng lượng,"MVB: Ngày 19/10/2020, ngày hủy ĐKGD cổ phiếu của Tổng công ty Công nghiệp mỏ Việt Bắc TKV - CTCP",https://owa.hnx.vn/ftp///cims/2020/10_W2/000000009810575_CamScanner_10072020_09.25.21.pdf,2020-10-15 17:00:00
395,3360,MVY,CTCP Môi trường và Dịch vụ Đô Thị Vĩnh Yên,3,OTC,UPCOM,https://finance.vietstock.vn/MVY-ctcp-moi-truong-va-dich-vu-do-thi-vinh-yen.htm,5969946,Dịch vụ thương mại và chuyên nghiệp,"MVY: Ngày 15/07/2021, ngày hủy ĐKGD cổ phiếu của CTCP Môi trường và Dịch vụ Đô thị Vĩnh Yên",http://static2.vietstock.vn/vietstock/2021/6/22/1.MVY_2021.6.22_8e83d4e_2155tb_20210618_1.PDF,2021-07-13 17:00:00
396,4843,MXC,Trung tâm Nông nghiệp Mùa Xuân,3,OTC,UPCOM,https://finance.vietstock.vn/MXC-trung-tam-nong-nghiep-mua-xuan.htm,700938,"Thực phẩm, đồ uống và thuốc lá","MXC: Ngày 04/04/2022, ngày hủy ĐKGD cổ phiếu của CTCP Nông nghiệp Mùa Xuân Hậu Giang",https://static2.vietstock.vn/vietstock/2022/3/23/1_mxc_2022_3_23_ac1cc6c_mxc.PDF,2022-03-31 17:00:00
397,5703,MZG,CTCP Miza,1,HOSE,UPCOM,https://finance.vietstock.vn/MZG-ctcp-miza.htm,116506574,Nguyên vật liệu,"MZG: Ngày 22/06/2026, ngày hủy ĐKGD cổ phiếu của CTCP Miza",https://static2.vietstock.vn/vietstock/2026/6/16/1_mzg_2026_6_16_4c9f1e4_2615_mzg_1.pdf,2026-06-18 17:00:00
398,1172,NAB,Ngân hàng TMCP Nam Á,1,HOSE,UPCOM,https://finance.vietstock.vn/NAB-ngan-hang-tmcp-nam-a.htm,1058041615,Tổ chức tín dụng,"NAB: Ngày 29/02/2024, ngày hủy ĐKGD cổ phiếu của Ngân hàng TMCP Nam Á",https://static2.vietstock.vn/vietstock/2024/2/16/2_nab_2024_2_16_be72925_qd_huy_upcom.pdf,2024-02-27 17:00:00
399,3873,NAP,CTCP Cảng Nghệ Tĩnh,2,HNX,UPCOM,https://finance.vietstock.vn/NAP-ctcp-cang-nghe-tinh.htm,21517200,Vận tải,"NAP: Ngày 21/03/2018, ngày hủy ĐKGD cổ phiếu của Công ty Cổ phần Cảng Nghệ Tĩnh",https://owa.hnx.vn/ftp///cims/2018/3_W3/000000007324592_193tb_20180316_1326_1.PDF,2018-03-19 17:00:00
400,4309,NBR,CTCP Đường sắt Nghĩa Bình,3,OTC,UPCOM,https://finance.vietstock.vn/NBR-ctcp-duong-sat-nghia-binh.htm,1806000,Vận tải,"NBR: Ngày 20/07/2021, ngày hủy ĐKGD cổ phiếu của CTCP Đường Sắt Nghĩa Bình",https://static2.vietstock.vn/vietstock/2021/6/28/1.NBR_2021.6.28_6755c00_2194tb_20210625_1.PDF,2021-07-18 17:00:00
401,2480,NBS,CTCP Bến xe Nghệ An,3,OTC,UPCOM,https://finance.vietstock.vn/NBS-ctcp-ben-xe-nghe-an.htm,3153200,Vận tải,NBS: Hủy niêm yết cổ phiếu NBS,http://static2.vietstock.vn/vietstock/2017/6/9/NBS_2017.6.9_d2a5c65_729_tb_2017_06_09_1416_1.PDF,2017-07-05 17:00:00
402,2053,NBW,CTCP Cấp nước Nhà Bè,2,HNX,UPCOM,https://finance.vietstock.vn/NBW-ctcp-cap-nuoc-nha-be.htm,10900000,Tiện ích,"NBW: Ngày 09/11/2017, ngày hủy ĐKGD cổ phiếu của CTCP Cấp nước Nhà Bè",https://owa.hnx.vn/ftp///cims/2017/10_W4/000000007037891_1357_tb_2017_10_20_1631_1.PDF,2017-11-07 17:00:00
403,4558,NCP,CTCP Nhiệt điện Cẩm Phả - TKV,4,Khác,UPCOM,https://finance.vietstock.vn/NCP-ctcp-nhiet-dien-cam-pha-tkv.htm,196980622,Tiện ích,"NCP: Ngày 27/12/2021, ngày hủy ĐKGD cổ phiếu của CTCP Nhiệt điện Cẩm Phả - TKV",http://static2.vietstock.vn/vietstock/2021/12/10/1.NCP_2021.12.10_1702483_262512428_630458304751192_6056727946871311440_n.jpg,2021-12-23 17:00:00
404,3736,NDF,CTCP Chế biến Thực phẩm Nông sản xuất khẩu Nam Định,5,UPCOM,HNX,https://finance.vietstock.vn/NDF-ctcp-che-bien-thuc-pham-nong-san-xuat-khau-nam-dinh.htm,7853800,"Thực phẩm, đồ uống và thuốc lá","NDF: Ngày 11/11/2019, ngày hủy niêm yết cổ phiếu của CTCP Chế biến thực phẩm nông sản xuất khẩu Nam Định",http://static2.vietstock.vn/vietstock/2019/10/15/1.NDF_2019.10.15_57b9cda_1250tb_20191015_1.PDF,2019-11-07 17:00:00
405,4596,NEM,CTCP Thiết bị điện Miền Bắc,3,OTC,UPCOM,https://finance.vietstock.vn/NEM-ctcp-thiet-bi-dien-mien-bac.htm,8848500,Hàng hóa công nghiệp,"NEM: Ngày 18/09/2025, ngày hủy ĐKGD cổ phiếu của Công ty cổ phần Thiết bị điện Miền Bắc",https://static2.vietstock.vn/vietstock/2025/8/27/1_nem_2025_8_27_78e97d4_nem.pdf,2025-09-16 17:00:00
406,1082,NGC,CTCP Chế biến Thủy sản xuất khẩu Ngô Quyền,5,UPCOM,HNX,https://finance.vietstock.vn/NGC-ctcp-che-bien-thuy-san-xuat-khau-ngo-quyen.htm,2299854,"Thực phẩm, đồ uống và thuốc lá","NGC: Ngày 21/05/2021, ngày hủy niêm yết cổ phiếu của CTCP Chế biến Thủy sản xuất khẩu Ngô Quyền",http://static2.vietstock.vn/vietstock/2021/4/23/1.NGC_2021.4.23_f139dab_ngc_huy_ny.jpg,2021-05-19 17:00:00
407,2614,NHA,Tổng Công ty Đầu tư Phát triển Nhà và Đô thị Nam Hà Nội,1,HOSE,HNX,https://finance.vietstock.vn/NHA-tong-cong-ty-dau-tu-phat-trien-nha-va-do-thi-nam-ha-noi.htm,24144965,Bất động sản,"NHA: Ngày 13/01/2021, ngày hủy niêm yết cổ phiếu của Tổng công ty Đầu tư Phát triển Nhà và đô thị Nam Hà Nội",http://static2.vietstock.vn/vietstock/2021/1/7/1.NHA_2021.1.7_47457ae_huy_ny.jpg,2021-01-11 17:00:00
408,4549,NHH,CTCP Nhựa Hà Nội,1,HOSE,UPCOM,https://finance.vietstock.vn/NHH-ctcp-nhua-ha-noi.htm,34440000,Nguyên vật liệu,"NHH: Ngày 05/12/2019, ngày hủy ĐKGD cổ phiếu của CTCP Nhựa Hà Nội",https://owa.hnx.vn/ftp///cims/2019/11_W5/000000008895367_NHH_IMG_20191129_094424992.jpg,2019-12-03 17:00:00
409,3067,NHN,CTCP Phát triển Đô thị Nam Hà Nội,3,OTC,UPCOM,https://finance.vietstock.vn/NHN-ctcp-phat-trien-do-thi-nam-ha-noi.htm,200000000,Bất động sản,"NHN: Ngày 14/07/2017, ngày hủy ĐKGD cổ phiếu của CTCP Phát triển Đô thị Nam Hà Nội",https://owa.hnx.vn/ftp///cims/2017/7_W3/000000006830910_878_tb_2017_07_10_0840_1.PDF,2017-07-12 17:00:00
410,3986,NHP,CTCP Sản xuất Xuất nhập khẩu NHP,3,OTC,HNX,https://finance.vietstock.vn/NHP-ctcp-san-xuat-xuat-nhap-khau-nhp.htm,27576490,Nguyên vật liệu,"NHP: Ngày 24/06/2021, ngày hủy niêm yết cổ phiếu của CTCP Sản xuất Xuất nhập khẩu NHP",http://static2.vietstock.vn/vietstock/2021/6/2/1.NHP_2021.6.1_bbdfe1e_1917tb_20210531_1.pdf,2021-06-22 17:00:00
411,2155,NHS,CTCP Đường Ninh Hòa,3,OTC,HOSE,https://finance.vietstock.vn/NHS-ctcp-duong-ninh-hoa.htm,60750000,"Thực phẩm, đồ uống và thuốc lá",NHS: Thông báo hủy niêm yết cổ phiếu,http://www.nhs.com.vn/upload/Thong%20bao%20va%20Quyet%20dinh%20huy%20niem%20yet%20co%20phieu%20NHS.pdf,2015-10-26 17:00:00
412,3028,NHT,CTCP Sản xuất và Thương mại Nam Hoa,1,HOSE,UPCOM,https://finance.vietstock.vn/NHT-ctcp-san-xuat-va-thuong-mai-nam-hoa.htm,15411541,Nguyên vật liệu,"NHT: Ngày 29/10/2021, ngày hủy ĐKGD cổ phiếu của CTCP Sản xuất và Thương mại Nam Hoa",http://static2.vietstock.vn/vietstock/2021/10/19/1.NHT_2021.10.19_b3c3d69_3155tb_20211018_1.PDF,2021-10-27 17:00:00
413,1877,NHW,CTCP Ngô Han,3,OTC,HOSE,https://finance.vietstock.vn/NHW-ctcp-ngo-han.htm,22950627,Hàng hóa công nghiệp,NHW: Quyết định hủy niêm yết cổ phiếu,,2015-02-23 17:00:00
414,2539,NIS,CTCP Dịch vụ Hạ tầng Mạng,3,OTC,HNX,https://finance.vietstock.vn/NIS-ctcp-dich-vu-ha-tang-mang.htm,3000000,Dịch vụ viễn thông,NIS: Chấp thuận hủy niêm yết cổ phiếu của CTCP Dịch vụ Hạ tầng mạng,http://static2.vietstock.vn/vietstock/2014/3/12/NIS_2014.3.12_0fd064b_NIS_TB huy.doc,2014-03-16 17:00:00
415,747,NKD,CTCP Chế biến thực phẩm Kinh Đô Miền Bắc,4,Khác,HOSE,https://finance.vietstock.vn/NKD-ctcp-che´-bie´n-thuc-pham-kinh-do-mien-bac.htm,15124213,"Thực phẩm, đồ uống và thuốc lá",NKD: Thông báo ngày giao dịch cuối cùng trên HOSE,HTTP://FPTS.COM.VN/FILESTORE/FILE/2010/12/08/20101208_NKD_TB_HUY_NIEM_YET.PDF,2010-12-13 17:00:00
416,928,NLC,CTCP Thủy điện Nà Lơi,4,Khác,HNX,https://finance.vietstock.vn/NLC-ctcp-thuy-dien-na-loi.htm,5000000,Tiện ích,"NLC: Ngày 27/11/2014, ngày hủy niêm yết cổ phiếu của CTCP Thủy điện Nà Lơi",http://static2.vietstock.vn/vietstock/2014/10/30/NLC_2014.10.30_b9ef5ea_NLC.jpg,2014-11-25 17:00:00
417,2828,NMK,CTCP Xây dựng Công trình 510,3,OTC,UPCOM,https://finance.vietstock.vn/NMK-ctcp-xay-dung-cong-trinh-510.htm,2700000,Hàng hóa công nghiệp,"NMK: Ngày 20/07/2021, ngày hủy ĐKGD cổ phiếu của Công ty Cổ phần Xây dựng Công trình 510",http://static2.vietstock.vn/vietstock/2021/6/28/1.NMK_2021.6.28_916328f_2191tb_20210625_1.PDF,2021-07-18 17:00:00
418,4110,NNB,CTCP Cấp thoát nước Ninh Bình,3,OTC,UPCOM,https://finance.vietstock.vn/NNB-ctcp-cap-thoat-nuoc-ninh-binh.htm,27080000,Tiện ích,"NNB: Ngày 10/11/2021, ngày hủy ĐKGD cổ phiếu của CTCP Cấp thoát nước Ninh Bình",http://static2.vietstock.vn/vietstock/2021/10/22/1.NNB_2021.10.22_a1c8adf_NNB_HuyDKGD.jpg,2021-11-08 17:00:00
419,2472,NNG,CTCP Công nghiệp - Dịch vụ - Thương mại Ngọc Nghĩa,3,OTC,UPCOM,https://finance.vietstock.vn/NNG-ctcp-cong-nghiep-dich-vu-thuong-mai-ngoc-nghia.htm,81570988,Nguyên vật liệu,"NNG: Ngày 25/07/2023, ngày hủy ĐKGD cổ phiếu của CTCP Công nghiệp - Dịch vụ - Thương mại Ngọc Nghĩa",https://static2.vietstock.vn/vietstock/2023/7/4/1_nng_2023_7_4_8976b1a_2224tb_0001.pdf,2023-07-23 17:00:00
420,4792,NNQ,CTCP Giống Nông nghiệp Quảng Nam,3,OTC,UPCOM,https://finance.vietstock.vn/NNQ-ctcp-giong-nong-nghiep-quang-nam.htm,1281303,Dịch vụ thương mại và chuyên nghiệp,"NNQ: Ngày 04/04/2022, ngày hủy ĐKGD cổ phiếu của Công ty cổ phần Giống Nông nghiệp Quảng Nam",https://static2.vietstock.vn/vietstock/2022/3/23/1_nnq_2022_3_23_9f65830_nnq.PDF,2022-03-31 17:00:00
421,4184,NPH,CTCP Khách Sạn Bưu Điện Nha Trang,3,OTC,UPCOM,https://finance.vietstock.vn/NPH-ctcp-khach-san-buu-dien-nha-trang.htm,2000000,Dịch vụ tiêu dùng,"NPH: Ngày 28/11/2019, ngày hủy ĐKGD cổ phiếu của CTCP Khách sạn Bưu điện Nha Trang",https://owa.hnx.vn/ftp///cims/2019/11_W2/000000008862335_1315tb_20191104_1.PDF,2019-11-26 17:00:00
422,929,NPS,CTCP May Phú Thịnh - Nhà Bè,3,OTC,HNX,https://finance.vietstock.vn/NPS-ctcp-may-phu-thinh-nha-be.htm,2170000,Thời trang và hàng lâu bền,"NPS: Ngày 05/12/2017, ngày hủy niêm yết cổ phiếu của CTCP May Phú Thịnh Nhà Bè",https://owa.hnx.vn/ftp///cims/2017/11_W5/000000007096471_NPS_thong_bao_huy_ny.jpg,2017-12-03 17:00:00
423,4201,NQT,CTCP Nước sạch Quảng Trị,3,OTC,UPCOM,https://finance.vietstock.vn/NQT-ctcp-nuoc-sach-quang-tri.htm,18233269,Tiện ích,"NQT: Ngày 02/07/2025, ngày hủy ĐKGD cổ phiếu của CTCP Nước sạch Quảng Trị",https://static2.vietstock.vn/vietstock/2025/6/9/1_nqt_2025_6_9_4e9a2d9_nqt.pdf,2025-06-30 17:00:00
424,4005,NS2,CTCP Nước sạch Số 2 Hà Nội,3,OTC,UPCOM,https://finance.vietstock.vn/NS2-ctcp-nuoc-sach-so-2-ha-noi.htm,56800000,Tiện ích,"NS2: Ngày 13/02/2026, ngày hủy ĐKGD cổ phiếu của Công ty Cổ phần Nước sạch số 2 Hà Nội",https://static2.vietstock.vn/vietstock/2026/1/21/1_ns2_2026_1_21_77e1b08_ns2.pdf,2026-02-11 17:00:00
425,3977,NS3,CTCP Sản xuất Kinh doanh Nước sạch Số 3 Hà Nội,3,OTC,UPCOM,https://finance.vietstock.vn/NS3-ctcp-san-xuat-kinh-doanh-nuoc-sach-so-3-ha-noi.htm,7919999,Tiện ích,"NS3: Ngày 29/06/2022, ngày hủy ĐKGD cổ phiếu của CTCP Sản xuất Kinh doanh Nước sạch số 3 Hà Nội",https://static2.vietstock.vn/vietstock/2022/6/20/1_ns3_2022_6_20_e8cdfbc_2092tb_0001.pdf,2022-06-27 17:00:00
426,2531,NSN,CTCP Xây dựng 565,3,OTC,HNX,https://finance.vietstock.vn/NSN-ctcp-xay-dung-565.htm,2959134,Hàng hóa công nghiệp,NSN: Thông báo về việc hủy niêm yết cổ phiếu,http://static2.vietstock.vn/vietstock/2014/7/3/NSN_2014.7.3_d75c1e0_4.TB huy NY NSN.doc,2014-07-06 17:00:00
427,2369,NTB,CTCP Đầu tư Xây dựng và Khai thác Công trình Giao thông 584,3,OTC,HOSE,https://finance.vietstock.vn/NTB-ctcp-dau-tu-xay-dung-va-khai-thac-cong-trinh-giao-thong-584.htm,39779577,Hàng hóa công nghiệp,NTB: Quyết định hủy niêm yết cổ phiếu   ,,2013-07-21 17:00:00
428,2716,NTC,CTCP Khu Công nghiệp Nam Tân Uyên,1,HOSE,UPCOM,https://finance.vietstock.vn/NTC-ctcp-khu-cong-nghiep-nam-tan-uyen.htm,23999980,Bất động sản,"NTC: Ngày 16/10/2025, ngày hủy ĐKGD cổ phiếu của CTCP Khu Công nghiệp Nam Tân Uyên",https://static2.vietstock.vn/vietstock/2025/10/13/1_ntc_2025_10_10_8be4a8b_ntc.pdf,2025-10-14 17:00:00
429,4404,NTR,CTCP Đường sắt Nghệ Tĩnh,3,OTC,UPCOM,https://finance.vietstock.vn/NTR-ctcp-duong-sat-nghe-tinh.htm,1492000,Vận tải,"NTR: Ngày 20/07/2021, ngày hủy ĐKGD cổ phiếu của CTCP Đường sắt Nghệ Tĩnh",http://static2.vietstock.vn/vietstock/2021/6/28/1.NTR_2021.6.28_28c8233_2190tb_20210625_1.PDF,2021-07-18 17:00:00
430,1083,NVC,CTCP Nam Vang,3,OTC,HNX,https://finance.vietstock.vn/NVC-ctcp-nam-vang.htm,16000000,Thương mại hàng không thiết yếu,"NVC: Ngày 26/05/2014, ngày hủy niêm yết cổ phiếu của CTCP Nam Vang",http://static2.vietstock.vn/vietstock/2014/5/5/NVC_2014.5.5_a25e8c7_NVC_TB ngay huy NY.final.doc,2014-05-22 17:00:00
431,1244,NVN,CTCP Nhà Việt Nam,3,OTC,HOSE,https://finance.vietstock.vn/NVN-ctcp-nha-viet-nam.htm,10656800,Thời trang và hàng lâu bền,NVN: Hủy niêm yết ,,2015-05-03 17:00:00
432,1350,ORS,CTCP Chứng khoán Tiên Phong,1,HOSE,HNX,https://finance.vietstock.vn/ORS-ctcp-chung-khoan-tien-phong.htm,24000000,Dịch vụ tài chính,"ORS: Ngày 10/04/2019, ngày hủy niêm yết cổ phiếu của Công ty Cổ phần Chứng khoán Phương Đông",http://static2.vietstock.vn/vietstock/2019/3/13/1.ORS_2019.3.13_a786236_ORS_226tb_20190313_1.PDF,2019-04-08 17:00:00
433,4599,PBK,CTCP Điện lực Dầu khí Bắc Kạn,3,OTC,UPCOM,https://finance.vietstock.vn/PBK-ctcp-dien-luc-dau-khi-bac-kan.htm,8642300,Tiện ích,"PBK: Ngày 15/12/2020, ngày hủy ĐKGD cổ phiếu của CTCP Điện lực Dầu khí Bắc Kạn",https://owa.hnx.vn/ftp///cims/2020/12_W2/000000009925846_1353cv_20201207_1.PDF,2020-12-13 17:00:00
434,2483,PCG,CTCP Đầu tư Phát triển Gas Đô thị,5,UPCOM,HNX,https://finance.vietstock.vn/PCG-ctcp-dau-tu-phat-trien-gas-do-thi.htm,18870000,Tiện ích,"PCG: Ngày 27/06/2025, Thông báo về việc hủy bỏ niêm yết cổ phiếu bắt buộc của Công ty Cổ phần Đầu tư Phát triển Gas Đô thị",https://static2.vietstock.vn/vietstock/2025/5/30/1_pcg_2025_5_30_5377c61_tb_huy.pdf,2025-06-25 17:00:00
435,3352,PCN,CTCP Hóa phẩm Dầu khí DMC - Miền Bắc,3,OTC,HNX,https://finance.vietstock.vn/PCN-ctcp-hoa-pham-dau-khi-dmc-mien-bac.htm,3924550,Nguyên vật liệu,"PCN: Ngày 23/05/2019, ngày hủy niêm yết cổ phiếu của CTCP Hóa phẩm dầu khí DMC - Miền Bắc",http://static2.vietstock.vn/vietstock/2019/4/25/1.PCN_2019.4.25_3bb28f6_441tb_20190425_1.PDF,2019-05-21 17:00:00
436,1828,PDC,CTCP Du lịch Dầu khí Phương Đông,5,UPCOM,HNX,https://finance.vietstock.vn/PDC-ctcp-du-lich-dau-khi-phuong-dong.htm,15000000,Dịch vụ tiêu dùng,"PDC: Ngày 29/07/2022, ngày hủy niêm yết cổ phiếu của CTCP Du lịch Dầu khí Phương Đông",https://static2.vietstock.vn/vietstock/2022/7/15/1_pdc_2022_7_15_f922c2c_pdc_huy.jpg,2022-07-27 17:00:00
437,4717,PDT,CTCP Thương mại Dầu khí Đồng Tháp,3,OTC,UPCOM,https://finance.vietstock.vn/PDT-ctcp-thuong-mai-dau-khi-dong-thap.htm,773526,Thương mại hàng không thiết yếu,"PDT: Ngày 04/04/2022, ngày hủy ĐKGD cổ phiếu của Công ty Cổ phần Thương mại Dầu khí Đồng Tháp",https://static2.vietstock.vn/vietstock/2022/3/22/1_pdt_2022_3_22_a64b755_pdt__thong_bao_huy_dkgd_2022.PDF,2022-03-31 17:00:00
438,3223,PDV,CTCP Vận Tải Và Tiếp Vận Phương Đông Việt,1,HOSE,UPCOM,https://finance.vietstock.vn/PDV-ctcp-van-tai-va-tiep-van-phuong-dong-viet.htm,66095966,Vận tải,"PDV: Ngày 06/11/2025, ngày hủy ĐKGD cổ phiếu của CTCP Vận tải và Tiếp vận Phương Đông Việt",https://static2.vietstock.vn/vietstock/2025/10/29/2_pdv_2025_10_29_9dd5515_tb_huy_upcom.pdf,2025-11-04 17:00:00
439,2256,PEC,CTCP Cơ khí Điện lực,3,OTC,UPCOM,https://finance.vietstock.vn/PEC-ctcp-co-khi-dien-luc.htm,3115409,Dịch vụ thương mại và chuyên nghiệp,"PEC: Ngày 23/01/2026, ngày hủy ĐKGD cổ phiếu của CTCP Cơ khí Điện lực",https://static2.vietstock.vn/vietstock/2025/12/31/2_pec_2025_12_31_56e6daa_5740tb_0001.pdf,2026-01-21 17:00:00
440,2509,PFL,CTCP Dầu khí Đông Đô,5,UPCOM,HNX,https://finance.vietstock.vn/PFL-ctcp-dau-khi-dong-do.htm,50000000,Hàng hóa công nghiệp,"PFL: Ngày 24/04/2015, ngày hủy niêm yết cổ phiếu của CTCP Dầu khí Đông Đô",http://static2.vietstock.vn/vietstock/2015/3/30/PFL_2015.3.30_db6a6f0_PFL.jpg,2015-04-22 17:00:00
441,2638,PFV,CTCP Đầu tư và Thương mại PFV,4,Khác,UPCOM,https://finance.vietstock.vn/PFV-ctcp-dau-tu-va-thuong-mai-pfv.htm,60000000,Bất động sản,PFV: Thông báo hủy đăng ký giao dịch cổ phiếu,NEWS/PFV_2013.11.25_1A933A2_TB HUY DKGD_22.11.2013.DOC,2013-12-01 17:00:00
442,4653,PGV,Tổng Công ty Phát điện 3 - CTCP,1,HOSE,UPCOM,https://finance.vietstock.vn/PGV-tong-cong-ty-phat-dien-3-ctcp.htm,1123468046,Tiện ích,"PGV: Ngày 24/01/2022, ngày hủy ĐKGD cổ phiếu của Tổng Công ty Phát điện 3 - Công ty cổ phần",http://static2.vietstock.vn/vietstock/2022/1/19/1.PGV_2022.1.19_89736f3_119_TBSGDHN.pdf,2022-01-20 17:00:00
443,1863,PHC,CTCP Xây dựng Phục Hưng Holdings,1,HOSE,HNX,https://finance.vietstock.vn/PHC-ctcp-xay-dung-phuc-hung-holdings.htm,20839956,Hàng hóa công nghiệp,"PHC: Ngày 25/09/2018, ngày hủy niêm yết cổ phiếu của CTCP Xây dựng Phục Hưng Holdings",http://static2.vietstock.vn/vietstock/2018/9/21/1.PHC_2018.9.21_82cff91_PHC_1130tb_20180921_1.PDF,2018-09-23 17:00:00
444,2236,PHH,CTCP Hồng Hà Việt Nam,5,UPCOM,HNX,https://finance.vietstock.vn/PHH-ctcp-hong-ha-viet-nam.htm,20000000,Bất động sản,"PHH: Ngày 10/08/2015, ngày hủy niêm yết cổ phiếu của CTCP Hồng Hà Việt Nam",http://static2.vietstock.vn/vietstock/2015/7/15/PHH_2015.7.15_481a479_thong_bao.jpg,2015-08-06 17:00:00
445,3781,PHP,CTCP Cảng Hải Phòng,5,UPCOM,HNX,https://finance.vietstock.vn/PHP-ctcp-cang-hai-phong.htm,326960000,Vận tải,"PHP: Ngày 31/08/2022, ngày hủy niêm yết cổ phiếu của CTCP Cảng Hải Phòng",https://static2.vietstock.vn/vietstock/2022/8/18/1_php_2022_8_18_a869c92_2617tb_0002.pdf,2022-08-29 17:00:00
446,848,PHS,CTCP Chứng khoán Phú Hưng,5,UPCOM,HNX,https://finance.vietstock.vn/PHS-ctcp-chung-khoan-phu-hung.htm,34745000,Dịch vụ tài chính,PHS: Hủy niêm yết cổ phiếu CTCP Chứng khoán Phú Hưng,http://static2.vietstock.vn/vietstock/2014/1/2/PHS_2014.1.2_2039c4a_Quyet dinh huy PHS.doc,2014-01-08 17:00:00
447,1826,PHT,CTCP Sản xuất và Thương mại Phúc Tiến,4,Khác,HOSE,https://finance.vietstock.vn/PHT-ctcp-san-xuat-va-thuong-mai-phuc-tien.htm,21440030,Nguyên vật liệu,PHT: Hủy niêm yết và ngày đăng ký cuối cùng ,http://static2.vietstock.vn/vietstock/2013/1/17/20130117-PHT-TB-ngay-dkcc-de-huy-ny-va-chot-danh-sach-co-dong.pdf,2013-01-22 17:00:00
448,4072,PIA,CTCP Tin học Viễn thông Petrolimex,2,HNX,UPCOM,https://finance.vietstock.vn/PIA-ctcp-tin-hoc-vien-thong-petrolimex.htm,3900000,Phần mềm và dịch vụ,"Ngày 29/08/2019, ngày hủy ĐKGD cổ phiếu của CTCP Tin học Viễn thông Petrolimex",https://owa.hnx.vn/ftp///cims/2019/8_W4/000000008733178_964tb_20190821_1.PDF,2019-08-27 17:00:00
449,2069,PIC,CTCP Đầu tư Điện lực 3,2,HNX,UPCOM,https://finance.vietstock.vn/PIC-ctcp-dau-tu-dien-luc-3.htm,29146707,Tiện ích,"PIC: Ngày 30/12/2016, ngày hủy ĐKGD cổ phiếu của CTCP Đầu tư Điện lực 3",http://hnx.vn/web/guest/tin-upcom?p_auth=3qahJFQh&p_p_id=ThongTinCongBo_WAR_ThongTinCongBoportlet_INSTANCE_T0Pq&p_p_lifecycle=1&p_p_state=exclusive&p_p_mode=view&_ThongTinCongBo_WAR_ThongTinCongBoportlet_INSTANCE_T0Pq_anchor=viewAction&_ThongTinCongBo_WAR_ThongTinCongBoportlet_INSTANCE_T0Pq_cmd=dlAction&_ThongTinCongBo_WAR_ThongTinCongBoportlet_INSTANCE_T0Pq_dl_link=%2Fcims%2F2016_12_W5%2F000000006345208_1347_tb_2016_12_26_0903_1.PDF&_ThongTinCongBo_WAR_ThongTinCongBoportlet_INSTANCE_T0Pq_dl_name=PIC_2016.12.26_ea579e8_1347_tb_2016_12_26_0903_1.PDF,2016-12-28 17:00:00
450,3216,PID,CTCP Trang Trí Nội Thất Dầu khí,5,UPCOM,HNX,https://finance.vietstock.vn/PID-ctcp-trang-tri-noi-that-dau-khi.htm,4000000,Dịch vụ thương mại và chuyên nghiệp,"PID: Ngày 01/07/2015, ngày hủy niêm yết cổ phiếu của CTCP Trang trí nội thất Dầu Khí",http://hnx.vn/web/guest/tin-niem-yet?p_auth=T0rTyO3m&p_p_id=ThongTinCongBo_WAR_ThongTinCongBoportlet_INSTANCE_aO8s&p_p_lifecycle=1&p_p_state=exclusive&p_p_mode=view&_ThongTinCongBo_WAR_ThongTinCongBoportlet_INSTANCE_aO8s_anchor=viewAction&_ThongTinCongBo_WAR_ThongTinCongBoportlet_INSTANCE_aO8s_cmd=dlAction&_ThongTinCongBo_WAR_ThongTinCongBoportlet_INSTANCE_aO8s_dl_link=%2Fcims%2F2015_6_W4%2F000000005551002_TB.JPG&_ThongTinCongBo_WAR_ThongTinCongBoportlet_INSTANCE_aO8s_dl_name=PID_2015.6.26_9826b33_TB.JPG,2015-06-29 17:00:00
451,2656,PIV,CTCP PIV,5,UPCOM,HNX,https://finance.vietstock.vn/PIV-ctcp-piv.htm,17324942,Thương mại hàng không thiết yếu,"PIV: Ngày 30/08/2018, ngày hủy niêm yết cổ phiếu của CTCP PIV",http://static2.vietstock.vn/vietstock/2018/8/1/1.PIV_2018.8.1_dbe4e27_PIV_Thong_bao_huy.jpg,2018-08-28 17:00:00
452,4432,PKR,CTCP Đường sắt Phú Khánh,3,OTC,UPCOM,https://finance.vietstock.vn/PKR-ctcp-duong-sat-phu-khanh.htm,2000000,Vận tải,"PKR: Ngày 12/08/2021, ngày hủy ĐKGD cổ phiếu của CTCP Đường sắt Phú Khánh",https://static2.vietstock.vn/vietstock/2021/7/20/1.PKR_2021.7.20_767b06c_2365tb_20210720_1.PDF,2021-08-10 17:00:00
453,2249,PME,CTCP Pymepharco,3,OTC,HOSE,https://finance.vietstock.vn/PME-ctcp-pymepharco.htm,75011625,"Dược phẩm, công nghệ sinh học và khoa học sự sống",PME: Quyết định hủy niêm yết cổ phiếu,http://static2.vietstock.vn/vietstock/2021/11/8/20211108_20211105 - PME - QD huy niem yet bat buoc.pdf,2021-12-02 17:00:00
454,2415,POM,CTCP Thép Pomina,5,UPCOM,HOSE,https://finance.vietstock.vn/POM-ctcp-thep-pomina.htm,279676336,Nguyên vật liệu,POM: Quyết định hủy niêm yết cổ phiếu,https://static2.vietstock.vn/vietstock/2024/4/11/20240411_20240410___pom___qd_huy_niem_yet_co_phieu.pdf,2024-05-08 17:00:00
455,4620,POW,Tổng Công ty Điện lực Dầu khí Việt Nam - CTCP,1,HOSE,UPCOM,https://finance.vietstock.vn/POW-tong-cong-ty-dien-luc-dau-khi-viet-nam-ctcp.htm,467802523,Tiện ích,"POW: Ngày 28/12/2018, ngày hủy ĐKGD cổ phiếu của Tổng công ty Điện lực Dầu khí Việt Nam- CTCP",https://owa.hnx.vn/ftp///cims/2018/12_W5/000000008009034_1527TBSGDHN.pdf,2018-12-26 17:00:00
456,937,PPG,CTCP Sản xuất - Thương mại - Dịch vụ Phú Phong,3,OTC,HNX,https://finance.vietstock.vn/PPG-ctcp-san-xuat-thuong-mai-dich-vu-phu-phong.htm,7342500,Hàng hóa công nghiệp,"PPG: Ngày 21/05/2015, ngày hủy niêm yết cổ phiếu của CTCP Sản xuất \u2013 Thương Mại - Dịch vụ Phú Phong",http://static2.vietstock.vn/vietstock/2015/4/27/PPG_2015.4.27_91410e8_IMG_8359.JPG,2015-05-19 17:00:00
457,2492,PPI,CTCP Đầu tư và Phát triển Dự án Hạ tầng Thái Bình Dương,5,UPCOM,HOSE,https://finance.vietstock.vn/PPI-ctcp-dau-tu-va-phat-trien-du-an-ha-tang-thai-binh-duong.htm,48290629,Bất động sản,PPI: Quyết định về việc hủy niêm yết cổ phiếu PPI,http://static2.vietstock.vn/vietstock/2019/4/19/20190419_20190418 - PPI - QUYET DINH HUY NIEM YET CO PHIEU.pdf,2019-05-16 17:00:00
458,4900,PPT,CTCP Petro Times,2,HNX,UPCOM,https://finance.vietstock.vn/PPT-ctcp-petro-times.htm,15000000,Năng lượng,"PPT: Ngày 13/06/2023, ngày hủy ĐKGD cổ phiếu của CTCP Petro Times",https://static2.vietstock.vn/vietstock/2023/6/12/1_ppt_2023_6_12_2426ef8_2052tb_0001_1.pdf,2023-06-11 17:00:00
459,2733,PSG,CTCP Đầu Tư và Xây lắp Dầu khí Sài Gòn,3,OTC,HNX,https://finance.vietstock.vn/PSG-ctcp-dau-tu-va-xay-lap-dau-khi-sai-gon.htm,35000000,Bất động sản,"PSG: Ngày 04/06/2014, ngày hủy niêm yết cổ phiếu của CTCP Đầu tư và Xây lắp Dầu khí Sài Gòn",http://static2.vietstock.vn/vietstock/2014/5/12/PSG_2014.5.12_944a495_PSG_TB ngay huy NY.doc,2014-06-02 17:00:00
460,4791,PSH,CTCP Thương mại Đầu tư Dầu khí Nam Sông Hậu,5,UPCOM,HOSE,https://finance.vietstock.vn/PSH-ctcp-thuong-mai-dau-tu-dau-khi-nam-song-hau.htm,126196780,Năng lượng,PSH: Quyết định về việc hủy niêm yết đối với cổ phiếu,https://static2.vietstock.vn/vietstock/2025/6/19/20250619___psh___quyet_dinh_huy_niem_yet_co_phieu.pdf,2025-03-10 17:00:00
461,2019,PTD,CTCP Thiết kế Xây dựng Thương mại Phúc Thịnh,2,HNX,UPCOM,https://finance.vietstock.vn/PTD-ctcp-thiet-ke-xay-dung-thuong-mai-phuc-thinh.htm,3200000,Hàng hóa công nghiệp,"PTD: Ngày 03/11/2015, ngày hủy ĐKGD cổ phiếu của CTCP Thiết kế - Xây dựng - Thương mại Phúc Thịnh",http://hnx.vn/web/guest/tin-upcom?p_auth=a1nFXcF3&p_p_id=ThongTinCongBo_WAR_ThongTinCongBoportlet_INSTANCE_T0Pq&p_p_lifecycle=1&p_p_state=exclusive&p_p_mode=view&_ThongTinCongBo_WAR_ThongTinCongBoportlet_INSTANCE_T0Pq_anchor=viewAction&_ThongTinCongBo_WAR_ThongTinCongBoportlet_INSTANCE_T0Pq_cmd=dlAction&_ThongTinCongBo_WAR_ThongTinCongBoportlet_INSTANCE_T0Pq_dl_link=%2Fcims%2F2015_10_W5%2F000000005684298_PTD.JPG&_ThongTinCongBo_WAR_ThongTinCongBoportlet_INSTANCE_T0Pq_dl_name=PTD_2015.10.28_ac5e2ca_PTD.JPG,2015-11-01 17:00:00
462,3273,PTK,CTCP Luyện kim Phú Thịnh,3,OTC,HOSE,https://finance.vietstock.vn/PTK-ctcp-luyen-kim-phu-thinh.htm,21600000,Nguyên vật liệu,PTK: Quyết định hủy niêm yết cổ phiếu,http://static2.vietstock.vn/vietstock/2016/2/26/20160226_20160225 - PTK - QD huy NY.pdf,2016-03-01 17:00:00
463,1468,PTM,CTCP Sản xuất Thương mại và Dịch vụ Ô tô PTM,5,UPCOM,HNX,https://finance.vietstock.vn/PTM-ctcp-san-xuat-thuong-mai-va-dich-vu-o-to-ptm.htm,4200000,Thương mại hàng không thiết yếu,PTM: Hủy niêm yết cổ phiếu,http://static2.vietstock.vn/vietstock/2015/4/21/PTM_2015.4.21_5427a60_PTM.JPG,2015-05-13 17:00:00
464,4918,PTN,CTCP Phát triển nhà Khánh Hòa,3,OTC,UPCOM,https://finance.vietstock.vn/PTN-ctcp-phat-trien-nha-khanh-hoa.htm,5801924,Bất động sản,"PTN: Ngày 07/12/2023, ngày hủy ĐKGD cổ phiếu của CTCP Phát triển Nhà Khánh Hòa",https://static2.vietstock.vn/vietstock/2023/11/16/1_ptn_2023_11_16_bd6a885_4773tb_0001.pdf,2023-12-05 17:00:00
465,2254,PTX,CTCP Vận tải và Dịch vụ Petrolimex Nghệ Tĩnh,2,HNX,UPCOM,https://finance.vietstock.vn/PTX-ctcp-van-tai-va-dich-vu-petrolimex-nghe-tinh.htm,6432453,Năng lượng,"PTX: Ngày 30/09/2024, ngày hủy ĐKGD cổ phiếu của CTCP Vận tải và dịch vụ Petrolimex Nghệ Tĩnh",https://static2.vietstock.vn/vietstock/2024/9/20/1_ptx_2024_9_20_5f0c640_1007.pdf,2024-09-26 17:00:00
466,1444,PVA,CTCP Tổng Công ty Xây lắp Dầu khí Nghệ An,3,OTC,HNX,https://finance.vietstock.vn/PVA-ctcp-tong-cong-ty-xay-lap-dau-khi-nghe-an.htm,21846000,Hàng hóa công nghiệp,"PVA: Ngày 09/06/2014, ngày hủy niêm yết cổ phiếu của CTCP Tổng Công ty Xây lắp Dầu khí Nghệ An",http://static2.vietstock.vn/vietstock/2014/5/13/PVA_2014.5.13_9e70ba7_PVA_TB HUY.jpg,2014-06-05 17:00:00
467,1085,PVE,Tổng Công ty Tư vấn thiết kế Dầu khí - CTCP,5,UPCOM,HNX,https://finance.vietstock.vn/PVE-tong-cong-ty-tu-van-thiet-ke-dau-khi-ctcp.htm,25000000,Dịch vụ thương mại và chuyên nghiệp,"PVE: Ngày 28/05/2020, ngày hủy niêm yết cổ phiếu của Tổng Công ty Tư vấn Thiết kế Dầu khí - CTCP",http://static2.vietstock.vn/vietstock/2020/5/4/1.PVE_2020.5.4_85d0883_389tb_20200504_1.PDF,2020-05-26 17:00:00
468,1430,PVF,Tổng Công ty Tài chính Cổ phần Dầu khí Việt Nam,4,Khác,HOSE,https://finance.vietstock.vn/PVF-tong-cong-ty-tai-chinh-co-phan-dau-khi-viet-nam.htm,600000000,Tổ chức tín dụng,PVF:  Quyết định hủy niêm yết cổ phiếu ,,2013-09-22 17:00:00
469,2162,PVL,CTCP Địa ốc Dầu khí,5,UPCOM,HNX,https://finance.vietstock.vn/PVL-ctcp-dia-oc-dau-khi.htm,50000000,Bất động sản,"PVL: Ngày 14/04/2023, ngày hủy niêm yết cổ phiếu của CTCP Đầu tư Nhà đất Việt",https://static2.vietstock.vn/vietstock/2023/3/17/1_pvl_2023_3_17_9920fcc_pvl.pdf,2023-04-12 17:00:00
470,2985,PVP,CTCP Vận tải Dầu khí Thái Bình Dương,1,HOSE,UPCOM,https://finance.vietstock.vn/PVP-ctcp-van-tai-dau-khi-thai-binh-duong.htm,94275028,Năng lượng,"PVP: Ngày 09/01/2023, ngày hủy ĐKGD cổ phiếu của CTCP Vận tải Dầu khí Thái Bình Dương",https://static2.vietstock.vn/vietstock/2023/1/3/1_pvp_2023_1_3_fd56bd5_thong_bao_huy_upcom_ma_pvp.pdf,2023-01-05 17:00:00
471,2612,PVR,CTCP Đầu tư PVR Hà Nội,5,UPCOM,HNX,https://finance.vietstock.vn/PVR-ctcp-dau-tu-pvr-ha-noi.htm,53100913,Bất động sản,"PVR: Ngày 26/05/2017, ngày hủy niêm yết cổ phiếu của CTCP Kinh doanh dịch vụ cao cấp Dầu khí Việt Nam",http://static2.vietstock.vn/vietstock/2017/4/28/PVR_2017.4.28_88120b0_PVR_TB_huy.jpg,2017-05-24 17:00:00
472,2631,PVV,CTCP Vinaconex 39,5,UPCOM,HNX,https://finance.vietstock.vn/PVV-ctcp-vinaconex-39.htm,30000000,Hàng hóa công nghiệp,"PVV: Ngày 24/05/2019, ngày hủy niêm yết cổ phiếu của Công ty cổ phần Vinaconex 39",http://static2.vietstock.vn/vietstock/2019/5/3/1.PVV_2019.5.3_093f264_452tb_20190502_1.pdf,2019-05-22 17:00:00
473,1807,PVX,Tổng Công ty cổ phần Xây lắp Dầu khí Việt Nam,5,UPCOM,HNX,https://finance.vietstock.vn/PVX-tong-cong-ty-co-phan-xay-lap-dau-khi-viet-nam.htm,400000000,Hàng hóa công nghiệp,"PVX: Ngày 09/06/2020, ngày hủy niêm yết cổ phiếu của Tổng CTCP Xây lắp Dầu khí Việt Nam",http://static2.vietstock.vn/vietstock/2020/5/12/1.PVX_2020.5.12_0de9ba7_419tb_20200512_1.PDF,2020-06-07 17:00:00
474,2506,PX1,CTCP Xi măng Sông Lam 2,3,OTC,UPCOM,https://finance.vietstock.vn/PX1-ctcp-xi-mang-song-lam-2.htm,20000000,Nguyên vật liệu,"PX1: Ngày 20/04/2026, ngày hủy ĐKGD cổ phiếu của CTCP Xi Măng Sông Lam 2",https://static2.vietstock.vn/vietstock/2026/4/14/1_px1_2026_4_14_cee17f3_1659tb_0001.pdf,2026-04-16 17:00:00
475,2738,PXA,CTCP Đầu tư và Thương mại Dầu khí Nghệ An,5,UPCOM,HNX,https://finance.vietstock.vn/PXA-ctcp-dau-tu-va-thuong-mai-dau-khi-nghe-an.htm,15000000,Bất động sản,"PXA: Ngày 05/06/2018, ngày hủy niêm yết cổ phiếu của CTCP Đầu tư và Thương mại Dầu khí Nghệ An",http://static2.vietstock.vn/vietstock/2018/5/8/1.PXA_2018.5.8_e4d6dca_449tb_20180507_1.PDF,2018-06-03 17:00:00
476,2906,PXC,CTCP Phát triển Đô thị Dầu khí,3,OTC,UPCOM,https://finance.vietstock.vn/PXC-ctcp-phat-trien-do-thi-dau-khi.htm,28068900,Hàng hóa công nghiệp,"PXC: Ngày 21/01/2026, ngày hủy ĐKGD cổ phiếu của Công ty Cổ phần Phát triển Đô thị Dầu khí",https://static2.vietstock.vn/vietstock/2025/12/29/1_pxc_2025_12_29_eabfb70_pxc_tb_5697.pdf,2026-01-19 17:00:00
477,2586,PXI,CTCP Xây dựng Công nghiệp và Dân dụng Dầu khí,5,UPCOM,HOSE,https://finance.vietstock.vn/PXI-ctcp-xay-dung-cong-nghiep-va-dan-dung-dau-khi.htm,30000000,Hàng hóa công nghiệp,PXI: Thông báo về việc hủy niêm yết đối với cổ phiếu PXI,https://static2.vietstock.vn/vietstock/2022/4/12/20220412_20220412___pxi___tb_huy_niem_yet_bat_buoc.pdf,2022-05-05 17:00:00
478,2520,PXL,CTCP Đầu tư Khu Công nghiệp Dầu khí Long Sơn,5,UPCOM,HOSE,https://finance.vietstock.vn/PXL-ctcp-dau-tu-khu-cong-nghiep-dau-khi-long-son.htm,82722212,Bất động sản,PXL: Thông báo về việc hủy niêm yết đối với cổ phiếu PXL,http://static2.vietstock.vn/vietstock/2016/4/14/20160414_20160413 - PXL - TB huy niem yet.pdf,2016-05-11 17:00:00
479,2599,PXM,CTCP Xây lắp Dầu khí Miền Trung,5,UPCOM,HOSE,https://finance.vietstock.vn/PXM-ctcp-xay-lap-dau-khi-mien-trung.htm,15000000,Thương mại hàng không thiết yếu,PXM: Quyết định hủy niêm yết cổ phiếu,,2014-05-13 17:00:00
480,2592,PXS,CTCP Kết cấu Kim loại và Lắp máy Dầu khí,5,UPCOM,HOSE,https://finance.vietstock.vn/PXS-ctcp-ket-cau-kim-loai-va-lap-may-dau-khi.htm,60000000,Hàng hóa công nghiệp,PXS: Quyết định hủy niêm yết cổ phiếu,https://static2.vietstock.vn/vietstock/2022/5/25/20220525_20220524___pxs___quyet_dinh_huy_niem_yet_cp.pdf,2022-06-22 17:00:00
481,2554,PXT,CTCP Xây lắp Đường ống Bể chứa Dầu khí,5,UPCOM,HOSE,https://finance.vietstock.vn/PXT-ctcp-xay-lap-duong-ong-be-chua-dau-khi.htm,20000000,Hàng hóa công nghiệp,PXT: Thông báo về việc hủy niêm yết đối với cổ phiếu PXT,http://static2.vietstock.vn/vietstock/2021/4/28/20210428_20210428 - PXT - TB Huy Niem Yet Bat Buoc.pdf,2021-05-26 17:00:00
482,3330,PYU,CTCP Môi trường và Công trình Đô thị Phúc Yên,3,OTC,UPCOM,https://finance.vietstock.vn/PYU-ctcp-moi-truong-va-cong-trinh-do-thi-phuc-yen.htm,2073985,Dịch vụ thương mại và chuyên nghiệp,"PYU: Ngày 19/05/2022, ngày hủy ĐKGD cổ phiếu của CTCP Môi trường và Công trình đô thị Phúc Yên",https://static2.vietstock.vn/vietstock/2022/4/26/1_pyu_2022_4_26_cdb5d7c_1477tb_20220425_1.PDF,2022-05-17 17:00:00
483,4334,QBR,CTCP Đường sắt Quảng Bình,3,OTC,UPCOM,https://finance.vietstock.vn/QBR-ctcp-duong-sat-quang-binh.htm,1760500,Vận tải,"QBR: Ngày 13/08/2021, ngày hủy ĐKGD cổ phiếu của CTCP Đường sắt Quảng Bình",http://static2.vietstock.vn/vietstock/2021/7/23/1.QBR_2021.7.23_a78664a_2390tb_20210722_1.PDF,2021-08-11 17:00:00
484,3758,QBS,CTCP Xuất nhập khẩu Quảng Bình,5,UPCOM,HOSE,https://finance.vietstock.vn/QBS-ctcp-xuat-nhap-khau-quang-binh.htm,69329928,Nguyên vật liệu,QBS: Thông báo về việc hủy niêm yết đối với cổ phiếu,https://static2.vietstock.vn/vietstock/2024/4/11/20240411_20240410___qbs___tb_huy_ny.pdf,2024-05-08 17:00:00
485,1902,QCC,CTCP Đầu tư Xây dựng và Phát triển Hạ tầng Viễn thông,5,UPCOM,HNX,https://finance.vietstock.vn/QCC-ctcp-dau-tu-xay-dung-va-phat-trien-ha-tang-vien-thong.htm,1500000,Hàng hóa công nghiệp,"QCC: Ngày 26/05/2014, ngày hủy niêm yết cổ phiếu của CTCP Xây lắp và phát triển Dịch vụ Bưu điện Quảng Nam",http://static2.vietstock.vn/vietstock/2014/4/29/QCC_2014.4.29_167d3af_QCC_TB ngay huy NY.doc,2014-05-22 17:00:00
486,4630,QLD,CTCP Quản lý và Xây dựng Giao thông Lạng Sơn,3,OTC,UPCOM,https://finance.vietstock.vn/QLD-ctcp-quan-ly-va-xay-dung-giao-thong-lang-son.htm,1207400,Dịch vụ thương mại và chuyên nghiệp,"QLD: Ngày 23/08/2022, ngày hủy ĐKGD cổ phiếu của CTCP Quản lý và Xây dựng Giao thông Lạng Sơn",https://static2.vietstock.vn/vietstock/2022/7/30/1_qld_2022_7_30_0e80361_2450tb_0002.pdf,2022-08-21 17:00:00
487,4477,QLT,CTCP Quản lý Bảo trì Đường thủy Nội địa Số 10,3,OTC,UPCOM,https://finance.vietstock.vn/QLT-ctcp-quan-ly-bao-tri-duong-thuy-noi-dia-so-10.htm,1500000,Vận tải,"QLT: Ngày 27/12/2022, ngày hủy ĐKGD cổ phiếu của CTCP Quản lý Bảo trì Đường thủy nội địa số 10",https://static2.vietstock.vn/vietstock/2022/12/1/1_qlt_2022_12_1_268dc0d_img_1480.jpg,2022-12-25 17:00:00
488,1086,QNC,CTCP Xi măng và Xây dựng Quảng Ninh,5,UPCOM,HNX,https://finance.vietstock.vn/QNC-ctcp-xi-mang-va-xay-dung-quang-ninh.htm,38721909,Nguyên vật liệu,"QNC: Ngày 29/09/2020, ngày hủy niêm yết cổ phiếu của CTCP Xi măng và Xây dựng Quảng Ninh",http://static2.vietstock.vn/vietstock/2020/9/21/1.QNC_2020.9.21_36db977_986tb_20200918_1.PDF,2020-09-27 17:00:00
489,1812,RDP,CTCP Rạng Đông Holding,3,OTC,HOSE,https://finance.vietstock.vn/RDP-ctcp-rang-dong-holding.htm,49069803,Nguyên vật liệu,RDP: Quyết định về việc hủy niêm yết cổ phiếu,https://static2.vietstock.vn/vietstock/2025/4/18/20250418_20250417___rdp___quyet_dinh_huy_niem_yet_chung_khoan.pdf,2024-11-26 17:00:00
490,3226,RGC,CTCP Đầu tư PV - Inconess,3,OTC,UPCOM,https://finance.vietstock.vn/RGC-ctcp-dau-tu-pv-inconess.htm,89123600,Dịch vụ tiêu dùng,"RGC: Ngày 12/01/2024, ngày hủy ĐKGD cổ phiếu của CTCP Đầu tư PV- Inconess",https://static2.vietstock.vn/vietstock/2023/12/19/1_rgc_2023_12_19_70cb722_tb_huy.pdf,2024-01-10 17:00:00
491,762,RHC,CTCP Thủy điện Ry Ninh II,4,Khác,HNX,https://finance.vietstock.vn/RHC-ctcp-thuy-dien-ry-ninh-ii.htm,5120000,Tiện ích,RHC: Thông báo hủy niêm yết cổ phiếu,HTTP://STATIC2.VIETSTOCK.VN/VIETSTOCK/2013/11/27/RHC_2013.11.27_23D374A_QUYET DINH HUY NYCP_26.11.2013.DOC,2013-12-09 17:00:00
492,4469,RHN,CTCP Đường sắt Hà Ninh,3,OTC,UPCOM,https://finance.vietstock.vn/RHN-ctcp-duong-sat-ha-ninh.htm,1509900,Hàng hóa công nghiệp,"RHN: Ngày 30/06/2021, ngày hủy ĐKGD cổ phiếu của CTCP Đường sắt Hà Ninh",https://static2.vietstock.vn/vietstock/2021/6/11/1.RHN_2021.6.11_a11a821_2066tb_20210609_1.PDF,2021-06-28 17:00:00
493,913,RIC,CTCP Quốc tế Hoàng Gia,5,UPCOM,HOSE,https://finance.vietstock.vn/RIC-ctcp-quoc-te-hoang-gia.htm,28708169,Dịch vụ tiêu dùng,RIC: Quyết định hủy niêm yết cổ phiếu,https://static2.vietstock.vn/vietstock/2022/4/14/20220414_20220413___ric___quyet_dinh_huy_niem_yet.pdf,2022-05-12 17:00:00
494,4412,RLC,CTCP Đường bộ Lào Cai,3,OTC,UPCOM,https://finance.vietstock.vn/RLC-ctcp-duong-bo-lao-cai.htm,1138689,Hàng hóa công nghiệp,"RLC: Ngày 08/06/2021, ngày hủy ĐKGD cổ phiếu của CTCP Đường bộ Lào Cai",http://static2.vietstock.vn/vietstock/2021/5/20/1.RLC_2021.5.20_654867c_1657tb_20210514_1.PDF,2021-06-06 17:00:00
495,4357,ROS,CTCP Xây dựng FLC Faros,3,OTC,HOSE,https://finance.vietstock.vn/ROS-ctcp-xay-dung-flc-faros.htm,567598121,Hàng hóa công nghiệp,ROS: Quyết định về việc hủy niêm yết cổ phiếu,https://static2.vietstock.vn/vietstock/2022/8/25/20220825_20220825___ros___quyet_dinh_huy_niem_yet_cp.pdf,2022-08-30 17:00:00
496,4461,RTH,CTCP Đường sắt Thanh Hóa,3,OTC,UPCOM,https://finance.vietstock.vn/RTH-ctcp-duong-sat-thanh-hoa.htm,2085900,Hàng hóa công nghiệp,"RTH: Ngày 20/07/2021, ngày hủy ĐKGD cổ phiếu của CTCP Đường sắt Thanh Hóa",https://static2.vietstock.vn/vietstock/2021/6/28/1.RTH_2021.6.28_fdc1e1e_2189tb_20210625_1.PDF,2021-07-18 17:00:00
497,4399,RTS,CTCP Thông tin Tín hiệu Đường sắt Đà Nẵng,3,OTC,UPCOM,https://finance.vietstock.vn/RTS-ctcp-thong-tin-tin-hieu-duong-sat-da-nang.htm,1083333,Vận tải,"RTS: Ngày 29/06/2021, ngày hủy ĐKGD cổ phiếu của CTCP Thông tin tín hiệu Đường sắt Đà Nẵng",https://static2.vietstock.vn/vietstock/2021/6/7/1.RTS_2021.6.7_051df52_viber_image_20210604_134102.jpg,2021-06-27 17:00:00
498,1095,S12,CTCP Sông Đà 12,5,UPCOM,HNX,https://finance.vietstock.vn/S12-ctcp-song-da-12.htm,5000000,Hàng hóa công nghiệp,"S12: Ngày 19/05/2016, ngày hủy niêm yết cổ phiếu của CTCP Sông Đà 12",http://static2.vietstock.vn/vietstock/2016/4/21/S12_2016.4.21_ef3bf86_S12.jpg,2016-05-17 17:00:00
499,2223,S27,CTCP Sông Đà 27,3,OTC,HNX,https://finance.vietstock.vn/S27-ctcp-song-da-27.htm,1562833,Nguyên vật liệu,S27: Thông báo hủy niêm yết cổ phiếu S27,HTTP://STATIC2.VIETSTOCK.VN/VIETSTOCK/2013/4/22/S27_2013.4.22_A34556B_S27_-QD HUY NY.DOC,2013-05-15 17:00:00
500,2156,S33,CTCP Mía đường 333,3,OTC,UPCOM,https://finance.vietstock.vn/S33-ctcp-mia-duong-333.htm,8331409,"Thực phẩm, đồ uống và thuốc lá","S33: Ngày 18/02/2019, ngày hủy ĐKGD cổ phiếu của CTCP Mía đường 333",https://owa.hnx.vn/ftp///cims/2019/1_W5/000000008092590_98tb_20190129_1.PDF,2019-02-14 17:00:00
501,948,S64,CTCP Sông Đà 6.04,4,Khác,HNX,https://finance.vietstock.vn/S64-ctcp-song-da-6-04.htm,2000000,Hàng hóa công nghiệp,S64: Hủy niêm yết cổ phiếu của CTCP Sông Đà 6.04,,2012-07-11 17:00:00
502,1799,S74,CTCP Sông Đà 7.04,5,UPCOM,HNX,https://finance.vietstock.vn/S74-ctcp-song-da-7-04.htm,6480000,Nguyên vật liệu,"S74: Ngày 03/6/2021, ngày hủy niêm yết cổ phiếu của Công ty cổ phần Sông Đà 7.04",http://static2.vietstock.vn/vietstock/2021/5/5/1.S74_2021.5.5_88eb852_1497tb_20210505_1.pdf,2021-06-01 17:00:00
503,956,S91,CTCP Sông Đà 9.01,4,Khác,HNX,https://finance.vietstock.vn/S91-ctcp-song-da-9-01.htm,2940000,Hàng hóa công nghiệp,S91: Quyết định và Thông báo hủy niêm yết,http://static2.vietstock.vn/vietstock/2013/12/20/S91_2013.12.20_3490aac_S91_TB ngay huy NY.doc,2014-01-05 17:00:00
504,719,S96,CTCP Sông Đà 9.06,3,OTC,HNX,https://finance.vietstock.vn/S96-ctcp-song-da-9-06.htm,11155532,Hàng hóa công nghiệp,"S96: Ngày 30/05/2014, ngày hủy niêm yết cổ phiếu của CTCP Sông Đà 9.06",http://static2.vietstock.vn/vietstock/2014/5/26/S96_2014.5.26_ff084f6_S96_TB ngay huy NY.final.doc,2014-05-28 17:00:00
505,957,SAP,CTCP In Sách giáo khoa Thành phố Hồ Chí Minh,3,OTC,HNX,https://finance.vietstock.vn/SAP-ctcp-in-sach-giao-khoa-thanh-pho-ho-chi-minh.htm,1286984,Dịch vụ thương mại và chuyên nghiệp,"SAP: Ngày 26/04/2018, ngày hủy niêm yết cổ phiếu của Công Ty Cổ phần In Sách giáo khoa Tp. HCM",http://static2.vietstock.vn/vietstock/2018/3/28/1.SAP_2018.3.28_68ee1fd_241TB_20180328_1506_1.PDF,2018-04-23 17:00:00
506,2205,SBC,CTCP Vận tải và Giao nhận Bia Sài Gòn,3,OTC,HOSE,https://finance.vietstock.vn/SBC-ctcp-van-tai-va-giao-nhan-bia-sai-gon.htm,8000000,Vận tải,SBC: Quyết định hủy niêm yết cổ phiếu,,2015-02-10 17:00:00
507,1406,SBS,CTCP Chứng khoán SBS,5,UPCOM,HOSE,https://finance.vietstock.vn/SBS-ctcp-chung-khoan-sbs.htm,126660000,Dịch vụ tài chính,SBS: Thông báo hủy niêm yết cổ phiếu                                         ,,2013-03-21 17:00:00
508,4819,SCA,CTCP Nông nghiệp Sông Con,3,OTC,UPCOM,https://finance.vietstock.vn/SCA-ctcp-nong-nghiep-song-con.htm,2076000,"Thực phẩm, đồ uống và thuốc lá","SCA: Ngày 31/08/2022, ngày hủy ĐKGD cổ phiếu của CTCP Nông nghiệp Sông Con",https://static2.vietstock.vn/vietstock/2022/8/10/1_sca_2022_8_10_5249180_2547tb_0001.pdf,2022-08-29 17:00:00
509,958,SCC,CTCP Thương mại Đầu tư SHB,5,UPCOM,HNX,https://finance.vietstock.vn/SCC-ctcp-thuong-mai-dau-tu-shb.htm,1980000,Nguyên vật liệu,SCC: Quyết định về việc hủy niêm yết cổ phiếu SCC,HTTP://STATIC2.VIETSTOCK.VN/VIETSTOCK/2013/4/26/SCC_2013.4.25_5B36E53_SCC_QD HUY NY.DOC,2013-05-21 17:00:00
510,729,SCD,CTCP Nước giải khát Chương Dương,5,UPCOM,HOSE,https://finance.vietstock.vn/SCD-ctcp-nuoc-giai-khat-chuong-duong.htm,8500000,"Thực phẩm, đồ uống và thuốc lá",SCD: Quyết định hủy niêm yết cổ phiếu,https://static2.vietstock.vn/vietstock/2024/4/5/20240405_20240405___scd___qd_huy_niem_yet_bat_buoc.pdf,2024-05-02 17:00:00
511,4856,SCG,CTCP Tập đoàn Xây dựng SCG,2,HNX,UPCOM,https://finance.vietstock.vn/SCG-ctcp-tap-doan-xay-dung-scg.htm,85000000,Hàng hóa công nghiệp,"SCG: Ngày 15/10/2021, ngày hủy ĐKGD cổ phiếu của Công ty cổ phần Xây dựng SCG",http://static2.vietstock.vn/vietstock/2021/10/8/1.SCG_2021.10.8_876beba_3093tb_20211008_1.PDF,2021-10-13 17:00:00
512,4421,SCH,CTCP Thủy điện Sông Chảy 5,3,OTC,UPCOM,https://finance.vietstock.vn/SCH-ctcp-thuy-dien-song-chay-5.htm,15000000,Tiện ích,SCH: Công bố thông tin về việc Hủy đăng ký công ty đại chúng,http://static2.vietstock.vn/vietstock/2018/4/24/1.SCH_2018.4.24_76912e5_CV_so_2477_cua_UBCKNN_Vv_Huy_dang_ky_cong_ty_dai_chung.pdf,2018-05-23 17:00:00
513,3729,SCI,CTCP SCI E&C,2,HNX,UPCOM,https://finance.vietstock.vn/SCI-ctcp-sci-ec.htm,10000000,Hàng hóa công nghiệp,"SCI: Ngày 25/12/2015, ngày hủy ĐKGD cổ phiếu của CTCP Xây dựng và Đầu tư Sông Đà 9",http://hnx.vn/web/guest/tin-upcom?p_auth=XQv7wOZ8&p_p_id=ThongTinCongBo_WAR_ThongTinCongBoportlet_INSTANCE_T0Pq&p_p_lifecycle=1&p_p_state=exclusive&p_p_mode=view&_ThongTinCongBo_WAR_ThongTinCongBoportlet_INSTANCE_T0Pq_anchor=viewAction&_ThongTinCongBo_WAR_ThongTinCongBoportlet_INSTANCE_T0Pq_cmd=dlAction&_ThongTinCongBo_WAR_ThongTinCongBoportlet_INSTANCE_T0Pq_dl_link=%2Fcims%2F2015_12_W4%2F000000005738434_SCI.JPG&_ThongTinCongBo_WAR_ThongTinCongBoportlet_INSTANCE_T0Pq_dl_name=SCI_2015.12.22_ddb5560_SCI.JPG,2015-12-23 17:00:00
514,963,SCJ,CTCP Xi măng Sài Sơn,5,UPCOM,HNX,https://finance.vietstock.vn/SCJ-ctcp-xi-mang-sai-son.htm,19516000,Nguyên vật liệu,"SCJ: Ngày 20/05/2019, ngày hủy niêm yết cổ phiếu của CTCP Xi măng Sài Sơn",http://static2.vietstock.vn/vietstock/2019/5/13/1.SCJ_2019.5.13_df48e2a_SCJ_thong_bao_huy_ny.jpg,2019-05-16 17:00:00
515,2207,SCL,CTCP Sông Đà Cao Cường,5,UPCOM,HNX,https://finance.vietstock.vn/SCL-ctcp-song-da-cao-cuong.htm,13889973,Nguyên vật liệu,"SCL: Ngày 08/05/2020, ngày hủy niêm yết cổ phiếu của Công ty cổ phần Sông Đà Cao Cường",http://static2.vietstock.vn/vietstock/2020/4/13/1.SCL_2020.4.13_7c740f7_312tb_20200413_1.PDF,2020-05-06 17:00:00
516,1356,SCR,CTCP Địa ốc Sài Gòn Thương Tín,1,HOSE,HNX,https://finance.vietstock.vn/SCR-ctcp-dia-oc-sai-gon-thuong-tin.htm,217069134,Bất động sản,"SCR: Ngày 11/11/2016, ngày hủy niêm yết cổ phiếu của CTCP Địa ốc Sài Gòn Thương Tín",http://static2.vietstock.vn/vietstock/2016/11/7/SCR_2016.11.7_db3563e_SCR.pdf,2016-11-09 17:00:00
517,3311,SCS,CTCP Dịch vụ Hàng hóa Sài Gòn,1,HOSE,UPCOM,https://finance.vietstock.vn/SCS-ctcp-dich-vu-hang-hoa-sai-gon.htm,49985700,Vận tải,"SCS: Ngày 26/07/2018, ngày hủy ĐKGD cổ phiếu của CTCP Dịch vụ Hàng hóa Sài Gòn",https://owa.hnx.vn/ftp///cims/2018/7_W3/000000007709577_746tb_20180719_1.PDF,2018-07-24 17:00:00
518,4863,SCV,CTCP Muối Việt Nam,3,OTC,UPCOM,https://finance.vietstock.vn/SCV-ctcp-muoi-viet-nam.htm,1279392,"Thực phẩm, đồ uống và thuốc lá","SCV: Ngày 14/12/2022, ngày hủy ĐKGD cổ phiếu của CTCP Muối Việt Nam",https://static2.vietstock.vn/vietstock/2022/11/18/1_scv_2022_11_18_7406bb9_3295tb_0001.pdf,2022-12-12 17:00:00
519,4578,SCY,CTCP Đóng tàu Sông Cấm,3,OTC,UPCOM,https://finance.vietstock.vn/SCY-ctcp-dong-tau-song-cam.htm,61968926,Hàng hóa công nghiệp,"SCY: Ngày 20/06/2025, ngày hủy ĐKGD cổ phiếu của CTCP Đóng tàu Sông Cấm",https://static2.vietstock.vn/vietstock/2025/5/29/1_scy_2025_5_29_e4c9d60_scy.pdf,2025-06-18 17:00:00
520,2423,SD1,CTCP Sông Đà 1,3,OTC,HNX,https://finance.vietstock.vn/SD1-ctcp-song-da-1.htm,5000000,Hàng hóa công nghiệp,"SD1: Ngày 15/05/2015, ngày hủy niêm yết cổ phiếu của CTCP Sông Đà 1",http://static2.vietstock.vn/vietstock/2015/4/21/SD1_2015.4.21_879cb2c_New_Doc_7.pdf,2015-05-13 17:00:00
521,1097,SD2,CTCP Sông Đà 2,5,UPCOM,HNX,https://finance.vietstock.vn/SD2-ctcp-song-da-2.htm,14423536,Hàng hóa công nghiệp,"SD2: Ngày 29/07/2022, ngày hủy niêm yết cổ phiếu của CTCP Sông Đà 2",https://static2.vietstock.vn/vietstock/2022/7/15/1_sd2_2022_7_15_4aed55e_sd2_huy.jpg,2022-07-27 17:00:00
522,962,SD3,CTCP Sông Đà 3,5,UPCOM,HNX,https://finance.vietstock.vn/SD3-ctcp-song-da-3.htm,15999356,Tiện ích,SD3: Hủy niêm yết cổ phiếu của CTCP Sông Đà 3,,2012-10-24 17:00:00
523,1169,SD4,CTCP Sông Đà 4,5,UPCOM,HNX,https://finance.vietstock.vn/SD4-ctcp-song-da-4.htm,10300000,Hàng hóa công nghiệp,"SD4: Ngày 14/06/2023, ngày hủy niêm yết cổ phiếu của CÔNG TY CỔ PHẦN SÔNG ĐÀ 4",https://static2.vietstock.vn/vietstock/2023/5/17/1_sd4_2023_5_17_bba8630_1765tb_0001.pdf,2023-06-12 17:00:00
524,964,SD6,CTCP Sông Đà 6,5,UPCOM,HNX,https://finance.vietstock.vn/SD6-ctcp-song-da-6.htm,34771611,Hàng hóa công nghiệp,"SD6: Ngày 23/08/2024, Thông báo hủy niêm yết cổ phiếu bắt buôcj của CTCP Sông Đà 6",https://static2.vietstock.vn/vietstock/2024/7/26/1_sd6_2024_7_26_4958e74_3502tb_0001.pdf,2024-08-21 17:00:00
525,965,SD7,CTCP Sông Đà 7,5,UPCOM,HNX,https://finance.vietstock.vn/SD7-ctcp-song-da-7.htm,10600000,Hàng hóa công nghiệp,"SD7: Ngày 25/05/2018, ngày hủy niêm yết cổ phiếu của Công ty Cổ phần Sông Đà 7",http://static2.vietstock.vn/vietstock/2018/4/27/1.SD7_2018.4.27_e917ecb_SD7420tb_20180427_1.PDF,2018-05-23 17:00:00
526,1442,SD8,CTCP Sông Đà 8,5,UPCOM,HNX,https://finance.vietstock.vn/SD8-ctcp-song-da-8.htm,2800000,Hàng hóa công nghiệp,SD8: Hủy niêm yết cổ phiếu SD8,,2013-05-08 17:00:00
527,966,SDA,CTCP Simco Sông Đà,5,UPCOM,HNX,https://finance.vietstock.vn/SDA-ctcp-simco-song-da.htm,26205990,Dịch vụ thương mại và chuyên nghiệp,"SDA: Ngày 22/05/2026, Thông báo hủy niêm yết của CTCP SIMCO Sông Đà",https://static2.vietstock.vn/vietstock/2026/5/4/1_sda_2026_4_29_5822861_sda_tb_huy.pdf,2026-05-20 17:00:00
528,1418,SDB,CTCP Sông Đà 207,3,OTC,HNX,https://finance.vietstock.vn/SDB-ctcp-song-da-207.htm,11000000,Hàng hóa công nghiệp,"SDB: Ngày 04/06/2014, ngày hủy niêm yết cổ phiếu của CTCP Sông Đà 207",http://static2.vietstock.vn/vietstock/2014/5/9/SDB_2014.5.9_ea36a4a_SDB_TB ngay huy NY.final.doc,2014-06-02 17:00:00
529,1099,SDD,CTCP Đầu tư và Xây lắp Sông Đà,5,UPCOM,HNX,https://finance.vietstock.vn/SDD-ctcp-dau-tu-va-xay-lap-song-da.htm,16007685,Hàng hóa công nghiệp,"SDD: Ngày 04/06/2019, ngày hủy niêm yết cổ phiếu của CTCP Đầu tư và Xây lắp Sông đà",http://static2.vietstock.vn/vietstock/2019/5/7/1.SDD_2019.5.7_123f104_IMG_2806.jpg,2019-06-02 17:00:00
530,2174,SDE,CTCP Kỹ thuật Điện Sông Đà,3,OTC,HNX,https://finance.vietstock.vn/SDE-ctcp-ky-thuat-dien-song-da.htm,1751092,Hàng hóa công nghiệp,"SDE: Ngày 19/04/2019, ngày hủy niêm yết cổ phiếu của CTCP Kỹ thuật điện Sông Đà",http://static2.vietstock.vn/vietstock/2019/3/26/1.SDE_2019.3.26_85d658f_SDE.jpg,2019-04-17 17:00:00
531,2464,SDF,Công ty Tài chính Cổ phần Sông Đà,4,Khác,UPCOM,https://finance.vietstock.vn/SDF-cong-ty-tai-chinh-co-phan-song-da.htm,68600000,Tổ chức tín dụng,"SDF: Ngày 09/03/2016, ngày hủy ĐKGD cổ phiếu của Công ty Tài chính cổ phần Sông Đà",http://hnx.vn/web/guest/tin-upcom?p_auth=KHmsoVb5&p_p_id=ThongTinCongBo_WAR_ThongTinCongBoportlet_INSTANCE_T0Pq&p_p_lifecycle=1&p_p_state=exclusive&p_p_mode=view&_ThongTinCongBo_WAR_ThongTinCongBoportlet_INSTANCE_T0Pq_anchor=viewAction&_ThongTinCongBo_WAR_ThongTinCongBoportlet_INSTANCE_T0Pq_cmd=dlAction&_ThongTinCongBo_WAR_ThongTinCongBoportlet_INSTANCE_T0Pq_dl_link=%2Fcims%2F2016_2_W4%2F000000005813427_SDF_thong_bao_huy_DKGD.PDF&_ThongTinCongBo_WAR_ThongTinCongBoportlet_INSTANCE_T0Pq_dl_name=SDF_2016.2.24_b7e104b_SDF_thong_bao_huy_DKGD.PDF,2016-03-07 17:00:00
532,1849,SDH,CTCP Xây dựng Hạ tầng Sông Đà,3,OTC,HNX,https://finance.vietstock.vn/SDH-ctcp-xay-dung-ha-tang-song-da.htm,20950000,Hàng hóa công nghiệp,"SDH: Ngày 08/09/2017, ngày hủy niêm yết cổ phiếu của CTCP Xây dựng hạ tầng Sông Đà",https://owa.hnx.vn/ftp///cims/2017/8_W3/000000006926024_1048__thong_bao_huy_sdh.jpg,2017-09-06 17:00:00
533,3019,SDI,CTCP Đầu Tư và Phát triển Đô Thị Sài Đồng,4,Khác,UPCOM,https://finance.vietstock.vn/SDI-ctcp-dau-tu-va-phat-trien-do-thi-sai-dong.htm,119995800,Bất động sản,"SDI: Ngày 27/12/2019, ngày hủy ĐKGD cổ phiếu của Công ty cổ phần Đầu tư và Phát triển Đô thị Sài Đồng",https://owa.hnx.vn/ftp///cims/2019/12_W3/000000008920363_1474tb_20191216_1.pdf,2019-12-25 17:00:00
534,1100,SDJ,CTCP Sông Đà 25,3,OTC,HNX,https://finance.vietstock.vn/SDJ-ctcp-song-da-25.htm,4343700,Nguyên vật liệu,SDJ: Thông báo hủy niêm yết cổ phiếu SDJ,HTTP://STATIC2.VIETSTOCK.VN/VIETSTOCK/2013/4/22/SDJ_2013.4.22_7F9C81B_SDJ_QD HUY NY.DOC,2013-05-19 17:00:00
535,1542,SDP,CTCP SDP,5,UPCOM,HNX,https://finance.vietstock.vn/SDP-ctcp-sdp.htm,11114472,Hàng hóa công nghiệp,"SDP: Ngày 21/02/2019, ngày hủy niêm yết cổ phiếu của CTCP SDP",http://static2.vietstock.vn/vietstock/2019/1/23/1.SDP_2019.1.23_b915903_74tb_20190123_1.PDF,2019-02-19 17:00:00
536,1215,SDS,CTCP Xây lắp và Đầu tư Sông Đà,3,OTC,HNX,https://finance.vietstock.vn/SDS-ctcp-xay-lap-va-dau-tu-song-da.htm,2800000,Hàng hóa công nghiệp,SDS: Hủy niêm yết tự nguyện để chuyển sang UPCoM,,2012-09-12 17:00:00
537,968,SDT,CTCP Sông Đà 10,5,UPCOM,HNX,https://finance.vietstock.vn/SDT-ctcp-song-da-10.htm,42732311,Hàng hóa công nghiệp,"SDT: Ngày 24/01/2024, Thông báo hủy niêm yết bắt buộc cổ phiếu SDT của CTCP Sông Đà 10",https://static2.vietstock.vn/vietstock/2023/12/28/1_sdt_2023_12_28_06c190b_sdt_tb.pdf,2024-01-22 17:00:00
538,4132,SDX,CTCP Phòng cháy Chữa cháy và Đầu tư Xây dựng Sông Đà,3,OTC,UPCOM,https://finance.vietstock.vn/SDX-ctcp-phong-chay-chua-chay-va-dau-tu-xay-dung-song-da.htm,2250000,Hàng hóa công nghiệp,"SDX: Ngày 19/09/2025, ngày hủy ĐKGD cổ phiếu của CTCP Phòng cháy chữa cháy và Đầu tư Xây dựng Sông Đà",https://static2.vietstock.vn/vietstock/2025/9/11/2_sdx_2025_9_11_c81f7b5_4022tb_0001.pdf,2025-09-17 17:00:00
539,969,SDY,CTCP Xi măng Sông Đà Yaly,5,UPCOM,HNX,https://finance.vietstock.vn/SDY-ctcp-xi-mang-song-da-yaly.htm,4500000,Nguyên vật liệu,"SDY: Ngày 02/06/2017, ngày hủy niêm yết cổ phiếu của CTCP Xi măng Sông Đà Yaly",http://static2.vietstock.vn/vietstock/2017/5/5/SDY_2017.5.5_08fbd9c_SDY_ngay_huy_ny.jpg,2017-05-31 17:00:00
540,1843,SEC,CTCP Mía đường - Nhiệt điện Gia Lai,4,Khác,HOSE,https://finance.vietstock.vn/SEC-ctcp-mia-duong-nhiet-dien-gia-lai.htm,38999876,"Thực phẩm, đồ uống và thuốc lá",SEC: Quyết định hủy niêm yết cổ phiếu,http://static2.vietstock.vn/vietstock/2015/9/14/20150914_20150914 - SEC - QD huy niem yet.pdf,2015-09-24 17:00:00
541,2628,SEL,CTCP Sông Đà 11 Thăng Long,4,Khác,HNX,https://finance.vietstock.vn/SEL-ctcp-song-da-11-thang-long.htm,5000000,Hàng hóa công nghiệp,SEL: Quyết định và Thông báo Hủy niêm yết,HTTP://STATIC2.VIETSTOCK.VN/VIETSTOCK/2013/3/2013/9/13/SEL_2013.9.13_7B401B1_TB HUY.DOC,2013-09-29 17:00:00
542,3151,SFT,CTCP Softech,3,OTC,UPCOM,https://finance.vietstock.vn/SFT-ctcp-softech.htm,3000000,Dịch vụ thương mại và chuyên nghiệp,"SFT: Ngày 31/01/2018, ngày hủy ĐKGD cổ phiếu của CTCP Softech",https://owa.hnx.vn/ftp///cims/2018/1_W4/000000007203621_27479540_1545801932134528_1887717780_o.jpg,2018-01-29 17:00:00
543,3847,SGN,CTCP Phục vụ Mặt đất Sài Gòn,1,HOSE,UPCOM,https://finance.vietstock.vn/SGN-ctcp-phuc-vu-mat-dat-sai-gon.htm,23995952,Vận tải,"SGN: Ngày 23/07/2018, ngày hủy ĐKGD cổ phiếu của CTCP Phục vụ Mặt đất Sài Gòn",https://owa.hnx.vn/ftp///cims/2018/7_W2/000000007686452_721tb_20180712_1.PDF,2018-07-19 17:00:00
544,4114,SGO,CTCP Dầu thực vật Sài Gòn,3,OTC,HNX,https://finance.vietstock.vn/SGO-ctcp-dau-thuc-vat-sai-gon.htm,20000000,"Thực phẩm, đồ uống và thuốc lá","SGO: Ngày 20/12/2019, ngày hủy niêm yết cổ phiếu của CTCP Dầu thực vật Sài Gòn",https://owa.hnx.vn/ftp///cims/2019/11_W5/000000008891465_1373tb_20191125_1.pdf,2019-12-18 17:00:00
545,2015,SGR,CTCP Tổng CTCP Địa ốc Sài Gòn,1,HOSE,UPCOM,https://finance.vietstock.vn/SGR-ctcp-tong-ctcp-dia-oc-sai-gon.htm,39599989,Bất động sản,"SGR: Ngày 08/01/2018, ngày hủy ĐKGD cổ phiếu của CTCP Địa ốc Sài Gòn",https://owa.hnx.vn/ftp///cims/2018/1_W1/000000007142905_1711_tb_2017_12_29_1717_1.PDF,2018-01-04 17:00:00
546,3269,SHA,CTCP Sơn Hà Sài Gòn,1,HOSE,HNX,https://finance.vietstock.vn/SHA-ctcp-son-ha-sai-gon.htm,18000000,Hàng hóa công nghiệp,"SHA: Ngày 23/11/2016, ngày hủy niêm yết cổ phiếu của CTCP Sơn Hà Sài Gòn",http://static2.vietstock.vn/vietstock/2016/11/21/SHA_2016.11.21_f34d303_1205_tb_2016_11_21_0923_1.PDF,2016-11-21 17:00:00
547,1208,SHB,Ngân hàng TMCP Sài Gòn - Hà Nội,1,HOSE,HNX,https://finance.vietstock.vn/SHB-ngan-hang-tmcp-sai-gon-ha-noi.htm,1926048837,Tổ chức tín dụng,SHB: Thông báo về ngày giao dịch cuối cùng của cổ phiếu SHB tại Sở GDCK Hà Nội để chuyển sang giao dịch tại SGDCK TP Hồ Chí Minh,https://owa.hnx.vn/ftp///cims/2021/9_W4/000000010845505_2946tb_20210923_1.PDF,2021-10-04 17:00:00
548,773,SHC,CTCP Hàng hải Sài Gòn,5,UPCOM,HNX,https://finance.vietstock.vn/SHC-ctcp-hang-hai-sai-gon.htm,4309550,Vận tải,SHC: Thông báo về việc hủy niêm yết cổ phiếu SHC của CTCP Hàng hải Sài Gòn ,,2013-05-19 17:00:00
549,3102,SHG,Tổng Công ty cổ phần Sông Hồng,3,OTC,UPCOM,https://finance.vietstock.vn/SHG-tong-cong-ty-co-phan-song-hong.htm,27000000,Hàng hóa công nghiệp,"SHG: Ngày 27/05/2026, ngày hủy ĐKGD cổ phiếu của Tổng CTCP Sông Hồng",https://static2.vietstock.vn/vietstock/2026/5/6/1_shg_2026_5_6_313d57e_tb_shg_1.pdf,2026-05-25 17:00:00
550,1764,SHP,CTCP Thủy điện Miền Nam,1,HOSE,UPCOM,https://finance.vietstock.vn/SHP-ctcp-thuy-dien-mien-nam.htm,93710200,Tiện ích,"SHP: Ngày 14/07/2014, ngày hủy ĐKGD cổ phiếu của CTCP Thủy điện miền Nam",http://www.hnx.vn/web/guest/tin-upcom?p_p_id=newnyuc_WAR_HnxIndexportlet&p_p_lifecycle=1&p_p_state=exclusive&p_p_mode=view&_newnyuc_WAR_HnxIndexportlet_anchor=viewAction&_newnyuc_WAR_HnxIndexportlet_cmd=dlAction&_newnyuc_WAR_HnxIndexportlet_dl_link=news%2FSHP_2014.6.25_c7181ff_SHP_TB+huy+DKGD_23062014.doc,2014-07-10 17:00:00
551,4395,SHX,CTCP Sài Gòn Hỏa xa,3,OTC,UPCOM,https://finance.vietstock.vn/SHX-ctcp-sai-gon-hoa-xa.htm,1720000,Bất động sản,"SHX: Ngày 03/11/2023, ngày hủy ĐKGD cổ phiếu của CTCP Sài Gòn Hỏa xa",https://static2.vietstock.vn/vietstock/2023/10/16/1_shx_2023_10_16_b74dd8b_3596tb_0001.pdf,2023-11-01 17:00:00
552,3068,SII,CTCP Hạ tầng Nước Sài Gòn,5,UPCOM,HOSE,https://finance.vietstock.vn/SII-ctcp-ha-tang-nuoc-sai-gon.htm,64522104,Tiện ích,SII: Quyết định hủy niêm yết cổ phiếu,https://static2.vietstock.vn/vietstock/2023/4/7/20230407_20230407___sii___qd_huy_ny.pdf,2023-05-04 17:00:00
553,4734,SIP,CTCP Đầu tư Sài Gòn VRG,1,HOSE,UPCOM,https://finance.vietstock.vn/SIP-ctcp-dau-tu-sai-gon-vrg.htm,90904146,Bất động sản,"SIP: Ngày 01/08/2023, ngày hủy ĐKGD cổ phiếu của CTCP Đầu tư Sài Gòn VRG",https://static2.vietstock.vn/vietstock/2023/7/10/1_sip_2023_7_10_388ed62_2278tb_0001.pdf,2023-07-30 17:00:00
554,1101,SJC,CTCP Sông Đà 1.01,3,OTC,HNX,https://finance.vietstock.vn/SJC-ctcp-song-da-1-01.htm,7226082,Thời trang và hàng lâu bền,"SJC: Ngày 24/06/2021, ngày hủy niêm yết cổ phiếu của CTCP Sông Đà 1.01",http://static2.vietstock.vn/vietstock/2021/6/2/1.SJC_2021.6.1_c220734_1916tb_20210531_1.pdf,2021-06-22 17:00:00
555,4407,SJF,CTCP Đầu tư Sao Thái Dương,5,UPCOM,HOSE,https://finance.vietstock.vn/SJF-ctcp-dau-tu-sao-thai-duong.htm,79200000,Nguyên vật liệu,SJF: Quyết định hủy niêm yết cổ phiếu,https://static2.vietstock.vn/vietstock/2024/10/25/20241025_20241025___sjf___qd_huy_niem_yet_1.pdf,2023-11-09 17:00:00
556,1069,SJM,CTCP Sunspace Holdings,5,UPCOM,HNX,https://finance.vietstock.vn/SJM-ctcp-sunspace-holdings.htm,5000000,Hàng hóa công nghiệp,"SJM: Ngày 25/04/2014, ngày hủy niêm yết cổ phiếu của CTCP Sông Đà 19",http://static2.vietstock.vn/vietstock/2014/3/27/SJM_2014.3.27_7458a37_SJM_TB ngay h_y NY.doc,2014-04-23 17:00:00
557,4022,SLC,CTCP Dịch vụ Xuất khẩu Lao động và Chuyên gia,3,OTC,UPCOM,https://finance.vietstock.vn/SLC-ctcp-dich-vu-xuat-khau-lao-dong-va-chuyen-gia.htm,9200000,Dịch vụ thương mại và chuyên nghiệp,"Ngày 27/05/2019, ngày hủy ĐKGD cổ phiếu của CTCP Dịch vụ Xuất khẩu lao động và chuyên gia",https://owa.hnx.vn/ftp///cims/2019/5_W3/000000008478570_491tb_20190513_1.PDF,2019-05-23 17:00:00
558,2665,SMB,CTCP Bia Sài Gòn - Miền Trung,1,HOSE,UPCOM,https://finance.vietstock.vn/SMB-ctcp-bia-sai-gon-mien-trung.htm,29846648,"Thực phẩm, đồ uống và thuốc lá","SMB: Ngày 16/07/2018, ngày hủy ĐKGD cổ phiếu của CTCP Bia Sài Gòn - Miền Trung",https://owa.hnx.vn/ftp///cims/2018/7_W2/000000007677908_SMB_TB__20180709_1.PDF,2018-07-12 17:00:00
559,975,SNG,CTCP Sông Đà 10.1,4,Khác,HNX,https://finance.vietstock.vn/SNG-ctcp-song-da-10-1.htm,4663060,Hàng hóa công nghiệp,"SNG: Ngày 20/10/2014, ngày hủy niêm yết cổ phiếu của CTCP Sông Đà 10.1",http://static2.vietstock.vn/vietstock/2014/10/13/SNG_2014.10.13_848fc02_TB huy niem yet.doc,2014-10-16 17:00:00
560,4071,SON,CTCP Cung ứng Nhân lực Quốc tế và Thương mại,3,OTC,UPCOM,https://finance.vietstock.vn/SON-ctcp-cung-ung-nhan-luc-quoc-te-va-thuong-mai.htm,9729930,Dịch vụ thương mại và chuyên nghiệp,"SON: Ngày 12/04/2022, ngày hủy ĐKGD cổ phiếu của CTCP Cung ứng nhân lực quốc tế và thương mại",https://static2.vietstock.vn/vietstock/2022/4/6/1_son_2022_4_6_dc0cac7_camscanner_04062022_17_13.pdf,2022-04-07 17:00:00
561,1916,SOV,CTCP Mắt kính Sài Gòn,3,OTC,UPCOM,https://finance.vietstock.vn/SOV-ctcp-mat-kinh-sai-gon.htm,1914900,Sản phẩm chăm sóc cá nhân và gia đình,"SOV: Ngày 08/06/2021, ngày hủy ĐKGD cổ phiếu của CTCP Mắt kính Sài Gòn",https://static2.vietstock.vn/vietstock/2021/5/20/1.SOV_2021.5.20_86a8eed_1658tb_20210514_1.PDF,2021-06-06 17:00:00
562,2323,SPA,CTCP Bao bì Sài Gòn,3,OTC,UPCOM,https://finance.vietstock.vn/SPA-ctcp-bao-bi-sai-gon.htm,8500000,Nguyên vật liệu,"SPA: Ngày 19/08/2022, ngày hủy ĐKGD cổ phiếu của CTCP Bao bì Sài Gòn",https://static2.vietstock.vn/vietstock/2022/7/28/1_spa_2022_7_28_52cf4a6_2425tb_0001.pdf,2022-08-17 17:00:00
563,2173,SPC,CTCP Bảo vệ Thực vật Sài Gòn,2,HNX,UPCOM,https://finance.vietstock.vn/SPC-ctcp-bao-ve-thuc-vat-sai-gon.htm,10530000,Nguyên vật liệu,"SPC: Ngày 19/01/2021, ngày hủy ĐKGD cổ phiếu của CTCP Bảo vệ Thực vật Sài Gòn",https://static2.vietstock.vn/vietstock/2022/1/10/1.SPC_2022.1.10_cf1cc90_20tb_20220106_1.PDF,2022-01-17 17:00:00
564,3312,SPI,CTCP Spiral Galaxy,5,UPCOM,HNX,https://finance.vietstock.vn/SPI-ctcp-spiral-galaxy.htm,16815000,Nguyên vật liệu,"SPI: Ngày 10/07/2025, Thông báo về việc hủy niêm yết cổ phiếu của CTCP SPIRAL GALAXY",https://static2.vietstock.vn/vietstock/2025/6/16/1_spi_2025_6_16_2b655df_2642tb_0001.pdf,2025-07-08 17:00:00
565,1264,SPP,CTCP Bao bì Nhựa Sài Gòn,3,OTC,HNX,https://finance.vietstock.vn/SPP-ctcp-bao-bi-nhua-sai-gon.htm,25120000,Nguyên vật liệu,"SPP: Ngày 22/05/2020, ngày hủy niêm yết cổ phiếu của CTCP Bao bì Nhựa Sài Gòn",http://static2.vietstock.vn/vietstock/2020/4/23/1.SPP_2020.4.23_2bd3ab8_355tb_20200423_1.pdf,2020-05-20 17:00:00
566,1871,SQC,CTCP Khoáng sản Sài Gòn - Quy Nhơn,3,OTC,HNX,https://finance.vietstock.vn/SQC-ctcp-khoang-san-sai-gon-quy-nhon.htm,110000000,Bất động sản,"SQC: Ngày 19/05/2016, ngày hủy niêm yết cổ phiếu của CTCP Khoáng sản Sài Gòn - Quy Nhơn",http://static2.vietstock.vn/vietstock/2016/4/21/SQC_2016.4.21_f5ff6ff_SQC.jpg,2016-05-17 17:00:00
567,1136,SRB,CTCP Tập đoàn Sara,5,UPCOM,HNX,https://finance.vietstock.vn/SRB-ctcp-tap-doan-sara.htm,8500000,Dịch vụ tiêu dùng,"SRB: Ngày 19/05/2016, ngày hủy niêm yết cổ phiếu của CTCP Tập đoàn Sara",http://static2.vietstock.vn/vietstock/2016/4/21/SRB_2016.4.21_4a3494c_SRB_001.jpg,2016-05-17 17:00:00
568,4186,SRT,CTCP Vận tải Đường sắt Sài Gòn,4,Khác,UPCOM,https://finance.vietstock.vn/SRT-ctcp-van-tai-duong-sat-sai-gon.htm,50310000,Vận tải,"SRT: Ngày 31/10/2024, ngày hủy ĐKGD cổ phiếu của CTCP Vận tải Đường sắt Sài Gòn",https://static2.vietstock.vn/vietstock/2024/10/17/1_srt_2024_10_17_4f142d8_4647tb_0001.pdf,2024-10-29 17:00:00
569,2313,SSF,CTCP Giáo dục G Sài Gòn,3,OTC,UPCOM,https://finance.vietstock.vn/SSF-ctcp-giao-duc-g-sai-gon.htm,3200000,Bất động sản,"SSF: Ngày 03/07/2026, ngày hủy ĐKGD cổ phiếu của CTCP Giáo dục G Sài Gòn",https://static2.vietstock.vn/vietstock/2026/6/26/1_ssf_2026_6_26_7745172_844qd_0001.pdf,2026-07-01 17:00:00
570,2639,SSG,CTCP Vận tải biển Hải Âu,5,UPCOM,HNX,https://finance.vietstock.vn/SSG-ctcp-van-tai-bien-hai-au.htm,5000000,Vận tải,"SSG: Ngày 15/05/2015, ngày hủy niêm yết cổ phiếu của CTCP Vận tải biển Hải Âu",http://static2.vietstock.vn/vietstock/2015/4/21/SSG_2015.4.21_2a6d58e_New_Doc_8.pdf,2015-05-13 17:00:00
571,2078,SSN,CTCP Xuất nhập khẩu Thủy sản Sài Gòn,3,OTC,UPCOM,https://finance.vietstock.vn/SSN-ctcp-xuat-nhap-khau-thuy-san-sai-gon.htm,39600000,Bất động sản,"SSN: Ngày 07/07/2026, ngày hủy ĐKGD cổ phiếu của CTCP Xuất nhập khẩu Thủy sản Sài Gòn",https://static2.vietstock.vn/vietstock/2026/7/1/1_ssn_2026_7_1_0283171_ssn_huy_dkgd.pdf,2026-07-05 17:00:00
572,976,SSS,CTCP Sông Đà 6.06,4,Khác,HNX,https://finance.vietstock.vn/SSS-ctcp-song-da-6-06.htm,2500000,Nguyên vật liệu,SSS: Hủy niêm yết từ 13/07 để sáp nhập vào SD6,,2012-07-11 17:00:00
573,4415,SSU,CTCP Môi trường Đô thị Sóc Sơn,3,OTC,UPCOM,https://finance.vietstock.vn/SSU-ctcp-moi-truong-do-thi-soc-son.htm,2500000,Dịch vụ thương mại và chuyên nghiệp,"SSU: Ngày 12/08/2022, ngày hủy ĐKGD cổ phiếu của CTCP Môi trường Đô thị Sóc Sơn",https://static2.vietstock.vn/vietstock/2022/7/18/1_ssu_2022_7_18_761cb5a_2337tb_0001.pdf,2022-08-10 17:00:00
574,1333,STL,CTCP Sông Đà Thăng Long,3,OTC,HNX,https://finance.vietstock.vn/STL-ctcp-song-da-thang-long.htm,15000000,Bất động sản,STL: Thông báo và Quyết định hủy niêm yết cổ phiếu,HTTP://STATIC2.VIETSTOCK.VN/VIETSTOCK/2013/7/4/STL_2013.7.4_418E259_TB NGAY HUY NY.DOC,2013-07-24 17:00:00
575,1274,STT,CTCP Vận chuyển Sài Gòn Tourist,5,UPCOM,HOSE,https://finance.vietstock.vn/STT-ctcp-van-chuyen-sai-gon-tourist.htm,8000000,Dịch vụ tiêu dùng,STT: Quyết định hủy niêm yết cổ phiếu,http://static2.vietstock.vn/vietstock/2018/6/11/20180611_20180611 - STT - QD huy ny co phieu.pdf,2018-07-04 17:00:00
576,2718,STU,CTCP Môi Trường và Công trình Đô Thị Sơn Tây,3,OTC,UPCOM,https://finance.vietstock.vn/STU-ctcp-moi-truong-va-cong-trinh-do-thi-son-tay.htm,1876000,Dịch vụ thương mại và chuyên nghiệp,"STU: Ngày 15/07/2021, ngày hủy ĐKGD cổ phiếu của CTCP Môi trường và Công trình Đô thị Sơn Tây",http://static2.vietstock.vn/vietstock/2021/6/22/1.STU_2021.6.22_c4229b4_2167tb_20210621_1.PDF,2021-07-13 17:00:00
577,1626,STV,CTCP Chế tác Đá Việt Nam,3,OTC,UPCOM,https://finance.vietstock.vn/STV-ctcp-che-tac-da-viet-nam.htm,11000000,Nguyên vật liệu,"STV: Ngày 17/06/2021, ngày hủy ĐKGD cổ phiếu của CTCP Chế tác đá Việt Nam",http://static2.vietstock.vn/vietstock/2021/5/26/1.STV_2021.5.26_f49224d_1851tb_20210526_1.pdf,2021-06-15 17:00:00
578,4635,SUM,CTCP Đo đạc và Khoáng sản,3,OTC,UPCOM,https://finance.vietstock.vn/SUM-ctcp-do-dac-va-khoang-san.htm,2380000,Dịch vụ thương mại và chuyên nghiệp,"SUM: Ngày 02/12/2021, ngày hủy ĐKGD cổ phiếu của CTCP Đo đạc và Khoáng sản",https://static2.vietstock.vn/vietstock/2021/11/10/1.SUM_2021.11.10_f03557e_3340tb_20211109_1.PDF,2021-11-30 17:00:00
579,1429,SVI,CTCP Bao bì Biên Hòa,3,OTC,HNX,https://finance.vietstock.vn/SVI-ctcp-bao-bi-bien-hoa.htm,8918990,Nguyên vật liệu,SVI: Ngày giao dịch cuối cùng của cổ phiếu niêm yết trên HNX,,2012-02-26 17:00:00
580,4062,SVL,CTCP Nhân lực Quốc tế Sovilaco,3,OTC,UPCOM,https://finance.vietstock.vn/SVL-ctcp-nhan-luc-quoc-te-sovilaco.htm,3270858,Dịch vụ thương mại và chuyên nghiệp,"SVL: Ngày 12/04/2022, ngày hủy niêm yết cổ phiếu của CTCP Nhân lực Quốc tế Sovilaco",https://static2.vietstock.vn/vietstock/2022/4/6/1_svl_2022_4_6_e4d4458_camscanner_04062022_17_11.pdf,2022-04-07 17:00:00
581,1824,SVS,CTCP Chứng khoán Sao Việt,4,Khác,HNX,https://finance.vietstock.vn/SVS-ctcp-chung-khoan-sao-viet.htm,13500000,Dịch vụ tài chính,SVS: Quyết định hủy niêm yết bắt buộc,HTTP://STATIC2.VIETSTOCK.VN/VIETSTOCK/2013/4/12/SVS_2013.4.12_6756671_SVS. 4. QD HUY.DOC,2013-05-08 17:00:00
582,4081,T12,CTCP Thương mại Dịch vụ Tràng Thi,3,OTC,UPCOM,https://finance.vietstock.vn/T12-ctcp-thuong-mai-dich-vu-trang-thi.htm,54000000,Thương mại hàng không thiết yếu,T12: Thông báo hủy đăng ký giao dịch cổ phiếu,https://static2.vietstock.vn/vietstock/2022/3/23/1_t12_2022_3_23_4f5ea21_1091_t12.PDF,2022-03-31 17:00:00
583,4631,TA3,CTCP Đầu tư và Xây lắp Thành An 386,3,OTC,UPCOM,https://finance.vietstock.vn/TA3-ctcp-dau-tu-va-xay-lap-thanh-an-386.htm,2309908,Hàng hóa công nghiệp,"TA3: Ngày 02/08/2024, ngày hủy ĐKGD cổ phiếu của CTCP Đầu tư và Xây lắp Thành An 386",https://static2.vietstock.vn/vietstock/2024/7/11/1_ta3_2024_7_11_da5889f_3254tb_0001.pdf,2024-07-31 17:00:00
584,824,TAC,CTCP Dầu thực vật Tường An,3,OTC,HOSE,https://finance.vietstock.vn/TAC-ctcp-dau-thuc-vat-tuong-an.htm,33879648,"Thực phẩm, đồ uống và thuốc lá",TAC: Quyết định hủy niêm yết cổ phiếu,https://static2.vietstock.vn/vietstock/2022/4/20/20220420_20220419___tac___qd_huy_ny.pdf,2022-05-18 17:00:00
585,1734,TAG,CTCP Thế Giới Số Trần Anh,3,OTC,HNX,https://finance.vietstock.vn/TAG-ctcp-the-gioi-so-tran-anh.htm,24914991,Thương mại hàng không thiết yếu,"TAG: Ngày 17/09/2018, ngày hủy niêm yết cổ phiếu của CTCP Thế giới số Trần Anh",http://static2.vietstock.vn/vietstock/2018/9/13/1.TAG_2018.9.13_a26e497_1056tb_20180912_1.PDF,2018-09-13 17:00:00
586,4960,TAL,CTCP Đầu tư Bất động sản Taseco,1,HOSE,UPCOM,https://finance.vietstock.vn/TAL-ctcp-dau-tu-bat-dong-san-taseco.htm,311850000,Bất động sản,"TAL: Ngày 22/07/2025, ngày hủy ĐKGD cổ phiếu của CTCP Đầu tư Bất động sản Taseco",https://static2.vietstock.vn/vietstock/2025/7/8/1_tal_2025_7_7_321123f_camscanner_7725_10_24.pdf,2025-07-20 17:00:00
587,4376,TAP,CTCP Đô thị Tân An,3,OTC,UPCOM,https://finance.vietstock.vn/TAP-ctcp-do-thi-tan-an.htm,1416700,Dịch vụ thương mại và chuyên nghiệp,"TAP: Ngày 12/08/2022, ngày hủy ĐKGD cổ phiếu của CTCP Đô thị Tân An",https://static2.vietstock.vn/vietstock/2022/7/21/1_tap_2022_7_21_9701039_2368tb_20220721_1.PDF,2022-08-10 17:00:00
588,4724,TAR,CTCP Nông nghiệp Công nghệ cao Trung An,5,UPCOM,HNX,https://finance.vietstock.vn/TAR-ctcp-nong-nghiep-cong-nghe-cao-trung-an.htm,78319777,"Thực phẩm, đồ uống và thuốc lá","TAR: Ngày 21/05/2024, Thông báo hủy niêm yết cổ phiếu của CTCP Nông nghiệp Công nghệ cao Trung An",https://static2.vietstock.vn/vietstock/2024/4/25/1_tar_2024_4_25_23f5890_2054tb_0001.pdf,2024-05-19 17:00:00
589,1368,TAS,CTCP Chứng khoán Tràng An,3,OTC,HNX,https://finance.vietstock.vn/TAS-ctcp-chung-khoan-trang-an.htm,13900000,Dịch vụ tài chính,TAS: Quyết đinh và Thông báo Hủy niêm yết cổ phiếu TAS,HTTP://STATIC2.VIETSTOCK.VN/VIETSTOCK/2013/3/2013/8/30/TAS_2013.8.30_D495B04_TAS_TB NGAY HUY NY.DOC,2013-09-19 17:00:00
590,4430,TB8,CTCP Sản xuất và Kinh doanh Vật tư Thiết bị - VVMI,3,OTC,UPCOM,https://finance.vietstock.vn/TB8-ctcp-san-xuat-va-kinh-doanh-vat-tu-thiet-bi-vvmi.htm,1250000,Nguyên vật liệu,"TB8: Ngày 05/05/2026, ngày hủy ĐKGD cổ phiếu của CTCP Sản xuất và Kinh doanh Vật tư thiết bị- VVMI",https://static2.vietstock.vn/vietstock/2026/4/13/1_tb8_2026_4_13_b3bf409_1613_huy_tb8_1.pdf,2026-05-03 17:00:00
591,2198,TBH,CTCP Tổng Bách Hóa,3,OTC,UPCOM,https://finance.vietstock.vn/TBH-ctcp-tong-bach-hoa.htm,93117800,Bất động sản,"TBH: Ngày 23/01/2026, ngày hủy ĐKGD cổ phiếu của CTCP Tổng Bách Hóa",https://static2.vietstock.vn/vietstock/2026/1/16/1_tbh_2026_1_16_46409f7_thong_bao_huy_tbh_1.pdf,2026-01-21 17:00:00
592,4555,TBN,CTCP Thoát nước và Xử lý Nước thải Bắc Ninh,3,OTC,UPCOM,https://finance.vietstock.vn/TBN-ctcp-thoat-nuoc-va-xu-ly-nuoc-thai-bac-ninh.htm,4417592,Dịch vụ thương mại và chuyên nghiệp,"Ngày 12/04/2019, ngày hủy ĐKGD cổ phiếu của CTCP Thoát nước và Xử lý Nước thải Bắc Ninh",https://owa.hnx.vn/ftp///cims/2019/3_W5/000000008271929_272tb_20190325_1.PDF,2019-04-10 17:00:00
593,2238,TBT,CTCP Xây dựng Công trình Giao thông Bến Tre,3,OTC,UPCOM,https://finance.vietstock.vn/TBT-ctcp-xay-dung-cong-trinh-giao-thong-ben-tre.htm,1656470,Hàng hóa công nghiệp,"TBT: Ngày 11/07/2025, ngày hủy ĐKGD cổ phiếu của CTCP Xây Dựng Công Trình Giao Thông Bến Tre",https://static2.vietstock.vn/vietstock/2025/6/26/1_tbt_2025_6_25_bbd34e9_cong_van_2784_tbt.pdf,2025-07-09 17:00:00
594,1439,TBX,CTCP Xi măng Thái Bình,3,OTC,HNX,https://finance.vietstock.vn/TBX-ctcp-xi-mang-thai-binh.htm,1510280,Nguyên vật liệu,"TBX: Ngày 26/12/2025, Thông báo về việc hủy bỏ niêm yết cổ phiếu của CTCP Xi măng Thái Bình",https://static2.vietstock.vn/vietstock/2025/12/3/1_tbx_2025_12_3_d65e16d_tbx.pdf,2025-12-24 17:00:00
595,3613,TCD,CTCP Tập đoàn Xây dựng TRACODI,5,UPCOM,HOSE,https://finance.vietstock.vn/TCD-ctcp-tap-doan-xay-dung-tracodi.htm,335820641,Hàng hóa công nghiệp,TCD: Quyết định về việc hủy niêm yết cổ phiếu,https://static2.vietstock.vn/vietstock/2026/7/9/20260708___tcd___qd_590_vv_huy_niem_yet_cp.pdf,2025-10-08 17:00:00
596,1369,TCI,CTCP Chứng khoán Thành Công,1,HOSE,UPCOM,https://finance.vietstock.vn/TCI-ctcp-chung-khoan-thanh-cong.htm,100979982,Dịch vụ tài chính,"TCI: Ngày 15/01/2024, ngày hủy ĐKGD cổ phiếu của CTCP Chứng khoán Thành Công",https://static2.vietstock.vn/vietstock/2024/1/9/1_tci_2024_1_9_b75ddbf_96tb.pdf,2024-01-11 17:00:00
597,1386,TCS,CTCP Than Cao Sơn - Vinacomin,4,Khác,HNX,https://finance.vietstock.vn/TCS-ctcp-than-cao-son-vinacomin.htm,26846773,Năng lượng,"TCS: Ngày 04/08/2020, ngày hủy niêm yết cổ phiếu của CTCP Than Cao Sơn - Vinacomin",http://static2.vietstock.vn/vietstock/2020/7/27/1.TCS_2020.7.27_e6a9457_689tb_20200724_1.pdf,2020-08-02 17:00:00
598,734,TCT,CTCP Cáp treo Núi Bà Tây Ninh,1,HOSE,HNX,https://finance.vietstock.vn/TCT-ctcp-cap-treo-nui-ba-tay-ninh.htm,127880000,Vận tải,"TCT: Ngày 11/03/2016, ngày hủy niêm yết cổ phiếu của CTCP Cáp treo Núi Bà Tây Ninh",http://static2.vietstock.vn/vietstock/2016/2/22/TCT_2016.2.22_cdc9f71_chap_thuan_huy_TCT_1902.jpg,2016-03-09 17:00:00
599,4924,TDI,CTCP Tập đoàn TDI,3,OTC,UPCOM,https://finance.vietstock.vn/TDI-ctcp-tap-doan-tdi.htm,3000000,Hàng hóa công nghiệp,"TDI: Ngày 16/08/2023, ngày hủy ĐKGD cổ phiếu của CTCP Tập đoàn TDI",https://static2.vietstock.vn/vietstock/2023/7/28/1_tdi_2023_7_28_eaac1ee_2547tb_0001.pdf,2023-08-14 17:00:00
600,4289,TDM,CTCP Nước Thủ Dầu Một,1,HOSE,UPCOM,https://finance.vietstock.vn/TDM-ctcp-nuoc-thu-dau-mot.htm,81200000,Tiện ích,"TDM: Ngày 16/10/2018, ngày hủy ĐKGD cổ phiếu của CTCP Nước Thủ Dầu Một",https://owa.hnx.vn/ftp///cims/2018/10_W2/000000007884475_1224tb_20181011_1.PDF,2018-10-14 17:00:00
601,4716,TDP,CTCP Thuận Đức,1,HOSE,UPCOM,https://finance.vietstock.vn/TDP-ctcp-thuan-duc.htm,27999999,Nguyên vật liệu,"TDP: Ngày 03/08/2020, ngày hủy ĐKGD cổ phiếu của CTCP Thuận Đức",https://owa.hnx.vn/ftp///cims/2020/7_W5/000000009655238_691tb_20200728_1.PDF,2020-07-30 17:00:00
602,2453,TEC,CTCP TRAENCO,3,OTC,UPCOM,https://finance.vietstock.vn/TEC-ctcp-traenco.htm,1660340,Dịch vụ tiêu dùng,"TEC: Ngày 11/07/2022, ngày hủy ĐKGD cổ phiếu của CTCP Traenco",https://static2.vietstock.vn/vietstock/2022/6/17/1_tec_2022_6_17_9092d81_2087qd_0001.pdf,2022-07-07 17:00:00
603,4179,TEG,CTCP Trường Thành Energy Group,1,HOSE,HNX,https://finance.vietstock.vn/TEG-ctcp-truong-thanh-energy-group.htm,17999998,Hàng hóa công nghiệp,"TEG: Ngày 28/02/2018, ngày hủy niêm yết cổ phiếu của Công ty cổ phần TECGROUP",http://static2.vietstock.vn/vietstock/2018/2/23/1.TEG_2018.2.23_2f70ab4_28417987_1807248676011959_1383869066_o.jpg,2018-02-26 17:00:00
604,2814,TEL,CTCP Phát triển Công trình Viễn thông,3,OTC,UPCOM,https://finance.vietstock.vn/TEL-ctcp-phat-trien-cong-trinh-vien-thong.htm,5000000,Hàng hóa công nghiệp,"TEL: Ngày 03/02/2026, ngày hủy ĐKGD cổ phiếu của CTCP Phát triển công trình Viễn thông",https://static2.vietstock.vn/vietstock/2026/1/10/1_tel_2026_1_10_8f70738_tel_tb.pdf,2026-02-01 17:00:00
605,4678,TGG,CTCP The Golden Group,5,UPCOM,HOSE,https://finance.vietstock.vn/TGG-ctcp-the-golden-group.htm,27299990,Thương mại hàng thiết yếu,TGG: Quyết định về việc hủy niêm yết cổ phiếu,https://static2.vietstock.vn/vietstock/2023/12/12/20231212_20231211___tgg___quyet_dinh_huy_niem_yet_chung_khoan.pdf,2023-09-14 17:00:00
606,1262,TH1,CTCP Xuất nhập khẩu Tổng hợp I Việt Nam,5,UPCOM,HNX,https://finance.vietstock.vn/TH1-ctcp-xuat-nhap-khau-tong-hop-i-viet-nam.htm,13539267,Thương mại hàng thiết yếu,"TH1: Ngày 20/04/2018, ngày hủy niêm yết cổ phiếu của CTCP Xuất nhập khẩu Tổng hợp I Việt Nam",http://static2.vietstock.vn/vietstock/2018/3/23/1.TH1_2018.3.23_b916e4b_225tb_20180323_1033_1.PDF,2018-04-18 17:00:00
607,2137,THI,CTCP Thiết bị Điện,3,OTC,HOSE,https://finance.vietstock.vn/THI-ctcp-thiet-bi-dien.htm,48800000,Hàng hóa công nghiệp,THI: Quyết định về việc hủy niêm yết cổ phiếu,https://static2.vietstock.vn/vietstock/2023/5/30/20230530_20230529___thi___qd_so_238_ve_huy_niem_yet_co_phieu.pdf,2023-06-27 17:00:00
608,4486,THR,CTCP Đường sắt Thuận Hải,3,OTC,UPCOM,https://finance.vietstock.vn/THR-ctcp-duong-sat-thuan-hai.htm,1688860,Vận tải,"THR: Ngày 25/06/2021, ngày hủy ĐKGD cổ phiếu của CTCP Đường sắt Thuận Hải",http://static2.vietstock.vn/vietstock/2021/6/2/1.THR_2021.6.1_40cb312_1939tb_20210601_1.PDF,2021-06-23 17:00:00
609,2720,THV,CTCP Tập đoàn Thái Hòa Việt Nam,3,OTC,HNX,https://finance.vietstock.vn/THV-ctcp-tap-doan-thai-hoa-viet-nam.htm,57749995,"Thực phẩm, đồ uống và thuốc lá",THV: Hủy niêm yết cổ phiếu THV của CTCP Tập đoàn Thái Hòa Việt Nam,,2013-07-02 17:00:00
610,1814,TIC,CTCP Đầu tư Điện Tây Nguyên,4,Khác,HOSE,https://finance.vietstock.vn/TIC-ctcp-dau-tu-dien-tay-nguyen.htm,24656988,Tiện ích,TIC: Quyết định hủy niêm yết cổ phiếu,http://static2.vietstock.vn/vietstock/2017/9/28/20170928_20170928 - TIC - Quyet dinh huy niem yet.pdf,2017-10-10 17:00:00
611,1502,TIE,CTCP TIE,5,UPCOM,HOSE,https://finance.vietstock.vn/TIE-ctcp-tie.htm,9569900,Thương mại hàng không thiết yếu,TIE: Thông báo về việc hủy niêm yết đối với cổ phiếu TIE,http://static2.vietstock.vn/vietstock/2019/7/2/20190702_20190702 - TIE - 6. TB huy niem yet.pdf,2019-07-30 17:00:00
612,1872,TKC,CTCP Xây dựng và Kinh doanh Địa ốc Tân Kỷ,3,OTC,HNX,https://finance.vietstock.vn/TKC-ctcp-xay-dung-va-kinh-doanh-dia-oc-tan-ky.htm,15674712,Hàng hóa công nghiệp,"TKC: Ngày 22/12/2023, ngày hủy niêm yết cổ phiếu của CTCP Xây dựng và Kinh doanh Địa ốc Tân Kỷ",https://static2.vietstock.vn/vietstock/2023/12/13/1_tkc_2023_12_13_f7d479f_5294tb_20231212_1.PDF,2023-12-20 17:00:00
613,4859,TKG,CTCP Sản xuất và Thương mại Tùng Khánh,3,OTC,UPCOM,https://finance.vietstock.vn/TKG-ctcp-san-xuat-va-thuong-mai-tung-khanh.htm,6315312,Thời trang và hàng lâu bền,"TKG: Ngày 17/08/2022, ngày hủy ĐKGD cổ phiếu của CTCP Sản xuất và Thương mại Tùng Khánh",https://static2.vietstock.vn/vietstock/2022/8/10/1_tkg_2022_8_10_0108737_2545tb_0001.pdf,2022-08-15 17:00:00
614,981,TLC,CTCP Viễn thông Thăng Long,3,OTC,HNX,https://finance.vietstock.vn/TLC-ctcp-vien-thong-thang-long.htm,11080000,Dịch vụ viễn thông,TLC: Thông báo hủy niêm yết cổ phiếu TLC,HTTP://STATIC2.VIETSTOCK.VN/VIETSTOCK/2013/4/22/TLC_2013.4.22_F32EE74_TLC. 5. TB NGAY HUY NY.DOC,2013-05-15 17:00:00
615,2177,TLI,CTCP May Quốc tế Thắng Lợi,3,OTC,UPCOM,https://finance.vietstock.vn/TLI-ctcp-may-quoc-te-thang-loi.htm,3000000,Thời trang và hàng lâu bền,"TLI: Ngày 21/01/2026, ngày hủy ĐKGD cổ phiếu của CTCP May Quốc tế Thắng Lợi",https://static2.vietstock.vn/vietstock/2025/12/29/1_tli_2025_12_29_c572ee2_5696_tb_tli.pdf,2026-01-19 17:00:00
616,1334,TNA,CTCP Thương mại Xuất nhập khẩu Thiên Nam,5,UPCOM,HOSE,https://finance.vietstock.vn/TNA-ctcp-thuong-mai-xuat-nhap-khau-thien-nam.htm,49576264,Thương mại hàng không thiết yếu,TNA: Thông báo về việc hủy niêm yết cổ phiếu,https://static2.vietstock.vn/vietstock/2024/11/13/20241113_20241112___tna___tb_huy_ny_cp__vp_cbtt_.pdf,2024-09-12 17:00:00
617,3562,TND,CTCP Than Tây Nam Đá mài - Vinacomin,4,Khác,UPCOM,https://finance.vietstock.vn/TND-ctcp-than-tay-nam-da-mai-vinacomin.htm,16000000,Năng lượng,"TND: Ngày 04/08/2020, ngày hủy ĐKGD cổ phiếu của CTCP Than Tây Nam Đá Mài - Vinacomin",https://owa.hnx.vn/ftp///cims/2020/7_W4/000000009619179_665tb_20200720_1.PDF,2020-08-02 17:00:00
618,1845,TNM,CTCP Xuất nhập khẩu và Xây dựng Công trình,3,OTC,UPCOM,https://finance.vietstock.vn/TNM-ctcp-xuat-nhap-khau-va-xay-dung-cong-trinh.htm,5800000,Hàng hóa công nghiệp,"TNM: Ngày 22/04/2026, ngày hủy ĐKGD cổ phiếu của CTCP Xuất nhập khẩu và Xây dựng công trình",https://static2.vietstock.vn/vietstock/2026/4/16/1_tnm_2026_4_16_43a09fe_tnmtb_huy.pdf,2026-04-20 17:00:00
619,4305,TNV,CTCP Thống Nhất Hà Nội,5,UPCOM,UPCOM,https://finance.vietstock.vn/TNV-ctcp-thong-nhat-ha-noi.htm,23700000,Thời trang và hàng lâu bền,"TNV: Ngày 12/06/2026, ngày hủy ĐKGD cổ phiếu của CTCP Thống nhất Hà Nội",https://static2.vietstock.vn/vietstock/2026/5/22/1_tnv_2026_5_22_12acf6c_2274tb.pdf,2026-06-10 17:00:00
620,2110,TNY,CTCP Đầu tư Xây dựng Thanh Niên,3,OTC,UPCOM,https://finance.vietstock.vn/TNY-ctcp-dau-tu-xay-dung-thanh-nien.htm,3000000,Hàng hóa công nghiệp,"TNY: Ngày 08/01/2018, ngày hủy ĐKGD cổ phiếu của CTCP Đầu tư Xây dựng Thanh niên",https://owa.hnx.vn/ftp///cims/2017/12_W5/000000007138049_New_Doc_2017_12_28_2.pdf,2018-01-04 17:00:00
621,4524,TOT,CTCP Transimex Logistics,2,HNX,UPCOM,https://finance.vietstock.vn/TOT-ctcp-transimex-logistics.htm,5495000,Vận tải,"TOT: Ngày 10/01/2022, ngày hủy ĐKGD cổ phiếu của CTCP Vận tải Transimex",http://static2.vietstock.vn/vietstock/2022/1/4/1.TOT_2022.1.4_2910f97_tot.pdf,2022-01-06 17:00:00
622,983,TPH,CTCP In sách giáo khoa tại Thành phố Hà Nội,3,OTC,HNX,https://finance.vietstock.vn/TPH-ctcp-in-sach-giao-khoa-tai-thanh-pho-ha-noi.htm,2095985,Truyền thông và giải trí,"TPH: Ngày 15/07/2025, Thông báo về việc hủy niêm yết bắt buộc cổ phiếu của CTCP In Sách giáo khoa tại Tp. Hà Nội",https://static2.vietstock.vn/vietstock/2025/6/23/1_tph_2025_6_23_f8bb744_2739tb_0001.pdf,2025-07-13 17:00:00
623,3334,TQN,CTCP Thông Quảng Ninh,3,OTC,UPCOM,https://finance.vietstock.vn/TQN-ctcp-thong-quang-ninh.htm,3600000,Nguyên vật liệu,"TQN: Ngày 05/06/2026, ngày hủy ĐKGD cổ phiếu của CTCP Thông Quảng Ninh",https://static2.vietstock.vn/vietstock/2026/5/14/1_tqn_2026_5_14_80acb26_tqn_tb.pdf,2026-06-03 17:00:00
624,44,TRI,CTCP Nước giải khát Sài Gòn,3,OTC,HOSE,https://finance.vietstock.vn/TRI-ctcp-nuoc-giai-khat-sai-gon.htm,27548360,"Thực phẩm, đồ uống và thuốc lá",TRI hủy niêm yết cổ phiếu từ ngày 10/04,,2012-04-08 17:00:00
625,606,TS4,CTCP Thủy sản Số 4,3,OTC,HOSE,https://finance.vietstock.vn/TS4-ctcp-thuy-san-so-4.htm,16160646,"Thực phẩm, đồ uống và thuốc lá",TS4: Thông báo về việc hủy niêm yết đối với cổ phiếu TS4,https://static2.vietstock.vn/vietstock/2021/9/1/20210901_20210831 - TS4 - TB huy niem yet bat buoc.pdf,2021-06-21 17:00:00
626,4577,TS5,CTCP Trường Sơn 145,3,OTC,UPCOM,https://finance.vietstock.vn/TS5-ctcp-truong-son-145.htm,314122,Hàng hóa công nghiệp,"TS5: Ngày 04/04/2022, ngày hủy ĐKGD cổ phiếu của Công ty cổ phần Trường Sơn 145",https://static2.vietstock.vn/vietstock/2022/3/22/1_ts5_2022_3_22_ea9e405_ts5.PDF,2022-03-31 17:00:00
627,5691,TSA,CTCP Đầu tư và Xây lắp Trường Sơn,1,HOSE,UPCOM,https://finance.vietstock.vn/TSA-ctcp-dau-tu-va-xay-lap-truong-son.htm,40424994,Hàng hóa công nghiệp,"TSA: Ngày 26/12/2025, ngày hủy ĐKGD cổ phiếu của CTCP Đầu tư và Xây lắp Trường Sơn",https://static2.vietstock.vn/vietstock/2025/12/18/1_tsa_2025_12_18_36f5e67_tb_tsa_1.pdf,2025-12-24 17:00:00
628,2135,TSM,CTCP Xi măng Tiên Sơn Hà Tây,3,OTC,HNX,https://finance.vietstock.vn/TSM-ctcp-xi-mang-tien-son-ha-tay.htm,2936140,Nguyên vật liệu,"TSM: Ngày 12/06/2015, ngày hủy niêm yết cổ phiếu của CTCP Xi măng  Tiên Sơn Hà Tây",http://static2.vietstock.vn/vietstock/2015/5/19/TSM_2015.5.19_b4af882_TSM.jpg,2015-06-10 17:00:00
629,1104,TST,CTCP Dịch vụ Kỹ Thuật Viễn thông,5,UPCOM,HNX,https://finance.vietstock.vn/TST-ctcp-dich-vu-ky-thuat-vien-thong.htm,4800000,Hàng hóa công nghiệp,"TST: Ngày 29/07/2022, ngày hủy niêm yết cổ phiếu của CTCP Dịch vụ Kỹ thuật Viễn thông",https://static2.vietstock.vn/vietstock/2022/7/15/1_tst_2022_7_15_fe377c4_tst_huy.jpg,2022-07-27 17:00:00
630,2886,TTB,CTCP TTBGroup,5,UPCOM,HNX,https://finance.vietstock.vn/TTB-ctcp-ttbgroup.htm,46826954,Bất động sản,"TTB: Ngày 08/08/2018, ngày hủy niêm yết cổ phiếu của CTCP Tập đoàn Tiến Bộ",https://owa.hnx.vn/ftp///cims/2018/8_W1/000000007754087_826tb_20180802_1.PDF,2018-08-06 17:00:00
631,2864,TTJ,CTCP Thủy Tạ,3,OTC,UPCOM,https://finance.vietstock.vn/TTJ-ctcp-thuy-ta.htm,3000000,"Thực phẩm, đồ uống và thuốc lá","TTJ:	Ngày 19/01/2021, ngày hủy ĐKGD cổ phiếu của CTCP Thủy Tạ",https://owa.hnx.vn/ftp///cims/2021/1_W3/000000009991708_47tb_20210111_1.PDF,2021-01-17 17:00:00
632,829,TTP,CTCP Bao bì Tân Tiến,3,OTC,HOSE,https://finance.vietstock.vn/TTP-ctcp-bao-bi-tan-tien.htm,14999998,Nguyên vật liệu,TTP: Thông báo hủy niêm yết đối với cổ phiếu TTP,http://static2.vietstock.vn/vietstock/2015/9/18/20150918_20150918 - TTP - Thong bao huy ny co phieu.pdf,2015-10-13 17:00:00
633,1647,TTR,CTCP Du lịch Thương mại và Đầu Tư,3,OTC,UPCOM,https://finance.vietstock.vn/TTR-ctcp-du-lich-thuong-mai-va-dau-tu.htm,1993393,Dịch vụ tiêu dùng,"TTR: Ngày 13/02/2019, ngày hủy ĐKGD cổ phiếu của CTCP Du lịch Thương mại và Đầu tư",https://owa.hnx.vn/ftp///cims/2019/1_W3/000000008053761_69tb_20190118_1.PDF,2019-02-11 17:00:00
634,4392,TTV,CTCP Thông tin Tín hiệu Đường sắt Vinh,3,OTC,UPCOM,https://finance.vietstock.vn/TTV-ctcp-thong-tin-tin-hieu-duong-sat-vinh.htm,1313800,Vận tải,"TTV: Ngày 11/06/2021, ngày hủy ĐKGD cổ phiếu của CTCP Thông tin Tín hiệu Đường sắt Vinh",http://static2.vietstock.vn/vietstock/2021/5/20/1.TTV_2021.5.20_5390e76_187862371_1052397311833574_5329395578880476403_n.jpg,2021-06-09 17:00:00
635,3274,TTZ,CTCP Đầu tư Xây dựng và Công nghệ Tiến Trung,5,UPCOM,HNX,https://finance.vietstock.vn/TTZ-ctcp-dau-tu-xay-dung-va-cong-nghe-tien-trung.htm,7570444,Nguyên vật liệu,"TTZ: Ngày 29/01/2024, Thông báo hủy niêm yết cổ phiếu của CTCP Đầu tư Xây dựng và Công nghệ Tiến Trung",https://static2.vietstock.vn/vietstock/2024/1/17/1_ttz_2024_1_17_c436d22_172tb_0001.pdf,2024-01-25 17:00:00
636,2436,TV1,CTCP Tư vấn Xây dựng Điện 1,5,UPCOM,HOSE,https://finance.vietstock.vn/TV1-ctcp-tu-van-xay-dung-dien-1.htm,26691319,Dịch vụ thương mại và chuyên nghiệp,TV1: Quyết định hủy niêm yết cổ phiếu,http://static2.vietstock.vn/vietstock/2018/5/15/20180515_20180515 - TV1 - Quyet dinh huy niem yet.pdf,2018-06-11 17:00:00
637,1846,TV2,CTCP Tư vấn Xây dựng Điện 2,1,HOSE,HNX,https://finance.vietstock.vn/TV2-ctcp-tu-van-xay-dung-dien-2.htm,12313159,Dịch vụ thương mại và chuyên nghiệp,"TV2: Ngày 28/05/2019, ngày hủy niêm yết cổ phiếu của CTCP Tư vấn Xây dựng Điện 2",http://static2.vietstock.vn/vietstock/2019/5/16/1.TV2_2019.5.16_23ff0d2_524tb_20190516_1.pdf,2019-05-26 17:00:00
638,1352,TVB,CTCP Chứng khoán T-Cap,1,HOSE,UPCOM,https://finance.vietstock.vn/TVB-ctcp-chung-khoan-t-cap.htm,15020000,Dịch vụ tài chính,"TVB: Ngày 26/06/2018, ngày hủy ĐKGD cổ phiếu của Công ty Cổ phần Chứng khoán Trí Việt",https://owa.hnx.vn/ftp///cims/2018/6_W4/000000007641873_TVB_TBhuy.jpg,2018-06-24 17:00:00
639,2171,TVP,CTCP Dược phẩm TV.Pharm,3,OTC,UPCOM,https://finance.vietstock.vn/TVP-ctcp-duoc-pham-tv-pharm.htm,29493529,"Dược phẩm, công nghệ sinh học và khoa học sự sống","TVP: Ngày 25/10/2023, ngày hủy ĐKGD cổ phiếu của CTCP Dược phẩm TV.Pharm",https://static2.vietstock.vn/vietstock/2023/10/2/1_tvp_2023_10_2_9e00666_3307tb_0001.pdf,2023-10-23 17:00:00
640,4402,TVU,CTCP Công trình Đô thị Trà Vinh,3,OTC,UPCOM,https://finance.vietstock.vn/TVU-ctcp-cong-trinh-do-thi-tra-vinh.htm,1750000,Dịch vụ thương mại và chuyên nghiệp,"TVU: Ngày 05/08/2021, ngày hủy ĐKGD cổ phiếu của CTCP Công trình Đô thị Trà Vinh",http://static2.vietstock.vn/vietstock/2021/7/14/1.TVU_2021.7.14_5d58aed_2324tb_20210714_1.PDF,2021-08-03 17:00:00
641,4296,TVW,CTCP Cấp thoát nước Trà Vinh,3,OTC,UPCOM,https://finance.vietstock.vn/TVW-ctcp-cap-thoat-nuoc-tra-vinh.htm,14597860,Tiện ích,"TVW: Ngày 13/09/2023, ngày hủy ĐKGD cổ phiếu của CTCP Cấp thoát nước Trà Vinh",https://static2.vietstock.vn/vietstock/2023/8/21/1_tvw_2023_8_21_355b896_thong_bao_huy_upcom_tvw.pdf,2023-09-11 17:00:00
642,2517,UDC,CTCP Đầu tư Xây dựng UDCons,5,UPCOM,HOSE,https://finance.vietstock.vn/UDC-ctcp-dau-tu-xay-dung-udcons.htm,35000000,Hàng hóa công nghiệp,UDC: Quyết định hủy niêm yết cổ phiếu,https://static2.vietstock.vn/vietstock/2023/4/12/20230412_20230412___udc___qd_huy_niem_yet_bat_buoc.pdf,2023-05-10 17:00:00
643,1446,V11,CTCP Xây dựng Số 11,3,OTC,HNX,https://finance.vietstock.vn/V11-ctcp-xay-dung-so-11.htm,8399889,Hàng hóa công nghiệp,V11 bị hủy niêm yết bắt buộc từ 17/08/2012,,2012-08-15 17:00:00
644,1878,V15,CTCP Xây dựng Số 15,3,OTC,HNX,https://finance.vietstock.vn/V15-ctcp-xay-dung-so-15.htm,10000000,Hàng hóa công nghiệp,"V15: Ngày 14/07/2015, ngày hủy niêm yết cổ phiếu của CTCP Xây dựng số 15",http://static2.vietstock.vn/vietstock/2015/6/18/V15_2015.6.18_4065544_V15.jpg,2015-07-12 17:00:00
645,1209,VAB,Ngân hàng TMCP Việt Á,1,HOSE,UPCOM,https://finance.vietstock.vn/VAB-ngan-hang-tmcp-viet-a.htm,539960043,Tổ chức tín dụng,"VAB: Ngày 10/07/2025, ngày hủy ĐKGD cổ phiếu của Ngân hàng Thương mại Cổ phần Việt Á",https://static2.vietstock.vn/vietstock/2025/7/7/1_vab_2025_7_7_885a7f6_tb_2957.pdf,2025-07-08 17:00:00
646,3602,VAF,CTCP Phân lân Nung chảy Văn Điển,5,UPCOM,HOSE,https://finance.vietstock.vn/VAF-ctcp-phan-lan-nung-chay-van-dien.htm,37665348,Nguyên vật liệu,VAF: Quyết định về việc hủy niêm yết cổ phiếu,https://static2.vietstock.vn/vietstock/2026/3/27/20260327___vaf___qd_vv_huy_niem_yet_bat_buoc_cp.pdf,2026-04-23 17:00:00
647,2645,VAT,CTCP Viễn thông Vạn Xuân,3,OTC,HNX,https://finance.vietstock.vn/VAT-ctcp-vien-thong-van-xuan.htm,4612953,Hàng hóa công nghiệp,"VAT: Ngày 24/12/2021, ngày hủy niêm yết cổ phiếu của CTCP VT Vạn Xuân",http://static2.vietstock.vn/vietstock/2021/11/26/1.VAT_2021.11.26_a1b3ecc_vathuy.pdf,2021-12-22 17:00:00
648,1480,VBB,Ngân hàng TMCP Việt Nam Thương Tín,1,HOSE,UPCOM,https://finance.vietstock.vn/VBB-ngan-hang-tmcp-viet-nam-thuong-tin.htm,1076897384,Tổ chức tín dụng,"VBB: Ngày 30/06/2026, ngày hủy ĐKGD cổ phiếu của Ngân hàng TMCP Việt Nam Thương Tín",https://static2.vietstock.vn/vietstock/2026/6/23/1_vbb_2026_6_23_eaddcd1_thong_bao_vbb.pdf,2026-06-28 17:00:00
649,985,VBH,CTCP Điện tử Bình Hòa,5,UPCOM,HNX,https://finance.vietstock.vn/VBH-ctcp-dien-tu-binh-hoa.htm,2900000,Phần cứng và thiết bị,"VBH: Ngày 26/05/2017, ngày hủy niêm yết cổ phiếu của CTCP Điện tử Bình Hòa",http://static2.vietstock.vn/vietstock/2017/4/28/VBH_2017.4.28_043084d_VBH_TB_huy.jpg,2017-05-24 17:00:00
650,1071,VC5,CTCP Xây dựng Số 5,3,OTC,HNX,https://finance.vietstock.vn/VC5-ctcp-xay-dung-so-5.htm,5000000,Hàng hóa công nghiệp,"VC5: Ngày 27/05/2016, ngày hủy niêm yết cổ phiếu của CTCP Xây dựng số 5",http://static2.vietstock.vn/vietstock/2016/4/28/VC5_2016.4.28_f46d091_452-tb_2016-04-28_1550_1.pdf,2016-05-25 17:00:00
651,1727,VCA,CTCP Thép VICASA,1,HOSE,UPCOM,https://finance.vietstock.vn/VCA-ctcp-thep-vicasa.htm,15187322,Nguyên vật liệu,"VCA: Ngày 23/02/2021, ngày hủy ĐKGD cổ phiếu của CÔNG TY CỔ PHẦN THÉP VICASA - VNSTEEL",http://static2.vietstock.vn/vietstock/2021/1/29/1.VCA_2021.1.29_932dd15_183tb_20210129_1.PDF,2021-02-21 17:00:00
652,1290,VCG,Tổng Công ty cổ phần Xuất nhập khẩu và Xây dựng Việt Nam,1,HOSE,HNX,https://finance.vietstock.vn/VCG-tong-cong-ty-co-phan-xuat-nhap-khau-va-xay-dung-viet-nam.htm,441710673,Hàng hóa công nghiệp,"VCG: Ngày 22/12/2020, ngày hủy niêm yết cổ phiếu của Tổng CTCP XNK và Xây dựng Việt Nam",http://static2.vietstock.vn/vietstock/2020/12/17/1.VCG_2020.12.17_6a3f729_TB.jpg,2020-12-20 17:00:00
653,2342,VCH,CTCP Đầu tư Xây dựng và Phát triển Hạ tầng Vinaconex,3,OTC,HNX,https://finance.vietstock.vn/VCH-ctcp-dau-tu-xay-dung-va-phat-trien-ha-tang-vinaconex.htm,3970000,Hàng hóa công nghiệp,VCH: Thông báo về việc hủy niêm yết cổ phiếu của CTCP Đầu tư và Phát triển Hạ tầng Vinaconex  ,,2013-05-19 17:00:00
654,2549,VCR,CTCP Đầu tư và Phát triển Du lịch ITC,5,UPCOM,HNX,https://finance.vietstock.vn/VCR-ctcp-dau-tu-va-phat-trien-du-lich-itc.htm,36000000,Bất động sản,"VCR: Ngày 05/05/2020, ngày hủy niêm yết cổ phiếu của CTCP Đầu tư và Phát triển Du lịch Vinaconex",http://static2.vietstock.vn/vietstock/2020/4/7/1.VCR_2020.4.7_b83d4a3_278tb_20200407_1.pdf,2020-05-03 17:00:00
655,2627,VCV,CTCP Vận tải Vinaconex,3,OTC,HNX,https://finance.vietstock.vn/VCV-ctcp-van-tai-vinaconex.htm,11007183,Vận tải,"VCV: Ngày 20/05/2014, ngày hủy niêm yết cổ phiếu của CTCP Vận tải Vinaconex",http://static2.vietstock.vn/vietstock/2014/4/23/VCV_2014.4.23_302782c_VCV.jpg,2014-05-18 17:00:00
656,3327,VCW,CTCP Đầu tư Nước sạch Sông Đà,3,OTC,UPCOM,https://finance.vietstock.vn/VCW-ctcp-dau-tu-nuoc-sach-song-da.htm,75000000,Tiện ích,"VCW: Ngày 06/01/2026, ngày hủy ĐKGD cổ phiếu của CTCP Đầu tư Nước sạch Sông Đà",https://static2.vietstock.vn/vietstock/2025/12/16/1_vcw_2025_12_16_75a5355_1450_qd.pdf,2026-01-04 17:00:00
657,4656,VDM,Viện Dệt May,3,OTC,UPCOM,https://finance.vietstock.vn/VDM-vien-det-may.htm,5000000,Dịch vụ thương mại và chuyên nghiệp,"VDM: Ngày 27/05/2022, ngày hủy ĐKGD cổ phiếu của Công ty cổ phần - Viện Nghiên cứu Dệt May",https://static2.vietstock.vn/vietstock/2022/5/9/1_vdm_2022_5_9_9bac038_1542tb_20220504_1.pdf,2022-05-25 17:00:00
658,856,VDS,CTCP Chứng khoán Rồng Việt,1,HOSE,HNX,https://finance.vietstock.vn/VDS-ctcp-chung-khoan-rong-viet.htm,70000000,Dịch vụ tài chính,"VDS: Ngày 11/07/2017, ngày hủy niêm yết cổ phiếu của CTCP Chứng khoán Rồng Việt ",https://owa.hnx.vn/ftp///cims/2017/7_W2/000000006827345_870_tb_2017_07_07_1136_1.PDF,2017-07-09 17:00:00
659,1899,VE2,CTCP Xây dựng Điện VNECO 2,3,OTC,HNX,https://finance.vietstock.vn/VE2-ctcp-xay-dung-dien-vneco-2.htm,2158880,Hàng hóa công nghiệp,"VE2: Ngày 27/09/2023, ngày hủy niêm yết cổ phiếu của CTCP Xây dựng điện VNECO 2",https://static2.vietstock.vn/vietstock/2023/8/31/1_ve2_2023_8_31_9572a34_2936tb_20230831_1.PDF,2023-09-25 17:00:00
660,2009,VE8,CTCP Xây dựng Điện VNECO 8,5,UPCOM,HNX,https://finance.vietstock.vn/VE8-ctcp-xay-dung-dien-vneco-8.htm,1800000,Hàng hóa công nghiệp,"VE8: Ngày 23/05/2025, Thông báo về việc hủy bỏ niêm yết bắt buộc cổ phiếu VE8 của CTCP Xây dựng điện VNECO 8 của CTCP Xây dựng Điện Vneco 8",https://static2.vietstock.vn/vietstock/2025/4/25/1_ve8_2025_4_25_9613694_tb_1811_huy_niem_yet_ve8.pdf,2025-05-21 17:00:00
661,1107,VE9,CTCP Đầu tư và Xây dựng VNECO 9,5,UPCOM,HNX,https://finance.vietstock.vn/VE9-ctcp-dau-tu-va-xay-dung-vneco-9.htm,12523613,Hàng hóa công nghiệp,"VE9: Ngày , ngày hủy niêm yết cổ phiếu của CTCP Đầu tư và Xây dựng VNECO 9",http://static2.vietstock.vn/vietstock/2020/11/2/1.VE9_2020.11.2_53947dc_1156tb_20201102_1.PDF,2020-11-05 17:00:00
662,2216,VEE,CTCP Thiết bị Điện Cẩm Phả,3,OTC,UPCOM,https://finance.vietstock.vn/VEE-ctcp-thiet-bi-dien-cam-pha.htm,10185820,Hàng hóa công nghiệp,"VEE: Ngày 22/01/2020, ngày hủy ĐKGD cổ phiếu của CTCP Thiết bị Điện Cẩm Phả",https://owa.hnx.vn/ftp///cims/2019/12_W5/000000008940231_Thong_bao_so_1549_TBSGDHN.pdf,2020-01-20 17:00:00
663,2543,VES,CTCP Tập đoàn VinaLiving,5,UPCOM,HOSE,https://finance.vietstock.vn/VES-ctcp-tap-doan-vinaliving.htm,9007500,Bất động sản,VES: Hủy niêm yết cổ phiếu ,,2013-05-01 17:00:00
664,765,VFC,CTCP Vinafco,5,UPCOM,HOSE,https://finance.vietstock.vn/VFC-ctcp-vinafco.htm,34000000,Vận tải,VFC: Hủy niêm yết cổ phiếu ,,2013-01-29 17:00:00
665,1279,VFMVF1,Quỹ Đầu tư Chứng khoán Năng động DC,4,Khác,HOSE,https://finance.vietstock.vn/VFMVF1-quy-dau-tu-chung-khoan-nang-dong-dc.htm,100000000,Dịch vụ tài chính,VFMVF1: Hủy niêm yết đối với chứng chỉ quỹ VFMVF1,,2013-09-23 17:00:00
666,1155,VFMVF4,Quỹ Đầu Tư Cổ Phiếu Tập Trung Cổ Tức DC,3,OTC,HOSE,https://finance.vietstock.vn/VFMVF4-quy-dau-tu-co-phieu-tap-trung-co-tuc-dc.htm,80646000,Dịch vụ tài chính,VFMVF4: Quyết định hủy niêm yết chứng chỉ quỹ,,2013-11-25 17:00:00
667,988,VFR,CTCP Vận tải và Thuê tàu,5,UPCOM,HNX,https://finance.vietstock.vn/VFR-ctcp-van-tai-va-thue-tau.htm,15000000,Vận tải,"VFR: Ngày 02/06/2017, ngày hủy niêm yết cổ phiếu của CTCP Vận tải và Thuê tàu",http://static2.vietstock.vn/vietstock/2017/5/5/VFR_2017.5.5_78d0657_18339120_878640118940777_348403459_o.jpg,2017-05-31 17:00:00
668,1481,VFS,CTCP Chứng khoán Nhất Việt,2,HNX,UPCOM,https://finance.vietstock.vn/VFS-ctcp-chung-khoan-nhat-viet.htm,80250000,Dịch vụ tài chính,"VFS: Ngày 13/07/2023, ngày hủy ĐKGD cổ phiếu của Công ty Cổ phần Chứng khoán Nhất Việt",https://static2.vietstock.vn/vietstock/2023/7/6/1_vfs_2023_7_6_b830d79_2250tb_0001.pdf,2023-07-11 17:00:00
669,3619,VGC,Tổng Công ty Viglacera - CTCP,1,HOSE,UPCOM,https://finance.vietstock.vn/VGC-tong-cong-ty-viglacera-ctcp.htm,307000000,Hàng hóa công nghiệp,"VGC: Ngày 16/12/2016, ngày hủy ĐKGD cổ phiếu của Tổng Công ty Viglacera - CTCP",http://hnx.vn/web/guest/tin-upcom?p_auth=C3mhgklz&p_p_id=ThongTinCongBo_WAR_ThongTinCongBoportlet_INSTANCE_T0Pq&p_p_lifecycle=1&p_p_state=exclusive&p_p_mode=view&_ThongTinCongBo_WAR_ThongTinCongBoportlet_INSTANCE_T0Pq_anchor=viewAction&_ThongTinCongBo_WAR_ThongTinCongBoportlet_INSTANCE_T0Pq_cmd=dlAction&_ThongTinCongBo_WAR_ThongTinCongBoportlet_INSTANCE_T0Pq_dl_link=%2Fcims%2F2016_12_W3%2F000000006329450_1290_tb_2016_12_12_1445_1.PDF&_ThongTinCongBo_WAR_ThongTinCongBoportlet_INSTANCE_T0Pq_dl_name=VGC_2016.12.12_e9e8e55_1290_tb_2016_12_12_1445_1.PDF,2016-12-14 17:00:00
670,1040,VHG,CTCP Đầu tư Phát triển Việt Trung Nam,5,UPCOM,HOSE,https://finance.vietstock.vn/VHG-ctcp-dau-tu-phat-trien-viet-trung-nam.htm,150000000,Nguyên vật liệu,VHG: Thông báo về việc hủy niêm yết đối với cổ phiếu VHG,http://static2.vietstock.vn/vietstock/2019/4/24/20190424_20190424 - VHG - TB Huy niem yet.pdf,2019-05-21 17:00:00
671,2345,VHH,CTCP Đầu tư Kinh doanh Nhà Thành Đạt,5,UPCOM,HNX,https://finance.vietstock.vn/VHH-ctcp-dau-tu-kinh-doanh-nha-thanh-dat.htm,6000000,Nguyên vật liệu,"VHH: Ngày 23/05/2014, ngày hủy niêm yết cổ phiếu của CTCP Đầu tư và Xây dựng Viwaseen - Huế",http://static2.vietstock.vn/vietstock/2014/4/26/VHH_2014.4.26_1968850_VHH_TB ngay huy NY.doc,2014-05-21 17:00:00
672,4232,VHI,CTCP Kinh doanh và Đầu tư Việt Hà,3,OTC,UPCOM,https://finance.vietstock.vn/VHI-ctcp-kinh-doanh-va-dau-tu-viet-ha.htm,76900000,Thương mại hàng không thiết yếu,"VHI: Ngày 04/04/2022, ngày hủy ĐKGD cổ phiếu của CTCP Kinh doanh và Đầu tư Việt Hà",https://static2.vietstock.vn/vietstock/2022/3/22/1_vhi_2022_3_22_7515d8a_vhi.PDF,2022-03-31 17:00:00
673,278,VIB,Ngân hàng TMCP Quốc tế Việt Nam,1,HOSE,UPCOM,https://finance.vietstock.vn/VIB-ngan-hang-tmcp-quoc-te-viet-nam.htm,924491395,Tổ chức tín dụng,"VIB: Ngày 30/10/2020, ngày hủy ĐKGD cổ phiếu của Ngân hàng TMCP Quốc tế Việt Nam",https://owa.hnx.vn/ftp///cims/2020/10_W4/000000009845448_1099tb_20201021_1.PDF,2020-10-28 17:00:00
674,2004,VIE,CTCP Công nghệ Viễn thông VITECO,5,UPCOM,HNX,https://finance.vietstock.vn/VIE-ctcp-cong-nghe-vien-thong-viteco.htm,2061244,Dịch vụ viễn thông,"VIE: Ngày 18/07/2022, ngày hủy niêm yết cổ phiếu của CTCP Công nghệ Viễn thông VITECO",https://static2.vietstock.vn/vietstock/2022/7/6/1_vie_2022_7_6_efe2893_scan_6_jul_2022_at_15_26.pdf,2022-07-14 17:00:00
675,4282,VIF,Tổng Công ty Lâm nghiệp Việt Nam - CTCP,2,HNX,UPCOM,https://finance.vietstock.vn/VIF-tong-cong-ty-lam-nghiep-viet-nam-ctcp.htm,350000000,Nguyên vật liệu,"VIF: Ngày 17/01/2020, ngày hủy ĐKGD cổ phiếu của Tổng công ty Lâm nghiệp Việt Nam- CTCP",https://owa.hnx.vn/ftp///cims/2020/1_W2/000000008960263_33tb_20200110_1.pdf,2020-01-15 17:00:00
676,1435,VIH,CTCP Viglacera Hà Nội,5,UPCOM,UPCOM,https://finance.vietstock.vn/VIH-ctcp-viglacera-ha-noi.htm,5600000,Nguyên vật liệu,"VIH: Ngày 10/04/2026, ngày hủy ĐKGD cổ phiếu của CTCP Viglacera Hà Nội",https://static2.vietstock.vn/vietstock/2026/4/9/1_vih_2026_4_8_6991128_1552tb_0001.pdf,2026-04-08 17:00:00
677,834,VIS,CTCP Thép Việt Ý,3,OTC,HOSE,https://finance.vietstock.vn/VIS-ctcp-thep-viet-y.htm,73830393,Nguyên vật liệu,VIS: Quyết định hủy niêm yết cổ phiếu,https://static2.vietstock.vn/vietstock/2022/3/22/20220322_20220321___vis___qd_huy_niem_yet_cp.pdf,2022-04-20 17:00:00
678,1186,VIX,CTCP Chứng khoán VIX,1,HOSE,HNX,https://finance.vietstock.vn/VIX-ctcp-chung-khoan-vix.htm,127718975,Dịch vụ tài chính,"VIX: Ngày 29/12/2020, ngày hủy niêm yết cổ phiếu của Công ty Cổ phần Chứng khoán VIX",http://static2.vietstock.vn/vietstock/2020/12/24/1.VIX_2020.12.24_ed794b7_Scan_24_Dec_2020_at_09.38.pdf,2020-12-27 17:00:00
679,2701,VKC,CTCP VKC Holdings ,5,UPCOM,HNX,https://finance.vietstock.vn/VKC-ctcp-vkc-holdings.htm,20000000,Thương mại hàng không thiết yếu,"VKC: Ngày 25/04/2023, ngày hủy niêm yết cổ phiếu của CTCP VKC Holdings",https://static2.vietstock.vn/vietstock/2023/3/28/1_vkc_2023_3_28_679f9ec_1117tb_0001.pdf,2023-04-23 17:00:00
680,2139,VKD,CTCP Nước khoáng Khánh Hòa,3,OTC,UPCOM,https://finance.vietstock.vn/VKD-ctcp-nuoc-khoang-khanh-hoa.htm,12499988,"Thực phẩm, đồ uống và thuốc lá","VKD: Ngày 13/09/2022, ngày hủy ĐKGD cổ phiếu của CTCP Nước khoáng Khánh Hòa",https://static2.vietstock.vn/vietstock/2022/8/19/1_vkd_2022_8_19_b4cedc8_2636tb_0001.pdf,2022-09-11 17:00:00
681,1156,VKP,CTCP Nhựa Tân Hóa,3,OTC,HOSE,https://finance.vietstock.vn/VKP-ctcp-nhua-tan-hoa.htm,8000000,Nguyên vật liệu,VKP: Cổ phiếu bị hủy niêm yết ,,2012-06-21 17:00:00
682,2213,VLF,CTCP Lương thực Thực phẩm Vĩnh Long,3,OTC,HOSE,https://finance.vietstock.vn/VLF-ctcp-luong-thuc-thuc-pham-vinh-long.htm,11959982,"Thực phẩm, đồ uống và thuốc lá",VLF: Quyết định hủy niêm yết cổ phiếu ,http://static2.vietstock.vn/vietstock/2016/4/6/20160406_20160405 - VLF - Quyet dinh huy niem yet.pdf,2016-05-03 17:00:00
683,3749,VMI,CTCP Khoáng sản và Đầu tư Visaco,3,OTC,HNX,https://finance.vietstock.vn/VMI-ctcp-khoang-san-va-dau-tu-visaco.htm,10949999,Hàng hóa công nghiệp,"VMI: Ngày 24/06/2021, ngày hủy niêm yết cổ phiếu của CTCP Khoáng sản và Đầu tư VISACO",http://static2.vietstock.vn/vietstock/2021/6/2/1.VMI_2021.6.1_a105c34_1915tb_20210531_1_1.PDF,2021-06-22 17:00:00
684,1291,VNA,CTCP Vận tải Biển Vinaship,5,UPCOM,HOSE,https://finance.vietstock.vn/VNA-ctcp-van-tai-bien-vinaship.htm,20000000,Vận tải,VNA: Quyết định hủy niêm yết cổ phiếu VNA,http://static2.vietstock.vn/vietstock/2017/3/24/20170324_20173024 - VNA - Quyet dinh huy niem yet.pdf,2017-04-19 17:00:00
685,1377,VND,CTCP Chứng khoán VNDIRECT,1,HOSE,HNX,https://finance.vietstock.vn/VND-ctcp-chung-khoan-vndirect.htm,154998165,Dịch vụ tài chính,"VND: Ngày 14/08/2017, ngày hủy niêm yết cổ phiếu của Công ty Cổ phần Chứng khoán VNDIRECT",https://owa.hnx.vn/ftp///cims/2017/8_W2/000000006910164_1030_tb_2017_08_09_1750_1.PDF,2017-08-10 17:00:00
686,995,VNE,Tổng Công ty cổ phần Xây dựng Điện Việt Nam,5,UPCOM,HOSE,https://finance.vietstock.vn/VNE-tong-cong-ty-co-phan-xay-dung-dien-viet-nam.htm,90432953,Hàng hóa công nghiệp,VNE: Quyết định về việc hủy niêm yết cổ phiếu,https://static2.vietstock.vn/vietstock/2026/5/28/20260527___vne___qd_huy_ny_bb.pdf,2026-06-25 17:00:00
687,2530,VNH,CTCP Đầu tư Việt Việt Nhật,5,UPCOM,HOSE,https://finance.vietstock.vn/VNH-ctcp-dau-tu-viet-viet-nhat.htm,8023071,"Thực phẩm, đồ uống và thuốc lá",VNH: Quyết định hủy niêm yết cổ phiếu,http://static2.vietstock.vn/vietstock/2017/2/21/20170221_20170220 - VNH - Quyet dinh huy niem yet.pdf,2017-03-21 17:00:00
688,1818,VNI,CTCP Đầu tư Bất động sản Việt Nam,5,UPCOM,HOSE,https://finance.vietstock.vn/VNI-ctcp-dau-tu-bat-dong-san-viet-nam.htm,10559996,Bất động sản,VNI: Thông báo hủy niêm yết đối với cổ phiếu ,,2015-04-22 17:00:00
689,3309,VNN,CTCP Đầu tư Thương mại VNN,3,OTC,HNX,https://finance.vietstock.vn/VNN-ctcp-dau-tu-thuong-mai-vnn.htm,5726698,Hàng hóa công nghiệp,"VNN: Ngày 15/05/2015, ngày hủy niêm yết cổ phiếu của CTCP Đầu tư và Thương mại VNN",http://static2.vietstock.vn/vietstock/2015/4/22/VNN_2015.4.22_bd7fa68_VNN_Thong_bao_huy.jpg,2015-05-13 17:00:00
690,3748,VOC,Tổng Công ty Công Nghiệp Dầu Thực Vật Việt Nam - CTCP,3,OTC,UPCOM,https://finance.vietstock.vn/VOC-tong-cong-ty-cong-nghiep-dau-thuc-vat-viet-nam-ctcp.htm,121800000,"Thực phẩm, đồ uống và thuốc lá","VOC: Ngày 29/01/2026, ngày hủy ĐKGD cổ phiếu của Tổng công ty Công nghiệp Dầu thực vật Việt Nam – CTCP",https://static2.vietstock.vn/vietstock/2026/1/8/1_voc_2026_1_8_a44a973_voc_1.pdf,2026-01-27 17:00:00
691,1834,VPC,CTCP Đầu tư và Phát triển Năng lượng Việt Nam,5,UPCOM,HNX,https://finance.vietstock.vn/VPC-ctcp-dau-tu-va-phat-trien-nang-luong-viet-nam.htm,5625000,Dịch vụ tiêu dùng,"VPC: Ngày 15/05/2015, ngày hủy niêm yết cổ phiếu của CTCP Đầu tư và Phát triển Năng lượng Việt Nam",http://static2.vietstock.vn/vietstock/2015/4/22/VPC_2015.4.22_28e0d3d_VPC_Thong_bao_huy.jpg,2015-05-13 17:00:00
692,4297,VPD,CTCP Phát triển Điện lực Việt Nam,1,HOSE,UPCOM,https://finance.vietstock.vn/VPD-ctcp-phat-trien-dien-luc-viet-nam.htm,102493098,Tiện ích,"VPD: Ngày 15/01/2018, ngày hủy ĐKGD cổ phiếu của CTCP Phát triển Điện lực Việt Nam",https://owa.hnx.vn/ftp///cims/2018/1_W2/000000007156469_25_tb_2018_01_08_1631_1.pdf,2018-01-11 17:00:00
693,4568,VPI,CTCP Phát triển Bất động sản Văn Phú,1,HOSE,HNX,https://finance.vietstock.vn/VPI-ctcp-phat-trien-bat-dong-san-van-phu.htm,160000000,Bất động sản,"VPI: Ngày 20/06/2018, ngày hủy niêm yết cổ phiếu của CTCP Đầu tư Văn Phú - Invest",http://static2.vietstock.vn/vietstock/2018/6/11/1.VPI_2018.6.11_42edc65_35043538_1872497812817931_810462059627020288_n.jpg,2018-06-18 17:00:00
694,835,VPK,CTCP Bao bì Dầu Thực Vật,4,Khác,HOSE,https://finance.vietstock.vn/VPK-ctcp-bao-bi-dau-thuc-vat.htm,14998817,Nguyên vật liệu,VPK: Thông báo về việc hủy niêm yết cổ phiếu,http://static2.vietstock.vn/vietstock/2019/12/13/20191213_20191213 - VPK - TB vv huy niem yet cp.pdf,2020-01-09 17:00:00
695,1311,VSG,CTCP Container Phía Nam,5,UPCOM,HOSE,https://finance.vietstock.vn/VSG-ctcp-container-phia-nam.htm,11044000,Vận tải,VSG: Thông báo hủy niêm yết cổ phiếu                                        ,,2013-05-01 17:00:00
696,1118,VSP,CTCP Vận tải biển và Bất động sản Việt Hải,3,OTC,HNX,https://finance.vietstock.vn/VSP-ctcp-van-tai-bien-va-bat-dong-san-viet-hai.htm,38084489,Vận tải,VSP chính thức nhận quyết định hủy niêm yết,,2012-05-30 17:00:00
697,1493,VST,CTCP Vận tải và Thuê tàu biển Việt Nam,5,UPCOM,HOSE,https://finance.vietstock.vn/VST-ctcp-van-tai-va-thue-tau-bien-viet-nam.htm,58999337,Vận tải,VST: Hủy niêm yết,,2015-05-06 17:00:00
698,2077,VT1,CTCP Vật tư Bến Thành,3,OTC,UPCOM,https://finance.vietstock.vn/VT1-ctcp-vat-tu-ben-thanh.htm,2000000,Nguyên vật liệu,"VT1: Ngày 26/05/2020, ngày hủy ĐKGD cổ phiếu của CTCP Vật tư Bến Thành",https://owa.hnx.vn/ftp///cims/2020/5_W2/000000009353024_396.pdf,2020-05-24 17:00:00
699,3121,VT8,CTCP Dịch vụ Vận tải Ô Tô Số 8,3,OTC,UPCOM,https://finance.vietstock.vn/VT8-ctcp-dich-vu-van-tai-o-to-so-8.htm,7549491,Thương mại hàng không thiết yếu,"VT8: Ngày 28/11/2019, ngày hủy ĐKGD cổ phiếu của CTCP Dịch vụ Vận tải ô tô số 8",https://owa.hnx.vn/ftp///cims/2019/11_W2/000000008865683_1311tb_20191105_1.PDF,2019-11-26 17:00:00
700,2219,VTF,CTCP Thức ăn Chăn nuôi Việt Thắng,3,OTC,HOSE,https://finance.vietstock.vn/VTF-ctcp-thuc-an-chan-nuoi-viet-thang.htm,41812781,"Thực phẩm, đồ uống và thuốc lá",VTF: Quyết định hủy niêm yết cổ phiếu,https://www.hsx.vn/Modules/Cms/Web/DownloadFile/9ae75375-80da-424d-baeb-10a4052b4c1a?ridx=682340076,2015-12-13 17:00:00
701,1729,VTJ,CTCP Thương mại và Đầu tư VI NA TA BA,2,HNX,UPCOM,https://finance.vietstock.vn/VTJ-ctcp-thuong-mai-va-dau-tu-vi-na-ta-ba.htm,11400000,Thương mại hàng không thiết yếu,"VTJ: Ngày 18/04/2017, ngày hủy niêm yết cổ phiếu của CTCP Thương mại và Đầu tư Vi Na Ta Ba (VTJ)",http://static2.vietstock.vn/vietstock/2017/4/17/VTJ_Ngay huy niem yet co phieu.PDF,2017-04-16 17:00:00
702,1108,VTL,CTCP Vang Thăng Long,3,OTC,HNX,https://finance.vietstock.vn/VTL-ctcp-vang-thang-long.htm,5059992,"Thực phẩm, đồ uống và thuốc lá","VTL: Ngày 19/05/2023, ngày hủy niêm yết cổ phiếu của CTCP Vang Thăng Long",https://static2.vietstock.vn/vietstock/2023/4/24/1_vtl_2023_4_24_6670f06_1497tb_0002.pdf,2023-05-17 17:00:00
703,2511,VTP,Tổng Công ty cổ phần Bưu chính Viettel,1,HOSE,UPCOM,https://finance.vietstock.vn/VTP-tong-cong-ty-co-phan-buu-chinh-viettel.htm,121783042,Vận tải,"VTP: Ngày 01/03/2024, ngày hủy ĐKGD cổ phiếu của Tổng công ty Cổ phần Bưu chính Viettel",https://static2.vietstock.vn/vietstock/2024/2/7/1_vtp_2024_2_7_983d780_so_giao_dich_7.pdf,2024-02-28 17:00:00
704,1109,VTS,CTCP Gạch ngói Từ Sơn,5,UPCOM,HNX,https://finance.vietstock.vn/VTS-ctcp-gach-ngoi-tu-son.htm,2000205,Nguyên vật liệu,"VTS: Ngày 09/04/2021, ngày hủy niêm yết cổ phiếu của CTCP Viglacera Từ Sơn",http://static2.vietstock.vn/vietstock/2021/3/15/1.VTS_2021.3.15_43620cc_665tb_20210315_1.PDF,2021-04-07 17:00:00
705,4917,VVS,CTCP Đầu tư phát triển máy Việt Nam,1,HOSE,UPCOM,https://finance.vietstock.vn/VVS-ctcp-dau-tu-phat-trien-may-viet-nam.htm,21525000,Thương mại hàng không thiết yếu,"VVS: Ngày 28/11/2025, ngày hủy ĐKGD cổ phiếu của Công ty cổ phần Đầu tư Phát triển máy Việt Nam",https://static2.vietstock.vn/vietstock/2025/11/21/1_vvs_2025_11_21_6e642c4_5020tb_0001.pdf,2025-11-26 17:00:00
706,1911,VXB,CTCP Vật liệu Xây dựng Bến Tre,5,UPCOM,HNX,https://finance.vietstock.vn/VXB-ctcp-vat-lieu-xay-dung-ben-tre.htm,4049006,Hàng hóa công nghiệp,"VXB: Ngày 30/06/2022, ngày hủy niêm yết cổ phiếu của CTCP Vật liệu xây dựng Bến tre",https://static2.vietstock.vn/vietstock/2022/6/6/1_vxb_2022_6_6_bbc2f3d_vxb_thongbaohuy.jpg,2022-06-28 17:00:00
707,4200,WTN,CTCP Cấp thoát nước Tây Ninh,3,OTC,UPCOM,https://finance.vietstock.vn/WTN-ctcp-cap-thoat-nuoc-tay-ninh.htm,10576827,Tiện ích,"WTN: Ngày 04/09/2020, ngày hủy ĐKGD cổ phiếu của CTCP Cấp thoát nước Tây Ninh",https://owa.hnx.vn/ftp///cims/2020/8_W3/000000009692849_737_TBSGDHN.pdf,2020-09-02 17:00:00
708,2350,X18,CTCP Xi măng X18,3,OTC,UPCOM,https://finance.vietstock.vn/X18-ctcp-xi-mang-x18.htm,4155777,Nguyên vật liệu,"X18: Ngày 17/07/2020, ngày hủy ĐKGD cổ phiếu của CTCP Xi măng X18",https://owa.hnx.vn/ftp///cims/2020/7_W3/000000009596009_637.pdf,2020-07-15 17:00:00
709,4922,XDC,CTCP Xây Dựng Công Trình Tân Cảng,3,OTC,UPCOM,https://finance.vietstock.vn/XDC-ctcp-xay-dung-cong-trinh-tan-cang.htm,8200,Hàng hóa công nghiệp,"XDC: Ngày 29/12/2023, ngày hủy ĐKGD cổ phiếu của Công ty cổ phần Xây dựng Công trình Tân Cảng",https://static2.vietstock.vn/vietstock/2023/12/11/1_xdc_2023_12_11_825dc5c_1288qd_20231211_1.PDF,2023-12-27 17:00:00
710,1073,XMC,CTCP Đầu tư và Xây dựng Xuân Mai,5,UPCOM,HNX,https://finance.vietstock.vn/XMC-ctcp-dau-tu-va-xay-dung-xuan-mai.htm,19998240,Hàng hóa công nghiệp,XMC: Thông báo về việc hủy niêm yết cổ phiếu XMC,HTTP://STATIC2.VIETSTOCK.VN/VIETSTOCK/2013/11/6/XMC_2013.11.6_C2A58C9_TB HUY.DOC,2013-11-10 17:00:00
711,1138,YBC,CTCP Xi măng và Khoáng sản Yên Bái,5,UPCOM,HNX,https://finance.vietstock.vn/YBC-ctcp-xi-mang-va-khoang-san-yen-bai.htm,4837430,Nguyên vật liệu,"YBC: Ngày 28/05/2014, ngày hủy niêm yết cổ phiếu của CTCP Xi măng và Khoáng sản Yên Bái",http://static2.vietstock.vn/vietstock/2014/5/5/YBC_2014.5.5_ed9b418_YBC_TB ngay huy NY.doc,2014-05-26 17:00:00
712,4377,YRC,CTCP Đường sắt Yên Lào,3,OTC,UPCOM,https://finance.vietstock.vn/YRC-ctcp-duong-sat-yen-lao.htm,1900000,Vận tải,"YRC: Ngày 13/08/2021, ngày hủy ĐKGD cổ phiếu của CTCP Đường sắt Yên Lào",http://static2.vietstock.vn/vietstock/2021/7/26/1.YRC_2021.7.26_f3a75fa_2387tb_20210721_1.pdf,2021-08-11 17:00:00
