,ID,CatID,Exchange,IndustryName1,IndustryName2,IndustryName3,Code,Name,TotalShares,URL,FirstTradeDate
0,4712,5,UPCoM,Tiêu dùng không thiết yếu,Thời trang và hàng lâu bền,Thời trang và dệt may,A32,CTCP 32,6800000,https://finance.vietstock.vn/A32-ctcp-32.htm,2018-10-22 17:00:00
1,2541,1,HOSE,Nguyên vật liệu,Nguyên vật liệu,Hóa chất,AAA,CTCP Nhựa An Phát Xanh,393742730,https://finance.vietstock.vn/AAA-ctcp-nhua-an-phat-xanh.htm,2016-11-24 17:00:00
2,5601,5,UPCoM,Năng lượng,Năng lượng,Dầu khí,AAH,CTCP Hợp Nhất,117900000,https://finance.vietstock.vn/AAH-ctcp-hop-nhat.htm,2024-01-10 17:00:00
3,1813,1,HOSE,Tiêu dùng thiết yếu,"Thực phẩm, đồ uống và thuốc lá",Thực phẩm,AAM,CTCP Thủy sản MeKong,12346411,https://finance.vietstock.vn/AAM-ctcp-thuy-san-mekong.htm,2009-09-23 17:00:00
4,5816,1,HOSE,Tiêu dùng thiết yếu,"Thực phẩm, đồ uống và thuốc lá",Thực phẩm,AAN,CTCP Lương thực A An,91649951,https://finance.vietstock.vn/AAN-ctcp-luong-thuc-a-an.htm,2026-05-21 17:00:00
5,1339,5,UPCoM,Tài chính,Dịch vụ tài chính,Thị trường vốn,AAS,CTCP Chứng khoán SmartInvest ,229999521,https://finance.vietstock.vn/AAS-ctcp-chung-khoan-smartinvest.htm,2020-07-22 17:00:00
6,3905,1,HOSE,Tiêu dùng không thiết yếu,Thời trang và hàng lâu bền,Thời trang và dệt may,AAT,CTCP Tập Đoàn Tiên Sơn Thanh Hóa ,70819103,https://finance.vietstock.vn/AAT-ctcp-tap-doan-tien-son-thanh-hoa.htm,2021-03-23 17:00:00
7,4522,5,UPCoM,Bất động sản,Bất động sản,Quản lý và phát triển bất động sản,AAV,CTCP AAV Group,68987661,https://finance.vietstock.vn/AAV-ctcp-aav-group.htm,2026-05-25 17:00:00
8,1196,5,UPCoM,Tài chính,Tổ chức tín dụng,Ngân hàng,ABB,Ngân hàng TMCP An Bình,1397208685,https://finance.vietstock.vn/ABB-ngan-hang-tmcp-an-binh.htm,2020-12-27 17:00:00
9,2920,5,UPCoM,Dịch vụ truyền thông,Dịch vụ viễn thông,Dịch vụ viễn thông đa dạng,ABC,CTCP Truyền thông VMG,20393000,https://finance.vietstock.vn/ABC-ctcp-truyen-thong-vmg.htm,2016-08-17 17:00:00
10,1786,5,UPCoM,Tài chính,Bảo hiểm,Bảo hiểm,ABI,CTCP Bảo hiểm Ngân hàng Nông nghiệp Việt Nam,101347632,https://finance.vietstock.vn/ABI-ctcp-bao-hiem-ngan-hang-nong-nghiep-viet-nam.htm,2009-07-15 17:00:00
11,4473,1,HOSE,Dịch vụ truyền thông,Dịch vụ viễn thông,Dịch vụ viễn thông đa dạng,ABR,CTCP Đầu tư Nhãn hiệu Việt,20000000,https://finance.vietstock.vn/ABR-ctcp-dau-tu-nhan-hieu-viet.htm,2022-03-02 17:00:00
12,4784,1,HOSE,Nguyên vật liệu,Nguyên vật liệu,Hóa chất,ABS,CTCP Dịch vụ Nông nghiệp Bình Thuận,80000000,https://finance.vietstock.vn/ABS-ctcp-dich-vu-nong-nghiep-binh-thuan.htm,2020-03-17 17:00:00
13,783,1,HOSE,Tiêu dùng thiết yếu,"Thực phẩm, đồ uống và thuốc lá",Thực phẩm,ABT,CTCP Xuất nhập khẩu Thủy sản Bến Tre,14387207,https://finance.vietstock.vn/ABT-ctcp-xuat-nhap-khau-thuy-san-ben-tre.htm,2006-12-24 17:00:00
14,1318,5,UPCoM,Tài chính,Dịch vụ tài chính,Thị trường vốn,ABW,CTCP Chứng khoán An Bình,301150000,https://finance.vietstock.vn/ABW-ctcp-chung-khoan-an-binh.htm,2023-05-29 17:00:00
15,885,1,HOSE,Tài chính,Tổ chức tín dụng,Ngân hàng,ACB,Ngân hàng TMCP Á Châu,5804421957,https://finance.vietstock.vn/ACB-ngan-hang-tmcp-a-chau.htm,2020-12-08 17:00:00
16,2041,1,HOSE,Nguyên vật liệu,Nguyên vật liệu,Vật liệu xây dựng,ACC,CTCP Đầu tư và Xây dựng Bình Dương ACC,104999993,https://finance.vietstock.vn/ACC-ctcp-dau-tu-va-xay-dung-binh-duong-acc.htm,2011-06-29 17:00:00
17,1525,5,UPCoM,Nguyên vật liệu,Nguyên vật liệu,Vật liệu xây dựng,ACE,CTCP Bê tông Ly tâm An Giang,3050781,https://finance.vietstock.vn/ACE-ctcp-be-tong-ly-tam-an-giang.htm,2009-11-09 17:00:00
18,4793,1,HOSE,Nguyên vật liệu,Nguyên vật liệu,Gỗ và giấy,ACG,CTCP Gỗ An Cường,150787946,https://finance.vietstock.vn/ACG-ctcp-go-an-cuong.htm,2022-10-09 17:00:00
19,936,1,HOSE,Tiêu dùng thiết yếu,"Thực phẩm, đồ uống và thuốc lá",Thực phẩm,ACL,CTCP Xuất nhập khẩu Thủy sản Cửu Long An Giang,50159019,https://finance.vietstock.vn/ACL-ctcp-xuat-nhap-khau-thuy-san-cuu-long-an-giang.htm,2007-09-04 17:00:00
20,4027,5,UPCoM,Nguyên vật liệu,Nguyên vật liệu,Khai khoáng và luyện kim,ACM,CTCP Tập đoàn Khoáng sản Á Cường,51000000,https://finance.vietstock.vn/ACM-ctcp-tap-doan-khoang-san-a-cuong.htm,2022-07-18 17:00:00
21,1997,5,UPCoM,Công nghiệp,Hàng hóa công nghiệp,Kỹ thuật xây dựng,ACS,CTCP Xây lắp Thương mại 2,5400000,https://finance.vietstock.vn/ACS-ctcp-xay-lap-thuong-mai-2.htm,2017-07-12 17:00:00
22,4052,5,UPCoM,Công nghiệp,Vận tải,Hạ tầng giao thông,ACV,Tổng Công ty Cảng Hàng không Việt Nam - CTCP,3582847523,https://finance.vietstock.vn/ACV-tong-cong-ty-cang-hang-khong-viet-nam-ctcp.htm,2016-11-20 17:00:00
23,2486,2,HNX,Dịch vụ truyền thông,Truyền thông và giải trí,Truyền thông,ADC,CTCP Mỹ thuật và Truyền thông,3977936,https://finance.vietstock.vn/ADC-ctcp-my-thuat-va-truyen-thong.htm,2010-12-23 17:00:00
24,4779,1,HOSE,Dịch vụ truyền thông,Truyền thông và giải trí,Truyền thông,ADG,CTCP Clever Group,21380521,https://finance.vietstock.vn/ADG-ctcp-clever-group.htm,2021-02-21 17:00:00
25,2017,1,HOSE,Nguyên vật liệu,Nguyên vật liệu,Hóa chất,ADP,CTCP Sơn Á Đông,23039850,https://finance.vietstock.vn/ADP-ctcp-son-a-dong.htm,2023-07-26 17:00:00
26,3181,1,HOSE,Tiêu dùng không thiết yếu,Thời trang và hàng lâu bền,Thời trang và dệt may,ADS,CTCP Damsan,76394727,https://finance.vietstock.vn/ADS-ctcp-damsan.htm,2016-06-28 17:00:00
27,3218,1,HOSE,Tiêu dùng thiết yếu,"Thực phẩm, đồ uống và thuốc lá",Thực phẩm,AFX,CTCP Xuất nhập khẩu Nông sản Thực phẩm An Giang,35000000,https://finance.vietstock.vn/AFX-ctcp-xuat-nhap-khau-nong-san-thuc-pham-an-giang.htm,2025-12-07 17:00:00
28,4633,5,UPCoM,Tiêu dùng không thiết yếu,Thời trang và hàng lâu bền,Thời trang và dệt may,AG1,CTCP 28.1,4863386,https://finance.vietstock.vn/AG1-ctcp-28-1.htm,2018-01-09 17:00:00
29,38,5,UPCoM,Tiêu dùng thiết yếu,"Thực phẩm, đồ uống và thuốc lá",Thực phẩm,AGF,CTCP Xuất nhập khẩu Thủy sản An Giang,28109743,https://finance.vietstock.vn/AGF-ctcp-xuat-nhap-khau-thuy-san-an-giang.htm,2020-02-23 17:00:00
30,4782,1,HOSE,Bất động sản,Bất động sản,Quản lý và phát triển bất động sản,AGG,CTCP Đầu tư và Phát triển Bất động sản An Gia,162528081,https://finance.vietstock.vn/AGG-ctcp-dau-tu-va-phat-trien-bat-dong-san-an-gia.htm,2020-01-08 17:00:00
31,1935,5,UPCoM,Tiêu dùng thiết yếu,"Thực phẩm, đồ uống và thuốc lá",Thực phẩm,AGM,CTCP Xuất Nhập khẩu An Giang,18200000,https://finance.vietstock.vn/AGM-ctcp-xuat-nhap-khau-an-giang.htm,2025-05-22 17:00:00
32,2493,5,UPCoM,Chăm sóc sức khỏe,"Dược phẩm, công nghệ sinh học và khoa học sự sống",Dược phẩm,AGP,CTCP Dược phẩm Agimexpharm,30607558,https://finance.vietstock.vn/AGP-ctcp-duoc-pham-agimexpharm.htm,2015-10-05 17:00:00
33,1401,1,HOSE,Tài chính,Dịch vụ tài chính,Thị trường vốn,AGR,CTCP Chứng khoán Agribank,228311823,https://finance.vietstock.vn/AGR-ctcp-chung-khoan-agribank.htm,2009-12-09 17:00:00
34,1245,5,UPCoM,Tiêu dùng thiết yếu,"Thực phẩm, đồ uống và thuốc lá",Thực phẩm,AGX,CTCP Thực phẩm Nông Sản xuất khẩu Sài Gòn,10800000,https://finance.vietstock.vn/AGX-ctcp-thuc-pham-nong-san-xuat-khau-sai-gon.htm,2015-09-13 17:00:00
35,1991,5,UPCoM,Tài chính,Bảo hiểm,Bảo hiểm,AIC,Tổng Công ty Cổ phần Bảo hiểm DBV,100000000,https://finance.vietstock.vn/AIC-tong-cong-ty-co-phan-bao-hiem-dbv.htm,2021-01-07 17:00:00
36,4949,5,UPCoM,Tiêu dùng thiết yếu,Thương mại hàng thiết yếu,Thương mại hàng thiết yếu,AIG,CTCP Nguyên liệu Á Châu AIG,170601298,https://finance.vietstock.vn/AIG-ctcp-nguyen-lieu-a-chau-aig.htm,2024-11-10 17:00:00
37,2353,5,UPCoM,Năng lượng,Năng lượng,Dầu khí,ALC,CTCP Âu Lạc,56470620,https://finance.vietstock.vn/ALC-ctcp-au-lac.htm,2026-01-14 17:00:00
38,778,2,HNX,Nguyên vật liệu,Nguyên vật liệu,Bao bì và vật chứa,ALT,CTCP Văn hóa Tân Bình,6172523,https://finance.vietstock.vn/ALT-ctcp-van-hoa-tan-binh.htm,2009-07-26 17:00:00
39,2657,5,UPCoM,Công nghiệp,Hàng hóa công nghiệp,Kỹ thuật xây dựng,ALV,CTCP Tập đoàn MCST,9618358,https://finance.vietstock.vn/ALV-ctcp-tap-doan-mcst.htm,2019-06-20 17:00:00
40,2655,2,HNX,Nguyên vật liệu,Nguyên vật liệu,Vật liệu xây dựng,AMC,CTCP Khoáng sản Á Châu,4274990,https://finance.vietstock.vn/AMC-ctcp-khoang-san-a-chau.htm,2012-02-14 17:00:00
41,2611,2,HNX,Công nghiệp,Hàng hóa công nghiệp,Phân phối hàng công nghiệp,AME,CTCP Alphanam E&C,65200000,https://finance.vietstock.vn/AME-ctcp-alphanam-ec.htm,2010-06-01 17:00:00
42,2607,5,UPCoM,Tiêu dùng không thiết yếu,Thương mại hàng không thiết yếu,Nhà phân phối,AMP,CTCP Armephaco,13000000,https://finance.vietstock.vn/AMP-ctcp-armephaco.htm,2017-01-11 17:00:00
43,3116,5,UPCoM,Công nghiệp,Hàng hóa công nghiệp,Máy móc công nghiệp,AMS,CTCP Cơ khí Xây dựng AMECC,60000000,https://finance.vietstock.vn/AMS-ctcp-co-khi-xay-dung-amecc.htm,2017-02-05 17:00:00
44,2121,2,HNX,Chăm sóc sức khỏe,Thiết bị và dịch vụ chăm sóc sức khỏe,Thiết bị và vật tư chăm sóc sức khỏe,AMV,CTCP Sản xuất Kinh doanh Dược và Trang thiết bị Y tế Việt Mỹ,131105650,https://finance.vietstock.vn/AMV-ctcp-san-xuat-kinh-doanh-duoc-va-trang-thiet-bi-y-te-viet-my.htm,2009-12-29 17:00:00
45,971,5,UPCoM,Bất động sản,Bất động sản,Quản lý và phát triển bất động sản,ANI,CTCP ANI,23999270,https://finance.vietstock.vn/ANI-ctcp-ani.htm,2026-06-25 17:00:00
46,3215,1,HOSE,Tiêu dùng thiết yếu,"Thực phẩm, đồ uống và thuốc lá",Thực phẩm,ANT,CTCP Rau quả Thực phẩm An Giang,28804349,https://finance.vietstock.vn/ANT-ctcp-rau-qua-thuc-pham-an-giang.htm,2026-01-19 17:00:00
47,1016,1,HOSE,Tiêu dùng thiết yếu,"Thực phẩm, đồ uống và thuốc lá",Thực phẩm,ANV,CTCP Nam Việt,266667500,https://finance.vietstock.vn/ANV-ctcp-nam-viet.htm,2007-12-06 17:00:00
48,1896,5,UPCoM,Công nghiệp,Dịch vụ thương mại và chuyên nghiệp,Dịch vụ chuyên nghiệp,APC,CTCP Chiếu xạ An Phú,20121395,https://finance.vietstock.vn/APC-ctcp-chieu-xa-an-phu.htm,2024-05-14 17:00:00
49,1704,5,UPCoM,Tiêu dùng thiết yếu,"Thực phẩm, đồ uống và thuốc lá",Thực phẩm,APF,CTCP Nông sản Thực phẩm Quảng Ngãi,36021756,https://finance.vietstock.vn/APF-ctcp-nong-san-thuc-pham-quang-ngai.htm,2017-06-07 17:00:00
50,1201,1,HOSE,Tài chính,Dịch vụ tài chính,Thị trường vốn,APG,CTCP Chứng khoán APG,223621942,https://finance.vietstock.vn/APG-ctcp-chung-khoan-apg.htm,2016-11-29 17:00:00
51,4803,1,HOSE,Nguyên vật liệu,Nguyên vật liệu,Hóa chất,APH,CTCP Tập đoàn An Phát Holdings,243884268,https://finance.vietstock.vn/APH-ctcp-tap-doan-an-phat-holdings.htm,2020-07-27 17:00:00
52,1864,2,HNX,Bất động sản,Bất động sản,Quản lý và phát triển bất động sản,API,CTCP Đầu tư Châu Á - Thái Bình Dương,84083976,https://finance.vietstock.vn/API-ctcp-dau-tu-chau-a-thai-binh-duong.htm,2010-09-12 17:00:00
53,4393,5,UPCoM,Tiêu dùng không thiết yếu,Thương mại hàng không thiết yếu,Nhà phân phối,APL,CTCP Cơ khí và Thiết bị áp lực - VVMI,1200000,https://finance.vietstock.vn/APL-ctcp-co-khi-va-thiet-bi-ap-luc-vvmi.htm,2016-10-13 17:00:00
54,2670,5,UPCoM,Năng lượng,Năng lượng,Dầu khí,APP,CTCP Phát triển Phụ gia và Sản phẩm Dầu Mỏ,4724632,https://finance.vietstock.vn/APP-ctcp-phat-trien-phu-gia-va-san-pham-dau-mo.htm,2022-08-02 17:00:00
55,1319,2,HNX,Tài chính,Dịch vụ tài chính,Thị trường vốn,APS,CTCP Chứng khoán Châu Á Thái Bình Dương,83000000,https://finance.vietstock.vn/APS-ctcp-chung-khoan-chau-a-thai-binh-duong.htm,2010-04-18 17:00:00
56,2104,5,UPCoM,Tiêu dùng thiết yếu,"Thực phẩm, đồ uống và thuốc lá",Thực phẩm,APT,CTCP Kinh doanh Thủy Hải Sản Sài Gòn,8800000,https://finance.vietstock.vn/APT-ctcp-kinh-doanh-thuy-hai-san-sai-gon.htm,2019-06-06 17:00:00
57,1756,2,HNX,Công nghiệp,Hàng hóa công nghiệp,Phân phối hàng công nghiệp,ARM,CTCP Xuất nhập khẩu Hàng không,3111283,https://finance.vietstock.vn/ARM-ctcp-xuat-nhap-khau-hang-khong.htm,2010-10-25 17:00:00
58,1321,5,UPCoM,Tài chính,Dịch vụ tài chính,Thị trường vốn,ART,CTCP Chứng khoán ARTEX,96922509,https://finance.vietstock.vn/ART-ctcp-chung-khoan-artex.htm,2023-08-24 17:00:00
59,4698,1,HOSE,Công nghiệp,Vận tải,Vận tải và logistics hàng không,ASG,CTCP Tập đoàn ASG,90784669,https://finance.vietstock.vn/ASG-ctcp-tap-doan-asg.htm,2020-09-23 17:00:00
60,1930,1,HOSE,Tiêu dùng thiết yếu,"Thực phẩm, đồ uống và thuốc lá",Thực phẩm,ASM,CTCP Tập đoàn Sao Mai,407194183,https://finance.vietstock.vn/ASM-ctcp-tap-doan-sao-mai.htm,2010-01-17 17:00:00
61,1060,1,HOSE,Tiện ích,Tiện ích,Gas sinh hoạt,ASP,CTCP Tập đoàn Dầu khí An Pha,37339929,https://finance.vietstock.vn/ASP-ctcp-tap-doan-dau-khi-an-pha.htm,2008-02-14 17:00:00
62,4626,1,HOSE,Công nghiệp,Vận tải,Hạ tầng giao thông,AST,CTCP Dịch vụ Hàng không Taseco,45000000,https://finance.vietstock.vn/AST-ctcp-dich-vu-hang-khong-taseco.htm,2018-01-03 17:00:00
63,1817,5,UPCoM,Tiêu dùng thiết yếu,"Thực phẩm, đồ uống và thuốc lá",Thực phẩm,ATA,CTCP Ntaco,11999998,https://finance.vietstock.vn/ATA-ctcp-ntaco.htm,2017-02-16 17:00:00
64,4323,5,UPCoM,Nguyên vật liệu,Nguyên vật liệu,Khai khoáng và luyện kim,ATG,CTCP ATG Planet,15220000,https://finance.vietstock.vn/ATG-ctcp-atg-planet.htm,2021-05-13 17:00:00
65,4136,2,HNX,Tiêu dùng không thiết yếu,Dịch vụ tiêu dùng,"Khách sạn, nhà hàng và giải trí",ATS,CTCP Tập đoàn Đầu tư ATS,3500000,https://finance.vietstock.vn/ATS-ctcp-tap-doan-dau-tu-ats.htm,2016-03-28 17:00:00
66,3123,5,UPCoM,Tiện ích,Tiện ích,Phát điện độc lập và điện tái tạo,AVC,CTCP Thủy điện A Vương,75052052,https://finance.vietstock.vn/AVC-ctcp-thuy-dien-a-vuong.htm,2018-01-07 17:00:00
67,4957,5,UPCoM,Nguyên vật liệu,Nguyên vật liệu,Hóa chất,AVG,CTCP Phân bón Quốc tế Âu Việt,17679982,https://finance.vietstock.vn/AVG-ctcp-phan-bon-quoc-te-au-viet.htm,
68,1191,2,HNX,Tài chính,Tổ chức tín dụng,Ngân hàng,BAB,Ngân hàng TMCP Bắc Á,1152550716,https://finance.vietstock.vn/BAB-ngan-hang-tmcp-bac-a.htm,2021-03-02 17:00:00
69,4880,1,HOSE,Tiêu dùng thiết yếu,"Thực phẩm, đồ uống và thuốc lá",Thực phẩm,BAF,CTCP Nông nghiệp BAF Việt Nam,364824906,https://finance.vietstock.vn/BAF-ctcp-nong-nghiep-baf-viet-nam.htm,2021-12-02 17:00:00
70,2158,5,UPCoM,Nguyên vật liệu,Nguyên vật liệu,Bao bì và vật chứa,BAL,CTCP Bao bì Bia - Rượu - Nước giải khát,2000000,https://finance.vietstock.vn/BAL-ctcp-bao-bi-bia-ruou-nuoc-giai-khat.htm,2018-01-11 17:00:00
71,1561,2,HNX,Bất động sản,Bất động sản,Quản lý và phát triển bất động sản,BAX,CTCP Thống Nhất,8200000,https://finance.vietstock.vn/BAX-ctcp-tho´ng-nha´t.htm,2017-03-23 17:00:00
72,4801,5,UPCoM,Nguyên vật liệu,Nguyên vật liệu,Bao bì và vật chứa,BBH,CTCP Bao bì Hoàng Thạch,2047932,https://finance.vietstock.vn/BBH-ctcp-bao-bi-hoang-thach.htm,2020-05-13 17:00:00
73,4004,5,UPCoM,Tiêu dùng thiết yếu,"Thực phẩm, đồ uống và thuốc lá",Đồ uống,BBM,CTCP Bia Hà Nội - Nam Định,2000000,https://finance.vietstock.vn/BBM-ctcp-bia-ha-noi-nam-dinh.htm,2018-01-04 17:00:00
74,889,2,HNX,Nguyên vật liệu,Nguyên vật liệu,Bao bì và vật chứa,BBS,CTCP VICEM Bao bì Bút Sơn,6000000,https://finance.vietstock.vn/BBS-ctcp-vicem-bao-bi-but-son.htm,2005-12-27 17:00:00
75,315,5,UPCoM,Chăm sóc sức khỏe,Thiết bị và dịch vụ chăm sóc sức khỏe,Thiết bị và vật tư chăm sóc sức khỏe,BBT,CTCP Bông Bạch Tuyết,19600000,https://finance.vietstock.vn/BBT-ctcp-bong-bach-tuyet.htm,2018-06-11 17:00:00
76,4874,5,UPCoM,Nguyên vật liệu,Nguyên vật liệu,Khai khoáng và luyện kim,BCA,CTCP B.C.H,50000000,https://finance.vietstock.vn/BCA-ctcp-b-c-h.htm,2021-09-07 17:00:00
77,4713,5,UPCoM,Năng lượng,Năng lượng,Dầu khí,BCB,CTCP 397,5700000,https://finance.vietstock.vn/BCB-ctcp-397.htm,2018-10-28 17:00:00
78,892,2,HNX,Nguyên vật liệu,Nguyên vật liệu,Vật liệu xây dựng,BCC,CTCP Xi măng Bỉm Sơn,123209812,https://finance.vietstock.vn/BCC-ctcp-xi-mang-bim-son.htm,2006-11-23 17:00:00
79,1769,1,HOSE,Công nghiệp,Hàng hóa công nghiệp,Kỹ thuật xây dựng,BCE,CTCP Xây dựng và Giao thông Bình Dương,41999846,https://finance.vietstock.vn/BCE-ctcp-xay-dung-va-giao-thong-binh-duong.htm,2010-06-27 17:00:00
80,2727,2,HNX,Tiêu dùng thiết yếu,"Thực phẩm, đồ uống và thuốc lá",Thực phẩm,BCF,CTCP Thực phẩm Bích Chi,37964770,https://finance.vietstock.vn/BCF-ctcp-thuc-pham-bich-chi.htm,2020-03-15 17:00:00
81,4058,5,UPCoM,Công nghiệp,Hàng hóa công nghiệp,Tập đoàn đa ngành,BCG,CTCP Tập đoàn Bamboo Capital,880210644,https://finance.vietstock.vn/BCG-ctcp-tap-doan-bamboo-capital.htm,2026-07-23 17:00:00
82,4586,1,HOSE,Bất động sản,Bất động sản,Quản lý và phát triển bất động sản,BCM,Tập đoàn Đầu tư và Phát triển Công nghiệp Becamex - CTCP,1035000000,https://finance.vietstock.vn/BCM-tap-doan-dau-tu-va-phat-trien-cong-nghiep-becamex-ctcp.htm,2020-08-30 17:00:00
83,1652,5,UPCoM,Chăm sóc sức khỏe,"Dược phẩm, công nghệ sinh học và khoa học sự sống",Dược phẩm,BCP,CTCP Dược ENLIE,6000000,https://finance.vietstock.vn/BCP-ctcp-duoc-enlie.htm,2015-09-13 17:00:00
84,4945,5,UPCoM,Bất động sản,Bất động sản,Quản lý và phát triển bất động sản,BCR,CTCP BCG Land,473799913,https://finance.vietstock.vn/BCR-ctcp-bcg-land.htm,2023-12-07 17:00:00
85,4846,5,UPCoM,Tiêu dùng không thiết yếu,Dịch vụ tiêu dùng,"Khách sạn, nhà hàng và giải trí",BCV,CTCP Du lịch và Thương mại Bằng Giang Cao Bằng - Vimico,1800000,https://finance.vietstock.vn/BCV-ctcp-du-lich-va-thuong-mai-bang-giang-cao-bang-vimico.htm,2021-03-15 17:00:00
86,4163,5,UPCoM,Tiêu dùng không thiết yếu,Thời trang và hàng lâu bền,Thời trang và dệt may,BDG,CTCP May mặc Bình Dương,24799920,https://finance.vietstock.vn/BDG-ctcp-may-mac-binh-duong.htm,2016-04-05 17:00:00
87,4363,5,UPCoM,Nguyên vật liệu,Nguyên vật liệu,Vật liệu xây dựng,BDT,CTCP Xây lắp và Vật liệu Xây dựng Đồng Tháp,38600000,https://finance.vietstock.vn/BDT-ctcp-xay-lap-va-vat-lieu-xay-dung-dong-thap.htm,2017-09-05 17:00:00
88,3877,5,UPCoM,Tiện ích,Tiện ích,Nước,BDW,CTCP Cấp thoát nước Bình Định,12410800,https://finance.vietstock.vn/BDW-ctcp-cap-thoat-nuoc-binh-dinh.htm,2015-10-13 17:00:00
89,1848,2,HNX,Dịch vụ truyền thông,Truyền thông và giải trí,Truyền thông,BED,CTCP Sách và Thiết bị Trường học Đà Nẵng,3000000,https://finance.vietstock.vn/BED-ctcp-sach-va-thiet-bi-truong-hoc-da-nang.htm,2009-10-20 17:00:00
90,1276,5,UPCoM,Công nghệ thông tin,Phần cứng và thiết bị,"Phần cứng, bộ lưu trữ và thiết bị ngoại vi",BEL,CTCP Điện tử Biên Hòa,6000000,https://finance.vietstock.vn/BEL-ctcp-dien-tu-bien-hoa.htm,2016-07-11 17:00:00
91,3629,1,HOSE,Nguyên vật liệu,Nguyên vật liệu,Hóa chất,BFC,CTCP Phân bón Bình Điền,57167993,https://finance.vietstock.vn/BFC-ctcp-phan-bon-binh-dien.htm,2015-10-06 17:00:00
92,5694,5,UPCoM,Tiện ích,Tiện ích,Phát điện độc lập và điện tái tạo,BGE,CTCP BCG Energy,730000000,https://finance.vietstock.vn/BGE-ctcp-bcg-energy.htm,2024-07-30 17:00:00
93,4087,5,UPCoM,Tiện ích,Tiện ích,Nước,BGW,CTCP Nước sạch Bắc Giang,18149446,https://finance.vietstock.vn/BGW-ctcp-nuoc-sach-bac-giang.htm,2017-10-30 17:00:00
94,4531,5,UPCoM,Tiện ích,Tiện ích,Phát điện độc lập và điện tái tạo,BHA,CTCP Thủy điện Bắc Hà,66000000,https://finance.vietstock.vn/BHA-ctcp-thuy-dien-bac-ha.htm,2017-08-01 17:00:00
95,1558,5,UPCoM,Nguyên vật liệu,Nguyên vật liệu,Vật liệu xây dựng,BHC,CTCP Bê tông Biên Hòa,4500000,https://finance.vietstock.vn/BHC-ctcp-be-tong-bien-hoa.htm,2015-04-09 17:00:00
96,4715,5,UPCoM,Tiêu dùng thiết yếu,"Thực phẩm, đồ uống và thuốc lá",Thực phẩm,BHG,CTCP Chè Biển Hồ,8935643,https://finance.vietstock.vn/BHG-ctcp-che-bien-ho.htm,2018-10-29 17:00:00
97,5718,5,UPCoM,Tiêu dùng thiết yếu,"Thực phẩm, đồ uống và thuốc lá",Đồ uống,BHH,CTCP Bia Hà Nội - Hưng Yên 89,6000000,https://finance.vietstock.vn/BHH-ctcp-bia-ha-noi-hung-yen-89.htm,
98,2048,5,UPCoM,Tài chính,Bảo hiểm,Bảo hiểm,BHI,Tổng Công ty cổ phần Bảo hiểm Sài Gòn - Hà Nội,100000000,https://finance.vietstock.vn/BHI-tong-cong-ty-co-phan-bao-hiem-sai-gon-ha-noi.htm,2023-07-20 17:00:00
99,4671,5,UPCoM,Tiêu dùng thiết yếu,"Thực phẩm, đồ uống và thuốc lá",Đồ uống,BHK,CTCP Bia Hà Nội - Kim Bài,3986000,https://finance.vietstock.vn/BHK-ctcp-bia-ha-noi-kim-bai.htm,2018-04-04 17:00:00
100,1313,1,HOSE,Tiêu dùng thiết yếu,"Thực phẩm, đồ uống và thuốc lá",Đồ uống,BHN,Tổng Công ty cổ phần Bia - Rượu - Nước giải khát Hà Nội,231800000,https://finance.vietstock.vn/BHN-tong-cong-ty-co-phan-bia-ruou-nuoc-giai-khat-ha-noi.htm,2017-01-18 17:00:00
101,2185,5,UPCoM,Tiêu dùng thiết yếu,"Thực phẩm, đồ uống và thuốc lá",Đồ uống,BHP,CTCP Bia Hà Nội - Hải Phòng,9179290,https://finance.vietstock.vn/BHP-ctcp-bia-ha-noi-hai-phong.htm,2013-01-20 17:00:00
102,1909,1,HOSE,Tài chính,Bảo hiểm,Bảo hiểm,BIC,Tổng Công ty cổ phần Bảo hiểm Ngân hàng Đầu tư và Phát triển Việt Nam,202067057,https://finance.vietstock.vn/BIC-tong-cong-ty-co-phan-bao-hiem-ngan-hang-dau-tu-va-phat-trien-viet-nam.htm,2011-09-05 17:00:00
103,1161,1,HOSE,Tài chính,Tổ chức tín dụng,Ngân hàng,BID,Ngân hàng TMCP Đầu tư và Phát triển Việt Nam,7280065210,https://finance.vietstock.vn/BID-ngan-hang-tmcp-dau-tu-va-phat-trien-viet-nam.htm,2014-01-23 17:00:00
104,4891,5,UPCoM,Tiêu dùng không thiết yếu,Thương mại hàng không thiết yếu,Nhà phân phối,BIG,CTCP Tập đoàn Đầu tư Big,34181452,https://finance.vietstock.vn/BIG-ctcp-tap-doan-dau-tu-big.htm,2022-01-09 17:00:00
105,4260,5,UPCoM,Chăm sóc sức khỏe,"Dược phẩm, công nghệ sinh học và khoa học sự sống",Dược phẩm,BIO,CTCP Vắc xin và Sinh phẩm Nha Trang,8562000,https://finance.vietstock.vn/BIO-ctcp-vac-xin-va-sinh-pham-nha-trang.htm,2018-08-29 17:00:00
106,1806,2,HNX,Nguyên vật liệu,Nguyên vật liệu,Khai khoáng và luyện kim,BKC,CTCP Khoáng sản Bắc Kạn,23475456,https://finance.vietstock.vn/BKC-ctcp-khoang-san-bac-kan.htm,2009-08-17 17:00:00
107,4847,1,HOSE,Nguyên vật liệu,Nguyên vật liệu,Gỗ và giấy,BKG,CTCP Đầu tư BKG Việt Nam,71609020,https://finance.vietstock.vn/BKG-ctcp-dau-tu-bkg-viet-nam.htm,2020-12-30 17:00:00
108,1151,5,UPCoM,Tiêu dùng thiết yếu,"Thực phẩm, đồ uống và thuốc lá",Thực phẩm,BLF,CTCP Thủy sản Bạc Liêu,11500000,https://finance.vietstock.vn/BLF-ctcp-thuy-san-bac-lieu.htm,2023-12-17 17:00:00
109,1873,5,UPCoM,Tài chính,Bảo hiểm,Bảo hiểm,BLI,Tổng Công ty cổ phần Bảo hiểm Bảo Long,60000000,https://finance.vietstock.vn/BLI-tong-cong-ty-co-phan-bao-hiem-bao-long.htm,2015-12-10 17:00:00
110,3980,5,UPCoM,Công nghiệp,Vận tải,Vận tải mặt đất,BLN,CTCP Vận tải và Dịch vụ Liên Ninh,5000000,https://finance.vietstock.vn/BLN-ctcp-van-tai-va-dich-vu-lien-ninh.htm,2016-09-08 17:00:00
111,2478,5,UPCoM,Tiêu dùng thiết yếu,"Thực phẩm, đồ uống và thuốc lá",Thực phẩm,BLT,CTCP Lương thực Bình Định,4000000,https://finance.vietstock.vn/BLT-ctcp-luong-thuc-binh-dinh.htm,2017-07-09 17:00:00
112,785,1,HOSE,Nguyên vật liệu,Nguyên vật liệu,Khai khoáng và luyện kim,BMC,CTCP Khoáng sản Bình Định,12392630,https://finance.vietstock.vn/BMC-ctcp-khoang-san-binh-dinh.htm,2006-12-27 17:00:00
113,4512,5,UPCoM,Công nghiệp,Dịch vụ thương mại và chuyên nghiệp,Dịch vụ và thiết bị thương mại ,BMD,CTCP Môi trường và Dịch vụ Đô thị Bình Thuận,2753280,https://finance.vietstock.vn/BMD-ctcp-moi-truong-va-dich-vu-do-thi-binh-thuan.htm,2017-06-13 17:00:00
114,4670,5,UPCoM,Tiêu dùng không thiết yếu,Thương mại hàng không thiết yếu,Nhà phân phối,BMF,CTCP Vật liệu Xây dựng và Chất đốt Đồng Nai,15848063,https://finance.vietstock.vn/BMF-ctcp-vat-lieu-xay-dung-va-chat-dot-dong-nai.htm,2018-04-15 17:00:00
115,4719,5,UPCoM,Tiêu dùng không thiết yếu,Thời trang và hàng lâu bền,Thời trang và dệt may,BMG,CTCP May Bình Minh,5292000,https://finance.vietstock.vn/BMG-ctcp-may-binh-minh.htm,2018-12-24 17:00:00
116,894,1,HOSE,Tài chính,Bảo hiểm,Bảo hiểm,BMI,Tổng Công ty cổ phần Bảo Minh,150547626,https://finance.vietstock.vn/BMI-tong-cong-ty-co-phan-bao-minh.htm,2008-04-20 17:00:00
117,2026,5,UPCoM,Nguyên vật liệu,Nguyên vật liệu,Vật liệu xây dựng,BMJ,CTCP Khoáng sản Miền Đông AHP,104999978,https://finance.vietstock.vn/BMJ-ctcp-khoang-san-mien-dong-ahp.htm,2009-12-21 17:00:00
118,5710,5,UPCoM,Công nghiệp,Hàng hóa công nghiệp,Kỹ thuật xây dựng,BMK,CTCP Kỹ thuật nhiệt Mèo Đen,8023932,https://finance.vietstock.vn/BMK-ctcp-ky-thuat-nhiet-meo-den.htm,2024-12-25 17:00:00
119,712,1,HOSE,Nguyên vật liệu,Nguyên vật liệu,Hóa chất,BMP,CTCP Nhựa Bình Minh,81860938,https://finance.vietstock.vn/BMP-ctcp-nhua-binh-minh.htm,2006-07-10 17:00:00
120,1323,5,UPCoM,Tài chính,Dịch vụ tài chính,Thị trường vốn,BMS,CTCP Chứng khoán Bảo Minh,215148036,https://finance.vietstock.vn/BMS-ctcp-chung-khoan-bao-minh.htm,2018-08-07 17:00:00
121,4391,5,UPCoM,Tiêu dùng thiết yếu,"Thực phẩm, đồ uống và thuốc lá",Thực phẩm,BMV,CTCP Bột mỳ Vinafood 1,24200000,https://finance.vietstock.vn/BMV-ctcp-bot-my-vinafood-1.htm,2017-06-05 17:00:00
122,4834,2,HNX,Tiêu dùng thiết yếu,"Thực phẩm, đồ uống và thuốc lá",Thực phẩm,BNA,CTCP Tập đoàn Đầu tư Bảo Ngọc,31249394,https://finance.vietstock.vn/BNA-ctcp-tap-doan-dau-tu-bao-ngoc.htm,2020-10-11 17:00:00
123,4445,5,UPCoM,Tiện ích,Tiện ích,Nước,BNW,CTCP Nước sạch Bắc Ninh,37549391,https://finance.vietstock.vn/BNW-ctcp-nuoc-sach-bac-ninh.htm,2018-12-27 17:00:00
124,4727,5,UPCoM,Công nghiệp,Vận tải,Hạ tầng giao thông,BOT,CTCP BOT Cầu Thái Hà,59246800,https://finance.vietstock.vn/BOT-ctcp-bot-cau-thai-ha.htm,2019-02-13 17:00:00
125,40,2,HNX,Nguyên vật liệu,Nguyên vật liệu,Bao bì và vật chứa,BPC,CTCP VICEM Bao bì Bỉm Sơn,3800000,https://finance.vietstock.vn/BPC-ctcp-vicem-bao-bi-bim-son.htm,2009-06-07 17:00:00
126,4629,5,UPCoM,Tiêu dùng thiết yếu,"Thực phẩm, đồ uống và thuốc lá",Đồ uống,BQB,CTCP Bia Hà Nội - Quảng Bình,5800000,https://finance.vietstock.vn/BQB-ctcp-bia-ha-noi-quang-binh.htm,2018-01-08 17:00:00
127,5754,5,UPCoM,Nguyên vật liệu,Nguyên vật liệu,Hóa chất,BQP,CTCP Nhựa Chất lượng cao Bình Thuận,18500000,https://finance.vietstock.vn/BQP-ctcp-nhua-chat-luong-cao-binh-thuan.htm,2025-11-04 17:00:00
128,2146,1,HOSE,Tiêu dùng không thiết yếu,Xe và linh kiện,Linh kiện xe,BRC,CTCP Cao su Bến Thành,12374997,https://finance.vietstock.vn/BRC-ctcp-cao-su-ben-thanh.htm,2011-12-12 17:00:00
129,4515,5,UPCoM,Nguyên vật liệu,Nguyên vật liệu,Hóa chất,BRR,CTCP Cao su Bà Rịa,112500000,https://finance.vietstock.vn/BRR-ctcp-cao-su-ba-ria.htm,2017-06-15 17:00:00
130,3829,5,UPCoM,Công nghiệp,Dịch vụ thương mại và chuyên nghiệp,Dịch vụ và thiết bị thương mại ,BRS,CTCP Dịch vụ Đô thị Bà Rịa,4541950,https://finance.vietstock.vn/BRS-ctcp-dich-vu-do-thi-ba-ria.htm,2017-01-23 17:00:00
131,4699,5,UPCoM,Tiện ích,Tiện ích,Phát điện độc lập và điện tái tạo,BSA,CTCP Thủy điện Buôn Đôn,66850975,https://finance.vietstock.vn/BSA-ctcp-thuy-dien-buon-don.htm,2018-08-19 17:00:00
132,4495,5,UPCoM,Tiêu dùng thiết yếu,"Thực phẩm, đồ uống và thuốc lá",Đồ uống,BSD,"CTCP Bia, Rượu Sài Gòn - Đồng Xuân",3000000,https://finance.vietstock.vn/BSD-ctcp-bia-ruou-sai-gon-dong-xuan.htm,2017-04-27 17:00:00
133,4253,5,UPCoM,Công nghiệp,Vận tải,Vận tải mặt đất,BSG,CTCP Xe khách Sài Gòn,60000000,https://finance.vietstock.vn/BSG-ctcp-xe-khach-sai-gon.htm,2016-11-20 17:00:00
134,4694,5,UPCoM,Tiêu dùng thiết yếu,"Thực phẩm, đồ uống và thuốc lá",Đồ uống,BSH,CTCP Bia Sài Gòn - Hà Nội,18000000,https://finance.vietstock.vn/BSH-ctcp-bia-sai-gon-ha-noi.htm,2018-07-03 17:00:00
135,1402,1,HOSE,Tài chính,Dịch vụ tài chính,Thị trường vốn,BSI,CTCP Chứng khoán BIDV,269901549,https://finance.vietstock.vn/BSI-ctcp-chung-khoan-bidv.htm,2011-07-18 17:00:00
136,4514,5,UPCoM,Tiêu dùng thiết yếu,"Thực phẩm, đồ uống và thuốc lá",Đồ uống,BSL,CTCP Bia Sài Gòn - Sông Lam,45000000,https://finance.vietstock.vn/BSL-ctcp-bia-sai-gon-song-lam.htm,2017-06-15 17:00:00
137,4365,5,UPCoM,Tiêu dùng thiết yếu,"Thực phẩm, đồ uống và thuốc lá",Đồ uống,BSP,CTCP Bia Sài Gòn - Phú Thọ,12500000,https://finance.vietstock.vn/BSP-ctcp-bia-sai-gon-phu-tho.htm,2016-08-09 17:00:00
138,2802,5,UPCoM,Tiêu dùng thiết yếu,"Thực phẩm, đồ uống và thuốc lá",Đồ uống,BSQ,CTCP Bia Sài Gòn - Quảng Ngãi,45000000,https://finance.vietstock.vn/BSQ-ctcp-bia-sai-gon-quang-ngai.htm,2017-02-27 17:00:00
139,4338,1,HOSE,Năng lượng,Năng lượng,Dầu khí,BSR,CTCP - Tổng Công ty Lọc hóa dầu Việt Nam,5007299686,https://finance.vietstock.vn/BSR-ctcp-tong-cong-ty-loc-hoa-dau-viet-nam.htm,2025-01-16 17:00:00
140,2857,5,UPCoM,Nguyên vật liệu,Nguyên vật liệu,Hóa chất,BT1,CTCP Bảo vệ Thực vật 1 Trung Ương,10000106,https://finance.vietstock.vn/BT1-ctcp-bao-ve-thuc-vat-1-trung-uong.htm,2016-11-08 17:00:00
141,36,5,UPCoM,Nguyên vật liệu,Nguyên vật liệu,Vật liệu xây dựng,BT6,CTCP Beton 6,32993550,https://finance.vietstock.vn/BT6-ctcp-beton-6.htm,2017-03-05 17:00:00
142,2401,5,UPCoM,Tiêu dùng thiết yếu,"Thực phẩm, đồ uống và thuốc lá",Đồ uống,BTB,CTCP Bia Hà Nội - Thái Bình,7691226,https://finance.vietstock.vn/BTB-ctcp-bia-ha-noi-thai-binh.htm,2017-01-11 17:00:00
143,2455,5,UPCoM,Nguyên vật liệu,Nguyên vật liệu,Vật liệu xây dựng,BTD,CTCP Bê tông Ly tâm Thủ Đức,6414100,https://finance.vietstock.vn/BTD-ctcp-be-tong-ly-tam-thu-duc.htm,2017-03-01 17:00:00
144,1934,5,UPCoM,Nguyên vật liệu,Nguyên vật liệu,Bao bì và vật chứa,BTG,CTCP Bao bì Tiền Giang,1190000,https://finance.vietstock.vn/BTG-ctcp-bao-bi-tien-giang.htm,2010-03-23 17:00:00
145,1117,5,UPCoM,Công nghiệp,Hàng hóa công nghiệp,Thiết bị điện,BTH,CTCP Chế tạo Biến thế và Vật liệu Điện Hà Nội,25000000,https://finance.vietstock.vn/BTH-ctcp-che-tao-bien-the-va-vat-lieu-dien-ha-noi.htm,2017-09-26 17:00:00
146,4627,5,UPCoM,Nguyên vật liệu,Nguyên vật liệu,Vật liệu xây dựng,BTN,CTCP Đầu tư Bitco Bình Định,4465570,https://finance.vietstock.vn/BTN-ctcp-dau-tu-bitco-binh-dinh.htm,2018-01-04 17:00:00
147,1702,1,HOSE,Tiện ích,Tiện ích,Điện,BTP,CTCP Nhiệt điện Bà Rịa,60485600,https://finance.vietstock.vn/BTP-ctcp-nhiet-dien-ba-ria.htm,2009-11-24 17:00:00
148,895,2,HNX,Nguyên vật liệu,Nguyên vật liệu,Vật liệu xây dựng,BTS,CTCP Xi măng VICEM Bút Sơn,123559858,https://finance.vietstock.vn/BTS-ctcp-xi-mang-vicem-but-son.htm,2006-12-04 17:00:00
149,2042,1,HOSE,Tiêu dùng không thiết yếu,Thương mại hàng không thiết yếu,Nhà phân phối,BTT,CTCP Thương mại Dịch vụ Bến Thành,13500000,https://finance.vietstock.vn/BTT-ctcp-thuong-mai-dich-vu-ben-thanh.htm,2010-04-13 17:00:00
150,3849,5,UPCoM,Công nghiệp,Dịch vụ thương mại và chuyên nghiệp,Dịch vụ và thiết bị thương mại ,BTU,CTCP Công trình Đô thị Bến Tre,3600000,https://finance.vietstock.vn/BTU-ctcp-cong-trinh-do-thi-ben-tre.htm,2016-03-10 17:00:00
151,3848,5,UPCoM,Tiêu dùng không thiết yếu,Dịch vụ tiêu dùng,"Khách sạn, nhà hàng và giải trí",BTV,CTCP Dịch vụ Du lịch Bến Thành,25000000,https://finance.vietstock.vn/BTV-ctcp-dich-vu-du-lich-ben-thanh.htm,2017-03-02 17:00:00
152,1307,2,HNX,Tiện ích,Tiện ích,Nước,BTW,CTCP Cấp nước Bến Thành,9360000,https://finance.vietstock.vn/BTW-ctcp-cap-nuoc-ben-thanh.htm,2017-11-13 17:00:00
153,1197,1,HOSE,Tài chính,Tổ chức tín dụng,Ngân hàng,BVB,Ngân hàng TMCP Bản Việt,640820000,https://finance.vietstock.vn/BVB-ngan-hang-tmcp-ban-viet.htm,2026-07-20 17:00:00
154,2626,5,UPCoM,Nguyên vật liệu,Nguyên vật liệu,Khai khoáng và luyện kim,BVG,CTCP Group Bắc Việt,9750948,https://finance.vietstock.vn/BVG-ctcp-group-bac-viet.htm,2015-11-19 17:00:00
155,1544,1,HOSE,Tài chính,Bảo hiểm,Bảo hiểm,BVH,Tập đoàn Bảo Việt,742322764,https://finance.vietstock.vn/BVH-tap-doan-bao-viet.htm,2009-06-24 17:00:00
156,4867,5,UPCoM,Công nghiệp,Hàng hóa công nghiệp,Tập đoàn đa ngành,BVL,CTCP BV Land,107293493,https://finance.vietstock.vn/BVL-ctcp-bv-land.htm,2021-06-10 17:00:00
157,2340,5,UPCoM,Tiêu dùng không thiết yếu,Thời trang và hàng lâu bền,Thời trang và dệt may,BVN,CTCP Bông Việt Nam,5000000,https://finance.vietstock.vn/BVN-ctcp-bong-viet-nam.htm,2011-10-10 17:00:00
158,897,2,HNX,Tài chính,Dịch vụ tài chính,Thị trường vốn,BVS,CTCP Chứng khoán Bảo Việt,72233937,https://finance.vietstock.vn/BVS-ctcp-chung-khoan-bao-viet.htm,2006-12-17 17:00:00
159,2547,5,UPCoM,Tiện ích,Tiện ích,Nước,BWA,CTCP Cấp thoát nước và Xây dựng Bảo Lộc,2700000,https://finance.vietstock.vn/BWA-ctcp-cap-thoat-nuoc-va-xay-dung-bao-loc.htm,2010-06-13 17:00:00
160,4355,1,HOSE,Tiện ích,Tiện ích,Nước,BWE,CTCP - Tổng công ty nước - môi trường Bình Dương,219928644,https://finance.vietstock.vn/BWE-ctcp-tong-cong-ty-nuoc-moi-truong-binh-duong.htm,2017-07-19 17:00:00
161,2440,5,UPCoM,Tiện ích,Tiện ích,Nước,BWS,CTCP Cấp nước Bà Rịa - Vũng Tàu,100007569,https://finance.vietstock.vn/BWS-ctcp-cap-nuoc-ba-ria-vung-tau.htm,2017-11-27 17:00:00
162,1563,2,HNX,Nguyên vật liệu,Nguyên vật liệu,Bao bì và vật chứa,BXH,CTCP VICEM Bao bì Hải Phòng,3012040,https://finance.vietstock.vn/BXH-ctcp-vicem-bao-bi-hai-phong.htm,2009-11-24 17:00:00
163,2003,5,UPCoM,Bất động sản,Bất động sản,Bất động sản đa dạng,C21,CTCP Thế Kỷ 21 ,19336371,https://finance.vietstock.vn/C21-ctcp-the-ky-21.htm,2016-10-31 17:00:00
164,4679,5,UPCoM,Tiêu dùng thiết yếu,"Thực phẩm, đồ uống và thuốc lá",Thực phẩm,C22,CTCP 22,3550000,https://finance.vietstock.vn/C22-ctcp-22.htm,2018-05-23 17:00:00
165,2055,1,HOSE,Nguyên vật liệu,Nguyên vật liệu,Vật liệu xây dựng,C32,CTCP Đầu tư và Xây dựng 3-2,30059290,https://finance.vietstock.vn/C32-ctcp-dau-tu-va-xay-dung-3-2.htm,2012-11-29 17:00:00
166,2120,1,HOSE,Công nghiệp,Hàng hóa công nghiệp,Kỹ thuật xây dựng,C47,CTCP Xây dựng 47,36342269,https://finance.vietstock.vn/C47-ctcp-xay-dung-47.htm,2011-03-29 17:00:00
167,3803,5,UPCoM,Công nghiệp,Hàng hóa công nghiệp,Kỹ thuật xây dựng,C4G,CTCP Tập đoàn CIENCO4,357300754,https://finance.vietstock.vn/C4G-ctcp-tap-doan-cienco4.htm,2018-12-09 17:00:00
168,4397,2,HNX,Công nghiệp,Hàng hóa công nghiệp,Phân phối hàng công nghiệp,C69,CTCP Xây dựng 1369,61799972,https://finance.vietstock.vn/C69-ctcp-xay-dung-1369.htm,2017-04-20 17:00:00
169,1028,5,UPCoM,Công nghiệp,Hàng hóa công nghiệp,Kỹ thuật xây dựng,C92,CTCP Xây dựng và Đầu tư 492,5312920,https://finance.vietstock.vn/C92-ctcp-xay-dung-va-dau-tu-492.htm,2022-08-02 17:00:00
170,1454,5,UPCoM,Tiêu dùng thiết yếu,"Thực phẩm, đồ uống và thuốc lá",Thực phẩm,CAD,CTCP Chế biến và Xuất nhập khẩu Thủy sản Cadovimex,8799927,https://finance.vietstock.vn/CAD-ctcp-che-bien-va-xuat-nhap-khau-thuy-san-cadovimex.htm,2012-10-31 17:00:00
171,4504,2,HNX,Công nghiệp,Vận tải,Hạ tầng giao thông,CAG,CTCP Cảng An Giang,13800000,https://finance.vietstock.vn/CAG-ctcp-cang-an-giang.htm,2017-12-03 17:00:00
172,48,2,HNX,Tiêu dùng thiết yếu,"Thực phẩm, đồ uống và thuốc lá",Thực phẩm,CAN,CTCP Đồ hộp Hạ Long,5000000,https://finance.vietstock.vn/CAN-ctcp-do-hop-ha-long.htm,2009-06-11 17:00:00
173,1029,2,HNX,Nguyên vật liệu,Nguyên vật liệu,Gỗ và giấy,CAP,CTCP Lâm Nông sản Thực phẩm Yên Bái,15269965,https://finance.vietstock.vn/CAP-ctcp-lam-nong-san-thuc-pham-yen-bai.htm,2008-01-08 17:00:00
174,4902,2,HNX,Tiêu dùng không thiết yếu,Dịch vụ tiêu dùng,Dịch vụ tiêu dùng khác,CAR,CTCP Tập đoàn Giáo dục Trí Việt,5565004,https://finance.vietstock.vn/CAR-ctcp-tap-doan-giao-duc-tri-viet.htm,2024-10-22 17:00:00
175,1259,5,UPCoM,Tiêu dùng thiết yếu,"Thực phẩm, đồ uống và thuốc lá",Thực phẩm,CAT,CTCP Thủy sản Cà Mau,14373166,https://finance.vietstock.vn/CAT-ctcp-thuy-san-ca-mau.htm,2018-03-22 17:00:00
176,4562,5,UPCoM,Nguyên vật liệu,Nguyên vật liệu,Khai khoáng và luyện kim,CBI,CTCP Gang thép Cao Bằng,43006366,https://finance.vietstock.vn/CBI-ctcp-gang-thep-cao-bang.htm,2017-09-27 17:00:00
177,3337,5,UPCoM,Tiêu dùng thiết yếu,"Thực phẩm, đồ uống và thuốc lá",Thực phẩm,CBS,CTCP Mía Đường Cao Bằng,5291868,https://finance.vietstock.vn/CBS-ctcp-mia-duong-cao-bang.htm,2017-06-19 17:00:00
178,4343,5,UPCoM,Công nghiệp,Hàng hóa công nghiệp,Kỹ thuật xây dựng,CC1,Tổng Công ty Xây dựng Số 1 - CTCP,474656100,https://finance.vietstock.vn/CC1-tong-cong-ty-xay-dung-so-1-ctcp.htm,2017-07-19 17:00:00
179,3004,5,UPCoM,Tiêu dùng thiết yếu,"Thực phẩm, đồ uống và thuốc lá",Thực phẩm,CCA,CTCP Xuất nhập khẩu Thuỷ sản Cần Thơ,18110619,https://finance.vietstock.vn/CCA-ctcp-xuat-nhap-khau-thuy-san-can-tho.htm,2019-12-25 17:00:00
180,5693,1,HOSE,Công nghiệp,Hàng hóa công nghiệp,Kỹ thuật xây dựng,CCC,CTCP Xây dựng CDC,41054987,https://finance.vietstock.vn/CCC-ctcp-xay-dung-cdc.htm,2025-04-20 17:00:00
181,1277,1,HOSE,Năng lượng,Năng lượng,Dầu khí,CCI,CTCP Đầu tư Phát triển Công nghiệp Thương mại Củ Chi,23590900,https://finance.vietstock.vn/CCI-ctcp-dau-tu-phat-trien-cong-nghiep-thuong-mai-cu-chi.htm,2010-04-14 17:00:00
182,2710,1,HOSE,Bất động sản,Bất động sản,Quản lý và phát triển bất động sản,CCL,CTCP Đầu tư và Phát triển Đô thị Dầu khí Cửu Long,59581418,https://finance.vietstock.vn/CCL-ctcp-dau-tu-va-phat-trien-do-thi-dau-khi-cuu-long.htm,2011-03-02 17:00:00
183,1312,5,UPCoM,Nguyên vật liệu,Nguyên vật liệu,Vật liệu xây dựng,CCM,CTCP khoáng sản và Xi măng Cần Thơ,6199900,https://finance.vietstock.vn/CCM-ctcp-khoang-san-va-xi-mang-can-tho.htm,2018-07-05 17:00:00
184,1638,5,UPCoM,Công nghiệp,Vận tải,Hạ tầng giao thông,CCP,CTCP Cảng Cửa Cấm Hải Phòng,2400000,https://finance.vietstock.vn/CCP-ctcp-cang-cua-cam-hai-phong.htm,2017-03-15 17:00:00
185,3999,2,HNX,Công nghiệp,Vận tải,Hạ tầng giao thông,CCR,CTCP Cảng Cam Ranh,24501817,https://finance.vietstock.vn/CCR-ctcp-cang-cam-ranh.htm,2021-11-18 17:00:00
186,2227,5,UPCoM,Bất động sản,Bất động sản,Quản lý và phát triển bất động sản,CCS,CTCP Chíp Sáng,8029080,https://finance.vietstock.vn/CCS-ctcp-chip-sang.htm,2026-01-22 17:00:00
187,3878,5,UPCoM,Công nghiệp,Vận tải,Hạ tầng giao thông,CCT,CTCP Cảng Cần Thơ,28480000,https://finance.vietstock.vn/CCT-ctcp-cang-can-tho.htm,2017-06-29 17:00:00
188,3835,5,UPCoM,Công nghiệp,Dịch vụ thương mại và chuyên nghiệp,Dịch vụ chuyên nghiệp,CCV,CTCP Tư vấn Xây dựng Công nghiệp và Đô thị Việt Nam,1800000,https://finance.vietstock.vn/CCV-ctcp-tu-van-xay-dung-cong-nghiep-va-do-thi-viet-nam.htm,2017-01-08 17:00:00
189,1031,1,HOSE,Công nghiệp,Hàng hóa công nghiệp,Kỹ thuật xây dựng,CDC,CTCP Chương Dương,105545322,https://finance.vietstock.vn/CDC-ctcp-chuong-duong.htm,2010-09-12 17:00:00
190,2284,5,UPCoM,Nguyên vật liệu,Nguyên vật liệu,Vật liệu xây dựng,CDG,CTCP Cầu Đuống,3464995,https://finance.vietstock.vn/CDG-ctcp-cau-duong.htm,2017-02-26 17:00:00
191,3777,2,HNX,Công nghiệp,Vận tải,Hạ tầng giao thông,CDN,CTCP Cảng Đà Nẵng,99000000,https://finance.vietstock.vn/CDN-ctcp-cang-da-nang.htm,2016-11-29 17:00:00
192,3982,5,UPCoM,Công nghiệp,Hàng hóa công nghiệp,Kỹ thuật xây dựng,CDO,CTCP Tư vấn Thiết kế và Phát triển Đô thị,31504975,https://finance.vietstock.vn/CDO-ctcp-tu-van-thiet-ke-va-phat-trien-do-thi.htm,2018-10-04 17:00:00
193,2524,5,UPCoM,Chăm sóc sức khỏe,Thiết bị và dịch vụ chăm sóc sức khỏe,Thương mại và dịch vụ chăm sóc sức khỏe,CDP,CTCP Dược phẩm Trung ương Codupha,18270000,https://finance.vietstock.vn/CDP-ctcp-duoc-pham-trung-uong-codupha.htm,2018-07-12 17:00:00
194,3228,5,UPCoM,Công nghiệp,Hàng hóa công nghiệp,Kỹ thuật xây dựng,CDR,CTCP Xây dựng Cao su Đồng Nai,2133271,https://finance.vietstock.vn/CDR-ctcp-xay-dung-cao-su-dong-nai.htm,2017-06-25 17:00:00
195,4685,5,UPCoM,Tiêu dùng không thiết yếu,Thương mại hàng không thiết yếu,Nhà phân phối,CEN,CTCP CENCON Việt Nam,21712440,https://finance.vietstock.vn/CEN-ctcp-cencon-viet-nam.htm,2018-06-14 17:00:00
196,3345,2,HNX,Bất động sản,Bất động sản,Quản lý và phát triển bất động sản,CEO,CTCP Tập đoàn C.E.O,595775755,https://finance.vietstock.vn/CEO-ctcp-tap-doan-c-e-o.htm,2014-09-28 17:00:00
197,4380,2,HNX,Tiêu dùng không thiết yếu,Thời trang và hàng lâu bền,Hàng tiêu dùng lâu bền,CET,CTCP HTC Holding,6050000,https://finance.vietstock.vn/CET-ctcp-htc-holding.htm,2017-07-27 17:00:00
198,4853,5,UPCoM,Tiêu dùng không thiết yếu,Dịch vụ tiêu dùng,Dịch vụ tiêu dùng khác,CFM,CTCP CFM Private Equity,3000000,https://finance.vietstock.vn/CFM-ctcp-cfm-private-equity.htm,2021-01-24 17:00:00
199,4735,5,UPCoM,Tiêu dùng thiết yếu,"Thực phẩm, đồ uống và thuốc lá",Thực phẩm,CFV,CTCP Cà phê Thắng Lợi,8096000,https://finance.vietstock.vn/CFV-ctcp-ca-phe-thang-loi.htm,2019-06-02 17:00:00
200,2141,5,UPCoM,Tiêu dùng không thiết yếu,Thời trang và hàng lâu bền,Hàng tiêu dùng lâu bền,CGV,CTCP Vinaceglass,9499956,https://finance.vietstock.vn/CGV-ctcp-vinaceglass.htm,2017-06-20 17:00:00
201,2793,5,UPCoM,Công nghiệp,Hàng hóa công nghiệp,Kỹ thuật xây dựng,CH5,CTCP Xây dựng Số 5 Hà Nội,3732450,https://finance.vietstock.vn/CH5-ctcp-xay-dung-so-5-ha-noi.htm,2017-06-13 17:00:00
202,2936,5,UPCoM,Nguyên vật liệu,Nguyên vật liệu,Gỗ và giấy,CHC,CTCP Cẩm Hà,6731596,https://finance.vietstock.vn/CHC-ctcp-cam-ha.htm,2017-02-15 17:00:00
203,2123,1,HOSE,Tiện ích,Tiện ích,Phát điện độc lập và điện tái tạo,CHP,CTCP Thủy điện Miền Trung,157658076,https://finance.vietstock.vn/CHP-ctcp-thuy-dien-mien-trung.htm,2016-09-28 17:00:00
204,4242,5,UPCoM,Công nghiệp,Hàng hóa công nghiệp,Kỹ thuật xây dựng,CHS,CTCP Chiếu sáng Công cộng Thành phố Hồ Chí Minh,28400000,https://finance.vietstock.vn/CHS-ctcp-chieu-sang-cong-cong-thanh-pho-ho-chi-minh.htm,2017-01-11 17:00:00
205,2827,5,UPCoM,Công nghiệp,Hàng hóa công nghiệp,Kỹ thuật xây dựng,CI5,CTCP Đầu Tư Xây dựng Số 5,2700000,https://finance.vietstock.vn/CI5-ctcp-dau-tu-xay-dung-so-5.htm,2011-06-30 17:00:00
206,4510,2,HNX,Công nghiệp,Vận tải,Hạ tầng giao thông,CIA,CTCP Dịch vụ Sân bay Quốc tế Cam Ranh,18661243,https://finance.vietstock.vn/CIA-ctcp-dich-vu-san-bay-quoc-te-cam-ranh.htm,2017-11-28 17:00:00
207,899,5,UPCoM,Công nghiệp,Hàng hóa công nghiệp,Kỹ thuật xây dựng,CID,CTCP Xây dựng và Phát triển Cơ sở Hạ tầng,1082000,https://finance.vietstock.vn/CID-ctcp-xay-dung-va-phat-trien-co-so-ha-tang.htm,2016-05-09 17:00:00
208,2933,1,HOSE,Công nghiệp,Hàng hóa công nghiệp,Kỹ thuật xây dựng,CIG,CTCP COMA 18,51039947,https://finance.vietstock.vn/CIG-ctcp-coma-18.htm,2011-07-18 17:00:00
209,95,1,HOSE,Công nghiệp,Vận tải,Hạ tầng giao thông,CII,CTCP Đầu tư Hạ tầng Kỹ thuật Thành phố Hồ Chí Minh,671985291,https://finance.vietstock.vn/CII-ctcp-dau-tu-ha-tang-ky-thuat-thanh-pho-ho-chi-minh.htm,2006-05-17 17:00:00
210,2922,5,UPCoM,Công nghiệp,Hàng hóa công nghiệp,Kỹ thuật xây dựng,CIP,CTCP Xây lắp và Sản xuất Công nghiệp,4545000,https://finance.vietstock.vn/CIP-ctcp-xay-lap-va-san-xuat-cong-nghiep.htm,2017-09-26 17:00:00
211,900,2,HNX,Công nghiệp,Hàng hóa công nghiệp,Máy móc công nghiệp,CJC,CTCP Cơ điện Miền Trung,8000000,https://finance.vietstock.vn/CJC-ctcp-co-dien-mien-trung.htm,2006-12-13 17:00:00
212,3175,5,UPCoM,Nguyên vật liệu,Nguyên vật liệu,Khai khoáng và luyện kim,CK8,CTCP Cơ khí 120,3000000,https://finance.vietstock.vn/CK8-ctcp-co-khi-120.htm,2023-01-05 17:00:00
213,4711,5,UPCoM,Công nghiệp,Hàng hóa công nghiệp,Máy móc công nghiệp,CKA,CTCP Cơ Khí An Giang,3286404,https://finance.vietstock.vn/CKA-ctcp-co-khi-an-giang.htm,2018-10-16 17:00:00
214,3620,5,UPCoM,Nguyên vật liệu,Nguyên vật liệu,Khai khoáng và luyện kim,CKD,CTCP Cơ khí Đông Anh LICOGI,31000000,https://finance.vietstock.vn/CKD-ctcp-co-khi-dong-anh-licogi.htm,2015-05-20 17:00:00
215,2239,1,HOSE,Bất động sản,Bất động sản,Quản lý và phát triển bất động sản,CKG,CTCP Tập đoàn CIC,161807526,https://finance.vietstock.vn/CKG-ctcp-tap-doan-cic.htm,2020-03-24 17:00:00
216,2175,2,HNX,Dịch vụ truyền thông,Dịch vụ viễn thông,Dịch vụ viễn thông đa dạng,CKV,CTCP COKYVINA,4050000,https://finance.vietstock.vn/CKV-ctcp-cokyvina.htm,2010-03-10 17:00:00
217,779,1,HOSE,Tiêu dùng thiết yếu,"Thực phẩm, đồ uống và thuốc lá",Thuốc lá,CLC,CTCP Cát Lợi,26207583,https://finance.vietstock.vn/CLC-ctcp-cat-loi.htm,2006-11-15 17:00:00
218,2153,2,HNX,Nguyên vật liệu,Nguyên vật liệu,Vật liệu xây dựng,CLH,CTCP Xi măng La Hiên VVMI,12000000,https://finance.vietstock.vn/CLH-ctcp-xi-mang-la-hien-vvmi.htm,2016-06-06 17:00:00
219,5815,5,UPCoM,Bất động sản,Bất động sản,Quản lý và phát triển bất động sản,CLI,CTCP Tập đoàn CNCTech,91600000,https://finance.vietstock.vn/CLI-ctcp-tap-doan-cnctech.htm,2026-05-05 17:00:00
220,1637,1,HOSE,Công nghiệp,Vận tải,Hạ tầng giao thông,CLL,CTCP Cảng Cát Lái,34000000,https://finance.vietstock.vn/CLL-ctcp-cang-cat-lai.htm,2014-07-07 17:00:00
221,2221,2,HNX,Năng lượng,Năng lượng,Dầu khí,CLM,CTCP Xuất nhập khẩu Than - Vinacomin,11000000,https://finance.vietstock.vn/CLM-ctcp-xuat-nhap-khau-than-vinacomin.htm,2016-04-14 17:00:00
222,1918,1,HOSE,Tiện ích,Tiện ích,Nước,CLW,CTCP Cấp nước Chợ Lớn,13000000,https://finance.vietstock.vn/CLW-ctcp-cap-nuoc-cho-lon.htm,2011-01-10 17:00:00
223,4252,5,UPCoM,Tiêu dùng thiết yếu,Thương mại hàng thiết yếu,Thương mại hàng thiết yếu,CLX,CTCP Xuất nhập khẩu và Đầu tư Chợ Lớn (CHOLIMEX),86600000,https://finance.vietstock.vn/CLX-ctcp-xuat-nhap-khau-va-dau-tu-cho-lon-cholimex.htm,2017-02-28 17:00:00
224,901,2,HNX,Công nghiệp,Hàng hóa công nghiệp,Phân phối hàng công nghiệp,CMC,CTCP Đầu tư CMC,5108347,https://finance.vietstock.vn/CMC-ctcp-dau-tu-cmc.htm,2006-12-10 17:00:00
225,1247,5,UPCoM,Nguyên vật liệu,Nguyên vật liệu,Vật liệu xây dựng,CMD,CTCP Vật liệu Xây dựng và Trang trí nội thất Thành phố Hồ Chí Minh,15000000,https://finance.vietstock.vn/CMD-ctcp-vat-lieu-xay-dung-va-trang-tri-noi-that-thanh-pho-ho-chi-minh.htm,2019-07-04 17:00:00
226,2312,5,UPCoM,Tiêu dùng thiết yếu,"Thực phẩm, đồ uống và thuốc lá",Thực phẩm,CMF,CTCP Thực phẩm Cholimex,8100000,https://finance.vietstock.vn/CMF-ctcp-thuc-pham-cholimex.htm,2016-11-29 17:00:00
227,1879,1,HOSE,Công nghệ thông tin,Phần mềm và dịch vụ,Dịch vụ CNTT,CMG,CTCP Tập đoàn Công nghệ CMC,232954608,https://finance.vietstock.vn/CMG-ctcp-tap-doan-cong-nghe-cmc.htm,2010-01-21 17:00:00
228,1860,5,UPCoM,Nguyên vật liệu,Nguyên vật liệu,Vật liệu xây dựng,CMI,CTCP CMISTONE Việt Nam,15002500,https://finance.vietstock.vn/CMI-ctcp-cmistone-viet-nam.htm,2019-06-13 17:00:00
229,3078,5,UPCoM,Công nghiệp,Hàng hóa công nghiệp,Máy móc công nghiệp,CMK,CTCP Cơ khí Mạo Khê - Vinacomin,1432578,https://finance.vietstock.vn/CMK-ctcp-co-khi-mao-khe-vinacomin.htm,2015-10-20 17:00:00
230,4920,5,UPCoM,Tiêu dùng thiết yếu,"Thực phẩm, đồ uống và thuốc lá",Thực phẩm,CMM,CTCP Camimex,91849998,https://finance.vietstock.vn/CMM-ctcp-camimex.htm,2022-11-07 17:00:00
231,2161,5,UPCoM,Tiêu dùng thiết yếu,"Thực phẩm, đồ uống và thuốc lá",Thực phẩm,CMN,CTCP Lương thực Thực phẩm Colusa - Miliket,14400000,https://finance.vietstock.vn/CMN-ctcp-luong-thuc-thuc-pham-colusa-miliket.htm,2017-07-09 17:00:00
232,3868,5,UPCoM,Công nghiệp,Vận tải,Hạ tầng giao thông,CMP,CTCP Cảng Chân Mây,32405415,https://finance.vietstock.vn/CMP-ctcp-cang-chan-may.htm,2016-02-14 17:00:00
233,2529,2,HNX,Công nghiệp,Hàng hóa công nghiệp,Kỹ thuật xây dựng,CMS,CTCP Tập Đoàn CMH Việt Nam,25452500,https://finance.vietstock.vn/CMS-ctcp-tap-doan-cmh-viet-nam.htm,2010-11-28 17:00:00
234,1897,5,UPCoM,Công nghệ thông tin,Phần mềm và dịch vụ,Dịch vụ CNTT,CMT,CTCP Công nghệ Mạng và Truyền thông,8000000,https://finance.vietstock.vn/CMT-ctcp-cong-nghe-mang-va-truyen-thong.htm,2019-04-23 17:00:00
235,1733,1,HOSE,Tiêu dùng không thiết yếu,Thương mại hàng không thiết yếu,Bán lẻ đa dạng,CMV,CTCP Thương nghiệp Cà Mau,18155868,https://finance.vietstock.vn/CMV-ctcp-thuong-nghiep-ca-mau.htm,2010-06-20 17:00:00
236,4478,5,UPCoM,Tiện ích,Tiện ích,Nước,CMW,CTCP Cấp nước Cà Mau,15534900,https://finance.vietstock.vn/CMW-ctcp-cap-nuoc-ca-mau.htm,2017-04-09 17:00:00
237,2368,1,HOSE,Tiêu dùng thiết yếu,"Thực phẩm, đồ uống và thuốc lá",Thực phẩm,CMX,CTCP Camimex Group,101898990,https://finance.vietstock.vn/CMX-ctcp-camimex-group.htm,2010-11-08 17:00:00
238,4884,5,UPCoM,Tiêu dùng thiết yếu,"Thực phẩm, đồ uống và thuốc lá",Thực phẩm,CNA,CTCP Tổng Công ty Chè Nghệ An,1673622,https://finance.vietstock.vn/CNA-ctcp-tong-cong-ty-che-nghe-an.htm,2021-12-08 17:00:00
239,3015,5,UPCoM,Chăm sóc sức khỏe,"Dược phẩm, công nghệ sinh học và khoa học sự sống",Dược phẩm,CNC,CTCP Công nghệ Cao Traphaco,11364325,https://finance.vietstock.vn/CNC-ctcp-cong-nghe-cao-traphaco.htm,2014-06-24 17:00:00
240,3053,1,HOSE,Tiện ích,Tiện ích,Gas sinh hoạt,CNG,CTCP CNG Việt Nam,35099625,https://finance.vietstock.vn/CNG-ctcp-cng-viet-nam.htm,2011-11-22 17:00:00
241,3837,5,UPCoM,Công nghiệp,Dịch vụ thương mại và chuyên nghiệp,Dịch vụ chuyên nghiệp,CNN,"CTCP Tư vấn Công nghệ, Thiết bị và Kiểm Định Xây dựng - Coninco",8800000,https://finance.vietstock.vn/CNN-ctcp-tu-van-cong-nghe-thiet-bi-va-kiem-dinh-xay-dung-coninco.htm,2016-05-31 17:00:00
242,1227,5,UPCoM,Bất động sản,Bất động sản,Quản lý và phát triển bất động sản,CNT,CTCP Tập đoàn CNT,65480283,https://finance.vietstock.vn/CNT-ctcp-tap-doan-cnt.htm,2015-03-16 17:00:00
243,768,1,HOSE,Năng lượng,Năng lượng,Dầu khí,COM,CTCP Vật tư - Xăng Dầu,14120628,https://finance.vietstock.vn/COM-ctcp-vat-tu-xang-dau.htm,2006-08-06 17:00:00
244,4484,5,UPCoM,Tiêu dùng thiết yếu,"Thực phẩm, đồ uống và thuốc lá",Thực phẩm,CPA,CTCP Cà phê Phước An,23627990,https://finance.vietstock.vn/CPA-ctcp-ca-phe-phuoc-an.htm,2019-12-29 17:00:00
245,1841,2,HNX,Nguyên vật liệu,Nguyên vật liệu,Hóa chất,CPC,CTCP Thuốc sát trùng Cần Thơ,4303050,https://finance.vietstock.vn/CPC-ctcp-thuoc-sat-trung-can-tho.htm,2010-01-17 17:00:00
246,4455,5,UPCoM,Tiêu dùng không thiết yếu,Dịch vụ tiêu dùng,Dịch vụ tiêu dùng khác,CPH,CTCP Phục vụ Mai táng Hải Phòng,4400000,https://finance.vietstock.vn/CPH-ctcp-phuc-vu-mai-tang-hai-phong.htm,2017-02-07 17:00:00
247,2855,5,UPCoM,Công nghiệp,Vận tải,Hạ tầng giao thông,CPI,CTCP Đầu tư Cảng Cái Lân,36505000,https://finance.vietstock.vn/CPI-ctcp-dau-tu-cang-cai-lan.htm,2017-07-27 17:00:00
248,3778,5,UPCoM,Công nghiệp,Vận tải,Hạ tầng giao thông,CQN,CTCP Cảng Quảng Ninh,75049936,https://finance.vietstock.vn/CQN-ctcp-cang-quang-ninh.htm,2020-08-17 17:00:00
249,3833,5,UPCoM,Nguyên vật liệu,Nguyên vật liệu,Vật liệu xây dựng,CQT,CTCP Xi măng Quán Triều VVMI,25000000,https://finance.vietstock.vn/CQT-ctcp-xi-mang-quan-trieu-vvmi.htm,2016-10-31 17:00:00
250,4519,1,HOSE,Công nghiệp,Hàng hóa công nghiệp,Tập đoàn đa ngành,CRC,CTCP Create Capital Việt Nam,106699924,https://finance.vietstock.vn/CRC-ctcp-create-capital-viet-nam.htm,2018-08-19 17:00:00
251,4674,1,HOSE,Bất động sản,Bất động sản,Dịch vụ bất động sản,CRE,CTCP Bất động sản Thế Kỷ,463678534,https://finance.vietstock.vn/CRE-ctcp-bat-dong-san-the-ky.htm,2018-09-04 17:00:00
252,4950,1,HOSE,Bất động sản,Bất động sản,Quản lý và phát triển bất động sản,CRV,CTCP Tập đoàn Bất động sản CRV,687399875,https://finance.vietstock.vn/CRV-ctcp-tap-doan-bat-dong-san-crv.htm,2025-10-09 17:00:00
253,1522,2,HNX,Bất động sản,Bất động sản,Quản lý và phát triển bất động sản,CSC,CTCP Tập đoàn Cotana,41149264,https://finance.vietstock.vn/CSC-ctcp-tap-doan-cotana.htm,2009-11-03 17:00:00
254,1476,5,UPCoM,Tài chính,Dịch vụ tài chính,Thị trường vốn,CSI,CTCP Chứng khoán Kirin,16800000,https://finance.vietstock.vn/CSI-ctcp-chung-khoan-kirin.htm,2019-03-14 17:00:00
255,1253,1,HOSE,Tiêu dùng không thiết yếu,Xe và linh kiện,Linh kiện xe,CSM,CTCP Công nghiệp Cao su Miền Nam,103626467,https://finance.vietstock.vn/CSM-ctcp-cong-nghiep-cao-su-mien-nam.htm,2009-08-10 17:00:00
256,4861,2,HNX,Năng lượng,Năng lượng,Dầu khí,CST,CTCP Than Cao Sơn - TKV,42846773,https://finance.vietstock.vn/CST-ctcp-than-cao-son-tkv.htm,2025-02-09 17:00:00
257,3862,1,HOSE,Nguyên vật liệu,Nguyên vật liệu,Hóa chất,CSV,CTCP Hóa chất Cơ bản Miền Nam,110499910,https://finance.vietstock.vn/CSV-ctcp-hoa-chat-co-ban-mien-nam.htm,2015-03-17 17:00:00
258,1894,5,UPCoM,Công nghiệp,Hàng hóa công nghiệp,Kỹ thuật xây dựng,CT3,CTCP Đầu tư và Xây dựng Công trình 3,8799849,https://finance.vietstock.vn/CT3-ctcp-dau-tu-va-xay-dung-cong-trinh-3.htm,2009-11-19 17:00:00
259,2100,5,UPCoM,Công nghiệp,Hàng hóa công nghiệp,Kỹ thuật xây dựng,CT6,CTCP Công trình 6,6108078,https://finance.vietstock.vn/CT6-ctcp-cong-trinh-6.htm,2020-05-14 17:00:00
260,902,2,HNX,Công nghiệp,Hàng hóa công nghiệp,Máy móc công nghiệp,CTB,CTCP Chế tạo Bơm Hải Dương,20800000,https://finance.vietstock.vn/CTB-ctcp-che-tao-bom-hai-duong.htm,2006-10-09 17:00:00
261,1553,1,HOSE,Công nghiệp,Hàng hóa công nghiệp,Kỹ thuật xây dựng,CTD,CTCP Xây dựng Coteccons,114026467,https://finance.vietstock.vn/CTD-ctcp-xay-dung-coteccons.htm,2010-01-19 17:00:00
262,4428,1,HOSE,Tiêu dùng không thiết yếu,Thương mại hàng không thiết yếu,Bán lẻ chuyên doanh,CTF,CTCP City Auto,95653859,https://finance.vietstock.vn/CTF-ctcp-city-auto.htm,2017-05-29 17:00:00
263,1160,1,HOSE,Tài chính,Tổ chức tín dụng,Ngân hàng,CTG,Ngân hàng TMCP Công Thương Việt Nam,7766944637,https://finance.vietstock.vn/CTG-ngan-hang-tmcp-cong-thuong-viet-nam.htm,2009-07-15 17:00:00
264,1856,1,HOSE,Công nghiệp,Vận tải,Hạ tầng giao thông,CTI,CTCP Đầu tư Phát triển Cường Thuận IDICO,62999997,https://finance.vietstock.vn/CTI-ctcp-dau-tu-phat-trien-cuong-thuan-idico.htm,2010-03-18 17:00:00
265,4291,2,HNX,Tiêu dùng thiết yếu,"Thực phẩm, đồ uống và thuốc lá",Thực phẩm,CTP,CTCP Tập đoàn CTP Group,12099992,https://finance.vietstock.vn/CTP-ctcp-tap-doan-ctp-group.htm,2016-07-27 17:00:00
266,2931,1,HOSE,Dịch vụ truyền thông,Dịch vụ viễn thông,Dịch vụ viễn thông đa dạng,CTR,Tổng Công ty cổ phần Công trình Viettel,114385879,https://finance.vietstock.vn/CTR-tong-cong-ty-co-phan-cong-trinh-viettel.htm,2022-02-22 17:00:00
267,1405,1,HOSE,Tài chính,Dịch vụ tài chính,Thị trường vốn,CTS,CTCP Chứng khoán VietinBank,272244939,https://finance.vietstock.vn/CTS-ctcp-chung-khoan-vietinbank.htm,2017-06-19 17:00:00
268,2747,2,HNX,Công nghiệp,Hàng hóa công nghiệp,Máy móc công nghiệp,CTT,CTCP Chế tạo Máy - Vinacomin,4697351,https://finance.vietstock.vn/CTT-ctcp-che-tao-may-vinacomin.htm,2015-07-16 17:00:00
269,4057,5,UPCoM,Tiện ích,Tiện ích,Nước,CTW,CTCP Cấp thoát nước Cần Thơ,28000000,https://finance.vietstock.vn/CTW-ctcp-cap-thoat-nuoc-can-tho.htm,2016-09-29 17:00:00
270,2271,5,UPCoM,Bất động sản,Bất động sản,Bất động sản đa dạng,CTX,Tổng Công ty cổ phần Đầu tư Xây dựng và Thương mại Việt Nam,100406740,https://finance.vietstock.vn/CTX-tong-cong-ty-co-phan-dau-tu-xay-dung-va-thuong-mai-viet-nam.htm,2023-12-25 17:00:00
271,2618,5,UPCoM,Tiêu dùng thiết yếu,"Thực phẩm, đồ uống và thuốc lá",Thực phẩm,CVN,CTCP Vinam,29699991,https://finance.vietstock.vn/CVN-ctcp-vinam.htm,2010-08-05 17:00:00
272,1854,1,HOSE,Nguyên vật liệu,Nguyên vật liệu,Vật liệu xây dựng,CVT,CTCP CMC,36690887,https://finance.vietstock.vn/CVT-ctcp-cmc.htm,2017-10-04 17:00:00
273,1431,2,HNX,Công nghiệp,Hàng hóa công nghiệp,Kỹ thuật xây dựng,CX8,CTCP Đầu tư và Xây lắp Constrexim Số 8,2553771,https://finance.vietstock.vn/CX8-ctcp-dau-tu-va-xay-lap-constrexim-so-8.htm,2010-05-18 17:00:00
274,767,5,UPCoM,Nguyên vật liệu,Nguyên vật liệu,Vật liệu xây dựng,CYC,CTCP Gạch men Chang Yih,1990530,https://finance.vietstock.vn/CYC-ctcp-gach-men-chang-yih.htm,2017-05-21 17:00:00
275,2489,2,HNX,Tiêu dùng không thiết yếu,Thời trang và hàng lâu bền,Hàng tiêu dùng lâu bền,D11,CTCP Địa ốc 11,8218456,https://finance.vietstock.vn/D11-ctcp-dia-oc-11.htm,2011-02-24 17:00:00
276,1805,1,HOSE,Bất động sản,Bất động sản,Quản lý và phát triển bất động sản,D2D,CTCP Phát triển Đô thị Công nghiệp số 2,30304758,https://finance.vietstock.vn/D2D-ctcp-phat-trien-do-thi-cong-nghiep-so-2.htm,2009-08-13 17:00:00
277,904,5,UPCoM,Nguyên vật liệu,Nguyên vật liệu,Vật liệu xây dựng,DAC,CTCP 382 Đông Anh,1004974,https://finance.vietstock.vn/DAC-ctcp-382-dong-anh.htm,2016-04-07 17:00:00
278,1811,2,HNX,Dịch vụ truyền thông,Truyền thông và giải trí,Truyền thông,DAD,CTCP Đầu tư và Phát triển Giáo dục Đà Nẵng,5000000,https://finance.vietstock.vn/DAD-ctcp-dau-tu-va-phat-trien-giao-duc-da-nang.htm,2009-08-18 17:00:00
279,905,2,HNX,Dịch vụ truyền thông,Truyền thông và giải trí,Truyền thông,DAE,CTCP Sách Giáo dục tại Thành phố Đà Nẵng,1925658,https://finance.vietstock.vn/DAE-ctcp-sach-giao-duc-tai-thanh-pho-da-nang.htm,2006-12-27 17:00:00
280,1838,5,UPCoM,Công nghiệp,Hàng hóa công nghiệp,Sản phẩm xây dựng,DAG,CTCP Tập đoàn Nhựa Đông Á,60314112,https://finance.vietstock.vn/DAG-ctcp-tap-doan-nhua-dong-a.htm,2024-10-31 17:00:00
281,4356,1,HOSE,Tiêu dùng không thiết yếu,Dịch vụ tiêu dùng,"Khách sạn, nhà hàng và giải trí",DAH,CTCP Tập đoàn Khách sạn Đông Á,84200000,https://finance.vietstock.vn/DAH-ctcp-tap-doan-khach-san-dong-a.htm,2016-10-09 17:00:00
282,2351,5,UPCoM,Chăm sóc sức khỏe,"Dược phẩm, công nghệ sinh học và khoa học sự sống",Dược phẩm,DAN,CTCP Dược Danapha,20938000,https://finance.vietstock.vn/DAN-ctcp-duoc-danapha.htm,2021-12-21 17:00:00
283,1722,5,UPCoM,Tiêu dùng không thiết yếu,Thương mại hàng không thiết yếu,Nhà phân phối,DAS,CTCP Máy - Thiết bị Dầu khí Đà Nẵng,4200000,https://finance.vietstock.vn/DAS-ctcp-may-thiet-bi-dau-khi-da-nang.htm,2014-09-24 17:00:00
284,4167,1,HOSE,Tiêu dùng thiết yếu,"Thực phẩm, đồ uống và thuốc lá",Thực phẩm,DAT,CTCP Đầu tư du lịch và Phát triển Thủy sản,69228341,https://finance.vietstock.vn/DAT-ctcp-dau-tu-du-lich-va-phat-trien-thuy-san.htm,2015-11-04 17:00:00
285,1131,1,HOSE,Tiêu dùng thiết yếu,"Thực phẩm, đồ uống và thuốc lá",Thực phẩm,DBC,CTCP Tập đoàn Dabaco Việt Nam,431046499,https://finance.vietstock.vn/DBC-ctcp-tap-doan-dabaco-viet-nam.htm,2019-07-25 17:00:00
286,2696,1,HOSE,Chăm sóc sức khỏe,"Dược phẩm, công nghệ sinh học và khoa học sự sống",Dược phẩm,DBD,CTCP Dược - Trang thiết bị Y tế Bình Định (Bidiphar),94529347,https://finance.vietstock.vn/DBD-ctcp-duoc-trang-thiet-bi-y-te-binh-dinh-bidiphar.htm,2018-06-14 17:00:00
287,1654,5,UPCoM,Chăm sóc sức khỏe,"Dược phẩm, công nghệ sinh học và khoa học sự sống",Dược phẩm,DBM,CTCP Dược - Vật tư Y Tế Đăk Lăk,1941588,https://finance.vietstock.vn/DBM-ctcp-duoc-vat-tu-y-te-dak-lak.htm,2009-12-16 17:00:00
288,1851,1,HOSE,Chăm sóc sức khỏe,"Dược phẩm, công nghệ sinh học và khoa học sự sống",Dược phẩm,DBT,CTCP Dược phẩm Bến Tre,21967262,https://finance.vietstock.vn/DBT-ctcp-duoc-pham-ben-tre.htm,2020-10-27 17:00:00
289,2636,5,UPCoM,Công nghiệp,Hàng hóa công nghiệp,Kỹ thuật xây dựng,DC1,CTCP Đầu tư Phát triển Xây dựng Số 1,4504337,https://finance.vietstock.vn/DC1-ctcp-dau-tu-phat-trien-xay-dung-so-1.htm,2016-07-18 17:00:00
290,2534,2,HNX,Công nghiệp,Hàng hóa công nghiệp,Kỹ thuật xây dựng,DC2,CTCP Đầu tư Phát triển - Xây dựng (DIC) số 2,11643617,https://finance.vietstock.vn/DC2-ctcp-dau-tu-phat-trien-xay-dung-dic-so-2.htm,2010-07-01 17:00:00
291,1432,1,HOSE,Công nghiệp,Hàng hóa công nghiệp,Kỹ thuật xây dựng,DC4,CTCP DICERA Holdings,108058667,https://finance.vietstock.vn/DC4-ctcp-dicera-holdings.htm,2020-10-19 17:00:00
292,1761,5,UPCoM,Công nghiệp,Hàng hóa công nghiệp,Kỹ thuật xây dựng,DCF,CTCP Xây dựng và Thiết kế Số 1,59358680,https://finance.vietstock.vn/DCF-ctcp-xay-dung-va-thiet-ke-so-1.htm,2017-01-11 17:00:00
293,2273,5,UPCoM,Tiêu dùng không thiết yếu,Thời trang và hàng lâu bền,Thời trang và dệt may,DCG,CTCP Tổng Công ty May Đáp Cầu,6825000,https://finance.vietstock.vn/DCG-ctcp-tong-cong-ty-may-dap-cau.htm,2018-12-13 17:00:00
294,4069,5,UPCoM,Công nghiệp,Dịch vụ thương mại và chuyên nghiệp,Dịch vụ chuyên nghiệp,DCH,CTCP Địa chính Hà Nội,2880000,https://finance.vietstock.vn/DCH-ctcp-dia-chinh-ha-noi.htm,2018-04-22 17:00:00
295,1305,1,HOSE,Chăm sóc sức khỏe,"Dược phẩm, công nghệ sinh học và khoa học sự sống",Dược phẩm,DCL,CTCP Dược phẩm Cửu Long,73041030,https://finance.vietstock.vn/DCL-ctcp-duoc-pham-cuu-long.htm,2008-09-16 17:00:00
296,3844,1,HOSE,Nguyên vật liệu,Nguyên vật liệu,Hóa chất,DCM,CTCP - Tổng công ty Phân bón Dầu khí Cà Mau,529400000,https://finance.vietstock.vn/DCM-ctcp-tong-cong-ty-phan-bon-dau-khi-ca-mau.htm,2015-03-30 17:00:00
297,1791,5,UPCoM,Nguyên vật liệu,Nguyên vật liệu,Vật liệu xây dựng,DCR,CTCP Gạch men Cosevco,6500000,https://finance.vietstock.vn/DCR-ctcp-gach-men-cosevco.htm,2018-10-07 17:00:00
298,1032,5,UPCoM,Nguyên vật liệu,Nguyên vật liệu,Gỗ và giấy,DCS,CTCP Tập đoàn EDX,60310988,https://finance.vietstock.vn/DCS-ctcp-tap-doan-edx.htm,2019-05-30 17:00:00
299,781,5,UPCoM,Nguyên vật liệu,Nguyên vật liệu,Vật liệu xây dựng,DCT,CTCP Tấm lợp Vật liệu Xây dựng Đồng Nai,27223647,https://finance.vietstock.vn/DCT-ctcp-tam-lop-vat-lieu-xay-dung-dong-nai.htm,2016-04-06 17:00:00
300,2049,5,UPCoM,Tài chính,Dịch vụ tài chính,Thị trường vốn,DCV,CTCP Quản lý Quỹ Đầu tư Dragon Capital Việt Nam,31201143,https://finance.vietstock.vn/DCV-ctcp-quan-ly-quy-dau-tu-dragon-capital-viet-nam.htm,2026-01-18 17:00:00
301,4943,5,UPCoM,Nguyên vật liệu,Nguyên vật liệu,Vật liệu xây dựng,DDB,CTCP Thương mại và Xây dựng Đông Dương,12000000,https://finance.vietstock.vn/DDB-ctcp-thuong-mai-va-xay-dung-dong-duong.htm,2025-01-14 17:00:00
302,4675,5,UPCoM,Tiện ích,Tiện ích,Gas sinh hoạt,DDG,CTCP Đầu tư Công nghiệp Xuất nhập khẩu Đông Dương,79839886,https://finance.vietstock.vn/DDG-ctcp-dau-tu-cong-nghiep-xuat-nhap-khau-dong-duong.htm,2026-07-02 17:00:00
303,4325,5,UPCoM,Công nghiệp,Vận tải,Hạ tầng giao thông,DDH,CTCP Đảm bảo Giao thông Đường thủy Hải Phòng,3600000,https://finance.vietstock.vn/DDH-ctcp-dam-bao-giao-thong-duong-thuy-hai-phong.htm,2016-06-29 17:00:00
304,1212,5,UPCoM,Công nghiệp,Vận tải,Vận tải biển,DDM,CTCP Hàng Hải Đông Đô,12244495,https://finance.vietstock.vn/DDM-ctcp-hang-hai-dong-do.htm,2014-12-14 17:00:00
305,1780,5,UPCoM,Tiêu dùng thiết yếu,Thương mại hàng thiết yếu,Thương mại hàng thiết yếu,DDN,CTCP Dược và Thiết bị Y tế Đà Nẵng,16116383,https://finance.vietstock.vn/DDN-ctcp-duoc-va-thiet-bi-y-te-da-nang.htm,2009-06-23 17:00:00
306,3769,5,UPCoM,Nguyên vật liệu,Nguyên vật liệu,Hóa chất,DDV,CTCP DAP - VINACHEM,146109900,https://finance.vietstock.vn/DDV-ctcp-dap-vinachem.htm,2015-06-09 17:00:00
307,3346,5,UPCoM,Tiêu dùng không thiết yếu,Xe và linh kiện,Linh kiện xe,DFC,CTCP Xích líp Đông Anh,11400000,https://finance.vietstock.vn/DFC-ctcp-xich-lip-dong-anh.htm,2017-01-11 17:00:00
308,4869,5,UPCoM,Công nghiệp,Hàng hóa công nghiệp,Kỹ thuật xây dựng,DFF,CTCP Tập đoàn Đua Fat,80000000,https://finance.vietstock.vn/DFF-ctcp-tap-doan-dua-fat.htm,2021-07-04 17:00:00
309,2374,1,HOSE,Nguyên vật liệu,Nguyên vật liệu,Hóa chất,DGC,CTCP Tập đoàn Hóa chất Đức Giang,379779286,https://finance.vietstock.vn/DGC-ctcp-tap-doan-hoa-chat-duc-giang.htm,2020-07-27 17:00:00
310,2140,5,UPCoM,Nguyên vật liệu,Nguyên vật liệu,Vật liệu xây dựng,DGT,CTCP Công trình Giao thông Đồng Nai,79000000,https://finance.vietstock.vn/DGT-ctcp-cong-trinh-giao-thong-dong-nai.htm,2010-03-08 17:00:00
311,4086,1,HOSE,Tiêu dùng không thiết yếu,Thương mại hàng không thiết yếu,Nhà phân phối,DGW,CTCP Thế Giới Số,221320169,https://finance.vietstock.vn/DGW-ctcp-the-gioi-so.htm,2015-08-02 17:00:00
312,666,1,HOSE,Nguyên vật liệu,Nguyên vật liệu,Vật liệu xây dựng,DHA,CTCP Hóa An,15119946,https://finance.vietstock.vn/DHA-ctcp-hoa-an.htm,2004-04-13 17:00:00
313,4169,5,UPCoM,Nguyên vật liệu,Nguyên vật liệu,Hóa chất,DHB,CTCP Phân đạm và Hóa chất Hà Bắc,272200000,https://finance.vietstock.vn/DHB-ctcp-phan-dam-va-hoa-chat-ha-bac.htm,2017-07-25 17:00:00
314,1800,1,HOSE,Nguyên vật liệu,Nguyên vật liệu,Gỗ và giấy,DHC,CTCP Đông Hải Bến Tre,96591206,https://finance.vietstock.vn/DHC-ctcp-dong-hai-ben-tre.htm,2009-07-22 17:00:00
315,2467,5,UPCoM,Chăm sóc sức khỏe,"Dược phẩm, công nghệ sinh học và khoa học sự sống",Dược phẩm,DHD,CTCP Dược Vật tư Y tế Hải Dương,48594304,https://finance.vietstock.vn/DHD-ctcp-duoc-vat-tu-y-te-hai-duong.htm,2017-05-04 17:00:00
316,822,1,HOSE,Chăm sóc sức khỏe,"Dược phẩm, công nghệ sinh học và khoa học sự sống",Dược phẩm,DHG,CTCP Dược Hậu Giang,130746071,https://finance.vietstock.vn/DHG-ctcp-duoc-hau-giang.htm,2006-12-20 17:00:00
317,3250,1,HOSE,Nguyên vật liệu,Nguyên vật liệu,Khai khoáng và luyện kim,DHM,CTCP Đầu tư và Thương mại DHM,34535699,https://finance.vietstock.vn/DHM-ctcp-dau-tu-va-thuong-mai-dhm.htm,2012-07-23 17:00:00
318,1656,5,UPCoM,Chăm sóc sức khỏe,"Dược phẩm, công nghệ sinh học và khoa học sự sống",Dược phẩm,DHN,CTCP Dược phẩm Hà Nội,6290900,https://finance.vietstock.vn/DHN-ctcp-duoc-pham-ha-noi.htm,2018-04-18 17:00:00
319,3307,2,HNX,Tiêu dùng không thiết yếu,Thời trang và hàng lâu bền,Hàng tiêu dùng lâu bền,DHP,CTCP Điện cơ Hải Phòng,9492200,https://finance.vietstock.vn/DHP-ctcp-dien-co-hai-phong.htm,2013-03-20 17:00:00
320,1395,2,HNX,Chăm sóc sức khỏe,"Dược phẩm, công nghệ sinh học và khoa học sự sống",Dược phẩm,DHT,CTCP Dược phẩm Hà Tây,90575551,https://finance.vietstock.vn/DHT-ctcp-duoc-pham-ha-tay.htm,2008-12-02 17:00:00
321,787,5,UPCoM,Nguyên vật liệu,Nguyên vật liệu,Vật liệu xây dựng,DIC,CTCP Đầu tư và Thương mại DIC,26585840,https://finance.vietstock.vn/DIC-ctcp-dau-tu-va-thuong-mai-dic.htm,2020-08-17 17:00:00
322,1982,5,UPCoM,Nguyên vật liệu,Nguyên vật liệu,Vật liệu xây dựng,DID,CTCP DIC - Đồng Tiến,15622552,https://finance.vietstock.vn/DID-ctcp-dic-dong-tien.htm,2009-12-09 17:00:00
323,1554,1,HOSE,Bất động sản,Bất động sản,Quản lý và phát triển bất động sản,DIG,Tổng Công ty cổ phần Đầu tư Phát triển Xây dựng,796431191,https://finance.vietstock.vn/DIG-tong-cong-ty-co-phan-dau-tu-phat-trien-xay-dung.htm,2009-08-18 17:00:00
324,1751,2,HNX,Công nghiệp,Hàng hóa công nghiệp,Kỹ thuật xây dựng,DIH,CTCP Đầu tư Phát triển Xây dựng - Hội An,6879164,https://finance.vietstock.vn/DIH-ctcp-dau-tu-phat-trien-xay-dung-hoi-an.htm,2011-04-26 17:00:00
325,3018,5,UPCoM,Bất động sản,Bất động sản,Quản lý và phát triển bất động sản,DKC,CTCP Chợ Lạng Sơn,2288540,https://finance.vietstock.vn/DKC-ctcp-cho-lang-son.htm,2020-07-13 17:00:00
326,5716,5,UPCoM,Nguyên vật liệu,Nguyên vật liệu,Vật liệu xây dựng,DKG,CTCP Tập đoàn Damik,14375000,https://finance.vietstock.vn/DKG-ctcp-tap-doan-damik.htm,2025-04-21 17:00:00
327,2075,2,HNX,Tiện ích,Tiện ích,Phát điện độc lập và điện tái tạo,DL1,CTCP Tập đoàn Alpha Seven,116858731,https://finance.vietstock.vn/DL1-ctcp-tap-doan-alpha-seven.htm,2010-03-09 17:00:00
328,2691,5,UPCoM,Tiêu dùng không thiết yếu,Dịch vụ tiêu dùng,"Khách sạn, nhà hàng và giải trí",DLD,CTCP Du lịch Đắk Lắk,9307415,https://finance.vietstock.vn/DLD-ctcp-du-lich-dak-lak.htm,2011-04-07 17:00:00
329,1551,1,HOSE,Công nghiệp,Vận tải,Hạ tầng giao thông,DLG,CTCP Tập đoàn Đức Long Gia Lai,299309720,https://finance.vietstock.vn/DLG-ctcp-tap-doan-duc-long-gia-lai.htm,2010-06-21 17:00:00
330,2133,5,UPCoM,Công nghiệp,Hàng hóa công nghiệp,Kỹ thuật xây dựng,DLR,CTCP Địa ốc Đà Lạt,4500000,https://finance.vietstock.vn/DLR-ctcp-dia-oc-da-lat.htm,2019-05-30 17:00:00
331,2332,5,UPCoM,Công nghiệp,Hàng hóa công nghiệp,Phân phối hàng công nghiệp,DLT,CTCP Du lịch và Thương mại - Vinacomin,2500056,https://finance.vietstock.vn/DLT-ctcp-du-lich-va-thuong-mai-vinacomin.htm,2015-11-15 17:00:00
332,4710,5,UPCoM,Tiêu dùng không thiết yếu,Thời trang và hàng lâu bền,Thời trang và dệt may,DM7,CTCP Dệt May 7,15411100,https://finance.vietstock.vn/DM7-ctcp-det-may-7.htm,2018-10-14 17:00:00
333,788,1,HOSE,Chăm sóc sức khỏe,"Dược phẩm, công nghệ sinh học và khoa học sự sống",Dược phẩm,DMC,CTCP Xuất nhập khẩu Y Tế DOMESCO,34727465,https://finance.vietstock.vn/DMC-ctcp-xuat-nhap-khau-y-te-domesco.htm,2006-12-24 17:00:00
334,2880,5,UPCoM,Tiêu dùng thiết yếu,"Thực phẩm, đồ uống và thuốc lá",Thực phẩm,DMN,CTCP Domenal,12500000,https://finance.vietstock.vn/DMN-ctcp-domenal.htm,2021-11-21 17:00:00
335,4573,5,UPCoM,Tiện ích,Tiện ích,Điện,DNA,CTCP Điện Nước An Giang,56329567,https://finance.vietstock.vn/DNA-ctcp-dien-nuoc-an-giang.htm,2017-10-18 17:00:00
336,1962,2,HNX,Tiện ích,Tiện ích,Điện,DNC,CTCP Điện Nước Lắp máy Hải Phòng,10034681,https://finance.vietstock.vn/DNC-ctcp-dien-nuoc-lap-may-hai-phong.htm,2009-12-22 17:00:00
337,2012,5,UPCoM,Nguyên vật liệu,Nguyên vật liệu,Vật liệu xây dựng,DND,CTCP Đầu tư Xây dựng và Vật liệu Đồng Nai,12834000,https://finance.vietstock.vn/DND-ctcp-dau-tu-xay-dung-va-vat-lieu-dong-nai.htm,2016-11-08 17:00:00
338,4476,5,UPCoM,Công nghiệp,Dịch vụ thương mại và chuyên nghiệp,Dịch vụ và thiết bị thương mại ,DNE,CTCP Môi trường Đô thị Đà Nẵng,5773600,https://finance.vietstock.vn/DNE-ctcp-moi-truong-do-thi-da-nang.htm,2017-04-04 17:00:00
339,4516,5,UPCoM,Tiện ích,Tiện ích,Phát điện độc lập và điện tái tạo,DNH,CTCP Thủy điện Đa Nhim - Hàm Thuận - Đa Mi,422400000,https://finance.vietstock.vn/DNH-ctcp-thuy-dien-da-nhim-ham-thuan-da-mi.htm,2017-06-18 17:00:00
340,2940,5,UPCoM,Công nghiệp,Vận tải,Hạ tầng giao thông,DNL,CTCP Logistics Cảng Đà Nẵng,4310000,https://finance.vietstock.vn/DNL-ctcp-logistics-cang-da-nang.htm,2011-08-17 17:00:00
341,2159,5,UPCoM,Chăm sóc sức khỏe,Thiết bị và dịch vụ chăm sóc sức khỏe,Thiết bị và vật tư chăm sóc sức khỏe,DNM,Tổng Công ty cổ phần Y tế DANAMECO,5253070,https://finance.vietstock.vn/DNM-tong-cong-ty-co-phan-y-te-danameco.htm,2023-08-06 17:00:00
342,4525,5,UPCoM,Tiện ích,Tiện ích,Nước,DNN,CTCP Cấp nước Đà Nẵng,57964061,https://finance.vietstock.vn/DNN-ctcp-cap-nuoc-da-nang.htm,2017-07-16 17:00:00
343,789,2,HNX,Nguyên vật liệu,Nguyên vật liệu,Hóa chất,DNP,CTCP DNP Holding,140974846,https://finance.vietstock.vn/DNP-ctcp-dnp-holding.htm,2009-06-28 17:00:00
344,1649,5,UPCoM,Tiêu dùng không thiết yếu,Dịch vụ tiêu dùng,"Khách sạn, nhà hàng và giải trí",DNT,CTCP Du lịch Đồng Nai,7459675,https://finance.vietstock.vn/DNT-ctcp-du-lich-dong-nai.htm,2020-02-23 17:00:00
345,3853,5,UPCoM,Tiện ích,Tiện ích,Nước,DNW,CTCP Cấp nước Đồng Nai,120000000,https://finance.vietstock.vn/DNW-ctcp-cap-nuoc-dong-nai.htm,2016-03-15 17:00:00
346,3075,5,UPCoM,Nguyên vật liệu,Nguyên vật liệu,Hóa chất,DOC,CTCP Vật tư Nông Nghiệp Đồng Nai,10000000,https://finance.vietstock.vn/DOC-ctcp-vat-tu-nong-nghiep-dong-nai.htm,2016-12-18 17:00:00
347,2845,5,UPCoM,Năng lượng,Năng lượng,Dầu khí,DOP,CTCP Vận tải Xăng dầu Đồng Tháp,4719950,https://finance.vietstock.vn/DOP-ctcp-van-tai-xang-dau-dong-thap.htm,2015-10-29 17:00:00
348,4117,5,UPCoM,Chăm sóc sức khỏe,Thiết bị và dịch vụ chăm sóc sức khỏe,Thương mại và dịch vụ chăm sóc sức khỏe,DP1,CTCP Dược phẩm Trung ương CPC1,20979000,https://finance.vietstock.vn/DP1-ctcp-duoc-pham-trung-uong-cpc1.htm,2018-06-11 17:00:00
349,4496,5,UPCoM,Chăm sóc sức khỏe,"Dược phẩm, công nghệ sinh học và khoa học sự sống",Dược phẩm,DP2,CTCP Dược phẩm Trung ương 2,20000000,https://finance.vietstock.vn/DP2-ctcp-duoc-pham-trung-uong-2.htm,2017-05-18 17:00:00
350,2124,2,HNX,Chăm sóc sức khỏe,"Dược phẩm, công nghệ sinh học và khoa học sự sống",Dược phẩm,DP3,CTCP Dược phẩm Trung ương 3,21499933,https://finance.vietstock.vn/DP3-ctcp-duoc-pham-trung-uong-3.htm,2015-07-16 17:00:00
351,45,5,UPCoM,Nguyên vật liệu,Nguyên vật liệu,Hóa chất,DPC,CTCP Nhựa Đà Nẵng,2237280,https://finance.vietstock.vn/DPC-ctcp-nhua-da-nang.htm,2024-05-27 17:00:00
352,2364,1,HOSE,Công nghiệp,Hàng hóa công nghiệp,Kỹ thuật xây dựng,DPG,CTCP Tập đoàn Đạt Phương,118587096,https://finance.vietstock.vn/DPG-ctcp-tap-doan-dat-phuong.htm,2018-05-21 17:00:00
353,2871,5,UPCoM,Chăm sóc sức khỏe,"Dược phẩm, công nghệ sinh học và khoa học sự sống",Dược phẩm,DPH,CTCP Dược phẩm Hải Phòng,3000000,https://finance.vietstock.vn/DPH-ctcp-duoc-pham-hai-phong.htm,2017-01-19 17:00:00
354,994,1,HOSE,Nguyên vật liệu,Nguyên vật liệu,Hóa chất,DPM,Tổng công ty Phân bón và Hóa chất Dầu khí - CTCP,679990761,https://finance.vietstock.vn/DPM-tong-cong-ty-phan-bon-va-hoa-chat-dau-khi-ctcp.htm,2007-11-04 17:00:00
355,1661,5,UPCoM,Chăm sóc sức khỏe,"Dược phẩm, công nghệ sinh học và khoa học sự sống",Dược phẩm,DPP,CTCP Dược Đồng Nai,3000010,https://finance.vietstock.vn/DPP-ctcp-duoc-dong-nai.htm,2010-05-18 17:00:00
356,1013,1,HOSE,Nguyên vật liệu,Nguyên vật liệu,Hóa chất,DPR,CTCP Cao su Đồng Phú,86885932,https://finance.vietstock.vn/DPR-ctcp-cao-su-dong-phu.htm,2007-11-29 17:00:00
357,1059,1,HOSE,Công nghiệp,Hàng hóa công nghiệp,Thiết bị điện,DQC,CTCP Tập đoàn Điện Quang,34359416,https://finance.vietstock.vn/DQC-ctcp-tap-doan-dien-quang.htm,2008-02-20 17:00:00
358,790,1,HOSE,Tiêu dùng không thiết yếu,Xe và linh kiện,Linh kiện xe,DRC,CTCP Cao su Đà Nẵng,154429283,https://finance.vietstock.vn/DRC-ctcp-cao-su-da-nang.htm,2006-12-28 17:00:00
359,4775,5,UPCoM,Nguyên vật liệu,Nguyên vật liệu,Hóa chất,DRG,CTCP Cao su Đắk Lắk,1658400,https://finance.vietstock.vn/DRG-ctcp-cao-su-dak-lak.htm,2019-12-10 17:00:00
360,2613,1,HOSE,Công nghiệp,Hàng hóa công nghiệp,Kỹ thuật xây dựng,DRH,CTCP DRH Holdings,124353866,https://finance.vietstock.vn/DRH-ctcp-drh-holdings.htm,2010-07-25 17:00:00
361,4500,5,UPCoM,Nguyên vật liệu,Nguyên vật liệu,Hóa chất,DRI,CTCP Đầu tư Cao su Đắk Lắk,73200000,https://finance.vietstock.vn/DRI-ctcp-dau-tu-cao-su-dak-lak.htm,2017-05-22 17:00:00
362,2825,1,HOSE,Tiện ích,Tiện ích,Phát điện độc lập và điện tái tạo,DRL,CTCP Thủy điện - Điện Lực 3,9500000,https://finance.vietstock.vn/DRL-ctcp-thuy-dien-dien-luc-3.htm,2012-04-10 17:00:00
363,4517,2,HNX,Công nghiệp,Vận tải,Hạ tầng giao thông,DS3,CTCP DS3,10669730,https://finance.vietstock.vn/DS3-ctcp-ds3.htm,2017-08-20 17:00:00
364,1328,1,HOSE,Tài chính,Dịch vụ tài chính,Thị trường vốn,DSC,CTCP Chứng khoán DSC,278471711,https://finance.vietstock.vn/DSC-ctcp-chung-khoan-dsc.htm,2024-10-23 17:00:00
365,4899,5,UPCoM,Tiêu dùng không thiết yếu,Dịch vụ tiêu dùng,"Khách sạn, nhà hàng và giải trí",DSD,CTCP DHC Suối Đôi,58399756,https://finance.vietstock.vn/DSD-ctcp-dhc-suoi-doi.htm,2022-05-16 17:00:00
366,1329,1,HOSE,Tài chính,Dịch vụ tài chính,Thị trường vốn,DSE,CTCP Chứng khoán DNSE,428249806,https://finance.vietstock.vn/DSE-ctcp-chung-khoan-dnse.htm,2024-06-30 17:00:00
367,1691,5,UPCoM,Công nghiệp,Hàng hóa công nghiệp,Sản phẩm xây dựng,DSG,CTCP Kính Đáp Cầu,30000000,https://finance.vietstock.vn/DSG-ctcp-kinh-dap-cau.htm,2017-08-10 17:00:00
368,5715,5,UPCoM,Công nghiệp,Hàng hóa công nghiệp,Kỹ thuật xây dựng,DSH,CTCP Đông Sơn Holding,35000000,https://finance.vietstock.vn/DSH-ctcp-dong-son-holding.htm,2025-04-21 17:00:00
369,2346,1,HOSE,Tiêu dùng không thiết yếu,Dịch vụ tiêu dùng,"Khách sạn, nhà hàng và giải trí",DSN,CTCP Công viên nước Đầm Sen,12083009,https://finance.vietstock.vn/DSN-ctcp-cong-vien-nuoc-dam-sen.htm,2010-10-25 17:00:00
370,4216,5,UPCoM,Tiêu dùng không thiết yếu,Dịch vụ tiêu dùng,"Khách sạn, nhà hàng và giải trí",DSP,CTCP Dịch vụ Du lịch Phú Thọ,118684000,https://finance.vietstock.vn/DSP-ctcp-dich-vu-du-lich-phu-tho.htm,2018-10-16 17:00:00
371,1033,2,HNX,Tiêu dùng không thiết yếu,Thương mại hàng không thiết yếu,Bán lẻ chuyên doanh,DST,CTCP Đầu tư Sao Thăng Long,32300000,https://finance.vietstock.vn/DST-ctcp-dau-tu-sao-thang-long.htm,2007-10-15 17:00:00
372,2617,1,HOSE,Bất động sản,Bất động sản,Quản lý và phát triển bất động sản,DTA,CTCP Đệ Tam,19504499,https://finance.vietstock.vn/DTA-ctcp-de-tam.htm,2010-07-15 17:00:00
373,907,5,UPCoM,Nguyên vật liệu,Nguyên vật liệu,Vật liệu xây dựng,DTC,CTCP Viglacera Đông Triều,10000000,https://finance.vietstock.vn/DTC-ctcp-viglacera-dong-trieu.htm,2025-04-03 17:00:00
374,4584,2,HNX,Bất động sản,Bất động sản,Quản lý và phát triển bất động sản,DTD,CTCP Đầu tư Phát triển Thành Đạt,73353788,https://finance.vietstock.vn/DTD-ctcp-dau-tu-phat-trien-thanh-dat.htm,2017-11-15 17:00:00
375,2116,2,HNX,Chăm sóc sức khỏe,"Dược phẩm, công nghệ sinh học và khoa học sự sống",Dược phẩm,DTG,CTCP Dược phẩm Tipharco,9605318,https://finance.vietstock.vn/DTG-ctcp-duoc-pham-tipharco.htm,2023-07-11 17:00:00
376,1653,5,UPCoM,Chăm sóc sức khỏe,"Dược phẩm, công nghệ sinh học và khoa học sự sống",Dược phẩm,DTH,CTCP Dược - Vật tư Y Tế Thanh Hóa,7471614,https://finance.vietstock.vn/DTH-ctcp-duoc-vat-tu-y-te-thanh-hoa.htm,2022-04-17 17:00:00
377,4632,5,UPCoM,Bất động sản,Bất động sản,Quản lý và phát triển bất động sản,DTI,CTCP Đầu tư Đức Trung,13488800,https://finance.vietstock.vn/DTI-ctcp-dau-tu-duc-trung.htm,2018-01-04 17:00:00
378,4018,2,HNX,Tiện ích,Tiện ích,Điện,DTK,Tổng Công ty Điện lực TKV - CTCP,682767475,https://finance.vietstock.vn/DTK-tong-cong-ty-dien-luc-tkv-ctcp.htm,2020-12-24 17:00:00
379,2435,1,HOSE,Nguyên vật liệu,Nguyên vật liệu,Khai khoáng và luyện kim,DTL,CTCP Đại Thiên Lộc,61435604,https://finance.vietstock.vn/DTL-ctcp-dai-thien-loc.htm,2010-06-03 17:00:00
380,4816,5,UPCoM,Chăm sóc sức khỏe,"Dược phẩm, công nghệ sinh học và khoa học sự sống",Dược phẩm,DTP,CTCP Dược phẩm CPC1 Hà Nội,40572559,https://finance.vietstock.vn/DTP-ctcp-duoc-pham-cpc1-ha-noi.htm,2020-06-17 17:00:00
381,791,1,HOSE,Nguyên vật liệu,Nguyên vật liệu,Bao bì và vật chứa,DTT,CTCP Kỹ nghệ Đô Thành,8151820,https://finance.vietstock.vn/DTT-ctcp-ky-nghe-do-thanh.htm,2006-12-21 17:00:00
382,4783,5,UPCoM,Công nghiệp,Dịch vụ thương mại và chuyên nghiệp,Dịch vụ và thiết bị thương mại ,DUS,CTCP Dịch vụ Đô thị Đà Lạt,5614300,https://finance.vietstock.vn/DUS-ctcp-dich-vu-do-thi-da-lat.htm,2020-01-07 17:00:00
383,1730,5,UPCoM,Năng lượng,Năng lượng,Dầu khí,DVC,CTCP Thương mại Dịch vụ Tổng hợp Cảng Hải Phòng,10793670,https://finance.vietstock.vn/DVC-ctcp-thuong-mai-dich-vu-tong-hop-cang-hai-phong.htm,2013-12-12 17:00:00
384,4851,5,UPCoM,Nguyên vật liệu,Nguyên vật liệu,Hóa chất,DVG,CTCP Đại Việt Group DVG,28000000,https://finance.vietstock.vn/DVG-ctcp-dai-viet-group-dvg.htm,2021-01-13 17:00:00
385,4903,2,HNX,Chăm sóc sức khỏe,"Dược phẩm, công nghệ sinh học và khoa học sự sống",Dược phẩm,DVM,CTCP Dược liệu Việt Nam,47057787,https://finance.vietstock.vn/DVM-ctcp-duoc-lieu-viet-nam.htm,2022-07-18 17:00:00
386,4322,5,UPCoM,Chăm sóc sức khỏe,"Dược phẩm, công nghệ sinh học và khoa học sự sống",Dược phẩm,DVN,Tổng Công ty Dược Việt Nam - CTCP,237000000,https://finance.vietstock.vn/DVN-tong-cong-ty-duoc-viet-nam-ctcp.htm,2017-05-18 17:00:00
387,1505,1,HOSE,Công nghiệp,Vận tải,Hạ tầng giao thông,DVP,CTCP Đầu tư và Phát triển Cảng Đình Vũ,40000000,https://finance.vietstock.vn/DVP-ctcp-dau-tu-va-phat-trien-cang-dinh-vu.htm,2009-11-30 17:00:00
388,5726,5,UPCoM,Tiêu dùng không thiết yếu,Dịch vụ tiêu dùng,Dịch vụ tiêu dùng khác,DVT,Trung tâm đào tạo nghiệp vụ Giao thông vận tải Bình Định,279300,https://finance.vietstock.vn/DVT-trung-tam-dao-tao-nghiep-vu-giao-thong-van-tai-binh-dinh.htm,2025-07-17 17:00:00
389,4681,5,UPCoM,Tiện ích,Tiện ích,Nước,DVW,CTCP Dịch vụ và Xây dựng Cấp nước Đồng Nai,2345000,https://finance.vietstock.vn/DVW-ctcp-dich-vu-va-xay-dung-cap-nuoc-dong-nai.htm,2018-06-05 17:00:00
390,4886,5,UPCoM,Tiện ích,Tiện ích,Nước,DWC,CTCP Cấp nước Đắk Lắk,20172800,https://finance.vietstock.vn/DWC-ctcp-cap-nuoc-dak-lak.htm,2021-12-21 17:00:00
391,4441,5,UPCoM,Tiện ích,Tiện ích,Nước,DWS,CTCP Cấp nước và Môi trường đô thị Đồng Tháp,25918130,https://finance.vietstock.vn/DWS-ctcp-cap-nuoc-va-moi-truong-do-thi-dong-thap.htm,2019-01-23 17:00:00
392,1914,1,HOSE,Bất động sản,Bất động sản,Quản lý và phát triển bất động sản,DXG,CTCP Bluemarq Group,1269852451,https://finance.vietstock.vn/DXG-ctcp-bluemarq-group.htm,2009-12-21 17:00:00
393,2610,5,UPCoM,Tiêu dùng không thiết yếu,Dịch vụ tiêu dùng,"Khách sạn, nhà hàng và giải trí",DXL,CTCP Du Lịch và Xuất nhập khẩu Lạng Sơn,3957900,https://finance.vietstock.vn/DXL-ctcp-du-lich-va-xuat-nhap-khau-lang-son.htm,2010-06-27 17:00:00
394,792,2,HNX,Nguyên vật liệu,Nguyên vật liệu,Hóa chất,DXP,CTCP Cảng Đoạn Xá,59910133,https://finance.vietstock.vn/DXP-ctcp-cang-doan-xa.htm,2009-06-07 17:00:00
395,4868,1,HOSE,Bất động sản,Bất động sản,Dịch vụ bất động sản,DXS,CTCP Dịch vụ Bất động sản Đất Xanh,579103124,https://finance.vietstock.vn/DXS-ctcp-dich-vu-bat-dong-san-dat-xanh.htm,2021-07-14 17:00:00
396,1116,1,HOSE,Nguyên vật liệu,Nguyên vật liệu,Vật liệu xây dựng,DXV,CTCP VICEM Vật liệu Xây dựng Đà Nẵng,9900000,https://finance.vietstock.vn/DXV-ctcp-vicem-vat-lieu-xay-dung-da-nang.htm,2008-02-25 17:00:00
397,3232,5,UPCoM,Công nghiệp,Hàng hóa công nghiệp,Kỹ thuật xây dựng,E12,CTCP Xây dựng Điện VNECO12,1200000,https://finance.vietstock.vn/E12-ctcp-xay-dung-dien-vneco12.htm,2019-12-30 17:00:00
398,3747,1,HOSE,Tài chính,Dịch vụ tài chính,Thị trường vốn,E1VFVN30,Quỹ ETF DCVFMVN30,169900000,https://finance.vietstock.vn/E1VFVN30-quy-etf-dcvfmvn30.htm,2014-10-05 17:00:00
399,4766,5,UPCoM,Công nghiệp,Hàng hóa công nghiệp,Kỹ thuật xây dựng,E29,CTCP Đầu tư Xây dựng và Kỹ thuật 29,5000000,https://finance.vietstock.vn/E29-ctcp-dau-tu-xay-dung-va-ky-thuat-29.htm,2019-11-04 17:00:00
400,908,2,HNX,Dịch vụ truyền thông,Truyền thông và giải trí,Truyền thông,EBS,CTCP Sách Giáo dục tại Thành phố Hà Nội,10219484,https://finance.vietstock.vn/EBS-ctcp-sach-giao-duc-tai-thanh-pho-ha-noi.htm,2006-12-20 17:00:00
401,1785,2,HNX,Dịch vụ truyền thông,Truyền thông và giải trí,Truyền thông,ECI,CTCP Tập Đoàn ECI,1860000,https://finance.vietstock.vn/ECI-ctcp-tap-doan-eci.htm,2009-06-15 17:00:00
402,5692,5,UPCoM,Nguyên vật liệu,Nguyên vật liệu,Hóa chất,ECO,CTCP Nhựa sinh thái Việt Nam,29999985,https://finance.vietstock.vn/ECO-ctcp-nhua-sinh-thai-viet-nam.htm,2024-10-07 17:00:00
403,1829,5,UPCoM,Công nghiệp,Dịch vụ thương mại và chuyên nghiệp,Dịch vụ chuyên nghiệp,EFI,CTCP Đầu tư Tài chính Giáo dục,10880000,https://finance.vietstock.vn/EFI-ctcp-dau-tu-tai-chinh-giao-duc.htm,2017-04-23 17:00:00
404,4218,5,UPCoM,Công nghiệp,Dịch vụ thương mại và chuyên nghiệp,Dịch vụ và thiết bị thương mại ,EGL,CTCP Môi trường Đô thị Gia Lâm,7600000,https://finance.vietstock.vn/EGL-ctcp-moi-truong-do-thi-gia-lam.htm,2025-11-05 17:00:00
405,1171,1,HOSE,Tài chính,Tổ chức tín dụng,Ngân hàng,EIB,Ngân hàng TMCP Xuất nhập khẩu Việt Nam,1868810607,https://finance.vietstock.vn/EIB-ngan-hang-tmcp-xuat-nhap-khau-viet-nam.htm,2009-10-26 17:00:00
406,2952,5,UPCoM,Công nghiệp,Dịch vụ thương mại và chuyên nghiệp,Dịch vụ chuyên nghiệp,EIC,CTCP EVN Quốc tế,36677145,https://finance.vietstock.vn/EIC-ctcp-evn-quoc-te.htm,2017-02-27 17:00:00
407,1804,2,HNX,Dịch vụ truyền thông,Truyền thông và giải trí,Truyền thông,EID,CTCP Đầu tư và Phát triển Giáo dục Hà Nội,15000000,https://finance.vietstock.vn/EID-ctcp-dau-tu-va-phat-trien-giao-duc-ha-noi.htm,2009-08-10 17:00:00
408,3252,5,UPCoM,Tiêu dùng không thiết yếu,Dịch vụ tiêu dùng,"Khách sạn, nhà hàng và giải trí",EIN,CTCP Đầu tư - Thương mại - Dịch vụ Điện Lực,45407161,https://finance.vietstock.vn/EIN-ctcp-dau-tu-thuong-mai-dich-vu-dien-luc.htm,2017-03-15 17:00:00
409,2623,1,HOSE,Công nghệ thông tin,Phần mềm và dịch vụ,Phần mềm,ELC,CTCP Công Nghệ - Viễn Thông Elcom,110088903,https://finance.vietstock.vn/ELC-ctcp-cong-nghe-vien-thong-elcom.htm,2010-10-12 17:00:00
410,2750,5,UPCoM,Nguyên vật liệu,Nguyên vật liệu,Vật liệu xây dựng,EME,CTCP Điện cơ,3780298,https://finance.vietstock.vn/EME-ctcp-dien-co.htm,2017-07-16 17:00:00
411,2862,5,UPCoM,Công nghiệp,Hàng hóa công nghiệp,Máy móc công nghiệp,EMG,CTCP Thiết bị Phụ Tùng Cơ Điện,3000000,https://finance.vietstock.vn/EMG-ctcp-thiet-bi-phu-tung-co-dien.htm,2017-02-15 17:00:00
412,3708,5,UPCoM,Công nghiệp,Vận tải,Vận tải và logistics hàng không,EMS,Tổng Công ty Chuyển phát nhanh Bưu Điện - CTCP,20999440,https://finance.vietstock.vn/EMS-tong-cong-ty-chuyen-phat-nhanh-buu-dien-ctcp.htm,2018-01-04 17:00:00
413,2647,1,HOSE,Tiêu dùng không thiết yếu,Thời trang và hàng lâu bền,Thời trang và dệt may,EVE,CTCP Everpia,41979773,https://finance.vietstock.vn/EVE-ctcp-everpia.htm,2010-12-16 17:00:00
414,2445,1,HOSE,Tài chính,Tổ chức tín dụng,Tín dụng phi ngân hàng,EVF,Công ty Tài chính Tổng hợp Cổ phần Điện lực,760565802,https://finance.vietstock.vn/EVF-cong-ty-tai-chinh-tong-hop-co-phan-dien-luc.htm,2022-01-11 17:00:00
415,4480,1,HOSE,Bất động sản,Bất động sản,Quản lý và phát triển bất động sản,EVG,CTCP Tập đoàn EverLand,215249836,https://finance.vietstock.vn/EVG-ctcp-tap-doan-everland.htm,2017-06-07 17:00:00
416,1349,2,HNX,Tài chính,Dịch vụ tài chính,Thị trường vốn,EVS,CTCP Chứng khoán EVS,164800618,https://finance.vietstock.vn/EVS-ctcp-chung-khoan-evs.htm,2019-06-25 17:00:00
417,5717,5,UPCoM,Tài chính,Dịch vụ tài chính,Dịch vụ tài chính,F88,CTCP Đầu tư F88,220251902,https://finance.vietstock.vn/F88-ctcp-dau-tu-f88.htm,2025-08-07 17:00:00
418,4574,5,UPCoM,Tiêu dùng không thiết yếu,Xe và linh kiện,Linh kiện xe,FBC,CTCP Cơ khí Phổ Yên,3700000,https://finance.vietstock.vn/FBC-ctcp-co-khi-pho-yen.htm,2017-10-19 17:00:00
419,4131,5,UPCoM,Bất động sản,Bất động sản,Quản lý và phát triển bất động sản,FCC,CTCP Liên hợp Thực phẩm,5997040,https://finance.vietstock.vn/FCC-ctcp-lien-hop-thuc-pham.htm,2016-05-08 17:00:00
420,3570,1,HOSE,Nguyên vật liệu,Nguyên vật liệu,Vật liệu xây dựng,FCM,CTCP Bê tông Phan Vũ Hà Nam,46226626,https://finance.vietstock.vn/FCM-ctcp-be-tong-phan-vu-ha-nam.htm,2013-05-14 17:00:00
421,3109,1,HOSE,Công nghiệp,Hàng hóa công nghiệp,Kỹ thuật xây dựng,FCN,CTCP FECON,157439005,https://finance.vietstock.vn/FCN-ctcp-fecon.htm,2012-07-23 17:00:00
422,4340,5,UPCoM,Tiêu dùng thiết yếu,"Thực phẩm, đồ uống và thuốc lá",Thực phẩm,FCS,CTCP Lương thực Thành phố Hồ Chí Minh,29450000,https://finance.vietstock.vn/FCS-ctcp-luong-thuc-thanh-pho-ho-chi-minh.htm,2017-03-02 17:00:00
423,97,1,HOSE,Bất động sản,Bất động sản,Quản lý và phát triển bất động sản,FDC,CTCP Ngoại thương và Phát triển Đầu tư Thành phố Hồ Chí Minh,38629988,https://finance.vietstock.vn/FDC-ctcp-ngoai-thuong-va-phat-trien-dau-tu-thanh-pho-ho-chi-minh.htm,2010-01-17 17:00:00
424,4701,5,UPCoM,Tiêu dùng thiết yếu,"Thực phẩm, đồ uống và thuốc lá",Thực phẩm,FGL,CTCP Cà phê Gia Lai,14676300,https://finance.vietstock.vn/FGL-ctcp-ca-phe-gia-lai.htm,2018-09-13 17:00:00
425,2390,5,UPCoM,Tiêu dùng thiết yếu,"Thực phẩm, đồ uống và thuốc lá",Thực phẩm,FHN,CTCP Xuất nhập khẩu Lương thực - Thực phẩm Hà Nội,3000000,https://finance.vietstock.vn/FHN-ctcp-xuat-nhap-khau-luong-thuc-thuc-pham-ha-noi.htm,2017-12-28 17:00:00
426,2281,5,UPCoM,Tiêu dùng không thiết yếu,Thương mại hàng không thiết yếu,Bán lẻ chuyên doanh,FHS,CTCP Phát hành Sách Thành phố Hồ Chí Minh,12751462,https://finance.vietstock.vn/FHS-ctcp-phat-hanh-sach-thanh-pho-ho-chi-minh.htm,2018-10-31 17:00:00
427,4358,5,UPCoM,Nguyên vật liệu,Nguyên vật liệu,Vật liệu xây dựng,FIC,Tổng Công ty Vật liệu Xây dựng số 1 - CTCP,127000000,https://finance.vietstock.vn/FIC-tong-cong-ty-vat-lieu-xay-dung-so-1-ctcp.htm,2018-08-01 17:00:00
428,3897,2,HNX,Tiêu dùng không thiết yếu,Thương mại hàng không thiết yếu,Nhà phân phối,FID,CTCP Đầu tư và Phát triển Doanh nghiệp Việt Nam,24715958,https://finance.vietstock.vn/FID-ctcp-dau-tu-va-phat-trien-doanh-nghiep-viet-nam.htm,2015-05-19 17:00:00
429,4692,1,HOSE,Bất động sản,Bất động sản,Quản lý và phát triển bất động sản,FIR,CTCP Địa ốc First Real,70669620,https://finance.vietstock.vn/FIR-ctcp-dia-oc-first-real.htm,2018-10-17 17:00:00
430,3564,1,HOSE,Chăm sóc sức khỏe,"Dược phẩm, công nghệ sinh học và khoa học sự sống",Dược phẩm,FIT,CTCP Tập đoàn F.I.T,339933034,https://finance.vietstock.vn/FIT-ctcp-tap-doan-f-i-t.htm,2015-08-18 17:00:00
431,793,1,HOSE,Tiêu dùng thiết yếu,"Thực phẩm, đồ uống và thuốc lá",Thực phẩm,FMC,CTCP Thực phẩm Sao Ta,65388889,https://finance.vietstock.vn/FMC-ctcp-thuc-pham-sao-ta.htm,2006-12-06 17:00:00
432,2412,5,UPCoM,Dịch vụ truyền thông,Truyền thông và giải trí,Truyền thông,FOC,CTCP Dịch vụ Trực tuyến FPT,18471275,https://finance.vietstock.vn/FOC-ctcp-dich-vu-truc-tuyen-fpt.htm,2018-12-09 17:00:00
433,2371,5,UPCoM,Dịch vụ truyền thông,Dịch vụ viễn thông,Dịch vụ viễn thông đa dạng,FOX,CTCP Viễn thông FPT,738763463,https://finance.vietstock.vn/FOX-ctcp-vien-thong-fpt.htm,2017-01-12 17:00:00
434,191,1,HOSE,Công nghệ thông tin,Phần mềm và dịch vụ,Phần mềm,FPT,CTCP FPT,1703507121,https://finance.vietstock.vn/FPT-ctcp-fpt.htm,2006-12-12 17:00:00
435,1693,5,UPCoM,Nguyên vật liệu,Nguyên vật liệu,Gỗ và giấy,FRC,CTCP Lâm đặc sản Xuất khẩu Quảng Nam,3000000,https://finance.vietstock.vn/FRC-ctcp-lam-dac-san-xuat-khau-quang-nam.htm,2018-07-25 17:00:00
436,4196,5,UPCoM,Nguyên vật liệu,Nguyên vật liệu,Gỗ và giấy,FRM,CTCP Lâm Nghiệp Sài Gòn,11700000,https://finance.vietstock.vn/FRM-ctcp-lam-nghiep-sai-gon.htm,2017-11-23 17:00:00
437,4668,1,HOSE,Tiêu dùng không thiết yếu,Thương mại hàng không thiết yếu,Bán lẻ chuyên doanh,FRT,CTCP Bán lẻ Kỹ thuật số FPT,170301785,https://finance.vietstock.vn/FRT-ctcp-ban-le-ky-thuat-so-fpt.htm,2018-04-25 17:00:00
438,1302,5,UPCoM,Nguyên vật liệu,Nguyên vật liệu,Gỗ và giấy,FSO,CTCP Cơ khí đóng tàu Thủy sản Việt Nam,5624966,https://finance.vietstock.vn/FSO-ctcp-co-khi-dong-tau-thuy-san-viet-nam.htm,2017-02-05 17:00:00
439,4559,5,UPCoM,Tiêu dùng không thiết yếu,Xe và linh kiện,Linh kiện xe,FT1,CTCP Phụ tùng Máy số 1,7079853,https://finance.vietstock.vn/FT1-ctcp-phu-tung-may-so-1.htm,2017-09-26 17:00:00
440,4579,5,UPCoM,Bất động sản,Bất động sản,Quản lý và phát triển bất động sản,FTI,CTCP Công nghiệp - Thương mại Hữu Nghị,3943710,https://finance.vietstock.vn/FTI-ctcp-cong-nghiep-thuong-mai-huu-nghi.htm,2017-10-26 17:00:00
441,4050,5,UPCoM,Tiêu dùng không thiết yếu,Thời trang và hàng lâu bền,Thời trang và dệt may,FTM,CTCP Đầu tư và Phát triển Đức Quân,50000000,https://finance.vietstock.vn/FTM-ctcp-dau-tu-va-phat-trien-duc-quan.htm,2022-05-25 17:00:00
442,1178,1,HOSE,Tài chính,Dịch vụ tài chính,Thị trường vốn,FTS,CTCP Chứng khoán FPT,381145750,https://finance.vietstock.vn/FTS-ctcp-chung-khoan-fpt.htm,2017-01-12 17:00:00
443,4881,1,HOSE,Tài chính,Dịch vụ tài chính,Thị trường vốn,FUCTVGF3,Quỹ Đầu tư Tăng trưởng Thiên Việt 3,19900800,https://finance.vietstock.vn/FUCTVGF3-quy-dau-tu-tang-truong-thien-viet-3.htm,2021-10-26 17:00:00
444,4914,1,HOSE,Tài chính,Dịch vụ tài chính,Thị trường vốn,FUCTVGF4,Quỹ Đầu tư Tăng trưởng Thiên Việt 4,20060000,https://finance.vietstock.vn/FUCTVGF4-quy-dau-tu-tang-truong-thien-viet-4.htm,2022-09-25 17:00:00
445,4959,1,HOSE,Tài chính,Dịch vụ tài chính,Thị trường vốn,FUCTVGF5,Quỹ đầu tư tăng trưởng Thiên Việt 5,17280000,https://finance.vietstock.vn/FUCTVGF5-quy-dau-tu-tang-truong-thien-viet-5.htm,2023-12-28 17:00:00
446,4362,1,HOSE,Tài chính,Dịch vụ tài chính,Thị trường vốn,FUCVREIT,Quỹ đầu tư Bất động sản Techcom Việt Nam,5000000,https://finance.vietstock.vn/FUCVREIT-quy-dau-tu-bat-dong-san-techcom-viet-nam.htm,2017-02-26 17:00:00
447,5695,1,HOSE,Tài chính,Dịch vụ tài chính,Thị trường vốn,FUEABVND,Chứng chỉ Quỹ ETF ABFVN DIAMOND,3900000,https://finance.vietstock.vn/FUEABVND-chung-chi-quy-etf-abfvn-diamond.htm,2024-08-15 17:00:00
448,4939,1,HOSE,Tài chính,Dịch vụ tài chính,Thị trường vốn,FUEBFVND,Chứng chỉ Quỹ ETF BVFVN DIAMOND,3700000,https://finance.vietstock.vn/FUEBFVND-chung-chi-quy-etf-bvfvn-diamond.htm,2023-08-10 17:00:00
449,4915,1,HOSE,Tài chính,Dịch vụ tài chính,Thị trường vốn,FUEDCMID,Chứng chỉ Quỹ ETF DCVFMVNMIDCAP,23500000,https://finance.vietstock.vn/FUEDCMID-chung-chi-quy-etf-dcvfmvnmidcap.htm,2022-09-28 17:00:00
450,4930,1,HOSE,Tài chính,Dịch vụ tài chính,Thị trường vốn,FUEFCV50,Chứng chỉ Quỹ ETF FPT CAPITAL VNX50,4300000,https://finance.vietstock.vn/FUEFCV50-chung-chi-quy-etf-fpt-capital-vnx50.htm,2023-05-24 17:00:00
451,4879,1,HOSE,Tài chính,Dịch vụ tài chính,Thị trường vốn,FUEIP100,Chứng chỉ Quỹ ETF IPAAM VN100,5000000,https://finance.vietstock.vn/FUEIP100-chung-chi-quy-etf-ipaam-vn100.htm,2021-10-11 17:00:00
452,4888,1,HOSE,Tài chính,Dịch vụ tài chính,Thị trường vốn,FUEKIV30,Chứng chỉ Quỹ ETF KIM GROWTH VN30,186300000,https://finance.vietstock.vn/FUEKIV30-chung-chi-quy-etf-kim-growth-vn30.htm,2022-01-06 17:00:00
453,4919,1,HOSE,Tài chính,Dịch vụ tài chính,Thị trường vốn,FUEKIVFS,Chứng chỉ Quỹ ETF Kim Growth VNFINSELECT,13800000,https://finance.vietstock.vn/FUEKIVFS-chung-chi-quy-etf-kim-growth-vnfinselect.htm,2022-11-10 17:00:00
454,5688,1,HOSE,Tài chính,Dịch vụ tài chính,Thị trường vốn,FUEKIVND,Chứng chỉ Quỹ ETF KIM GROWTH VN DIAMOND,5600000,https://finance.vietstock.vn/FUEKIVND-chung-chi-quy-etf-kim-growth-vn-diamond.htm,2024-04-23 17:00:00
455,4841,1,HOSE,Tài chính,Dịch vụ tài chính,Thị trường vốn,FUEMAV30,Quỹ ETF MAFM VN30,26600000,https://finance.vietstock.vn/FUEMAV30-quy-etf-mafm-vn30.htm,2020-12-07 17:00:00
456,4929,1,HOSE,Tài chính,Dịch vụ tài chính,Thị trường vốn,FUEMAVND,Chứng chỉ Quỹ ETF MAFM VNDIAMOND,15300000,https://finance.vietstock.vn/FUEMAVND-chung-chi-quy-etf-mafm-vndiamond.htm,2023-04-06 17:00:00
457,5820,1,HOSE,Tài chính,Dịch vụ tài chính,Thị trường vốn,FUEMITEC,Quỹ ETF VINACAPITAL VNMITECH,5000000,https://finance.vietstock.vn/FUEMITEC-quy-etf-vinacapital-vnmitech.htm,
458,4833,1,HOSE,Tài chính,Dịch vụ tài chính,Thị trường vốn,FUESSV30,Quỹ ETF SSIAM VN30,10000000,https://finance.vietstock.vn/FUESSV30-quy-etf-ssiam-vn30.htm,2020-08-17 17:00:00
459,4581,1,HOSE,Tài chính,Dịch vụ tài chính,Thị trường vốn,FUESSV50,Quỹ ETF SSIAM VNX50,5200000,https://finance.vietstock.vn/FUESSV50-quy-etf-ssiam-vnx50.htm,2017-10-23 17:00:00
460,4798,1,HOSE,Tài chính,Dịch vụ tài chính,Thị trường vốn,FUESSVFL,Quỹ ETF SSIAM VNFIN LEAD,18800000,https://finance.vietstock.vn/FUESSVFL-quy-etf-ssiam-vnfin-lead.htm,2020-03-17 17:00:00
461,5713,1,HOSE,Tài chính,Dịch vụ tài chính,Thị trường vốn,FUETCC50,Chứng chỉ Quỹ ETF TECHCOM CAPITAL VNX50,6600000,https://finance.vietstock.vn/FUETCC50-chung-chi-quy-etf-techcom-capital-vnx50.htm,2025-03-10 17:00:00
462,5747,1,HOSE,Tài chính,Dịch vụ tài chính,Thị trường vốn,FUETPVND,Chứng chỉ quỹ ETF VFCVN DIAMOND,5600000,https://finance.vietstock.vn/FUETPVND-chung-chi-quy-etf-vfcvn-diamond.htm,
463,4802,1,HOSE,Tài chính,Dịch vụ tài chính,Thị trường vốn,FUEVFVND,Quỹ ETF DCVFMVN DIAMOND,325500000,https://finance.vietstock.vn/FUEVFVND-quy-etf-dcvfmvn-diamond.htm,2020-05-11 17:00:00
464,4831,1,HOSE,Tài chính,Dịch vụ tài chính,Thị trường vốn,FUEVN100,Quỹ ETF VINACAPITAL VN100,26800000,https://finance.vietstock.vn/FUEVN100-quy-etf-vinacapital-vn100.htm,2020-07-20 17:00:00
465,5819,1,HOSE,Tài chính,Dịch vụ tài chính,Thị trường vốn,FUEVN50G,Quỹ ETF VINACAPITAL VN50 GROWTH,5000000,https://finance.vietstock.vn/FUEVN50G-quy-etf-vinacapital-vn50-growth.htm,
466,3987,5,UPCoM,Tiêu dùng không thiết yếu,Thời trang và hàng lâu bền,Thời trang và dệt may,G20,CTCP Đầu tư Dệt may Vĩnh Phúc,14400000,https://finance.vietstock.vn/G20-ctcp-dau-tu-det-may-vinh-phuc.htm,2015-08-31 17:00:00
467,4280,5,UPCoM,Công nghiệp,Hàng hóa công nghiệp,Kỹ thuật xây dựng,G36,Tổng Công ty 36 - CTCP,103745067,https://finance.vietstock.vn/G36-tong-cong-ty-36-ctcp.htm,2016-12-25 17:00:00
468,2728,1,HOSE,Tiện ích,Tiện ích,Gas sinh hoạt,GAS,Tổng Công ty Khí Việt Nam - CTCP,2412949756,https://finance.vietstock.vn/GAS-tong-cong-ty-khi-viet-nam-ctcp.htm,2012-05-20 17:00:00
469,2260,5,UPCoM,Nguyên vật liệu,Nguyên vật liệu,Khai khoáng và luyện kim,GCB,CTCP Petec Bình Định,4039147,https://finance.vietstock.vn/GCB-ctcp-petec-binh-dinh.htm,2016-12-27 17:00:00
470,4923,5,UPCoM,Tiêu dùng thiết yếu,"Thực phẩm, đồ uống và thuốc lá",Thực phẩm,GCF,CTCP Thực phẩm G.C,43246471,https://finance.vietstock.vn/GCF-ctcp-thuc-pham-g-c.htm,2022-12-19 17:00:00
471,2651,5,UPCoM,Nguyên vật liệu,Nguyên vật liệu,Khai khoáng và luyện kim,GDA,CTCP Tôn Đông Á,149098851,https://finance.vietstock.vn/GDA-ctcp-ton-dong-a.htm,2023-09-06 17:00:00
472,5813,5,UPCoM,Công nghiệp,Hàng hóa công nghiệp,Kỹ thuật xây dựng,GDH,CTCP Tập đoàn GDC,16600000,https://finance.vietstock.vn/GDH-ctcp-tap-doan-gdc.htm,2026-05-10 17:00:00
473,1837,1,HOSE,Tiêu dùng không thiết yếu,Thời trang và hàng lâu bền,Hàng tiêu dùng lâu bền,GDT,CTCP Chế biến Gỗ Đức Thành,24930701,https://finance.vietstock.vn/GDT-ctcp-che-bien-go-duc-thanh.htm,2009-11-16 17:00:00
474,1240,2,HNX,Tiện ích,Tiện ích,Nước,GDW,CTCP Cấp nước Gia Định,9500000,https://finance.vietstock.vn/GDW-ctcp-cap-nuoc-gia-dinh.htm,2018-12-17 17:00:00
475,4896,1,HOSE,Công nghiệp,Hàng hóa công nghiệp,Thiết bị điện,GEE,CTCP Điện lực Gelex,640499211,https://finance.vietstock.vn/GEE-ctcp-dien-luc-gelex.htm,2022-03-07 17:00:00
476,3025,1,HOSE,Tiện ích,Tiện ích,Phát điện độc lập và điện tái tạo,GEG,CTCP Điện Gia Lai,376220525,https://finance.vietstock.vn/GEG-ctcp-dien-gia-lai.htm,2019-09-18 17:00:00
477,5135,1,HOSE,Nguyên vật liệu,Nguyên vật liệu,Vật liệu xây dựng,GEL,CTCP Hạ tầng GELEX,890000000,https://finance.vietstock.vn/GEL-ctcp-ha-tang-gelex.htm,2026-02-05 17:00:00
478,2261,5,UPCoM,Tiêu dùng không thiết yếu,Xe và linh kiện,Linh kiện xe,GER,CTCP Thể thao Ngôi sao Geru,2200000,https://finance.vietstock.vn/GER-ctcp-the-thao-ngoi-sao-geru.htm,2010-05-31 17:00:00
479,3086,1,HOSE,Công nghiệp,Hàng hóa công nghiệp,Thiết bị điện,GEX,CTCP Tập đoàn GELEX,1308471358,https://finance.vietstock.vn/GEX-ctcp-tap-doan-gelex.htm,2018-01-17 17:00:00
480,1844,5,UPCoM,Tiêu dùng không thiết yếu,Xe và linh kiện,Xe,GGG,CTCP Ô tô Giải Phóng,29388589,https://finance.vietstock.vn/GGG-ctcp-o-to-giai-phong.htm,2009-10-11 17:00:00
481,4115,5,UPCoM,Công nghiệp,Hàng hóa công nghiệp,Kỹ thuật xây dựng,GH3,CTCP Công trình Giao thông Hà Nội,11500000,https://finance.vietstock.vn/GH3-ctcp-cong-trinh-giao-thong-ha-noi.htm,2021-08-03 17:00:00
482,2737,1,HOSE,Tiện ích,Tiện ích,Phát điện độc lập và điện tái tạo,GHC,CTCP Thủy điện Gia Lai,47662500,https://finance.vietstock.vn/GHC-ctcp-thuy-dien-gia-lai.htm,2026-01-29 17:00:00
483,4838,2,HNX,Công nghiệp,Vận tải,Hạ tầng giao thông,GIC,CTCP VSC Green Logistics,25451988,https://finance.vietstock.vn/GIC-ctcp-vsc-green-logistics.htm,2020-11-05 17:00:00
484,43,1,HOSE,Tiêu dùng không thiết yếu,Thời trang và hàng lâu bền,Thời trang và dệt may,GIL,CTCP Sản xuất Kinh doanh và Xuất nhập khẩu Bình Thạnh,101600066,https://finance.vietstock.vn/GIL-ctcp-san-xuat-kinh-doanh-va-xuat-nhap-khau-binh-thanh.htm,2002-01-01 17:00:00
485,4353,2,HNX,Nguyên vật liệu,Nguyên vật liệu,Vật liệu xây dựng,GKM,CTCP GKM Holdings,31434237,https://finance.vietstock.vn/GKM-ctcp-gkm-holdings.htm,2017-07-16 17:00:00
486,4721,5,UPCoM,Nguyên vật liệu,Nguyên vật liệu,Khai khoáng và luyện kim,GLC,CTCP Vàng Lào Cai,10500000,https://finance.vietstock.vn/GLC-ctcp-vang-lao-cai.htm,2019-01-08 17:00:00
487,1268,2,HNX,Dịch vụ truyền thông,Dịch vụ viễn thông,Dịch vụ viễn thông đa dạng,GLT,CTCP Kỹ thuật Điện Toàn cầu,10456092,https://finance.vietstock.vn/GLT-ctcp-ky-thuat-dien-toan-cau.htm,2009-11-25 17:00:00
488,4350,5,UPCoM,Tiện ích,Tiện ích,Nước,GLW,CTCP Cấp thoát nước Gia Lai,18000000,https://finance.vietstock.vn/GLW-ctcp-cap-thoat-nuoc-gia-lai.htm,2018-01-07 17:00:00
489,4839,2,HNX,Tiêu dùng không thiết yếu,Thương mại hàng không thiết yếu,Bán lẻ chuyên doanh,GMA,CTCP G-Automobile,19999999,https://finance.vietstock.vn/GMA-ctcp-g-automobile.htm,2020-11-30 17:00:00
490,795,5,UPCoM,Tiêu dùng không thiết yếu,Thời trang và hàng lâu bền,Thời trang và dệt may,GMC,CTCP Garmex Sài Gòn,33000259,https://finance.vietstock.vn/GMC-ctcp-garmex-sai-gon.htm,2025-02-11 17:00:00
491,37,1,HOSE,Công nghiệp,Vận tải,Hạ tầng giao thông,GMD,CTCP Tập đoàn Gemadept,426495109,https://finance.vietstock.vn/GMD-ctcp-tap-doan-gemadept.htm,2002-04-21 17:00:00
492,4892,1,HOSE,Nguyên vật liệu,Nguyên vật liệu,Vật liệu xây dựng,GMH,CTCP Minh Hưng Quảng Trị,16500000,https://finance.vietstock.vn/GMH-ctcp-minh-hung-quang-tri.htm,2022-01-11 17:00:00
493,2189,2,HNX,Nguyên vật liệu,Nguyên vật liệu,Vật liệu xây dựng,GMX,CTCP Gạch ngói Gốm Xây dựng Mỹ Xuân,9040697,https://finance.vietstock.vn/GMX-ctcp-gach-ngoi-gom-xay-dung-my-xuan.htm,2011-09-14 17:00:00
494,2255,5,UPCoM,Nguyên vật liệu,Nguyên vật liệu,Vật liệu xây dựng,GND,CTCP Gạch ngói Đồng Nai,9000000,https://finance.vietstock.vn/GND-ctcp-gach-ngoi-dong-nai.htm,2017-02-20 17:00:00
495,4928,5,UPCoM,Tiêu dùng không thiết yếu,Thương mại hàng không thiết yếu,Nhà phân phối,GPC,CTCP Tập đoàn Green+,54072143,https://finance.vietstock.vn/GPC-ctcp-tap-doan-green+.htm,2023-01-05 17:00:00
496,3886,5,UPCoM,Tiện ích,Tiện ích,Phát điện độc lập và điện tái tạo,GSM,CTCP Thủy điện Hương Sơn,28562000,https://finance.vietstock.vn/GSM-ctcp-thuy-dien-huong-son.htm,2015-04-07 17:00:00
497,3012,1,HOSE,Năng lượng,Năng lượng,Dầu khí,GSP,CTCP Vận tải Sản Phẩm Khí Quốc tế,67517050,https://finance.vietstock.vn/GSP-ctcp-van-tai-san-pham-khi-quoc-te.htm,2012-03-08 17:00:00
498,891,1,HOSE,Nguyên vật liệu,Nguyên vật liệu,Gỗ và giấy,GTA,CTCP Chế biến gỗ Thuận An,10400000,https://finance.vietstock.vn/GTA-ctcp-che-bien-go-thuan-an.htm,2007-07-22 17:00:00
499,4067,5,UPCoM,Tiêu dùng không thiết yếu,Thời trang và hàng lâu bền,Thời trang và dệt may,GTD,CTCP Giầy Thượng Đình,9300000,https://finance.vietstock.vn/GTD-ctcp-giay-thuong-dinh.htm,2016-12-15 17:00:00
500,4238,5,UPCoM,Công nghiệp,Hàng hóa công nghiệp,Kỹ thuật xây dựng,GTS,CTCP Công trình Giao thông Sài Gòn,28499764,https://finance.vietstock.vn/GTS-ctcp-cong-trinh-giao-thong-sai-gon.htm,2016-10-20 17:00:00
501,2629,5,UPCoM,Tiêu dùng không thiết yếu,Dịch vụ tiêu dùng,"Khách sạn, nhà hàng và giải trí",GTT,CTCP Thuận Thảo,43503000,https://finance.vietstock.vn/GTT-ctcp-thuan-thao.htm,2016-06-06 17:00:00
502,4645,1,HOSE,Nguyên vật liệu,Nguyên vật liệu,Hóa chất,GVR,Tập đoàn Công nghiệp Cao su Việt Nam - CTCP,4000000000,https://finance.vietstock.vn/GVR-tap-doan-cong-nghiep-cao-su-viet-nam-ctcp.htm,2020-03-16 17:00:00
503,2832,5,UPCoM,Nguyên vật liệu,Nguyên vật liệu,Gỗ và giấy,GVT,CTCP Giấy Việt Trì,11605100,https://finance.vietstock.vn/GVT-ctcp-giay-viet-tri.htm,2017-01-11 17:00:00
504,2744,5,UPCoM,Công nghiệp,Hàng hóa công nghiệp,Kỹ thuật xây dựng,H11,CTCP Xây dựng HUD101,1060000,https://finance.vietstock.vn/H11-ctcp-xay-dung-hud101.htm,2011-04-27 17:00:00
505,916,5,UPCoM,Tài chính,Dịch vụ tài chính,Thị trường vốn,HAC,CTCP Chứng khoán Hải Phòng,129181096,https://finance.vietstock.vn/HAC-ctcp-chung-khoan-hai-phong.htm,2016-10-17 17:00:00
506,1839,2,HNX,Tiêu dùng thiết yếu,"Thực phẩm, đồ uống và thuốc lá",Đồ uống,HAD,CTCP Bia Hà Nội - Hải Dương,4000000,https://finance.vietstock.vn/HAD-ctcp-bia-ha-noi-hai-duong.htm,2009-10-26 17:00:00
507,3884,5,UPCoM,Tiêu dùng thiết yếu,"Thực phẩm, đồ uống và thuốc lá",Thực phẩm,HAF,CTCP Thực phẩm Hà Nội,14500000,https://finance.vietstock.vn/HAF-ctcp-thuc-pham-ha-noi.htm,2017-07-23 17:00:00
508,1448,1,HOSE,Tiêu dùng thiết yếu,"Thực phẩm, đồ uống và thuốc lá",Thực phẩm,HAG,CTCP Hoàng Anh Gia Lai,1267467947,https://finance.vietstock.vn/HAG-ctcp-hoang-anh-gia-lai.htm,2008-12-21 17:00:00
509,3826,1,HOSE,Công nghiệp,Vận tải,Vận tải biển,HAH,CTCP Vận tải và Xếp dỡ Hải An,188340401,https://finance.vietstock.vn/HAH-ctcp-van-tai-va-xep-do-hai-an.htm,2015-03-10 17:00:00
510,2065,5,UPCoM,Tiêu dùng không thiết yếu,Thương mại hàng không thiết yếu,Nhà phân phối,HAM,CTCP Vật tư Hậu Giang,14937048,https://finance.vietstock.vn/HAM-ctcp-vat-tu-hau-giang.htm,2017-08-20 17:00:00
511,3669,5,UPCoM,Công nghiệp,Hàng hóa công nghiệp,Kỹ thuật xây dựng,HAN,Tổng Công ty Xây dựng Hà Nội - CTCP,141048000,https://finance.vietstock.vn/HAN-tong-cong-ty-xay-dung-ha-noi-ctcp.htm,2016-10-19 17:00:00
512,24,1,HOSE,Nguyên vật liệu,Nguyên vật liệu,Gỗ và giấy,HAP,CTCP Tập đoàn Hapaco,111097772,https://finance.vietstock.vn/HAP-ctcp-tap-doan-hapaco.htm,2000-08-03 17:00:00
513,3329,1,HOSE,Bất động sản,Bất động sản,Quản lý và phát triển bất động sản,HAR,CTCP Đầu tư Thương mại Bất động sản An Dương Thảo Điền,101350100,https://finance.vietstock.vn/HAR-ctcp-dau-tu-thuong-mai-bat-dong-san-an-duong-thao-dien.htm,2013-01-16 17:00:00
514,665,1,HOSE,Công nghiệp,Hàng hóa công nghiệp,Kỹ thuật xây dựng,HAS,CTCP Hacisco,8000000,https://finance.vietstock.vn/HAS-ctcp-hacisco.htm,2002-12-18 17:00:00
515,2449,2,HNX,Tiêu dùng thiết yếu,"Thực phẩm, đồ uống và thuốc lá",Đồ uống,HAT,CTCP Thương mại Bia Hà Nội,3123000,https://finance.vietstock.vn/HAT-ctcp-thuong-mai-bia-ha-noi.htm,2010-10-28 17:00:00
516,4607,5,UPCoM,Tiêu dùng thiết yếu,"Thực phẩm, đồ uống và thuốc lá",Đồ uống,HAV,CTCP Rượu Hapro,3297860,https://finance.vietstock.vn/HAV-ctcp-ruou-hapro.htm,2017-11-29 17:00:00
517,796,1,HOSE,Tiêu dùng không thiết yếu,Thương mại hàng không thiết yếu,Bán lẻ chuyên doanh,HAX,CTCP Dịch vụ Ô tô Hàng Xanh,107439681,https://finance.vietstock.vn/HAX-ctcp-dich-vu-o-to-hang-xanh.htm,2006-12-25 17:00:00
518,797,5,UPCoM,Công nghiệp,Hàng hóa công nghiệp,Kỹ thuật xây dựng,HBC,CTCP Tập đoàn Xây dựng Hòa Bình,347213270,https://finance.vietstock.vn/HBC-ctcp-tap-doan-xay-dung-hoa-binh.htm,2006-12-26 17:00:00
519,798,5,UPCoM,Nguyên vật liệu,Nguyên vật liệu,Bao bì và vật chứa,HBD,CTCP Bao Bì PP Bình Dương,2011100,https://finance.vietstock.vn/HBD-ctcp-bao-bi-pp-binh-duong.htm,2013-09-15 17:00:00
520,3733,5,UPCoM,Tiêu dùng thiết yếu,"Thực phẩm, đồ uống và thuốc lá",Đồ uống,HBH,CTCP Habeco - Hải Phòng,16000000,https://finance.vietstock.vn/HBH-ctcp-habeco-hai-phong.htm,2017-08-09 17:00:00
521,1342,2,HNX,Tài chính,Dịch vụ tài chính,Thị trường vốn,HBS,CTCP Chứng khoán Hòa Bình,32999980,https://finance.vietstock.vn/HBS-ctcp-chung-khoan-hoa-binh.htm,2010-07-15 17:00:00
522,1929,5,UPCoM,Công nghiệp,Hàng hóa công nghiệp,Kỹ thuật xây dựng,HC1,CTCP Xây dựng Số 1 Hà Nội,8000000,https://finance.vietstock.vn/HC1-ctcp-xay-dung-so-1-ha-noi.htm,2020-01-05 17:00:00
523,2025,5,UPCoM,Bất động sản,Bất động sản,Quản lý và phát triển bất động sản,HC3,CTCP Xây dựng Số 3 Hải Phòng,20685717,https://finance.vietstock.vn/HC3-ctcp-xay-dung-so-3-hai-phong.htm,2017-07-10 17:00:00
524,1035,2,HNX,Nguyên vật liệu,Nguyên vật liệu,Vật liệu xây dựng,HCC,CTCP Bê tông Hòa Cầm - Intimex,6518586,https://finance.vietstock.vn/HCC-ctcp-be-tong-hoa-cam-intimex.htm,2007-12-23 17:00:00
525,4299,1,HOSE,Công nghiệp,Hàng hóa công nghiệp,Sản phẩm xây dựng,HCD,CTCP Đầu tư Sản xuất và Thương mại HCD,46197821,https://finance.vietstock.vn/HCD-ctcp-dau-tu-san-xuat-va-thuong-mai-hcd.htm,2016-07-03 17:00:00
526,2179,5,UPCoM,Bất động sản,Bất động sản,Dịch vụ bất động sản,HCI,CTCP Đầu tư Xây dựng Hà Nội ,5232000,https://finance.vietstock.vn/HCI-ctcp-dau-tu-xay-dung-ha-noi.htm,2010-09-16 17:00:00
527,684,1,HOSE,Tài chính,Dịch vụ tài chính,Thị trường vốn,HCM,CTCP Chứng khoán Thành phố Hồ Chí Minh,1080797089,https://finance.vietstock.vn/HCM-ctcp-chung-khoan-thanh-pho-ho-chi-minh.htm,2009-05-18 17:00:00
528,1065,2,HNX,Công nghiệp,Vận tải,Vận tải mặt đất,HCT,CTCP Thương mại Dịch vụ Vận tải Xi măng Hải Phòng,2016385,https://finance.vietstock.vn/HCT-ctcp-thuong-mai-dich-vu-van-tai-xi-mang-hai-phong.htm,2007-11-26 17:00:00
529,2921,5,UPCoM,Bất động sản,Bất động sản,Quản lý và phát triển bất động sản,HD2,CTCP Đầu tư Phát triển Nhà HUD2,8962353,https://finance.vietstock.vn/HD2-ctcp-dau-tu-phat-trien-nha-hud2.htm,2016-05-15 17:00:00
530,1920,5,UPCoM,Bất động sản,Bất động sản,Quản lý và phát triển bất động sản,HD6,CTCP Đầu tư và Phát triển Nhà Số 6 Hà Nội,15120000,https://finance.vietstock.vn/HD6-ctcp-dau-tu-va-phat-trien-nha-so-6-ha-noi.htm,2020-11-22 17:00:00
531,4730,5,UPCoM,Bất động sản,Bất động sản,Quản lý và phát triển bất động sản,HD8,CTCP Đầu tư Phát triển Nhà và Đô thị HUD8,10000000,https://finance.vietstock.vn/HD8-ctcp-dau-tu-phat-trien-nha-va-do-thi-hud8.htm,2019-03-14 17:00:00
532,2641,2,HNX,Nguyên vật liệu,Nguyên vật liệu,Hóa chất,HDA,CTCP Hãng sơn Đông Á,30359909,https://finance.vietstock.vn/HDA-ctcp-hang-son-dong-a.htm,2010-12-26 17:00:00
533,1195,1,HOSE,Tài chính,Tổ chức tín dụng,Ngân hàng,HDB,Ngân hàng TMCP Phát triển Thành phố Hồ Chí Minh,5005276323,https://finance.vietstock.vn/HDB-ngan-hang-tmcp-phat-trien-thanh-pho-ho-chi-minh.htm,2018-01-04 17:00:00
534,951,1,HOSE,Bất động sản,Bất động sản,Quản lý và phát triển bất động sản,HDC,CTCP Phát triển Nhà Bà Rịa - Vũng Tàu,229712443,https://finance.vietstock.vn/HDC-ctcp-phat-trien-nha-ba-ria-vung-tau.htm,2007-10-07 17:00:00
535,1511,1,HOSE,Tiện ích,Tiện ích,Điện,HDG,CTCP Tập đoàn Hà Đô,406957333,https://finance.vietstock.vn/HDG-ctcp-tap-doan-ha-do.htm,2010-02-01 17:00:00
536,2316,5,UPCoM,Tiêu dùng không thiết yếu,Thời trang và hàng lâu bền,Thời trang và dệt may,HDM,CTCP Dệt may Huế,20096259,https://finance.vietstock.vn/HDM-ctcp-det-may-hue.htm,2010-01-20 17:00:00
537,2460,5,UPCoM,Chăm sóc sức khỏe,"Dược phẩm, công nghệ sinh học và khoa học sự sống",Dược phẩm,HDP,CTCP Dược Hà Tĩnh,9934418,https://finance.vietstock.vn/HDP-ctcp-duoc-ha-tinh.htm,2017-03-15 17:00:00
538,4236,5,UPCoM,Tiện ích,Tiện ích,Nước,HDW,CTCP Kinh doanh Nước sạch Hải Dương,31882470,https://finance.vietstock.vn/HDW-ctcp-kinh-doanh-nuoc-sach-hai-duong.htm,2017-11-02 17:00:00
539,2754,5,UPCoM,Công nghiệp,Hàng hóa công nghiệp,Kỹ thuật xây dựng,HEC,CTCP Tư vấn Xây dựng Thủy Lợi II,12000000,https://finance.vietstock.vn/HEC-ctcp-tu-van-xay-dung-thuy-loi-ii.htm,2016-12-20 17:00:00
540,4523,5,UPCoM,Công nghiệp,Dịch vụ thương mại và chuyên nghiệp,Dịch vụ chuyên nghiệp,HEJ,Tổng Công ty Tư vấn Xây dựng Thủy lợi Việt Nam - CTCP,4400000,https://finance.vietstock.vn/HEJ-tong-cong-ty-tu-van-xay-dung-thuy-loi-viet-nam-ctcp.htm,2017-07-13 17:00:00
541,4615,5,UPCoM,Công nghiệp,Dịch vụ thương mại và chuyên nghiệp,Dịch vụ và thiết bị thương mại ,HEP,CTCP Môi trường và Công trình Đô thị Huế,6000000,https://finance.vietstock.vn/HEP-ctcp-moi-truong-va-cong-trinh-do-thi-hue.htm,2017-12-14 17:00:00
542,1666,5,UPCoM,Tiêu dùng không thiết yếu,Dịch vụ tiêu dùng,"Khách sạn, nhà hàng và giải trí",HES,CTCP Dịch vụ Giải trí Hà Nội,9294650,https://finance.vietstock.vn/HES-ctcp-dich-vu-giai-tri-ha-noi.htm,2016-12-06 17:00:00
543,1042,2,HNX,Dịch vụ truyền thông,Truyền thông và giải trí,Truyền thông,HEV,CTCP Sách Đại học - Dạy nghề,5000000,https://finance.vietstock.vn/HEV-ctcp-sach-dai-hoc-day-nghe.htm,2007-12-10 17:00:00
544,4237,5,UPCoM,Công nghiệp,Hàng hóa công nghiệp,Kỹ thuật xây dựng,HFB,CTCP Công trình Cầu phà Thành phố Hồ Chí Minh,9100000,https://finance.vietstock.vn/HFB-ctcp-cong-trinh-cau-pha-thanh-pho-ho-chi-minh.htm,2017-03-29 17:00:00
545,2022,5,UPCoM,Tiêu dùng không thiết yếu,Thương mại hàng không thiết yếu,Nhà phân phối,HFC,CTCP Xăng dầu HFC,10198105,https://finance.vietstock.vn/HFC-ctcp-xang-dau-hfc.htm,2010-02-28 17:00:00
546,2663,5,UPCoM,Tiêu dùng không thiết yếu,Thương mại hàng không thiết yếu,Nhà phân phối,HFX,CTCP Sản xuất - Xuất nhập khẩu Thanh Hà,1270000,https://finance.vietstock.vn/HFX-ctcp-san-xuat-xuat-nhap-khau-thanh-ha.htm,2011-11-09 17:00:00
547,1861,2,HNX,Nguyên vật liệu,Nguyên vật liệu,Khai khoáng và luyện kim,HGM,CTCP Cơ khí và Khoáng sản Hà Giang,12600000,https://finance.vietstock.vn/HGM-ctcp-co-khi-va-khoang-san-ha-giang.htm,2009-12-20 17:00:00
548,2852,5,UPCoM,Tiêu dùng không thiết yếu,Dịch vụ tiêu dùng,"Khách sạn, nhà hàng và giải trí",HGT,CTCP Du lịch Hương Giang,20000000,https://finance.vietstock.vn/HGT-ctcp-du-lich-huong-giang.htm,2020-10-14 17:00:00
549,5750,5,UPCoM,Tiêu dùng thiết yếu,"Thực phẩm, đồ uống và thuốc lá",Đồ uống,HHB,CTCP Bia Hà Nội - Hồng Hà,10000000,https://finance.vietstock.vn/HHB-ctcp-bia-ha-noi-hong-ha.htm,2025-10-26 17:00:00
550,1056,2,HNX,Tiêu dùng thiết yếu,"Thực phẩm, đồ uống và thuốc lá",Thực phẩm,HHC,CTCP Bánh kẹo Hải Hà ,16425000,https://finance.vietstock.vn/HHC-ctcp-banh-keo-hai-ha.htm,2007-11-19 17:00:00
551,2640,5,UPCoM,Công nghiệp,Vận tải,Vận tải mặt đất,HHG,CTCP Hoàng Hà,34896354,https://finance.vietstock.vn/HHG-ctcp-hoang-ha.htm,2023-05-08 17:00:00
552,4414,5,UPCoM,Công nghiệp,Dịch vụ thương mại và chuyên nghiệp,Dịch vụ và thiết bị thương mại ,HHN,CTCP Vận tải và Dịch vụ Hàng hóa Hà Nội,1440000,https://finance.vietstock.vn/HHN-ctcp-van-tai-va-dich-vu-hang-hoa-ha-noi.htm,2016-12-15 17:00:00
553,4686,1,HOSE,Nguyên vật liệu,Nguyên vật liệu,Gỗ và giấy,HHP,CTCP HHP Global,86554343,https://finance.vietstock.vn/HHP-ctcp-hhp-global.htm,2021-03-02 17:00:00
554,2951,1,HOSE,Tiêu dùng không thiết yếu,Thương mại hàng không thiết yếu,Nhà phân phối,HHS,CTCP Đầu tư Dịch vụ Hoàng Huy,431985968,https://finance.vietstock.vn/HHS-ctcp-dau-tu-dich-vu-hoang-huy.htm,2012-02-14 17:00:00
555,4207,1,HOSE,Công nghiệp,Vận tải,Hạ tầng giao thông,HHV,CTCP Đầu tư Hạ tầng Giao thông Đèo Cả,547166296,https://finance.vietstock.vn/HHV-ctcp-dau-tu-ha-tang-giao-thong-deo-ca.htm,2022-01-19 17:00:00
556,4344,1,HOSE,Công nghiệp,Hàng hóa công nghiệp,Phân phối hàng công nghiệp,HID,CTCP Halcom Việt Nam,76765032,https://finance.vietstock.vn/HID-ctcp-halcom-viet-nam.htm,2016-07-10 17:00:00
557,4471,1,HOSE,Nguyên vật liệu,Nguyên vật liệu,Hóa chất,HII,CTCP An Tiến Industries,73663016,https://finance.vietstock.vn/HII-ctcp-an-tien-industries.htm,2017-06-21 17:00:00
558,4956,5,UPCoM,Tiện ích,Tiện ích,Phát điện độc lập và điện tái tạo,HIO,CTCP Helio Energy,42000000,https://finance.vietstock.vn/HIO-ctcp-helio-energy.htm,2023-10-22 17:00:00
559,2193,5,UPCoM,Tiêu dùng thiết yếu,"Thực phẩm, đồ uống và thuốc lá",Thuốc lá,HJC,CTCP Hòa Việt,12853052,https://finance.vietstock.vn/HJC-ctcp-hoa-viet.htm,2015-10-13 17:00:00
560,911,2,HNX,Tiện ích,Tiện ích,Phát điện độc lập và điện tái tạo,HJS,CTCP Thủy điện Nậm Mu,20999900,https://finance.vietstock.vn/HJS-ctcp-thuy-dien-nam-mu.htm,2006-12-19 17:00:00
561,4009,5,UPCoM,Tiêu dùng thiết yếu,"Thực phẩm, đồ uống và thuốc lá",Thực phẩm,HKB,CTCP Nông nghiệp và Thực phẩm Hà Nội - Kinh Bắc,51599999,https://finance.vietstock.vn/HKB-ctcp-nong-nghiep-va-thuc-pham-ha-noi-kinh-bac.htm,2021-07-27 17:00:00
562,4092,2,HNX,Tiêu dùng thiết yếu,"Thực phẩm, đồ uống và thuốc lá",Thực phẩm,HKT,CTCP QP Holdings,33335029,https://finance.vietstock.vn/HKT-ctcp-qp-holdings.htm,2017-01-11 17:00:00
563,1424,5,UPCoM,Nguyên vật liệu,Nguyên vật liệu,Khai khoáng và luyện kim,HLA,CTCP Hữu Liên Á Châu,34459293,https://finance.vietstock.vn/HLA-ctcp-huu-lien-a-chau.htm,2015-03-31 17:00:00
564,2248,5,UPCoM,Tiêu dùng thiết yếu,"Thực phẩm, đồ uống và thuốc lá",Đồ uống,HLB,CTCP Bia và Nước giải khát Hạ Long,3000000,https://finance.vietstock.vn/HLB-ctcp-bia-va-nuoc-giai-khat-ha-long.htm,2017-02-07 17:00:00
565,1532,2,HNX,Năng lượng,Năng lượng,Dầu khí,HLC,CTCP Than Hà Lầm - Vinacomin,25415199,https://finance.vietstock.vn/HLC-ctcp-than-ha-lam-vinacomin.htm,2009-03-04 17:00:00
566,3321,2,HNX,Bất động sản,Bất động sản,Quản lý và phát triển bất động sản,HLD,CTCP Đầu tư và Phát triển Bất động sản Hudland,54999961,https://finance.vietstock.vn/HLD-ctcp-dau-tu-va-phat-trien-bat-dong-san-hudland.htm,2013-03-25 17:00:00
567,5689,5,UPCoM,Công nghiệp,Hàng hóa công nghiệp,Máy móc công nghiệp,HLO,CTCP Công nghệ Ha Lô,10000000,https://finance.vietstock.vn/HLO-ctcp-cong-nghe-ha-lo.htm,2024-06-23 17:00:00
568,3237,5,UPCoM,Công nghiệp,Hàng hóa công nghiệp,Thiết bị điện,HLS,CTCP Sứ Kỹ thuật Hoàng Liên Sơn,11169125,https://finance.vietstock.vn/HLS-ctcp-su-ky-thuat-hoang-lien-son.htm,2017-10-15 17:00:00
569,2234,5,UPCoM,Tiêu dùng không thiết yếu,Thời trang và hàng lâu bền,Thời trang và dệt may,HLT,CTCP Dệt may Hoàng Thị Loan,5500000,https://finance.vietstock.vn/HLT-ctcp-det-may-hoang-thi-loan.htm,2019-12-26 17:00:00
570,912,5,UPCoM,Nguyên vật liệu,Nguyên vật liệu,Vật liệu xây dựng,HLY,CTCP Gốm Xây Dựng Yên Hưng,1000000,https://finance.vietstock.vn/HLY-ctcp-gom-xay-dung-yen-hung.htm,2021-04-27 17:00:00
571,799,1,HOSE,Nguyên vật liệu,Nguyên vật liệu,Khai khoáng và luyện kim,HMC,CTCP Kim khí Thành phố Hồ Chí Minh - VNSTEEL,27299999,https://finance.vietstock.vn/HMC-ctcp-kim-khi-thanh-pho-ho-chi-minh-vnsteel.htm,2006-12-20 17:00:00
572,1677,5,UPCoM,Nguyên vật liệu,Nguyên vật liệu,Hóa chất,HMD,CTCP Hóa chất Minh Đức,6964075,https://finance.vietstock.vn/HMD-ctcp-hoa-chat-minh-duc.htm,2024-12-26 17:00:00
573,1682,5,UPCoM,Nguyên vật liệu,Nguyên vật liệu,Khai khoáng và luyện kim,HMG,CTCP Kim khí Hà Nội - VNSTEEL,9000000,https://finance.vietstock.vn/HMG-ctcp-kim-khi-ha-noi-vnsteel.htm,2016-09-08 17:00:00
574,2477,2,HNX,Công nghiệp,Vận tải,Hạ tầng giao thông,HMH,CTCP Hải Minh,13842229,https://finance.vietstock.vn/HMH-ctcp-hai-minh.htm,2010-07-27 17:00:00
575,4890,2,HNX,Nguyên vật liệu,Nguyên vật liệu,Vật liệu xây dựng,HMR,CTCP Đá Hoàng Mai,5612444,https://finance.vietstock.vn/HMR-ctcp-da-hoang-mai.htm,2022-01-12 17:00:00
576,2258,5,UPCoM,Công nghiệp,Hàng hóa công nghiệp,Kỹ thuật xây dựng,HMS,CTCP Xây dựng Bảo tàng Hồ Chí Minh,10919846,https://finance.vietstock.vn/HMS-ctcp-xay-dung-bao-tang-ho-chi-minh.htm,2017-06-04 17:00:00
577,4567,1,HOSE,Tiện ích,Tiện ích,Phát điện độc lập và điện tái tạo,HNA,CTCP Thủy điện Hủa Na,235232210,https://finance.vietstock.vn/HNA-ctcp-thuy-dien-hua-na.htm,2024-01-11 17:00:00
578,3653,5,UPCoM,Công nghiệp,Vận tải,Vận tải mặt đất,HNB,CTCP Bến xe Hà Nội,9500000,https://finance.vietstock.vn/HNB-ctcp-ben-xe-ha-noi.htm,2015-10-21 17:00:00
579,3710,5,UPCoM,Tiện ích,Tiện ích,Điện,HND,CTCP Nhiệt điện Hải Phòng,500000000,https://finance.vietstock.vn/HND-ctcp-nhiet-dien-hai-phong.htm,2016-10-04 17:00:00
580,2285,5,UPCoM,Tiêu dùng thiết yếu,"Thực phẩm, đồ uống và thuốc lá",Thực phẩm,HNF,CTCP Thực phẩm Hữu Nghị,30000000,https://finance.vietstock.vn/HNF-ctcp-thuc-pham-huu-nghi.htm,2015-11-02 17:00:00
581,4100,5,UPCoM,Tiêu dùng thiết yếu,"Thực phẩm, đồ uống và thuốc lá",Thực phẩm,HNG,CTCP Nông nghiệp Quốc tế Hoàng Anh Gia Lai,1108553895,https://finance.vietstock.vn/HNG-ctcp-nong-nghiep-quoc-te-hoang-anh-gia-lai.htm,2015-07-19 17:00:00
582,2997,5,UPCoM,Tiêu dùng không thiết yếu,Thời trang và hàng lâu bền,Thời trang và dệt may,HNI,CTCP May Hữu Nghị,23778900,https://finance.vietstock.vn/HNI-ctcp-may-huu-nghi.htm,2017-12-11 17:00:00
583,915,5,UPCoM,Tiêu dùng thiết yếu,"Thực phẩm, đồ uống và thuốc lá",Thực phẩm,HNM,CTCP Sữa Hà Nội,44400000,https://finance.vietstock.vn/HNM-ctcp-sua-ha-noi.htm,2020-06-18 17:00:00
584,1598,5,UPCoM,Nguyên vật liệu,Nguyên vật liệu,Hóa chất,HNP,CTCP Hanel Xốp nhựa,5000000,https://finance.vietstock.vn/HNP-ctcp-hanel-xop-nhua.htm,2016-12-19 17:00:00
585,2257,5,UPCoM,Tiêu dùng thiết yếu,"Thực phẩm, đồ uống và thuốc lá",Đồ uống,HNR,CTCP Rượu và Nước giải khát Hà Nội,20000000,https://finance.vietstock.vn/HNR-ctcp-ruou-va-nuoc-giai-khat-ha-noi.htm,2018-06-07 17:00:00
586,1389,2,HNX,Nguyên vật liệu,Nguyên vật liệu,Vật liệu xây dựng,HOM,CTCP Xi măng VICEM Hoàng Mai,74769131,https://finance.vietstock.vn/HOM-ctcp-xi-mang-vicem-hoang-mai.htm,2009-07-08 17:00:00
587,1288,5,UPCoM,Tiêu dùng không thiết yếu,Dịch vụ tiêu dùng,"Khách sạn, nhà hàng và giải trí",HOT,CTCP Du lịch - Dịch vụ Hội An,8000000,https://finance.vietstock.vn/HOT-ctcp-du-lich-dich-vu-hoi-an.htm,2023-05-11 17:00:00
588,5776,1,HOSE,Tiêu dùng thiết yếu,"Thực phẩm, đồ uống và thuốc lá",Thực phẩm,HPA,CTCP Phát triển Nông nghiệp Hòa Phát,285000000,https://finance.vietstock.vn/HPA-ctcp-phat-trien-nong-nghiep-hoa-phat.htm,2026-02-05 17:00:00
589,2082,5,UPCoM,Nguyên vật liệu,Nguyên vật liệu,Bao bì và vật chứa,HPB,CTCP Bao bì PP,3880000,https://finance.vietstock.vn/HPB-ctcp-bao-bi-pp.htm,2013-12-11 17:00:00
590,4094,5,UPCoM,Tiện ích,Tiện ích,Phát điện độc lập và điện tái tạo,HPD,CTCP Thủy điện ĐăK Đoa,8306590,https://finance.vietstock.vn/HPD-ctcp-thuy-dien-dak-doa.htm,2015-06-10 17:00:00
591,997,1,HOSE,Nguyên vật liệu,Nguyên vật liệu,Khai khoáng và luyện kim,HPG,CTCP Tập đoàn Hòa Phát,8442964520,https://finance.vietstock.vn/HPG-ctcp-tap-doan-hoa-phat.htm,2007-11-14 17:00:00
592,3138,5,UPCoM,Tiêu dùng thiết yếu,Sản phẩm chăm sóc cá nhân và gia đình,Sản phẩm chăm sóc cá nhân,HPH,CTCP Hóa Chất Hưng Phát Hà Bắc,8400000,https://finance.vietstock.vn/HPH-ctcp-hoa-chat-hung-phat-ha-bac.htm,2017-12-27 17:00:00
593,2620,5,UPCoM,Bất động sản,Bất động sản,Quản lý và phát triển bất động sản,HPI,CTCP Khu công nghiệp Hiệp Phước,60000000,https://finance.vietstock.vn/HPI-ctcp-khu-cong-nghiep-hiep-phuoc.htm,2017-10-04 17:00:00
594,4660,5,UPCoM,Công nghiệp,Hàng hóa công nghiệp,Thiết bị điện,HPO,CTCP Công nghiệp Hapulico,5807417,https://finance.vietstock.vn/HPO-ctcp-cong-nghiep-hapulico.htm,2025-10-21 17:00:00
595,2377,5,UPCoM,Nguyên vật liệu,Nguyên vật liệu,Hóa chất,HPP,CTCP Sơn Hải Phòng,8007177,https://finance.vietstock.vn/HPP-ctcp-son-hai-phong.htm,2010-08-04 17:00:00
596,1664,5,UPCoM,Công nghệ thông tin,Phần mềm và dịch vụ,Dịch vụ CNTT,HPT,CTCP Dịch vụ Công nghệ Tin học HPT,11542319,https://finance.vietstock.vn/HPT-ctcp-dich-vu-cong-nghe-tin-hoc-hpt.htm,2010-06-16 17:00:00
597,3926,5,UPCoM,Tiện ích,Tiện ích,Nước,HPW,CTCP Cấp nước Hải Phòng,74206940,https://finance.vietstock.vn/HPW-ctcp-cap-nuoc-hai-phong.htm,2016-11-20 17:00:00
598,4682,1,HOSE,Bất động sản,Bất động sản,Quản lý và phát triển bất động sản,HPX,CTCP Đầu tư Hải Phát,304168581,https://finance.vietstock.vn/HPX-ctcp-dau-tu-hai-phat.htm,2018-07-23 17:00:00
599,2706,1,HOSE,Bất động sản,Bất động sản,Quản lý và phát triển bất động sản,HQC,CTCP Tư vấn Thương mại Dịch vụ Địa Ốc Hoàng Quân,626600000,https://finance.vietstock.vn/HQC-ctcp-tu-van-thuong-mai-dich-vu-dia-oc-hoang-quan.htm,2010-10-19 17:00:00
600,4587,5,UPCoM,Bất động sản,Bất động sản,Quản lý và phát triển bất động sản,HRB,CTCP Harec Đầu tư và Thương mại,6338400,https://finance.vietstock.vn/HRB-ctcp-harec-dau-tu-va-thuong-mai.htm,2017-11-05 17:00:00
601,800,1,HOSE,Nguyên vật liệu,Nguyên vật liệu,Hóa chất,HRC,CTCP Cao su Hòa Bình,30206622,https://finance.vietstock.vn/HRC-ctcp-cao-su-hoa-binh.htm,2006-12-25 17:00:00
602,4435,5,UPCoM,Công nghiệp,Dịch vụ thương mại và chuyên nghiệp,Dịch vụ chuyên nghiệp,HSA,CTCP Hestia,7872727,https://finance.vietstock.vn/HSA-ctcp-hestia.htm,2017-01-22 17:00:00
603,1308,1,HOSE,Nguyên vật liệu,Nguyên vật liệu,Khai khoáng và luyện kim,HSG,CTCP Tập đoàn Hoa Sen,807262704,https://finance.vietstock.vn/HSG-ctcp-tap-doan-hoa-sen.htm,2008-12-04 17:00:00
604,4672,1,HOSE,Tiêu dùng thiết yếu,"Thực phẩm, đồ uống và thuốc lá",Thực phẩm,HSL,CTCP Đầu tư Phát triển Thực phẩm Hồng Hà,38567363,https://finance.vietstock.vn/HSL-ctcp-dau-tu-phat-trien-thuc-pham-hong-ha.htm,2018-05-09 17:00:00
605,2444,5,UPCoM,Tiêu dùng không thiết yếu,Thời trang và hàng lâu bền,Thời trang và dệt may,HSM,Tổng Công ty cổ phần Dệt may Hà Nội,20500000,https://finance.vietstock.vn/HSM-tong-cong-ty-co-phan-det-may-ha-noi.htm,2018-04-18 17:00:00
606,2020,5,UPCoM,Nguyên vật liệu,Nguyên vật liệu,Hóa chất,HSP,CTCP Sơn Tổng hợp Hà Nội,12027086,https://finance.vietstock.vn/HSP-ctcp-son-tong-hop-ha-noi.htm,2020-03-29 17:00:00
607,4860,5,UPCoM,Tiêu dùng không thiết yếu,Thương mại hàng không thiết yếu,Nhà phân phối,HSV,CTCP Tập đoàn HSV Việt Nam,30749994,https://finance.vietstock.vn/HSV-ctcp-tap-doan-hsv-viet-nam.htm,2021-04-26 17:00:00
608,1000,1,HOSE,Nguyên vật liệu,Nguyên vật liệu,Vật liệu xây dựng,HT1,CTCP Xi Măng Vicem Hà Tiên,381589911,https://finance.vietstock.vn/HT1-ctcp-xi-mang-vicem-ha-tien.htm,2007-11-12 17:00:00
609,1397,2,HNX,Tiêu dùng không thiết yếu,Thương mại hàng không thiết yếu,Nhà phân phối,HTC,CTCP Thương mại Hóc Môn,16499993,https://finance.vietstock.vn/HTC-ctcp-thuong-mai-hoc-mon.htm,2010-05-06 17:00:00
610,2434,5,UPCoM,Công nghiệp,Hàng hóa công nghiệp,Kỹ thuật xây dựng,HTE,CTCP Đầu tư Kinh doanh Điện lực Thành phố Hồ Chí Minh,23608165,https://finance.vietstock.vn/HTE-ctcp-dau-tu-kinh-doanh-dien-luc-thanh-pho-ho-chi-minh.htm,2017-07-23 17:00:00
611,2330,1,HOSE,Tiêu dùng không thiết yếu,Thời trang và hàng lâu bền,Thời trang và dệt may,HTG,Tổng Công ty cổ phần Dệt may Hòa Thọ,36002708,https://finance.vietstock.vn/HTG-tong-cong-ty-co-phan-det-may-hoa-tho.htm,2023-11-08 17:00:00
612,2676,1,HOSE,Công nghiệp,Vận tải,Hạ tầng giao thông,HTI,CTCP Đầu tư Phát triển Hạ tầng IDICO,24949200,https://finance.vietstock.vn/HTI-ctcp-dau-tu-phat-trien-ha-tang-idico.htm,2010-12-19 17:00:00
613,2609,1,HOSE,Tiêu dùng không thiết yếu,Thương mại hàng không thiết yếu,Nhà phân phối,HTL,CTCP Kỹ thuật và Ô tô Trường Long,12000000,https://finance.vietstock.vn/HTL-ctcp-ky-thuat-va-o-to-truong-long.htm,2011-01-09 17:00:00
614,4659,5,UPCoM,Tiêu dùng không thiết yếu,Thương mại hàng không thiết yếu,Nhà phân phối,HTM,Tổng Công ty Thương mại Hà Nội - CTCP,220000000,https://finance.vietstock.vn/HTM-tong-cong-ty-thuong-mai-ha-noi-ctcp.htm,2018-05-03 17:00:00
615,4691,1,HOSE,Công nghiệp,Hàng hóa công nghiệp,Kỹ thuật xây dựng,HTN,CTCP Hưng Thịnh Incons,89116411,https://finance.vietstock.vn/HTN-ctcp-hung-thinh-incons.htm,2018-11-11 17:00:00
616,919,5,UPCoM,Công nghiệp,Dịch vụ thương mại và chuyên nghiệp,Dịch vụ và thiết bị thương mại ,HTP,CTCP In Sách Giáo khoa Hòa Phát,91804980,https://finance.vietstock.vn/HTP-ctcp-in-sach-giao-khoa-hoa-phat.htm,2006-12-13 17:00:00
617,4420,5,UPCoM,Bất động sản,Bất động sản,Quản lý và phát triển bất động sản,HTT,CTCP Thương mại Hà Tây,20000000,https://finance.vietstock.vn/HTT-ctcp-thuong-mai-ha-tay.htm,2020-06-25 17:00:00
618,74,1,HOSE,Công nghiệp,Vận tải,Vận tải biển,HTV,CTCP Logistics Vicem,13104000,https://finance.vietstock.vn/HTV-ctcp-logistics-vicem.htm,2006-01-04 17:00:00
619,2111,1,HOSE,Công nghiệp,Hàng hóa công nghiệp,Kỹ thuật xây dựng,HU1,CTCP Đầu tư và Xây dựng HUD1,25000000,https://finance.vietstock.vn/HU1-ctcp-dau-tu-va-xay-dung-hud1.htm,2011-11-02 17:00:00
620,2043,5,UPCoM,Công nghiệp,Hàng hóa công nghiệp,Kỹ thuật xây dựng,HU3,CTCP Đầu tư và Xây dựng HUD3,9999944,https://finance.vietstock.vn/HU3-ctcp-dau-tu-va-xay-dung-hud3.htm,2023-05-17 17:00:00
621,2187,5,UPCoM,Bất động sản,Bất động sản,Bất động sản đa dạng,HU4,CTCP Đầu tư và Xây dựng HUD4,15000000,https://finance.vietstock.vn/HU4-ctcp-dau-tu-va-xay-dung-hud4.htm,2016-01-28 17:00:00
622,2634,5,UPCoM,Bất động sản,Bất động sản,Quản lý và phát triển bất động sản,HU6,CTCP Đầu tư Phát triển Nhà và Đô thị HUD6,7500000,https://finance.vietstock.vn/HU6-ctcp-dau-tu-phat-trien-nha-va-do-thi-hud6.htm,2015-11-18 17:00:00
623,3108,1,HOSE,Nguyên vật liệu,Nguyên vật liệu,Vật liệu xây dựng,HUB,CTCP Xây lắp Thừa Thiên Huế,30242878,https://finance.vietstock.vn/HUB-ctcp-xay-lap-thua-thien-hue.htm,2019-02-25 17:00:00
624,2267,5,UPCoM,Tiêu dùng không thiết yếu,Thời trang và hàng lâu bền,Thời trang và dệt may,HUG,Tổng Công ty May Hưng Yên - CTCP,19511389,https://finance.vietstock.vn/HUG-tong-cong-ty-may-hung-yen-ctcp.htm,2017-12-17 17:00:00
625,1132,2,HNX,Tiêu dùng không thiết yếu,Thương mại hàng không thiết yếu,Bán lẻ chuyên doanh,HUT,CTCP Tasco,1068285581,https://finance.vietstock.vn/HUT-ctcp-tasco.htm,2008-04-10 17:00:00
626,4016,5,UPCoM,Tài chính,Dịch vụ tài chính,Dịch vụ tài chính,HVA,CTCP Đầu tư HVA,13650000,https://finance.vietstock.vn/HVA-ctcp-dau-tu-hva.htm,2020-03-16 17:00:00
627,4697,1,HOSE,Công nghiệp,Hàng hóa công nghiệp,Kỹ thuật xây dựng,HVH,CTCP Đầu tư và Công nghệ HVC,69837754,https://finance.vietstock.vn/HVH-ctcp-dau-tu-va-cong-nghe-hvc.htm,2018-11-29 17:00:00
628,3738,1,HOSE,Công nghiệp,Vận tải,Hãng hàng không chở khách,HVN,Tổng Công ty Hàng không Việt Nam - CTCP,3111498211,https://finance.vietstock.vn/HVN-tong-cong-ty-hang-khong-viet-nam-ctcp.htm,2019-05-06 17:00:00
629,1556,2,HNX,Nguyên vật liệu,Nguyên vật liệu,Hóa chất,HVT,CTCP Hóa chất Việt Trì,27470046,https://finance.vietstock.vn/HVT-ctcp-hoa-chat-viet-tri.htm,2009-05-07 17:00:00
630,2519,5,UPCoM,Nguyên vật liệu,Nguyên vật liệu,Vật liệu xây dựng,HVX,CTCP Xi măng VICEM Hải Vân,38525250,https://finance.vietstock.vn/HVX-ctcp-xi-mang-vicem-hai-van.htm,2026-03-17 17:00:00
631,4401,5,UPCoM,Tiện ích,Tiện ích,Nước,HWS,CTCP Cấp nước Huế,87600000,https://finance.vietstock.vn/HWS-ctcp-cap-nuoc-hue.htm,2018-07-26 17:00:00
632,4733,5,UPCoM,Công nghiệp,Dịch vụ thương mại và chuyên nghiệp,Dịch vụ và thiết bị thương mại ,IBD,CTCP In Tổng hợp Bình Dương,9000000,https://finance.vietstock.vn/IBD-ctcp-in-tong-hop-binh-duong.htm,2019-05-23 17:00:00
633,4225,5,UPCoM,Tiêu dùng không thiết yếu,Thời trang và hàng lâu bền,Hàng tiêu dùng lâu bền,ICC,CTCP Xây dựng Công nghiệp (ICC),3800000,https://finance.vietstock.vn/ICC-ctcp-xay-dung-cong-nghiep-icc.htm,2016-05-31 17:00:00
634,920,5,UPCoM,Tiêu dùng thiết yếu,"Thực phẩm, đồ uống và thuốc lá",Thực phẩm,ICF,CTCP Đầu tư Thương mại Thủy sản,12807000,https://finance.vietstock.vn/ICF-ctcp-dau-tu-thuong-mai-thuy-san.htm,2019-05-19 17:00:00
635,1543,2,HNX,Công nghiệp,Hàng hóa công nghiệp,Kỹ thuật xây dựng,ICG,CTCP Xây dựng Sông Hồng,20000000,https://finance.vietstock.vn/ICG-ctcp-xay-dung-song-hong.htm,2009-04-20 17:00:00
636,1771,5,UPCoM,Công nghiệp,Hàng hóa công nghiệp,Kỹ thuật xây dựng,ICI,CTCP Đầu tư và Xây dựng Công nghiệp,4000000,https://finance.vietstock.vn/ICI-ctcp-dau-tu-va-xay-dung-cong-nghiep.htm,2010-07-05 17:00:00
637,2115,5,UPCoM,Công nghiệp,Hàng hóa công nghiệp,Kỹ thuật xây dựng,ICN,CTCP Đầu tư Xây dựng Dầu khí IDICO,30599923,https://finance.vietstock.vn/ICN-ctcp-dau-tu-xay-dung-dau-khi-idico.htm,2015-05-28 17:00:00
638,2411,1,HOSE,Dịch vụ truyền thông,Dịch vụ viễn thông,Dịch vụ viễn thông đa dạng,ICT,CTCP Viễn thông - Tin học Bưu điện,32185000,https://finance.vietstock.vn/ICT-ctcp-vien-thong-tin-hoc-buu-dien.htm,2020-01-14 17:00:00
639,4552,2,HNX,Bất động sản,Bất động sản,Quản lý và phát triển bất động sản,IDC,Tổng Công ty IDICO - CTCP,379498823,https://finance.vietstock.vn/IDC-tong-cong-ty-idico-ctcp.htm,2019-12-09 17:00:00
640,2662,1,HOSE,Tiêu dùng thiết yếu,"Thực phẩm, đồ uống và thuốc lá",Thực phẩm,IDI,CTCP Đầu tư và Phát triển Đa Quốc Gia - IDI,273172668,https://finance.vietstock.vn/IDI-ctcp-dau-tu-va-phat-trien-da-quoc-gia-idi.htm,2011-06-29 17:00:00
641,2066,2,HNX,Bất động sản,Bất động sản,Quản lý và phát triển bất động sản,IDJ,CTCP Đầu tư IDJ Việt Nam,173490193,https://finance.vietstock.vn/IDJ-ctcp-dau-tu-idj-viet-nam.htm,2010-09-12 17:00:00
642,4852,5,UPCoM,Tiêu dùng thiết yếu,"Thực phẩm, đồ uống và thuốc lá",Thực phẩm,IDP,CTCP Sữa Quốc tế Lof,61804472,https://finance.vietstock.vn/IDP-ctcp-sua-quoc-te-lof.htm,2021-01-06 17:00:00
643,2006,2,HNX,Bất động sản,Bất động sản,Quản lý và phát triển bất động sản,IDV,CTCP Phát triển Hạ tầng Vĩnh Phúc,47421881,https://finance.vietstock.vn/IDV-ctcp-phat-trien-ha-tang-vinh-phuc.htm,2010-05-31 17:00:00
644,780,5,UPCoM,Tiêu dùng thiết yếu,"Thực phẩm, đồ uống và thuốc lá",Đồ uống,IFS,CTCP Thực phẩm Quốc tế,87140984,https://finance.vietstock.vn/IFS-ctcp-thuc-pham-quoc-te.htm,2016-11-15 17:00:00
645,1705,1,HOSE,Bất động sản,Bất động sản,Quản lý và phát triển bất động sản,IJC,CTCP Phát triển Hạ tầng Kỹ thuật,629580640,https://finance.vietstock.vn/IJC-ctcp-phat-trien-ha-tang-ky-thuat.htm,2010-04-18 17:00:00
646,4600,5,UPCoM,Nguyên vật liệu,Nguyên vật liệu,Vật liệu xây dựng,ILA,CTCP ILA,19641431,https://finance.vietstock.vn/ILA-ctcp-ila.htm,2017-11-27 17:00:00
647,3064,1,HOSE,Công nghiệp,Dịch vụ thương mại và chuyên nghiệp,Dịch vụ và thiết bị thương mại ,ILB,CTCP ICD Tân Cảng - Long Bình,38199492,https://finance.vietstock.vn/ILB-ctcp-icd-tan-cang-long-binh.htm,2019-05-14 17:00:00
648,921,5,UPCoM,Công nghiệp,Dịch vụ thương mại và chuyên nghiệp,Dịch vụ chuyên nghiệp,ILC,CTCP Hợp tác Lao động với nước ngoài,6100391,https://finance.vietstock.vn/ILC-ctcp-hop-tac-lao-dong-voi-nuoc-ngoai.htm,2018-08-09 17:00:00
649,4306,5,UPCoM,Công nghiệp,Vận tải,Hạ tầng giao thông,ILS,CTCP Đầu tư Thương mại và Dịch vụ Quốc tế,36000000,https://finance.vietstock.vn/ILS-ctcp-dau-tu-thuong-mai-va-dich-vu-quoc-te.htm,2018-03-18 17:00:00
650,1893,5,UPCoM,Công nghiệp,Hàng hóa công nghiệp,Máy móc công nghiệp,IME,CTCP Cơ khí và Xây lắp Công nghiệp,3599948,https://finance.vietstock.vn/IME-ctcp-co-khi-va-xay-lap-cong-nghiep.htm,2009-11-30 17:00:00
651,801,1,HOSE,Chăm sóc sức khỏe,"Dược phẩm, công nghệ sinh học và khoa học sự sống",Dược phẩm,IMP,CTCP Dược phẩm Imexpharm,154042762,https://finance.vietstock.vn/IMP-ctcp-duoc-pham-imexpharm.htm,2006-12-03 17:00:00
652,1252,5,UPCoM,Công nghiệp,Dịch vụ thương mại và chuyên nghiệp,Dịch vụ và thiết bị thương mại ,IN4,CTCP In Số 4,1200000,https://finance.vietstock.vn/IN4-ctcp-in-so-4.htm,2010-05-18 17:00:00
653,1740,2,HNX,Công nghiệp,Dịch vụ thương mại và chuyên nghiệp,Dịch vụ chuyên nghiệp,INC,CTCP Tư vấn Đầu tư IDICO,3000000,https://finance.vietstock.vn/INC-ctcp-tu-van-dau-tu-idico.htm,2011-07-13 17:00:00
654,1885,2,HNX,Nguyên vật liệu,Nguyên vật liệu,Bao bì và vật chứa,INN,CTCP Bao bì và In Nông nghiệp,27000000,https://finance.vietstock.vn/INN-ctcp-bao-bi-va-in-nong-nghiep.htm,2010-01-21 17:00:00
655,2392,2,HNX,Công nghiệp,Hàng hóa công nghiệp,Tập đoàn đa ngành,IPA,CTCP Tập đoàn Đầu tư I.P.A,213835775,https://finance.vietstock.vn/IPA-ctcp-tap-doan-dau-tu-i-p-a.htm,2021-10-31 17:00:00
656,4591,5,UPCoM,Nguyên vật liệu,Nguyên vật liệu,Hóa chất,IRC,CTCP Cao su Công nghiệp,17500000,https://finance.vietstock.vn/IRC-ctcp-cao-su-cong-nghiep.htm,2018-01-21 17:00:00
657,2430,5,UPCoM,Công nghiệp,Vận tải,Vận tải biển,ISG,CTCP Vận tải biển và Hợp tác Lao động Quốc tế,8800000,https://finance.vietstock.vn/ISG-ctcp-van-tai-bien-va-hop-tac-lao-dong-quoc-te.htm,2015-09-21 17:00:00
658,1736,5,UPCoM,Tiện ích,Tiện ích,Phát điện độc lập và điện tái tạo,ISH,CTCP Thủy điện Srok Phu Miêng IDICO,45000000,https://finance.vietstock.vn/ISH-ctcp-thuy-dien-srok-phu-mieng-idico.htm,2015-06-28 17:00:00
659,4411,5,UPCoM,Công nghiệp,Vận tải,Hạ tầng giao thông,IST,CTCP ICD Tân Cảng Sóng Thần,15008492,https://finance.vietstock.vn/IST-ctcp-icd-tan-cang-song-than.htm,2017-01-04 17:00:00
660,802,5,UPCoM,Bất động sản,Bất động sản,Quản lý và phát triển bất động sản,ITA,CTCP Đầu tư và Công nghiệp Tân Tạo,938463607,https://finance.vietstock.vn/ITA-ctcp-dau-tu-va-cong-nghiep-tan-tao.htm,2025-02-12 17:00:00
661,1355,1,HOSE,Bất động sản,Bất động sản,Quản lý và phát triển bất động sản,ITC,CTCP Đầu tư và Kinh doanh Nhà,96375409,https://finance.vietstock.vn/ITC-ctcp-dau-tu-va-kinh-doanh-nha.htm,2009-10-18 17:00:00
662,1631,1,HOSE,Công nghệ thông tin,Phần mềm và dịch vụ,Dịch vụ CNTT,ITD,CTCP Công nghệ ITD,26244995,https://finance.vietstock.vn/ITD-ctcp-cong-nghe-itd.htm,2011-12-19 17:00:00
663,3006,2,HNX,Nguyên vật liệu,Nguyên vật liệu,Khai khoáng và luyện kim,ITQ,CTCP Tập đoàn Thiên Quang,31843305,https://finance.vietstock.vn/ITQ-ctcp-tap-doan-thien-quang.htm,2012-09-30 17:00:00
664,2303,5,UPCoM,Năng lượng,Năng lượng,Dầu khí,ITS,CTCP Đầu tư Thương mại và Dịch vụ - Vinacomin,26459924,https://finance.vietstock.vn/ITS-ctcp-dau-tu-thuong-mai-va-dich-vu-vinacomin.htm,2015-12-17 17:00:00
665,1202,2,HNX,Tài chính,Dịch vụ tài chính,Thị trường vốn,IVS,CTCP Chứng khoán Guotai Haitong (Việt Nam),104923336,https://finance.vietstock.vn/IVS-ctcp-chung-khoan-guotai-haitong-viet-nam.htm,2011-07-31 17:00:00
666,1304,5,UPCoM,Tiêu dùng thiết yếu,"Thực phẩm, đồ uống và thuốc lá",Thực phẩm,JOS,CTCP Chế biến Thủy sản xuất khẩu Minh Hải,15322723,https://finance.vietstock.vn/JOS-ctcp-che-bien-thuy-san-xuat-khau-minh-hai.htm,2017-07-27 17:00:00
667,2757,1,HOSE,Chăm sóc sức khỏe,Thiết bị và dịch vụ chăm sóc sức khỏe,Thương mại và dịch vụ chăm sóc sức khỏe,JVC,CTCP Đầu tư Y tế - Dược phẩm Việt Nam,112500171,https://finance.vietstock.vn/JVC-ctcp-dau-tu-y-te-duoc-pham-viet-nam.htm,2011-06-20 17:00:00
668,1066,1,HOSE,Bất động sản,Bất động sản,Quản lý và phát triển bất động sản,KBC,Tổng Công ty Phát triển Đô thị Kinh Bắc - CTCP,941754759,https://finance.vietstock.vn/KBC-tong-cong-ty-phat-trien-do-thi-kinh-bac-ctcp.htm,2009-12-17 17:00:00
669,3168,5,UPCoM,Nguyên vật liệu,Nguyên vật liệu,Khai khoáng và luyện kim,KCB,CTCP Khoáng sản và Luyện kim Cao Bằng - Vimico,8000000,https://finance.vietstock.vn/KCB-ctcp-khoang-san-va-luyen-kim-cao-bang-vimico.htm,2015-11-30 17:00:00
670,753,1,HOSE,Tiêu dùng thiết yếu,"Thực phẩm, đồ uống và thuốc lá",Thực phẩm,KDC,CTCP Tập đoàn KIDO,289806316,https://finance.vietstock.vn/KDC-ctcp-tap-doan-kido.htm,2005-12-11 17:00:00
671,1905,1,HOSE,Bất động sản,Bất động sản,Quản lý và phát triển bất động sản,KDH,CTCP Đầu tư và Kinh doanh Nhà Khang Điền,1122214899,https://finance.vietstock.vn/KDH-ctcp-dau-tu-va-kinh-doanh-nha-khang-dien.htm,2010-01-31 17:00:00
672,4173,2,HNX,Tiêu dùng không thiết yếu,Thương mại hàng không thiết yếu,Nhà phân phối,KDM,CTCP Tập Đoàn GCL,7596981,https://finance.vietstock.vn/KDM-ctcp-tap-doan-gcl.htm,2016-03-28 17:00:00
673,4307,5,UPCoM,Tiêu dùng thiết yếu,"Thực phẩm, đồ uống và thuốc lá",Thực phẩm,KGM,CTCP Xuất nhập khẩu Kiên Giang,25430000,https://finance.vietstock.vn/KGM-ctcp-xuat-nhap-khau-kien-giang.htm,2017-09-20 17:00:00
674,3617,5,UPCoM,Nguyên vật liệu,Nguyên vật liệu,Vật liệu xây dựng,KHD,CTCP Khai thác Chế biến Khoáng sản Hải Dương,3262818,https://finance.vietstock.vn/KHD-ctcp-khai-thac-che-bien-khoang-san-hai-duong.htm,2016-12-21 17:00:00
675,4871,1,HOSE,Bất động sản,Bất động sản,Dịch vụ bất động sản,KHG,CTCP Tập đoàn Khải Hoàn Land,449435205,https://finance.vietstock.vn/KHG-ctcp-tap-doan-khai-hoan-land.htm,2021-07-18 17:00:00
676,803,1,HOSE,Tiện ích,Tiện ích,Điện,KHP,CTCP Điện lực Khánh Hòa,60405967,https://finance.vietstock.vn/KHP-ctcp-dien-luc-khanh-hoa.htm,2006-12-26 17:00:00
677,2772,2,HNX,Tiêu dùng thiết yếu,"Thực phẩm, đồ uống và thuốc lá",Thực phẩm,KHS,CTCP Kiên Hùng,15294976,https://finance.vietstock.vn/KHS-ctcp-kien-hung.htm,2017-12-25 17:00:00
678,4459,5,UPCoM,Tiện ích,Tiện ích,Nước,KHW,CTCP Cấp thoát nước Khánh Hòa,28599996,https://finance.vietstock.vn/KHW-ctcp-cap-thoat-nuoc-khanh-hoa.htm,2017-02-19 17:00:00
679,5778,5,UPCoM,Tiêu dùng không thiết yếu,Thương mại hàng không thiết yếu,Bán lẻ chuyên doanh,KHX,CTCP Phát hành sách Khánh Hòa,5000000,https://finance.vietstock.vn/KHX-ctcp-phat-hanh-sach-khanh-hoa.htm,2026-01-14 17:00:00
680,1681,5,UPCoM,Công nghiệp,Hàng hóa công nghiệp,Thiết bị điện,KIP,CTCP K.I.P Việt Nam,9800000,https://finance.vietstock.vn/KIP-ctcp-k-i-p-viet-nam.htm,2016-04-11 17:00:00
681,1235,2,HNX,Nguyên vật liệu,Nguyên vật liệu,Khai khoáng và luyện kim,KKC,CTCP Tập Đoàn Thành Thái,5200000,https://finance.vietstock.vn/KKC-ctcp-tap-doan-thanh-thai.htm,2008-08-20 17:00:00
682,1223,1,HOSE,Tài chính,Tổ chức tín dụng,Ngân hàng,KLB,Ngân hàng TMCP Kiên Long,582170526,https://finance.vietstock.vn/KLB-ngan-hang-tmcp-kien-long.htm,2026-01-14 17:00:00
683,1159,1,HOSE,Tiêu dùng không thiết yếu,Thời trang và hàng lâu bền,Thời trang và dệt may,KMR,CTCP Mirae,56881443,https://finance.vietstock.vn/KMR-ctcp-mirae.htm,2008-06-29 17:00:00
684,1683,2,HNX,Tiêu dùng không thiết yếu,Thương mại hàng không thiết yếu,Nhà phân phối,KMT,CTCP Kim khí Miền Trung,9846562,https://finance.vietstock.vn/KMT-ctcp-kim-khi-mien-trung.htm,2010-12-14 17:00:00
685,4572,1,HOSE,Tiện ích,Tiện ích,Phát điện độc lập và điện tái tạo,KOS,CTCP KOSY,216481335,https://finance.vietstock.vn/KOS-ctcp-kosy.htm,2017-12-07 17:00:00
686,4028,5,UPCoM,Bất động sản,Bất động sản,Quản lý và phát triển bất động sản,KPF,CTCP Đầu tư tài sản Koji,60867241,https://finance.vietstock.vn/KPF-ctcp-dau-tu-tai-san-koji.htm,2025-07-08 17:00:00
687,1891,1,HOSE,Nguyên vật liệu,Nguyên vật liệu,Vật liệu xây dựng,KSB,CTCP Khoáng sản và Xây dựng Bình Dương,114779103,https://finance.vietstock.vn/KSB-ctcp-khoang-san-va-xay-dung-binh-duong.htm,2010-01-19 17:00:00
688,2598,2,HNX,Tiêu dùng không thiết yếu,Thời trang và hàng lâu bền,Hàng tiêu dùng lâu bền,KSD,CTCP Đầu tư DNA,12000000,https://finance.vietstock.vn/KSD-ctcp-dau-tu-dna.htm,2010-04-27 17:00:00
689,4878,2,HNX,Bất động sản,Bất động sản,Quản lý và phát triển bất động sản,KSF,CTCP Tập đoàn Sunshine,899787308,https://finance.vietstock.vn/KSF-ctcp-tap-doan-sunshine.htm,2021-10-05 17:00:00
690,3565,5,UPCoM,Nguyên vật liệu,Nguyên vật liệu,Vật liệu xây dựng,KSQ,CTCP CNC Capital Việt Nam,30000000,https://finance.vietstock.vn/KSQ-ctcp-cnc-capital-viet-nam.htm,2013-07-25 17:00:00
691,2319,2,HNX,Dịch vụ truyền thông,Dịch vụ viễn thông,Dịch vụ viễn thông đa dạng,KST,CTCP KASATI,5992020,https://finance.vietstock.vn/KST-ctcp-kasati.htm,2010-12-28 17:00:00
692,4051,2,HNX,Nguyên vật liệu,Nguyên vật liệu,Khai khoáng và luyện kim,KSV,Tổng Công ty Khoáng sản TKV - CTCP,200000000,https://finance.vietstock.vn/KSV-tong-cong-ty-khoang-san-tkv-ctcp.htm,2023-02-01 17:00:00
693,4409,5,UPCoM,Tiêu dùng thiết yếu,"Thực phẩm, đồ uống và thuốc lá",Thực phẩm,KTC,CTCP Thương mại Kiên Giang,36473833,https://finance.vietstock.vn/KTC-ctcp-thuong-mai-kien-giang.htm,2018-06-21 17:00:00
694,2999,5,UPCoM,Tiêu dùng không thiết yếu,Xe và linh kiện,Linh kiện xe,KTL,CTCP Kim Khí Thăng Long,6519500,https://finance.vietstock.vn/KTL-ctcp-kim-khi-thang-long.htm,2015-01-13 17:00:00
695,2729,2,HNX,Tiêu dùng thiết yếu,"Thực phẩm, đồ uống và thuốc lá",Thực phẩm,KTS,CTCP Đường Kon Tum,5070000,https://finance.vietstock.vn/KTS-ctcp-duong-kon-tum.htm,2010-12-30 17:00:00
696,2669,5,UPCoM,Nguyên vật liệu,Nguyên vật liệu,Hóa chất,KTT,CTCP Tập đoàn Đầu tư KTT,2955000,https://finance.vietstock.vn/KTT-ctcp-tap-doan-dau-tu-ktt.htm,2025-01-12 17:00:00
697,4006,5,UPCoM,Nguyên vật liệu,Nguyên vật liệu,Khai khoáng và luyện kim,KVC,CTCP Sản xuất Xuất nhập khẩu Inox Kim Vĩ,49500000,https://finance.vietstock.vn/KVC-ctcp-san-xuat-xuat-nhap-khau-inox-kim-vi.htm,2023-05-24 17:00:00
698,1024,1,HOSE,Công nghiệp,Hàng hóa công nghiệp,Kỹ thuật xây dựng,L10,CTCP Lilama 10,9890000,https://finance.vietstock.vn/L10-ctcp-lilama-10.htm,2007-12-24 17:00:00
699,2184,5,UPCoM,Công nghiệp,Hàng hóa công nghiệp,Kỹ thuật xây dựng,L12,CTCP Licogi 12,7000000,https://finance.vietstock.vn/L12-ctcp-licogi-12.htm,2017-01-02 17:00:00
700,2404,2,HNX,Tiêu dùng không thiết yếu,Thời trang và hàng lâu bền,Hàng tiêu dùng lâu bền,L14,CTCP Licogi 14,30859515,https://finance.vietstock.vn/L14-ctcp-licogi-14.htm,2011-09-12 17:00:00
701,1133,2,HNX,Công nghiệp,Hàng hóa công nghiệp,Kỹ thuật xây dựng,L18,CTCP Đầu tư và Xây dựng Số 18,45739793,https://finance.vietstock.vn/L18-ctcp-dau-tu-va-xay-dung-so-18.htm,2008-04-22 17:00:00
702,1884,5,UPCoM,Công nghiệp,Hàng hóa công nghiệp,Kỹ thuật xây dựng,L35,CTCP Cơ khí Lắp máy Lilama,3265155,https://finance.vietstock.vn/L35-ctcp-co-khi-lap-may-lilama.htm,2023-05-30 17:00:00
703,2734,2,HNX,Công nghiệp,Hàng hóa công nghiệp,Kỹ thuật xây dựng,L40,CTCP Đầu Tư và Xây dựng 40,23759965,https://finance.vietstock.vn/L40-ctcp-dau-tu-va-xay-dung-40.htm,2021-01-26 17:00:00
704,1153,5,UPCoM,Công nghiệp,Hàng hóa công nghiệp,Kỹ thuật xây dựng,L43,CTCP Lilama 45.3,3500000,https://finance.vietstock.vn/L43-ctcp-lilama-45-3.htm,2024-06-04 17:00:00
705,2387,5,UPCoM,Công nghiệp,Hàng hóa công nghiệp,Kỹ thuật xây dựng,L45,CTCP Lilama 45.1,4800000,https://finance.vietstock.vn/L45-ctcp-lilama-45-1.htm,2016-10-19 17:00:00
706,1440,5,UPCoM,Công nghiệp,Hàng hóa công nghiệp,Kỹ thuật xây dựng,L61,CTCP Lilama 69-1,7576200,https://finance.vietstock.vn/L61-ctcp-lilama-69-1.htm,2024-05-29 17:00:00
707,1134,5,UPCoM,Công nghiệp,Hàng hóa công nghiệp,Kỹ thuật xây dựng,L62,CTCP Lilama 69-2,8298243,https://finance.vietstock.vn/L62-ctcp-lilama-69-2.htm,2024-06-04 17:00:00
708,2328,5,UPCoM,Công nghiệp,Hàng hóa công nghiệp,Kỹ thuật xây dựng,L63,CTCP Lilama 69-3,8279361,https://finance.vietstock.vn/L63-ctcp-lilama-69-3.htm,2016-10-05 17:00:00
709,25,1,HOSE,Tiêu dùng thiết yếu,"Thực phẩm, đồ uống và thuốc lá",Thực phẩm,LAF,CTCP Chế biến hàng Xuất khẩu Long An,15228019,https://finance.vietstock.vn/LAF-ctcp-che-bien-hang-xuat-khau-long-an.htm,2000-12-14 17:00:00
710,3077,5,UPCoM,Bất động sản,Bất động sản,Bất động sản đa dạng,LAI,CTCP Đầu Tư Xây dựng Long An IDICO,27359969,https://finance.vietstock.vn/LAI-ctcp-dau-tu-xay-dung-long-an-idico.htm,2015-08-09 17:00:00
711,2708,2,HNX,Nguyên vật liệu,Nguyên vật liệu,Hóa chất,LAS,CTCP Supe Phốt phát và Hóa chất Lâm Thao,112856400,https://finance.vietstock.vn/LAS-ctcp-supe-phot-phat-va-hoa-chat-lam-thao.htm,2012-02-29 17:00:00
712,3954,5,UPCoM,Tiện ích,Tiện ích,Nước,LAW,CTCP Cấp thoát nước Long An,12200000,https://finance.vietstock.vn/LAW-ctcp-cap-thoat-nuoc-long-an.htm,2015-12-20 17:00:00
713,1058,2,HNX,Dịch vụ truyền thông,Truyền thông và giải trí,Truyền thông,LBE,CTCP Thương mại và Dịch vụ LVA,4804906,https://finance.vietstock.vn/LBE-ctcp-thuong-mai-va-dich-vu-lva.htm,2008-02-21 17:00:00
714,804,1,HOSE,Nguyên vật liệu,Nguyên vật liệu,Vật liệu xây dựng,LBM,CTCP Khoáng sản và Vật liệu Xây dựng Lâm Đồng,50000000,https://finance.vietstock.vn/LBM-ctcp-khoang-san-va-vat-lieu-xay-dung-lam-dong.htm,2006-12-19 17:00:00
715,2425,2,HNX,Công nghiệp,Hàng hóa công nghiệp,Kỹ thuật xây dựng,LCD,CTCP Lắp máy - Thí nghiệm Cơ điện,1474000,https://finance.vietstock.vn/LCD-ctcp-lap-may-thi-nghiem-co-dien.htm,2010-11-14 17:00:00
716,1360,1,HOSE,Công nghiệp,Hàng hóa công nghiệp,Kỹ thuật xây dựng,LCG,CTCP Lizen,208602467,https://finance.vietstock.vn/LCG-ctcp-lizen.htm,2008-11-17 17:00:00
717,3024,5,UPCoM,Nguyên vật liệu,Nguyên vật liệu,Khai khoáng và luyện kim,LCM,CTCP Khai thác và Chế biến khoáng sản Lào Cai,24633000,https://finance.vietstock.vn/LCM-ctcp-khai-thac-va-che-bien-khoang-san-lao-cai.htm,2022-09-08 17:00:00
718,4066,1,HOSE,Bất động sản,Bất động sản,Dịch vụ bất động sản,LDG,CTCP Đầu tư LDG,256972585,https://finance.vietstock.vn/LDG-ctcp-dau-tu-ldg.htm,2015-08-11 17:00:00
719,2001,2,HNX,Chăm sóc sức khỏe,"Dược phẩm, công nghệ sinh học và khoa học sự sống",Dược phẩm,LDP,CTCP Dược Lâm Đồng (Ladophar),18728167,https://finance.vietstock.vn/LDP-ctcp-duoc-lam-dong-ladophar.htm,2010-07-19 17:00:00
720,4617,5,UPCoM,Tiện ích,Tiện ích,Nước,LDW,CTCP Cấp thoát nước Lâm Đồng,78800000,https://finance.vietstock.vn/LDW-ctcp-cap-thoat-nuoc-lam-dong.htm,2018-03-15 17:00:00
721,1618,5,UPCoM,Tiêu dùng không thiết yếu,Thời trang và hàng lâu bền,Hàng tiêu dùng lâu bền,LEC,CTCP Bất động sản Điện lực Miền Trung,26100000,https://finance.vietstock.vn/LEC-ctcp-bat-dong-san-dien-luc-mien-trung.htm,2025-05-12 17:00:00
722,4616,5,UPCoM,Công nghiệp,Hàng hóa công nghiệp,Kỹ thuật xây dựng,LG9,CTCP Cơ giới và Xây lắp Số 9,5026600,https://finance.vietstock.vn/LG9-ctcp-co-gioi-va-xay-lap-so-9.htm,2017-12-17 17:00:00
723,805,1,HOSE,Công nghiệp,Vận tải,Hạ tầng giao thông,LGC,CTCP Đầu tư Cầu đường CII,212130308,https://finance.vietstock.vn/LGC-ctcp-dau-tu-cau-duong-cii.htm,2006-12-26 17:00:00
724,1831,1,HOSE,Bất động sản,Bất động sản,Bất động sản đa dạng,LGL,CTCP Đầu tư và Phát triển Đô thị Long Giang,51500000,https://finance.vietstock.vn/LGL-ctcp-dau-tu-va-phat-trien-do-thi-long-giang.htm,2009-10-07 17:00:00
725,1881,2,HNX,Công nghiệp,Hàng hóa công nghiệp,Kỹ thuật xây dựng,LHC,CTCP Đầu tư và Xây dựng Thủy lợi Lâm Đồng,28800000,https://finance.vietstock.vn/LHC-ctcp-dau-tu-va-xay-dung-thuy-loi-lam-dong.htm,2010-01-12 17:00:00
726,1314,1,HOSE,Bất động sản,Bất động sản,Quản lý và phát triển bất động sản,LHG,CTCP Long Hậu,50012010,https://finance.vietstock.vn/LHG-ctcp-long-hau.htm,2010-03-22 17:00:00
727,4015,5,UPCoM,Nguyên vật liệu,Nguyên vật liệu,Vật liệu xây dựng,LIC,Tổng Công ty LICOGI - CTCP,90000000,https://finance.vietstock.vn/LIC-tong-cong-ty-licogi-ctcp.htm,2017-06-04 17:00:00
728,2341,2,HNX,Công nghiệp,Hàng hóa công nghiệp,Kỹ thuật xây dựng,LIG,CTCP Licogi 13,95084569,https://finance.vietstock.vn/LIG-ctcp-licogi-13.htm,2010-04-21 17:00:00
729,1868,1,HOSE,Tiêu dùng thiết yếu,Sản phẩm chăm sóc cá nhân và gia đình,Sản phẩm chăm sóc gia đình,LIX,CTCP Bột Giặt Lix,64800000,https://finance.vietstock.vn/LIX-ctcp-bot-giat-lix.htm,2009-12-09 17:00:00
730,1639,5,UPCoM,Tiện ích,Tiện ích,Nước,LKW,CTCP Cấp nước Long Khánh,2500000,https://finance.vietstock.vn/LKW-ctcp-cap-nuoc-long-khanh.htm,2012-07-03 17:00:00
731,4182,5,UPCoM,Công nghiệp,Hàng hóa công nghiệp,Kỹ thuật xây dựng,LLM,Tổng Công ty Lắp máy Việt Nam - CTCP,79726104,https://finance.vietstock.vn/LLM-tong-cong-ty-lap-may-viet-nam-ctcp.htm,2017-08-15 17:00:00
732,1521,5,UPCoM,Công nghiệp,Hàng hóa công nghiệp,Kỹ thuật xây dựng,LM3,CTCP Lilama 3,5150000,https://finance.vietstock.vn/LM3-ctcp-lilama-3.htm,2009-11-30 17:00:00
733,2456,5,UPCoM,Công nghiệp,Hàng hóa công nghiệp,Kỹ thuật xây dựng,LM7,CTCP Lilama 7,5000000,https://finance.vietstock.vn/LM7-ctcp-lilama-7.htm,2023-05-30 17:00:00
734,1509,1,HOSE,Công nghiệp,Hàng hóa công nghiệp,Kỹ thuật xây dựng,LM8,CTCP Lilama 18,9388682,https://finance.vietstock.vn/LM8-ctcp-lilama-18.htm,2010-11-14 17:00:00
735,4554,5,UPCoM,Nguyên vật liệu,Nguyên vật liệu,Vật liệu xây dựng,LMC,CTCP LUMI Holdings,1500000,https://finance.vietstock.vn/LMC-ctcp-lumi-holdings.htm,2017-09-20 17:00:00
736,4677,5,UPCoM,Tiêu dùng không thiết yếu,Thương mại hàng không thiết yếu,Nhà phân phối,LMH,CTCP Quốc Tế Holding,25629995,https://finance.vietstock.vn/LMH-ctcp-quoc-te-holding.htm,2020-06-28 17:00:00
737,3089,5,UPCoM,Công nghiệp,Hàng hóa công nghiệp,Kỹ thuật xây dựng,LMI,CTCP Đầu tư Xây dựng Lắp máy IDICO,5500000,https://finance.vietstock.vn/LMI-ctcp-dau-tu-xay-dung-lap-may-idico.htm,2017-07-19 17:00:00
738,4507,5,UPCoM,Nguyên vật liệu,Nguyên vật liệu,Gỗ và giấy,LNC,CTCP Lệ Ninh,8230067,https://finance.vietstock.vn/LNC-ctcp-le-ninh.htm,2019-07-03 17:00:00
739,1865,5,UPCoM,Công nghiệp,Hàng hóa công nghiệp,Kỹ thuật xây dựng,LO5,CTCP Lilama 5,5149791,https://finance.vietstock.vn/LO5-ctcp-lilama-5.htm,2021-05-12 17:00:00
740,1988,1,HOSE,Tài chính,Tổ chức tín dụng,Ngân hàng,LPB,Ngân hàng TMCP Lộc Phát Việt Nam,2987282100,https://finance.vietstock.vn/LPB-ngan-hang-tmcp-loc-phat-viet-nam.htm,2020-11-08 17:00:00
741,4858,5,UPCoM,Tiêu dùng không thiết yếu,Thương mại hàng không thiết yếu,Nhà phân phối,LPT,CTCP Thương mại và Sản xuất Lập Phương Thành,12000000,https://finance.vietstock.vn/LPT-ctcp-thuong-mai-va-san-xuat-lap-phuong-thanh.htm,2021-04-07 17:00:00
742,3033,5,UPCoM,Nguyên vật liệu,Nguyên vật liệu,Vật liệu xây dựng,LQN,CTCP Licogi Quảng Ngãi,1893540,https://finance.vietstock.vn/LQN-ctcp-licogi-quang-ngai.htm,2016-10-31 17:00:00
743,2438,5,UPCoM,Bất động sản,Bất động sản,Quản lý và phát triển bất động sản,LSG,CTCP Bất động sản Sài Gòn Vina,90000000,https://finance.vietstock.vn/LSG-ctcp-bat-dong-san-sai-gon-vina.htm,2022-05-11 17:00:00
744,1036,1,HOSE,Tiêu dùng thiết yếu,"Thực phẩm, đồ uống và thuốc lá",Thực phẩm,LSS,CTCP Mía Đường Lam Sơn,90026592,https://finance.vietstock.vn/LSS-ctcp-mia-duong-lam-son.htm,2008-01-08 17:00:00
745,922,5,UPCoM,Công nghiệp,Hàng hóa công nghiệp,Phân phối hàng công nghiệp,LTC,CTCP Điện nhẹ Viễn Thông,4586000,https://finance.vietstock.vn/LTC-ctcp-dien-nhe-vien-thong.htm,2019-07-04 17:00:00
746,1257,5,UPCoM,Tiêu dùng thiết yếu,"Thực phẩm, đồ uống và thuốc lá",Thực phẩm,LTG,CTCP Tập đoàn Lộc Trời,100741465,https://finance.vietstock.vn/LTG-ctcp-tap-doan-loc-troi.htm,2017-07-23 17:00:00
747,1057,5,UPCoM,Công nghiệp,Hàng hóa công nghiệp,Kỹ thuật xây dựng,LUT,CTCP Đầu tư Xây dựng Lương Tài,15000000,https://finance.vietstock.vn/LUT-ctcp-dau-tu-xay-dung-luong-tai.htm,2023-07-02 17:00:00
748,2420,5,UPCoM,Tiêu dùng không thiết yếu,Thời trang và hàng lâu bền,Thời trang và dệt may,M10,Tổng Công ty May 10 - CTCP,31751000,https://finance.vietstock.vn/M10-tong-cong-ty-may-10-ctcp.htm,2018-01-09 17:00:00
749,3686,5,UPCoM,Bất động sản,Bất động sản,Quản lý và phát triển bất động sản,MA1,CTCP Thiết bị,10050392,https://finance.vietstock.vn/MA1-ctcp-thiet-bi.htm,2020-06-28 17:00:00
750,1903,2,HNX,Công nghiệp,Vận tải,Hạ tầng giao thông,MAC,CTCP Tập đoàn Macstar,48351334,https://finance.vietstock.vn/MAC-ctcp-tap-doan-macstar.htm,2009-12-23 17:00:00
751,1816,2,HNX,Công nghiệp,Vận tải,Hạ tầng giao thông,MAS,CTCP Dịch vụ Hàng không Sân bay Đà Nẵng,4267683,https://finance.vietstock.vn/MAS-ctcp-dich-vu-hang-khong-san-bay-da-nang.htm,2014-07-14 17:00:00
752,1190,1,HOSE,Tài chính,Tổ chức tín dụng,Ngân hàng,MBB,Ngân hàng TMCP Quân đội,8054999909,https://finance.vietstock.vn/MBB-ngan-hang-tmcp-quan-doi.htm,2011-10-31 17:00:00
753,4054,2,HNX,Tiêu dùng không thiết yếu,Thời trang và hàng lâu bền,Hàng tiêu dùng lâu bền,MBG,CTCP Tập đoàn MBG,120218540,https://finance.vietstock.vn/MBG-ctcp-tap-doan-mbg.htm,2015-11-25 17:00:00
754,4704,5,UPCoM,Công nghiệp,Dịch vụ thương mại và chuyên nghiệp,Dịch vụ và thiết bị thương mại ,MBN,CTCP Môi trường và Công trình đô thị Bắc Ninh,5750000,https://finance.vietstock.vn/MBN-ctcp-moi-truong-va-cong-trinh-do-thi-bac-ninh.htm,2018-10-02 17:00:00
755,30,2,HNX,Tài chính,Dịch vụ tài chính,Thị trường vốn,MBS,CTCP Chứng khoán MB,1000963451,https://finance.vietstock.vn/MBS-ctcp-chung-khoan-mb.htm,2016-03-27 17:00:00
756,5261,5,UPCoM,Bất động sản,Bất động sản,Quản lý và phát triển bất động sản,MBT,CTCP Bất động sản cho thuê Minh Bảo Tín,3800000,https://finance.vietstock.vn/MBT-ctcp-bat-dong-san-cho-thue-minh-bao-tin.htm,2025-03-18 17:00:00
757,2300,2,HNX,Nguyên vật liệu,Nguyên vật liệu,Vật liệu xây dựng,MCC,CTCP Gạch ngói Cao cấp,5016124,https://finance.vietstock.vn/MCC-ctcp-gach-ngoi-cao-cap.htm,2010-04-25 17:00:00
758,2705,2,HNX,Tiêu dùng thiết yếu,"Thực phẩm, đồ uống và thuốc lá",Thực phẩm,MCF,CTCP Xây lắp Cơ khí và Lương thực Thực phẩm,10777838,https://finance.vietstock.vn/MCF-ctcp-xay-lap-co-khi-va-luong-thuc-thuc-pham.htm,2011-02-13 17:00:00
759,1823,5,UPCoM,Công nghiệp,Hàng hóa công nghiệp,Kỹ thuật xây dựng,MCG,CTCP Năng lượng và Bất động sản MCG,57510000,https://finance.vietstock.vn/MCG-ctcp-nang-luong-va-bat-dong-san-mcg.htm,2023-05-22 17:00:00
760,1519,1,HOSE,Tiêu dùng thiết yếu,"Thực phẩm, đồ uống và thuốc lá",Thực phẩm,MCH,CTCP Hàng tiêu dùng Masan,1294493545,https://finance.vietstock.vn/MCH-ctcp-hang-tieu-dung-masan.htm,2025-12-24 17:00:00
761,4772,1,HOSE,Tiêu dùng thiết yếu,"Thực phẩm, đồ uống và thuốc lá",Thực phẩm,MCM,CTCP Giống Bò sữa Mộc Châu,110000000,https://finance.vietstock.vn/MCM-ctcp-giong-bo-sua-moc-chau.htm,2020-12-17 17:00:00
762,1081,2,HNX,Công nghiệp,Hàng hóa công nghiệp,Kỹ thuật xây dựng,MCO,CTCP Đầu tư và Xây dựng BDC Việt Nam,4103929,https://finance.vietstock.vn/MCO-ctcp-dau-tu-va-xay-dung-bdc-viet-nam.htm,2006-12-20 17:00:00
763,806,1,HOSE,Nguyên vật liệu,Nguyên vật liệu,Bao bì và vật chứa,MCP,CTCP In và Bao bì Mỹ Châu,19886871,https://finance.vietstock.vn/MCP-ctcp-in-va-bao-bi-my-chau.htm,2006-12-27 17:00:00
764,4634,5,UPCoM,Công nghiệp,Dịch vụ thương mại và chuyên nghiệp,Dịch vụ và thiết bị thương mại ,MDA,CTCP Môi trường Đô thị Đông Anh,1200000,https://finance.vietstock.vn/MDA-ctcp-moi-truong-do-thi-dong-anh.htm,2018-01-09 17:00:00
765,1801,2,HNX,Năng lượng,Năng lượng,Dầu khí,MDC,CTCP Than Mông Dương - Vinacomin,21418346,https://finance.vietstock.vn/MDC-ctcp-than-mong-duong-vinacomin.htm,2009-07-22 17:00:00
766,1597,5,UPCoM,Nguyên vật liệu,Nguyên vật liệu,Gỗ và giấy,MDF,CTCP Gỗ MDF VRG - Quảng Trị,55113595,https://finance.vietstock.vn/MDF-ctcp-go-mdf-vrg-quang-tri.htm,2011-02-24 17:00:00
767,2240,1,HOSE,Nguyên vật liệu,Nguyên vật liệu,Vật liệu xây dựng,MDG,CTCP Miền Đông,10889031,https://finance.vietstock.vn/MDG-ctcp-mien-dong.htm,2011-01-11 17:00:00
768,924,5,UPCoM,Công nghiệp,Hàng hóa công nghiệp,Kỹ thuật xây dựng,MEC,CTCP Cơ khí - Lắp máy Sông Đà,8353620,https://finance.vietstock.vn/MEC-ctcp-co-khi-lap-may-song-da.htm,2020-06-01 17:00:00
769,2365,2,HNX,Chăm sóc sức khỏe,"Dược phẩm, công nghệ sinh học và khoa học sự sống",Dược phẩm,MED,CTCP Dược Trung ương Mediplantex,12410000,https://finance.vietstock.vn/MED-ctcp-duoc-trung-uong-mediplantex.htm,2020-03-17 17:00:00
770,1272,5,UPCoM,Tiêu dùng không thiết yếu,Thời trang và hàng lâu bền,Hàng tiêu dùng lâu bền,MEF,CTCP MEINFA,4135097,https://finance.vietstock.vn/MEF-ctcp-meinfa.htm,2011-11-29 17:00:00
771,4518,2,HNX,Nguyên vật liệu,Nguyên vật liệu,Khai khoáng và luyện kim,MEL,CTCP Thép Mê Lin,15000000,https://finance.vietstock.vn/MEL-ctcp-thep-me-lin.htm,2017-09-26 17:00:00
772,4157,5,UPCoM,Công nghiệp,Hàng hóa công nghiệp,Kỹ thuật xây dựng,MES,CTCP Cơ điện Công trình,18600000,https://finance.vietstock.vn/MES-ctcp-co-dien-cong-trinh.htm,2016-12-11 17:00:00
773,3874,5,UPCoM,Dịch vụ truyền thông,Dịch vụ viễn thông,Dịch vụ viễn thông không dây,MFS,CTCP Dịch vụ Kỹ thuật Mobifone,7062979,https://finance.vietstock.vn/MFS-ctcp-dich-vu-ky-thuat-mobifone.htm,2019-04-15 17:00:00
774,4170,5,UPCoM,Năng lượng,Năng lượng,Dầu khí,MGC,CTCP Địa chất mỏ - TKV,10800000,https://finance.vietstock.vn/MGC-ctcp-dia-chat-mo-tkv.htm,2016-06-08 17:00:00
775,2233,5,UPCoM,Tiêu dùng không thiết yếu,Thời trang và hàng lâu bền,Thời trang và dệt may,MGG,Tổng Công ty Đức Giang - CTCP,8999622,https://finance.vietstock.vn/MGG-tong-cong-ty-duc-giang-ctcp.htm,2017-11-05 17:00:00
776,4898,5,UPCoM,Bất động sản,Bất động sản,Dịch vụ bất động sản,MGR,CTCP Tập đoàn MGROUP,20000000,https://finance.vietstock.vn/MGR-ctcp-tap-doan-mgroup.htm,2022-04-27 17:00:00
777,3347,5,UPCoM,Bất động sản,Bất động sản,Quản lý và phát triển bất động sản,MH3,CTCP Khu Công nghiệp Cao su Bình Long,24000000,https://finance.vietstock.vn/MH3-ctcp-khu-cong-nghiep-cao-su-binh-long.htm,2017-03-05 17:00:00
778,618,1,HOSE,Công nghiệp,Dịch vụ thương mại và chuyên nghiệp,Dịch vụ chuyên nghiệp,MHC,CTCP MHC,43476318,https://finance.vietstock.vn/MHC-ctcp-mhc.htm,2005-03-20 17:00:00
779,1867,5,UPCoM,Nguyên vật liệu,Nguyên vật liệu,Khai khoáng và luyện kim,MHL,CTCP Minh Hữu Liên,5430923,https://finance.vietstock.vn/MHL-ctcp-minh-huu-lien.htm,2009-11-25 17:00:00
780,1067,2,HNX,Nguyên vật liệu,Nguyên vật liệu,Vật liệu xây dựng,MIC,CTCP Kỹ nghệ Khoáng sản Quảng Nam,8577770,https://finance.vietstock.vn/MIC-ctcp-ky-nghe-khoang-san-quang-nam.htm,2025-03-18 17:00:00
781,4398,5,UPCoM,Công nghiệp,Hàng hóa công nghiệp,Máy móc công nghiệp,MIE,Tổng Công ty Máy và Thiết bị Công nghiệp - CTCP,141991500,https://finance.vietstock.vn/MIE-tong-cong-ty-may-va-thiet-bi-cong-nghiep-ctcp.htm,2017-12-14 17:00:00
782,1940,1,HOSE,Tài chính,Bảo hiểm,Bảo hiểm,MIG,Tổng Công ty cổ phần Bảo hiểm Quân Đội,211503463,https://finance.vietstock.vn/MIG-tong-cong-ty-co-phan-bao-hiem-quan-doi.htm,2021-01-20 17:00:00
783,1548,5,UPCoM,Chăm sóc sức khỏe,"Dược phẩm, công nghệ sinh học và khoa học sự sống",Dược phẩm,MKP,CTCP Hoá - Dược phẩm Mekophar,25545867,https://finance.vietstock.vn/MKP-ctcp-hoa-duoc-pham-mekophar.htm,2018-01-28 17:00:00
784,1441,2,HNX,Chăm sóc sức khỏe,"Dược phẩm, công nghệ sinh học và khoa học sự sống",Dược phẩm,MKV,CTCP Dược thú Y Cai Lậy,5000038,https://finance.vietstock.vn/MKV-ctcp-duoc-thu-y-cai-lay.htm,2008-11-20 17:00:00
785,4503,5,UPCoM,Công nghiệp,Dịch vụ thương mại và chuyên nghiệp,Dịch vụ và thiết bị thương mại ,MLC,CTCP Môi trường Đô thị Tỉnh Lào Cai,4171175,https://finance.vietstock.vn/MLC-ctcp-moi-truong-do-thi-tinh-lao-cai.htm,2017-05-22 17:00:00
786,4379,5,UPCoM,Tiêu dùng thiết yếu,"Thực phẩm, đồ uống và thuốc lá",Thực phẩm,MLS,CTCP Chăn nuôi - Mitraco,4000000,https://finance.vietstock.vn/MLS-ctcp-chan-nuoi-mitraco.htm,2018-06-14 17:00:00
787,4771,5,UPCoM,Tiêu dùng thiết yếu,"Thực phẩm, đồ uống và thuốc lá",Thực phẩm,MML,CTCP Masan MeatLife,340316858,https://finance.vietstock.vn/MML-ctcp-masan-meatlife.htm,2019-12-08 17:00:00
788,1335,5,UPCoM,Tiêu dùng không thiết yếu,Thời trang và hàng lâu bền,Thời trang và dệt may,MNB,Tổng Công ty May Nhà Bè - CTCP,20000000,https://finance.vietstock.vn/MNB-tong-cong-ty-may-nha-be-ctcp.htm,2018-04-23 17:00:00
789,4536,5,UPCoM,Công nghiệp,Dịch vụ thương mại và chuyên nghiệp,Dịch vụ và thiết bị thương mại ,MND,CTCP Môi trường Nam Định,2194475,https://finance.vietstock.vn/MND-ctcp-moi-truong-nam-dinh.htm,2017-08-10 17:00:00
790,925,5,UPCoM,Tiêu dùng thiết yếu,"Thực phẩm, đồ uống và thuốc lá",Thực phẩm,MPC,CTCP Tập đoàn Thủy sản Minh Phú,401093000,https://finance.vietstock.vn/MPC-ctcp-tap-doan-thuy-san-minh-phu.htm,2017-10-15 17:00:00
791,4119,5,UPCoM,Tiêu dùng không thiết yếu,Thời trang và hàng lâu bền,Thời trang và dệt may,MPT,CTCP Tập đoàn MPT,17107164,https://finance.vietstock.vn/MPT-ctcp-tap-doan-mpt.htm,2021-06-01 17:00:00
792,4497,5,UPCoM,Công nghiệp,Dịch vụ thương mại và chuyên nghiệp,Dịch vụ và thiết bị thương mại ,MPY,CTCP Môi trường Đô thị Phú Yên,6143000,https://finance.vietstock.vn/MPY-ctcp-moi-truong-do-thi-phu-yen.htm,2017-05-14 17:00:00
793,4588,5,UPCoM,Công nghiệp,Dịch vụ thương mại và chuyên nghiệp,Dịch vụ và thiết bị thương mại ,MQB,CTCP Môi trường và Phát triển Đô thị Quảng Bình,3675675,https://finance.vietstock.vn/MQB-ctcp-moi-truong-va-phat-trien-do-thi-quang-binh.htm,2017-11-07 17:00:00
794,4689,5,UPCoM,Công nghiệp,Dịch vụ thương mại và chuyên nghiệp,Dịch vụ và thiết bị thương mại ,MQN,CTCP Môi trường đô thị Quảng Ngãi,8212014,https://finance.vietstock.vn/MQN-ctcp-moi-truong-do-thi-quang-ngai.htm,2018-06-21 17:00:00
795,2119,5,UPCoM,Chăm sóc sức khỏe,Thiết bị và dịch vụ chăm sóc sức khỏe,Thiết bị và vật tư chăm sóc sức khỏe,MRF,CTCP Merufa,6796172,https://finance.vietstock.vn/MRF-ctcp-merufa.htm,2017-12-11 17:00:00
796,1166,1,HOSE,Tài chính,Tổ chức tín dụng,Ngân hàng,MSB,Ngân hàng TMCP Hàng hải Việt Nam,3120000000,https://finance.vietstock.vn/MSB-ngan-hang-tmcp-hang-hai-viet-nam.htm,2020-12-22 17:00:00
797,1611,1,HOSE,Tiêu dùng không thiết yếu,Thời trang và hàng lâu bền,Thời trang và dệt may,MSH,CTCP May Sông Hồng,112521020,https://finance.vietstock.vn/MSH-ctcp-may-song-hong.htm,2018-11-27 17:00:00
798,1858,1,HOSE,Tiêu dùng thiết yếu,"Thực phẩm, đồ uống và thuốc lá",Thực phẩm,MSN,CTCP Tập đoàn Masan,1445915457,https://finance.vietstock.vn/MSN-ctcp-tap-doan-masan.htm,2009-11-04 17:00:00
799,4140,5,UPCoM,Nguyên vật liệu,Nguyên vật liệu,Khai khoáng và luyện kim,MSR,CTCP Masan High-Tech Materials,1099829520,https://finance.vietstock.vn/MSR-ctcp-masan-high-tech-materials.htm,2015-09-16 17:00:00
800,4279,2,HNX,Công nghiệp,Hàng hóa công nghiệp,Kỹ thuật xây dựng,MST,CTCP Đầu tư MST,113604220,https://finance.vietstock.vn/MST-ctcp-dau-tu-mst.htm,2016-05-09 17:00:00
801,3622,5,UPCoM,Nguyên vật liệu,Nguyên vật liệu,Vật liệu xây dựng,MTA,Tổng Công ty Khoáng sản và Thương mại Hà Tĩnh - CTCP,110113591,https://finance.vietstock.vn/MTA-tong-cong-ty-khoang-san-va-thuong-mai-ha-tinh-ctcp.htm,2015-10-20 17:00:00
802,4845,5,UPCoM,Công nghiệp,Dịch vụ thương mại và chuyên nghiệp,Dịch vụ và thiết bị thương mại ,MTB,CTCP Môi trường và Công trình Đô thị Thái Bình,6278259,https://finance.vietstock.vn/MTB-ctcp-moi-truong-va-cong-trinh-do-thi-thai-binh.htm,2020-12-09 17:00:00
803,1461,5,UPCoM,Tiện ích,Tiện ích,Gas sinh hoạt,MTG,CTCP MT Gas,10450000,https://finance.vietstock.vn/MTG-ctcp-mt-gas.htm,2009-01-14 17:00:00
804,2388,5,UPCoM,Công nghiệp,Dịch vụ thương mại và chuyên nghiệp,Dịch vụ và thiết bị thương mại ,MTH,CTCP Môi trường Đô thị Hà Đông,4787910,https://finance.vietstock.vn/MTH-ctcp-moi-truong-do-thi-ha-dong.htm,2011-02-09 17:00:00
805,3881,5,UPCoM,Công nghiệp,Dịch vụ thương mại và chuyên nghiệp,Dịch vụ và thiết bị thương mại ,MTL,CTCP Dịch vụ Môi trường Đô thị Từ Liêm,6000000,https://finance.vietstock.vn/MTL-ctcp-dich-vu-moi-truong-do-thi-tu-liem.htm,2016-05-09 17:00:00
806,2683,5,UPCoM,Chăm sóc sức khỏe,"Dược phẩm, công nghệ sinh học và khoa học sự sống",Dược phẩm,MTP,CTCP Dược Medipharco,7455406,https://finance.vietstock.vn/MTP-ctcp-duoc-medipharco.htm,2010-09-22 17:00:00
807,3661,5,UPCoM,Tiêu dùng không thiết yếu,Thương mại hàng không thiết yếu,Nhà phân phối,MTS,CTCP Vật tư - TKV,15000000,https://finance.vietstock.vn/MTS-ctcp-vat-tu-tkv.htm,2017-04-27 17:00:00
808,4539,5,UPCoM,Công nghiệp,Dịch vụ thương mại và chuyên nghiệp,Dịch vụ và thiết bị thương mại ,MTV,CTCP Dịch vụ Môi trường và Công trình Đô thị Vũng Tàu,5400000,https://finance.vietstock.vn/MTV-ctcp-dich-vu-moi-truong-va-cong-trinh-do-thi-vung-tau.htm,2017-08-15 17:00:00
809,4070,2,HNX,Năng lượng,Năng lượng,Dầu khí,MVB,Tổng Công ty Công nghiệp mỏ Việt Bắc TKV - CTCP,105000000,https://finance.vietstock.vn/MVB-tong-cong-ty-cong-nghiep-mo-viet-bac-tkv-ctcp.htm,2020-10-27 17:00:00
810,4213,5,UPCoM,Nguyên vật liệu,Nguyên vật liệu,Vật liệu xây dựng,MVC,CTCP Vật liệu và Xây dựng Bình Dương,100000000,https://finance.vietstock.vn/MVC-ctcp-vat-lieu-va-xay-dung-binh-duong.htm,2017-03-21 17:00:00
811,4708,5,UPCoM,Công nghiệp,Vận tải,Hạ tầng giao thông,MVN,Tổng Công ty Hàng hải Việt Nam - CTCP,6374700,https://finance.vietstock.vn/MVN-tong-cong-ty-hang-hai-viet-nam-ctcp.htm,2018-10-07 17:00:00
812,3362,1,HOSE,Tiêu dùng không thiết yếu,Thương mại hàng không thiết yếu,Bán lẻ chuyên doanh,MWG,CTCP Đầu tư Thế giới Di động,1469693177,https://finance.vietstock.vn/MWG-ctcp-dau-tu-the-gioi-di-dong.htm,2014-07-13 17:00:00
813,5703,1,HOSE,Nguyên vật liệu,Nguyên vật liệu,Gỗ và giấy,MZG,CTCP Miza,116506574,https://finance.vietstock.vn/MZG-ctcp-miza.htm,2026-07-01 17:00:00
814,1172,1,HOSE,Tài chính,Tổ chức tín dụng,Ngân hàng,NAB,Ngân hàng TMCP Nam Á,2058822282,https://finance.vietstock.vn/NAB-ngan-hang-tmcp-nam-a.htm,2024-03-07 17:00:00
815,2278,5,UPCoM,Công nghiệp,Dịch vụ thương mại và chuyên nghiệp,Dịch vụ chuyên nghiệp,NAC,CTCP Tư vấn Xây dựng Tổng hợp,2835000,https://finance.vietstock.vn/NAC-ctcp-tu-van-xay-dung-tong-hop.htm,2017-03-20 17:00:00
816,4162,1,HOSE,Tiêu dùng thiết yếu,"Thực phẩm, đồ uống và thuốc lá",Thực phẩm,NAF,CTCP Nafoods Group,61182054,https://finance.vietstock.vn/NAF-ctcp-nafoods-group.htm,2015-10-06 17:00:00
817,1822,2,HNX,Tiêu dùng không thiết yếu,Thời trang và hàng lâu bền,Hàng tiêu dùng lâu bền,NAG,CTCP Tập đoàn Nagakawa,52593728,https://finance.vietstock.vn/NAG-ctcp-tap-doan-nagakawa.htm,2009-09-21 17:00:00
818,3873,2,HNX,Công nghiệp,Vận tải,Hạ tầng giao thông,NAP,CTCP Cảng Nghệ Tĩnh,21517200,https://finance.vietstock.vn/NAP-ctcp-cang-nghe-tinh.htm,2018-03-26 17:00:00
819,1668,5,UPCoM,Công nghiệp,Vận tải,Hạ tầng giao thông,NAS,CTCP Dịch vụ Hàng không Sân bay Việt Nam,8315764,https://finance.vietstock.vn/NAS-ctcp-dich-vu-hang-khong-san-bay-viet-nam.htm,2017-01-24 17:00:00
820,4204,5,UPCoM,Công nghiệp,Dịch vụ thương mại và chuyên nghiệp,Dịch vụ và thiết bị thương mại ,NAU,CTCP Môi trường và Công trình Đô thị Nghệ An,3669999,https://finance.vietstock.vn/NAU-ctcp-moi-truong-va-cong-trinh-do-thi-nghe-an.htm,2018-06-28 17:00:00
821,808,1,HOSE,Tiêu dùng không thiết yếu,Thời trang và hàng lâu bền,Hàng tiêu dùng lâu bền,NAV,CTCP Nam Việt,8000000,https://finance.vietstock.vn/NAV-ctcp-nam-viet.htm,2006-12-21 17:00:00
822,4203,5,UPCoM,Tiện ích,Tiện ích,Nước,NAW,CTCP Cấp nước Nghệ An,37385983,https://finance.vietstock.vn/NAW-ctcp-cap-nuoc-nghe-an.htm,2017-08-03 17:00:00
823,1469,1,HOSE,Bất động sản,Bất động sản,Quản lý và phát triển bất động sản,NBB,CTCP Đầu tư Năm Bảy Bảy,100475656,https://finance.vietstock.vn/NBB-ctcp-dau-tu-nam-bay-bay.htm,2009-02-17 17:00:00
824,927,2,HNX,Năng lượng,Năng lượng,Dầu khí,NBC,CTCP Than Núi Béo - Vinacomin,36999124,https://finance.vietstock.vn/NBC-ctcp-than-nui-beo-vinacomin.htm,2006-12-26 17:00:00
825,2764,5,UPCoM,Dịch vụ truyền thông,Truyền thông và giải trí,Truyền thông,NBE,CTCP Sách và Thiết bị Giáo dục Miền Bắc,5000000,https://finance.vietstock.vn/NBE-ctcp-sach-va-thiet-bi-giao-duc-mien-bac.htm,2017-08-20 17:00:00
826,1802,2,HNX,Tiện ích,Tiện ích,Điện,NBP,CTCP Nhiệt điện Ninh Bình,12865500,https://finance.vietstock.vn/NBP-ctcp-nhiet-dien-ninh-binh.htm,2009-08-05 17:00:00
827,4129,5,UPCoM,Tiện ích,Tiện ích,Nước,NBT,CTCP Cấp thoát nước Bến Tre,29400000,https://finance.vietstock.vn/NBT-ctcp-cap-thoat-nuoc-ben-tre.htm,2016-05-31 17:00:00
828,2053,2,HNX,Tiện ích,Tiện ích,Nước,NBW,CTCP Cấp nước Nhà Bè,10900000,https://finance.vietstock.vn/NBW-ctcp-cap-nuoc-nha-be.htm,2017-11-13 17:00:00
829,4895,5,UPCoM,Tiêu dùng thiết yếu,"Thực phẩm, đồ uống và thuốc lá",Thực phẩm,NCG,CTCP Đầu tư Anova Agri,119784325,https://finance.vietstock.vn/NCG-ctcp-dau-tu-anova-agri.htm,2023-11-08 17:00:00
830,1923,5,UPCoM,Công nghiệp,Vận tải,Hạ tầng giao thông,NCS,CTCP Suất ăn Hàng không Nội Bài,17949098,https://finance.vietstock.vn/NCS-ctcp-suat-an-hang-khong-noi-bai.htm,2015-12-01 17:00:00
831,2186,1,HOSE,Công nghiệp,Vận tải,Hạ tầng giao thông,NCT,CTCP Dịch vụ Hàng hóa Nội Bài,26166940,https://finance.vietstock.vn/NCT-ctcp-dich-vu-hang-hoa-noi-bai.htm,2015-01-07 17:00:00
832,1777,5,UPCoM,Tiện ích,Tiện ích,Phát điện độc lập và điện tái tạo,ND2,CTCP Đầu tư và Phát triển Điện Miền Bắc 2,49993960,https://finance.vietstock.vn/ND2-ctcp-dau-tu-va-phat-trien-dien-mien-bac-2.htm,2010-07-21 17:00:00
833,2274,5,UPCoM,Chăm sóc sức khỏe,"Dược phẩm, công nghệ sinh học và khoa học sự sống",Dược phẩm,NDC,CTCP Nam Dược,5964000,https://finance.vietstock.vn/NDC-ctcp-nam-duoc.htm,2010-03-10 17:00:00
834,3736,5,UPCoM,Tiêu dùng thiết yếu,"Thực phẩm, đồ uống và thuốc lá",Thực phẩm,NDF,CTCP Chế biến Thực phẩm Nông sản xuất khẩu Nam Định,7853800,https://finance.vietstock.vn/NDF-ctcp-che-bien-thuc-pham-nong-san-xuat-khau-nam-dinh.htm,2019-11-17 17:00:00
835,2712,2,HNX,Bất động sản,Bất động sản,Quản lý và phát triển bất động sản,NDN,CTCP Đầu tư Phát triển Nhà Đà Nẵng,71657936,https://finance.vietstock.vn/NDN-ctcp-dau-tu-phat-trien-nha-da-nang.htm,2011-04-20 17:00:00
836,1655,5,UPCoM,Chăm sóc sức khỏe,"Dược phẩm, công nghệ sinh học và khoa học sự sống",Dược phẩm,NDP,CTCP Dược phẩm 2/9,11100000,https://finance.vietstock.vn/NDP-ctcp-duoc-pham-2-9.htm,2015-11-19 17:00:00
837,4198,5,UPCoM,Tiêu dùng không thiết yếu,Thời trang và hàng lâu bền,Thời trang và dệt may,NDT,Tổng Công ty cổ phần Dệt May Nam Định,15639976,https://finance.vietstock.vn/NDT-tong-cong-ty-co-phan-det-may-nam-dinh.htm,2018-09-10 17:00:00
838,4742,5,UPCoM,Tiện ích,Tiện ích,Nước,NDW,CTCP Cấp nước Nam Định,34311748,https://finance.vietstock.vn/NDW-ctcp-cap-nuoc-nam-dinh.htm,2019-06-10 17:00:00
839,3572,2,HNX,Công nghiệp,Hàng hóa công nghiệp,Kỹ thuật xây dựng,NDX,CTCP Xây lắp Phát triển Nhà Đà Nẵng,9987557,https://finance.vietstock.vn/NDX-ctcp-xay-lap-phat-trien-nha-da-nang.htm,2013-07-16 17:00:00
840,2405,5,UPCoM,Tiện ích,Tiện ích,Phát điện độc lập và điện tái tạo,NED,CTCP Đầu tư và Phát triển Điện Tây Bắc,40500000,https://finance.vietstock.vn/NED-ctcp-dau-tu-va-phat-trien-dien-tay-bac.htm,2017-08-17 17:00:00
841,1242,2,HNX,Tiêu dùng thiết yếu,Sản phẩm chăm sóc cá nhân và gia đình,Sản phẩm chăm sóc gia đình,NET,CTCP Bột giặt NET,22398374,https://finance.vietstock.vn/NET-ctcp-bot-giat-net.htm,2010-09-14 17:00:00
842,2307,2,HNX,Nguyên vật liệu,Nguyên vật liệu,Hóa chất,NFC,CTCP Phân lân Ninh Bình,15731260,https://finance.vietstock.vn/NFC-ctcp-phan-lan-ninh-binh.htm,2014-03-02 17:00:00
843,1082,5,UPCoM,Tiêu dùng thiết yếu,"Thực phẩm, đồ uống và thuốc lá",Thực phẩm,NGC,CTCP Chế biến Thủy sản xuất khẩu Ngô Quyền,2299854,https://finance.vietstock.vn/NGC-ctcp-che-bien-thuy-san-xuat-khau-ngo-quyen.htm,2021-05-30 17:00:00
844,2614,1,HOSE,Bất động sản,Bất động sản,Quản lý và phát triển bất động sản,NHA,Tổng Công ty Đầu tư Phát triển Nhà và Đô thị Nam Hà Nội,64788945,https://finance.vietstock.vn/NHA-tong-cong-ty-dau-tu-phat-trien-nha-va-do-thi-nam-ha-noi.htm,2021-01-20 17:00:00
845,754,2,HNX,Nguyên vật liệu,Nguyên vật liệu,Vật liệu xây dựng,NHC,CTCP Gạch ngói Nhị Hiệp,3041542,https://finance.vietstock.vn/NHC-ctcp-gach-ngoi-nhi-hiep.htm,2009-06-16 17:00:00
846,1657,5,UPCoM,Chăm sóc sức khỏe,"Dược phẩm, công nghệ sinh học và khoa học sự sống",Dược phẩm,NHD,CTCP Dược phẩm Nam Hà,5200000,https://finance.vietstock.vn/NHD-ctcp-duoc-pham-nam-ha.htm,2026-06-04 17:00:00
847,4549,1,HOSE,Nguyên vật liệu,Nguyên vật liệu,Hóa chất,NHH,CTCP Nhựa Hà Nội,112964000,https://finance.vietstock.vn/NHH-ctcp-nhua-ha-noi.htm,2019-12-11 17:00:00
848,3028,1,HOSE,Nguyên vật liệu,Nguyên vật liệu,Gỗ và giấy,NHT,CTCP Sản xuất và Thương mại Nam Hoa,24028169,https://finance.vietstock.vn/NHT-ctcp-san-xuat-va-thuong-mai-nam-hoa.htm,2021-11-09 17:00:00
849,4193,5,UPCoM,Công nghiệp,Dịch vụ thương mại và chuyên nghiệp,Dịch vụ chuyên nghiệp,NHV,CTCP Sức Khỏe Hồi Sinh Việt Nam,5480112,https://finance.vietstock.vn/NHV-ctcp-suc-khoe-hoi-sinh-viet-nam.htm,2017-06-13 17:00:00
850,4837,5,UPCoM,Tiêu dùng không thiết yếu,Thời trang và hàng lâu bền,Thời trang và dệt may,NJC,CTCP May Nam Định,5224917,https://finance.vietstock.vn/NJC-ctcp-may-nam-dinh.htm,2020-12-22 17:00:00
851,2684,1,HOSE,Nguyên vật liệu,Nguyên vật liệu,Khai khoáng và luyện kim,NKG,CTCP Thép Nam Kim,492323961,https://finance.vietstock.vn/NKG-ctcp-thep-nam-kim.htm,2011-01-13 17:00:00
852,1385,1,HOSE,Bất động sản,Bất động sản,Quản lý và phát triển bất động sản,NLG,CTCP Đầu tư Nam Long,485097383,https://finance.vietstock.vn/NLG-ctcp-dau-tu-nam-long.htm,2013-04-07 17:00:00
853,4359,5,UPCoM,Tiện ích,Tiện ích,Nước,NLS,CTCP Cấp thoát nước Lạng Sơn,5009800,https://finance.vietstock.vn/NLS-ctcp-cap-thoat-nuoc-lang-son.htm,2016-07-28 17:00:00
854,1821,1,HOSE,Nguyên vật liệu,Nguyên vật liệu,Vật liệu xây dựng,NNC,CTCP Đá Núi Nhỏ,21920000,https://finance.vietstock.vn/NNC-ctcp-da-nui-nho.htm,2010-06-22 17:00:00
855,2604,5,UPCoM,Tiện ích,Tiện ích,Nước,NNT,CTCP Cấp nước Ninh Thuận,9490841,https://finance.vietstock.vn/NNT-ctcp-cap-nuoc-ninh-thuan.htm,2012-06-21 17:00:00
856,4894,1,HOSE,Công nghiệp,Hàng hóa công nghiệp,Phân phối hàng công nghiệp,NO1,CTCP Tập đoàn 911,24000000,https://finance.vietstock.vn/NO1-ctcp-tap-doan-911.htm,2022-11-27 17:00:00
857,1497,5,UPCoM,Công nghiệp,Vận tải,Vận tải biển,NOS,CTCP Vận tải biển và Thương mại Phương Đông,20056000,https://finance.vietstock.vn/NOS-ctcp-van-tai-bien-va-thuong-mai-phuong-dong.htm,2011-01-10 17:00:00
858,3840,5,UPCoM,Tiện ích,Tiện ích,Nước,NQB,CTCP Cấp nước Quảng Bình,17230204,https://finance.vietstock.vn/NQB-ctcp-cap-nuoc-quang-binh.htm,2015-07-15 17:00:00
859,4688,5,UPCoM,Tiện ích,Tiện ích,Nước,NQN,CTCP Nước sạch Quảng Ninh,50831593,https://finance.vietstock.vn/NQN-ctcp-nuoc-sach-quang-ninh.htm,2018-06-14 17:00:00
860,4663,2,HNX,Bất động sản,Bất động sản,Dịch vụ bất động sản,NRC,CTCP Tập đoàn Bất động sản Quốc gia,92597762,https://finance.vietstock.vn/NRC-ctcp-tap-doan-bat-dong-san-quoc-gia.htm,2018-04-04 17:00:00
861,809,1,HOSE,Tiêu dùng thiết yếu,"Thực phẩm, đồ uống và thuốc lá",Thực phẩm,NSC,CTCP Tập đoàn Giống cây trồng Việt Nam,17586988,https://finance.vietstock.vn/NSC-ctcp-tap-doan-giong-cay-trong-viet-nam.htm,2006-12-20 17:00:00
862,3220,5,UPCoM,Nguyên vật liệu,Nguyên vật liệu,Hóa chất,NSG,CTCP Nhựa Sài Gòn,8639208,https://finance.vietstock.vn/NSG-ctcp-nhua-sai-gon.htm,2016-05-18 17:00:00
863,2413,2,HNX,Nguyên vật liệu,Nguyên vật liệu,Khai khoáng và luyện kim,NSH,CTCP Tập Đoàn Nhôm Sông Hồng Shalumi,20693437,https://finance.vietstock.vn/NSH-ctcp-tap-doan-nhom-song-hong-shalumi.htm,2017-07-30 17:00:00
864,4750,5,UPCoM,Tiện ích,Tiện ích,Nước,NSL,CTCP Cấp nước Sơn La,12499872,https://finance.vietstock.vn/NSL-ctcp-cap-nuoc-son-la.htm,2019-07-21 17:00:00
865,4714,5,UPCoM,Tiêu dùng thiết yếu,"Thực phẩm, đồ uống và thuốc lá",Thực phẩm,NSS,CTCP Nông Súc Sản Đồng Nai,10263942,https://finance.vietstock.vn/NSS-ctcp-nong-suc-san-dong-nai.htm,2018-10-29 17:00:00
866,930,2,HNX,Tiêu dùng thiết yếu,"Thực phẩm, đồ uống và thuốc lá",Thuốc lá,NST,CTCP Ngân Sơn,11202003,https://finance.vietstock.vn/NST-ctcp-ngan-son.htm,2006-12-28 17:00:00
867,2348,1,HOSE,Tiện ích,Tiện ích,Điện,NT2,CTCP Điện lực Dầu khí Nhơn Trạch 2,287876029,https://finance.vietstock.vn/NT2-ctcp-dien-luc-dau-khi-nhon-trach-2.htm,2015-06-11 17:00:00
868,2716,1,HOSE,Bất động sản,Bất động sản,Quản lý và phát triển bất động sản,NTC,CTCP Khu Công nghiệp Nam Tân Uyên,23999980,https://finance.vietstock.vn/NTC-ctcp-khu-cong-nghiep-nam-tan-uyen.htm,2025-10-27 17:00:00
869,2443,5,UPCoM,Chăm sóc sức khỏe,"Dược phẩm, công nghệ sinh học và khoa học sự sống",Dược phẩm,NTF,CTCP Dược - Vật tư Y tế Nghệ An,6000000,https://finance.vietstock.vn/NTF-ctcp-duoc-vat-tu-y-te-nghe-an.htm,2019-07-03 17:00:00
870,4740,2,HNX,Tiện ích,Tiện ích,Phát điện độc lập và điện tái tạo,NTH,CTCP Thủy điện Nước Trong,10802053,https://finance.vietstock.vn/NTH-ctcp-thuy-dien-nuoc-trong.htm,2019-06-18 17:00:00
871,1022,1,HOSE,Bất động sản,Bất động sản,Quản lý và phát triển bất động sản,NTL,CTCP Phát triển Đô thị Từ Liêm,121979900,https://finance.vietstock.vn/NTL-ctcp-phat-trien-do-thi-tu-liem.htm,2007-12-20 17:00:00
872,931,2,HNX,Nguyên vật liệu,Nguyên vật liệu,Hóa chất,NTP,CTCP Nhựa Thiếu niên Tiền Phong,205245204,https://finance.vietstock.vn/NTP-ctcp-nhua-thieu-nien-tien-phong.htm,2006-12-10 17:00:00
873,2283,5,UPCoM,Tiêu dùng không thiết yếu,Thời trang và hàng lâu bền,Thời trang và dệt may,NTT,CTCP Dệt - May Nha Trang,23500000,https://finance.vietstock.vn/NTT-ctcp-det-may-nha-trang.htm,2017-12-26 17:00:00
874,2060,5,UPCoM,Tiện ích,Tiện ích,Nước,NTW,CTCP Cấp nước Nhơn Trạch,10000000,https://finance.vietstock.vn/NTW-ctcp-cap-nuoc-nhon-trach.htm,2012-04-08 17:00:00
875,3839,5,UPCoM,Công nghiệp,Dịch vụ thương mại và chuyên nghiệp,Dịch vụ và thiết bị thương mại ,NUE,CTCP Môi trường Đô thị Nha Trang,6000000,https://finance.vietstock.vn/NUE-ctcp-moi-truong-do-thi-nha-trang.htm,2017-02-19 17:00:00
876,1210,2,HNX,Tài chính,Tổ chức tín dụng,Ngân hàng,NVB,Ngân hàng TMCP Quốc Dân,1927984751,https://finance.vietstock.vn/NVB-ngan-hang-tmcp-quoc-dan.htm,2010-09-12 17:00:00
877,4046,1,HOSE,Bất động sản,Bất động sản,Quản lý và phát triển bất động sản,NVL,CTCP Tập đoàn Đầu tư Địa ốc No Va ,2402067972,https://finance.vietstock.vn/NVL-ctcp-tap-doan-dau-tu-dia-oc-no-va.htm,2016-12-27 17:00:00
878,4226,5,UPCoM,Tiện ích,Tiện ích,Nước,NVP,CTCP Nước sạch Vĩnh Phúc,10963000,https://finance.vietstock.vn/NVP-ctcp-nuoc-sach-vinh-phuc.htm,2016-12-14 17:00:00
879,2347,1,HOSE,Tiêu dùng không thiết yếu,Dịch vụ tiêu dùng,"Khách sạn, nhà hàng và giải trí",NVT,CTCP Bất động sản Du lịch Ninh Vân Bay,90500000,https://finance.vietstock.vn/NVT-ctcp-bat-dong-san-du-lich-ninh-van-bay.htm,2010-05-06 17:00:00
880,3997,5,UPCoM,Công nghiệp,Vận tải,Vận tải mặt đất,NWT,CTCP Vận tải Newway,8500000,https://finance.vietstock.vn/NWT-ctcp-van-tai-newway.htm,2016-03-29 17:00:00
881,4883,5,UPCoM,Nguyên vật liệu,Nguyên vật liệu,Vật liệu xây dựng,NXT,CTCP Sản xuất và Cung ứng Vật liệu Xây dựng Kon Tum,6600000,https://finance.vietstock.vn/NXT-ctcp-san-xuat-va-cung-ung-vat-lieu-xay-dung-kon-tum.htm,2021-12-08 17:00:00
882,1199,1,HOSE,Tài chính,Tổ chức tín dụng,Ngân hàng,OCB,Ngân hàng TMCP Phương Đông,2663052284,https://finance.vietstock.vn/OCB-ngan-hang-tmcp-phuong-dong.htm,2021-01-27 17:00:00
883,2695,2,HNX,Tiêu dùng thiết yếu,"Thực phẩm, đồ uống và thuốc lá",Thực phẩm,OCH,CTCP One Capital Hospitality,200000000,https://finance.vietstock.vn/OCH-ctcp-one-capital-hospitality.htm,2010-09-30 17:00:00
884,4889,5,UPCoM,Dịch vụ truyền thông,Truyền thông và giải trí,Truyền thông,ODE,CTCP Tập đoàn Truyền thông và Giải trí ODE,10000000,https://finance.vietstock.vn/ODE-ctcp-tap-doan-truyen-thong-va-giai-tri-ode.htm,2022-01-09 17:00:00
885,2545,1,HOSE,Tiêu dùng thiết yếu,"Thực phẩm, đồ uống và thuốc lá",Thực phẩm,OGC,CTCP Tập đoàn Đại Dương,300000000,https://finance.vietstock.vn/OGC-ctcp-tap-doan-dai-duong.htm,2010-05-03 17:00:00
886,4565,5,UPCoM,Năng lượng,Năng lượng,Dầu khí,OIL,Tổng Công ty Dầu Việt Nam - CTCP,201425936,https://finance.vietstock.vn/OIL-tong-cong-ty-dau-viet-nam-ctcp.htm,2018-03-06 17:00:00
887,1189,2,HNX,Dịch vụ truyền thông,Dịch vụ viễn thông,Dịch vụ viễn thông đa dạng,ONE,CTCP Công nghệ One,7960310,https://finance.vietstock.vn/ONE-ctcp-cong-nghe-one.htm,2008-06-23 17:00:00
888,4454,5,UPCoM,Dịch vụ truyền thông,Truyền thông và giải trí,Giải trí,ONW,CTCP Tập đoàn ONW,2000000,https://finance.vietstock.vn/ONW-ctcp-tap-doan-onw.htm,2017-02-16 17:00:00
889,1258,1,HOSE,Chăm sóc sức khỏe,"Dược phẩm, công nghệ sinh học và khoa học sự sống",Dược phẩm,OPC,CTCP Dược phẩm OPC,64050892,https://finance.vietstock.vn/OPC-ctcp-duoc-pham-opc.htm,2008-10-29 17:00:00
890,1350,1,HOSE,Tài chính,Dịch vụ tài chính,Thị trường vốn,ORS,CTCP Chứng khoán Tiên Phong,623930904,https://finance.vietstock.vn/ORS-ctcp-chung-khoan-tien-phong.htm,2021-11-03 17:00:00
891,740,1,HOSE,Công nghiệp,Hàng hóa công nghiệp,Thiết bị điện,PAC,CTCP Pin Ắc quy Miền Nam,76677626,https://finance.vietstock.vn/PAC-ctcp-pin-ac-quy-mien-nam.htm,2006-12-11 17:00:00
892,4442,5,UPCoM,Công nghệ thông tin,Phần mềm và dịch vụ,Dịch vụ CNTT,PAI,CTCP Công nghệ thông tin Viễn thông và Tự động hóa Dầu Khí,4235290,https://finance.vietstock.vn/PAI-ctcp-cong-nghe-thong-tin-vien-thong-va-tu-dong-hoa-dau-khi.htm,2017-01-22 17:00:00
893,932,1,HOSE,Tiêu dùng thiết yếu,"Thực phẩm, đồ uống và thuốc lá",Thực phẩm,PAN,CTCP Tập đoàn PAN,258072996,https://finance.vietstock.vn/PAN-ctcp-tap-doan-pan.htm,2010-12-14 17:00:00
894,2671,5,UPCoM,Công nghiệp,Vận tải,Hạ tầng giao thông,PAP,CTCP Dầu khí Đầu tư Khai thác Cảng Phước An,357000000,https://finance.vietstock.vn/PAP-ctcp-dau-khi-dau-tu-khai-thac-cang-phuoc-an.htm,2021-07-13 17:00:00
895,4729,5,UPCoM,Nguyên vật liệu,Nguyên vật liệu,Khai khoáng và luyện kim,PAS,CTCP Quốc tế Phương Anh,28049968,https://finance.vietstock.vn/PAS-ctcp-quoc-te-phuong-anh.htm,2020-09-20 17:00:00
896,4901,5,UPCoM,Nguyên vật liệu,Nguyên vật liệu,Hóa chất,PAT,CTCP Phốt Pho Apatit Việt Nam,25000000,https://finance.vietstock.vn/PAT-ctcp-phot-pho-apatit-viet-nam.htm,2022-06-16 17:00:00
897,2429,5,UPCoM,Chăm sóc sức khỏe,"Dược phẩm, công nghệ sinh học và khoa học sự sống",Dược phẩm,PBC,CTCP Dược phẩm Trung ương I - Pharbaco,116698448,https://finance.vietstock.vn/PBC-ctcp-duoc-pham-trung-uong-i-pharbaco.htm,2019-11-25 17:00:00
898,3752,2,HNX,Nguyên vật liệu,Nguyên vật liệu,Bao bì và vật chứa,PBP,CTCP Bao bì Dầu khí Việt Nam,4799516,https://finance.vietstock.vn/PBP-ctcp-bao-bi-dau-khi-viet-nam.htm,2015-01-26 17:00:00
899,4339,5,UPCoM,Nguyên vật liệu,Nguyên vật liệu,Hóa chất,PBT,CTCP Bao bì và Thương mại dầu khí Bình Sơn,17522284,https://finance.vietstock.vn/PBT-ctcp-bao-bi-va-thuong-mai-dau-khi-binh-son.htm,2019-01-17 17:00:00
900,2858,1,HOSE,Công nghiệp,Hàng hóa công nghiệp,Kỹ thuật xây dựng,PC1,CTCP Tập Đoàn PC1,411285343,https://finance.vietstock.vn/PC1-ctcp-tap-doan-pc1.htm,2016-11-15 17:00:00
901,2130,5,UPCoM,Nguyên vật liệu,Nguyên vật liệu,Vật liệu xây dựng,PCC,CTCP Tập đoàn Xây lắp 1 - Petrolimex,11500000,https://finance.vietstock.vn/PCC-ctcp-tap-doan-xay-lap-1-petrolimex.htm,2017-11-13 17:00:00
902,4090,2,HNX,Nguyên vật liệu,Nguyên vật liệu,Hóa chất,PCE,CTCP Phân bón và Hóa chất Dầu khí Miền Trung,10000000,https://finance.vietstock.vn/PCE-ctcp-phan-bon-va-hoa-chat-dau-khi-mien-trung.htm,2015-07-22 17:00:00
903,1628,5,UPCoM,Năng lượng,Năng lượng,Dầu khí,PCF,CTCP Cà phê PETEC,3000000,https://finance.vietstock.vn/PCF-ctcp-ca-phe-petec.htm,2017-03-28 17:00:00
904,2483,5,UPCoM,Tiện ích,Tiện ích,Gas sinh hoạt,PCG,CTCP Đầu tư Phát triển Gas Đô thị,18870000,https://finance.vietstock.vn/PCG-ctcp-dau-tu-phat-trien-gas-do-thi.htm,2025-07-09 17:00:00
905,4893,2,HNX,Nguyên vật liệu,Nguyên vật liệu,Hóa chất,PCH,CTCP Nhựa Picomat,25409893,https://finance.vietstock.vn/PCH-ctcp-nhua-picomat.htm,2022-07-27 17:00:00
906,4535,5,UPCoM,Nguyên vật liệu,Nguyên vật liệu,Hóa chất,PCM,CTCP Vật liệu Xây dựng Bưu điện,4000000,https://finance.vietstock.vn/PCM-ctcp-vat-lieu-xay-dung-buu-dien.htm,2017-08-09 17:00:00
907,2668,2,HNX,Công nghiệp,Vận tải,Vận tải biển,PCT,CTCP Vận tải biển Global Pacific,80035493,https://finance.vietstock.vn/PCT-ctcp-van-tai-bien-global-pacific.htm,2011-09-11 17:00:00
908,4020,2,HNX,Nguyên vật liệu,Nguyên vật liệu,Vật liệu xây dựng,PDB,CTCP Tập đoàn Đầu tư Din Capital,8909981,https://finance.vietstock.vn/PDB-ctcp-tap-doan-dau-tu-din-capital.htm,2015-08-02 17:00:00
909,1828,5,UPCoM,Tiêu dùng không thiết yếu,Dịch vụ tiêu dùng,"Khách sạn, nhà hàng và giải trí",PDC,CTCP Du lịch Dầu khí Phương Đông,15000000,https://finance.vietstock.vn/PDC-ctcp-du-lich-dau-khi-phuong-dong.htm,2022-08-07 17:00:00
910,2074,1,HOSE,Công nghiệp,Vận tải,Hạ tầng giao thông,PDN,CTCP Cảng Đồng Nai,55565820,https://finance.vietstock.vn/PDN-ctcp-cang-dong-nai.htm,2011-10-25 17:00:00
911,2619,1,HOSE,Bất động sản,Bất động sản,Quản lý và phát triển bất động sản,PDR,CTCP Phát triển Bất động sản Phát Đạt,997809379,https://finance.vietstock.vn/PDR-ctcp-phat-trien-bat-dong-san-phat-dat.htm,2010-07-29 17:00:00
912,3223,1,HOSE,Công nghiệp,Vận tải,Vận tải biển,PDV,CTCP Vận Tải Và Tiếp Vận Phương Đông Việt,79314926,https://finance.vietstock.vn/PDV-ctcp-van-tai-va-tiep-van-phuong-dong-viet.htm,2025-11-18 17:00:00
913,4608,5,UPCoM,Tiêu dùng không thiết yếu,Thương mại hàng không thiết yếu,Nhà phân phối,PEG,Tổng Công ty Thương mại Kỹ thuật và Đầu tư - CTCP,231898919,https://finance.vietstock.vn/PEG-tong-cong-ty-thuong-mai-ky-thuat-va-dau-tu-ctcp.htm,2018-11-04 17:00:00
914,2160,2,HNX,Công nghiệp,Hàng hóa công nghiệp,Kỹ thuật xây dựng,PEN,CTCP Xây lắp III Petrolimex,5000000,https://finance.vietstock.vn/PEN-ctcp-xay-lap-iii-petrolimex.htm,2014-09-24 17:00:00
915,1724,5,UPCoM,Năng lượng,Năng lượng,Thiết bị và dịch vụ năng lượng,PEQ,CTCP Thiết bị Xăng dầu Petrolimex,4965514,https://finance.vietstock.vn/PEQ-ctcp-thiet-bi-xang-dau-petrolimex.htm,2016-01-17 17:00:00
916,941,1,HOSE,Tiêu dùng không thiết yếu,Thương mại hàng không thiết yếu,Bán lẻ chuyên doanh,PET,Tổng Công ty cổ phần Dịch vụ Tổng hợp Dầu khí,107334831,https://finance.vietstock.vn/PET-tong-cong-ty-co-phan-dich-vu-tong-hop-dau-khi.htm,2007-09-11 17:00:00
917,2509,5,UPCoM,Công nghiệp,Hàng hóa công nghiệp,Phân phối hàng công nghiệp,PFL,CTCP Dầu khí Đông Đô,50000000,https://finance.vietstock.vn/PFL-ctcp-dau-khi-dong-do.htm,2015-05-24 17:00:00
918,1218,5,UPCoM,Tài chính,Tổ chức tín dụng,Ngân hàng,PGB,Ngân hàng TMCP Thịnh vượng và Phát triển,732702236,https://finance.vietstock.vn/PGB-ngan-hang-tmcp-thinh-vuong-va-phat-trien.htm,2020-12-23 17:00:00
919,810,1,HOSE,Tiện ích,Tiện ích,Gas sinh hoạt,PGC,Tổng Công ty Gas Petrolimex - CTCP,60342638,https://finance.vietstock.vn/PGC-tong-cong-ty-gas-petrolimex-ctcp.htm,2006-11-23 17:00:00
920,1552,1,HOSE,Tiện ích,Tiện ích,Gas sinh hoạt,PGD,CTCP Phân phối khí thấp áp Dầu khí Việt Nam,98998266,https://finance.vietstock.vn/PGD-ctcp-phan-phoi-khi-thap-ap-dau-khi-viet-nam.htm,2009-11-25 17:00:00
921,2044,1,HOSE,Tài chính,Bảo hiểm,Bảo hiểm,PGI,Tổng Công ty cổ phần Bảo hiểm Petrolimex,110896796,https://finance.vietstock.vn/PGI-tong-cong-ty-co-phan-bao-hiem-petrolimex.htm,2011-07-28 17:00:00
922,4736,2,HNX,Nguyên vật liệu,Nguyên vật liệu,Hóa chất,PGN,CTCP Phụ Gia Nhựa,9464859,https://finance.vietstock.vn/PGN-ctcp-phu-gia-nhua.htm,2019-07-03 17:00:00
923,1068,2,HNX,Tiện ích,Tiện ích,Gas sinh hoạt,PGS,CTCP Kinh doanh Khí Miền Nam,50000000,https://finance.vietstock.vn/PGS-ctcp-kinh-doanh-khi-mien-nam.htm,2007-11-14 17:00:00
924,1487,2,HNX,Công nghiệp,Dịch vụ thương mại và chuyên nghiệp,Dịch vụ chuyên nghiệp,PGT,CTCP PGT Holdings,9241801,https://finance.vietstock.vn/PGT-ctcp-pgt-holdings.htm,2009-12-24 17:00:00
925,4653,1,HOSE,Tiện ích,Tiện ích,Điện,PGV,Tổng Công ty Phát điện 3 - CTCP,1123468046,https://finance.vietstock.vn/PGV-tong-cong-ty-phat-dien-3-ctcp.htm,2022-02-09 17:00:00
926,1863,1,HOSE,Công nghiệp,Hàng hóa công nghiệp,Kỹ thuật xây dựng,PHC,CTCP Xây dựng Phục Hưng Holdings,50602094,https://finance.vietstock.vn/PHC-ctcp-xay-dung-phuc-hung-holdings.htm,2018-10-02 17:00:00
927,2236,5,UPCoM,Bất động sản,Bất động sản,Quản lý và phát triển bất động sản,PHH,CTCP Hồng Hà Việt Nam,20000000,https://finance.vietstock.vn/PHH-ctcp-hong-ha-viet-nam.htm,2015-08-30 17:00:00
928,1707,2,HNX,Công nghiệp,Hàng hóa công nghiệp,Thiết bị điện,PHN,CTCP Pin Hà Nội,7253911,https://finance.vietstock.vn/PHN-ctcp-pin-ha-noi.htm,2019-03-12 17:00:00
929,3781,5,UPCoM,Công nghiệp,Vận tải,Hạ tầng giao thông,PHP,CTCP Cảng Hải Phòng,326960000,https://finance.vietstock.vn/PHP-ctcp-cang-hai-phong.htm,2022-09-13 17:00:00
930,1549,1,HOSE,Nguyên vật liệu,Nguyên vật liệu,Hóa chất,PHR,CTCP Cao su Phước Hòa,135499198,https://finance.vietstock.vn/PHR-ctcp-cao-su-phuoc-hoa.htm,2009-08-17 17:00:00
931,848,5,UPCoM,Tài chính,Dịch vụ tài chính,Thị trường vốn,PHS,CTCP Chứng khoán Phú Hưng,200009819,https://finance.vietstock.vn/PHS-ctcp-chung-khoan-phu-hung.htm,2019-07-30 17:00:00
932,4072,2,HNX,Công nghệ thông tin,Phần mềm và dịch vụ,Phần mềm,PIA,CTCP Tin học Viễn thông Petrolimex,3900000,https://finance.vietstock.vn/PIA-ctcp-tin-hoc-vien-thong-petrolimex.htm,2019-09-05 17:00:00
933,2069,2,HNX,Tiện ích,Tiện ích,Điện,PIC,CTCP Đầu tư Điện lực 3,33339891,https://finance.vietstock.vn/PIC-ctcp-dau-tu-dien-luc-3.htm,2017-01-08 17:00:00
934,3216,5,UPCoM,Công nghiệp,Dịch vụ thương mại và chuyên nghiệp,Dịch vụ chuyên nghiệp,PID,CTCP Trang Trí Nội Thất Dầu khí,4000000,https://finance.vietstock.vn/PID-ctcp-trang-tri-noi-that-dau-khi.htm,2012-11-21 17:00:00
935,4008,5,UPCoM,Nguyên vật liệu,Nguyên vật liệu,Gỗ và giấy,PIS,Tổng Công ty Pisico Bình Định - CTCP,27500000,https://finance.vietstock.vn/PIS-tong-cong-ty-pisico-binh-dinh-ctcp.htm,2016-01-11 17:00:00
936,1079,1,HOSE,Tiêu dùng thiết yếu,Thương mại hàng thiết yếu,Thương mại hàng thiết yếu,PIT,CTCP Xuất nhập khẩu Petrolimex,15199345,https://finance.vietstock.vn/PIT-ctcp-xuat-nhap-khau-petrolimex.htm,2008-01-23 17:00:00
937,2656,5,UPCoM,Tiêu dùng không thiết yếu,Thương mại hàng không thiết yếu,Bán lẻ chuyên doanh,PIV,CTCP PIV,17324942,https://finance.vietstock.vn/PIV-ctcp-piv.htm,2010-08-17 17:00:00
938,933,2,HNX,Năng lượng,Năng lượng,Dầu khí,PJC,CTCP Thương mại và Vận tải Petrolimex Hà Nội,7326928,https://finance.vietstock.vn/PJC-ctcp-thuong-mai-va-van-tai-petrolimex-ha-noi.htm,2006-12-24 17:00:00
939,1287,5,UPCoM,Tiện ích,Tiện ích,Nước,PJS,CTCP Cấp nước Phú Hòa Tân,9000000,https://finance.vietstock.vn/PJS-ctcp-cap-nuoc-phu-hoa-tan.htm,2011-12-04 17:00:00
940,811,1,HOSE,Năng lượng,Năng lượng,Dầu khí,PJT,CTCP Vận tải Xăng dầu Đường Thủy Petrolimex,24882785,https://finance.vietstock.vn/PJT-ctcp-van-tai-xang-dau-duong-thuy-petrolimex.htm,2006-12-27 17:00:00
941,2142,5,UPCoM,Bất động sản,Bất động sản,Quản lý và phát triển bất động sản,PLA,CTCP Đầu tư và Dịch vụ Hạ tầng Xăng dầu,10000000,https://finance.vietstock.vn/PLA-ctcp-dau-tu-va-dich-vu-ha-tang-xang-dau.htm,2017-11-19 17:00:00
942,934,2,HNX,Nguyên vật liệu,Nguyên vật liệu,Hóa chất,PLC,Tổng Công ty Hóa dầu Petrolimex - CTCP,80798839,https://finance.vietstock.vn/PLC-tong-cong-ty-hoa-dau-petrolimex-ctcp.htm,2006-12-26 17:00:00
943,4849,5,UPCoM,Công nghiệp,Dịch vụ thương mại và chuyên nghiệp,Dịch vụ chuyên nghiệp,PLE,CTCP Tư vấn Xây dựng Petrolimex,1215000,https://finance.vietstock.vn/PLE-ctcp-tu-van-xay-dung-petrolimex.htm,2021-01-06 17:00:00
944,2843,5,UPCoM,Năng lượng,Năng lượng,Dầu khí,PLO,CTCP Kho Vận Petec,7192550,https://finance.vietstock.vn/PLO-ctcp-kho-van-petec.htm,2020-04-09 17:00:00
945,4542,1,HOSE,Nguyên vật liệu,Nguyên vật liệu,Hóa chất,PLP,CTCP Sản xuất và Công nghệ Nhựa Pha Lê,90000000,https://finance.vietstock.vn/PLP-ctcp-san-xuat-va-cong-nghe-nhua-pha-le.htm,2017-08-20 17:00:00
946,3023,1,HOSE,Năng lượng,Năng lượng,Dầu khí,PLX,Tập đoàn Xăng Dầu Việt Nam,1293878081,https://finance.vietstock.vn/PLX-tap-doan-xang-dau-viet-nam.htm,2017-04-20 17:00:00
947,4123,2,HNX,Nguyên vật liệu,Nguyên vật liệu,Hóa chất,PMB,CTCP Phân bón và Hóa chất Dầu khí Miền Bắc,12000000,https://finance.vietstock.vn/PMB-ctcp-phan-bon-va-hoa-chat-dau-khi-mien-bac.htm,2015-10-06 17:00:00
948,1316,2,HNX,Chăm sóc sức khỏe,"Dược phẩm, công nghệ sinh học và khoa học sự sống",Dược phẩm,PMC,CTCP Dược phẩm Dược liệu Pharmedic,9332573,https://finance.vietstock.vn/PMC-ctcp-duoc-pham-duoc-lieu-pharmedic.htm,2009-10-08 17:00:00
949,4639,1,HOSE,Tiện ích,Tiện ích,Gas sinh hoạt,PMG,CTCP Đầu tư và Sản xuất Petro Miền Trung,46336278,https://finance.vietstock.vn/PMG-ctcp-dau-tu-va-san-xuat-petro-mien-trung.htm,2018-01-24 17:00:00
950,1250,5,UPCoM,Tiêu dùng không thiết yếu,Thương mại hàng không thiết yếu,Nhà phân phối,PMJ,CTCP Vật tư Bưu Điện,1800000,https://finance.vietstock.vn/PMJ-ctcp-vat-tu-buu-dien.htm,2016-06-28 17:00:00
951,4084,2,HNX,Nguyên vật liệu,Nguyên vật liệu,Bao bì và vật chứa,PMP,CTCP Bao bì đạm Phú Mỹ,4200000,https://finance.vietstock.vn/PMP-ctcp-bao-bi-dam-phu-my.htm,2015-09-21 17:00:00
952,654,2,HNX,Năng lượng,Năng lượng,Dầu khí,PMS,CTCP Cơ khí Xăng dầu,7227662,https://finance.vietstock.vn/PMS-ctcp-co-khi-xang-dau.htm,2003-11-03 17:00:00
953,2231,5,UPCoM,Dịch vụ truyền thông,Dịch vụ viễn thông,Dịch vụ viễn thông đa dạng,PMT,CTCP Viễn thông TELVINA Việt Nam,5000000,https://finance.vietstock.vn/PMT-ctcp-vien-thong-telvina-viet-nam.htm,2010-07-21 17:00:00
954,1640,5,UPCoM,Tiện ích,Tiện ích,Nước,PMW,CTCP Cấp nước Phú Mỹ,49999832,https://finance.vietstock.vn/PMW-ctcp-cap-nuoc-phu-my.htm,2019-07-16 17:00:00
955,1798,1,HOSE,Tiêu dùng không thiết yếu,Thương mại hàng không thiết yếu,Bán lẻ chuyên doanh,PNC,CTCP Văn hóa Phương Nam,11040241,https://finance.vietstock.vn/PNC-ctcp-van-hoa-phuong-nam.htm,2005-07-10 17:00:00
956,4457,5,UPCoM,Năng lượng,Năng lượng,Dầu khí,PND,CTCP Xăng dầu Dầu khí Nam Định,6666666,https://finance.vietstock.vn/PND-ctcp-xang-dau-dau-khi-nam-dinh.htm,2017-02-19 17:00:00
957,1732,5,UPCoM,Tiêu dùng không thiết yếu,Dịch vụ tiêu dùng,"Khách sạn, nhà hàng và giải trí",PNG,CTCP Thương mại Phú Nhuận,9000000,https://finance.vietstock.vn/PNG-ctcp-thuong-mai-phu-nhuan.htm,2016-04-04 17:00:00
958,1531,1,HOSE,Tiêu dùng không thiết yếu,Thương mại hàng không thiết yếu,Bán lẻ chuyên doanh,PNJ,CTCP Vàng bạc Đá quý Phú Nhuận,511891518,https://finance.vietstock.vn/PNJ-ctcp-vang-bac-da-quy-phu-nhuan.htm,2009-03-22 17:00:00
959,3230,5,UPCoM,Công nghiệp,Vận tải,Hạ tầng giao thông,PNP,CTCP Tân Cảng - Phú Hữu,16100000,https://finance.vietstock.vn/PNP-ctcp-tan-cang-phu-huu.htm,2019-05-16 17:00:00
960,1692,5,UPCoM,Bất động sản,Bất động sản,Quản lý và phát triển bất động sản,PNT,CTCP Kỹ thuật Xây dựng Phú Nhuận,9282802,https://finance.vietstock.vn/PNT-ctcp-ky-thuat-xay-dung-phu-nhuan.htm,2017-01-11 17:00:00
961,4563,5,UPCoM,Năng lượng,Năng lượng,Dầu khí,POB,CTCP Xăng dầu Dầu khí Hưng Yên,10900000,https://finance.vietstock.vn/POB-ctcp-xang-dau-dau-khi-hung-yen.htm,2017-09-28 17:00:00
962,2415,5,UPCoM,Nguyên vật liệu,Nguyên vật liệu,Khai khoáng và luyện kim,POM,CTCP Thép Pomina,279676336,https://finance.vietstock.vn/POM-ctcp-thep-pomina.htm,2024-05-22 17:00:00
963,3583,5,UPCoM,Năng lượng,Năng lượng,Thiết bị và dịch vụ năng lượng,POS,CTCP Vận hành và Xây lắp PTSC,45999965,https://finance.vietstock.vn/POS-ctcp-van-hanh-va-xay-lap-ptsc.htm,2016-11-24 17:00:00
964,935,2,HNX,Công nghệ thông tin,Phần cứng và thiết bị,Thiết bị viễn thông,POT,CTCP Thiết bị Bưu điện,19430006,https://finance.vietstock.vn/POT-ctcp-thiet-bi-buu-dien.htm,2006-12-19 17:00:00
965,2690,5,UPCoM,Năng lượng,Năng lượng,Dầu khí,POV,CTCP Xăng dầu Dầu khí Vũng Áng,12499612,https://finance.vietstock.vn/POV-ctcp-xang-dau-dau-khi-vung-ang.htm,2010-09-22 17:00:00
966,4620,1,HOSE,Tiện ích,Tiện ích,Điện,POW,Tổng Công ty Điện lực Dầu khí Việt Nam - CTCP,3067845688,https://finance.vietstock.vn/POW-tong-cong-ty-dien-luc-dau-khi-viet-nam-ctcp.htm,2019-01-13 17:00:00
967,999,1,HOSE,Tiện ích,Tiện ích,Điện,PPC,CTCP Nhiệt điện Phả Lại,326235000,https://finance.vietstock.vn/PPC-ctcp-nhiet-dien-pha-lai.htm,2007-01-25 17:00:00
968,2699,2,HNX,Nguyên vật liệu,Nguyên vật liệu,Vật liệu xây dựng,PPE,CTCP Tư vấn đầu tư PP Enterprise,3600000,https://finance.vietstock.vn/PPE-ctcp-tu-van-dau-tu-pp-enterprise.htm,2011-09-20 17:00:00
969,1514,5,UPCoM,Tiêu dùng không thiết yếu,Thời trang và hàng lâu bền,Thời trang và dệt may,PPH,Tổng Công ty cổ phần Phong Phú,74670891,https://finance.vietstock.vn/PPH-tong-cong-ty-co-phan-phong-phu.htm,2017-08-22 17:00:00
970,2492,5,UPCoM,Bất động sản,Bất động sản,Quản lý và phát triển bất động sản,PPI,CTCP Đầu tư và Phát triển Dự án Hạ tầng Thái Bình Dương,48290629,https://finance.vietstock.vn/PPI-ctcp-dau-tu-va-phat-trien-du-an-ha-tang-thai-binh-duong.htm,2019-05-26 17:00:00
971,1658,2,HNX,Chăm sóc sức khỏe,"Dược phẩm, công nghệ sinh học và khoa học sự sống",Dược phẩm,PPP,CTCP Dược phẩm Phong Phú,8799991,https://finance.vietstock.vn/PPP-ctcp-duoc-pham-phong-phu.htm,2011-07-17 17:00:00
972,2693,2,HNX,Công nghiệp,Hàng hóa công nghiệp,Kỹ thuật xây dựng,PPS,CTCP Dịch vụ Kỹ thuật Điện lực Dầu khí Việt Nam,15000000,https://finance.vietstock.vn/PPS-ctcp-dich-vu-ky-thuat-dien-luc-dau-khi-viet-nam.htm,2011-01-06 17:00:00
973,4900,2,HNX,Năng lượng,Năng lượng,Dầu khí,PPT,CTCP Petro Times,19644923,https://finance.vietstock.vn/PPT-ctcp-petro-times.htm,2023-06-25 17:00:00
974,2674,2,HNX,Năng lượng,Năng lượng,Dầu khí,PPY,CTCP Xăng dầu Dầu khí Phú Yên,9343974,https://finance.vietstock.vn/PPY-ctcp-xang-dau-dau-khi-phu-yen.htm,2016-03-01 17:00:00
975,4762,5,UPCoM,Công nghiệp,Hàng hóa công nghiệp,Kỹ thuật xây dựng,PQN,CTCP Dịch vụ Dầu khí Quảng Ngãi PTSC,30000000,https://finance.vietstock.vn/PQN-ctcp-dich-vu-dau-khi-quang-ngai-ptsc.htm,2019-10-03 17:00:00
976,2516,2,HNX,Công nghiệp,Vận tải,Vận tải biển,PRC,CTCP Logistics Portserco,6199698,https://finance.vietstock.vn/PRC-ctcp-logistics-portserco.htm,2010-11-28 17:00:00
977,4799,2,HNX,Tài chính,Bảo hiểm,Bảo hiểm,PRE,Tổng Công ty cổ phần Tái bảo hiểm Hà Nội,104400000,https://finance.vietstock.vn/PRE-tong-cong-ty-co-phan-tai-bao-hiem-ha-noi.htm,2020-12-23 17:00:00
978,2222,5,UPCoM,Tiêu dùng thiết yếu,"Thực phẩm, đồ uống và thuốc lá",Thực phẩm,PRO,CTCP Procimex Việt Nam,3000000,https://finance.vietstock.vn/PRO-ctcp-procimex-viet-nam.htm,2014-10-09 17:00:00
979,4661,5,UPCoM,Nguyên vật liệu,Nguyên vật liệu,Hóa chất,PRT,Tổng Công ty Sản xuất - Xuất nhập khẩu Bình Dương - CTCP,300000000,https://finance.vietstock.vn/PRT-tong-cong-ty-san-xuat-xuat-nhap-khau-binh-duong-ctcp.htm,2018-05-06 17:00:00
980,2072,5,UPCoM,Năng lượng,Năng lượng,Thiết bị và dịch vụ năng lượng,PSB,CTCP Đầu tư Dầu khí Sao Mai - Bến Đình,50000000,https://finance.vietstock.vn/PSB-ctcp-dau-tu-dau-khi-sao-mai-ben-dinh.htm,2010-02-24 17:00:00
981,938,2,HNX,Năng lượng,Năng lượng,Dầu khí,PSC,CTCP Vận tải và Dịch vụ Petrolimex Sài Gòn,7200000,https://finance.vietstock.vn/PSC-ctcp-van-tai-va-dich-vu-petrolimex-sai-gon.htm,2006-12-28 17:00:00
982,3567,2,HNX,Tiêu dùng không thiết yếu,Thương mại hàng không thiết yếu,Nhà phân phối,PSD,CTCP Dịch vụ Phân phối Tổng hợp Dầu khí,51827894,https://finance.vietstock.vn/PSD-ctcp-dich-vu-phan-phoi-tong-hop-dau-khi.htm,2013-06-27 17:00:00
983,3017,2,HNX,Nguyên vật liệu,Nguyên vật liệu,Hóa chất,PSE,CTCP Phân Bón và Hóa Chất Dầu khí Đông Nam Bộ,12500000,https://finance.vietstock.vn/PSE-ctcp-phan-bon-va-hoa-chat-dau-khi-dong-nam-bo.htm,2015-03-17 17:00:00
984,4791,5,UPCoM,Năng lượng,Năng lượng,Dầu khí,PSH,CTCP Thương mại Đầu tư Dầu khí Nam Sông Hậu,126196780,https://finance.vietstock.vn/PSH-ctcp-thuong-mai-dau-tu-dau-khi-nam-song-hau.htm,2025-07-08 17:00:00
985,1353,2,HNX,Tài chính,Dịch vụ tài chính,Thị trường vốn,PSI,CTCP Chứng khoán Dầu khí,59841300,https://finance.vietstock.vn/PSI-ctcp-chung-khoan-dau-khi.htm,2010-07-20 17:00:00
986,2276,5,UPCoM,Tiêu dùng thiết yếu,"Thực phẩm, đồ uống và thuốc lá",Thực phẩm,PSL,CTCP Chăn nuôi Phú Sơn,11812500,https://finance.vietstock.vn/PSL-ctcp-chan-nuoi-phu-son.htm,2010-05-16 17:00:00
987,3348,5,UPCoM,Công nghiệp,Vận tải,Hạ tầng giao thông,PSN,CTCP Dịch Vụ Kỹ Thuật PTSC Thanh Hóa,40000000,https://finance.vietstock.vn/PSN-ctcp-dich-vu-ky-thuat-ptsc-thanh-hoa.htm,2017-06-28 17:00:00
988,1869,5,UPCoM,Công nghiệp,Vận tải,Hạ tầng giao thông,PSP,CTCP Cảng Dịch vụ Dầu khí Đình Vũ,40000000,https://finance.vietstock.vn/PSP-ctcp-cang-dich-vu-dau-khi-dinh-vu.htm,2009-11-09 17:00:00
989,3310,2,HNX,Nguyên vật liệu,Nguyên vật liệu,Hóa chất,PSW,CTCP Phân bón và Hóa chất Dầu khí Tây Nam Bộ,17000000,https://finance.vietstock.vn/PSW-ctcp-phan-bon-va-hoa-chat-dau-khi-tay-nam-bo.htm,2015-07-20 17:00:00
990,1706,1,HOSE,Nguyên vật liệu,Nguyên vật liệu,Gỗ và giấy,PTB,CTCP Phú Tài,100407074,https://finance.vietstock.vn/PTB-ctcp-phu-tai.htm,2011-07-21 17:00:00
991,939,1,HOSE,Công nghiệp,Dịch vụ thương mại và chuyên nghiệp,Dịch vụ chuyên nghiệp,PTC,CTCP Đầu Tư Icapital,32307324,https://finance.vietstock.vn/PTC-ctcp-dau-tu-icapital.htm,2008-12-14 17:00:00
992,2019,2,HNX,Công nghiệp,Hàng hóa công nghiệp,Kỹ thuật xây dựng,PTD,CTCP Thiết kế Xây dựng Thương mại Phúc Thịnh,19999933,https://finance.vietstock.vn/PTD-ctcp-thiet-ke-xay-dung-thuong-mai-phuc-thinh.htm,2015-11-09 17:00:00
993,2039,5,UPCoM,Nguyên vật liệu,Nguyên vật liệu,Vật liệu xây dựng,PTE,CTCP Xi măng Phú Thọ,12500000,https://finance.vietstock.vn/PTE-ctcp-xi-mang-phu-tho.htm,2015-06-29 17:00:00
994,2206,5,UPCoM,Tiêu dùng không thiết yếu,Thời trang và hàng lâu bền,Thời trang và dệt may,PTG,CTCP May Xuất khẩu Phan Thiết,4996185,https://finance.vietstock.vn/PTG-ctcp-may-xuat-khau-phan-thiet.htm,2010-01-03 17:00:00
995,2536,5,UPCoM,Tiêu dùng không thiết yếu,Thương mại hàng không thiết yếu,Nhà phân phối,PTH,CTCP Vận tải và Dịch vụ Petrolimex Hà Tây,3503164,https://finance.vietstock.vn/PTH-ctcp-van-tai-va-dich-vu-petrolimex-ha-tay.htm,2010-03-22 17:00:00
996,1938,2,HNX,Tài chính,Bảo hiểm,Bảo hiểm,PTI,Tổng Công ty cổ phần Bảo hiểm Bưu điện,120592129,https://finance.vietstock.vn/PTI-tong-cong-ty-co-phan-bao-hiem-buu-dien.htm,2011-03-01 17:00:00
997,2602,1,HOSE,Bất động sản,Bất động sản,Quản lý và phát triển bất động sản,PTL,CTCP Victory Group,100000000,https://finance.vietstock.vn/PTL-ctcp-victory-group.htm,2010-09-21 17:00:00
998,1468,5,UPCoM,Tiêu dùng không thiết yếu,Thương mại hàng không thiết yếu,Nhà phân phối,PTM,CTCP Sản xuất Thương mại và Dịch vụ Ô tô PTM,35199993,https://finance.vietstock.vn/PTM-ctcp-san-xuat-thuong-mai-va-dich-vu-o-to-ptm.htm,2025-08-21 17:00:00
999,2107,5,UPCoM,Công nghiệp,Hàng hóa công nghiệp,Kỹ thuật xây dựng,PTO,CTCP Dịch vụ - Xây dựng Công trình Bưu Điện,1200000,https://finance.vietstock.vn/PTO-ctcp-dich-vu-xay-dung-cong-trinh-buu-dien.htm,2017-06-19 17:00:00
1000,1907,5,UPCoM,Dịch vụ truyền thông,Dịch vụ viễn thông,Dịch vụ viễn thông đa dạng,PTP,CTCP PTP,6800000,https://finance.vietstock.vn/PTP-ctcp-ptp.htm,2009-12-09 17:00:00
1001,940,2,HNX,Công nghiệp,Vận tải,Vận tải biển,PTS,CTCP Vận tải và Dịch vụ Petrolimex Hải Phòng,5568000,https://finance.vietstock.vn/PTS-ctcp-van-tai-va-dich-vu-petrolimex-hai-phong.htm,2006-11-30 17:00:00
1002,2605,5,UPCoM,Công nghiệp,Vận tải,Vận tải mặt đất,PTT,CTCP Vận tải Dầu khí Đông Dương,16493172,https://finance.vietstock.vn/PTT-ctcp-van-tai-dau-khi-dong-duong.htm,2010-04-28 17:00:00
1003,2653,5,UPCoM,Tiêu dùng không thiết yếu,Thương mại hàng không thiết yếu,Nhà phân phối,PTV,CTCP Thương mại Dầu khí,20000000,https://finance.vietstock.vn/PTV-ctcp-thuong-mai-dau-khi.htm,2019-11-04 17:00:00
1004,2254,2,HNX,Năng lượng,Năng lượng,Dầu khí,PTX,CTCP Vận tải và Dịch vụ Petrolimex Nghệ Tĩnh,6432453,https://finance.vietstock.vn/PTX-ctcp-van-tai-va-dich-vu-petrolimex-nghe-tinh.htm,2024-10-07 17:00:00
1005,2687,2,HNX,Tài chính,Dịch vụ tài chính,Dịch vụ tài chính,PV2,CTCP Genea Capital,37350000,https://finance.vietstock.vn/PV2-ctcp-genea-capital.htm,2010-12-15 17:00:00
1006,3032,2,HNX,Năng lượng,Năng lượng,Thiết bị và dịch vụ năng lượng,PVB,CTCP Bọc ống Dầu khí Việt Nam,21599998,https://finance.vietstock.vn/PVB-ctcp-boc-ong-dau-khi-viet-nam.htm,2013-12-23 17:00:00
1007,1084,2,HNX,Năng lượng,Năng lượng,Thiết bị và dịch vụ năng lượng,PVC,Tổng Công ty Hóa chất và Dịch vụ Dầu khí - CTCP,81194463,https://finance.vietstock.vn/PVC-tong-cong-ty-hoa-chat-va-dich-vu-dau-khi-ctcp.htm,2007-11-14 17:00:00
1008,814,1,HOSE,Năng lượng,Năng lượng,Thiết bị và dịch vụ năng lượng,PVD,Tổng Công ty cổ phần Khoan và Dịch vụ khoan Dầu khí,556296006,https://finance.vietstock.vn/PVD-tong-cong-ty-co-phan-khoan-va-dich-vu-khoan-dau-khi.htm,2006-12-04 17:00:00
1009,1085,5,UPCoM,Công nghiệp,Dịch vụ thương mại và chuyên nghiệp,Dịch vụ chuyên nghiệp,PVE,Tổng Công ty Tư vấn thiết kế Dầu khí - CTCP,25000000,https://finance.vietstock.vn/PVE-tong-cong-ty-tu-van-thiet-ke-dau-khi-ctcp.htm,2008-01-01 17:00:00
1010,1456,2,HNX,Tiện ích,Tiện ích,Gas sinh hoạt,PVG,CTCP Kinh doanh LPG Việt Nam,39998522,https://finance.vietstock.vn/PVG-ctcp-kinh-doanh-lpg-viet-nam.htm,2009-01-06 17:00:00
1011,2965,5,UPCoM,Công nghiệp,Hàng hóa công nghiệp,Kỹ thuật xây dựng,PVH,CTCP Xây lắp Dầu khí Thanh Hóa,21000000,https://finance.vietstock.vn/PVH-ctcp-xay-lap-dau-khi-thanh-hoa.htm,2017-05-18 17:00:00
1012,944,2,HNX,Tài chính,Bảo hiểm,Bảo hiểm,PVI,CTCP PVI,234241867,https://finance.vietstock.vn/PVI-ctcp-pvi.htm,2007-08-09 17:00:00
1013,2162,5,UPCoM,Bất động sản,Bất động sản,Quản lý và phát triển bất động sản,PVL,CTCP Địa ốc Dầu khí,50000000,https://finance.vietstock.vn/PVL-ctcp-dia-oc-dau-khi.htm,2023-04-24 17:00:00
1014,2996,5,UPCoM,Công nghiệp,Hàng hóa công nghiệp,Máy móc công nghiệp,PVM,CTCP Máy - Thiết bị Dầu khí,38638600,https://finance.vietstock.vn/PVM-ctcp-may-thiet-bi-dau-khi.htm,2016-12-19 17:00:00
1015,3072,5,UPCoM,Năng lượng,Năng lượng,Dầu khí,PVO,CTCP Dầu nhờn PV Oil,8900000,https://finance.vietstock.vn/PVO-ctcp-dau-nhon-pv-oil.htm,2016-01-11 17:00:00
1016,2985,1,HOSE,Năng lượng,Năng lượng,Dầu khí,PVP,CTCP Vận tải Dầu khí Thái Bình Dương,103702452,https://finance.vietstock.vn/PVP-ctcp-van-tai-dau-khi-thai-binh-duong.htm,2023-01-16 17:00:00
1017,2612,5,UPCoM,Bất động sản,Bất động sản,Quản lý và phát triển bất động sản,PVR,CTCP Đầu tư PVR Hà Nội,53100913,https://finance.vietstock.vn/PVR-ctcp-dau-tu-pvr-ha-noi.htm,2017-06-01 17:00:00
1018,945,2,HNX,Năng lượng,Năng lượng,Thiết bị và dịch vụ năng lượng,PVS,Tổng Công ty cổ phần Dịch vụ Kỹ thuật Dầu khí Việt Nam,511420099,https://finance.vietstock.vn/PVS-tong-cong-ty-co-phan-dich-vu-ky-thuat-dau-khi-viet-nam.htm,2007-09-19 17:00:00
1019,1015,1,HOSE,Năng lượng,Năng lượng,Dầu khí,PVT,Tổng Công ty cổ phần Vận tải Dầu khí,469931235,https://finance.vietstock.vn/PVT-tong-cong-ty-co-phan-van-tai-dau-khi.htm,2007-12-09 17:00:00
1020,2631,5,UPCoM,Công nghiệp,Hàng hóa công nghiệp,Kỹ thuật xây dựng,PVV,CTCP Vinaconex 39,30000000,https://finance.vietstock.vn/PVV-ctcp-vinaconex-39.htm,2019-06-02 17:00:00
1021,1807,5,UPCoM,Công nghiệp,Hàng hóa công nghiệp,Kỹ thuật xây dựng,PVX,Tổng Công ty cổ phần Xây lắp Dầu khí Việt Nam,400000000,https://finance.vietstock.vn/PVX-tong-cong-ty-co-phan-xay-lap-dau-khi-viet-nam.htm,2020-06-16 17:00:00
1022,3115,5,UPCoM,Năng lượng,Năng lượng,Thiết bị và dịch vụ năng lượng,PVY,CTCP Chế tạo Giàn khoan Dầu khí,59489787,https://finance.vietstock.vn/PVY-ctcp-che-tao-gian-khoan-dau-khi.htm,2017-12-28 17:00:00
1023,2525,5,UPCoM,Bất động sản,Bất động sản,Bất động sản đa dạng,PWA,CTCP Bất động sản Dầu khí,10000000,https://finance.vietstock.vn/PWA-ctcp-bat-dong-san-dau-khi.htm,2019-06-10 17:00:00
1024,4137,5,UPCoM,Tiện ích,Tiện ích,Nước,PWS,CTCP Cấp thoát nước Phú Yên,38363579,https://finance.vietstock.vn/PWS-ctcp-cap-thoat-nuoc-phu-yen.htm,2017-06-29 17:00:00
1025,2738,5,UPCoM,Bất động sản,Bất động sản,Quản lý và phát triển bất động sản,PXA,CTCP Đầu tư và Thương mại Dầu khí Nghệ An,15000000,https://finance.vietstock.vn/PXA-ctcp-dau-tu-va-thuong-mai-dau-khi-nghe-an.htm,2018-06-12 17:00:00
1026,2586,5,UPCoM,Công nghiệp,Hàng hóa công nghiệp,Kỹ thuật xây dựng,PXI,CTCP Xây dựng Công nghiệp và Dân dụng Dầu khí,30000000,https://finance.vietstock.vn/PXI-ctcp-xay-dung-cong-nghiep-va-dan-dung-dau-khi.htm,2022-05-18 17:00:00
1027,2520,5,UPCoM,Bất động sản,Bất động sản,Quản lý và phát triển bất động sản,PXL,CTCP Đầu tư Khu Công nghiệp Dầu khí Long Sơn,176145500,https://finance.vietstock.vn/PXL-ctcp-dau-tu-khu-cong-nghiep-dau-khi-long-son.htm,2016-05-22 17:00:00
1028,2599,5,UPCoM,Tiêu dùng không thiết yếu,Thương mại hàng không thiết yếu,Nhà phân phối,PXM,CTCP Xây lắp Dầu khí Miền Trung,15000000,https://finance.vietstock.vn/PXM-ctcp-xay-lap-dau-khi-mien-trung.htm,2014-06-30 17:00:00
1029,2592,5,UPCoM,Công nghiệp,Hàng hóa công nghiệp,Kỹ thuật xây dựng,PXS,CTCP Kết cấu Kim loại và Lắp máy Dầu khí,60000000,https://finance.vietstock.vn/PXS-ctcp-ket-cau-kim-loai-va-lap-may-dau-khi.htm,2022-07-07 17:00:00
1030,2554,5,UPCoM,Công nghiệp,Hàng hóa công nghiệp,Kỹ thuật xây dựng,PXT,CTCP Xây lắp Đường ống Bể chứa Dầu khí,20000000,https://finance.vietstock.vn/PXT-ctcp-xay-lap-duong-ong-be-chua-dau-khi.htm,2021-06-08 17:00:00
1031,3758,5,UPCoM,Nguyên vật liệu,Nguyên vật liệu,Hóa chất,QBS,CTCP Xuất nhập khẩu Quảng Bình,69329928,https://finance.vietstock.vn/QBS-ctcp-xuat-nhap-khau-quang-binh.htm,2024-05-22 17:00:00
1032,1902,5,UPCoM,Công nghiệp,Hàng hóa công nghiệp,Kỹ thuật xây dựng,QCC,CTCP Đầu tư Xây dựng và Phát triển Hạ tầng Viễn thông,1500000,https://finance.vietstock.vn/QCC-ctcp-dau-tu-xay-dung-va-phat-trien-ha-tang-vien-thong.htm,2014-06-05 17:00:00
1033,1358,1,HOSE,Bất động sản,Bất động sản,Quản lý và phát triển bất động sản,QCG,CTCP Quốc Cường Gia Lai,275129310,https://finance.vietstock.vn/QCG-ctcp-quoc-cuong-gia-lai.htm,2010-08-08 17:00:00
1034,1908,2,HNX,Công nghiệp,Hàng hóa công nghiệp,Máy móc công nghiệp,QHD,CTCP Que hàn điện Việt Đức,6629489,https://finance.vietstock.vn/QHD-ctcp-que-han-dien-viet-duc.htm,2010-04-21 17:00:00
1035,4419,5,UPCoM,Tiêu dùng thiết yếu,"Thực phẩm, đồ uống và thuốc lá",Đồ uống,QHW,CTCP Nước khoáng Quảng Ninh,8000000,https://finance.vietstock.vn/QHW-ctcp-nuoc-khoang-quang-ninh.htm,2016-12-21 17:00:00
1036,1086,5,UPCoM,Nguyên vật liệu,Nguyên vật liệu,Vật liệu xây dựng,QNC,CTCP Xi măng và Xây dựng Quảng Ninh,60000000,https://finance.vietstock.vn/QNC-ctcp-xi-mang-va-xay-dung-quang-ninh.htm,2008-01-16 17:00:00
1037,3624,1,HOSE,Công nghiệp,Vận tải,Hạ tầng giao thông,QNP,CTCP Cảng Quy Nhơn,40409950,https://finance.vietstock.vn/QNP-ctcp-cang-quy-nhon.htm,2024-01-17 17:00:00
1038,2953,5,UPCoM,Tiêu dùng thiết yếu,"Thực phẩm, đồ uống và thuốc lá",Thực phẩm,QNS,CTCP Đường Quảng Ngãi,367648153,https://finance.vietstock.vn/QNS-ctcp-duong-quang-ngai.htm,2016-12-19 17:00:00
1039,4787,5,UPCoM,Công nghiệp,Dịch vụ thương mại và chuyên nghiệp,Dịch vụ chuyên nghiệp,QNT,CTCP Tư vấn và Đầu tư Phát triển Quảng Nam,3222000,https://finance.vietstock.vn/QNT-ctcp-tu-van-va-dau-tu-phat-trien-quang-nam.htm,2020-01-08 17:00:00
1040,4464,5,UPCoM,Công nghiệp,Dịch vụ thương mại và chuyên nghiệp,Dịch vụ và thiết bị thương mại ,QNU,CTCP Môi trường Đô thị Quảng Nam,6800000,https://finance.vietstock.vn/QNU-ctcp-moi-truong-do-thi-quang-nam.htm,2017-02-27 17:00:00
1041,4424,5,UPCoM,Tiện ích,Tiện ích,Nước,QNW,CTCP Cấp thoát nước và Xây dựng Quảng Ngãi,20000000,https://finance.vietstock.vn/QNW-ctcp-cap-thoat-nuoc-va-xay-dung-quang-ngai.htm,2016-12-25 17:00:00
1042,3105,5,UPCoM,Tiện ích,Tiện ích,Phát điện độc lập và điện tái tạo,QPH,CTCP Thủy điện Quế Phong,18583100,https://finance.vietstock.vn/QPH-ctcp-thuy-dien-que-phong.htm,2014-07-10 17:00:00
1043,3265,5,UPCoM,Công nghiệp,Vận tải,Hạ tầng giao thông,QSP,CTCP Tân Cảng Quy Nhơn,10792275,https://finance.vietstock.vn/QSP-ctcp-tan-cang-quy-nhon.htm,2016-09-22 17:00:00
1044,1520,2,HNX,Dịch vụ truyền thông,Truyền thông và giải trí,Truyền thông,QST,CTCP Sách và Thiết bị Trường học Quảng Ninh,3240000,https://finance.vietstock.vn/QST-ctcp-sach-va-thiet-bi-truong-hoc-quang-ninh.htm,2009-02-15 17:00:00
1045,1457,2,HNX,Công nghiệp,Hàng hóa công nghiệp,Kỹ thuật xây dựng,QTC,CTCP Công trình Giao thông Vận tải Quảng Nam,2700000,https://finance.vietstock.vn/QTC-ctcp-cong-trinh-giao-thong-van-tai-quang-nam.htm,2009-01-15 17:00:00
1046,3594,5,UPCoM,Tiện ích,Tiện ích,Điện,QTP,CTCP Nhiệt điện Quảng Ninh,450000000,https://finance.vietstock.vn/QTP-ctcp-nhiet-dien-quang-ninh.htm,2017-03-15 17:00:00
1047,815,1,HOSE,Công nghiệp,Hàng hóa công nghiệp,Thiết bị điện,RAL,CTCP Bóng đèn Phích nước Rạng Đông,23547419,https://finance.vietstock.vn/RAL-ctcp-bong-den-phich-nuoc-rang-dong.htm,2006-12-05 17:00:00
1048,3340,5,UPCoM,Công nghiệp,Vận tải,Vận tải mặt đất,RAT,CTCP Vận tải và Thương mại Đường sắt,5921841,https://finance.vietstock.vn/RAT-ctcp-van-tai-va-thuong-mai-duong-sat.htm,2016-08-14 17:00:00
1049,2010,5,UPCoM,Tiêu dùng không thiết yếu,Xe và linh kiện,Linh kiện xe,RBC,CTCP Công nghiệp và Xuất nhập khẩu Cao su,10030308,https://finance.vietstock.vn/RBC-ctcp-cong-nghiep-va-xuat-nhap-khau-cao-su.htm,2016-02-17 17:00:00
1050,1855,5,UPCoM,Công nghiệp,Hàng hóa công nghiệp,Kỹ thuật xây dựng,RCC,CTCP Tổng Công ty Công trình Đường sắt Việt Nam,32064749,https://finance.vietstock.vn/RCC-ctcp-tong-cong-ty-cong-trinh-duong-sat-viet-nam.htm,2016-12-01 17:00:00
1051,2315,5,UPCoM,Công nghiệp,Hàng hóa công nghiệp,Kỹ thuật xây dựng,RCD,CTCP Xây dựng - Địa ốc Cao su,5300062,https://finance.vietstock.vn/RCD-ctcp-xay-dung-dia-oc-cao-su.htm,2015-02-05 17:00:00
1052,946,2,HNX,Bất động sản,Bất động sản,Bất động sản đa dạng,RCL,CTCP Địa ốc Chợ Lớn,14135751,https://finance.vietstock.vn/RCL-ctcp-dia-oc-cho-lon.htm,2007-06-13 17:00:00
1053,21,1,HOSE,Tiện ích,Tiện ích,Phát điện độc lập và điện tái tạo,REE,CTCP Cơ Điện Lạnh,622899036,https://finance.vietstock.vn/REE-ctcp-co-dien-lanh.htm,2000-07-27 17:00:00
1054,5752,5,UPCoM,Bất động sản,Bất động sản,Quản lý và phát triển bất động sản,RGG,CTCP Regal Group,220000000,https://finance.vietstock.vn/RGG-ctcp-regal-group.htm,2025-10-29 17:00:00
1055,913,5,UPCoM,Tiêu dùng không thiết yếu,Dịch vụ tiêu dùng,"Khách sạn, nhà hàng và giải trí",RIC,CTCP Quốc tế Hoàng Gia,28708169,https://finance.vietstock.vn/RIC-ctcp-quoc-te-hoang-gia.htm,2022-05-25 17:00:00
1056,4254,5,UPCoM,Nguyên vật liệu,Nguyên vật liệu,Hóa chất,RTB,CTCP Cao su Tân Biên,87945000,https://finance.vietstock.vn/RTB-ctcp-cao-su-tan-bien.htm,2016-11-06 17:00:00
1057,4958,1,HOSE,Nguyên vật liệu,Nguyên vật liệu,Vật liệu xây dựng,RYG,CTCP Sản xuất và Đầu tư Hoàng Gia,45000000,https://finance.vietstock.vn/RYG-ctcp-san-xuat-va-dau-tu-hoang-gia.htm,2024-12-11 17:00:00
1058,1095,5,UPCoM,Công nghiệp,Hàng hóa công nghiệp,Kỹ thuật xây dựng,S12,CTCP Sông Đà 12,5000000,https://finance.vietstock.vn/S12-ctcp-song-da-12.htm,2016-05-25 17:00:00
1059,4229,1,HOSE,Tiện ích,Tiện ích,Điện,S4A,CTCP Thủy điện Sê San 4A,42200000,https://finance.vietstock.vn/S4A-ctcp-thuy-dien-se-san-4a.htm,2016-05-26 17:00:00
1060,947,2,HNX,Công nghiệp,Hàng hóa công nghiệp,Kỹ thuật xây dựng,S55,CTCP Sông Đà 505,10000000,https://finance.vietstock.vn/S55-ctcp-song-da-505.htm,2006-12-21 17:00:00
1061,1421,5,UPCoM,Tiện ích,Tiện ích,Phát điện độc lập và điện tái tạo,S72,CTCP Sông Đà 7.02,12000000,https://finance.vietstock.vn/S72-ctcp-song-da-7-02.htm,2018-05-21 17:00:00
1062,1799,5,UPCoM,Nguyên vật liệu,Nguyên vật liệu,Vật liệu xây dựng,S74,CTCP Sông Đà 7.04,6480000,https://finance.vietstock.vn/S74-ctcp-song-da-7-04.htm,2021-06-10 17:00:00
1063,1096,2,HNX,Công nghiệp,Hàng hóa công nghiệp,Kỹ thuật xây dựng,S99,CTCP SCI,104088992,https://finance.vietstock.vn/S99-ctcp-sci.htm,2006-12-21 17:00:00
1064,1310,1,HOSE,Tiêu dùng thiết yếu,"Thực phẩm, đồ uống và thuốc lá",Đồ uống,SAB,Tổng Công ty cổ phần Bia - Rượu - Nước giải khát Sài Gòn,1282562372,https://finance.vietstock.vn/SAB-tong-cong-ty-co-phan-bia-ruou-nuoc-giai-khat-sai-gon.htm,2016-12-05 17:00:00
1065,3073,5,UPCoM,Công nghiệp,Vận tải,Hạ tầng giao thông,SAC,CTCP Xếp dỡ và Dịch vụ Cảng Sài Gòn,4050000,https://finance.vietstock.vn/SAC-ctcp-xep-do-va-dich-vu-cang-sai-gon.htm,2016-11-07 17:00:00
1066,816,2,HNX,Tiêu dùng thiết yếu,"Thực phẩm, đồ uống và thuốc lá",Thực phẩm,SAF,CTCP Lương thực Thực phẩm Safoco,12046590,https://finance.vietstock.vn/SAF-ctcp-luong-thuc-thuc-pham-safoco.htm,2009-06-07 17:00:00
1067,3876,5,UPCoM,Công nghiệp,Vận tải,Hạ tầng giao thông,SAL,CTCP Trục vớt Cứu hộ Việt Nam,8310000,https://finance.vietstock.vn/SAL-ctcp-truc-vot-cuu-ho-viet-nam.htm,2017-10-19 17:00:00
1068,23,1,HOSE,Công nghiệp,Hàng hóa công nghiệp,Thiết bị điện,SAM,CTCP SAM Holdings,402753343,https://finance.vietstock.vn/SAM-ctcp-sam-holdings.htm,2000-07-27 17:00:00
1069,3765,5,UPCoM,Công nghiệp,Vận tải,Hạ tầng giao thông,SAS,CTCP Dịch vụ Hàng không Sân bay Tân Sơn Nhất,133481310,https://finance.vietstock.vn/SAS-ctcp-dich-vu-hang-khong-san-bay-tan-son-nhat.htm,2015-04-15 17:00:00
1070,35,1,HOSE,Tiêu dùng không thiết yếu,Thời trang và hàng lâu bền,Hàng tiêu dùng lâu bền,SAV,CTCP Hợp tác Kinh tế và Xuất nhập khẩu Savimex,27730480,https://finance.vietstock.vn/SAV-ctcp-hop-tac-kinh-te-va-xuat-nhap-khau-savimex.htm,2002-05-08 17:00:00
1071,2801,5,UPCoM,Tiêu dùng thiết yếu,"Thực phẩm, đồ uống và thuốc lá",Đồ uống,SB1,CTCP Bia Sài Gòn - Nghệ Tĩnh,10500000,https://finance.vietstock.vn/SB1-ctcp-bia-sai-gon-nghe-tinh.htm,2016-12-25 17:00:00
1072,1922,1,HOSE,Tiện ích,Tiện ích,Phát điện độc lập và điện tái tạo,SBA,CTCP Sông Ba,60488261,https://finance.vietstock.vn/SBA-ctcp-song-ba.htm,2010-05-31 17:00:00
1073,2841,5,UPCoM,Tiêu dùng thiết yếu,"Thực phẩm, đồ uống và thuốc lá",Đồ uống,SBB,CTCP Tập đoàn Bia Sài Gòn - Bình Tây,87524536,https://finance.vietstock.vn/SBB-ctcp-tap-doan-bia-sai-gon-binh-tay.htm,2023-12-11 17:00:00
1074,1630,5,UPCoM,Công nghệ thông tin,Phần mềm và dịch vụ,Dịch vụ CNTT,SBD,CTCP Công nghệ Sao Bắc Đẩu,13916480,https://finance.vietstock.vn/SBD-ctcp-cong-nghe-sao-bac-dau.htm,2017-02-15 17:00:00
1075,4951,1,HOSE,Công nghiệp,Hàng hóa công nghiệp,Máy móc công nghiệp,SBG,CTCP Tập đoàn Cơ khí Công nghệ cao Siba,59999917,https://finance.vietstock.vn/SBG-ctcp-tap-doan-co-khi-cong-nghe-cao-siba.htm,2023-11-30 17:00:00
1076,4683,5,UPCoM,Tiện ích,Tiện ích,Phát điện độc lập và điện tái tạo,SBH,CTCP Thủy điện Sông Ba Hạ,124225000,https://finance.vietstock.vn/SBH-ctcp-thuy-dien-song-ba-ha.htm,2018-06-06 17:00:00
1077,4443,5,UPCoM,Tiêu dùng thiết yếu,"Thực phẩm, đồ uống và thuốc lá",Đồ uống,SBL,CTCP Bia Sài Gòn - Bạc Liêu,12012000,https://finance.vietstock.vn/SBL-ctcp-bia-sai-gon-bac-lieu.htm,2017-01-22 17:00:00
1078,4553,5,UPCoM,Tiện ích,Tiện ích,Phát điện độc lập và điện tái tạo,SBM,CTCP Đầu tư Phát triển Bắc Minh,45044953,https://finance.vietstock.vn/SBM-ctcp-dau-tu-phat-trien-bac-minh.htm,2017-09-20 17:00:00
1079,4755,5,UPCoM,Nguyên vật liệu,Nguyên vật liệu,Hóa chất,SBR,CTCP Cao su Sông Bé,81396192,https://finance.vietstock.vn/SBR-ctcp-cao-su-song-be.htm,2020-11-01 17:00:00
1080,1406,5,UPCoM,Tài chính,Dịch vụ tài chính,Thị trường vốn,SBS,CTCP Chứng khoán SBS,146607600,https://finance.vietstock.vn/SBS-ctcp-chung-khoan-sbs.htm,2014-04-27 17:00:00
1081,1115,1,HOSE,Tiêu dùng thiết yếu,"Thực phẩm, đồ uống và thuốc lá",Thực phẩm,SBT,CTCP Thành Thành Công - Biên Hòa,906415042,https://finance.vietstock.vn/SBT-ctcp-thanh-thanh-cong-bien-hoa.htm,2008-02-24 17:00:00
1082,4416,1,HOSE,Tiêu dùng không thiết yếu,Thời trang và hàng lâu bền,Hàng tiêu dùng lâu bền,SBV,CTCP Siam Brothers Việt Nam,28732558,https://finance.vietstock.vn/SBV-ctcp-siam-brothers-viet-nam.htm,2017-05-15 17:00:00
1083,974,1,HOSE,Công nghiệp,Hàng hóa công nghiệp,Kỹ thuật xây dựng,SC5,CTCP Xây dựng Số 5,14984550,https://finance.vietstock.vn/SC5-ctcp-xay-dung-so-5.htm,2007-10-17 17:00:00
1084,958,5,UPCoM,Nguyên vật liệu,Nguyên vật liệu,Vật liệu xây dựng,SCC,CTCP Thương mại Đầu tư SHB,4884900,https://finance.vietstock.vn/SCC-ctcp-thuong-mai-dau-tu-shb.htm,2014-08-05 17:00:00
1085,729,5,UPCoM,Tiêu dùng thiết yếu,"Thực phẩm, đồ uống và thuốc lá",Đồ uống,SCD,CTCP Nước giải khát Chương Dương,8500000,https://finance.vietstock.vn/SCD-ctcp-nuoc-giai-khat-chuong-duong.htm,2024-05-14 17:00:00
1086,4856,2,HNX,Công nghiệp,Hàng hóa công nghiệp,Kỹ thuật xây dựng,SCG,CTCP Tập đoàn Xây dựng SCG,85000000,https://finance.vietstock.vn/SCG-ctcp-tap-doan-xay-dung-scg.htm,2021-10-24 17:00:00
1087,3729,2,HNX,Công nghiệp,Hàng hóa công nghiệp,Kỹ thuật xây dựng,SCI,CTCP SCI E&C,42000000,https://finance.vietstock.vn/SCI-ctcp-sci-ec.htm,2016-01-04 17:00:00
1088,963,5,UPCoM,Nguyên vật liệu,Nguyên vật liệu,Vật liệu xây dựng,SCJ,CTCP Xi măng Sài Sơn,57839000,https://finance.vietstock.vn/SCJ-ctcp-xi-mang-sai-son.htm,2019-05-26 17:00:00
1089,2207,5,UPCoM,Nguyên vật liệu,Nguyên vật liệu,Vật liệu xây dựng,SCL,CTCP Sông Đà Cao Cường,37916815,https://finance.vietstock.vn/SCL-ctcp-song-da-cao-cuong.htm,2020-05-17 17:00:00
1090,2122,5,UPCoM,Công nghiệp,Vận tải,Hạ tầng giao thông,SCO,CTCP Công nghiệp Thủy sản,4200000,https://finance.vietstock.vn/SCO-ctcp-cong-nghiep-thuy-san.htm,2010-09-16 17:00:00
1091,1356,1,HOSE,Bất động sản,Bất động sản,Quản lý và phát triển bất động sản,SCR,CTCP Địa ốc Sài Gòn Thương Tín,430595036,https://finance.vietstock.vn/SCR-ctcp-dia-oc-sai-gon-thuong-tin.htm,2016-11-17 17:00:00
1092,3311,1,HOSE,Công nghiệp,Vận tải,Hạ tầng giao thông,SCS,CTCP Dịch vụ Hàng hóa Sài Gòn,95907682,https://finance.vietstock.vn/SCS-ctcp-dich-vu-hang-hoa-sai-gon.htm,2018-08-02 17:00:00
1093,1097,5,UPCoM,Công nghiệp,Hàng hóa công nghiệp,Kỹ thuật xây dựng,SD2,CTCP Sông Đà 2,14423536,https://finance.vietstock.vn/SD2-ctcp-song-da-2.htm,2022-08-07 17:00:00
1094,962,5,UPCoM,Tiện ích,Tiện ích,Phát điện độc lập và điện tái tạo,SD3,CTCP Sông Đà 3,15999356,https://finance.vietstock.vn/SD3-ctcp-song-da-3.htm,2013-12-23 17:00:00
1095,1169,5,UPCoM,Công nghiệp,Hàng hóa công nghiệp,Kỹ thuật xây dựng,SD4,CTCP Sông Đà 4,10300000,https://finance.vietstock.vn/SD4-ctcp-song-da-4.htm,2023-06-27 17:00:00
1096,961,2,HNX,Công nghiệp,Hàng hóa công nghiệp,Kỹ thuật xây dựng,SD5,CTCP Sông Đà 5,25999848,https://finance.vietstock.vn/SD5-ctcp-song-da-5.htm,2006-12-26 17:00:00
1097,964,5,UPCoM,Công nghiệp,Hàng hóa công nghiệp,Kỹ thuật xây dựng,SD6,CTCP Sông Đà 6,34771611,https://finance.vietstock.vn/SD6-ctcp-song-da-6.htm,2006-12-24 17:00:00
1098,965,5,UPCoM,Công nghiệp,Hàng hóa công nghiệp,Kỹ thuật xây dựng,SD7,CTCP Sông Đà 7,10600000,https://finance.vietstock.vn/SD7-ctcp-song-da-7.htm,2018-05-31 17:00:00
1099,1442,5,UPCoM,Công nghiệp,Hàng hóa công nghiệp,Kỹ thuật xây dựng,SD8,CTCP Sông Đà 8,2800000,https://finance.vietstock.vn/SD8-ctcp-song-da-8.htm,2015-12-24 17:00:00
1100,1098,2,HNX,Tiện ích,Tiện ích,Phát điện độc lập và điện tái tạo,SD9,CTCP Sông Đà 9,34234000,https://finance.vietstock.vn/SD9-ctcp-song-da-9.htm,2006-12-19 17:00:00
1101,966,5,UPCoM,Công nghiệp,Dịch vụ thương mại và chuyên nghiệp,Dịch vụ chuyên nghiệp,SDA,CTCP Simco Sông Đà,26206158,https://finance.vietstock.vn/SDA-ctcp-simco-song-da.htm,2026-06-01 17:00:00
1102,967,2,HNX,Công nghiệp,Dịch vụ thương mại và chuyên nghiệp,Dịch vụ chuyên nghiệp,SDC,CTCP Tư vấn Sông Đà,2609710,https://finance.vietstock.vn/SDC-ctcp-tu-van-song-da.htm,2006-12-24 17:00:00
1103,1099,5,UPCoM,Công nghiệp,Hàng hóa công nghiệp,Kỹ thuật xây dựng,SDD,CTCP Đầu tư và Xây lắp Sông Đà,16007685,https://finance.vietstock.vn/SDD-ctcp-dau-tu-va-xay-lap-song-da.htm,2019-06-13 17:00:00
1104,1889,2,HNX,Nguyên vật liệu,Nguyên vật liệu,Bao bì và vật chứa,SDG,CTCP Sadico Cần Thơ,10139997,https://finance.vietstock.vn/SDG-ctcp-sadico-can-tho.htm,2009-12-21 17:00:00
1105,2649,5,UPCoM,Nguyên vật liệu,Nguyên vật liệu,Khai khoáng và luyện kim,SDK,CTCP Cơ khí Luyện kim,3119988,https://finance.vietstock.vn/SDK-ctcp-co-khi-luyen-kim.htm,2010-10-27 17:00:00
1106,817,2,HNX,Nguyên vật liệu,Nguyên vật liệu,Hóa chất,SDN,CTCP Sơn Đồng Nai,3036436,https://finance.vietstock.vn/SDN-ctcp-son-dong-nai.htm,2009-06-21 17:00:00
1107,1542,5,UPCoM,Công nghiệp,Hàng hóa công nghiệp,Kỹ thuật xây dựng,SDP,CTCP SDP,11114472,https://finance.vietstock.vn/SDP-ctcp-sdp.htm,2019-02-28 17:00:00
1108,968,5,UPCoM,Công nghiệp,Hàng hóa công nghiệp,Kỹ thuật xây dựng,SDT,CTCP Sông Đà 10,42732311,https://finance.vietstock.vn/SDT-ctcp-song-da-10.htm,2024-02-04 17:00:00
1109,1827,2,HNX,Bất động sản,Bất động sản,Bất động sản đa dạng,SDU,CTCP Đầu tư Xây dựng và Phát triển Đô thị Sông Đà,20000000,https://finance.vietstock.vn/SDU-ctcp-dau-tu-xay-dung-va-phat-trien-do-thi-song-da.htm,2009-09-27 17:00:00
1110,2394,5,UPCoM,Công nghiệp,Dịch vụ thương mại và chuyên nghiệp,Dịch vụ và thiết bị thương mại ,SDV,CTCP Dịch vụ Sonadezi,10000000,https://finance.vietstock.vn/SDV-ctcp-dich-vu-sonadezi.htm,2011-04-21 17:00:00
1111,969,5,UPCoM,Nguyên vật liệu,Nguyên vật liệu,Vật liệu xây dựng,SDY,CTCP Xi măng Sông Đà Yaly,4500000,https://finance.vietstock.vn/SDY-ctcp-xi-mang-song-da-yaly.htm,2017-06-08 17:00:00
1112,3846,5,UPCoM,Tiêu dùng thiết yếu,"Thực phẩm, đồ uống và thuốc lá",Thực phẩm,SEA,Tổng Công ty Thủy sản Việt Nam - CTCP,125000000,https://finance.vietstock.vn/SEA-tong-cong-ty-thuy-san-viet-nam-ctcp.htm,2016-12-22 17:00:00
1113,1460,2,HNX,Tiện ích,Tiện ích,Phát điện độc lập và điện tái tạo,SEB,CTCP Đầu tư và Phát triển Điện Miền Trung,31999969,https://finance.vietstock.vn/SEB-ctcp-dau-tu-va-phat-trien-dien-mien-trung.htm,2009-01-13 17:00:00
1114,1810,2,HNX,Dịch vụ truyền thông,Truyền thông và giải trí,Truyền thông,SED,CTCP Đầu tư và Phát triển Giáo dục Phương Nam,10000000,https://finance.vietstock.vn/SED-ctcp-dau-tu-va-phat-trien-giao-duc-phuong-nam.htm,2009-08-18 17:00:00
1115,4446,5,UPCoM,Tiêu dùng thiết yếu,"Thực phẩm, đồ uống và thuốc lá",Thực phẩm,SEP,CTCP Tổng Công ty Thương mại Quảng Trị,8400000,https://finance.vietstock.vn/SEP-ctcp-tong-cong-ty-thuong-mai-quang-tri.htm,2017-02-05 17:00:00
1116,592,1,HOSE,Năng lượng,Năng lượng,Dầu khí,SFC,CTCP Nhiên liệu Sài Gòn,11291459,https://finance.vietstock.vn/SFC-ctcp-nhien-lieu-sai-gon.htm,2004-09-20 17:00:00
1117,3207,1,HOSE,Nguyên vật liệu,Nguyên vật liệu,Hóa chất,SFG,CTCP Phân Bón Miền Nam,47897333,https://finance.vietstock.vn/SFG-ctcp-phan-bon-mien-nam.htm,2014-11-30 17:00:00
1118,818,1,HOSE,Công nghiệp,Vận tải,Hạ tầng giao thông,SFI,CTCP Đại lý Vận tải SAFI,26042046,https://finance.vietstock.vn/SFI-ctcp-dai-ly-van-tai-safi.htm,2006-12-28 17:00:00
1119,819,2,HNX,Nguyên vật liệu,Nguyên vật liệu,Hóa chất,SFN,CTCP Dệt lưới Sài Gòn,3000000,https://finance.vietstock.vn/SFN-ctcp-det-luoi-sai-gon.htm,2006-12-27 17:00:00
1120,1174,5,UPCoM,Tài chính,Tổ chức tín dụng,Ngân hàng,SGB,Ngân hàng TMCP Sài Gòn Công Thương,360819732,https://finance.vietstock.vn/SGB-ngan-hang-tmcp-sai-gon-cong-thuong.htm,2020-10-14 17:00:00
1121,736,2,HNX,Tiêu dùng thiết yếu,"Thực phẩm, đồ uống và thuốc lá",Thực phẩm,SGC,CTCP Xuất nhập khẩu Sa Giang,7147580,https://finance.vietstock.vn/SGC-ctcp-xuat-nhap-khau-sa-giang.htm,2009-06-17 17:00:00
1122,970,2,HNX,Dịch vụ truyền thông,Truyền thông và giải trí,Truyền thông,SGD,CTCP Sách Giáo dục tại Thành phố Hồ Chí Minh,4137000,https://finance.vietstock.vn/SGD-ctcp-sach-giao-duc-tai-thanh-pho-ho-chi-minh.htm,2006-12-27 17:00:00
1123,26,2,HNX,Tiêu dùng không thiết yếu,Dịch vụ tiêu dùng,"Khách sạn, nhà hàng và giải trí",SGH,CTCP Khách sạn Sài Gòn,12364100,https://finance.vietstock.vn/SGH-ctcp-khach-san-sai-gon.htm,2009-07-29 17:00:00
1124,4877,5,UPCoM,Tiêu dùng không thiết yếu,Thời trang và hàng lâu bền,Thời trang và dệt may,SGI,CTCP Đầu tư SGI Holdings,75464700,https://finance.vietstock.vn/SGI-ctcp-dau-tu-sgi-holdings.htm,2021-09-13 17:00:00
1125,3847,1,HOSE,Công nghiệp,Vận tải,Hạ tầng giao thông,SGN,CTCP Phục vụ Mặt đất Sài Gòn,33581691,https://finance.vietstock.vn/SGN-ctcp-phuc-vu-mat-dat-sai-gon.htm,2018-07-31 17:00:00
1126,4093,5,UPCoM,Công nghiệp,Vận tải,Hạ tầng giao thông,SGP,CTCP Cảng Sài Gòn,216294961,https://finance.vietstock.vn/SGP-ctcp-cang-sai-gon.htm,2016-04-24 17:00:00
1127,2015,1,HOSE,Bất động sản,Bất động sản,Dịch vụ bất động sản,SGR,CTCP Tổng CTCP Địa ốc Sài Gòn,69875000,https://finance.vietstock.vn/SGR-ctcp-tong-ctcp-dia-oc-sai-gon.htm,2018-01-14 17:00:00
1128,1263,5,UPCoM,Công nghiệp,Vận tải,Vận tải biển,SGS,CTCP Vận tải biển Sài Gòn,14420000,https://finance.vietstock.vn/SGS-ctcp-van-tai-bien-sai-gon.htm,2010-12-21 17:00:00
1129,1037,1,HOSE,Dịch vụ truyền thông,Dịch vụ viễn thông,Dịch vụ viễn thông đa dạng,SGT,CTCP Công nghệ Viễn Thông Sài Gòn,148003518,https://finance.vietstock.vn/SGT-ctcp-cong-nghe-vien-thong-sai-gon.htm,2008-01-17 17:00:00
1130,3269,1,HOSE,Công nghiệp,Hàng hóa công nghiệp,Máy móc công nghiệp,SHA,CTCP Sơn Hà Sài Gòn,35118632,https://finance.vietstock.vn/SHA-ctcp-son-ha-sai-gon.htm,2016-11-29 17:00:00
1131,1208,1,HOSE,Tài chính,Tổ chức tín dụng,Ngân hàng,SHB,Ngân hàng TMCP Sài Gòn - Hà Nội,4594200024,https://finance.vietstock.vn/SHB-ngan-hang-tmcp-sai-gon-ha-noi.htm,2021-10-10 17:00:00
1132,773,5,UPCoM,Công nghiệp,Vận tải,Vận tải biển,SHC,CTCP Hàng hải Sài Gòn,4309550,https://finance.vietstock.vn/SHC-ctcp-hang-hai-sai-gon.htm,2017-10-12 17:00:00
1133,4725,2,HNX,Công nghiệp,Hàng hóa công nghiệp,Máy móc công nghiệp,SHE,CTCP Phát triển Năng lượng Sơn Hà,65003919,https://finance.vietstock.vn/SHE-ctcp-phat-trien-nang-luong-son-ha.htm,2019-01-24 17:00:00
1134,2013,1,HOSE,Công nghiệp,Hàng hóa công nghiệp,Máy móc công nghiệp,SHI,CTCP Quốc tế Sơn Hà,170268409,https://finance.vietstock.vn/SHI-ctcp-quoc-te-son-ha.htm,2009-12-29 17:00:00
1135,2011,2,HNX,Tiêu dùng không thiết yếu,Thương mại hàng không thiết yếu,Nhà phân phối,SHN,CTCP Đầu tư Tổng hợp Hà Nội,129607147,https://finance.vietstock.vn/SHN-ctcp-dau-tu-tong-hop-ha-noi.htm,2009-12-15 17:00:00
1136,1764,1,HOSE,Tiện ích,Tiện ích,Phát điện độc lập và điện tái tạo,SHP,CTCP Thủy điện Miền Nam,101206352,https://finance.vietstock.vn/SHP-ctcp-thuy-dien-mien-nam.htm,2014-07-20 17:00:00
1137,1181,2,HNX,Tài chính,Dịch vụ tài chính,Thị trường vốn,SHS,CTCP Chứng khoán Sài Gòn - Hà Nội,899462220,https://finance.vietstock.vn/SHS-ctcp-chung-khoan-sai-gon-ha-noi.htm,2009-06-24 17:00:00
1138,2441,5,UPCoM,Bất động sản,Bất động sản,Quản lý và phát triển bất động sản,SID,CTCP Đầu tư Phát triển Sài Gòn Co.op,100000000,https://finance.vietstock.vn/SID-ctcp-dau-tu-phat-trien-sai-gon-co-op.htm,2017-01-08 17:00:00
1139,3177,5,UPCoM,Tiện ích,Tiện ích,Điện,SIG,CTCP Đầu tư và Thương mại Sông Đà,10000000,https://finance.vietstock.vn/SIG-ctcp-dau-tu-va-thuong-mai-song-da.htm,2019-10-09 17:00:00
1140,3068,5,UPCoM,Tiện ích,Tiện ích,Nước,SII,CTCP Hạ tầng Nước Sài Gòn,64522104,https://finance.vietstock.vn/SII-ctcp-ha-tang-nuoc-sai-gon.htm,2023-05-17 17:00:00
1141,4734,1,HOSE,Bất động sản,Bất động sản,Quản lý và phát triển bất động sản,SIP,CTCP Đầu tư Sài Gòn VRG,242112943,https://finance.vietstock.vn/SIP-ctcp-dau-tu-sai-gon-vrg.htm,2023-08-07 17:00:00
1142,4501,5,UPCoM,Nguyên vật liệu,Nguyên vật liệu,Hóa chất,SIV,CTCP SIVICO,3464178,https://finance.vietstock.vn/SIV-ctcp-sivico.htm,2017-05-22 17:00:00
1143,820,2,HNX,Tiêu dùng thiết yếu,"Thực phẩm, đồ uống và thuốc lá",Thực phẩm,SJ1,CTCP Nông nghiệp Hùng Hậu,43472716,https://finance.vietstock.vn/SJ1-ctcp-nong-nghiep-hung-hau.htm,2009-06-07 17:00:00
1144,821,1,HOSE,Tiện ích,Tiện ích,Phát điện độc lập và điện tái tạo,SJD,CTCP Thủy điện Cần Đơn,68998620,https://finance.vietstock.vn/SJD-ctcp-thuy-dien-can-don.htm,2006-12-24 17:00:00
1145,973,2,HNX,Công nghiệp,Hàng hóa công nghiệp,Kỹ thuật xây dựng,SJE,CTCP Sông Đà 11,40000000,https://finance.vietstock.vn/SJE-ctcp-song-da-11.htm,2006-12-13 17:00:00
1146,4407,5,UPCoM,Nguyên vật liệu,Nguyên vật liệu,Gỗ và giấy,SJF,CTCP Đầu tư Sao Thái Dương,79200000,https://finance.vietstock.vn/SJF-ctcp-dau-tu-sao-thai-duong.htm,2024-11-12 17:00:00
1147,4605,5,UPCoM,Công nghiệp,Hàng hóa công nghiệp,Kỹ thuật xây dựng,SJG,Tổng Công ty Sông Đà - CTCP,449537112,https://finance.vietstock.vn/SJG-tong-cong-ty-song-da-ctcp.htm,2018-02-11 17:00:00
1148,1069,5,UPCoM,Công nghiệp,Hàng hóa công nghiệp,Kỹ thuật xây dựng,SJM,CTCP Sunspace Holdings,5000000,https://finance.vietstock.vn/SJM-ctcp-sunspace-holdings.htm,2014-05-28 17:00:00
1149,693,1,HOSE,Bất động sản,Bất động sản,Quản lý và phát triển bất động sản,SJS,CTCP SJ Group,297474828,https://finance.vietstock.vn/SJS-ctcp-sj-group.htm,2006-07-05 17:00:00
1150,3593,1,HOSE,Công nghiệp,Vận tải,Vận tải biển,SKG,CTCP Tàu cao tốc Superdong - Kiên Giang,66497697,https://finance.vietstock.vn/SKG-ctcp-tau-cao-toc-superdong-kien-giang.htm,2014-07-07 17:00:00
1151,4538,5,UPCoM,Tiêu dùng thiết yếu,"Thực phẩm, đồ uống và thuốc lá",Đồ uống,SKH,CTCP Nước giải khát Sanest Khánh Hòa,16126740,https://finance.vietstock.vn/SKH-ctcp-nuoc-giai-khat-sanest-khanh-hoa.htm,2017-10-24 17:00:00
1152,4706,5,UPCoM,Tiêu dùng thiết yếu,"Thực phẩm, đồ uống và thuốc lá",Đồ uống,SKN,CTCP Nước giải khát Sanna Khánh Hòa,5000000,https://finance.vietstock.vn/SKN-ctcp-nuoc-giai-khat-sanna-khanh-hoa.htm,2018-10-09 17:00:00
1153,4329,5,UPCoM,Tiêu dùng thiết yếu,"Thực phẩm, đồ uống và thuốc lá",Đồ uống,SKV,CTCP Nước giải khát Yến sào Khánh Hòa,23000000,https://finance.vietstock.vn/SKV-ctcp-nuoc-giai-khat-yen-sao-khanh-hoa.htm,2017-11-02 17:00:00
1154,4753,5,UPCoM,Bất động sản,Bất động sản,Quản lý và phát triển bất động sản,SLD,CTCP Địa ốc Sacom,78573095,https://finance.vietstock.vn/SLD-ctcp-dia-oc-sacom.htm,2025-08-14 17:00:00
1155,2746,2,HNX,Tiêu dùng thiết yếu,"Thực phẩm, đồ uống và thuốc lá",Thực phẩm,SLS,CTCP Mía Đường Sơn La,9791945,https://finance.vietstock.vn/SLS-ctcp-mia-duong-son-la.htm,2012-10-15 17:00:00
1156,2624,1,HOSE,Tiện ích,Tiện ích,Phát điện độc lập và điện tái tạo,SMA,CTCP Thiết bị Phụ tùng Sài Gòn,20352836,https://finance.vietstock.vn/SMA-ctcp-thiet-bi-phu-tung-sai-gon.htm,2010-10-18 17:00:00
1157,2665,1,HOSE,Tiêu dùng thiết yếu,"Thực phẩm, đồ uống và thuốc lá",Đồ uống,SMB,CTCP Bia Sài Gòn - Miền Trung,29846648,https://finance.vietstock.vn/SMB-ctcp-bia-sai-gon-mien-trung.htm,2018-08-02 17:00:00
1158,823,1,HOSE,Nguyên vật liệu,Nguyên vật liệu,Khai khoáng và luyện kim,SMC,CTCP Đầu tư Thương mại SMC,73678587,https://finance.vietstock.vn/SMC-ctcp-dau-tu-thuong-mai-smc.htm,2006-10-29 17:00:00
1159,3176,2,HNX,Dịch vụ truyền thông,Truyền thông và giải trí,Truyền thông,SMN,CTCP Sách và Thiết bị Giáo dục Miền Nam,4405000,https://finance.vietstock.vn/SMN-ctcp-sach-va-thiet-bi-giao-duc-mien-nam.htm,2015-07-13 17:00:00
1160,1759,2,HNX,Công nghệ thông tin,Phần cứng và thiết bị,Điện tử,SMT,CTCP Sametel,6560739,https://finance.vietstock.vn/SMT-ctcp-sametel.htm,2010-07-29 17:00:00
1161,2447,5,UPCoM,Tiêu dùng thiết yếu,"Thực phẩm, đồ uống và thuốc lá",Thực phẩm,SNC,CTCP Xuất nhập khẩu Thủy sản Năm Căn,5000000,https://finance.vietstock.vn/SNC-ctcp-xuat-nhap-khau-thuy-san-nam-can.htm,2014-11-10 17:00:00
1162,4212,5,UPCoM,Bất động sản,Bất động sản,Quản lý và phát triển bất động sản,SNZ,Tổng Công ty cổ phần Phát triển Khu Công nghiệp,376500000,https://finance.vietstock.vn/SNZ-tong-cong-ty-co-phan-phat-trien-khu-cong-nghiep.htm,2017-11-19 17:00:00
1163,4384,5,UPCoM,Tiện ích,Tiện ích,Phát điện độc lập và điện tái tạo,SP2,CTCP Thủy điện Sử Pán 2,20746000,https://finance.vietstock.vn/SP2-ctcp-thuy-dien-su-pan-2.htm,2016-09-29 17:00:00
1164,4360,5,UPCoM,Tiêu dùng không thiết yếu,Thời trang và hàng lâu bền,Thời trang và dệt may,SPB,CTCP Sợi Phú Bài,13300087,https://finance.vietstock.vn/SPB-ctcp-soi-phu-bai.htm,2016-10-16 17:00:00
1165,2173,2,HNX,Nguyên vật liệu,Nguyên vật liệu,Hóa chất,SPC,CTCP Bảo vệ Thực vật Sài Gòn,10530000,https://finance.vietstock.vn/SPC-ctcp-bao-ve-thuc-vat-sai-gon.htm,2022-01-26 17:00:00
1166,2000,5,UPCoM,Tiêu dùng thiết yếu,"Thực phẩm, đồ uống và thuốc lá",Thực phẩm,SPD,CTCP Xuất nhập khẩu Thủy sản Miền Trung,12000000,https://finance.vietstock.vn/SPD-ctcp-xuat-nhap-khau-thuy-san-mien-trung.htm,2010-04-21 17:00:00
1167,2232,5,UPCoM,Tiêu dùng thiết yếu,"Thực phẩm, đồ uống và thuốc lá",Thực phẩm,SPH,CTCP Xuất nhập khẩu Thủy sản Hà Nội,10000000,https://finance.vietstock.vn/SPH-ctcp-xuat-nhap-khau-thuy-san-ha-noi.htm,2014-05-19 17:00:00
1168,3312,5,UPCoM,Nguyên vật liệu,Nguyên vật liệu,Vật liệu xây dựng,SPI,CTCP Spiral Galaxy,16815000,https://finance.vietstock.vn/SPI-ctcp-spiral-galaxy.htm,2025-07-24 17:00:00
1169,1295,1,HOSE,Chăm sóc sức khỏe,"Dược phẩm, công nghệ sinh học và khoa học sự sống",Dược phẩm,SPM,CTCP SPM,14000000,https://finance.vietstock.vn/SPM-ctcp-spm.htm,2010-05-20 17:00:00
1170,2211,5,UPCoM,Tiêu dùng thiết yếu,"Thực phẩm, đồ uống và thuốc lá",Thực phẩm,SPV,CTCP Thủy Đặc sản,12959987,https://finance.vietstock.vn/SPV-ctcp-thuy-dac-san.htm,2017-02-13 17:00:00
1171,1102,2,HNX,Chăm sóc sức khỏe,Thiết bị và dịch vụ chăm sóc sức khỏe,Thiết bị và vật tư chăm sóc sức khỏe,SRA,CTCP Sara Việt Nam,43199974,https://finance.vietstock.vn/SRA-ctcp-sara-viet-nam.htm,2008-01-17 17:00:00
1172,1136,5,UPCoM,Tiêu dùng không thiết yếu,Dịch vụ tiêu dùng,Dịch vụ tiêu dùng khác,SRB,CTCP Tập đoàn Sara,8500000,https://finance.vietstock.vn/SRB-ctcp-tap-doan-sara.htm,2016-05-25 17:00:00
1173,1832,1,HOSE,Tiêu dùng không thiết yếu,Xe và linh kiện,Linh kiện xe,SRC,CTCP Cao su Sao Vàng,36484124,https://finance.vietstock.vn/SRC-ctcp-cao-su-sao-vang.htm,2009-10-06 17:00:00
1174,1847,1,HOSE,Công nghiệp,Hàng hóa công nghiệp,Kỹ thuật xây dựng,SRF,CTCP SEAREFICO,35566780,https://finance.vietstock.vn/SRF-ctcp-searefico.htm,2009-10-20 17:00:00
1175,1193,1,HOSE,Tài chính,Tổ chức tín dụng,Ngân hàng,SSB,Ngân hàng TMCP Đông Nam Á,3428800000,https://finance.vietstock.vn/SSB-ngan-hang-tmcp-dong-nam-a.htm,2021-03-23 17:00:00
1176,594,1,HOSE,Tiêu dùng thiết yếu,"Thực phẩm, đồ uống và thuốc lá",Thực phẩm,SSC,CTCP Giống cây trồng Miền Nam,14992367,https://finance.vietstock.vn/SSC-ctcp-giong-cay-trong-mien-nam.htm,2005-02-28 17:00:00
1177,2639,5,UPCoM,Công nghiệp,Vận tải,Vận tải biển,SSG,CTCP Vận tải biển Hải Âu,5000000,https://finance.vietstock.vn/SSG-ctcp-van-tai-bien-hai-au.htm,2011-01-04 17:00:00
1178,4873,5,UPCoM,Bất động sản,Bất động sản,Quản lý và phát triển bất động sản,SSH,CTCP Phát triển Sunshine Homes,375000000,https://finance.vietstock.vn/SSH-ctcp-phat-trien-sunshine-homes.htm,2021-08-03 17:00:00
1179,993,1,HOSE,Tài chính,Dịch vụ tài chính,Thị trường vốn,SSI,CTCP Chứng khoán SSI,2503089220,https://finance.vietstock.vn/SSI-ctcp-chung-khoan-ssi.htm,2007-10-28 17:00:00
1180,1396,2,HNX,Nguyên vật liệu,Nguyên vật liệu,Khai khoáng và luyện kim,SSM,CTCP Chế tạo kết cấu Thép Vneco.SSM,5501024,https://finance.vietstock.vn/SSM-ctcp-che-tao-ket-cau-thep-vneco-ssm.htm,2008-11-16 17:00:00
1181,1021,1,HOSE,Tiêu dùng không thiết yếu,Thương mại hàng không thiết yếu,Nhà phân phối,ST8,CTCP Tập đoàn ST8,25720902,https://finance.vietstock.vn/ST8-ctcp-tap-doan-st8.htm,2007-12-17 17:00:00
1182,59,1,HOSE,Tài chính,Tổ chức tín dụng,Ngân hàng,STB,Ngân hàng TMCP Sài Gòn Tài Lộc,1885215716,https://finance.vietstock.vn/STB-ngan-hang-tmcp-sai-gon-tai-loc.htm,2006-07-11 17:00:00
1183,977,2,HNX,Dịch vụ truyền thông,Truyền thông và giải trí,Truyền thông,STC,CTCP Sách và Thiết bị Trường học Thành phố Hồ Chí Minh,5665530,https://finance.vietstock.vn/STC-ctcp-sach-va-thiet-bi-truong-hoc-thanh-pho-ho-chi-minh.htm,2006-12-26 17:00:00
1184,4763,5,UPCoM,Tiêu dùng thiết yếu,"Thực phẩm, đồ uống và thuốc lá",Đồ uống,STD,CTCP Bia - Nước giải khát Sài Gòn - Tây Đô,20000000,https://finance.vietstock.vn/STD-ctcp-bia-nuoc-giai-khat-sai-gon-tay-do.htm,2026-01-26 17:00:00
1185,1510,1,HOSE,Công nghiệp,Vận tải,Hạ tầng giao thông,STG,CTCP Kho vận Miền Nam,98253357,https://finance.vietstock.vn/STG-ctcp-kho-van-mien-nam.htm,2010-03-01 17:00:00
1186,4796,5,UPCoM,Tiêu dùng không thiết yếu,Thương mại hàng không thiết yếu,Bán lẻ chuyên doanh,STH,CTCP STH Holdings,19500000,https://finance.vietstock.vn/STH-ctcp-sth-holdings.htm,2020-03-16 17:00:00
1187,2758,1,HOSE,Tiêu dùng không thiết yếu,Thời trang và hàng lâu bền,Thời trang và dệt may,STK,CTCP Sợi Thế Kỷ,140123130,https://finance.vietstock.vn/STK-ctcp-soi-the-ky.htm,2015-09-29 17:00:00
1188,978,2,HNX,Nguyên vật liệu,Nguyên vật liệu,Bao bì và vật chứa,STP,CTCP Công nghiệp Thương mại Sông Đà,8045744,https://finance.vietstock.vn/STP-ctcp-cong-nghiep-thuong-mai-song-da.htm,2006-10-08 17:00:00
1189,1669,5,UPCoM,Công nghiệp,Vận tải,Hạ tầng giao thông,STS,CTCP Dịch vụ Vận tải Sài Gòn,2768221,https://finance.vietstock.vn/STS-ctcp-dich-vu-van-tai-sai-gon.htm,2010-03-29 17:00:00
1190,1274,5,UPCoM,Tiêu dùng không thiết yếu,Dịch vụ tiêu dùng,Dịch vụ tiêu dùng khác,STT,CTCP Vận chuyển Sài Gòn Tourist,8000000,https://finance.vietstock.vn/STT-ctcp-van-chuyen-sai-gon-tourist.htm,2018-07-12 17:00:00
1191,4695,5,UPCoM,Tiện ích,Tiện ích,Nước,STW,CTCP Cấp nước Sóc Trăng,15863133,https://finance.vietstock.vn/STW-ctcp-cap-nuoc-soc-trang.htm,2018-07-05 17:00:00
1192,979,1,HOSE,Tiêu dùng không thiết yếu,Thương mại hàng không thiết yếu,Bán lẻ chuyên doanh,SVC,CTCP Dịch vụ Tổng hợp Sài Gòn,93278289,https://finance.vietstock.vn/SVC-ctcp-dich-vu-tong-hop-sai-gon.htm,2009-05-31 17:00:00
1193,4848,1,HOSE,Tiêu dùng không thiết yếu,Thời trang và hàng lâu bền,Thời trang và dệt may,SVD,CTCP Đầu tư & Thương mại Vũ Đăng,27605908,https://finance.vietstock.vn/SVD-ctcp-dau-tu-thuong-mai-vu-dang.htm,2021-02-01 17:00:00
1194,3865,5,UPCoM,Nguyên vật liệu,Nguyên vật liệu,Hóa chất,SVG,CTCP Hơi Kỹ nghệ Que hàn,29350000,https://finance.vietstock.vn/SVG-ctcp-hoi-ky-nghe-que-han.htm,2016-04-05 17:00:00
1195,4621,5,UPCoM,Tiện ích,Tiện ích,Phát điện độc lập và điện tái tạo,SVH,CTCP Thủy điện Sông Vàng,14820662,https://finance.vietstock.vn/SVH-ctcp-thuy-dien-song-vang.htm,2017-12-27 17:00:00
1196,3007,2,HNX,Tiêu dùng thiết yếu,"Thực phẩm, đồ uống và thuốc lá",Thực phẩm,SVN,CTCP Tập đoàn Vexilla Việt Nam,21000000,https://finance.vietstock.vn/SVN-ctcp-tap-doan-vexilla-viet-nam.htm,2011-07-25 17:00:00
1197,2749,1,HOSE,Nguyên vật liệu,Nguyên vật liệu,Gỗ và giấy,SVT,CTCP Công nghệ Sài Gòn Viễn Đông,17310978,https://finance.vietstock.vn/SVT-ctcp-cong-nghe-sai-gon-vien-dong.htm,2011-10-04 17:00:00
1198,2166,5,UPCoM,Công nghiệp,Vận tải,Vận tải biển,SWC,Tổng Công ty cổ phần Đường sông Miền Nam,67100000,https://finance.vietstock.vn/SWC-tong-cong-ty-co-phan-duong-song-mien-nam.htm,2011-04-28 17:00:00
1199,3120,2,HNX,Bất động sản,Bất động sản,Quản lý và phát triển bất động sản,SZB,CTCP Sonadezi Long Bình,30000000,https://finance.vietstock.vn/SZB-ctcp-sonadezi-long-binh.htm,2019-12-19 17:00:00
1200,2183,1,HOSE,Bất động sản,Bất động sản,Quản lý và phát triển bất động sản,SZC,CTCP Sonadezi Châu Đức,179985863,https://finance.vietstock.vn/SZC-ctcp-sonadezi-chau-duc.htm,2019-01-14 17:00:00
1201,4122,5,UPCoM,Công nghiệp,Dịch vụ thương mại và chuyên nghiệp,Dịch vụ và thiết bị thương mại ,SZE,CTCP Môi trường Sonadezi,30000000,https://finance.vietstock.vn/SZE-ctcp-moi-truong-sonadezi.htm,2016-12-08 17:00:00
1202,4887,5,UPCoM,Bất động sản,Bất động sản,Quản lý và phát triển bất động sản,SZG,CTCP Sonadezi Giang Điền,54898000,https://finance.vietstock.vn/SZG-ctcp-sonadezi-giang-dien.htm,2021-12-26 17:00:00
1203,1292,1,HOSE,Bất động sản,Bất động sản,Quản lý và phát triển bất động sản,SZL,CTCP Sonadezi Long Thành,29114840,https://finance.vietstock.vn/SZL-ctcp-sonadezi-long-thanh.htm,2008-09-08 17:00:00
1204,4604,5,UPCoM,Công nghiệp,Hàng hóa công nghiệp,Kỹ thuật xây dựng,TA6,CTCP Đầu tư và Xây lắp Thành An 665,3000000,https://finance.vietstock.vn/TA6-ctcp-dau-tu-va-xay-lap-thanh-an-665.htm,2017-11-27 17:00:00
1205,2919,2,HNX,Công nghiệp,Hàng hóa công nghiệp,Kỹ thuật xây dựng,TA9,CTCP Xây lắp Thành An 96,12419787,https://finance.vietstock.vn/TA9-ctcp-xay-lap-thanh-an-96.htm,2015-07-30 17:00:00
1206,5699,5,UPCoM,Nguyên vật liệu,Nguyên vật liệu,Vật liệu xây dựng,TAB,CTCP Freco Việt Nam,6500000,https://finance.vietstock.vn/TAB-ctcp-freco-viet-nam.htm,2024-09-26 17:00:00
1207,5824,5,UPCoM,Nguyên vật liệu,Nguyên vật liệu,Gỗ và giấy,TAH,CTCP Thương mại Dịch vụ Giấy Thuận An,270000000,https://finance.vietstock.vn/TAH-ctcp-thuong-mai-dich-vu-giay-thuan-an.htm,
1208,4960,1,HOSE,Bất động sản,Bất động sản,Quản lý và phát triển bất động sản,TAL,CTCP Đầu tư Bất động sản Taseco,503999708,https://finance.vietstock.vn/TAL-ctcp-dau-tu-bat-dong-san-taseco.htm,2025-07-31 17:00:00
1209,4737,5,UPCoM,Tiêu dùng thiết yếu,"Thực phẩm, đồ uống và thuốc lá",Thực phẩm,TAN,CTCP Cà phê Thuận An,1613690,https://finance.vietstock.vn/TAN-ctcp-ca-phe-thuan-an.htm,2019-06-09 17:00:00
1210,4724,5,UPCoM,Tiêu dùng thiết yếu,"Thực phẩm, đồ uống và thuốc lá",Thực phẩm,TAR,CTCP Nông nghiệp Công nghệ cao Trung An,78319777,https://finance.vietstock.vn/TAR-ctcp-nong-nghiep-cong-nghe-cao-trung-an.htm,2024-05-30 17:00:00
1211,3842,5,UPCoM,Tiện ích,Tiện ích,Nước,TAW,CTCP Cấp nước Trung An,5000000,https://finance.vietstock.vn/TAW-ctcp-cap-nuoc-trung-an.htm,2016-07-28 17:00:00
1212,1004,1,HOSE,Tiện ích,Tiện ích,Phát điện độc lập và điện tái tạo,TBC,CTCP Thủy điện Thác Bà,63500000,https://finance.vietstock.vn/TBC-ctcp-thuy-dien-thac-ba.htm,2009-10-18 17:00:00
1213,1627,5,UPCoM,Công nghiệp,Hàng hóa công nghiệp,Thiết bị điện,TBD,Tổng Công ty Thiết bị Điện Đông Anh - CTCP,32486392,https://finance.vietstock.vn/TBD-tong-cong-ty-thiet-bi-dien-dong-anh-ctcp.htm,2014-10-14 17:00:00
1214,1248,5,UPCoM,Bất động sản,Bất động sản,Bất động sản đa dạng,TBR,CTCP Địa ốc Tân Bình,8060000,https://finance.vietstock.vn/TBR-ctcp-dia-oc-tan-binh.htm,2022-07-19 17:00:00
1215,5599,5,UPCoM,Tiện ích,Tiện ích,Nước,TBW,CTCP Nước sạch Thái Bình,9850000,https://finance.vietstock.vn/TBW-ctcp-nuoc-sach-thai-binh.htm,2024-01-08 17:00:00
1216,1176,1,HOSE,Tài chính,Tổ chức tín dụng,Ngân hàng,TCB,Ngân hàng TMCP Kỹ thương Việt Nam,7086240414,https://finance.vietstock.vn/TCB-ngan-hang-tmcp-ky-thuong-viet-nam.htm,2018-06-03 17:00:00
1217,3613,5,UPCoM,Công nghiệp,Hàng hóa công nghiệp,Kỹ thuật xây dựng,TCD,CTCP Tập đoàn Xây dựng TRACODI,335820641,https://finance.vietstock.vn/TCD-ctcp-tap-doan-xay-dung-tracodi.htm,2026-07-23 17:00:00
1218,4383,1,HOSE,Bất động sản,Bất động sản,Quản lý và phát triển bất động sản,TCH,CTCP Đầu tư Dịch vụ Tài chính Hoàng Huy,912109224,https://finance.vietstock.vn/TCH-ctcp-dau-tu-dich-vu-tai-chinh-hoang-huy.htm,2016-10-04 17:00:00
1219,1369,1,HOSE,Tài chính,Dịch vụ tài chính,Thị trường vốn,TCI,CTCP Chứng khoán Thành Công,115620964,https://finance.vietstock.vn/TCI-ctcp-chung-khoan-thanh-cong.htm,2024-01-25 17:00:00
1220,2127,5,UPCoM,Tiêu dùng thiết yếu,"Thực phẩm, đồ uống và thuốc lá",Thực phẩm,TCJ,CTCP Tô Châu,10000000,https://finance.vietstock.vn/TCJ-ctcp-to-chau.htm,2017-11-23 17:00:00
1221,4337,5,UPCoM,Công nghiệp,Hàng hóa công nghiệp,Máy móc công nghiệp,TCK,Tổng Công ty Cơ khí Xây dựng - CTCP,23850000,https://finance.vietstock.vn/TCK-tong-cong-ty-co-khi-xay-dung-ctcp.htm,2017-10-26 17:00:00
1222,1239,1,HOSE,Công nghiệp,Vận tải,Hạ tầng giao thông,TCL,CTCP Đại lý Giao nhận Vận tải Xếp dỡ Tân Cảng,30158436,https://finance.vietstock.vn/TCL-ctcp-dai-ly-giao-nhan-van-tai-xep-do-tan-cang.htm,2009-12-23 17:00:00
1223,953,1,HOSE,Tiêu dùng không thiết yếu,Thời trang và hàng lâu bền,Thời trang và dệt may,TCM,CTCP Dệt may - Đầu tư - Thương mại Thành Công,117739077,https://finance.vietstock.vn/TCM-ctcp-det-may-dau-tu-thuong-mai-thanh-cong.htm,2007-10-14 17:00:00
1224,1825,1,HOSE,Tiêu dùng thiết yếu,"Thực phẩm, đồ uống và thuốc lá",Thực phẩm,TCO,CTCP Janus Group,31320622,https://finance.vietstock.vn/TCO-ctcp-janus-group.htm,2012-02-26 17:00:00
1225,825,1,HOSE,Nguyên vật liệu,Nguyên vật liệu,Vật liệu xây dựng,TCR,CTCP Công nghiệp Gốm sứ Taicera,10373190,https://finance.vietstock.vn/TCR-ctcp-cong-nghiep-gom-su-taicera.htm,2006-12-28 17:00:00
1226,734,1,HOSE,Công nghiệp,Vận tải,Vận tải mặt đất,TCT,CTCP Cáp treo Núi Bà Tây Ninh,12788000,https://finance.vietstock.vn/TCT-ctcp-cap-treo-nui-ba-tay-ninh.htm,2016-03-21 17:00:00
1227,3065,5,UPCoM,Công nghiệp,Vận tải,Hạ tầng giao thông,TCW,CTCP Kho Vận Tân Cảng,19991020,https://finance.vietstock.vn/TCW-ctcp-kho-van-tan-cang.htm,2017-06-25 17:00:00
1228,1478,1,HOSE,Tài chính,Dịch vụ tài chính,Thị trường vốn,TCX,CTCP Chứng khoán Kỹ Thương,2773896803,https://finance.vietstock.vn/TCX-ctcp-chung-khoan-ky-thuong.htm,2025-10-19 17:00:00
1229,5719,2,HNX,Năng lượng,Năng lượng,Dầu khí,TD6,CTCP Than Đèo Nai - Cọc Sáu - TKV,61935202,https://finance.vietstock.vn/TD6-ctcp-than-deo-nai-coc-sau-tkv.htm,2025-06-15 17:00:00
1230,2944,5,UPCoM,Tiện ích,Tiện ích,Phát điện độc lập và điện tái tạo,TDB,CTCP Thủy điện Định Bình,8230000,https://finance.vietstock.vn/TDB-ctcp-thuy-dien-dinh-binh.htm,2017-07-18 17:00:00
1231,1933,1,HOSE,Bất động sản,Bất động sản,Quản lý và phát triển bất động sản,TDC,CTCP Kinh doanh và Phát triển Bình Dương,127228000,https://finance.vietstock.vn/TDC-ctcp-kinh-doanh-va-phat-trien-binh-duong.htm,2010-05-03 17:00:00
1232,2815,5,UPCoM,Nguyên vật liệu,Nguyên vật liệu,Vật liệu xây dựng,TDF,CTCP Trung Đô,30000000,https://finance.vietstock.vn/TDF-ctcp-trung-do.htm,2020-05-11 17:00:00
1233,4403,1,HOSE,Tiện ích,Tiện ích,Gas sinh hoạt,TDG,CTCP Đầu tư TDG Global,24211190,https://finance.vietstock.vn/TDG-ctcp-dau-tu-tdg-global.htm,2017-06-14 17:00:00
1234,826,1,HOSE,Bất động sản,Bất động sản,Quản lý và phát triển bất động sản,TDH,CTCP Phát triển Nhà Thủ Đức,112652767,https://finance.vietstock.vn/TDH-ctcp-phat-trien-nha-thu-duc.htm,2006-12-13 17:00:00
1235,4289,1,HOSE,Tiện ích,Tiện ích,Nước,TDM,CTCP Nước Thủ Dầu Một,111100000,https://finance.vietstock.vn/TDM-ctcp-nuoc-thu-dau-mot.htm,2018-10-23 17:00:00
1236,4716,1,HOSE,Nguyên vật liệu,Nguyên vật liệu,Bao bì và vật chứa,TDP,CTCP Thuận Đức,93699574,https://finance.vietstock.vn/TDP-ctcp-thuan-duc.htm,2020-10-11 17:00:00
1237,2518,5,UPCoM,Nguyên vật liệu,Nguyên vật liệu,Khai khoáng và luyện kim,TDS,CTCP Thép Thủ Đức - VNSTEEL,12225393,https://finance.vietstock.vn/TDS-ctcp-thep-thu-duc-vnsteel.htm,2011-10-05 17:00:00
1238,4676,2,HNX,Tiêu dùng không thiết yếu,Thời trang và hàng lâu bền,Thời trang và dệt may,TDT,CTCP Đầu tư và Phát triển TDT,23896534,https://finance.vietstock.vn/TDT-ctcp-dau-tu-va-phat-trien-tdt.htm,2018-07-17 17:00:00
1239,2191,1,HOSE,Tiện ích,Tiện ích,Nước,TDW,CTCP Cấp nước Thủ Đức,8500000,https://finance.vietstock.vn/TDW-ctcp-cap-nuoc-thu-duc.htm,2010-11-10 17:00:00
1240,3806,5,UPCoM,Công nghiệp,Hàng hóa công nghiệp,Kỹ thuật xây dựng,TED,Tổng công ty Tư vấn thiết kế Giao thông vận tải - CТСР,12500000,https://finance.vietstock.vn/TED-tong-cong-ty-tu-van-thiet-ke-giao-thong-van-tai-c???.htm,2022-05-09 17:00:00
1241,4179,1,HOSE,Công nghiệp,Hàng hóa công nghiệp,Phân phối hàng công nghiệp,TEG,CTCP Trường Thành Energy Group,120806562,https://finance.vietstock.vn/TEG-ctcp-truong-thanh-energy-group.htm,2018-03-08 17:00:00
1242,1840,2,HNX,Tiêu dùng không thiết yếu,Thời trang và hàng lâu bền,Thời trang và dệt may,TET,CTCP Bất động sản Pristie,5702940,https://finance.vietstock.vn/TET-ctcp-bat-dong-san-pristie.htm,2010-04-27 17:00:00
1243,4155,2,HNX,Tiêu dùng thiết yếu,"Thực phẩm, đồ uống và thuốc lá",Thực phẩm,TFC,CTCP Trang,16829994,https://finance.vietstock.vn/TFC-ctcp-trang.htm,2015-12-02 17:00:00
1244,4678,5,UPCoM,Tiêu dùng thiết yếu,Thương mại hàng thiết yếu,Thương mại hàng thiết yếu,TGG,CTCP The Golden Group,27299990,https://finance.vietstock.vn/TGG-ctcp-the-golden-group.htm,2023-12-28 17:00:00
1245,1784,5,UPCoM,Công nghiệp,Hàng hóa công nghiệp,Thiết bị điện,TGP,CTCP Trường Phú,13101325,https://finance.vietstock.vn/TGP-ctcp-truong-phu.htm,2009-06-23 17:00:00
1246,1262,5,UPCoM,Tiêu dùng thiết yếu,Thương mại hàng thiết yếu,Thương mại hàng thiết yếu,TH1,CTCP Xuất nhập khẩu Tổng hợp I Việt Nam,13539267,https://finance.vietstock.vn/TH1-ctcp-xuat-nhap-khau-tong-hop-i-viet-nam.htm,2018-04-26 17:00:00
1247,1428,2,HNX,Tiêu dùng thiết yếu,"Thực phẩm, đồ uống và thuốc lá",Đồ uống,THB,CTCP Bia Hà Nội - Thanh Hóa,11424570,https://finance.vietstock.vn/THB-ctcp-bia-ha-noi-thanh-hoa.htm,2008-11-18 17:00:00
1248,4817,2,HNX,Công nghiệp,Hàng hóa công nghiệp,Phân phối hàng công nghiệp,THD,CTCP Thaiholdings,384999972,https://finance.vietstock.vn/THD-ctcp-thaiholdings.htm,2020-06-18 17:00:00
1249,2125,1,HOSE,Nguyên vật liệu,Nguyên vật liệu,Vật liệu xây dựng,THG,CTCP Đầu tư và Xây dựng Tiền Giang,35176307,https://finance.vietstock.vn/THG-ctcp-dau-tu-va-xay-dung-tien-giang.htm,2011-07-27 17:00:00
1250,4955,5,UPCoM,Tiêu dùng không thiết yếu,Thời trang và hàng lâu bền,Thời trang và dệt may,THM,CTCP Tứ Hải Hà Nam,12152800,https://finance.vietstock.vn/THM-ctcp-tu-hai-ha-nam.htm,2023-10-17 17:00:00
1251,4245,5,UPCoM,Tiện ích,Tiện ích,Nước,THN,CTCP Cấp nước Thanh Hóa,32995411,https://finance.vietstock.vn/THN-ctcp-cap-nuoc-thanh-hoa.htm,2017-10-04 17:00:00
1252,2385,5,UPCoM,Tiêu dùng thiết yếu,"Thực phẩm, đồ uống và thuốc lá",Thực phẩm,THP,CTCP Thủy sản và Thương mại Thuận Phước,21611185,https://finance.vietstock.vn/THP-ctcp-thuy-san-va-thuong-mai-thuan-phuoc.htm,2019-11-17 17:00:00
1253,2419,2,HNX,Tiêu dùng không thiết yếu,Thương mại hàng không thiết yếu,Nhà phân phối,THS,CTCP Thanh Hoa - Sông Đà,3000000,https://finance.vietstock.vn/THS-ctcp-thanh-hoa-song-da.htm,2013-11-11 17:00:00
1254,1414,2,HNX,Năng lượng,Năng lượng,Dầu khí,THT,CTCP Than Hà Tu - Vinacomin,24569052,https://finance.vietstock.vn/THT-ctcp-than-ha-tu-vinacomin.htm,2008-10-23 17:00:00
1255,4506,5,UPCoM,Công nghiệp,Dịch vụ thương mại và chuyên nghiệp,Dịch vụ và thiết bị thương mại ,THU,CTCP Môi trường và Công trình Đô thị Thanh Hóa,3297790,https://finance.vietstock.vn/THU-ctcp-moi-truong-va-cong-trinh-do-thi-thanh-hoa.htm,2017-06-05 17:00:00
1256,4265,5,UPCoM,Tiện ích,Tiện ích,Nước,THW,CTCP Cấp nước Tân Hòa,5000000,https://finance.vietstock.vn/THW-ctcp-cap-nuoc-tan-hoa.htm,2016-02-29 17:00:00
1257,4275,5,UPCoM,Tiêu dùng thiết yếu,"Thực phẩm, đồ uống và thuốc lá",Thực phẩm,TID,CTCP Tổng Công ty Tín Nghĩa,200000000,https://finance.vietstock.vn/TID-ctcp-tong-cong-ty-tin-nghia.htm,2018-12-11 17:00:00
1258,1502,5,UPCoM,Tiêu dùng không thiết yếu,Thương mại hàng không thiết yếu,Nhà phân phối,TIE,CTCP TIE,9569900,https://finance.vietstock.vn/TIE-ctcp-tie.htm,2019-08-08 17:00:00
1259,2700,2,HNX,Bất động sản,Bất động sản,Bất động sản đa dạng,TIG,CTCP Tập đoàn Đầu tư Thăng Long,193606205,https://finance.vietstock.vn/TIG-ctcp-tap-doan-dau-tu-thang-long.htm,2010-10-07 17:00:00
1260,2170,5,UPCoM,Tài chính,Tổ chức tín dụng,Tín dụng phi ngân hàng,TIN,Công Ty Tài chính tổng hợp cổ phần Tín Việt,91178331,https://finance.vietstock.vn/TIN-cong-ty-tai-chinh-tong-hop-co-phan-tin-viet.htm,2021-12-27 17:00:00
1261,2054,1,HOSE,Bất động sản,Bất động sản,Quản lý và phát triển bất động sản,TIP,CTCP Phát triển Khu Công nghiệp Tín Nghĩa,65007857,https://finance.vietstock.vn/TIP-ctcp-phat-trien-khu-cong-nghiep-tin-nghia.htm,2016-06-05 17:00:00
1262,2745,5,UPCoM,Nguyên vật liệu,Nguyên vật liệu,Khai khoáng và luyện kim,TIS,CTCP Gang thép Thái Nguyên,184000000,https://finance.vietstock.vn/TIS-ctcp-gang-thep-thai-nguyen.htm,2011-03-23 17:00:00
1263,1315,1,HOSE,Bất động sản,Bất động sản,Quản lý và phát triển bất động sản,TIX,CTCP Sản xuất Kinh doanh Xuất nhập khẩu Dịch vụ và Đầu tư Tân Bình,30000000,https://finance.vietstock.vn/TIX-ctcp-san-xuat-kinh-doanh-xuat-nhap-khau-dich-vu-va-dau-tu-tan-binh.htm,2009-11-24 17:00:00
1264,1103,2,HNX,Công nghiệp,Vận tải,Vận tải biển,TJC,CTCP Dịch vụ Vận tải và Thương mại,8600000,https://finance.vietstock.vn/TJC-ctcp-dich-vu-van-tai-va-thuong-mai.htm,2007-12-16 17:00:00
1265,4815,5,UPCoM,Nguyên vật liệu,Nguyên vật liệu,Bao bì và vật chứa,TKA,CTCP Bao bì Tân Khánh An,3800000,https://finance.vietstock.vn/TKA-ctcp-bao-bi-tan-khanh-an.htm,2020-06-02 17:00:00
1266,1005,2,HNX,Nguyên vật liệu,Nguyên vật liệu,Khai khoáng và luyện kim,TKU,CTCP Công nghiệp Tung Kuang,7255744,https://finance.vietstock.vn/TKU-ctcp-cong-nghiep-tung-kuang.htm,2006-06-25 17:00:00
1267,2844,5,UPCoM,Công nghiệp,Hàng hóa công nghiệp,Kỹ thuật xây dựng,TL4,Tổng Công ty cổ phần Xây dựng Thủy Lợi 4 - CTCP,16008338,https://finance.vietstock.vn/TL4-tong-cong-ty-co-phan-xay-dung-thuy-loi-4-ctcp.htm,2015-02-03 17:00:00
1268,4609,1,HOSE,Nguyên vật liệu,Nguyên vật liệu,Vật liệu xây dựng,TLD,CTCP Đầu tư Xây dựng và Phát triển Đô thị Thăng Long,77741356,https://finance.vietstock.vn/TLD-ctcp-dau-tu-xay-dung-va-phat-trien-do-thi-thang-long.htm,2017-12-06 17:00:00
1269,2050,1,HOSE,Công nghiệp,Dịch vụ thương mại và chuyên nghiệp,Dịch vụ và thiết bị thương mại ,TLG,CTCP Tập đoàn Thiên Long,96528340,https://finance.vietstock.vn/TLG-ctcp-tap-doan-thien-long.htm,2010-03-25 17:00:00
1270,2164,1,HOSE,Nguyên vật liệu,Nguyên vật liệu,Khai khoáng và luyện kim,TLH,CTCP Tập đoàn Thép Tiến Lên,112320017,https://finance.vietstock.vn/TLH-ctcp-tap-doan-thep-tien-len.htm,2010-03-15 17:00:00
1271,4566,5,UPCoM,Tiêu dùng không thiết yếu,Thương mại hàng không thiết yếu,Nhà phân phối,TLP,Tổng Công ty Thương mại Xuất nhập khẩu Thanh Lễ - CTCP,236600000,https://finance.vietstock.vn/TLP-tong-cong-ty-thuong-mai-xuat-nhap-khau-thanh-le-ctcp.htm,2017-12-07 17:00:00
1272,982,5,UPCoM,Nguyên vật liệu,Nguyên vật liệu,Vật liệu xây dựng,TLT,CTCP Viglacera Thăng Long,6989800,https://finance.vietstock.vn/TLT-ctcp-viglacera-thang-long.htm,2013-06-18 17:00:00
1273,2325,2,HNX,Năng lượng,Năng lượng,Dầu khí,TMB,CTCP Kinh doanh Than Miền Bắc - Vinacomin,15000000,https://finance.vietstock.vn/TMB-ctcp-kinh-doanh-than-mien-bac-vinacomin.htm,2017-01-15 17:00:00
1274,828,2,HNX,Tiêu dùng không thiết yếu,Thương mại hàng không thiết yếu,Nhà phân phối,TMC,CTCP Thương mại Xuất nhập khẩu Thủ Đức,12400000,https://finance.vietstock.vn/TMC-ctcp-thuong-mai-xuat-nhap-khau-thu-duc.htm,2009-06-07 17:00:00
1275,3785,5,UPCoM,Nguyên vật liệu,Nguyên vật liệu,Khai khoáng và luyện kim,TMG,CTCP Kim loại màu Thái Nguyên - Vimico,18000000,https://finance.vietstock.vn/TMG-ctcp-kim-loai-mau-thai-nguyen-vimico.htm,2017-02-06 17:00:00
1276,1256,1,HOSE,Tiện ích,Tiện ích,Phát điện độc lập và điện tái tạo,TMP,CTCP Thủy điện Thác Mơ,70000000,https://finance.vietstock.vn/TMP-ctcp-thuy-dien-thac-mo.htm,2009-06-17 17:00:00
1277,22,1,HOSE,Công nghiệp,Vận tải,Hạ tầng giao thông,TMS,CTCP Transimex,172734187,https://finance.vietstock.vn/TMS-ctcp-transimex.htm,2000-08-03 17:00:00
1278,2152,1,HOSE,Tiêu dùng không thiết yếu,Xe và linh kiện,Xe,TMT,CTCP Ô tô TMT,37287680,https://finance.vietstock.vn/TMT-ctcp-o-to-tmt.htm,2010-01-21 17:00:00
1279,2132,5,UPCoM,Nguyên vật liệu,Nguyên vật liệu,Gỗ và giấy,TMW,CTCP Tổng hợp Gỗ Tân Mai,4662350,https://finance.vietstock.vn/TMW-ctcp-tong-hop-go-tan-mai.htm,2009-12-22 17:00:00
1280,1850,2,HNX,Nguyên vật liệu,Nguyên vật liệu,Vật liệu xây dựng,TMX,CTCP VICEM Thương mại Xi măng,6000000,https://finance.vietstock.vn/TMX-ctcp-vicem-thuong-mai-xi-mang.htm,2009-11-01 17:00:00
1281,4731,1,HOSE,Bất động sản,Bất động sản,Quản lý và phát triển bất động sản,TN1,CTCP Rox Key Holdings,60095480,https://finance.vietstock.vn/TN1-ctcp-rox-key-holdings.htm,2019-05-29 17:00:00
1282,1334,5,UPCoM,Tiêu dùng không thiết yếu,Thương mại hàng không thiết yếu,Nhà phân phối,TNA,CTCP Thương mại Xuất nhập khẩu Thiên Nam,49576264,https://finance.vietstock.vn/TNA-ctcp-thuong-mai-xuat-nhap-khau-thien-nam.htm,2024-11-28 17:00:00
1283,1728,5,UPCoM,Nguyên vật liệu,Nguyên vật liệu,Khai khoáng và luyện kim,TNB,CTCP Thép Nhà Bè - VNSTEEL,29429000,https://finance.vietstock.vn/TNB-ctcp-thep-nha-be-vnsteel.htm,2010-04-15 17:00:00
1284,926,1,HOSE,Nguyên vật liệu,Nguyên vật liệu,Hóa chất,TNC,CTCP Cao su Thống Nhất,19250000,https://finance.vietstock.vn/TNC-ctcp-cao-su-thong-nhat.htm,2007-08-21 17:00:00
1285,1006,2,HNX,Tiêu dùng không thiết yếu,Thời trang và hàng lâu bền,Thời trang và dệt may,TNG,CTCP Đầu tư và Thương mại TNG,128731266,https://finance.vietstock.vn/TNG-ctcp-dau-tu-va-thuong-mai-tng.htm,2007-11-21 17:00:00
1286,4769,1,HOSE,Chăm sóc sức khỏe,Thiết bị và dịch vụ chăm sóc sức khỏe,Thương mại và dịch vụ chăm sóc sức khỏe,TNH,CTCP Tập đoàn Bệnh viện TNH,165799943,https://finance.vietstock.vn/TNH-ctcp-tap-doan-benh-vien-tnh.htm,2021-01-05 17:00:00
1287,3098,1,HOSE,Nguyên vật liệu,Nguyên vật liệu,Khai khoáng và luyện kim,TNI,CTCP Tập đoàn Thành Nam,52500000,https://finance.vietstock.vn/TNI-ctcp-tap-doan-thanh-nam.htm,2017-03-22 17:00:00
1288,3117,5,UPCoM,Công nghiệp,Vận tải,Hạ tầng giao thông,TNP,CTCP Cảng Thị Nại,7100000,https://finance.vietstock.vn/TNP-ctcp-cang-thi-nai.htm,2016-12-22 17:00:00
1289,2956,5,UPCoM,Nguyên vật liệu,Nguyên vật liệu,Khai khoáng và luyện kim,TNS,CTCP Thép tấm lá Thống Nhất,20000000,https://finance.vietstock.vn/TNS-ctcp-thep-tam-la-thong-nhat.htm,2017-01-05 17:00:00
1290,2600,1,HOSE,Nguyên vật liệu,Nguyên vật liệu,Vật liệu xây dựng,TNT,CTCP Tập đoàn TNT,51000000,https://finance.vietstock.vn/TNT-ctcp-tap-doan-tnt.htm,2010-05-20 17:00:00
1291,4305,5,UPCoM,Tiêu dùng không thiết yếu,Thời trang và hàng lâu bền,Sản phẩm giải trí,TNV,CTCP Thống Nhất Hà Nội,23700000,https://finance.vietstock.vn/TNV-ctcp-thong-nhat-ha-noi.htm,2024-11-07 17:00:00
1292,4502,5,UPCoM,Tiện ích,Tiện ích,Nước,TNW,CTCP Nước sạch Thái Nguyên,16000000,https://finance.vietstock.vn/TNW-ctcp-nuoc-sach-thai-nguyen.htm,2017-05-25 17:00:00
1293,4104,5,UPCoM,Tiêu dùng không thiết yếu,Thương mại hàng không thiết yếu,Nhà phân phối,TOP,CTCP Phân phối Top One,25350000,https://finance.vietstock.vn/TOP-ctcp-phan-phoi-top-one.htm,2015-07-22 17:00:00
1294,4875,5,UPCoM,Công nghiệp,Vận tải,Hạ tầng giao thông,TOS,CTCP Dịch vụ biển Tân Cảng,44999681,https://finance.vietstock.vn/TOS-ctcp-dich-vu-bien-tan-cang.htm,2021-09-07 17:00:00
1295,4524,2,HNX,Công nghiệp,Vận tải,Vận tải mặt đất,TOT,CTCP Transimex Logistics,10404748,https://finance.vietstock.vn/TOT-ctcp-transimex-logistics.htm,2022-01-19 17:00:00
1296,4722,5,UPCoM,Tiện ích,Tiện ích,Nước,TOW,CTCP Cấp nước Trà Nóc - Ô Môn,7978150,https://finance.vietstock.vn/TOW-ctcp-cap-nuoc-tra-noc-o-mon.htm,2019-01-24 17:00:00
1297,1987,1,HOSE,Tài chính,Tổ chức tín dụng,Ngân hàng,TPB,Ngân hàng TMCP Tiên Phong,2774046873,https://finance.vietstock.vn/TPB-ngan-hang-tmcp-tien-phong.htm,2018-04-18 17:00:00
1298,1014,1,HOSE,Nguyên vật liệu,Nguyên vật liệu,Bao bì và vật chứa,TPC,CTCP Nhựa Tân Đại Hưng,16816956,https://finance.vietstock.vn/TPC-ctcp-nhua-tan-dai-hung.htm,2007-11-27 17:00:00
1299,1337,2,HNX,Nguyên vật liệu,Nguyên vật liệu,Bao bì và vật chứa,TPP,CTCP Tân Phú Việt Nam,62886282,https://finance.vietstock.vn/TPP-ctcp-tan-phu-viet-nam.htm,2008-09-25 17:00:00
1300,4187,5,UPCoM,Công nghiệp,Vận tải,Vận tải mặt đất,TPS,CTCP Bến Bãi Vận tải Sài Gòn,5000000,https://finance.vietstock.vn/TPS-ctcp-ben-bai-van-tai-sai-gon.htm,2015-11-30 17:00:00
1301,4381,5,UPCoM,Tiện ích,Tiện ích,Nước,TQW,CTCP Cấp thoát nước Tuyên Quang,8933200,https://finance.vietstock.vn/TQW-ctcp-cap-thoat-nuoc-tuyen-quang.htm,2019-06-13 17:00:00
1302,2190,5,UPCoM,Công nghiệp,Vận tải,Hạ tầng giao thông,TR1,CTCP Vận Tải 1 Traco,4592490,https://finance.vietstock.vn/TR1-ctcp-van-tai-1-traco.htm,2020-08-23 17:00:00
1303,1297,1,HOSE,Chăm sóc sức khỏe,"Dược phẩm, công nghệ sinh học và khoa học sự sống",Dược phẩm,TRA,CTCP Traphaco,41453673,https://finance.vietstock.vn/TRA-ctcp-traphaco.htm,2008-11-25 17:00:00
1304,998,1,HOSE,Nguyên vật liệu,Nguyên vật liệu,Hóa chất,TRC,CTCP Cao su Tây Ninh,30000000,https://finance.vietstock.vn/TRC-ctcp-cao-su-tay-ninh.htm,2007-07-23 17:00:00
1305,4135,5,UPCoM,Công nghiệp,Vận tải,Vận tải biển,TRS,CTCP Vận tải và Dịch vụ Hàng hải,7524034,https://finance.vietstock.vn/TRS-ctcp-van-tai-va-dich-vu-hang-hai.htm,2015-09-17 17:00:00
1306,2113,5,UPCoM,Nguyên vật liệu,Nguyên vật liệu,Vật liệu xây dựng,TRT,CTCP RedstarCera,11000000,https://finance.vietstock.vn/TRT-ctcp-redstarcera.htm,2017-03-15 17:00:00
1307,5720,5,UPCoM,Công nghiệp,Vận tải,Vận tải mặt đất,TRV,CTCP Vận tải Đường sắt,130368970,https://finance.vietstock.vn/TRV-ctcp-van-tai-duong-sat.htm,2025-06-18 17:00:00
1308,4570,5,UPCoM,Công nghiệp,Hàng hóa công nghiệp,Kỹ thuật xây dựng,TS3,CTCP Trường Sơn 532,3851880,https://finance.vietstock.vn/TS3-ctcp-truong-son-532.htm,2018-01-18 17:00:00
1309,5691,1,HOSE,Công nghiệp,Hàng hóa công nghiệp,Kỹ thuật xây dựng,TSA,CTCP Đầu tư và Xây lắp Trường Sơn,40424994,https://finance.vietstock.vn/TSA-ctcp-dau-tu-va-xay-lap-truong-son.htm,2026-01-06 17:00:00
1310,2068,2,HNX,Công nghiệp,Hàng hóa công nghiệp,Thiết bị điện,TSB,CTCP Ắc quy Tia Sáng,6745480,https://finance.vietstock.vn/TSB-ctcp-ac-quy-tia-sang.htm,2011-01-18 17:00:00
1311,950,1,HOSE,Tiêu dùng không thiết yếu,Thương mại hàng không thiết yếu,Nhà phân phối,TSC,CTCP Vật tư Kỹ thuật nông nghiệp Cần Thơ,196858925,https://finance.vietstock.vn/TSC-ctcp-vat-tu-ky-thuat-nong-nghiep-can-tho.htm,2007-10-03 17:00:00
1312,4636,5,UPCoM,Tiêu dùng không thiết yếu,Dịch vụ tiêu dùng,"Khách sạn, nhà hàng và giải trí",TSD,CTCP Du lịch Trường Sơn COECCO,1300000,https://finance.vietstock.vn/TSD-ctcp-du-lich-truong-son-coecco.htm,2018-01-09 17:00:00
1313,4490,5,UPCoM,Công nghiệp,Vận tải,Hạ tầng giao thông,TSG,CTCP Thông tin Tín hiệu Đường sắt Sài Gòn,3074100,https://finance.vietstock.vn/TSG-ctcp-thong-tin-tin-hieu-duong-sat-sai-gon.htm,2017-04-17 17:00:00
1314,4013,5,UPCoM,Tiêu dùng không thiết yếu,Dịch vụ tiêu dùng,"Khách sạn, nhà hàng và giải trí",TSJ,CTCP Du lịch Dịch vụ Hà Nội,74800000,https://finance.vietstock.vn/TSJ-ctcp-du-lich-dich-vu-ha-noi.htm,2017-07-31 17:00:00
1315,1104,5,UPCoM,Công nghiệp,Hàng hóa công nghiệp,Kỹ thuật xây dựng,TST,CTCP Dịch vụ Kỹ Thuật Viễn thông,4800000,https://finance.vietstock.vn/TST-ctcp-dich-vu-ky-thuat-vien-thong.htm,2022-08-07 17:00:00
1316,4952,5,UPCoM,Tiêu dùng thiết yếu,"Thực phẩm, đồ uống và thuốc lá",Thực phẩm,TT6,CTCP Tập đoàn Tiến Thịnh,24402105,https://finance.vietstock.vn/TT6-ctcp-tap-doan-tien-thinh.htm,2024-08-01 17:00:00
1317,4830,1,HOSE,Tiện ích,Tiện ích,Phát điện độc lập và điện tái tạo,TTA,CTCP Đầu tư Xây dựng và Phát triển Trường Thành,178559087,https://finance.vietstock.vn/TTA-ctcp-dau-tu-xay-dung-va-phat-trien-truong-thanh.htm,2020-09-17 17:00:00
1318,2886,5,UPCoM,Bất động sản,Bất động sản,Quản lý và phát triển bất động sản,TTB,CTCP TTBGroup,101509583,https://finance.vietstock.vn/TTB-ctcp-ttbgroup.htm,2024-01-18 17:00:00
1319,769,2,HNX,Nguyên vật liệu,Nguyên vật liệu,Vật liệu xây dựng,TTC,CTCP Gạch men Thanh Thanh,5992348,https://finance.vietstock.vn/TTC-ctcp-gach-men-thanh-thanh.htm,2010-01-06 17:00:00
1320,1504,5,UPCoM,Chăm sóc sức khỏe,Thiết bị và dịch vụ chăm sóc sức khỏe,Thương mại và dịch vụ chăm sóc sức khỏe,TTD,CTCP Bệnh viện tim Tâm Đức,31104000,https://finance.vietstock.vn/TTD-ctcp-benh-vien-tim-tam-duc.htm,2017-02-05 17:00:00
1321,4702,1,HOSE,Tiện ích,Tiện ích,Phát điện độc lập và điện tái tạo,TTE,CTCP Đầu tư Năng lượng Trường Thịnh,28490400,https://finance.vietstock.vn/TTE-ctcp-dau-tu-nang-luong-truong-thinh.htm,2018-12-09 17:00:00
1322,1061,1,HOSE,Tiêu dùng không thiết yếu,Thời trang và hàng lâu bền,Hàng tiêu dùng lâu bền,TTF,CTCP Tập đoàn Kỹ nghệ gỗ Trường Thành,393548302,https://finance.vietstock.vn/TTF-ctcp-tap-doan-ky-nghe-go-truong-thanh.htm,2008-02-17 17:00:00
1323,2070,5,UPCoM,Tiêu dùng không thiết yếu,Thời trang và hàng lâu bền,Thời trang và dệt may,TTG,CTCP Royal Healthtech TTG ,3400000,https://finance.vietstock.vn/TTG-ctcp-royal-healthtech-ttg.htm,2010-02-01 17:00:00
1324,4321,2,HNX,Tiêu dùng không thiết yếu,Thương mại hàng không thiết yếu,Nhà phân phối,TTH,CTCP Thương mại và Dịch vụ Tiến Thành,37374846,https://finance.vietstock.vn/TTH-ctcp-thuong-mai-va-dich-vu-tien-thanh.htm,2016-10-25 17:00:00
1325,3801,2,HNX,Công nghiệp,Hàng hóa công nghiệp,Kỹ thuật xây dựng,TTL,Tổng Công ty Thăng Long - CTCP,41908000,https://finance.vietstock.vn/TTL-tong-cong-ty-thang-long-ctcp.htm,2018-01-17 17:00:00
1326,4489,5,UPCoM,Dịch vụ truyền thông,Dịch vụ viễn thông,Dịch vụ viễn thông đa dạng,TTN,CTCP Công nghệ và Truyền thông Việt Nam,36727500,https://finance.vietstock.vn/TTN-ctcp-cong-nghe-va-truyen-thong-viet-nam.htm,2017-04-18 17:00:00
1327,4223,5,UPCoM,Nguyên vật liệu,Nguyên vật liệu,Khai khoáng và luyện kim,TTS,CTCP Cán Thép Thái Trung,50800000,https://finance.vietstock.vn/TTS-ctcp-can-thep-thai-trung.htm,2017-05-16 17:00:00
1328,1643,2,HNX,Công nghiệp,Dịch vụ thương mại và chuyên nghiệp,Dịch vụ và thiết bị thương mại ,TTT,CTCP Du lịch - Thương mại Tây Ninh,4570210,https://finance.vietstock.vn/TTT-ctcp-du-lich-thuong-mai-tay-ninh.htm,2017-06-01 17:00:00
1329,3274,5,UPCoM,Nguyên vật liệu,Nguyên vật liệu,Vật liệu xây dựng,TTZ,CTCP Đầu tư Xây dựng và Công nghệ Tiến Trung,7570444,https://finance.vietstock.vn/TTZ-ctcp-dau-tu-xay-dung-va-cong-nghe-tien-trung.htm,2024-02-06 17:00:00
1330,3129,5,UPCoM,Công nghiệp,Vận tải,Hạ tầng giao thông,TUG,CTCP Lai Dắt và Vận tải Cảng Hải Phòng,5375079,https://finance.vietstock.vn/TUG-ctcp-lai-dat-va-van-tai-cang-hai-phong.htm,2017-02-20 17:00:00
1331,2436,5,UPCoM,Công nghiệp,Dịch vụ thương mại và chuyên nghiệp,Dịch vụ chuyên nghiệp,TV1,CTCP Tư vấn Xây dựng Điện 1,26691319,https://finance.vietstock.vn/TV1-ctcp-tu-van-xay-dung-dien-1.htm,2018-06-21 17:00:00
1332,1846,1,HOSE,Công nghiệp,Dịch vụ thương mại và chuyên nghiệp,Dịch vụ chuyên nghiệp,TV2,CTCP Tư vấn Xây dựng Điện 2,67526165,https://finance.vietstock.vn/TV2-ctcp-tu-van-xay-dung-dien-2.htm,2019-06-05 17:00:00
1333,1853,2,HNX,Công nghiệp,Dịch vụ thương mại và chuyên nghiệp,Dịch vụ chuyên nghiệp,TV3,CTCP Tư vấn Xây dựng Điện 3,9517303,https://finance.vietstock.vn/TV3-ctcp-tu-van-xay-dung-dien-3.htm,2009-11-30 17:00:00
1334,1214,2,HNX,Công nghiệp,Dịch vụ thương mại và chuyên nghiệp,Dịch vụ chuyên nghiệp,TV4,CTCP Tư vấn Xây dựng Điện 4,19846016,https://finance.vietstock.vn/TV4-ctcp-tu-van-xay-dung-dien-4.htm,2008-07-21 17:00:00
1335,4866,5,UPCoM,Công nghiệp,Hàng hóa công nghiệp,Kỹ thuật xây dựng,TV6,CTCP Tập đoàn EMA Land,3000000,https://finance.vietstock.vn/TV6-ctcp-tap-doan-ema-land.htm,2021-05-20 17:00:00
1336,4485,5,UPCoM,Công nghiệp,Hàng hóa công nghiệp,Sản phẩm xây dựng,TVA,CTCP Sứ Viglacera Thanh Trì,6300000,https://finance.vietstock.vn/TVA-ctcp-su-viglacera-thanh-tri.htm,2017-04-10 17:00:00
1337,1352,1,HOSE,Tài chính,Dịch vụ tài chính,Thị trường vốn,TVB,CTCP Chứng khoán T-Cap,112097019,https://finance.vietstock.vn/TVB-ctcp-chung-khoan-t-cap.htm,2018-06-28 17:00:00
1338,3727,2,HNX,Tài chính,Dịch vụ tài chính,Thị trường vốn,TVC,CTCP Tập đoàn Quản lý tài sản T-Corp,96155570,https://finance.vietstock.vn/TVC-ctcp-tap-doan-quan-ly-tai-san-t-corp.htm,2014-09-22 17:00:00
1339,1718,2,HNX,Năng lượng,Năng lượng,Dầu khí,TVD,CTCP Than Vàng Danh - Vinacomin,44962864,https://finance.vietstock.vn/TVD-ctcp-than-vang-danh-vinacomin.htm,2011-01-10 17:00:00
1340,1919,5,UPCoM,Công nghiệp,Dịch vụ thương mại và chuyên nghiệp,Dịch vụ chuyên nghiệp,TVG,CTCP Tư vấn Đầu tư và Xây dựng Giao thông Vận tải,2029589,https://finance.vietstock.vn/TVG-ctcp-tu-van-dau-tu-va-xay-dung-giao-thong-van-tai.htm,2010-01-24 17:00:00
1341,4720,5,UPCoM,Công nghiệp,Dịch vụ thương mại và chuyên nghiệp,Dịch vụ chuyên nghiệp,TVH,CTCP Tư vấn Xây dựng công trình Hàng hải,4004000,https://finance.vietstock.vn/TVH-ctcp-tu-van-xay-dung-cong-trinh-hang-hai.htm,2019-01-16 17:00:00
1342,3213,5,UPCoM,Công nghiệp,Dịch vụ thương mại và chuyên nghiệp,Dịch vụ chuyên nghiệp,TVM,CTCP Tư vấn Đầu tư mỏ và Công Nghiệp - Vinacomin,2400000,https://finance.vietstock.vn/TVM-ctcp-tu-van-dau-tu-mo-va-cong-nghiep-vinacomin.htm,2015-12-14 17:00:00
1343,3022,5,UPCoM,Nguyên vật liệu,Nguyên vật liệu,Khai khoáng và luyện kim,TVN,Tổng Công ty Thép Việt Nam - CTCP,678000000,https://finance.vietstock.vn/TVN-tong-cong-ty-thep-viet-nam-ctcp.htm,2016-01-17 17:00:00
1344,1371,1,HOSE,Tài chính,Dịch vụ tài chính,Thị trường vốn,TVS,CTCP Chứng khoán Thiên Việt,228639917,https://finance.vietstock.vn/TVS-ctcp-chung-khoan-thien-viet.htm,2015-01-14 17:00:00
1345,2287,1,HOSE,Tiêu dùng không thiết yếu,Thời trang và hàng lâu bền,Thời trang và dệt may,TVT,Tổng Công ty Việt Thắng - CTCP,21000000,https://finance.vietstock.vn/TVT-tong-cong-ty-viet-thang-ctcp.htm,2017-07-16 17:00:00
1346,4396,5,UPCoM,Chăm sóc sức khỏe,"Dược phẩm, công nghệ sinh học và khoa học sự sống",Dược phẩm,TW3,CTCP Dược Trung ương 3,1750000,https://finance.vietstock.vn/TW3-ctcp-duoc-trung-uong-3.htm,2016-10-17 17:00:00
1347,1008,2,HNX,Nguyên vật liệu,Nguyên vật liệu,Vật liệu xây dựng,TXM,CTCP VICEM Thạch cao Xi măng,7000000,https://finance.vietstock.vn/TXM-ctcp-vicem-thach-cao-xi-mang.htm,2006-12-10 17:00:00
1348,757,1,HOSE,Công nghiệp,Hàng hóa công nghiệp,Thiết bị điện,TYA,CTCP Dây và Cáp Điện Taya Việt Nam,6134773,https://finance.vietstock.vn/TYA-ctcp-day-va-cap-dien-taya-viet-nam.htm,2006-02-14 17:00:00
1349,4405,5,UPCoM,Công nghiệp,Dịch vụ thương mại và chuyên nghiệp,Dịch vụ và thiết bị thương mại ,UCT,CTCP Đô thị Cần Thơ,5344345,https://finance.vietstock.vn/UCT-ctcp-do-thi-can-tho.htm,2016-11-14 17:00:00
1350,2517,5,UPCoM,Công nghiệp,Hàng hóa công nghiệp,Kỹ thuật xây dựng,UDC,CTCP Đầu tư Xây dựng UDCons,35000000,https://finance.vietstock.vn/UDC-ctcp-dau-tu-xay-dung-udcons.htm,2023-05-22 17:00:00
1351,2163,5,UPCoM,Bất động sản,Bất động sản,Quản lý và phát triển bất động sản,UDJ,CTCP Phát triển Đô thị,16500000,https://finance.vietstock.vn/UDJ-ctcp-phat-trien-do-thi.htm,2009-12-21 17:00:00
1352,4785,5,UPCoM,Công nghiệp,Dịch vụ thương mại và chuyên nghiệp,Dịch vụ và thiết bị thương mại ,UDL,CTCP Đô thị và Môi trường Đắk Lắk,6620000,https://finance.vietstock.vn/UDL-ctcp-do-thi-va-moi-truong-dak-lak.htm,2020-01-08 17:00:00
1353,3087,5,UPCoM,Công nghiệp,Hàng hóa công nghiệp,Máy móc công nghiệp,UEM,CTCP Cơ điện Uông Bí - Vinacomin,2438100,https://finance.vietstock.vn/UEM-ctcp-co-dien-uong-bi-vinacomin.htm,2015-09-23 17:00:00
1354,1001,1,HOSE,Tiện ích,Tiện ích,Điện,UIC,CTCP Đầu tư Phát triển Nhà và Đô thị IDICO,8308000,https://finance.vietstock.vn/UIC-ctcp-dau-tu-phat-trien-nha-va-do-thi-idico.htm,2007-11-11 17:00:00
1355,4544,5,UPCoM,Công nghiệp,Dịch vụ thương mại và chuyên nghiệp,Dịch vụ và thiết bị thương mại ,UMC,CTCP Công trình Đô thị Nam Định,1841617,https://finance.vietstock.vn/UMC-ctcp-cong-trinh-do-thi-nam-dinh.htm,2017-08-27 17:00:00
1356,381,2,HNX,Bất động sản,Bất động sản,Dịch vụ bất động sản,UNI,CTCP Đầu Tư Và Phát Triển Sao Mai Việt,42617632,https://finance.vietstock.vn/UNI-ctcp-dau-tu-va-phat-trien-sao-mai-viet.htm,2009-06-07 17:00:00
1357,2725,5,UPCoM,Công nghiệp,Dịch vụ thương mại và chuyên nghiệp,Dịch vụ và thiết bị thương mại ,UPC,CTCP Phát triển Công viên Cây xanh và Đô thị Vũng Tàu,3400000,https://finance.vietstock.vn/UPC-ctcp-phat-trien-cong-vien-cay-xanh-va-do-thi-vung-tau.htm,2017-04-20 17:00:00
1358,2452,5,UPCoM,Chăm sóc sức khỏe,"Dược phẩm, công nghệ sinh học và khoa học sự sống",Dược phẩm,UPH,CTCP Dược phẩm TW 25,13294641,https://finance.vietstock.vn/UPH-ctcp-duoc-pham-tw-25.htm,2016-12-28 17:00:00
1359,1188,5,UPCoM,Tài chính,Dịch vụ tài chính,Thị trường vốn,UPS,CTCP Chứng khoán UP,32374600,https://finance.vietstock.vn/UPS-ctcp-chung-khoan-up.htm,2026-03-19 17:00:00
1360,3871,5,UPCoM,Công nghiệp,Dịch vụ thương mại và chuyên nghiệp,Dịch vụ chuyên nghiệp,USC,CTCP Khảo sát và Xây dựng -USCO,5500000,https://finance.vietstock.vn/USC-ctcp-khao-sat-va-xay-dung-usco.htm,2017-02-05 17:00:00
1361,4726,5,UPCoM,Công nghiệp,Dịch vụ thương mại và chuyên nghiệp,Dịch vụ và thiết bị thương mại ,USD,CTCP Công trình Đô thị Sóc Trăng,5600000,https://finance.vietstock.vn/USD-ctcp-cong-trinh-do-thi-soc-trang.htm,2019-01-29 17:00:00
1362,5748,5,UPCoM,Công nghiệp,Dịch vụ thương mại và chuyên nghiệp,Dịch vụ và thiết bị thương mại ,UTT,CTCP Môi trường Nam Thành,3000000,https://finance.vietstock.vn/UTT-ctcp-moi-truong-nam-thanh.htm,2025-10-16 17:00:00
1363,1294,5,UPCoM,Tiêu dùng thiết yếu,"Thực phẩm, đồ uống và thuốc lá",Thực phẩm,UXC,CTCP Chế biến Thủy sản Út Xi,35400000,https://finance.vietstock.vn/UXC-ctcp-che-bien-thuy-san-ut-xi.htm,2024-12-30 17:00:00
1364,1866,2,HNX,Công nghiệp,Hàng hóa công nghiệp,Kỹ thuật xây dựng,V12,CTCP Xây dựng Số 12,11636000,https://finance.vietstock.vn/V12-ctcp-xay-dung-so-12.htm,2010-01-04 17:00:00
1365,1757,2,HNX,Tiêu dùng không thiết yếu,Thời trang và hàng lâu bền,Hàng tiêu dùng lâu bền,V21,CTCP Vinaconex 21,11999789,https://finance.vietstock.vn/V21-ctcp-vinaconex-21.htm,2010-04-20 17:00:00
1366,1209,1,HOSE,Tài chính,Tổ chức tín dụng,Ngân hàng,VAB,Ngân hàng TMCP Việt Á,816360672,https://finance.vietstock.vn/VAB-ngan-hang-tmcp-viet-a.htm,2025-07-21 17:00:00
1367,3602,5,UPCoM,Nguyên vật liệu,Nguyên vật liệu,Hóa chất,VAF,CTCP Phân lân Nung chảy Văn Điển,37665348,https://finance.vietstock.vn/VAF-ctcp-phan-lan-nung-chay-van-dien.htm,2026-05-12 17:00:00
1368,4530,5,UPCoM,Tiện ích,Tiện ích,Nước,VAV,CTCP VIWACO,47999995,https://finance.vietstock.vn/VAV-ctcp-viwaco.htm,2017-07-25 17:00:00
1369,1480,1,HOSE,Tài chính,Tổ chức tín dụng,Ngân hàng,VBB,Ngân hàng TMCP Việt Nam Thương Tín,1076897384,https://finance.vietstock.vn/VBB-ngan-hang-tmcp-viet-nam-thuong-tin.htm,2026-07-13 17:00:00
1370,1890,2,HNX,Nguyên vật liệu,Nguyên vật liệu,Bao bì và vật chứa,VBC,CTCP Nhựa - Bao bì Vinh,7499972,https://finance.vietstock.vn/VBC-ctcp-nhua-bao-bi-vinh.htm,2010-03-16 17:00:00
1371,4188,5,UPCoM,Công nghiệp,Dịch vụ thương mại và chuyên nghiệp,Dịch vụ chuyên nghiệp,VBG,CTCP Địa chất Việt Bắc - TKV,8600000,https://finance.vietstock.vn/VBG-ctcp-dia-chat-viet-bac-tkv.htm,2017-03-23 17:00:00
1372,985,5,UPCoM,Công nghệ thông tin,Phần cứng và thiết bị,Điện tử,VBH,CTCP Điện tử Bình Hòa,2900000,https://finance.vietstock.vn/VBH-ctcp-dien-tu-binh-hoa.htm,2017-06-04 17:00:00
1373,5814,5,UPCoM,Công nghiệp,Vận tải,Vận tải mặt đất,VBT,CTCP Vận tải Bảo Thắng,3200000,https://finance.vietstock.vn/VBT-ctcp-van-tai-bao-thang.htm,2026-05-03 17:00:00
1374,1557,2,HNX,Công nghiệp,Hàng hóa công nghiệp,Kỹ thuật xây dựng,VC1,CTCP Xây dựng Số 1,12000000,https://finance.vietstock.vn/VC1-ctcp-xay-dung-so-1.htm,2009-05-13 17:00:00
1375,987,2,HNX,Công nghiệp,Hàng hóa công nghiệp,Kỹ thuật xây dựng,VC2,CTCP Đầu tư và Xây dựng Vina2,75645525,https://finance.vietstock.vn/VC2-ctcp-dau-tu-va-xay-dung-vina2.htm,2006-12-10 17:00:00
1376,1070,2,HNX,Bất động sản,Bất động sản,Quản lý và phát triển bất động sản,VC3,CTCP Tập đoàn Nam Mê Kông,138414258,https://finance.vietstock.vn/VC3-ctcp-tap-doan-nam-me-kong.htm,2007-12-12 17:00:00
1377,1074,2,HNX,Công nghiệp,Hàng hóa công nghiệp,Kỹ thuật xây dựng,VC6,CTCP Xây dựng và Đầu tư Visicons,10840877,https://finance.vietstock.vn/VC6-ctcp-xay-dung-va-dau-tu-visicons.htm,2008-01-27 17:00:00
1378,1078,2,HNX,Tiêu dùng không thiết yếu,Thời trang và hàng lâu bền,Hàng tiêu dùng lâu bền,VC7,CTCP Tập đoàn BGI,96090870,https://finance.vietstock.vn/VC7-ctcp-tap-doan-bgi.htm,2007-12-27 17:00:00
1379,1833,2,HNX,Công nghiệp,Hàng hóa công nghiệp,Kỹ thuật xây dựng,VC9,CTCP Xây dựng số 9 - VC9,17000000,https://finance.vietstock.vn/VC9-ctcp-xay-dung-so-9-vc9.htm,2009-11-04 17:00:00
1380,1727,1,HOSE,Nguyên vật liệu,Nguyên vật liệu,Khai khoáng và luyện kim,VCA,CTCP Thép VICASA,15187322,https://finance.vietstock.vn/VCA-ctcp-thep-vicasa.htm,2021-03-09 17:00:00
1381,1167,1,HOSE,Tài chính,Tổ chức tín dụng,Ngân hàng,VCB,Ngân hàng TMCP Ngoại thương Việt Nam,8355675094,https://finance.vietstock.vn/VCB-ngan-hang-tmcp-ngoai-thuong-viet-nam.htm,2009-06-29 17:00:00
1382,1515,2,HNX,Công nghiệp,Hàng hóa công nghiệp,Kỹ thuật xây dựng,VCC,CTCP Vinaconex 25,24000000,https://finance.vietstock.vn/VCC-ctcp-vinaconex-25.htm,2009-02-01 17:00:00
1383,4133,5,UPCoM,Công nghiệp,Hàng hóa công nghiệp,Kỹ thuật xây dựng,VCE,CTCP Xây lắp Môi trường,5000000,https://finance.vietstock.vn/VCE-ctcp-xay-lap-moi-truong.htm,2016-12-28 17:00:00
1384,1266,1,HOSE,Tiêu dùng thiết yếu,"Thực phẩm, đồ uống và thuốc lá",Thực phẩm,VCF,CTCP Vinacafé Biên Hòa,26579135,https://finance.vietstock.vn/VCF-ctcp-vinacafe-bien-hoa.htm,2011-01-27 17:00:00
1385,1290,1,HOSE,Công nghiệp,Hàng hóa công nghiệp,Kỹ thuật xây dựng,VCG,Tổng Công ty cổ phần Xuất nhập khẩu và Xây dựng Việt Nam,646468336,https://finance.vietstock.vn/VCG-tong-cong-ty-co-phan-xuat-nhap-khau-va-xay-dung-viet-nam.htm,2020-12-28 17:00:00
1386,1182,1,HOSE,Tài chính,Dịch vụ tài chính,Thị trường vốn,VCI,CTCP Chứng khoán Vietcap,1147631925,https://finance.vietstock.vn/VCI-ctcp-chung-khoan-vietcap.htm,2017-07-06 17:00:00
1387,1407,1,HOSE,Tài chính,Dịch vụ tài chính,Thị trường vốn,VCK,CTCP Chứng khoán VPS,2434919704,https://finance.vietstock.vn/VCK-ctcp-chung-khoan-vps.htm,2025-12-15 17:00:00
1388,2553,2,HNX,Tiêu dùng không thiết yếu,Thương mại hàng không thiết yếu,Nhà phân phối,VCM,CTCP BV Life,12000000,https://finance.vietstock.vn/VCM-ctcp-bv-life.htm,2010-05-10 17:00:00
1389,2882,5,UPCoM,Tiện ích,Tiện ích,Điện,VCP,CTCP Xây Dựng Và Năng Lượng VCP,83789658,https://finance.vietstock.vn/VCP-ctcp-xay-dung-va-nang-luong-vcp.htm,2016-12-15 17:00:00
1390,2549,5,UPCoM,Bất động sản,Bất động sản,Quản lý và phát triển bất động sản,VCR,CTCP Đầu tư và Phát triển Du lịch ITC,210000000,https://finance.vietstock.vn/VCR-ctcp-dau-tu-va-phat-trien-du-lich-itc.htm,2010-05-09 17:00:00
1391,1105,2,HNX,Nguyên vật liệu,Nguyên vật liệu,Vật liệu xây dựng,VCS,CTCP Vicostone,160000000,https://finance.vietstock.vn/VCS-ctcp-vicostone.htm,2007-12-16 17:00:00
1392,2646,5,UPCoM,Công nghiệp,Dịch vụ thương mại và chuyên nghiệp,Dịch vụ chuyên nghiệp,VCT,CTCP Tư vấn Xây dựng Vinaconex,1100000,https://finance.vietstock.vn/VCT-ctcp-tu-van-xay-dung-vinaconex.htm,2010-07-14 17:00:00
1393,2992,5,UPCoM,Nguyên vật liệu,Nguyên vật liệu,Vật liệu xây dựng,VCX,CTCP Xi măng Yên Bình,26530000,https://finance.vietstock.vn/VCX-ctcp-xi-mang-yen-binh.htm,2014-03-31 17:00:00
1394,4718,5,UPCoM,Năng lượng,Năng lượng,Dầu khí,VDB,CTCP Vận tải và Chế biến Than Đông Bắc,8678238,https://finance.vietstock.vn/VDB-ctcp-van-tai-va-che-bien-than-dong-bac.htm,2018-11-21 17:00:00
1395,5698,5,UPCoM,Tiêu dùng không thiết yếu,Thương mại hàng không thiết yếu,Bán lẻ chuyên doanh,VDG,CTCP Vạn Đạt Group,5774992,https://finance.vietstock.vn/VDG-ctcp-van-dat-group.htm,2024-09-25 17:00:00
1396,1106,2,HNX,Tiêu dùng thiết yếu,"Thực phẩm, đồ uống và thuốc lá",Đồ uống,VDL,CTCP Thực phẩm Lâm Đồng,14657150,https://finance.vietstock.vn/VDL-ctcp-thuc-pham-lam-dong.htm,2007-11-26 17:00:00
1397,2264,5,UPCoM,Tiêu dùng không thiết yếu,Thời trang và hàng lâu bền,Thời trang và dệt may,VDN,CTCP Vinatex Đà Nẵng,3298910,https://finance.vietstock.vn/VDN-ctcp-vinatex-da-nang.htm,2010-07-14 17:00:00
1398,1498,1,HOSE,Chăm sóc sức khỏe,"Dược phẩm, công nghệ sinh học và khoa học sự sống",Dược phẩm,VDP,CTCP Dược phẩm Trung ương VIDIPHA,22083392,https://finance.vietstock.vn/VDP-ctcp-duoc-pham-trung-uong-vidipha.htm,2017-08-14 17:00:00
1399,856,1,HOSE,Tài chính,Dịch vụ tài chính,Thị trường vốn,VDS,CTCP Chứng khoán Rồng Việt,272000000,https://finance.vietstock.vn/VDS-ctcp-chung-khoan-rong-viet.htm,2017-07-18 17:00:00
1400,2354,5,UPCoM,Nguyên vật liệu,Nguyên vật liệu,Khai khoáng và luyện kim,VDT,CTCP Lưới thép Bình Tây,1965440,https://finance.vietstock.vn/VDT-ctcp-luoi-thep-binh-tay.htm,2011-02-28 17:00:00
1401,1236,2,HNX,Công nghiệp,Hàng hóa công nghiệp,Kỹ thuật xây dựng,VE1,CTCP Xây dựng Điện VNECO 1,6000000,https://finance.vietstock.vn/VE1-ctcp-xay-dung-dien-vneco-1.htm,2008-09-03 17:00:00
1402,2178,2,HNX,Công nghiệp,Hàng hóa công nghiệp,Kỹ thuật xây dựng,VE3,CTCP Xây dựng Điện VNECO 3,3400000,https://finance.vietstock.vn/VE3-ctcp-xay-dung-dien-vneco-3.htm,2010-06-29 17:00:00
1403,3231,2,HNX,Công nghiệp,Hàng hóa công nghiệp,Kỹ thuật xây dựng,VE4,CTCP Xây dựng Điện VNECO4,3028000,https://finance.vietstock.vn/VE4-ctcp-xay-dung-dien-vneco4.htm,2012-10-15 17:00:00
1404,2009,5,UPCoM,Công nghiệp,Hàng hóa công nghiệp,Kỹ thuật xây dựng,VE8,CTCP Xây dựng Điện VNECO 8,1800000,https://finance.vietstock.vn/VE8-ctcp-xay-dung-dien-vneco-8.htm,2012-08-26 17:00:00
1405,1107,5,UPCoM,Công nghiệp,Hàng hóa công nghiệp,Kỹ thuật xây dựng,VE9,CTCP Đầu tư và Xây dựng VNECO 9,12523613,https://finance.vietstock.vn/VE9-ctcp-dau-tu-va-xay-dung-vneco-9.htm,2020-11-16 17:00:00
1406,4361,5,UPCoM,Công nghiệp,Hàng hóa công nghiệp,Máy móc công nghiệp,VEA,Tổng Công ty Máy động lực và Máy nông nghiệp Việt Nam – CTCP,1328800000,https://finance.vietstock.vn/VEA-tong-cong-ty-may-dong-luc-va-may-nong-nghiep-viet-nam-–-ctcp.htm,2018-07-01 17:00:00
1407,1782,5,UPCoM,Công nghệ thông tin,Phần cứng và thiết bị,Điện tử,VEC,Tổng Công ty cổ phần Điện tử và Tin học Việt Nam,43800000,https://finance.vietstock.vn/VEC-tong-cong-ty-co-phan-dien-tu-va-tin-hoc-viet-nam.htm,2017-07-13 17:00:00
1408,4001,5,UPCoM,Công nghiệp,Dịch vụ thương mại và chuyên nghiệp,Dịch vụ và thiết bị thương mại ,VEF,CTCP Trung tâm Hội chợ Triển lãm Việt Nam,166604050,https://finance.vietstock.vn/VEF-ctcp-trung-tam-hoi-cho-trien-lam-viet-nam.htm,2015-12-21 17:00:00
1409,2543,5,UPCoM,Bất động sản,Bất động sản,Quản lý và phát triển bất động sản,VES,CTCP Tập đoàn VinaLiving,49426166,https://finance.vietstock.vn/VES-ctcp-tap-doan-vinaliving.htm,2015-03-17 17:00:00
1410,4614,5,UPCoM,Chăm sóc sức khỏe,"Dược phẩm, công nghệ sinh học và khoa học sự sống",Dược phẩm,VET,CTCP Thuốc thú y Trung ương Navetco,16000000,https://finance.vietstock.vn/VET-ctcp-thuoc-thu-y-trung-uong-navetco.htm,2017-12-12 17:00:00
1411,765,5,UPCoM,Công nghiệp,Vận tải,Vận tải biển,VFC,CTCP Vinafco,34000000,https://finance.vietstock.vn/VFC-ctcp-vinafco.htm,2006-07-23 17:00:00
1412,1875,1,HOSE,Nguyên vật liệu,Nguyên vật liệu,Hóa chất,VFG,CTCP Khử trùng Việt Nam,41714614,https://finance.vietstock.vn/VFG-ctcp-khu-trung-viet-nam.htm,2009-12-16 17:00:00
1413,988,5,UPCoM,Công nghiệp,Vận tải,Hạ tầng giao thông,VFR,CTCP Vận tải và Thuê tàu,15000000,https://finance.vietstock.vn/VFR-ctcp-van-tai-va-thue-tau.htm,2017-06-08 17:00:00
1414,1481,2,HNX,Tài chính,Dịch vụ tài chính,Thị trường vốn,VFS,CTCP Chứng khoán Nhất Việt,153963435,https://finance.vietstock.vn/VFS-ctcp-chung-khoan-nhat-viet.htm,2023-07-23 17:00:00
1415,3619,1,HOSE,Công nghiệp,Hàng hóa công nghiệp,Sản phẩm xây dựng,VGC,Tổng Công ty Viglacera - CTCP,448350000,https://finance.vietstock.vn/VGC-tong-cong-ty-viglacera-ctcp.htm,2019-05-28 17:00:00
1416,2417,5,UPCoM,Tiêu dùng không thiết yếu,Thời trang và hàng lâu bền,Thời trang và dệt may,VGG,Tổng Công ty cổ phần May Việt Tiến,44100000,https://finance.vietstock.vn/VGG-tong-cong-ty-co-phan-may-viet-tien.htm,2016-03-09 17:00:00
1417,2521,5,UPCoM,Dịch vụ truyền thông,Dịch vụ viễn thông,Dịch vụ viễn thông không dây,VGI,Tổng Công ty cổ phần Đầu tư Quốc tế Viettel,3043811200,https://finance.vietstock.vn/VGI-tong-cong-ty-co-phan-dau-tu-quoc-te-viettel.htm,2018-09-24 17:00:00
1418,3963,5,UPCoM,Nguyên vật liệu,Nguyên vật liệu,Khai khoáng và luyện kim,VGL,CTCP Mạ Kẽm Công Nghiệp Vingal - Vnsteel,9325155,https://finance.vietstock.vn/VGL-ctcp-ma-kem-cong-nghiep-vingal-vnsteel.htm,2016-08-14 17:00:00
1419,831,2,HNX,Tiêu dùng thiết yếu,Thương mại hàng thiết yếu,Thương mại hàng thiết yếu,VGP,CTCP Cảng Rau Quả,8214692,https://finance.vietstock.vn/VGP-ctcp-cang-rau-qua.htm,2009-06-11 17:00:00
1420,4669,5,UPCoM,Công nghiệp,Vận tải,Hạ tầng giao thông,VGR,CTCP Cảng Xanh Vip,82224959,https://finance.vietstock.vn/VGR-ctcp-cang-xanh-vip.htm,2018-04-11 17:00:00
1421,1420,2,HNX,Nguyên vật liệu,Nguyên vật liệu,Khai khoáng và luyện kim,VGS,CTCP Ống thép Việt - Đức VG PIPE,61524155,https://finance.vietstock.vn/VGS-ctcp-ong-thep-viet-duc-vg-pipe.htm,2008-12-03 17:00:00
1422,3579,5,UPCoM,Tiêu dùng không thiết yếu,Thời trang và hàng lâu bền,Thời trang và dệt may,VGT,Tập đoàn Dệt May Việt Nam,500000000,https://finance.vietstock.vn/VGT-tap-doan-det-may-viet-nam.htm,2017-01-02 17:00:00
1423,4308,5,UPCoM,Công nghiệp,Dịch vụ thương mại và chuyên nghiệp,Dịch vụ chuyên nghiệp,VGV,Tổng Công ty Tư vấn Xây dựng Việt Nam - CTCP,35774448,https://finance.vietstock.vn/VGV-tong-cong-ty-tu-van-xay-dung-viet-nam-ctcp.htm,2017-07-16 17:00:00
1424,1063,1,HOSE,Tiêu dùng thiết yếu,"Thực phẩm, đồ uống và thuốc lá",Thực phẩm,VHC,CTCP Vĩnh Hoàn,209453159,https://finance.vietstock.vn/VHC-ctcp-vinh-hoan.htm,2007-12-23 17:00:00
1425,2917,5,UPCoM,Bất động sản,Bất động sản,Quản lý và phát triển bất động sản,VHD,CTCP Đầu tư Phát triển Nhà và Đô Thị VINAHUD,38000000,https://finance.vietstock.vn/VHD-ctcp-dau-tu-phat-trien-nha-va-do-thi-vinahud.htm,2017-06-21 17:00:00
1426,4723,2,HNX,Tiêu dùng thiết yếu,"Thực phẩm, đồ uống và thuốc lá",Thực phẩm,VHE,CTCP Dược liệu và Thực phẩm Việt Nam,33140000,https://finance.vietstock.vn/VHE-ctcp-duoc-lieu-va-thuc-pham-viet-nam.htm,2019-01-13 17:00:00
1427,2063,5,UPCoM,Tiêu dùng thiết yếu,Thương mại hàng thiết yếu,Thương mại hàng thiết yếu,VHF,CTCP Xây dựng và Chế biến Lương thực Vĩnh Hà,21500000,https://finance.vietstock.vn/VHF-ctcp-xay-dung-va-che-bien-luong-thuc-vinh-ha.htm,2010-05-06 17:00:00
1428,1040,5,UPCoM,Nguyên vật liệu,Nguyên vật liệu,Hóa chất,VHG,CTCP Đầu tư Phát triển Việt Trung Nam,150000000,https://finance.vietstock.vn/VHG-ctcp-dau-tu-phat-trien-viet-trung-nam.htm,2019-05-30 17:00:00
1429,2345,5,UPCoM,Nguyên vật liệu,Nguyên vật liệu,Vật liệu xây dựng,VHH,CTCP Đầu tư Kinh doanh Nhà Thành Đạt,7500000,https://finance.vietstock.vn/VHH-ctcp-dau-tu-kinh-doanh-nha-thanh-dat.htm,2014-06-24 17:00:00
1430,1484,2,HNX,Nguyên vật liệu,Nguyên vật liệu,Vật liệu xây dựng,VHL,CTCP Viglacera Hạ Long,25000000,https://finance.vietstock.vn/VHL-ctcp-viglacera-ha-long.htm,2009-02-11 17:00:00
1431,4673,1,HOSE,Bất động sản,Bất động sản,Quản lý và phát triển bất động sản,VHM,CTCP Vinhomes,4107412004,https://finance.vietstock.vn/VHM-ctcp-vinhomes.htm,2018-05-16 17:00:00
1432,278,1,HOSE,Tài chính,Tổ chức tín dụng,Ngân hàng,VIB,Ngân hàng TMCP Quốc tế Việt Nam,3404005710,https://finance.vietstock.vn/VIB-ngan-hang-tmcp-quoc-te-viet-nam.htm,2020-11-09 17:00:00
1433,942,1,HOSE,Bất động sản,Bất động sản,Quản lý và phát triển bất động sản,VIC,Tập đoàn VINGROUP - CTCP,7706031024,https://finance.vietstock.vn/VIC-tap-doan-vingroup-ctcp.htm,2007-09-18 17:00:00
1434,832,1,HOSE,Nguyên vật liệu,Nguyên vật liệu,Gỗ và giấy,VID,CTCP Đầu tư Phát triển Thương mại Viễn Đông,40836069,https://finance.vietstock.vn/VID-ctcp-dau-tu-phat-trien-thuong-mai-vien-dong.htm,2006-12-24 17:00:00
1435,2004,5,UPCoM,Dịch vụ truyền thông,Dịch vụ viễn thông,Dịch vụ viễn thông đa dạng,VIE,CTCP Công nghệ Viễn thông VITECO,5061244,https://finance.vietstock.vn/VIE-ctcp-cong-nghe-vien-thong-viteco.htm,2022-08-02 17:00:00
1436,4282,2,HNX,Nguyên vật liệu,Nguyên vật liệu,Gỗ và giấy,VIF,Tổng Công ty Lâm nghiệp Việt Nam - CTCP,350000000,https://finance.vietstock.vn/VIF-tong-cong-ty-lam-nghiep-viet-nam-ctcp.htm,2020-02-02 17:00:00
1437,1206,2,HNX,Tài chính,Dịch vụ tài chính,Thị trường vốn,VIG,CTCP Chứng khoán Đầu tư tài chính Việt Nam,45133300,https://finance.vietstock.vn/VIG-ctcp-chung-khoan-dau-tu-tai-chinh-viet-nam.htm,2009-11-30 17:00:00
1438,1435,5,UPCoM,Nguyên vật liệu,Nguyên vật liệu,Vật liệu xây dựng,VIH,CTCP Viglacera Hà Nội,5600000,https://finance.vietstock.vn/VIH-ctcp-viglacera-ha-noi.htm,2017-04-23 17:00:00
1439,2490,5,UPCoM,Nguyên vật liệu,Nguyên vật liệu,Vật liệu xây dựng,VIM,CTCP Khoáng sản Viglacera,1250000,https://finance.vietstock.vn/VIM-ctcp-khoang-san-viglacera.htm,2017-01-23 17:00:00
1440,3005,5,UPCoM,Công nghiệp,Vận tải,Hạ tầng giao thông,VIN,CTCP Giao nhận Kho vận Ngoại Thương Việt Nam,25500000,https://finance.vietstock.vn/VIN-ctcp-giao-nhan-kho-van-ngoai-thuong-viet-nam.htm,2014-09-03 17:00:00
1441,833,1,HOSE,Năng lượng,Năng lượng,Dầu khí,VIP,CTCP Vận tải Xăng dầu VIPCO,68470941,https://finance.vietstock.vn/VIP-ctcp-van-tai-xang-dau-vipco.htm,2006-12-20 17:00:00
1442,2143,5,UPCoM,Tiêu dùng không thiết yếu,Dịch vụ tiêu dùng,"Khách sạn, nhà hàng và giải trí",VIR,CTCP Du lịch Quốc tế Vũng Tàu,8240000,https://finance.vietstock.vn/VIR-ctcp-du-lich-quoc-te-vung-tau.htm,2010-06-30 17:00:00
1443,1842,2,HNX,Nguyên vật liệu,Nguyên vật liệu,Vật liệu xây dựng,VIT,CTCP Viglacera Tiên Sơn,68801662,https://finance.vietstock.vn/VIT-ctcp-viglacera-tien-son.htm,2009-11-02 17:00:00
1444,3663,5,UPCoM,Công nghiệp,Hàng hóa công nghiệp,Kỹ thuật xây dựng,VIW,Tổng Công ty Đầu tư Nước và Môi trường Việt Nam,58018600,https://finance.vietstock.vn/VIW-tong-cong-ty-dau-tu-nuoc-va-moi-truong-viet-nam.htm,2017-01-04 17:00:00
1445,1186,1,HOSE,Tài chính,Dịch vụ tài chính,Thị trường vốn,VIX,CTCP Chứng khoán VIX,2450287772,https://finance.vietstock.vn/VIX-ctcp-chung-khoan-vix.htm,2021-01-07 17:00:00
1446,2421,1,HOSE,Công nghiệp,Vận tải,Hãng hàng không chở khách,VJC,CTCP Hàng không Vietjet,769092961,https://finance.vietstock.vn/VJC-ctcp-hang-khong-vietjet.htm,2017-02-27 17:00:00
1447,2701,5,UPCoM,Tiêu dùng không thiết yếu,Thương mại hàng không thiết yếu,Nhà phân phối,VKC,CTCP VKC Holdings ,20000000,https://finance.vietstock.vn/VKC-ctcp-vkc-holdings.htm,2023-05-08 17:00:00
1448,2601,2,HNX,Tiêu dùng không thiết yếu,Dịch vụ tiêu dùng,Dịch vụ tiêu dùng khác,VLA,CTCP Đầu tư và Phát triển Công nghệ Văn Lang,3995996,https://finance.vietstock.vn/VLA-ctcp-dau-tu-va-phat-trien-cong-nghe-van-lang.htm,2010-08-03 17:00:00
1449,4128,5,UPCoM,Nguyên vật liệu,Nguyên vật liệu,Vật liệu xây dựng,VLB,CTCP Xây dựng và Sản xuất Vật liệu xây dựng Biên Hòa,46921600,https://finance.vietstock.vn/VLB-ctcp-xay-dung-va-san-xuat-vat-lieu-xay-dung-bien-hoa.htm,2016-09-21 17:00:00
1450,3577,5,UPCoM,Tiêu dùng thiết yếu,"Thực phẩm, đồ uống và thuốc lá",Thực phẩm,VLC,Tổng Công ty Chăn Nuôi Việt Nam - CTCP,212491611,https://finance.vietstock.vn/VLC-tong-cong-ty-chan-nuoi-viet-nam-ctcp.htm,2015-10-25 17:00:00
1451,3338,5,UPCoM,Công nghiệp,Vận tải,Hạ tầng giao thông,VLG,CTCP VIMC Logistics,14212130,https://finance.vietstock.vn/VLG-ctcp-vimc-logistics.htm,2015-09-17 17:00:00
1452,4527,5,UPCoM,Công nghiệp,Dịch vụ thương mại và chuyên nghiệp,Dịch vụ và thiết bị thương mại ,VLP,CTCP Công trình Công cộng Vĩnh Long,3536222,https://finance.vietstock.vn/VLP-ctcp-cong-trinh-cong-cong-vinh-long.htm,2017-07-17 17:00:00
1453,5777,5,UPCoM,Nguyên vật liệu,Nguyên vật liệu,Khai khoáng và luyện kim,VLS,CTCP Sản xuất Thép Việt Long,24500000,https://finance.vietstock.vn/VLS-ctcp-san-xuat-thep-viet-long.htm,2025-12-14 17:00:00
1454,4277,5,UPCoM,Tiện ích,Tiện ích,Nước,VLW,CTCP Cấp nước Vĩnh Long,28900000,https://finance.vietstock.vn/VLW-ctcp-cap-nuoc-vinh-long.htm,2017-07-16 17:00:00
1455,2479,5,UPCoM,Tiêu dùng không thiết yếu,Xe và linh kiện,Xe,VMA,CTCP Công nghiệp Ô tô - Vinacomin,2700000,https://finance.vietstock.vn/VMA-ctcp-cong-nghiep-o-to-vinacomin.htm,2015-08-27 17:00:00
1456,989,2,HNX,Công nghiệp,Hàng hóa công nghiệp,Kỹ thuật xây dựng,VMC,CTCP Vimeco,28747017,https://finance.vietstock.vn/VMC-ctcp-vimeco.htm,2006-12-10 17:00:00
1457,2235,1,HOSE,Chăm sóc sức khỏe,"Dược phẩm, công nghệ sinh học và khoa học sự sống",Dược phẩm,VMD,CTCP Y Dược phẩm Vimedimex,15440268,https://finance.vietstock.vn/VMD-ctcp-y-duoc-pham-vimedimex.htm,2010-09-29 17:00:00
1458,1830,5,UPCoM,Tiện ích,Tiện ích,Gas sinh hoạt,VMG,CTCP Thương mại và Dịch vụ Dầu khí Vũng Tàu,9600000,https://finance.vietstock.vn/VMG-ctcp-thuong-mai-va-dich-vu-dau-khi-vung-tau.htm,2017-10-10 17:00:00
1459,5600,5,UPCoM,Công nghiệp,Hàng hóa công nghiệp,Phân phối hàng công nghiệp,VMK,CTCP Vimarko,7909952,https://finance.vietstock.vn/VMK-ctcp-vimarko.htm,2024-01-11 17:00:00
1460,2265,2,HNX,Công nghiệp,Vận tải,Hạ tầng giao thông,VMS,CTCP Phát triển Hàng Hải,9000000,https://finance.vietstock.vn/VMS-ctcp-phat-trien-hang-hai.htm,2015-10-19 17:00:00
1461,4926,5,UPCoM,Công nghiệp,Vận tải,Vận tải biển,VMT,CTCP Giao nhận Vận tải miền Trung,6142500,https://finance.vietstock.vn/VMT-ctcp-giao-nhan-van-tai-mien-trung.htm,2023-01-05 17:00:00
1462,1291,5,UPCoM,Công nghiệp,Vận tải,Vận tải biển,VNA,CTCP Vận tải Biển Vinaship,33999960,https://finance.vietstock.vn/VNA-ctcp-van-tai-bien-vinaship.htm,2017-05-02 17:00:00
1463,4266,5,UPCoM,Dịch vụ truyền thông,Truyền thông và giải trí,Truyền thông,VNB,CTCP Sách Việt Nam,67909960,https://finance.vietstock.vn/VNB-ctcp-sach-viet-nam.htm,2016-07-14 17:00:00
1464,990,2,HNX,Công nghiệp,Dịch vụ thương mại và chuyên nghiệp,Dịch vụ chuyên nghiệp,VNC,CTCP Tập đoàn Vinacontrol,20999511,https://finance.vietstock.vn/VNC-ctcp-tap-doan-vinacontrol.htm,2006-12-20 17:00:00
1465,1377,1,HOSE,Tài chính,Dịch vụ tài chính,Thị trường vốn,VND,CTCP Chứng khoán VNDIRECT,1522299908,https://finance.vietstock.vn/VND-ctcp-chung-khoan-vndirect.htm,2017-08-17 17:00:00
1466,995,5,UPCoM,Công nghiệp,Hàng hóa công nghiệp,Kỹ thuật xây dựng,VNE,Tổng Công ty cổ phần Xây dựng Điện Việt Nam,90432953,https://finance.vietstock.vn/VNE-tong-cong-ty-co-phan-xay-dung-dien-viet-nam.htm,2026-07-12 17:00:00
1467,2337,2,HNX,Công nghiệp,Vận tải,Vận tải và logistics hàng không,VNF,CTCP Vinafreight,31715880,https://finance.vietstock.vn/VNF-ctcp-vinafreight.htm,2010-11-30 17:00:00
1468,1995,1,HOSE,Tiêu dùng không thiết yếu,Dịch vụ tiêu dùng,"Khách sạn, nhà hàng và giải trí",VNG,CTCP Du lịch Thành Thành Công,97276608,https://finance.vietstock.vn/VNG-ctcp-du-lich-thanh-thanh-cong.htm,2009-12-16 17:00:00
1469,2530,5,UPCoM,Tiêu dùng thiết yếu,"Thực phẩm, đồ uống và thuốc lá",Thực phẩm,VNH,CTCP Đầu tư Việt Việt Nhật,8023071,https://finance.vietstock.vn/VNH-ctcp-dau-tu-viet-viet-nhat.htm,2017-03-30 17:00:00
1470,1818,5,UPCoM,Bất động sản,Bất động sản,Quản lý và phát triển bất động sản,VNI,CTCP Đầu tư Bất động sản Việt Nam,10559996,https://finance.vietstock.vn/VNI-ctcp-dau-tu-bat-dong-san-viet-nam.htm,2009-09-08 17:00:00
1471,1673,1,HOSE,Công nghiệp,Vận tải,Vận tải và logistics hàng không,VNL,CTCP Logistics Vinalink,14140487,https://finance.vietstock.vn/VNL-ctcp-logistics-vinalink.htm,2009-08-16 17:00:00
1472,686,1,HOSE,Tiêu dùng thiết yếu,"Thực phẩm, đồ uống và thuốc lá",Thực phẩm,VNM,CTCP Sữa Việt Nam,2089955445,https://finance.vietstock.vn/VNM-ctcp-sua-viet-nam.htm,2006-01-18 17:00:00
1473,2512,5,UPCoM,Nguyên vật liệu,Nguyên vật liệu,Hóa chất,VNP,CTCP Nhựa Việt Nam,19428913,https://finance.vietstock.vn/VNP-ctcp-nhua-viet-nam.htm,2015-07-17 17:00:00
1474,992,2,HNX,Tài chính,Bảo hiểm,Bảo hiểm,VNR,Tổng Công ty cổ phần Tái Bảo hiểm Quốc gia Việt Nam,200630248,https://finance.vietstock.vn/VNR-tong-cong-ty-co-phan-tai-bao-hiem-quoc-gia-viet-nam.htm,2006-03-12 17:00:00
1475,1228,1,HOSE,Công nghiệp,Vận tải,Vận tải mặt đất,VNS,CTCP Ánh Dương Việt Nam,67859192,https://finance.vietstock.vn/VNS-ctcp-anh-duong-viet-nam.htm,2008-07-28 17:00:00
1476,1672,2,HNX,Công nghiệp,Vận tải,Vận tải biển,VNT,CTCP Giao nhận Vận tải Ngoại thương,16699497,https://finance.vietstock.vn/VNT-ctcp-giao-nhan-van-tai-ngoai-thuong.htm,2009-08-13 17:00:00
1477,2476,5,UPCoM,Dịch vụ truyền thông,Truyền thông và giải trí,Truyền thông,VNX,CTCP Quảng cáo và Hội chợ Thương mại,3227644,https://finance.vietstock.vn/VNX-ctcp-quang-cao-va-hoi-cho-thuong-mai.htm,2010-06-09 17:00:00
1478,2759,5,UPCoM,Chăm sóc sức khỏe,"Dược phẩm, công nghệ sinh học và khoa học sự sống",Dược phẩm,VNY,CTCP Thuốc thú y Trung ương I,16249969,https://finance.vietstock.vn/VNY-ctcp-thuoc-thu-y-trung-uong-i.htm,2018-08-02 17:00:00
1479,3095,5,UPCoM,Dịch vụ truyền thông,Truyền thông và giải trí,Giải trí,VNZ,CTCP Tập đoàn VNG ,29726465,https://finance.vietstock.vn/VNZ-ctcp-tap-doan-vng.htm,2023-01-04 17:00:00
1480,2402,1,HOSE,Công nghiệp,Vận tải,Vận tải biển,VOS,CTCP Vận tải Biển Việt Nam,140000000,https://finance.vietstock.vn/VOS-ctcp-van-tai-bien-viet-nam.htm,2010-09-07 17:00:00
1481,3171,5,UPCoM,Công nghiệp,Vận tải,Vận tải biển,VPA,CTCP Vận tải Hoá Dầu VP,15076177,https://finance.vietstock.vn/VPA-ctcp-van-tai-hoa-dau-vp.htm,2016-01-26 17:00:00
1482,1175,1,HOSE,Tài chính,Tổ chức tín dụng,Ngân hàng,VPB,Ngân hàng TMCP Việt Nam Thịnh Vượng,7933923601,https://finance.vietstock.vn/VPB-ngan-hang-tmcp-viet-nam-thinh-vuong.htm,2017-08-16 17:00:00
1483,1834,5,UPCoM,Tiêu dùng không thiết yếu,Dịch vụ tiêu dùng,Dịch vụ tiêu dùng khác,VPC,CTCP Đầu tư và Phát triển Năng lượng Việt Nam,5625000,https://finance.vietstock.vn/VPC-ctcp-dau-tu-va-phat-trien-nang-luong-viet-nam.htm,2015-05-28 17:00:00
1484,4297,1,HOSE,Tiện ích,Tiện ích,Phát điện độc lập và điện tái tạo,VPD,CTCP Phát triển Điện lực Việt Nam,106589629,https://finance.vietstock.vn/VPD-ctcp-phat-trien-dien-luc-viet-nam.htm,2018-01-21 17:00:00
1485,4644,1,HOSE,Nguyên vật liệu,Nguyên vật liệu,Khai khoáng và luyện kim,VPG,CTCP Đầu tư Thương mại Xuất nhập khẩu Việt Phát,88415751,https://finance.vietstock.vn/VPG-ctcp-dau-tu-thuong-mai-xuat-nhap-khau-viet-phat.htm,2018-01-17 17:00:00
1486,1819,1,HOSE,Bất động sản,Bất động sản,Quản lý và phát triển bất động sản,VPH,CTCP Vạn Phát Hưng,95357800,https://finance.vietstock.vn/VPH-ctcp-van-phat-hung.htm,2009-09-08 17:00:00
1487,4568,1,HOSE,Bất động sản,Bất động sản,Quản lý và phát triển bất động sản,VPI,CTCP Phát triển Bất động sản Văn Phú,320049577,https://finance.vietstock.vn/VPI-ctcp-phat-trien-bat-dong-san-van-phu.htm,2018-06-28 17:00:00
1488,1062,1,HOSE,Tiêu dùng không thiết yếu,Dịch vụ tiêu dùng,"Khách sạn, nhà hàng và giải trí",VPL,CTCP Vinpearl,1793300377,https://finance.vietstock.vn/VPL-ctcp-vinpearl.htm,2025-05-12 17:00:00
1489,4413,5,UPCoM,Bất động sản,Bất động sản,Quản lý và phát triển bất động sản,VPR,CTCP VinaPrint,10067078,https://finance.vietstock.vn/VPR-ctcp-vinaprint.htm,2016-12-19 17:00:00
1490,1726,1,HOSE,Nguyên vật liệu,Nguyên vật liệu,Hóa chất,VPS,CTCP Thuốc sát trùng Việt Nam ,24460792,https://finance.vietstock.vn/VPS-ctcp-thuoc-sat-trung-viet-nam.htm,2015-08-18 17:00:00
1491,4590,5,UPCoM,Tiện ích,Tiện ích,Nước,VPW,CTCP Cấp thoát nước Số 1 Vĩnh Phúc,11168676,https://finance.vietstock.vn/VPW-ctcp-cap-thoat-nuoc-so-1-vinh-phuc.htm,2017-11-12 17:00:00
1492,2955,1,HOSE,Tài chính,Dịch vụ tài chính,Thị trường vốn,VPX,CTCP Chứng khoán VPBank,1875000000,https://finance.vietstock.vn/VPX-ctcp-chung-khoan-vpbank.htm,2025-12-10 17:00:00
1493,2102,5,UPCoM,Công nghiệp,Dịch vụ thương mại và chuyên nghiệp,Dịch vụ chuyên nghiệp,VQC,CTCP Giám định - Vinacomin,3599580,https://finance.vietstock.vn/VQC-ctcp-giam-dinh-vinacomin.htm,2010-02-25 17:00:00
1494,2229,1,HOSE,Bất động sản,Bất động sản,Quản lý và phát triển bất động sản,VRC,CTCP Bất động sản và Đầu tư VRC,50000000,https://finance.vietstock.vn/VRC-ctcp-bat-dong-san-va-dau-tu-vrc.htm,2010-07-25 17:00:00
1495,4585,1,HOSE,Bất động sản,Bất động sản,Quản lý và phát triển bất động sản,VRE,CTCP Vincom Retail,2328818410,https://finance.vietstock.vn/VRE-ctcp-vincom-retail.htm,2017-11-05 17:00:00
1496,2503,5,UPCoM,Bất động sản,Bất động sản,Quản lý và phát triển bất động sản,VRG,CTCP Phát triển Đô thị và Khu công nghiệp Cao su Việt Nam,25894868,https://finance.vietstock.vn/VRG-ctcp-phat-trien-do-thi-va-khu-cong-nghiep-cao-su-viet-nam.htm,2014-11-09 17:00:00
1497,1410,2,HNX,Công nghiệp,Vận tải,Vận tải biển,VSA,CTCP Đại lý Hàng hải Việt Nam,14096486,https://finance.vietstock.vn/VSA-ctcp-dai-ly-hang-hai-viet-nam.htm,2015-12-21 17:00:00
1498,1039,1,HOSE,Công nghiệp,Vận tải,Hạ tầng giao thông,VSC,CTCP Container Việt Nam,374370362,https://finance.vietstock.vn/VSC-ctcp-container-viet-nam.htm,2008-01-08 17:00:00
1499,4709,5,UPCoM,Công nghiệp,Hàng hóa công nghiệp,Kỹ thuật xây dựng,VSE,CTCP Dịch vụ Đường cao tốc Việt Nam,8937250,https://finance.vietstock.vn/VSE-ctcp-dich-vu-duong-cao-toc-viet-nam.htm,2018-10-09 17:00:00
1500,4657,5,UPCoM,Tiêu dùng thiết yếu,"Thực phẩm, đồ uống và thuốc lá",Thực phẩm,VSF,Tổng Công ty Lương thực Miền Nam - CTCP,500000000,https://finance.vietstock.vn/VSF-tong-cong-ty-luong-thuc-mien-nam-ctcp.htm,2018-04-22 17:00:00
1501,1311,5,UPCoM,Công nghiệp,Vận tải,Vận tải biển,VSG,CTCP Container Phía Nam,11044000,https://finance.vietstock.vn/VSG-ctcp-container-phia-nam.htm,2013-06-18 17:00:00
1502,764,1,HOSE,Tiện ích,Tiện ích,Phát điện độc lập và điện tái tạo,VSH,CTCP Thủy điện Vĩnh Sơn - Sông Hinh,236241246,https://finance.vietstock.vn/VSH-ctcp-thuy-dien-vinh-son-song-hinh.htm,2006-07-17 17:00:00
1503,2698,1,HOSE,Công nghiệp,Hàng hóa công nghiệp,Kỹ thuật xây dựng,VSI,CTCP Đầu tư và Xây dựng Cấp thoát nước,13200000,https://finance.vietstock.vn/VSI-ctcp-dau-tu-va-xay-dung-cap-thoat-nuoc.htm,2010-12-23 17:00:00
1504,4483,2,HNX,Công nghiệp,Vận tải,Vận tải mặt đất,VSM,CTCP Container Miền Trung,5032475,https://finance.vietstock.vn/VSM-ctcp-container-mien-trung.htm,2017-07-16 17:00:00
1505,4248,5,UPCoM,Tiêu dùng thiết yếu,"Thực phẩm, đồ uống và thuốc lá",Thực phẩm,VSN,CTCP Việt Nam Kỹ nghệ Súc sản,80914300,https://finance.vietstock.vn/VSN-ctcp-viet-nam-ky-nghe-suc-san.htm,2016-10-20 17:00:00
1506,1493,5,UPCoM,Công nghiệp,Vận tải,Vận tải biển,VST,CTCP Vận tải và Thuê tàu biển Việt Nam,68999337,https://finance.vietstock.vn/VST-ctcp-van-tai-va-thue-tau-bien-viet-nam.htm,2009-02-25 17:00:00
1507,836,5,UPCoM,Nguyên vật liệu,Nguyên vật liệu,Vật liệu xây dựng,VTA,CTCP Vitaly,8000000,https://finance.vietstock.vn/VTA-ctcp-vitaly.htm,2011-10-30 17:00:00
1508,837,1,HOSE,Tiêu dùng không thiết yếu,Thời trang và hàng lâu bền,Hàng tiêu dùng lâu bền,VTB,CTCP Viettronics Tân Bình,11982050,https://finance.vietstock.vn/VTB-ctcp-viettronics-tan-binh.htm,2006-12-26 17:00:00
1509,69,2,HNX,Dịch vụ truyền thông,Dịch vụ viễn thông,Dịch vụ viễn thông đa dạng,VTC,CTCP Viễn thông VTC,4534696,https://finance.vietstock.vn/VTC-ctcp-vien-thong-vtc.htm,2003-02-11 17:00:00
1510,4765,5,UPCoM,Tiêu dùng không thiết yếu,Dịch vụ tiêu dùng,"Khách sạn, nhà hàng và giải trí",VTD,CTCP Vietourist Holdings,24000000,https://finance.vietstock.vn/VTD-ctcp-vietourist-holdings.htm,2019-11-05 17:00:00
1511,2424,5,UPCoM,Công nghệ thông tin,Phần cứng và thiết bị,Thiết bị viễn thông,VTE,CTCP VINACAP Kim Long,15600000,https://finance.vietstock.vn/VTE-ctcp-vinacap-kim-long.htm,2018-06-04 17:00:00
1512,2507,5,UPCoM,Tiêu dùng không thiết yếu,Dịch vụ tiêu dùng,"Khách sạn, nhà hàng và giải trí",VTG,CTCP Du lịch Tỉnh Bà Rịa - Vũng Tàu,18644500,https://finance.vietstock.vn/VTG-ctcp-du-lich-tinh-ba-ria-vung-tau.htm,2015-12-24 17:00:00
1513,1651,2,HNX,Công nghiệp,Hàng hóa công nghiệp,Thiết bị điện,VTH,CTCP Dây cáp Điện Việt Thái,10899989,https://finance.vietstock.vn/VTH-ctcp-day-cap-dien-viet-thai.htm,2014-10-28 17:00:00
1514,2079,5,UPCoM,Tiêu dùng không thiết yếu,Thời trang và hàng lâu bền,Thời trang và dệt may,VTI,CTCP Sản xuất - Xuất nhập khẩu Dệt may,3500000,https://finance.vietstock.vn/VTI-ctcp-san-xuat-xuat-nhap-khau-det-may.htm,2010-12-16 17:00:00
1515,1729,2,HNX,Tiêu dùng không thiết yếu,Thương mại hàng không thiết yếu,Nhà phân phối,VTJ,CTCP Thương mại và Đầu tư VI NA TA BA,11400000,https://finance.vietstock.vn/VTJ-ctcp-thuong-mai-va-dau-tu-vi-na-ta-ba.htm,2017-04-25 17:00:00
1516,2945,5,UPCoM,Dịch vụ truyền thông,Dịch vụ viễn thông,Dịch vụ viễn thông không dây,VTK,CTCP Tư Vấn Và Dịch Vụ Viettel,9383230,https://finance.vietstock.vn/VTK-ctcp-tu-van-va-dich-vu-viettel.htm,2018-12-17 17:00:00
1517,3222,5,UPCoM,Công nghiệp,Vận tải,Vận tải mặt đất,VTM,CTCP Vận tải và Đưa đón thợ mỏ - VINACOMIN,3279797,https://finance.vietstock.vn/VTM-ctcp-van-tai-va-dua-don-tho-mo-vinacomin.htm,2015-12-28 17:00:00
1518,952,1,HOSE,Năng lượng,Năng lượng,Dầu khí,VTO,CTCP Vận tải Xăng dầu Vitaco,79866666,https://finance.vietstock.vn/VTO-ctcp-van-tai-xang-dau-vitaco.htm,2007-10-08 17:00:00
1519,2511,1,HOSE,Công nghiệp,Vận tải,Vận tải và logistics hàng không,VTP,Tổng Công ty cổ phần Bưu chính Viettel,172029898,https://finance.vietstock.vn/VTP-tong-cong-ty-co-phan-buu-chinh-viettel.htm,2024-03-11 17:00:00
1520,4508,5,UPCoM,Nguyên vật liệu,Nguyên vật liệu,Hóa chất,VTQ,CTCP Việt Trung Quảng Bình,17081791,https://finance.vietstock.vn/VTQ-ctcp-viet-trung-quang-binh.htm,2021-05-16 17:00:00
1521,4224,5,UPCoM,Tiêu dùng không thiết yếu,Dịch vụ tiêu dùng,"Khách sạn, nhà hàng và giải trí",VTR,CTCP Du lịch Vietravel,66494410,https://finance.vietstock.vn/VTR-ctcp-du-lich-vietravel.htm,2019-09-26 17:00:00
1522,1109,5,UPCoM,Nguyên vật liệu,Nguyên vật liệu,Vật liệu xây dựng,VTS,CTCP Gạch ngói Từ Sơn,2000205,https://finance.vietstock.vn/VTS-ctcp-gach-ngoi-tu-son.htm,2021-04-15 17:00:00
1523,1113,2,HNX,Năng lượng,Năng lượng,Dầu khí,VTV,CTCP Năng lượng và Môi trường VICEM,31199825,https://finance.vietstock.vn/VTV-ctcp-nang-luong-va-moi-truong-vicem.htm,2006-12-17 17:00:00
1524,2826,5,UPCoM,Công nghiệp,Vận tải,Vận tải mặt đất,VTX,CTCP Vận tải Đa Phương Thức Vietranstimex,20972321,https://finance.vietstock.vn/VTX-ctcp-van-tai-da-phuong-thuc-vietranstimex.htm,2014-05-14 17:00:00
1525,4882,2,HNX,Nguyên vật liệu,Nguyên vật liệu,Hóa chất,VTZ,CTCP Sản xuất và Thương mại Nhựa Việt Thành,76159833,https://finance.vietstock.vn/VTZ-ctcp-san-xuat-va-thuong-mai-nhua-viet-thanh.htm,2021-11-24 17:00:00
1526,1375,5,UPCoM,Tài chính,Dịch vụ tài chính,Thị trường vốn,VUA,CTCP Chứng khoán Stanley Brothers,200000000,https://finance.vietstock.vn/VUA-ctcp-chung-khoan-stanley-brothers.htm,2022-01-24 17:00:00
1527,3679,5,UPCoM,Công nghiệp,Hàng hóa công nghiệp,Kỹ thuật xây dựng,VVN,Tổng Công ty cổ phần Xây dựng Công nghiệp Việt Nam,55000000,https://finance.vietstock.vn/VVN-tong-cong-ty-co-phan-xay-dung-cong-nghiep-viet-nam.htm,2017-10-16 17:00:00
1528,4917,1,HOSE,Tiêu dùng không thiết yếu,Thương mại hàng không thiết yếu,Bán lẻ chuyên doanh,VVS,CTCP Đầu tư phát triển máy Việt Nam,21525000,https://finance.vietstock.vn/VVS-ctcp-dau-tu-phat-trien-may-viet-nam.htm,2025-12-09 17:00:00
1529,1680,5,UPCoM,Công nghiệp,Hàng hóa công nghiệp,Kỹ thuật xây dựng,VW3,CTCP Viwaseen3,2000000,https://finance.vietstock.vn/VW3-ctcp-viwaseen3.htm,2020-04-22 17:00:00
1530,4434,5,UPCoM,Công nghiệp,Dịch vụ thương mại và chuyên nghiệp,Dịch vụ chuyên nghiệp,VWS,CTCP Nước và Môi Trường Việt Nam,3600000,https://finance.vietstock.vn/VWS-ctcp-nuoc-va-moi-truong-viet-nam.htm,2017-01-05 17:00:00
1531,1911,5,UPCoM,Công nghiệp,Hàng hóa công nghiệp,Kỹ thuật xây dựng,VXB,CTCP Vật liệu Xây dựng Bến Tre,4049006,https://finance.vietstock.vn/VXB-ctcp-vat-lieu-xay-dung-ben-tre.htm,2022-07-10 17:00:00
1532,4752,5,UPCoM,Chăm sóc sức khỏe,"Dược phẩm, công nghệ sinh học và khoa học sự sống",Dược phẩm,VXP,CTCP Thuốc Thú y Trung ương VETVACO,3600000,https://finance.vietstock.vn/VXP-ctcp-thuoc-thu-y-trung-uong-vetvaco.htm,2019-08-18 17:00:00
1533,2292,5,UPCoM,Tiêu dùng không thiết yếu,Thương mại hàng không thiết yếu,Nhà phân phối,VXT,CTCP Kho vận và Dịch vụ Thương mại,6011932,https://finance.vietstock.vn/VXT-ctcp-kho-van-va-dich-vu-thuong-mai.htm,2020-05-19 17:00:00
1534,2180,2,HNX,Công nghiệp,Vận tải,Vận tải mặt đất,WCS,CTCP Bến xe Miền Tây,3000000,https://finance.vietstock.vn/WCS-ctcp-ben-xe-mien-tay.htm,2010-09-16 17:00:00
1535,1506,5,UPCoM,Tiêu dùng thiết yếu,"Thực phẩm, đồ uống và thuốc lá",Đồ uống,WSB,CTCP Bia Sài Gòn - Miền Tây,14500000,https://finance.vietstock.vn/WSB-ctcp-bia-sai-gon-mien-tay.htm,2010-08-09 17:00:00
1536,1203,2,HNX,Tài chính,Dịch vụ tài chính,Thị trường vốn,WSS,CTCP Chứng khoán Phố Wall,50300000,https://finance.vietstock.vn/WSS-ctcp-chung-khoan-pho-wall.htm,2009-12-14 17:00:00
1537,2615,5,UPCoM,Công nghiệp,Vận tải,Vận tải biển,WTC,CTCP Vận tải Thủy - Vinacomin,17500000,https://finance.vietstock.vn/WTC-ctcp-van-tai-thuy-vinacomin.htm,2010-07-14 17:00:00
1538,4638,2,HNX,Tiêu dùng không thiết yếu,Thời trang và hàng lâu bền,Thời trang và dệt may,X20,CTCP X20,17250000,https://finance.vietstock.vn/X20-ctcp-x20.htm,2018-02-04 17:00:00
1539,4696,5,UPCoM,Tiêu dùng không thiết yếu,Thời trang và hàng lâu bền,Thời trang và dệt may,X26,CTCP 26,5000000,https://finance.vietstock.vn/X26-ctcp-26.htm,2018-07-08 17:00:00
1540,4456,5,UPCoM,Nguyên vật liệu,Nguyên vật liệu,Vật liệu xây dựng,X77,CTCP Thành An 77,1340877,https://finance.vietstock.vn/X77-ctcp-thanh-an-77.htm,2017-02-16 17:00:00
1541,2131,5,UPCoM,Bất động sản,Bất động sản,Quản lý và phát triển bất động sản,XDH,CTCP Đầu tư Xây dựng Dân dụng Hà Nội,27026907,https://finance.vietstock.vn/XDH-ctcp-dau-tu-xay-dung-dan-dung-ha-noi.htm,2018-10-21 17:00:00
1542,4085,5,UPCoM,Nguyên vật liệu,Nguyên vật liệu,Gỗ và giấy,XHC,CTCP Xuân Hòa Việt Nam,21096500,https://finance.vietstock.vn/XHC-ctcp-xuan-hoa-viet-nam.htm,2016-11-02 17:00:00
1543,3227,5,UPCoM,Công nghiệp,Hàng hóa công nghiệp,Kỹ thuật xây dựng,XLV,CTCP Xây Lắp và Dịch vụ Sông Đà,3000000,https://finance.vietstock.vn/XLV-ctcp-xay-lap-va-dich-vu-song-da.htm,2018-05-21 17:00:00
1544,1073,5,UPCoM,Công nghiệp,Hàng hóa công nghiệp,Kỹ thuật xây dựng,XMC,CTCP Đầu tư và Xây dựng Xuân Mai,71405689,https://finance.vietstock.vn/XMC-ctcp-dau-tu-va-xay-dung-xuan-mai.htm,2019-06-27 17:00:00
1545,2469,5,UPCoM,Nguyên vật liệu,Nguyên vật liệu,Vật liệu xây dựng,XMD,CTCP Xuân Mai - Đạo Tú,4000000,https://finance.vietstock.vn/XMD-ctcp-xuan-mai-dao-tu.htm,2015-12-24 17:00:00
1546,4876,5,UPCoM,Tiện ích,Tiện ích,Phát điện độc lập và điện tái tạo,XMP,CTCP Thủy điện Xuân Minh,15000000,https://finance.vietstock.vn/XMP-ctcp-thuy-dien-xuan-minh.htm,2021-08-15 17:00:00
1547,2298,5,UPCoM,Tiêu dùng thiết yếu,Sản phẩm chăm sóc cá nhân và gia đình,Sản phẩm chăm sóc gia đình,XPH,CTCP Xà phòng Hà Nội,12972475,https://finance.vietstock.vn/XPH-ctcp-xa-phong-ha-noi.htm,2014-11-24 17:00:00
1548,1138,5,UPCoM,Nguyên vật liệu,Nguyên vật liệu,Vật liệu xây dựng,YBC,CTCP Xi măng và Khoáng sản Yên Bái,11800000,https://finance.vietstock.vn/YBC-ctcp-xi-mang-va-khoang-san-yen-bai.htm,2014-06-24 17:00:00
1549,4687,1,HOSE,Nguyên vật liệu,Nguyên vật liệu,Vật liệu xây dựng,YBM,CTCP YBM,32174525,https://finance.vietstock.vn/YBM-ctcp-ybm.htm,2018-08-20 17:00:00
1550,4680,1,HOSE,Dịch vụ truyền thông,Truyền thông và giải trí,Truyền thông,YEG,CTCP Tập đoàn Yeah1,205226448,https://finance.vietstock.vn/YEG-ctcp-tap-doan-yeah1.htm,2018-06-25 17:00:00
1551,2008,5,UPCoM,Chăm sóc sức khỏe,Thiết bị và dịch vụ chăm sóc sức khỏe,Thương mại và dịch vụ chăm sóc sức khỏe,YTC,CTCP Xuất nhập khẩu Y tế Thành phố Hồ Chí Minh,9548000,https://finance.vietstock.vn/YTC-ctcp-xuat-nhap-khau-y-te-thanh-pho-ho-chi-minh.htm,2017-08-02 17:00:00
